DATAFLOW,LAST UPDATE,freq,age,unit,sex,geo,TIME_PERIOD,OBS_VALUE,OBS_FLAG,CONF_STATUS
ESTAT:UNE_RT_A(1.0),29/04/26 23:00:00,A,Y15-24,PC_ACT,F,FR,2003-01-01,22.7,,
ESTAT:UNE_RT_A(1.0),29/04/26 23:00:00,A,Y15-24,PC_ACT,M,FR,2003-01-01,17.9,,
ESTAT:UNE_RT_A(1.0),29/04/26 23:00:00,A,Y15-24,PC_ACT,T,FR,2003-01-01,20.1,,
ESTAT:UNE_RT_A(1.0),29/04/26 23:00:00,A,Y15-74,PC_ACT,F,FR,2003-01-01,9.3,,
ESTAT:UNE_RT_A(1.0),29/04/26 23:00:00,A,Y15-74,PC_ACT,M,FR,2003-01-01,7.8,,
ESTAT:UNE_RT_A(1.0),29/04/26 23:00:00,A,Y15-74,PC_ACT,T,FR,2003-01-01,8.5,,
ESTAT:UNE_RT_A(1.0),29/04/26 23:00:00,A,Y25-54,PC_ACT,F,FR,2003-01-01,8.2,,
ESTAT:UNE_RT_A(1.0),29/04/26 23:00:00,A,Y25-54,PC_ACT,M,FR,2003-01-01,6.8,,
ESTAT:UNE_RT_A(1.0),29/04/26 23:00:00,A,Y25-54,PC_ACT,T,FR,2003-01-01,7.5,,
ESTAT:UNE_RT_A(1.0),29/04/26 23:00:00,A,Y55-74,PC_ACT,F,FR,2003-01-01,4.4,,
ESTAT:UNE_RT_A(1.0),29/04/26 23:00:00,A,Y55-74,PC_ACT,M,FR,2003-01-01,4.4,,
ESTAT:UNE_RT_A(1.0),29/04/26 23:00:00,A,Y55-74,PC_ACT,T,FR,2003-01-01,4.4,,
ESTAT:UNE_RT_A(1.0),29/04/26 23:00:00,A,Y15-24,PC_ACT,F,FR,2004-01-01,24.7,,
ESTAT:UNE_RT_A(1.0),29/04/26 23:00:00,A,Y15-24,PC_ACT,M,FR,2004-01-01,19.3,,
ESTAT:UNE_RT_A(1.0),29/04/26 23:00:00,A,Y15-24,PC_ACT,T,FR,2004-01-01,21.7,,
ESTAT:UNE_RT_A(1.0),29/04/26 23:00:00,A,Y15-74,PC_ACT,F,FR,2004-01-01,9.7,,
ESTAT:UNE_RT_A(1.0),29/04/26 23:00:00,A,Y15-74,PC_ACT,M,FR,2004-01-01,8.2,,
ESTAT:UNE_RT_A(1.0),29/04/26 23:00:00,A,Y15-74,PC_ACT,T,FR,2004-01-01,8.9,,
ESTAT:UNE_RT_A(1.0),29/04/26 23:00:00,A,Y25-54,PC_ACT,F,FR,2004-01-01,8.3,,
ESTAT:UNE_RT_A(1.0),29/04/26 23:00:00,A,Y25-54,PC_ACT,M,FR,2004-01-01,7.0,,
ESTAT:UNE_RT_A(1.0),29/04/26 23:00:00,A,Y25-54,PC_ACT,T,FR,2004-01-01,7.7,,
ESTAT:UNE_RT_A(1.0),29/04/26 23:00:00,A,Y55-74,PC_ACT,F,FR,2004-01-01,5.1,,
ESTAT:UNE_RT_A(1.0),29/04/26 23:00:00,A,Y55-74,PC_ACT,M,FR,2004-01-01,4.7,,
ESTAT:UNE_RT_A(1.0),29/04/26 23:00:00,A,Y55-74,PC_ACT,T,FR,2004-01-01,4.9,,
ESTAT:UNE_RT_A(1.0),29/04/26 23:00:00,A,Y15-24,PC_ACT,F,FR,2005-01-01,25.7,,
ESTAT:UNE_RT_A(1.0),29/04/26 23:00:00,A,Y15-24,PC_ACT,F,SE,2005-01-01,22.0,,
ESTAT:UNE_RT_A(1.0),29/04/26 23:00:00,A,Y15-24,PC_ACT,M,FR,2005-01-01,19.5,,
ESTAT:UNE_RT_A(1.0),29/04/26 23:00:00,A,Y15-24,PC_ACT,M,SE,2005-01-01,22.3,,
ESTAT:UNE_RT_A(1.0),29/04/26 23:00:00,A,Y15-24,PC_ACT,T,FR,2005-01-01,22.3,,
ESTAT:UNE_RT_A(1.0),29/04/26 23:00:00,A,Y15-24,PC_ACT,T,SE,2005-01-01,22.2,,
ESTAT:UNE_RT_A(1.0),29/04/26 23:00:00,A,Y15-74,PC_ACT,F,FR,2005-01-01,9.6,,
ESTAT:UNE_RT_A(1.0),29/04/26 23:00:00,A,Y15-74,PC_ACT,F,SE,2005-01-01,7.9,,
ESTAT:UNE_RT_A(1.0),29/04/26 23:00:00,A,Y15-74,PC_ACT,M,FR,2005-01-01,8.2,,
ESTAT:UNE_RT_A(1.0),29/04/26 23:00:00,A,Y15-74,PC_ACT,M,SE,2005-01-01,7.9,,
ESTAT:UNE_RT_A(1.0),29/04/26 23:00:00,A,Y15-74,PC_ACT,T,FR,2005-01-01,8.9,,
ESTAT:UNE_RT_A(1.0),29/04/26 23:00:00,A,Y15-74,PC_ACT,T,SE,2005-01-01,7.9,,
ESTAT:UNE_RT_A(1.0),29/04/26 23:00:00,A,Y25-54,PC_ACT,F,FR,2005-01-01,8.3,,
ESTAT:UNE_RT_A(1.0),29/04/26 23:00:00,A,Y25-54,PC_ACT,F,SE,2005-01-01,6.6,,
ESTAT:UNE_RT_A(1.0),29/04/26 23:00:00,A,Y25-54,PC_ACT,M,FR,2005-01-01,7.1,,
ESTAT:UNE_RT_A(1.0),29/04/26 23:00:00,A,Y25-54,PC_ACT,M,SE,2005-01-01,6.4,,
ESTAT:UNE_RT_A(1.0),29/04/26 23:00:00,A,Y25-54,PC_ACT,T,FR,2005-01-01,7.7,,
ESTAT:UNE_RT_A(1.0),29/04/26 23:00:00,A,Y25-54,PC_ACT,T,SE,2005-01-01,6.5,,
ESTAT:UNE_RT_A(1.0),29/04/26 23:00:00,A,Y55-74,PC_ACT,F,FR,2005-01-01,4.3,,
ESTAT:UNE_RT_A(1.0),29/04/26 23:00:00,A,Y55-74,PC_ACT,F,SE,2005-01-01,3.4,,
ESTAT:UNE_RT_A(1.0),29/04/26 23:00:00,A,Y55-74,PC_ACT,M,FR,2005-01-01,4.7,,
ESTAT:UNE_RT_A(1.0),29/04/26 23:00:00,A,Y55-74,PC_ACT,M,SE,2005-01-01,5.0,,
ESTAT:UNE_RT_A(1.0),29/04/26 23:00:00,A,Y55-74,PC_ACT,T,FR,2005-01-01,4.5,,
ESTAT:UNE_RT_A(1.0),29/04/26 23:00:00,A,Y55-74,PC_ACT,T,SE,2005-01-01,4.3,,
ESTAT:UNE_RT_A(1.0),29/04/26 23:00:00,A,Y15-24,PC_ACT,F,FR,2006-01-01,27.2,,
ESTAT:UNE_RT_A(1.0),29/04/26 23:00:00,A,Y15-24,PC_ACT,F,SE,2006-01-01,21.5,,
ESTAT:UNE_RT_A(1.0),29/04/26 23:00:00,A,Y15-24,PC_ACT,M,FR,2006-01-01,20.4,,
ESTAT:UNE_RT_A(1.0),29/04/26 23:00:00,A,Y15-24,PC_ACT,M,SE,2006-01-01,20.2,,
ESTAT:UNE_RT_A(1.0),29/04/26 23:00:00,A,Y15-24,PC_ACT,T,FR,2006-01-01,23.5,,
ESTAT:UNE_RT_A(1.0),29/04/26 23:00:00,A,Y15-24,PC_ACT,T,SE,2006-01-01,20.9,,
ESTAT:UNE_RT_A(1.0),29/04/26 23:00:00,A,Y15-74,PC_ACT,F,FR,2006-01-01,9.5,,
ESTAT:UNE_RT_A(1.0),29/04/26 23:00:00,A,Y15-74,PC_ACT,F,SE,2006-01-01,7.4,,
ESTAT:UNE_RT_A(1.0),29/04/26 23:00:00,A,Y15-74,PC_ACT,M,FR,2006-01-01,8.3,,
ESTAT:UNE_RT_A(1.0),29/04/26 23:00:00,A,Y15-74,PC_ACT,M,SE,2006-01-01,7.0,,
ESTAT:UNE_RT_A(1.0),29/04/26 23:00:00,A,Y15-74,PC_ACT,T,FR,2006-01-01,8.9,,
ESTAT:UNE_RT_A(1.0),29/04/26 23:00:00,A,Y15-74,PC_ACT,T,SE,2006-01-01,7.2,,
ESTAT:UNE_RT_A(1.0),29/04/26 23:00:00,A,Y25-54,PC_ACT,F,FR,2006-01-01,7.9,,
ESTAT:UNE_RT_A(1.0),29/04/26 23:00:00,A,Y25-54,PC_ACT,F,SE,2006-01-01,5.8,,
ESTAT:UNE_RT_A(1.0),29/04/26 23:00:00,A,Y25-54,PC_ACT,M,FR,2006-01-01,6.9,,
ESTAT:UNE_RT_A(1.0),29/04/26 23:00:00,A,Y25-54,PC_ACT,M,SE,2006-01-01,5.4,,
ESTAT:UNE_RT_A(1.0),29/04/26 23:00:00,A,Y25-54,PC_ACT,T,FR,2006-01-01,7.4,,
ESTAT:UNE_RT_A(1.0),29/04/26 23:00:00,A,Y25-54,PC_ACT,T,SE,2006-01-01,5.6,,
ESTAT:UNE_RT_A(1.0),29/04/26 23:00:00,A,Y55-74,PC_ACT,F,FR,2006-01-01,4.7,,
ESTAT:UNE_RT_A(1.0),29/04/26 23:00:00,A,Y55-74,PC_ACT,F,SE,2006-01-01,3.8,,
ESTAT:UNE_RT_A(1.0),29/04/26 23:00:00,A,Y55-74,PC_ACT,M,FR,2006-01-01,5.2,,
ESTAT:UNE_RT_A(1.0),29/04/26 23:00:00,A,Y55-74,PC_ACT,M,SE,2006-01-01,4.6,,
ESTAT:UNE_RT_A(1.0),29/04/26 23:00:00,A,Y55-74,PC_ACT,T,FR,2006-01-01,5.0,,
ESTAT:UNE_RT_A(1.0),29/04/26 23:00:00,A,Y55-74,PC_ACT,T,SE,2006-01-01,4.3,,
ESTAT:UNE_RT_A(1.0),29/04/26 23:00:00,A,Y15-24,PC_ACT,F,FR,2007-01-01,23.8,,
ESTAT:UNE_RT_A(1.0),29/04/26 23:00:00,A,Y15-24,PC_ACT,F,SE,2007-01-01,19.3,,
ESTAT:UNE_RT_A(1.0),29/04/26 23:00:00,A,Y15-24,PC_ACT,M,FR,2007-01-01,18.4,,
ESTAT:UNE_RT_A(1.0),29/04/26 23:00:00,A,Y15-24,PC_ACT,M,SE,2007-01-01,17.9,,
ESTAT:UNE_RT_A(1.0),29/04/26 23:00:00,A,Y15-24,PC_ACT,T,FR,2007-01-01,20.8,,
ESTAT:UNE_RT_A(1.0),29/04/26 23:00:00,A,Y15-24,PC_ACT,T,SE,2007-01-01,18.6,,
ESTAT:UNE_RT_A(1.0),29/04/26 23:00:00,A,Y15-74,PC_ACT,F,FR,2007-01-01,8.4,,
ESTAT:UNE_RT_A(1.0),29/04/26 23:00:00,A,Y15-74,PC_ACT,F,SE,2007-01-01,6.6,,
ESTAT:UNE_RT_A(1.0),29/04/26 23:00:00,A,Y15-74,PC_ACT,M,FR,2007-01-01,7.6,,
ESTAT:UNE_RT_A(1.0),29/04/26 23:00:00,A,Y15-74,PC_ACT,M,SE,2007-01-01,5.9,,
ESTAT:UNE_RT_A(1.0),29/04/26 23:00:00,A,Y15-74,PC_ACT,T,FR,2007-01-01,8.0,,
ESTAT:UNE_RT_A(1.0),29/04/26 23:00:00,A,Y15-74,PC_ACT,T,SE,2007-01-01,6.3,,
ESTAT:UNE_RT_A(1.0),29/04/26 23:00:00,A,Y25-54,PC_ACT,F,FR,2007-01-01,7.1,,
ESTAT:UNE_RT_A(1.0),29/04/26 23:00:00,A,Y25-54,PC_ACT,F,SE,2007-01-01,5.0,,
ESTAT:UNE_RT_A(1.0),29/04/26 23:00:00,A,Y25-54,PC_ACT,M,FR,2007-01-01,6.5,,
ESTAT:UNE_RT_A(1.0),29/04/26 23:00:00,A,Y25-54,PC_ACT,M,SE,2007-01-01,4.3,,
ESTAT:UNE_RT_A(1.0),29/04/26 23:00:00,A,Y25-54,PC_ACT,T,FR,2007-01-01,6.8,,
ESTAT:UNE_RT_A(1.0),29/04/26 23:00:00,A,Y25-54,PC_ACT,T,SE,2007-01-01,4.7,,
ESTAT:UNE_RT_A(1.0),29/04/26 23:00:00,A,Y55-74,PC_ACT,F,FR,2007-01-01,4.1,,
ESTAT:UNE_RT_A(1.0),29/04/26 23:00:00,A,Y55-74,PC_ACT,F,SE,2007-01-01,3.5,,
ESTAT:UNE_RT_A(1.0),29/04/26 23:00:00,A,Y55-74,PC_ACT,M,FR,2007-01-01,4.7,,
ESTAT:UNE_RT_A(1.0),29/04/26 23:00:00,A,Y55-74,PC_ACT,M,SE,2007-01-01,4.1,,
ESTAT:UNE_RT_A(1.0),29/04/26 23:00:00,A,Y55-74,PC_ACT,T,FR,2007-01-01,4.4,,
ESTAT:UNE_RT_A(1.0),29/04/26 23:00:00,A,Y55-74,PC_ACT,T,SE,2007-01-01,3.8,,
ESTAT:UNE_RT_A(1.0),29/04/26 23:00:00,A,Y15-24,PC_ACT,F,FR,2008-01-01,22.3,,
ESTAT:UNE_RT_A(1.0),29/04/26 23:00:00,A,Y15-24,PC_ACT,F,SE,2008-01-01,20.3,,
ESTAT:UNE_RT_A(1.0),29/04/26 23:00:00,A,Y15-24,PC_ACT,M,FR,2008-01-01,18.5,,
ESTAT:UNE_RT_A(1.0),29/04/26 23:00:00,A,Y15-24,PC_ACT,M,SE,2008-01-01,18.8,,
ESTAT:UNE_RT_A(1.0),29/04/26 23:00:00,A,Y15-24,PC_ACT,T,FR,2008-01-01,20.2,,
ESTAT:UNE_RT_A(1.0),29/04/26 23:00:00,A,Y15-24,PC_ACT,T,SE,2008-01-01,19.6,,
ESTAT:UNE_RT_A(1.0),29/04/26 23:00:00,A,Y15-74,PC_ACT,F,FR,2008-01-01,7.8,,
ESTAT:UNE_RT_A(1.0),29/04/26 23:00:00,A,Y15-74,PC_ACT,F,SE,2008-01-01,6.7,,
ESTAT:UNE_RT_A(1.0),29/04/26 23:00:00,A,Y15-74,PC_ACT,M,FR,2008-01-01,7.1,,
ESTAT:UNE_RT_A(1.0),29/04/26 23:00:00,A,Y15-74,PC_ACT,M,SE,2008-01-01,6.0,,
ESTAT:UNE_RT_A(1.0),29/04/26 23:00:00,A,Y15-74,PC_ACT,T,FR,2008-01-01,7.4,,
ESTAT:UNE_RT_A(1.0),29/04/26 23:00:00,A,Y15-74,PC_ACT,T,SE,2008-01-01,6.3,,
ESTAT:UNE_RT_A(1.0),29/04/26 23:00:00,A,Y25-54,PC_ACT,F,FR,2008-01-01,6.6,,
ESTAT:UNE_RT_A(1.0),29/04/26 23:00:00,A,Y25-54,PC_ACT,F,SE,2008-01-01,4.9,,
ESTAT:UNE_RT_A(1.0),29/04/26 23:00:00,A,Y25-54,PC_ACT,M,FR,2008-01-01,5.9,,
ESTAT:UNE_RT_A(1.0),29/04/26 23:00:00,A,Y25-54,PC_ACT,M,SE,2008-01-01,4.2,,
ESTAT:UNE_RT_A(1.0),29/04/26 23:00:00,A,Y25-54,PC_ACT,T,FR,2008-01-01,6.2,,
ESTAT:UNE_RT_A(1.0),29/04/26 23:00:00,A,Y25-54,PC_ACT,T,SE,2008-01-01,4.5,,
ESTAT:UNE_RT_A(1.0),29/04/26 23:00:00,A,Y55-74,PC_ACT,F,FR,2008-01-01,3.7,,
ESTAT:UNE_RT_A(1.0),29/04/26 23:00:00,A,Y55-74,PC_ACT,F,SE,2008-01-01,3.4,,
ESTAT:UNE_RT_A(1.0),29/04/26 23:00:00,A,Y55-74,PC_ACT,M,FR,2008-01-01,4.5,,
ESTAT:UNE_RT_A(1.0),29/04/26 23:00:00,A,Y55-74,PC_ACT,M,SE,2008-01-01,3.8,,
ESTAT:UNE_RT_A(1.0),29/04/26 23:00:00,A,Y55-74,PC_ACT,T,FR,2008-01-01,4.1,,
ESTAT:UNE_RT_A(1.0),29/04/26 23:00:00,A,Y55-74,PC_ACT,T,SE,2008-01-01,3.6,,
ESTAT:UNE_RT_A(1.0),29/04/26 23:00:00,A,Y15-24,PC_ACT,F,AT,2009-01-01,10.5,,
ESTAT:UNE_RT_A(1.0),29/04/26 23:00:00,A,Y15-24,PC_ACT,F,BE,2009-01-01,22.6,,
ESTAT:UNE_RT_A(1.0),29/04/26 23:00:00,A,Y15-24,PC_ACT,F,BG,2009-01-01,17.8,,
ESTAT:UNE_RT_A(1.0),29/04/26 23:00:00,A,Y15-24,PC_ACT,F,CY,2009-01-01,14.0,,
ESTAT:UNE_RT_A(1.0),29/04/26 23:00:00,A,Y15-24,PC_ACT,F,CZ,2009-01-01,16.7,,
ESTAT:UNE_RT_A(1.0),29/04/26 23:00:00,A,Y15-24,PC_ACT,F,DE,2009-01-01,10.5,,
ESTAT:UNE_RT_A(1.0),29/04/26 23:00:00,A,Y15-24,PC_ACT,F,DK,2009-01-01,11.6,,
ESTAT:UNE_RT_A(1.0),29/04/26 23:00:00,A,Y15-24,PC_ACT,F,EA20,2009-01-01,20.6,,
ESTAT:UNE_RT_A(1.0),29/04/26 23:00:00,A,Y15-24,PC_ACT,F,EA21,2009-01-01,20.5,,
ESTAT:UNE_RT_A(1.0),29/04/26 23:00:00,A,Y15-24,PC_ACT,F,EE,2009-01-01,21.5,,
ESTAT:UNE_RT_A(1.0),29/04/26 23:00:00,A,Y15-24,PC_ACT,F,EL,2009-01-01,33.6,,
ESTAT:UNE_RT_A(1.0),29/04/26 23:00:00,A,Y15-24,PC_ACT,F,ES,2009-01-01,36.1,,
ESTAT:UNE_RT_A(1.0),29/04/26 23:00:00,A,Y15-24,PC_ACT,F,EU27_2020,2009-01-01,20.6,,
ESTAT:UNE_RT_A(1.0),29/04/26 23:00:00,A,Y15-24,PC_ACT,F,FI,2009-01-01,18.6,,
ESTAT:UNE_RT_A(1.0),29/04/26 23:00:00,A,Y15-24,PC_ACT,F,FR,2009-01-01,26.5,,
ESTAT:UNE_RT_A(1.0),29/04/26 23:00:00,A,Y15-24,PC_ACT,F,HR,2009-01-01,27.6,,
ESTAT:UNE_RT_A(1.0),29/04/26 23:00:00,A,Y15-24,PC_ACT,F,HU,2009-01-01,23.3,,
ESTAT:UNE_RT_A(1.0),29/04/26 23:00:00,A,Y15-24,PC_ACT,F,IE,2009-01-01,16.8,,
ESTAT:UNE_RT_A(1.0),29/04/26 23:00:00,A,Y15-24,PC_ACT,F,IS,2009-01-01,12.0,,
ESTAT:UNE_RT_A(1.0),29/04/26 23:00:00,A,Y15-24,PC_ACT,F,IT,2009-01-01,28.6,,
ESTAT:UNE_RT_A(1.0),29/04/26 23:00:00,A,Y15-24,PC_ACT,F,LT,2009-01-01,22.4,,
ESTAT:UNE_RT_A(1.0),29/04/26 23:00:00,A,Y15-24,PC_ACT,F,LU,2009-01-01,17.8,,
ESTAT:UNE_RT_A(1.0),29/04/26 23:00:00,A,Y15-24,PC_ACT,F,LV,2009-01-01,29.2,,
ESTAT:UNE_RT_A(1.0),29/04/26 23:00:00,A,Y15-24,PC_ACT,F,MK,2009-01-01,59.4,,
ESTAT:UNE_RT_A(1.0),29/04/26 23:00:00,A,Y15-24,PC_ACT,F,MT,2009-01-01,12.5,,
ESTAT:UNE_RT_A(1.0),29/04/26 23:00:00,A,Y15-24,PC_ACT,F,NL,2009-01-01,9.7,,
ESTAT:UNE_RT_A(1.0),29/04/26 23:00:00,A,Y15-24,PC_ACT,F,NO,2009-01-01,10.1,,
ESTAT:UNE_RT_A(1.0),29/04/26 23:00:00,A,Y15-24,PC_ACT,F,PL,2009-01-01,21.3,,
ESTAT:UNE_RT_A(1.0),29/04/26 23:00:00,A,Y15-24,PC_ACT,F,PT,2009-01-01,26.2,,
ESTAT:UNE_RT_A(1.0),29/04/26 23:00:00,A,Y15-24,PC_ACT,F,RO,2009-01-01,24.2,,
ESTAT:UNE_RT_A(1.0),29/04/26 23:00:00,A,Y15-24,PC_ACT,F,SE,2009-01-01,23.3,,
ESTAT:UNE_RT_A(1.0),29/04/26 23:00:00,A,Y15-24,PC_ACT,F,SI,2009-01-01,13.5,,
ESTAT:UNE_RT_A(1.0),29/04/26 23:00:00,A,Y15-24,PC_ACT,F,SK,2009-01-01,29.1,,
ESTAT:UNE_RT_A(1.0),29/04/26 23:00:00,A,Y15-24,PC_ACT,F,TR,2009-01-01,22.5,,
ESTAT:UNE_RT_A(1.0),29/04/26 23:00:00,A,Y15-24,PC_ACT,M,AT,2009-01-01,12.1,,
ESTAT:UNE_RT_A(1.0),29/04/26 23:00:00,A,Y15-24,PC_ACT,M,BE,2009-01-01,21.6,,
ESTAT:UNE_RT_A(1.0),29/04/26 23:00:00,A,Y15-24,PC_ACT,M,BG,2009-01-01,20.3,,
ESTAT:UNE_RT_A(1.0),29/04/26 23:00:00,A,Y15-24,PC_ACT,M,CY,2009-01-01,13.6,,
ESTAT:UNE_RT_A(1.0),29/04/26 23:00:00,A,Y15-24,PC_ACT,M,CZ,2009-01-01,16.6,,
ESTAT:UNE_RT_A(1.0),29/04/26 23:00:00,A,Y15-24,PC_ACT,M,DE,2009-01-01,13.2,,
ESTAT:UNE_RT_A(1.0),29/04/26 23:00:00,A,Y15-24,PC_ACT,M,DK,2009-01-01,15.3,,
ESTAT:UNE_RT_A(1.0),29/04/26 23:00:00,A,Y15-24,PC_ACT,M,EA20,2009-01-01,21.8,,
ESTAT:UNE_RT_A(1.0),29/04/26 23:00:00,A,Y15-24,PC_ACT,M,EA21,2009-01-01,21.8,,
ESTAT:UNE_RT_A(1.0),29/04/26 23:00:00,A,Y15-24,PC_ACT,M,EE,2009-01-01,31.6,,
ESTAT:UNE_RT_A(1.0),29/04/26 23:00:00,A,Y15-24,PC_ACT,M,EL,2009-01-01,20.1,,
ESTAT:UNE_RT_A(1.0),29/04/26 23:00:00,A,Y15-24,PC_ACT,M,ES,2009-01-01,39.1,,
ESTAT:UNE_RT_A(1.0),29/04/26 23:00:00,A,Y15-24,PC_ACT,M,EU27_2020,2009-01-01,21.8,,
ESTAT:UNE_RT_A(1.0),29/04/26 23:00:00,A,Y15-24,PC_ACT,M,FI,2009-01-01,24.8,,
ESTAT:UNE_RT_A(1.0),29/04/26 23:00:00,A,Y15-24,PC_ACT,M,FR,2009-01-01,23.8,,
ESTAT:UNE_RT_A(1.0),29/04/26 23:00:00,A,Y15-24,PC_ACT,M,HR,2009-01-01,23.0,,
ESTAT:UNE_RT_A(1.0),29/04/26 23:00:00,A,Y15-24,PC_ACT,M,HU,2009-01-01,27.8,,
ESTAT:UNE_RT_A(1.0),29/04/26 23:00:00,A,Y15-24,PC_ACT,M,IE,2009-01-01,31.5,,
ESTAT:UNE_RT_A(1.0),29/04/26 23:00:00,A,Y15-24,PC_ACT,M,IS,2009-01-01,19.7,,
ESTAT:UNE_RT_A(1.0),29/04/26 23:00:00,A,Y15-24,PC_ACT,M,IT,2009-01-01,23.3,,
ESTAT:UNE_RT_A(1.0),29/04/26 23:00:00,A,Y15-24,PC_ACT,M,LT,2009-01-01,35.1,,
ESTAT:UNE_RT_A(1.0),29/04/26 23:00:00,A,Y15-24,PC_ACT,M,LU,2009-01-01,16.7,,
ESTAT:UNE_RT_A(1.0),29/04/26 23:00:00,A,Y15-24,PC_ACT,M,LV,2009-01-01,36.4,,
ESTAT:UNE_RT_A(1.0),29/04/26 23:00:00,A,Y15-24,PC_ACT,M,MK,2009-01-01,52.7,,
ESTAT:UNE_RT_A(1.0),29/04/26 23:00:00,A,Y15-24,PC_ACT,M,MT,2009-01-01,16.2,,
ESTAT:UNE_RT_A(1.0),29/04/26 23:00:00,A,Y15-24,PC_ACT,M,NL,2009-01-01,13.5,,
ESTAT:UNE_RT_A(1.0),29/04/26 23:00:00,A,Y15-24,PC_ACT,M,NO,2009-01-01,11.9,,
ESTAT:UNE_RT_A(1.0),29/04/26 23:00:00,A,Y15-24,PC_ACT,M,PL,2009-01-01,20.7,,
ESTAT:UNE_RT_A(1.0),29/04/26 23:00:00,A,Y15-24,PC_ACT,M,PT,2009-01-01,24.5,,
ESTAT:UNE_RT_A(1.0),29/04/26 23:00:00,A,Y15-24,PC_ACT,M,RO,2009-01-01,25.1,,
ESTAT:UNE_RT_A(1.0),29/04/26 23:00:00,A,Y15-24,PC_ACT,M,SE,2009-01-01,25.4,,
ESTAT:UNE_RT_A(1.0),29/04/26 23:00:00,A,Y15-24,PC_ACT,M,SI,2009-01-01,14.0,,
ESTAT:UNE_RT_A(1.0),29/04/26 23:00:00,A,Y15-24,PC_ACT,M,SK,2009-01-01,28.1,,
ESTAT:UNE_RT_A(1.0),29/04/26 23:00:00,A,Y15-24,PC_ACT,M,TR,2009-01-01,22.9,,
ESTAT:UNE_RT_A(1.0),29/04/26 23:00:00,A,Y15-24,PC_ACT,T,AT,2009-01-01,11.3,,
ESTAT:UNE_RT_A(1.0),29/04/26 23:00:00,A,Y15-24,PC_ACT,T,BE,2009-01-01,22.0,,
ESTAT:UNE_RT_A(1.0),29/04/26 23:00:00,A,Y15-24,PC_ACT,T,BG,2009-01-01,19.4,,
ESTAT:UNE_RT_A(1.0),29/04/26 23:00:00,A,Y15-24,PC_ACT,T,CY,2009-01-01,13.8,,
ESTAT:UNE_RT_A(1.0),29/04/26 23:00:00,A,Y15-24,PC_ACT,T,CZ,2009-01-01,16.6,,
ESTAT:UNE_RT_A(1.0),29/04/26 23:00:00,A,Y15-24,PC_ACT,T,DE,2009-01-01,11.9,,
ESTAT:UNE_RT_A(1.0),29/04/26 23:00:00,A,Y15-24,PC_ACT,T,DK,2009-01-01,13.5,,
ESTAT:UNE_RT_A(1.0),29/04/26 23:00:00,A,Y15-24,PC_ACT,T,EA20,2009-01-01,21.3,,
ESTAT:UNE_RT_A(1.0),29/04/26 23:00:00,A,Y15-24,PC_ACT,T,EA21,2009-01-01,21.2,,
ESTAT:UNE_RT_A(1.0),29/04/26 23:00:00,A,Y15-24,PC_ACT,T,EE,2009-01-01,27.2,,
ESTAT:UNE_RT_A(1.0),29/04/26 23:00:00,A,Y15-24,PC_ACT,T,EL,2009-01-01,26.1,,
ESTAT:UNE_RT_A(1.0),29/04/26 23:00:00,A,Y15-24,PC_ACT,T,ES,2009-01-01,37.7,,
ESTAT:UNE_RT_A(1.0),29/04/26 23:00:00,A,Y15-24,PC_ACT,T,EU27_2020,2009-01-01,21.2,,
ESTAT:UNE_RT_A(1.0),29/04/26 23:00:00,A,Y15-24,PC_ACT,T,FI,2009-01-01,21.7,,
ESTAT:UNE_RT_A(1.0),29/04/26 23:00:00,A,Y15-24,PC_ACT,T,FR,2009-01-01,25.0,,
ESTAT:UNE_RT_A(1.0),29/04/26 23:00:00,A,Y15-24,PC_ACT,T,HR,2009-01-01,24.8,,
ESTAT:UNE_RT_A(1.0),29/04/26 23:00:00,A,Y15-24,PC_ACT,T,HU,2009-01-01,25.8,,
ESTAT:UNE_RT_A(1.0),29/04/26 23:00:00,A,Y15-24,PC_ACT,T,IE,2009-01-01,24.5,,
ESTAT:UNE_RT_A(1.0),29/04/26 23:00:00,A,Y15-24,PC_ACT,T,IS,2009-01-01,15.9,,
ESTAT:UNE_RT_A(1.0),29/04/26 23:00:00,A,Y15-24,PC_ACT,T,IT,2009-01-01,25.4,,
ESTAT:UNE_RT_A(1.0),29/04/26 23:00:00,A,Y15-24,PC_ACT,T,LT,2009-01-01,29.6,,
ESTAT:UNE_RT_A(1.0),29/04/26 23:00:00,A,Y15-24,PC_ACT,T,LU,2009-01-01,17.2,,
ESTAT:UNE_RT_A(1.0),29/04/26 23:00:00,A,Y15-24,PC_ACT,T,LV,2009-01-01,33.4,,
ESTAT:UNE_RT_A(1.0),29/04/26 23:00:00,A,Y15-24,PC_ACT,T,MK,2009-01-01,55.1,,
ESTAT:UNE_RT_A(1.0),29/04/26 23:00:00,A,Y15-24,PC_ACT,T,MT,2009-01-01,14.5,,
ESTAT:UNE_RT_A(1.0),29/04/26 23:00:00,A,Y15-24,PC_ACT,T,NL,2009-01-01,11.6,,
ESTAT:UNE_RT_A(1.0),29/04/26 23:00:00,A,Y15-24,PC_ACT,T,NO,2009-01-01,11.0,,
ESTAT:UNE_RT_A(1.0),29/04/26 23:00:00,A,Y15-24,PC_ACT,T,PL,2009-01-01,21.0,,
ESTAT:UNE_RT_A(1.0),29/04/26 23:00:00,A,Y15-24,PC_ACT,T,PT,2009-01-01,25.3,,
ESTAT:UNE_RT_A(1.0),29/04/26 23:00:00,A,Y15-24,PC_ACT,T,RO,2009-01-01,24.8,,
ESTAT:UNE_RT_A(1.0),29/04/26 23:00:00,A,Y15-24,PC_ACT,T,SE,2009-01-01,24.4,,
ESTAT:UNE_RT_A(1.0),29/04/26 23:00:00,A,Y15-24,PC_ACT,T,SI,2009-01-01,13.8,,
ESTAT:UNE_RT_A(1.0),29/04/26 23:00:00,A,Y15-24,PC_ACT,T,SK,2009-01-01,28.5,,
ESTAT:UNE_RT_A(1.0),29/04/26 23:00:00,A,Y15-24,PC_ACT,T,TR,2009-01-01,22.8,,
ESTAT:UNE_RT_A(1.0),29/04/26 23:00:00,A,Y15-74,PC_ACT,F,AT,2009-01-01,5.3,,
ESTAT:UNE_RT_A(1.0),29/04/26 23:00:00,A,Y15-74,PC_ACT,F,BE,2009-01-01,8.2,,
ESTAT:UNE_RT_A(1.0),29/04/26 23:00:00,A,Y15-74,PC_ACT,F,BG,2009-01-01,7.7,,
ESTAT:UNE_RT_A(1.0),29/04/26 23:00:00,A,Y15-74,PC_ACT,F,CY,2009-01-01,5.5,,
ESTAT:UNE_RT_A(1.0),29/04/26 23:00:00,A,Y15-74,PC_ACT,F,CZ,2009-01-01,7.7,,
ESTAT:UNE_RT_A(1.0),29/04/26 23:00:00,A,Y15-74,PC_ACT,F,DE,2009-01-01,6.9,,
ESTAT:UNE_RT_A(1.0),29/04/26 23:00:00,A,Y15-74,PC_ACT,F,DK,2009-01-01,5.7,,
ESTAT:UNE_RT_A(1.0),29/04/26 23:00:00,A,Y15-74,PC_ACT,F,EA20,2009-01-01,9.8,,
ESTAT:UNE_RT_A(1.0),29/04/26 23:00:00,A,Y15-74,PC_ACT,F,EA21,2009-01-01,9.8,,
ESTAT:UNE_RT_A(1.0),29/04/26 23:00:00,A,Y15-74,PC_ACT,F,EE,2009-01-01,10.2,,
ESTAT:UNE_RT_A(1.0),29/04/26 23:00:00,A,Y15-74,PC_ACT,F,EL,2009-01-01,13.5,,
ESTAT:UNE_RT_A(1.0),29/04/26 23:00:00,A,Y15-74,PC_ACT,F,ES,2009-01-01,18.1,,
ESTAT:UNE_RT_A(1.0),29/04/26 23:00:00,A,Y15-74,PC_ACT,F,EU27_2020,2009-01-01,9.5,,
ESTAT:UNE_RT_A(1.0),29/04/26 23:00:00,A,Y15-74,PC_ACT,F,FI,2009-01-01,7.4,,
ESTAT:UNE_RT_A(1.0),29/04/26 23:00:00,A,Y15-74,PC_ACT,F,FR,2009-01-01,9.2,,
ESTAT:UNE_RT_A(1.0),29/04/26 23:00:00,A,Y15-74,PC_ACT,F,HR,2009-01-01,10.5,,
ESTAT:UNE_RT_A(1.0),29/04/26 23:00:00,A,Y15-74,PC_ACT,F,HU,2009-01-01,9.0,,
ESTAT:UNE_RT_A(1.0),29/04/26 23:00:00,A,Y15-74,PC_ACT,F,IE,2009-01-01,9.5,,
ESTAT:UNE_RT_A(1.0),29/04/26 23:00:00,A,Y15-74,PC_ACT,F,IS,2009-01-01,5.7,,
ESTAT:UNE_RT_A(1.0),29/04/26 23:00:00,A,Y15-74,PC_ACT,F,IT,2009-01-01,9.3,,
ESTAT:UNE_RT_A(1.0),29/04/26 23:00:00,A,Y15-74,PC_ACT,F,LT,2009-01-01,10.5,,
ESTAT:UNE_RT_A(1.0),29/04/26 23:00:00,A,Y15-74,PC_ACT,F,LU,2009-01-01,6.1,,
ESTAT:UNE_RT_A(1.0),29/04/26 23:00:00,A,Y15-74,PC_ACT,F,LV,2009-01-01,14.2,,
ESTAT:UNE_RT_A(1.0),29/04/26 23:00:00,A,Y15-74,PC_ACT,F,MK,2009-01-01,32.8,,
ESTAT:UNE_RT_A(1.0),29/04/26 23:00:00,A,Y15-74,PC_ACT,F,MT,2009-01-01,7.6,,
ESTAT:UNE_RT_A(1.0),29/04/26 23:00:00,A,Y15-74,PC_ACT,F,NL,2009-01-01,6.1,,
ESTAT:UNE_RT_A(1.0),29/04/26 23:00:00,A,Y15-74,PC_ACT,F,NO,2009-01-01,3.0,,
ESTAT:UNE_RT_A(1.0),29/04/26 23:00:00,A,Y15-74,PC_ACT,F,PL,2009-01-01,9.0,,
ESTAT:UNE_RT_A(1.0),29/04/26 23:00:00,A,Y15-74,PC_ACT,F,PT,2009-01-01,11.0,,
ESTAT:UNE_RT_A(1.0),29/04/26 23:00:00,A,Y15-74,PC_ACT,F,RO,2009-01-01,7.3,,
ESTAT:UNE_RT_A(1.0),29/04/26 23:00:00,A,Y15-74,PC_ACT,F,SE,2009-01-01,8.2,,
ESTAT:UNE_RT_A(1.0),29/04/26 23:00:00,A,Y15-74,PC_ACT,F,SI,2009-01-01,5.8,,
ESTAT:UNE_RT_A(1.0),29/04/26 23:00:00,A,Y15-74,PC_ACT,F,SK,2009-01-01,13.0,,
ESTAT:UNE_RT_A(1.0),29/04/26 23:00:00,A,Y15-74,PC_ACT,F,TR,2009-01-01,12.7,,
ESTAT:UNE_RT_A(1.0),29/04/26 23:00:00,A,Y15-74,PC_ACT,M,AT,2009-01-01,6.0,,
ESTAT:UNE_RT_A(1.0),29/04/26 23:00:00,A,Y15-74,PC_ACT,M,BE,2009-01-01,7.8,,
ESTAT:UNE_RT_A(1.0),29/04/26 23:00:00,A,Y15-74,PC_ACT,M,BG,2009-01-01,8.1,,
ESTAT:UNE_RT_A(1.0),29/04/26 23:00:00,A,Y15-74,PC_ACT,M,CY,2009-01-01,5.3,,
ESTAT:UNE_RT_A(1.0),29/04/26 23:00:00,A,Y15-74,PC_ACT,M,CZ,2009-01-01,5.9,,
ESTAT:UNE_RT_A(1.0),29/04/26 23:00:00,A,Y15-74,PC_ACT,M,DE,2009-01-01,7.7,,
ESTAT:UNE_RT_A(1.0),29/04/26 23:00:00,A,Y15-74,PC_ACT,M,DK,2009-01-01,7.1,,
ESTAT:UNE_RT_A(1.0),29/04/26 23:00:00,A,Y15-74,PC_ACT,M,EA20,2009-01-01,9.5,,
ESTAT:UNE_RT_A(1.0),29/04/26 23:00:00,A,Y15-74,PC_ACT,M,EA21,2009-01-01,9.5,,
ESTAT:UNE_RT_A(1.0),29/04/26 23:00:00,A,Y15-74,PC_ACT,M,EE,2009-01-01,16.7,,
ESTAT:UNE_RT_A(1.0),29/04/26 23:00:00,A,Y15-74,PC_ACT,M,EL,2009-01-01,7.1,,
ESTAT:UNE_RT_A(1.0),29/04/26 23:00:00,A,Y15-74,PC_ACT,M,ES,2009-01-01,17.7,,
ESTAT:UNE_RT_A(1.0),29/04/26 23:00:00,A,Y15-74,PC_ACT,M,EU27_2020,2009-01-01,9.2,,
ESTAT:UNE_RT_A(1.0),29/04/26 23:00:00,A,Y15-74,PC_ACT,M,FI,2009-01-01,9.2,,
ESTAT:UNE_RT_A(1.0),29/04/26 23:00:00,A,Y15-74,PC_ACT,M,FR,2009-01-01,9.0,,
ESTAT:UNE_RT_A(1.0),29/04/26 23:00:00,A,Y15-74,PC_ACT,M,HR,2009-01-01,7.8,,
ESTAT:UNE_RT_A(1.0),29/04/26 23:00:00,A,Y15-74,PC_ACT,M,HU,2009-01-01,10.3,,
ESTAT:UNE_RT_A(1.0),29/04/26 23:00:00,A,Y15-74,PC_ACT,M,IE,2009-01-01,15.1,,
ESTAT:UNE_RT_A(1.0),29/04/26 23:00:00,A,Y15-74,PC_ACT,M,IS,2009-01-01,8.6,,
ESTAT:UNE_RT_A(1.0),29/04/26 23:00:00,A,Y15-74,PC_ACT,M,IT,2009-01-01,6.9,,
ESTAT:UNE_RT_A(1.0),29/04/26 23:00:00,A,Y15-74,PC_ACT,M,LT,2009-01-01,17.1,,
ESTAT:UNE_RT_A(1.0),29/04/26 23:00:00,A,Y15-74,PC_ACT,M,LU,2009-01-01,4.4,,
ESTAT:UNE_RT_A(1.0),29/04/26 23:00:00,A,Y15-74,PC_ACT,M,LV,2009-01-01,21.1,,
ESTAT:UNE_RT_A(1.0),29/04/26 23:00:00,A,Y15-74,PC_ACT,M,MK,2009-01-01,31.8,,
ESTAT:UNE_RT_A(1.0),29/04/26 23:00:00,A,Y15-74,PC_ACT,M,MT,2009-01-01,6.5,,
ESTAT:UNE_RT_A(1.0),29/04/26 23:00:00,A,Y15-74,PC_ACT,M,NL,2009-01-01,4.8,,
ESTAT:UNE_RT_A(1.0),29/04/26 23:00:00,A,Y15-74,PC_ACT,M,NO,2009-01-01,3.8,,
ESTAT:UNE_RT_A(1.0),29/04/26 23:00:00,A,Y15-74,PC_ACT,M,PL,2009-01-01,8.1,,
ESTAT:UNE_RT_A(1.0),29/04/26 23:00:00,A,Y15-74,PC_ACT,M,PT,2009-01-01,11.4,,
ESTAT:UNE_RT_A(1.0),29/04/26 23:00:00,A,Y15-74,PC_ACT,M,RO,2009-01-01,9.2,,
ESTAT:UNE_RT_A(1.0),29/04/26 23:00:00,A,Y15-74,PC_ACT,M,SE,2009-01-01,8.7,,
ESTAT:UNE_RT_A(1.0),29/04/26 23:00:00,A,Y15-74,PC_ACT,M,SI,2009-01-01,5.9,,
ESTAT:UNE_RT_A(1.0),29/04/26 23:00:00,A,Y15-74,PC_ACT,M,SK,2009-01-01,11.2,,
ESTAT:UNE_RT_A(1.0),29/04/26 23:00:00,A,Y15-74,PC_ACT,M,TR,2009-01-01,12.6,,
ESTAT:UNE_RT_A(1.0),29/04/26 23:00:00,A,Y15-74,PC_ACT,T,AT,2009-01-01,5.7,,
ESTAT:UNE_RT_A(1.0),29/04/26 23:00:00,A,Y15-74,PC_ACT,T,BE,2009-01-01,8.0,,
ESTAT:UNE_RT_A(1.0),29/04/26 23:00:00,A,Y15-74,PC_ACT,T,BG,2009-01-01,7.9,,
ESTAT:UNE_RT_A(1.0),29/04/26 23:00:00,A,Y15-74,PC_ACT,T,CY,2009-01-01,5.4,,
ESTAT:UNE_RT_A(1.0),29/04/26 23:00:00,A,Y15-74,PC_ACT,T,CZ,2009-01-01,6.7,,
ESTAT:UNE_RT_A(1.0),29/04/26 23:00:00,A,Y15-74,PC_ACT,T,DE,2009-01-01,7.3,,
ESTAT:UNE_RT_A(1.0),29/04/26 23:00:00,A,Y15-74,PC_ACT,T,DK,2009-01-01,6.4,,
ESTAT:UNE_RT_A(1.0),29/04/26 23:00:00,A,Y15-74,PC_ACT,T,EA20,2009-01-01,9.7,,
ESTAT:UNE_RT_A(1.0),29/04/26 23:00:00,A,Y15-74,PC_ACT,T,EA21,2009-01-01,9.6,,
ESTAT:UNE_RT_A(1.0),29/04/26 23:00:00,A,Y15-74,PC_ACT,T,EE,2009-01-01,13.5,,
ESTAT:UNE_RT_A(1.0),29/04/26 23:00:00,A,Y15-74,PC_ACT,T,EL,2009-01-01,9.8,,
ESTAT:UNE_RT_A(1.0),29/04/26 23:00:00,A,Y15-74,PC_ACT,T,ES,2009-01-01,17.9,,
ESTAT:UNE_RT_A(1.0),29/04/26 23:00:00,A,Y15-74,PC_ACT,T,EU27_2020,2009-01-01,9.3,,
ESTAT:UNE_RT_A(1.0),29/04/26 23:00:00,A,Y15-74,PC_ACT,T,FI,2009-01-01,8.3,,
ESTAT:UNE_RT_A(1.0),29/04/26 23:00:00,A,Y15-74,PC_ACT,T,FR,2009-01-01,9.1,,
ESTAT:UNE_RT_A(1.0),29/04/26 23:00:00,A,Y15-74,PC_ACT,T,HR,2009-01-01,9.1,,
ESTAT:UNE_RT_A(1.0),29/04/26 23:00:00,A,Y15-74,PC_ACT,T,HU,2009-01-01,9.7,,
ESTAT:UNE_RT_A(1.0),29/04/26 23:00:00,A,Y15-74,PC_ACT,T,IE,2009-01-01,12.6,,
ESTAT:UNE_RT_A(1.0),29/04/26 23:00:00,A,Y15-74,PC_ACT,T,IS,2009-01-01,7.2,,
ESTAT:UNE_RT_A(1.0),29/04/26 23:00:00,A,Y15-74,PC_ACT,T,IT,2009-01-01,7.9,,
ESTAT:UNE_RT_A(1.0),29/04/26 23:00:00,A,Y15-74,PC_ACT,T,LT,2009-01-01,13.8,,
ESTAT:UNE_RT_A(1.0),29/04/26 23:00:00,A,Y15-74,PC_ACT,T,LU,2009-01-01,5.1,,
ESTAT:UNE_RT_A(1.0),29/04/26 23:00:00,A,Y15-74,PC_ACT,T,LV,2009-01-01,17.7,,
ESTAT:UNE_RT_A(1.0),29/04/26 23:00:00,A,Y15-74,PC_ACT,T,MK,2009-01-01,32.2,,
ESTAT:UNE_RT_A(1.0),29/04/26 23:00:00,A,Y15-74,PC_ACT,T,MT,2009-01-01,6.9,,
ESTAT:UNE_RT_A(1.0),29/04/26 23:00:00,A,Y15-74,PC_ACT,T,NL,2009-01-01,5.4,,
ESTAT:UNE_RT_A(1.0),29/04/26 23:00:00,A,Y15-74,PC_ACT,T,NO,2009-01-01,3.4,,
ESTAT:UNE_RT_A(1.0),29/04/26 23:00:00,A,Y15-74,PC_ACT,T,PL,2009-01-01,8.5,,
ESTAT:UNE_RT_A(1.0),29/04/26 23:00:00,A,Y15-74,PC_ACT,T,PT,2009-01-01,11.2,,
ESTAT:UNE_RT_A(1.0),29/04/26 23:00:00,A,Y15-74,PC_ACT,T,RO,2009-01-01,8.4,,
ESTAT:UNE_RT_A(1.0),29/04/26 23:00:00,A,Y15-74,PC_ACT,T,SE,2009-01-01,8.5,,
ESTAT:UNE_RT_A(1.0),29/04/26 23:00:00,A,Y15-74,PC_ACT,T,SI,2009-01-01,5.9,,
ESTAT:UNE_RT_A(1.0),29/04/26 23:00:00,A,Y15-74,PC_ACT,T,SK,2009-01-01,12.0,,
ESTAT:UNE_RT_A(1.0),29/04/26 23:00:00,A,Y15-74,PC_ACT,T,TR,2009-01-01,12.6,,
ESTAT:UNE_RT_A(1.0),29/04/26 23:00:00,A,Y25-54,PC_ACT,F,AT,2009-01-01,4.7,,
ESTAT:UNE_RT_A(1.0),29/04/26 23:00:00,A,Y25-54,PC_ACT,F,BE,2009-01-01,6.9,,
ESTAT:UNE_RT_A(1.0),29/04/26 23:00:00,A,Y25-54,PC_ACT,F,BG,2009-01-01,6.9,,
ESTAT:UNE_RT_A(1.0),29/04/26 23:00:00,A,Y25-54,PC_ACT,F,CY,2009-01-01,4.5,,
ESTAT:UNE_RT_A(1.0),29/04/26 23:00:00,A,Y25-54,PC_ACT,F,CZ,2009-01-01,7.3,,
ESTAT:UNE_RT_A(1.0),29/04/26 23:00:00,A,Y25-54,PC_ACT,F,DE,2009-01-01,6.3,,
ESTAT:UNE_RT_A(1.0),29/04/26 23:00:00,A,Y25-54,PC_ACT,F,DK,2009-01-01,4.8,,
ESTAT:UNE_RT_A(1.0),29/04/26 23:00:00,A,Y25-54,PC_ACT,F,EA20,2009-01-01,8.9,,
ESTAT:UNE_RT_A(1.0),29/04/26 23:00:00,A,Y25-54,PC_ACT,F,EA21,2009-01-01,8.9,,
ESTAT:UNE_RT_A(1.0),29/04/26 23:00:00,A,Y25-54,PC_ACT,F,EE,2009-01-01,9.6,,
ESTAT:UNE_RT_A(1.0),29/04/26 23:00:00,A,Y25-54,PC_ACT,F,EL,2009-01-01,12.6,,
ESTAT:UNE_RT_A(1.0),29/04/26 23:00:00,A,Y25-54,PC_ACT,F,ES,2009-01-01,16.6,,
ESTAT:UNE_RT_A(1.0),29/04/26 23:00:00,A,Y25-54,PC_ACT,F,EU27_2020,2009-01-01,8.5,,
ESTAT:UNE_RT_A(1.0),29/04/26 23:00:00,A,Y25-54,PC_ACT,F,FI,2009-01-01,6.0,,
ESTAT:UNE_RT_A(1.0),29/04/26 23:00:00,A,Y25-54,PC_ACT,F,FR,2009-01-01,7.7,,
ESTAT:UNE_RT_A(1.0),29/04/26 23:00:00,A,Y25-54,PC_ACT,F,HR,2009-01-01,9.7,,
ESTAT:UNE_RT_A(1.0),29/04/26 23:00:00,A,Y25-54,PC_ACT,F,HU,2009-01-01,8.3,,
ESTAT:UNE_RT_A(1.0),29/04/26 23:00:00,A,Y25-54,PC_ACT,F,IE,2009-01-01,8.4,,
ESTAT:UNE_RT_A(1.0),29/04/26 23:00:00,A,Y25-54,PC_ACT,F,IS,2009-01-01,4.9,,
ESTAT:UNE_RT_A(1.0),29/04/26 23:00:00,A,Y25-54,PC_ACT,F,IT,2009-01-01,8.5,,
ESTAT:UNE_RT_A(1.0),29/04/26 23:00:00,A,Y25-54,PC_ACT,F,LT,2009-01-01,9.8,,
ESTAT:UNE_RT_A(1.0),29/04/26 23:00:00,A,Y25-54,PC_ACT,F,LU,2009-01-01,5.2,,
ESTAT:UNE_RT_A(1.0),29/04/26 23:00:00,A,Y25-54,PC_ACT,F,LV,2009-01-01,13.3,,
ESTAT:UNE_RT_A(1.0),29/04/26 23:00:00,A,Y25-54,PC_ACT,F,MK,2009-01-01,30.3,,
ESTAT:UNE_RT_A(1.0),29/04/26 23:00:00,A,Y25-54,PC_ACT,F,MT,2009-01-01,6.1,,
ESTAT:UNE_RT_A(1.0),29/04/26 23:00:00,A,Y25-54,PC_ACT,F,NL,2009-01-01,5.2,,
ESTAT:UNE_RT_A(1.0),29/04/26 23:00:00,A,Y25-54,PC_ACT,F,NO,2009-01-01,2.0,,
ESTAT:UNE_RT_A(1.0),29/04/26 23:00:00,A,Y25-54,PC_ACT,F,PL,2009-01-01,7.8,,
ESTAT:UNE_RT_A(1.0),29/04/26 23:00:00,A,Y25-54,PC_ACT,F,PT,2009-01-01,9.8,,
ESTAT:UNE_RT_A(1.0),29/04/26 23:00:00,A,Y25-54,PC_ACT,F,RO,2009-01-01,6.2,,
ESTAT:UNE_RT_A(1.0),29/04/26 23:00:00,A,Y25-54,PC_ACT,F,SE,2009-01-01,6.3,,
ESTAT:UNE_RT_A(1.0),29/04/26 23:00:00,A,Y25-54,PC_ACT,F,SI,2009-01-01,5.4,,
ESTAT:UNE_RT_A(1.0),29/04/26 23:00:00,A,Y25-54,PC_ACT,F,SK,2009-01-01,11.9,,
ESTAT:UNE_RT_A(1.0),29/04/26 23:00:00,A,Y25-54,PC_ACT,F,TR,2009-01-01,11.0,,
ESTAT:UNE_RT_A(1.0),29/04/26 23:00:00,A,Y25-54,PC_ACT,M,AT,2009-01-01,5.4,,
ESTAT:UNE_RT_A(1.0),29/04/26 23:00:00,A,Y25-54,PC_ACT,M,BE,2009-01-01,6.7,,
ESTAT:UNE_RT_A(1.0),29/04/26 23:00:00,A,Y25-54,PC_ACT,M,BG,2009-01-01,7.1,,
ESTAT:UNE_RT_A(1.0),29/04/26 23:00:00,A,Y25-54,PC_ACT,M,CY,2009-01-01,4.6,,
ESTAT:UNE_RT_A(1.0),29/04/26 23:00:00,A,Y25-54,PC_ACT,M,CZ,2009-01-01,4.8,,
ESTAT:UNE_RT_A(1.0),29/04/26 23:00:00,A,Y25-54,PC_ACT,M,DE,2009-01-01,7.1,,
ESTAT:UNE_RT_A(1.0),29/04/26 23:00:00,A,Y25-54,PC_ACT,M,DK,2009-01-01,5.9,,
ESTAT:UNE_RT_A(1.0),29/04/26 23:00:00,A,Y25-54,PC_ACT,M,EA20,2009-01-01,8.4,,
ESTAT:UNE_RT_A(1.0),29/04/26 23:00:00,A,Y25-54,PC_ACT,M,EA21,2009-01-01,8.4,,
ESTAT:UNE_RT_A(1.0),29/04/26 23:00:00,A,Y25-54,PC_ACT,M,EE,2009-01-01,15.8,,
ESTAT:UNE_RT_A(1.0),29/04/26 23:00:00,A,Y25-54,PC_ACT,M,EL,2009-01-01,6.6,,
ESTAT:UNE_RT_A(1.0),29/04/26 23:00:00,A,Y25-54,PC_ACT,M,ES,2009-01-01,16.1,,
ESTAT:UNE_RT_A(1.0),29/04/26 23:00:00,A,Y25-54,PC_ACT,M,EU27_2020,2009-01-01,8.1,,
ESTAT:UNE_RT_A(1.0),29/04/26 23:00:00,A,Y25-54,PC_ACT,M,FI,2009-01-01,7.3,,
ESTAT:UNE_RT_A(1.0),29/04/26 23:00:00,A,Y25-54,PC_ACT,M,FR,2009-01-01,7.4,,
ESTAT:UNE_RT_A(1.0),29/04/26 23:00:00,A,Y25-54,PC_ACT,M,HR,2009-01-01,6.2,,
ESTAT:UNE_RT_A(1.0),29/04/26 23:00:00,A,Y25-54,PC_ACT,M,HU,2009-01-01,9.2,,
ESTAT:UNE_RT_A(1.0),29/04/26 23:00:00,A,Y25-54,PC_ACT,M,IE,2009-01-01,13.1,,
ESTAT:UNE_RT_A(1.0),29/04/26 23:00:00,A,Y25-54,PC_ACT,M,IS,2009-01-01,7.2,,
ESTAT:UNE_RT_A(1.0),29/04/26 23:00:00,A,Y25-54,PC_ACT,M,IT,2009-01-01,6.0,,
ESTAT:UNE_RT_A(1.0),29/04/26 23:00:00,A,Y25-54,PC_ACT,M,LT,2009-01-01,15.7,,
ESTAT:UNE_RT_A(1.0),29/04/26 23:00:00,A,Y25-54,PC_ACT,M,LU,2009-01-01,3.5,,
ESTAT:UNE_RT_A(1.0),29/04/26 23:00:00,A,Y25-54,PC_ACT,M,LV,2009-01-01,19.3,,
ESTAT:UNE_RT_A(1.0),29/04/26 23:00:00,A,Y25-54,PC_ACT,M,MK,2009-01-01,29.1,,
ESTAT:UNE_RT_A(1.0),29/04/26 23:00:00,A,Y25-54,PC_ACT,M,MT,2009-01-01,4.9,,
ESTAT:UNE_RT_A(1.0),29/04/26 23:00:00,A,Y25-54,PC_ACT,M,NL,2009-01-01,2.9,,
ESTAT:UNE_RT_A(1.0),29/04/26 23:00:00,A,Y25-54,PC_ACT,M,NO,2009-01-01,2.8,,
ESTAT:UNE_RT_A(1.0),29/04/26 23:00:00,A,Y25-54,PC_ACT,M,PL,2009-01-01,6.5,,
ESTAT:UNE_RT_A(1.0),29/04/26 23:00:00,A,Y25-54,PC_ACT,M,PT,2009-01-01,10.2,,
ESTAT:UNE_RT_A(1.0),29/04/26 23:00:00,A,Y25-54,PC_ACT,M,RO,2009-01-01,7.9,,
ESTAT:UNE_RT_A(1.0),29/04/26 23:00:00,A,Y25-54,PC_ACT,M,SE,2009-01-01,6.6,,
ESTAT:UNE_RT_A(1.0),29/04/26 23:00:00,A,Y25-54,PC_ACT,M,SI,2009-01-01,5.3,,
ESTAT:UNE_RT_A(1.0),29/04/26 23:00:00,A,Y25-54,PC_ACT,M,SK,2009-01-01,9.8,,
ESTAT:UNE_RT_A(1.0),29/04/26 23:00:00,A,Y25-54,PC_ACT,M,TR,2009-01-01,11.1,,
ESTAT:UNE_RT_A(1.0),29/04/26 23:00:00,A,Y25-54,PC_ACT,T,AT,2009-01-01,5.0,,
ESTAT:UNE_RT_A(1.0),29/04/26 23:00:00,A,Y25-54,PC_ACT,T,BE,2009-01-01,6.8,,
ESTAT:UNE_RT_A(1.0),29/04/26 23:00:00,A,Y25-54,PC_ACT,T,BG,2009-01-01,7.0,,
ESTAT:UNE_RT_A(1.0),29/04/26 23:00:00,A,Y25-54,PC_ACT,T,CY,2009-01-01,4.6,,
ESTAT:UNE_RT_A(1.0),29/04/26 23:00:00,A,Y25-54,PC_ACT,T,CZ,2009-01-01,5.9,,
ESTAT:UNE_RT_A(1.0),29/04/26 23:00:00,A,Y25-54,PC_ACT,T,DE,2009-01-01,6.7,,
ESTAT:UNE_RT_A(1.0),29/04/26 23:00:00,A,Y25-54,PC_ACT,T,DK,2009-01-01,5.4,,
ESTAT:UNE_RT_A(1.0),29/04/26 23:00:00,A,Y25-54,PC_ACT,T,EA20,2009-01-01,8.6,,
ESTAT:UNE_RT_A(1.0),29/04/26 23:00:00,A,Y25-54,PC_ACT,T,EA21,2009-01-01,8.6,,
ESTAT:UNE_RT_A(1.0),29/04/26 23:00:00,A,Y25-54,PC_ACT,T,EE,2009-01-01,12.7,,
ESTAT:UNE_RT_A(1.0),29/04/26 23:00:00,A,Y25-54,PC_ACT,T,EL,2009-01-01,9.2,,
ESTAT:UNE_RT_A(1.0),29/04/26 23:00:00,A,Y25-54,PC_ACT,T,ES,2009-01-01,16.3,,
ESTAT:UNE_RT_A(1.0),29/04/26 23:00:00,A,Y25-54,PC_ACT,T,EU27_2020,2009-01-01,8.3,,
ESTAT:UNE_RT_A(1.0),29/04/26 23:00:00,A,Y25-54,PC_ACT,T,FI,2009-01-01,6.7,,
ESTAT:UNE_RT_A(1.0),29/04/26 23:00:00,A,Y25-54,PC_ACT,T,FR,2009-01-01,7.5,,
ESTAT:UNE_RT_A(1.0),29/04/26 23:00:00,A,Y25-54,PC_ACT,T,HR,2009-01-01,7.9,,
ESTAT:UNE_RT_A(1.0),29/04/26 23:00:00,A,Y25-54,PC_ACT,T,HU,2009-01-01,8.8,,
ESTAT:UNE_RT_A(1.0),29/04/26 23:00:00,A,Y25-54,PC_ACT,T,IE,2009-01-01,11.0,,
ESTAT:UNE_RT_A(1.0),29/04/26 23:00:00,A,Y25-54,PC_ACT,T,IS,2009-01-01,6.1,,
ESTAT:UNE_RT_A(1.0),29/04/26 23:00:00,A,Y25-54,PC_ACT,T,IT,2009-01-01,7.0,,
ESTAT:UNE_RT_A(1.0),29/04/26 23:00:00,A,Y25-54,PC_ACT,T,LT,2009-01-01,12.7,,
ESTAT:UNE_RT_A(1.0),29/04/26 23:00:00,A,Y25-54,PC_ACT,T,LU,2009-01-01,4.2,,
ESTAT:UNE_RT_A(1.0),29/04/26 23:00:00,A,Y25-54,PC_ACT,T,LV,2009-01-01,16.3,,
ESTAT:UNE_RT_A(1.0),29/04/26 23:00:00,A,Y25-54,PC_ACT,T,MK,2009-01-01,29.6,,
ESTAT:UNE_RT_A(1.0),29/04/26 23:00:00,A,Y25-54,PC_ACT,T,MT,2009-01-01,5.3,,
ESTAT:UNE_RT_A(1.0),29/04/26 23:00:00,A,Y25-54,PC_ACT,T,NL,2009-01-01,4.0,,
ESTAT:UNE_RT_A(1.0),29/04/26 23:00:00,A,Y25-54,PC_ACT,T,NO,2009-01-01,2.4,,
ESTAT:UNE_RT_A(1.0),29/04/26 23:00:00,A,Y25-54,PC_ACT,T,PL,2009-01-01,7.1,,
ESTAT:UNE_RT_A(1.0),29/04/26 23:00:00,A,Y25-54,PC_ACT,T,PT,2009-01-01,10.0,,
ESTAT:UNE_RT_A(1.0),29/04/26 23:00:00,A,Y25-54,PC_ACT,T,RO,2009-01-01,7.2,,
ESTAT:UNE_RT_A(1.0),29/04/26 23:00:00,A,Y25-54,PC_ACT,T,SE,2009-01-01,6.4,,
ESTAT:UNE_RT_A(1.0),29/04/26 23:00:00,A,Y25-54,PC_ACT,T,SI,2009-01-01,5.3,,
ESTAT:UNE_RT_A(1.0),29/04/26 23:00:00,A,Y25-54,PC_ACT,T,SK,2009-01-01,10.8,,
ESTAT:UNE_RT_A(1.0),29/04/26 23:00:00,A,Y25-54,PC_ACT,T,TR,2009-01-01,11.1,,
ESTAT:UNE_RT_A(1.0),29/04/26 23:00:00,A,Y55-74,PC_ACT,F,AT,2009-01-01,2.3,u,
ESTAT:UNE_RT_A(1.0),29/04/26 23:00:00,A,Y55-74,PC_ACT,F,BE,2009-01-01,5.1,,
ESTAT:UNE_RT_A(1.0),29/04/26 23:00:00,A,Y55-74,PC_ACT,F,BG,2009-01-01,7.7,,
ESTAT:UNE_RT_A(1.0),29/04/26 23:00:00,A,Y55-74,PC_ACT,F,CY,2009-01-01,3.7,u,
ESTAT:UNE_RT_A(1.0),29/04/26 23:00:00,A,Y55-74,PC_ACT,F,CZ,2009-01-01,5.4,,
ESTAT:UNE_RT_A(1.0),29/04/26 23:00:00,A,Y55-74,PC_ACT,F,DE,2009-01-01,6.9,,
ESTAT:UNE_RT_A(1.0),29/04/26 23:00:00,A,Y55-74,PC_ACT,F,DK,2009-01-01,3.3,,
ESTAT:UNE_RT_A(1.0),29/04/26 23:00:00,A,Y55-74,PC_ACT,F,EA20,2009-01-01,6.4,,
ESTAT:UNE_RT_A(1.0),29/04/26 23:00:00,A,Y55-74,PC_ACT,F,EA21,2009-01-01,6.5,,
ESTAT:UNE_RT_A(1.0),29/04/26 23:00:00,A,Y55-74,PC_ACT,F,EE,2009-01-01,7.3,,
ESTAT:UNE_RT_A(1.0),29/04/26 23:00:00,A,Y55-74,PC_ACT,F,EL,2009-01-01,5.1,,
ESTAT:UNE_RT_A(1.0),29/04/26 23:00:00,A,Y55-74,PC_ACT,F,ES,2009-01-01,12.7,,
ESTAT:UNE_RT_A(1.0),29/04/26 23:00:00,A,Y55-74,PC_ACT,F,EU27_2020,2009-01-01,6.1,,
ESTAT:UNE_RT_A(1.0),29/04/26 23:00:00,A,Y55-74,PC_ACT,F,FI,2009-01-01,5.1,,
ESTAT:UNE_RT_A(1.0),29/04/26 23:00:00,A,Y55-74,PC_ACT,F,FR,2009-01-01,5.1,,
ESTAT:UNE_RT_A(1.0),29/04/26 23:00:00,A,Y55-74,PC_ACT,F,HR,2009-01-01,4.4,u,
ESTAT:UNE_RT_A(1.0),29/04/26 23:00:00,A,Y55-74,PC_ACT,F,HU,2009-01-01,6.1,,
ESTAT:UNE_RT_A(1.0),29/04/26 23:00:00,A,Y55-74,PC_ACT,F,IE,2009-01-01,4.7,,
ESTAT:UNE_RT_A(1.0),29/04/26 23:00:00,A,Y55-74,PC_ACT,F,IS,2009-01-01,,u,
ESTAT:UNE_RT_A(1.0),29/04/26 23:00:00,A,Y55-74,PC_ACT,F,IT,2009-01-01,2.8,,
ESTAT:UNE_RT_A(1.0),29/04/26 23:00:00,A,Y55-74,PC_ACT,F,LT,2009-01-01,8.0,,
ESTAT:UNE_RT_A(1.0),29/04/26 23:00:00,A,Y55-74,PC_ACT,F,LU,2009-01-01,,u,
ESTAT:UNE_RT_A(1.0),29/04/26 23:00:00,A,Y55-74,PC_ACT,F,LV,2009-01-01,9.2,,
ESTAT:UNE_RT_A(1.0),29/04/26 23:00:00,A,Y55-74,PC_ACT,F,MK,2009-01-01,22.4,,
ESTAT:UNE_RT_A(1.0),29/04/26 23:00:00,A,Y55-74,PC_ACT,F,MT,2009-01-01,,u,
ESTAT:UNE_RT_A(1.0),29/04/26 23:00:00,A,Y55-74,PC_ACT,F,NL,2009-01-01,6.0,,
ESTAT:UNE_RT_A(1.0),29/04/26 23:00:00,A,Y55-74,PC_ACT,F,NO,2009-01-01,0.7,u,
ESTAT:UNE_RT_A(1.0),29/04/26 23:00:00,A,Y55-74,PC_ACT,F,PL,2009-01-01,5.9,,
ESTAT:UNE_RT_A(1.0),29/04/26 23:00:00,A,Y55-74,PC_ACT,F,PT,2009-01-01,6.6,,
ESTAT:UNE_RT_A(1.0),29/04/26 23:00:00,A,Y55-74,PC_ACT,F,RO,2009-01-01,3.1,u,
ESTAT:UNE_RT_A(1.0),29/04/26 23:00:00,A,Y55-74,PC_ACT,F,SE,2009-01-01,4.5,,
ESTAT:UNE_RT_A(1.0),29/04/26 23:00:00,A,Y55-74,PC_ACT,F,SI,2009-01-01,2.5,u,
ESTAT:UNE_RT_A(1.0),29/04/26 23:00:00,A,Y55-74,PC_ACT,F,SK,2009-01-01,9.7,,
ESTAT:UNE_RT_A(1.0),29/04/26 23:00:00,A,Y55-74,PC_ACT,F,TR,2009-01-01,1.1,,
ESTAT:UNE_RT_A(1.0),29/04/26 23:00:00,A,Y55-74,PC_ACT,M,AT,2009-01-01,2.8,,
ESTAT:UNE_RT_A(1.0),29/04/26 23:00:00,A,Y55-74,PC_ACT,M,BE,2009-01-01,4.8,,
ESTAT:UNE_RT_A(1.0),29/04/26 23:00:00,A,Y55-74,PC_ACT,M,BG,2009-01-01,6.4,,
ESTAT:UNE_RT_A(1.0),29/04/26 23:00:00,A,Y55-74,PC_ACT,M,CY,2009-01-01,3.7,u,
ESTAT:UNE_RT_A(1.0),29/04/26 23:00:00,A,Y55-74,PC_ACT,M,CZ,2009-01-01,5.1,,
ESTAT:UNE_RT_A(1.0),29/04/26 23:00:00,A,Y55-74,PC_ACT,M,DE,2009-01-01,6.7,,
ESTAT:UNE_RT_A(1.0),29/04/26 23:00:00,A,Y55-74,PC_ACT,M,DK,2009-01-01,4.5,,
ESTAT:UNE_RT_A(1.0),29/04/26 23:00:00,A,Y55-74,PC_ACT,M,EA20,2009-01-01,6.3,,
ESTAT:UNE_RT_A(1.0),29/04/26 23:00:00,A,Y55-74,PC_ACT,M,EA21,2009-01-01,6.3,,
ESTAT:UNE_RT_A(1.0),29/04/26 23:00:00,A,Y55-74,PC_ACT,M,EE,2009-01-01,9.8,,
ESTAT:UNE_RT_A(1.0),29/04/26 23:00:00,A,Y55-74,PC_ACT,M,EL,2009-01-01,3.7,,
ESTAT:UNE_RT_A(1.0),29/04/26 23:00:00,A,Y55-74,PC_ACT,M,ES,2009-01-01,10.9,,
ESTAT:UNE_RT_A(1.0),29/04/26 23:00:00,A,Y55-74,PC_ACT,M,EU27_2020,2009-01-01,6.2,,
ESTAT:UNE_RT_A(1.0),29/04/26 23:00:00,A,Y55-74,PC_ACT,M,FI,2009-01-01,6.7,,
ESTAT:UNE_RT_A(1.0),29/04/26 23:00:00,A,Y55-74,PC_ACT,M,FR,2009-01-01,5.8,,
ESTAT:UNE_RT_A(1.0),29/04/26 23:00:00,A,Y55-74,PC_ACT,M,HR,2009-01-01,5.2,u,
ESTAT:UNE_RT_A(1.0),29/04/26 23:00:00,A,Y55-74,PC_ACT,M,HU,2009-01-01,6.2,,
ESTAT:UNE_RT_A(1.0),29/04/26 23:00:00,A,Y55-74,PC_ACT,M,IE,2009-01-01,6.6,,
ESTAT:UNE_RT_A(1.0),29/04/26 23:00:00,A,Y55-74,PC_ACT,M,IS,2009-01-01,4.4,,
ESTAT:UNE_RT_A(1.0),29/04/26 23:00:00,A,Y55-74,PC_ACT,M,IT,2009-01-01,3.4,,
ESTAT:UNE_RT_A(1.0),29/04/26 23:00:00,A,Y55-74,PC_ACT,M,LT,2009-01-01,11.2,,
ESTAT:UNE_RT_A(1.0),29/04/26 23:00:00,A,Y55-74,PC_ACT,M,LU,2009-01-01,,u,
ESTAT:UNE_RT_A(1.0),29/04/26 23:00:00,A,Y55-74,PC_ACT,M,LV,2009-01-01,15.3,,
ESTAT:UNE_RT_A(1.0),29/04/26 23:00:00,A,Y55-74,PC_ACT,M,MK,2009-01-01,26.8,,
ESTAT:UNE_RT_A(1.0),29/04/26 23:00:00,A,Y55-74,PC_ACT,M,MT,2009-01-01,5.1,,
ESTAT:UNE_RT_A(1.0),29/04/26 23:00:00,A,Y55-74,PC_ACT,M,NL,2009-01-01,4.1,,
ESTAT:UNE_RT_A(1.0),29/04/26 23:00:00,A,Y55-74,PC_ACT,M,NO,2009-01-01,1.7,,
ESTAT:UNE_RT_A(1.0),29/04/26 23:00:00,A,Y55-74,PC_ACT,M,PL,2009-01-01,6.7,,
ESTAT:UNE_RT_A(1.0),29/04/26 23:00:00,A,Y55-74,PC_ACT,M,PT,2009-01-01,9.1,,
ESTAT:UNE_RT_A(1.0),29/04/26 23:00:00,A,Y55-74,PC_ACT,M,RO,2009-01-01,5.2,,
ESTAT:UNE_RT_A(1.0),29/04/26 23:00:00,A,Y55-74,PC_ACT,M,SE,2009-01-01,5.4,,
ESTAT:UNE_RT_A(1.0),29/04/26 23:00:00,A,Y55-74,PC_ACT,M,SI,2009-01-01,3.2,u,
ESTAT:UNE_RT_A(1.0),29/04/26 23:00:00,A,Y55-74,PC_ACT,M,SK,2009-01-01,6.1,,
ESTAT:UNE_RT_A(1.0),29/04/26 23:00:00,A,Y55-74,PC_ACT,M,TR,2009-01-01,6.0,,
ESTAT:UNE_RT_A(1.0),29/04/26 23:00:00,A,Y55-74,PC_ACT,T,AT,2009-01-01,2.6,,
ESTAT:UNE_RT_A(1.0),29/04/26 23:00:00,A,Y55-74,PC_ACT,T,BE,2009-01-01,4.9,,
ESTAT:UNE_RT_A(1.0),29/04/26 23:00:00,A,Y55-74,PC_ACT,T,BG,2009-01-01,7.0,,
ESTAT:UNE_RT_A(1.0),29/04/26 23:00:00,A,Y55-74,PC_ACT,T,CY,2009-01-01,3.7,,
ESTAT:UNE_RT_A(1.0),29/04/26 23:00:00,A,Y55-74,PC_ACT,T,CZ,2009-01-01,5.2,,
ESTAT:UNE_RT_A(1.0),29/04/26 23:00:00,A,Y55-74,PC_ACT,T,DE,2009-01-01,6.8,,
ESTAT:UNE_RT_A(1.0),29/04/26 23:00:00,A,Y55-74,PC_ACT,T,DK,2009-01-01,4.0,,
ESTAT:UNE_RT_A(1.0),29/04/26 23:00:00,A,Y55-74,PC_ACT,T,EA20,2009-01-01,6.4,,
ESTAT:UNE_RT_A(1.0),29/04/26 23:00:00,A,Y55-74,PC_ACT,T,EA21,2009-01-01,6.4,,
ESTAT:UNE_RT_A(1.0),29/04/26 23:00:00,A,Y55-74,PC_ACT,T,EE,2009-01-01,8.4,,
ESTAT:UNE_RT_A(1.0),29/04/26 23:00:00,A,Y55-74,PC_ACT,T,EL,2009-01-01,4.2,,
ESTAT:UNE_RT_A(1.0),29/04/26 23:00:00,A,Y55-74,PC_ACT,T,ES,2009-01-01,11.6,,
ESTAT:UNE_RT_A(1.0),29/04/26 23:00:00,A,Y55-74,PC_ACT,T,EU27_2020,2009-01-01,6.2,,
ESTAT:UNE_RT_A(1.0),29/04/26 23:00:00,A,Y55-74,PC_ACT,T,FI,2009-01-01,5.9,,
ESTAT:UNE_RT_A(1.0),29/04/26 23:00:00,A,Y55-74,PC_ACT,T,FR,2009-01-01,5.4,,
ESTAT:UNE_RT_A(1.0),29/04/26 23:00:00,A,Y55-74,PC_ACT,T,HR,2009-01-01,4.9,,
ESTAT:UNE_RT_A(1.0),29/04/26 23:00:00,A,Y55-74,PC_ACT,T,HU,2009-01-01,6.1,,
ESTAT:UNE_RT_A(1.0),29/04/26 23:00:00,A,Y55-74,PC_ACT,T,IE,2009-01-01,5.9,,
ESTAT:UNE_RT_A(1.0),29/04/26 23:00:00,A,Y55-74,PC_ACT,T,IS,2009-01-01,3.4,,
ESTAT:UNE_RT_A(1.0),29/04/26 23:00:00,A,Y55-74,PC_ACT,T,IT,2009-01-01,3.2,,
ESTAT:UNE_RT_A(1.0),29/04/26 23:00:00,A,Y55-74,PC_ACT,T,LT,2009-01-01,9.6,,
ESTAT:UNE_RT_A(1.0),29/04/26 23:00:00,A,Y55-74,PC_ACT,T,LU,2009-01-01,2.9,u,
ESTAT:UNE_RT_A(1.0),29/04/26 23:00:00,A,Y55-74,PC_ACT,T,LV,2009-01-01,11.9,,
ESTAT:UNE_RT_A(1.0),29/04/26 23:00:00,A,Y55-74,PC_ACT,T,MK,2009-01-01,25.4,,
ESTAT:UNE_RT_A(1.0),29/04/26 23:00:00,A,Y55-74,PC_ACT,T,MT,2009-01-01,5.5,,
ESTAT:UNE_RT_A(1.0),29/04/26 23:00:00,A,Y55-74,PC_ACT,T,NL,2009-01-01,4.8,,
ESTAT:UNE_RT_A(1.0),29/04/26 23:00:00,A,Y55-74,PC_ACT,T,NO,2009-01-01,1.2,,
ESTAT:UNE_RT_A(1.0),29/04/26 23:00:00,A,Y55-74,PC_ACT,T,PL,2009-01-01,6.4,,
ESTAT:UNE_RT_A(1.0),29/04/26 23:00:00,A,Y55-74,PC_ACT,T,PT,2009-01-01,8.1,,
ESTAT:UNE_RT_A(1.0),29/04/26 23:00:00,A,Y55-74,PC_ACT,T,RO,2009-01-01,4.4,,
ESTAT:UNE_RT_A(1.0),29/04/26 23:00:00,A,Y55-74,PC_ACT,T,SE,2009-01-01,5.0,,
ESTAT:UNE_RT_A(1.0),29/04/26 23:00:00,A,Y55-74,PC_ACT,T,SI,2009-01-01,3.0,u,
ESTAT:UNE_RT_A(1.0),29/04/26 23:00:00,A,Y55-74,PC_ACT,T,SK,2009-01-01,7.5,,
ESTAT:UNE_RT_A(1.0),29/04/26 23:00:00,A,Y55-74,PC_ACT,T,TR,2009-01-01,4.7,,
ESTAT:UNE_RT_A(1.0),29/04/26 23:00:00,A,Y15-24,PC_ACT,F,AT,2010-01-01,9.8,,
ESTAT:UNE_RT_A(1.0),29/04/26 23:00:00,A,Y15-24,PC_ACT,F,BE,2010-01-01,22.4,,
ESTAT:UNE_RT_A(1.0),29/04/26 23:00:00,A,Y15-24,PC_ACT,F,BG,2010-01-01,24.4,b,
ESTAT:UNE_RT_A(1.0),29/04/26 23:00:00,A,Y15-24,PC_ACT,F,CH,2010-01-01,8.7,b,
ESTAT:UNE_RT_A(1.0),29/04/26 23:00:00,A,Y15-24,PC_ACT,F,CY,2010-01-01,17.2,,
ESTAT:UNE_RT_A(1.0),29/04/26 23:00:00,A,Y15-24,PC_ACT,F,CZ,2010-01-01,18.5,,
ESTAT:UNE_RT_A(1.0),29/04/26 23:00:00,A,Y15-24,PC_ACT,F,DE,2010-01-01,9.4,b,
ESTAT:UNE_RT_A(1.0),29/04/26 23:00:00,A,Y15-24,PC_ACT,F,DK,2010-01-01,13.2,,
ESTAT:UNE_RT_A(1.0),29/04/26 23:00:00,A,Y15-24,PC_ACT,F,EA20,2010-01-01,21.8,,
ESTAT:UNE_RT_A(1.0),29/04/26 23:00:00,A,Y15-24,PC_ACT,F,EA21,2010-01-01,21.8,,
ESTAT:UNE_RT_A(1.0),29/04/26 23:00:00,A,Y15-24,PC_ACT,F,EE,2010-01-01,28.8,,
ESTAT:UNE_RT_A(1.0),29/04/26 23:00:00,A,Y15-24,PC_ACT,F,EL,2010-01-01,41.1,,
ESTAT:UNE_RT_A(1.0),29/04/26 23:00:00,A,Y15-24,PC_ACT,F,ES,2010-01-01,39.6,,
ESTAT:UNE_RT_A(1.0),29/04/26 23:00:00,A,Y15-24,PC_ACT,F,EU27_2020,2010-01-01,22.1,,
ESTAT:UNE_RT_A(1.0),29/04/26 23:00:00,A,Y15-24,PC_ACT,F,FI,2010-01-01,19.4,,
ESTAT:UNE_RT_A(1.0),29/04/26 23:00:00,A,Y15-24,PC_ACT,F,FR,2010-01-01,27.8,,
ESTAT:UNE_RT_A(1.0),29/04/26 23:00:00,A,Y15-24,PC_ACT,F,HR,2010-01-01,35.3,,
ESTAT:UNE_RT_A(1.0),29/04/26 23:00:00,A,Y15-24,PC_ACT,F,HU,2010-01-01,23.5,,
ESTAT:UNE_RT_A(1.0),29/04/26 23:00:00,A,Y15-24,PC_ACT,F,IE,2010-01-01,20.9,,
ESTAT:UNE_RT_A(1.0),29/04/26 23:00:00,A,Y15-24,PC_ACT,F,IS,2010-01-01,14.1,,
ESTAT:UNE_RT_A(1.0),29/04/26 23:00:00,A,Y15-24,PC_ACT,F,IT,2010-01-01,29.4,,
ESTAT:UNE_RT_A(1.0),29/04/26 23:00:00,A,Y15-24,PC_ACT,F,LT,2010-01-01,31.6,,
ESTAT:UNE_RT_A(1.0),29/04/26 23:00:00,A,Y15-24,PC_ACT,F,LU,2010-01-01,10.2,u,
ESTAT:UNE_RT_A(1.0),29/04/26 23:00:00,A,Y15-24,PC_ACT,F,LV,2010-01-01,34.8,,
ESTAT:UNE_RT_A(1.0),29/04/26 23:00:00,A,Y15-24,PC_ACT,F,MK,2010-01-01,53.3,,
ESTAT:UNE_RT_A(1.0),29/04/26 23:00:00,A,Y15-24,PC_ACT,F,MT,2010-01-01,11.8,,
ESTAT:UNE_RT_A(1.0),29/04/26 23:00:00,A,Y15-24,PC_ACT,F,NL,2010-01-01,10.7,,
ESTAT:UNE_RT_A(1.0),29/04/26 23:00:00,A,Y15-24,PC_ACT,F,NO,2010-01-01,10.1,,
ESTAT:UNE_RT_A(1.0),29/04/26 23:00:00,A,Y15-24,PC_ACT,F,PL,2010-01-01,25.4,b,
ESTAT:UNE_RT_A(1.0),29/04/26 23:00:00,A,Y15-24,PC_ACT,F,PT,2010-01-01,28.7,,
ESTAT:UNE_RT_A(1.0),29/04/26 23:00:00,A,Y15-24,PC_ACT,F,RO,2010-01-01,28.1,,
ESTAT:UNE_RT_A(1.0),29/04/26 23:00:00,A,Y15-24,PC_ACT,F,RS,2010-01-01,50.1,,
ESTAT:UNE_RT_A(1.0),29/04/26 23:00:00,A,Y15-24,PC_ACT,F,SE,2010-01-01,23.1,,
ESTAT:UNE_RT_A(1.0),29/04/26 23:00:00,A,Y15-24,PC_ACT,F,SI,2010-01-01,13.8,,
ESTAT:UNE_RT_A(1.0),29/04/26 23:00:00,A,Y15-24,PC_ACT,F,SK,2010-01-01,34.8,,
ESTAT:UNE_RT_A(1.0),29/04/26 23:00:00,A,Y15-24,PC_ACT,F,TR,2010-01-01,20.7,,
ESTAT:UNE_RT_A(1.0),29/04/26 23:00:00,A,Y15-24,PC_ACT,M,AT,2010-01-01,10.4,,
ESTAT:UNE_RT_A(1.0),29/04/26 23:00:00,A,Y15-24,PC_ACT,M,BE,2010-01-01,22.4,,
ESTAT:UNE_RT_A(1.0),29/04/26 23:00:00,A,Y15-24,PC_ACT,M,BG,2010-01-01,25.5,b,
ESTAT:UNE_RT_A(1.0),29/04/26 23:00:00,A,Y15-24,PC_ACT,M,CH,2010-01-01,7.8,b,
ESTAT:UNE_RT_A(1.0),29/04/26 23:00:00,A,Y15-24,PC_ACT,M,CY,2010-01-01,15.9,,
ESTAT:UNE_RT_A(1.0),29/04/26 23:00:00,A,Y15-24,PC_ACT,M,CZ,2010-01-01,18.2,,
ESTAT:UNE_RT_A(1.0),29/04/26 23:00:00,A,Y15-24,PC_ACT,M,DE,2010-01-01,11.4,b,
ESTAT:UNE_RT_A(1.0),29/04/26 23:00:00,A,Y15-24,PC_ACT,M,DK,2010-01-01,17.9,,
ESTAT:UNE_RT_A(1.0),29/04/26 23:00:00,A,Y15-24,PC_ACT,M,EA20,2010-01-01,22.4,,
ESTAT:UNE_RT_A(1.0),29/04/26 23:00:00,A,Y15-24,PC_ACT,M,EA21,2010-01-01,22.5,,
ESTAT:UNE_RT_A(1.0),29/04/26 23:00:00,A,Y15-24,PC_ACT,M,EE,2010-01-01,35.7,,
ESTAT:UNE_RT_A(1.0),29/04/26 23:00:00,A,Y15-24,PC_ACT,M,EL,2010-01-01,27.6,,
ESTAT:UNE_RT_A(1.0),29/04/26 23:00:00,A,Y15-24,PC_ACT,M,ES,2010-01-01,43.1,,
ESTAT:UNE_RT_A(1.0),29/04/26 23:00:00,A,Y15-24,PC_ACT,M,EU27_2020,2010-01-01,22.7,,
ESTAT:UNE_RT_A(1.0),29/04/26 23:00:00,A,Y15-24,PC_ACT,M,FI,2010-01-01,24.4,,
ESTAT:UNE_RT_A(1.0),29/04/26 23:00:00,A,Y15-24,PC_ACT,M,FR,2010-01-01,22.2,,
ESTAT:UNE_RT_A(1.0),29/04/26 23:00:00,A,Y15-24,PC_ACT,M,HR,2010-01-01,31.4,,
ESTAT:UNE_RT_A(1.0),29/04/26 23:00:00,A,Y15-24,PC_ACT,M,HU,2010-01-01,27.7,,
ESTAT:UNE_RT_A(1.0),29/04/26 23:00:00,A,Y15-24,PC_ACT,M,IE,2010-01-01,34.7,,
ESTAT:UNE_RT_A(1.0),29/04/26 23:00:00,A,Y15-24,PC_ACT,M,IS,2010-01-01,18.4,,
ESTAT:UNE_RT_A(1.0),29/04/26 23:00:00,A,Y15-24,PC_ACT,M,IT,2010-01-01,27.0,,
ESTAT:UNE_RT_A(1.0),29/04/26 23:00:00,A,Y15-24,PC_ACT,M,LT,2010-01-01,39.0,,
ESTAT:UNE_RT_A(1.0),29/04/26 23:00:00,A,Y15-24,PC_ACT,M,LU,2010-01-01,17.6,,
ESTAT:UNE_RT_A(1.0),29/04/26 23:00:00,A,Y15-24,PC_ACT,M,LV,2010-01-01,37.3,,
ESTAT:UNE_RT_A(1.0),29/04/26 23:00:00,A,Y15-24,PC_ACT,M,MK,2010-01-01,53.9,,
ESTAT:UNE_RT_A(1.0),29/04/26 23:00:00,A,Y15-24,PC_ACT,M,MT,2010-01-01,14.4,,
ESTAT:UNE_RT_A(1.0),29/04/26 23:00:00,A,Y15-24,PC_ACT,M,NL,2010-01-01,14.1,,
ESTAT:UNE_RT_A(1.0),29/04/26 23:00:00,A,Y15-24,PC_ACT,M,NO,2010-01-01,13.6,,
ESTAT:UNE_RT_A(1.0),29/04/26 23:00:00,A,Y15-24,PC_ACT,M,PL,2010-01-01,22.9,b,
ESTAT:UNE_RT_A(1.0),29/04/26 23:00:00,A,Y15-24,PC_ACT,M,PT,2010-01-01,27.3,,
ESTAT:UNE_RT_A(1.0),29/04/26 23:00:00,A,Y15-24,PC_ACT,M,RO,2010-01-01,27.9,,
ESTAT:UNE_RT_A(1.0),29/04/26 23:00:00,A,Y15-24,PC_ACT,M,RS,2010-01-01,47.4,,
ESTAT:UNE_RT_A(1.0),29/04/26 23:00:00,A,Y15-24,PC_ACT,M,SE,2010-01-01,25.0,,
ESTAT:UNE_RT_A(1.0),29/04/26 23:00:00,A,Y15-24,PC_ACT,M,SI,2010-01-01,15.4,,
ESTAT:UNE_RT_A(1.0),29/04/26 23:00:00,A,Y15-24,PC_ACT,M,SK,2010-01-01,35.0,,
ESTAT:UNE_RT_A(1.0),29/04/26 23:00:00,A,Y15-24,PC_ACT,M,TR,2010-01-01,19.2,,
ESTAT:UNE_RT_A(1.0),29/04/26 23:00:00,A,Y15-24,PC_ACT,T,AT,2010-01-01,10.1,,
ESTAT:UNE_RT_A(1.0),29/04/26 23:00:00,A,Y15-24,PC_ACT,T,BE,2010-01-01,22.4,,
ESTAT:UNE_RT_A(1.0),29/04/26 23:00:00,A,Y15-24,PC_ACT,T,BG,2010-01-01,25.1,b,
ESTAT:UNE_RT_A(1.0),29/04/26 23:00:00,A,Y15-24,PC_ACT,T,CH,2010-01-01,8.2,b,
ESTAT:UNE_RT_A(1.0),29/04/26 23:00:00,A,Y15-24,PC_ACT,T,CY,2010-01-01,16.6,,
ESTAT:UNE_RT_A(1.0),29/04/26 23:00:00,A,Y15-24,PC_ACT,T,CZ,2010-01-01,18.3,,
ESTAT:UNE_RT_A(1.0),29/04/26 23:00:00,A,Y15-24,PC_ACT,T,DE,2010-01-01,10.5,b,
ESTAT:UNE_RT_A(1.0),29/04/26 23:00:00,A,Y15-24,PC_ACT,T,DK,2010-01-01,15.6,,
ESTAT:UNE_RT_A(1.0),29/04/26 23:00:00,A,Y15-24,PC_ACT,T,EA20,2010-01-01,22.1,,
ESTAT:UNE_RT_A(1.0),29/04/26 23:00:00,A,Y15-24,PC_ACT,T,EA21,2010-01-01,22.2,,
ESTAT:UNE_RT_A(1.0),29/04/26 23:00:00,A,Y15-24,PC_ACT,T,EE,2010-01-01,32.6,,
ESTAT:UNE_RT_A(1.0),29/04/26 23:00:00,A,Y15-24,PC_ACT,T,EL,2010-01-01,33.6,,
ESTAT:UNE_RT_A(1.0),29/04/26 23:00:00,A,Y15-24,PC_ACT,T,ES,2010-01-01,41.5,,
ESTAT:UNE_RT_A(1.0),29/04/26 23:00:00,A,Y15-24,PC_ACT,T,EU27_2020,2010-01-01,22.4,,
ESTAT:UNE_RT_A(1.0),29/04/26 23:00:00,A,Y15-24,PC_ACT,T,FI,2010-01-01,22.0,,
ESTAT:UNE_RT_A(1.0),29/04/26 23:00:00,A,Y15-24,PC_ACT,T,FR,2010-01-01,24.7,,
ESTAT:UNE_RT_A(1.0),29/04/26 23:00:00,A,Y15-24,PC_ACT,T,HR,2010-01-01,33.0,,
ESTAT:UNE_RT_A(1.0),29/04/26 23:00:00,A,Y15-24,PC_ACT,T,HU,2010-01-01,25.9,,
ESTAT:UNE_RT_A(1.0),29/04/26 23:00:00,A,Y15-24,PC_ACT,T,IE,2010-01-01,28.1,,
ESTAT:UNE_RT_A(1.0),29/04/26 23:00:00,A,Y15-24,PC_ACT,T,IS,2010-01-01,16.2,,
ESTAT:UNE_RT_A(1.0),29/04/26 23:00:00,A,Y15-24,PC_ACT,T,IT,2010-01-01,28.0,,
ESTAT:UNE_RT_A(1.0),29/04/26 23:00:00,A,Y15-24,PC_ACT,T,LT,2010-01-01,35.7,,
ESTAT:UNE_RT_A(1.0),29/04/26 23:00:00,A,Y15-24,PC_ACT,T,LU,2010-01-01,14.2,,
ESTAT:UNE_RT_A(1.0),29/04/26 23:00:00,A,Y15-24,PC_ACT,T,LV,2010-01-01,36.2,,
ESTAT:UNE_RT_A(1.0),29/04/26 23:00:00,A,Y15-24,PC_ACT,T,MK,2010-01-01,53.7,,
ESTAT:UNE_RT_A(1.0),29/04/26 23:00:00,A,Y15-24,PC_ACT,T,MT,2010-01-01,13.2,,
ESTAT:UNE_RT_A(1.0),29/04/26 23:00:00,A,Y15-24,PC_ACT,T,NL,2010-01-01,12.4,,
ESTAT:UNE_RT_A(1.0),29/04/26 23:00:00,A,Y15-24,PC_ACT,T,NO,2010-01-01,11.8,,
ESTAT:UNE_RT_A(1.0),29/04/26 23:00:00,A,Y15-24,PC_ACT,T,PL,2010-01-01,24.0,b,
ESTAT:UNE_RT_A(1.0),29/04/26 23:00:00,A,Y15-24,PC_ACT,T,PT,2010-01-01,28.0,,
ESTAT:UNE_RT_A(1.0),29/04/26 23:00:00,A,Y15-24,PC_ACT,T,RO,2010-01-01,28.0,,
ESTAT:UNE_RT_A(1.0),29/04/26 23:00:00,A,Y15-24,PC_ACT,T,RS,2010-01-01,48.4,,
ESTAT:UNE_RT_A(1.0),29/04/26 23:00:00,A,Y15-24,PC_ACT,T,SE,2010-01-01,24.1,,
ESTAT:UNE_RT_A(1.0),29/04/26 23:00:00,A,Y15-24,PC_ACT,T,SI,2010-01-01,14.7,,
ESTAT:UNE_RT_A(1.0),29/04/26 23:00:00,A,Y15-24,PC_ACT,T,SK,2010-01-01,34.9,,
ESTAT:UNE_RT_A(1.0),29/04/26 23:00:00,A,Y15-24,PC_ACT,T,TR,2010-01-01,19.7,,
ESTAT:UNE_RT_A(1.0),29/04/26 23:00:00,A,Y15-74,PC_ACT,F,AT,2010-01-01,4.9,,
ESTAT:UNE_RT_A(1.0),29/04/26 23:00:00,A,Y15-74,PC_ACT,F,BE,2010-01-01,8.6,,
ESTAT:UNE_RT_A(1.0),29/04/26 23:00:00,A,Y15-74,PC_ACT,F,BG,2010-01-01,10.6,b,
ESTAT:UNE_RT_A(1.0),29/04/26 23:00:00,A,Y15-74,PC_ACT,F,CH,2010-01-01,5.2,b,
ESTAT:UNE_RT_A(1.0),29/04/26 23:00:00,A,Y15-74,PC_ACT,F,CY,2010-01-01,6.4,,
ESTAT:UNE_RT_A(1.0),29/04/26 23:00:00,A,Y15-74,PC_ACT,F,CZ,2010-01-01,8.5,,
ESTAT:UNE_RT_A(1.0),29/04/26 23:00:00,A,Y15-74,PC_ACT,F,DE,2010-01-01,6.1,b,
ESTAT:UNE_RT_A(1.0),29/04/26 23:00:00,A,Y15-74,PC_ACT,F,DK,2010-01-01,6.8,,
ESTAT:UNE_RT_A(1.0),29/04/26 23:00:00,A,Y15-74,PC_ACT,F,EA20,2010-01-01,10.4,,
ESTAT:UNE_RT_A(1.0),29/04/26 23:00:00,A,Y15-74,PC_ACT,F,EA21,2010-01-01,10.4,,
ESTAT:UNE_RT_A(1.0),29/04/26 23:00:00,A,Y15-74,PC_ACT,F,EE,2010-01-01,13.9,,
ESTAT:UNE_RT_A(1.0),29/04/26 23:00:00,A,Y15-74,PC_ACT,F,EL,2010-01-01,16.7,,
ESTAT:UNE_RT_A(1.0),29/04/26 23:00:00,A,Y15-74,PC_ACT,F,ES,2010-01-01,20.2,,
ESTAT:UNE_RT_A(1.0),29/04/26 23:00:00,A,Y15-74,PC_ACT,F,EU27_2020,2010-01-01,10.2,,
ESTAT:UNE_RT_A(1.0),29/04/26 23:00:00,A,Y15-74,PC_ACT,F,FI,2010-01-01,7.7,,
ESTAT:UNE_RT_A(1.0),29/04/26 23:00:00,A,Y15-74,PC_ACT,F,FR,2010-01-01,9.5,,
ESTAT:UNE_RT_A(1.0),29/04/26 23:00:00,A,Y15-74,PC_ACT,F,HR,2010-01-01,12.5,,
ESTAT:UNE_RT_A(1.0),29/04/26 23:00:00,A,Y15-74,PC_ACT,F,HU,2010-01-01,9.9,,
ESTAT:UNE_RT_A(1.0),29/04/26 23:00:00,A,Y15-74,PC_ACT,F,IE,2010-01-01,11.4,,
ESTAT:UNE_RT_A(1.0),29/04/26 23:00:00,A,Y15-74,PC_ACT,F,IS,2010-01-01,6.7,,
ESTAT:UNE_RT_A(1.0),29/04/26 23:00:00,A,Y15-74,PC_ACT,F,IT,2010-01-01,9.7,,
ESTAT:UNE_RT_A(1.0),29/04/26 23:00:00,A,Y15-74,PC_ACT,F,LT,2010-01-01,14.5,,
ESTAT:UNE_RT_A(1.0),29/04/26 23:00:00,A,Y15-74,PC_ACT,F,LU,2010-01-01,5.1,,
ESTAT:UNE_RT_A(1.0),29/04/26 23:00:00,A,Y15-74,PC_ACT,F,LV,2010-01-01,16.5,,
ESTAT:UNE_RT_A(1.0),29/04/26 23:00:00,A,Y15-74,PC_ACT,F,MK,2010-01-01,32.3,,
ESTAT:UNE_RT_A(1.0),29/04/26 23:00:00,A,Y15-74,PC_ACT,F,MT,2010-01-01,7.1,,
ESTAT:UNE_RT_A(1.0),29/04/26 23:00:00,A,Y15-74,PC_ACT,F,NL,2010-01-01,6.7,,
ESTAT:UNE_RT_A(1.0),29/04/26 23:00:00,A,Y15-74,PC_ACT,F,NO,2010-01-01,3.3,,
ESTAT:UNE_RT_A(1.0),29/04/26 23:00:00,A,Y15-74,PC_ACT,F,PL,2010-01-01,10.3,b,
ESTAT:UNE_RT_A(1.0),29/04/26 23:00:00,A,Y15-74,PC_ACT,F,PT,2010-01-01,12.9,,
ESTAT:UNE_RT_A(1.0),29/04/26 23:00:00,A,Y15-74,PC_ACT,F,RO,2010-01-01,8.3,,
ESTAT:UNE_RT_A(1.0),29/04/26 23:00:00,A,Y15-74,PC_ACT,F,RS,2010-01-01,22.7,,
ESTAT:UNE_RT_A(1.0),29/04/26 23:00:00,A,Y15-74,PC_ACT,F,SE,2010-01-01,8.7,,
ESTAT:UNE_RT_A(1.0),29/04/26 23:00:00,A,Y15-74,PC_ACT,F,SI,2010-01-01,7.0,,
ESTAT:UNE_RT_A(1.0),29/04/26 23:00:00,A,Y15-74,PC_ACT,F,SK,2010-01-01,14.8,,
ESTAT:UNE_RT_A(1.0),29/04/26 23:00:00,A,Y15-74,PC_ACT,F,TR,2010-01-01,11.4,,
ESTAT:UNE_RT_A(1.0),29/04/26 23:00:00,A,Y15-74,PC_ACT,M,AT,2010-01-01,5.5,,
ESTAT:UNE_RT_A(1.0),29/04/26 23:00:00,A,Y15-74,PC_ACT,M,BE,2010-01-01,8.2,,
ESTAT:UNE_RT_A(1.0),29/04/26 23:00:00,A,Y15-74,PC_ACT,M,BG,2010-01-01,12.0,b,
ESTAT:UNE_RT_A(1.0),29/04/26 23:00:00,A,Y15-74,PC_ACT,M,CH,2010-01-01,4.5,b,
ESTAT:UNE_RT_A(1.0),29/04/26 23:00:00,A,Y15-74,PC_ACT,M,CY,2010-01-01,6.2,,
ESTAT:UNE_RT_A(1.0),29/04/26 23:00:00,A,Y15-74,PC_ACT,M,CZ,2010-01-01,6.4,,
ESTAT:UNE_RT_A(1.0),29/04/26 23:00:00,A,Y15-74,PC_ACT,M,DE,2010-01-01,7.0,b,
ESTAT:UNE_RT_A(1.0),29/04/26 23:00:00,A,Y15-74,PC_ACT,M,DK,2010-01-01,8.6,,
ESTAT:UNE_RT_A(1.0),29/04/26 23:00:00,A,Y15-74,PC_ACT,M,EA20,2010-01-01,10.1,,
ESTAT:UNE_RT_A(1.0),29/04/26 23:00:00,A,Y15-74,PC_ACT,M,EA21,2010-01-01,10.2,,
ESTAT:UNE_RT_A(1.0),29/04/26 23:00:00,A,Y15-74,PC_ACT,M,EE,2010-01-01,19.2,,
ESTAT:UNE_RT_A(1.0),29/04/26 23:00:00,A,Y15-74,PC_ACT,M,EL,2010-01-01,10.2,,
ESTAT:UNE_RT_A(1.0),29/04/26 23:00:00,A,Y15-74,PC_ACT,M,ES,2010-01-01,19.6,,
ESTAT:UNE_RT_A(1.0),29/04/26 23:00:00,A,Y15-74,PC_ACT,M,EU27_2020,2010-01-01,10.0,,
ESTAT:UNE_RT_A(1.0),29/04/26 23:00:00,A,Y15-74,PC_ACT,M,FI,2010-01-01,9.4,,
ESTAT:UNE_RT_A(1.0),29/04/26 23:00:00,A,Y15-74,PC_ACT,M,FR,2010-01-01,9.1,,
ESTAT:UNE_RT_A(1.0),29/04/26 23:00:00,A,Y15-74,PC_ACT,M,HR,2010-01-01,11.0,,
ESTAT:UNE_RT_A(1.0),29/04/26 23:00:00,A,Y15-74,PC_ACT,M,HU,2010-01-01,11.6,,
ESTAT:UNE_RT_A(1.0),29/04/26 23:00:00,A,Y15-74,PC_ACT,M,IE,2010-01-01,17.1,,
ESTAT:UNE_RT_A(1.0),29/04/26 23:00:00,A,Y15-74,PC_ACT,M,IS,2010-01-01,8.3,,
ESTAT:UNE_RT_A(1.0),29/04/26 23:00:00,A,Y15-74,PC_ACT,M,IT,2010-01-01,7.7,,
ESTAT:UNE_RT_A(1.0),29/04/26 23:00:00,A,Y15-74,PC_ACT,M,LT,2010-01-01,21.2,,
ESTAT:UNE_RT_A(1.0),29/04/26 23:00:00,A,Y15-74,PC_ACT,M,LU,2010-01-01,3.8,,
ESTAT:UNE_RT_A(1.0),29/04/26 23:00:00,A,Y15-74,PC_ACT,M,LV,2010-01-01,23.0,,
ESTAT:UNE_RT_A(1.0),29/04/26 23:00:00,A,Y15-74,PC_ACT,M,MK,2010-01-01,31.9,,
ESTAT:UNE_RT_A(1.0),29/04/26 23:00:00,A,Y15-74,PC_ACT,M,MT,2010-01-01,6.7,,
ESTAT:UNE_RT_A(1.0),29/04/26 23:00:00,A,Y15-74,PC_ACT,M,NL,2010-01-01,5.5,,
ESTAT:UNE_RT_A(1.0),29/04/26 23:00:00,A,Y15-74,PC_ACT,M,NO,2010-01-01,4.5,,
ESTAT:UNE_RT_A(1.0),29/04/26 23:00:00,A,Y15-74,PC_ACT,M,PL,2010-01-01,9.7,b,
ESTAT:UNE_RT_A(1.0),29/04/26 23:00:00,A,Y15-74,PC_ACT,M,PT,2010-01-01,12.4,,
ESTAT:UNE_RT_A(1.0),29/04/26 23:00:00,A,Y15-74,PC_ACT,M,RO,2010-01-01,9.5,,
ESTAT:UNE_RT_A(1.0),29/04/26 23:00:00,A,Y15-74,PC_ACT,M,RS,2010-01-01,19.9,,
ESTAT:UNE_RT_A(1.0),29/04/26 23:00:00,A,Y15-74,PC_ACT,M,SE,2010-01-01,8.7,,
ESTAT:UNE_RT_A(1.0),29/04/26 23:00:00,A,Y15-74,PC_ACT,M,SI,2010-01-01,7.4,,
ESTAT:UNE_RT_A(1.0),29/04/26 23:00:00,A,Y15-74,PC_ACT,M,SK,2010-01-01,13.9,,
ESTAT:UNE_RT_A(1.0),29/04/26 23:00:00,A,Y15-74,PC_ACT,M,TR,2010-01-01,10.4,,
ESTAT:UNE_RT_A(1.0),29/04/26 23:00:00,A,Y15-74,PC_ACT,T,AT,2010-01-01,5.2,,
ESTAT:UNE_RT_A(1.0),29/04/26 23:00:00,A,Y15-74,PC_ACT,T,BE,2010-01-01,8.4,,
ESTAT:UNE_RT_A(1.0),29/04/26 23:00:00,A,Y15-74,PC_ACT,T,BG,2010-01-01,11.3,b,
ESTAT:UNE_RT_A(1.0),29/04/26 23:00:00,A,Y15-74,PC_ACT,T,CH,2010-01-01,4.8,b,
ESTAT:UNE_RT_A(1.0),29/04/26 23:00:00,A,Y15-74,PC_ACT,T,CY,2010-01-01,6.3,,
ESTAT:UNE_RT_A(1.0),29/04/26 23:00:00,A,Y15-74,PC_ACT,T,CZ,2010-01-01,7.3,,
ESTAT:UNE_RT_A(1.0),29/04/26 23:00:00,A,Y15-74,PC_ACT,T,DE,2010-01-01,6.6,b,
ESTAT:UNE_RT_A(1.0),29/04/26 23:00:00,A,Y15-74,PC_ACT,T,DK,2010-01-01,7.7,,
ESTAT:UNE_RT_A(1.0),29/04/26 23:00:00,A,Y15-74,PC_ACT,T,EA20,2010-01-01,10.3,,
ESTAT:UNE_RT_A(1.0),29/04/26 23:00:00,A,Y15-74,PC_ACT,T,EA21,2010-01-01,10.3,,
ESTAT:UNE_RT_A(1.0),29/04/26 23:00:00,A,Y15-74,PC_ACT,T,EE,2010-01-01,16.6,,
ESTAT:UNE_RT_A(1.0),29/04/26 23:00:00,A,Y15-74,PC_ACT,T,EL,2010-01-01,12.9,,
ESTAT:UNE_RT_A(1.0),29/04/26 23:00:00,A,Y15-74,PC_ACT,T,ES,2010-01-01,19.9,,
ESTAT:UNE_RT_A(1.0),29/04/26 23:00:00,A,Y15-74,PC_ACT,T,EU27_2020,2010-01-01,10.1,,
ESTAT:UNE_RT_A(1.0),29/04/26 23:00:00,A,Y15-74,PC_ACT,T,FI,2010-01-01,8.6,,
ESTAT:UNE_RT_A(1.0),29/04/26 23:00:00,A,Y15-74,PC_ACT,T,FR,2010-01-01,9.3,,
ESTAT:UNE_RT_A(1.0),29/04/26 23:00:00,A,Y15-74,PC_ACT,T,HR,2010-01-01,11.7,,
ESTAT:UNE_RT_A(1.0),29/04/26 23:00:00,A,Y15-74,PC_ACT,T,HU,2010-01-01,10.8,,
ESTAT:UNE_RT_A(1.0),29/04/26 23:00:00,A,Y15-74,PC_ACT,T,IE,2010-01-01,14.6,,
ESTAT:UNE_RT_A(1.0),29/04/26 23:00:00,A,Y15-74,PC_ACT,T,IS,2010-01-01,7.6,,
ESTAT:UNE_RT_A(1.0),29/04/26 23:00:00,A,Y15-74,PC_ACT,T,IT,2010-01-01,8.5,,
ESTAT:UNE_RT_A(1.0),29/04/26 23:00:00,A,Y15-74,PC_ACT,T,LT,2010-01-01,17.8,,
ESTAT:UNE_RT_A(1.0),29/04/26 23:00:00,A,Y15-74,PC_ACT,T,LU,2010-01-01,4.4,,
ESTAT:UNE_RT_A(1.0),29/04/26 23:00:00,A,Y15-74,PC_ACT,T,LV,2010-01-01,19.7,,
ESTAT:UNE_RT_A(1.0),29/04/26 23:00:00,A,Y15-74,PC_ACT,T,MK,2010-01-01,32.0,,
ESTAT:UNE_RT_A(1.0),29/04/26 23:00:00,A,Y15-74,PC_ACT,T,MT,2010-01-01,6.9,,
ESTAT:UNE_RT_A(1.0),29/04/26 23:00:00,A,Y15-74,PC_ACT,T,NL,2010-01-01,6.1,,
ESTAT:UNE_RT_A(1.0),29/04/26 23:00:00,A,Y15-74,PC_ACT,T,NO,2010-01-01,4.0,,
ESTAT:UNE_RT_A(1.0),29/04/26 23:00:00,A,Y15-74,PC_ACT,T,PL,2010-01-01,10.0,b,
ESTAT:UNE_RT_A(1.0),29/04/26 23:00:00,A,Y15-74,PC_ACT,T,PT,2010-01-01,12.6,,
ESTAT:UNE_RT_A(1.0),29/04/26 23:00:00,A,Y15-74,PC_ACT,T,RO,2010-01-01,9.0,,
ESTAT:UNE_RT_A(1.0),29/04/26 23:00:00,A,Y15-74,PC_ACT,T,RS,2010-01-01,21.1,,
ESTAT:UNE_RT_A(1.0),29/04/26 23:00:00,A,Y15-74,PC_ACT,T,SE,2010-01-01,8.7,,
ESTAT:UNE_RT_A(1.0),29/04/26 23:00:00,A,Y15-74,PC_ACT,T,SI,2010-01-01,7.3,,
ESTAT:UNE_RT_A(1.0),29/04/26 23:00:00,A,Y15-74,PC_ACT,T,SK,2010-01-01,14.3,,
ESTAT:UNE_RT_A(1.0),29/04/26 23:00:00,A,Y15-74,PC_ACT,T,TR,2010-01-01,10.7,,
ESTAT:UNE_RT_A(1.0),29/04/26 23:00:00,A,Y25-54,PC_ACT,F,AT,2010-01-01,4.4,,
ESTAT:UNE_RT_A(1.0),29/04/26 23:00:00,A,Y25-54,PC_ACT,F,BE,2010-01-01,7.5,,
ESTAT:UNE_RT_A(1.0),29/04/26 23:00:00,A,Y25-54,PC_ACT,F,BG,2010-01-01,9.8,b,
ESTAT:UNE_RT_A(1.0),29/04/26 23:00:00,A,Y25-54,PC_ACT,F,CH,2010-01-01,4.9,b,
ESTAT:UNE_RT_A(1.0),29/04/26 23:00:00,A,Y25-54,PC_ACT,F,CY,2010-01-01,5.3,,
ESTAT:UNE_RT_A(1.0),29/04/26 23:00:00,A,Y25-54,PC_ACT,F,CZ,2010-01-01,8.0,,
ESTAT:UNE_RT_A(1.0),29/04/26 23:00:00,A,Y25-54,PC_ACT,F,DE,2010-01-01,5.6,b,
ESTAT:UNE_RT_A(1.0),29/04/26 23:00:00,A,Y25-54,PC_ACT,F,DK,2010-01-01,6.0,,
ESTAT:UNE_RT_A(1.0),29/04/26 23:00:00,A,Y25-54,PC_ACT,F,EA20,2010-01-01,9.6,,
ESTAT:UNE_RT_A(1.0),29/04/26 23:00:00,A,Y25-54,PC_ACT,F,EA21,2010-01-01,9.6,,
ESTAT:UNE_RT_A(1.0),29/04/26 23:00:00,A,Y25-54,PC_ACT,F,EE,2010-01-01,12.5,,
ESTAT:UNE_RT_A(1.0),29/04/26 23:00:00,A,Y25-54,PC_ACT,F,EL,2010-01-01,15.8,,
ESTAT:UNE_RT_A(1.0),29/04/26 23:00:00,A,Y25-54,PC_ACT,F,ES,2010-01-01,18.9,,
ESTAT:UNE_RT_A(1.0),29/04/26 23:00:00,A,Y25-54,PC_ACT,F,EU27_2020,2010-01-01,9.3,,
ESTAT:UNE_RT_A(1.0),29/04/26 23:00:00,A,Y25-54,PC_ACT,F,FI,2010-01-01,6.2,,
ESTAT:UNE_RT_A(1.0),29/04/26 23:00:00,A,Y25-54,PC_ACT,F,FR,2010-01-01,7.9,,
ESTAT:UNE_RT_A(1.0),29/04/26 23:00:00,A,Y25-54,PC_ACT,F,HR,2010-01-01,11.3,,
ESTAT:UNE_RT_A(1.0),29/04/26 23:00:00,A,Y25-54,PC_ACT,F,HU,2010-01-01,9.3,,
ESTAT:UNE_RT_A(1.0),29/04/26 23:00:00,A,Y25-54,PC_ACT,F,IE,2010-01-01,10.2,,
ESTAT:UNE_RT_A(1.0),29/04/26 23:00:00,A,Y25-54,PC_ACT,F,IS,2010-01-01,5.6,,
ESTAT:UNE_RT_A(1.0),29/04/26 23:00:00,A,Y25-54,PC_ACT,F,IT,2010-01-01,9.0,,
ESTAT:UNE_RT_A(1.0),29/04/26 23:00:00,A,Y25-54,PC_ACT,F,LT,2010-01-01,13.5,,
ESTAT:UNE_RT_A(1.0),29/04/26 23:00:00,A,Y25-54,PC_ACT,F,LU,2010-01-01,5.0,,
ESTAT:UNE_RT_A(1.0),29/04/26 23:00:00,A,Y25-54,PC_ACT,F,LV,2010-01-01,15.0,,
ESTAT:UNE_RT_A(1.0),29/04/26 23:00:00,A,Y25-54,PC_ACT,F,MK,2010-01-01,30.6,,
ESTAT:UNE_RT_A(1.0),29/04/26 23:00:00,A,Y25-54,PC_ACT,F,MT,2010-01-01,6.1,,
ESTAT:UNE_RT_A(1.0),29/04/26 23:00:00,A,Y25-54,PC_ACT,F,NL,2010-01-01,5.8,,
ESTAT:UNE_RT_A(1.0),29/04/26 23:00:00,A,Y25-54,PC_ACT,F,NO,2010-01-01,2.4,,
ESTAT:UNE_RT_A(1.0),29/04/26 23:00:00,A,Y25-54,PC_ACT,F,PL,2010-01-01,8.9,b,
ESTAT:UNE_RT_A(1.0),29/04/26 23:00:00,A,Y25-54,PC_ACT,F,PT,2010-01-01,12.0,,
ESTAT:UNE_RT_A(1.0),29/04/26 23:00:00,A,Y25-54,PC_ACT,F,RO,2010-01-01,7.0,,
ESTAT:UNE_RT_A(1.0),29/04/26 23:00:00,A,Y25-54,PC_ACT,F,RS,2010-01-01,21.8,,
ESTAT:UNE_RT_A(1.0),29/04/26 23:00:00,A,Y25-54,PC_ACT,F,SE,2010-01-01,6.9,,
ESTAT:UNE_RT_A(1.0),29/04/26 23:00:00,A,Y25-54,PC_ACT,F,SI,2010-01-01,6.8,,
ESTAT:UNE_RT_A(1.0),29/04/26 23:00:00,A,Y25-54,PC_ACT,F,SK,2010-01-01,13.5,,
ESTAT:UNE_RT_A(1.0),29/04/26 23:00:00,A,Y25-54,PC_ACT,F,TR,2010-01-01,9.9,,
ESTAT:UNE_RT_A(1.0),29/04/26 23:00:00,A,Y25-54,PC_ACT,M,AT,2010-01-01,5.0,,
ESTAT:UNE_RT_A(1.0),29/04/26 23:00:00,A,Y25-54,PC_ACT,M,BE,2010-01-01,7.3,,
ESTAT:UNE_RT_A(1.0),29/04/26 23:00:00,A,Y25-54,PC_ACT,M,BG,2010-01-01,10.9,b,
ESTAT:UNE_RT_A(1.0),29/04/26 23:00:00,A,Y25-54,PC_ACT,M,CH,2010-01-01,4.2,b,
ESTAT:UNE_RT_A(1.0),29/04/26 23:00:00,A,Y25-54,PC_ACT,M,CY,2010-01-01,5.5,,
ESTAT:UNE_RT_A(1.0),29/04/26 23:00:00,A,Y25-54,PC_ACT,M,CZ,2010-01-01,5.2,,
ESTAT:UNE_RT_A(1.0),29/04/26 23:00:00,A,Y25-54,PC_ACT,M,DE,2010-01-01,6.4,b,
ESTAT:UNE_RT_A(1.0),29/04/26 23:00:00,A,Y25-54,PC_ACT,M,DK,2010-01-01,7.3,,
ESTAT:UNE_RT_A(1.0),29/04/26 23:00:00,A,Y25-54,PC_ACT,M,EA20,2010-01-01,9.1,,
ESTAT:UNE_RT_A(1.0),29/04/26 23:00:00,A,Y25-54,PC_ACT,M,EA21,2010-01-01,9.1,,
ESTAT:UNE_RT_A(1.0),29/04/26 23:00:00,A,Y25-54,PC_ACT,M,EE,2010-01-01,17.4,,
ESTAT:UNE_RT_A(1.0),29/04/26 23:00:00,A,Y25-54,PC_ACT,M,EL,2010-01-01,9.6,,
ESTAT:UNE_RT_A(1.0),29/04/26 23:00:00,A,Y25-54,PC_ACT,M,ES,2010-01-01,17.9,,
ESTAT:UNE_RT_A(1.0),29/04/26 23:00:00,A,Y25-54,PC_ACT,M,EU27_2020,2010-01-01,8.8,,
ESTAT:UNE_RT_A(1.0),29/04/26 23:00:00,A,Y25-54,PC_ACT,M,FI,2010-01-01,7.6,,
ESTAT:UNE_RT_A(1.0),29/04/26 23:00:00,A,Y25-54,PC_ACT,M,FR,2010-01-01,7.7,,
ESTAT:UNE_RT_A(1.0),29/04/26 23:00:00,A,Y25-54,PC_ACT,M,HR,2010-01-01,9.1,,
ESTAT:UNE_RT_A(1.0),29/04/26 23:00:00,A,Y25-54,PC_ACT,M,HU,2010-01-01,10.7,,
ESTAT:UNE_RT_A(1.0),29/04/26 23:00:00,A,Y25-54,PC_ACT,M,IE,2010-01-01,15.4,,
ESTAT:UNE_RT_A(1.0),29/04/26 23:00:00,A,Y25-54,PC_ACT,M,IS,2010-01-01,7.0,,
ESTAT:UNE_RT_A(1.0),29/04/26 23:00:00,A,Y25-54,PC_ACT,M,IT,2010-01-01,6.7,,
ESTAT:UNE_RT_A(1.0),29/04/26 23:00:00,A,Y25-54,PC_ACT,M,LT,2010-01-01,20.0,,
ESTAT:UNE_RT_A(1.0),29/04/26 23:00:00,A,Y25-54,PC_ACT,M,LU,2010-01-01,3.0,,
ESTAT:UNE_RT_A(1.0),29/04/26 23:00:00,A,Y25-54,PC_ACT,M,LV,2010-01-01,21.4,,
ESTAT:UNE_RT_A(1.0),29/04/26 23:00:00,A,Y25-54,PC_ACT,M,MK,2010-01-01,29.2,,
ESTAT:UNE_RT_A(1.0),29/04/26 23:00:00,A,Y25-54,PC_ACT,M,MT,2010-01-01,5.8,,
ESTAT:UNE_RT_A(1.0),29/04/26 23:00:00,A,Y25-54,PC_ACT,M,NL,2010-01-01,3.6,,
ESTAT:UNE_RT_A(1.0),29/04/26 23:00:00,A,Y25-54,PC_ACT,M,NO,2010-01-01,3.6,,
ESTAT:UNE_RT_A(1.0),29/04/26 23:00:00,A,Y25-54,PC_ACT,M,PL,2010-01-01,8.2,b,
ESTAT:UNE_RT_A(1.0),29/04/26 23:00:00,A,Y25-54,PC_ACT,M,PT,2010-01-01,11.0,,
ESTAT:UNE_RT_A(1.0),29/04/26 23:00:00,A,Y25-54,PC_ACT,M,RO,2010-01-01,8.1,,
ESTAT:UNE_RT_A(1.0),29/04/26 23:00:00,A,Y25-54,PC_ACT,M,RS,2010-01-01,17.9,,
ESTAT:UNE_RT_A(1.0),29/04/26 23:00:00,A,Y25-54,PC_ACT,M,SE,2010-01-01,6.5,,
ESTAT:UNE_RT_A(1.0),29/04/26 23:00:00,A,Y25-54,PC_ACT,M,SI,2010-01-01,7.1,,
ESTAT:UNE_RT_A(1.0),29/04/26 23:00:00,A,Y25-54,PC_ACT,M,SK,2010-01-01,12.2,,
ESTAT:UNE_RT_A(1.0),29/04/26 23:00:00,A,Y25-54,PC_ACT,M,TR,2010-01-01,9.2,,
ESTAT:UNE_RT_A(1.0),29/04/26 23:00:00,A,Y25-54,PC_ACT,T,AT,2010-01-01,4.7,,
ESTAT:UNE_RT_A(1.0),29/04/26 23:00:00,A,Y25-54,PC_ACT,T,BE,2010-01-01,7.4,,
ESTAT:UNE_RT_A(1.0),29/04/26 23:00:00,A,Y25-54,PC_ACT,T,BG,2010-01-01,10.4,b,
ESTAT:UNE_RT_A(1.0),29/04/26 23:00:00,A,Y25-54,PC_ACT,T,CH,2010-01-01,4.5,b,
ESTAT:UNE_RT_A(1.0),29/04/26 23:00:00,A,Y25-54,PC_ACT,T,CY,2010-01-01,5.4,,
ESTAT:UNE_RT_A(1.0),29/04/26 23:00:00,A,Y25-54,PC_ACT,T,CZ,2010-01-01,6.4,,
ESTAT:UNE_RT_A(1.0),29/04/26 23:00:00,A,Y25-54,PC_ACT,T,DE,2010-01-01,6.0,b,
ESTAT:UNE_RT_A(1.0),29/04/26 23:00:00,A,Y25-54,PC_ACT,T,DK,2010-01-01,6.7,,
ESTAT:UNE_RT_A(1.0),29/04/26 23:00:00,A,Y25-54,PC_ACT,T,EA20,2010-01-01,9.3,,
ESTAT:UNE_RT_A(1.0),29/04/26 23:00:00,A,Y25-54,PC_ACT,T,EA21,2010-01-01,9.3,,
ESTAT:UNE_RT_A(1.0),29/04/26 23:00:00,A,Y25-54,PC_ACT,T,EE,2010-01-01,15.0,,
ESTAT:UNE_RT_A(1.0),29/04/26 23:00:00,A,Y25-54,PC_ACT,T,EL,2010-01-01,12.3,,
ESTAT:UNE_RT_A(1.0),29/04/26 23:00:00,A,Y25-54,PC_ACT,T,ES,2010-01-01,18.4,,
ESTAT:UNE_RT_A(1.0),29/04/26 23:00:00,A,Y25-54,PC_ACT,T,EU27_2020,2010-01-01,9.0,,
ESTAT:UNE_RT_A(1.0),29/04/26 23:00:00,A,Y25-54,PC_ACT,T,FI,2010-01-01,6.9,,
ESTAT:UNE_RT_A(1.0),29/04/26 23:00:00,A,Y25-54,PC_ACT,T,FR,2010-01-01,7.8,,
ESTAT:UNE_RT_A(1.0),29/04/26 23:00:00,A,Y25-54,PC_ACT,T,HR,2010-01-01,10.2,,
ESTAT:UNE_RT_A(1.0),29/04/26 23:00:00,A,Y25-54,PC_ACT,T,HU,2010-01-01,10.0,,
ESTAT:UNE_RT_A(1.0),29/04/26 23:00:00,A,Y25-54,PC_ACT,T,IE,2010-01-01,13.0,,
ESTAT:UNE_RT_A(1.0),29/04/26 23:00:00,A,Y25-54,PC_ACT,T,IS,2010-01-01,6.3,,
ESTAT:UNE_RT_A(1.0),29/04/26 23:00:00,A,Y25-54,PC_ACT,T,IT,2010-01-01,7.6,,
ESTAT:UNE_RT_A(1.0),29/04/26 23:00:00,A,Y25-54,PC_ACT,T,LT,2010-01-01,16.7,,
ESTAT:UNE_RT_A(1.0),29/04/26 23:00:00,A,Y25-54,PC_ACT,T,LU,2010-01-01,3.9,,
ESTAT:UNE_RT_A(1.0),29/04/26 23:00:00,A,Y25-54,PC_ACT,T,LV,2010-01-01,18.2,,
ESTAT:UNE_RT_A(1.0),29/04/26 23:00:00,A,Y25-54,PC_ACT,T,MK,2010-01-01,29.7,,
ESTAT:UNE_RT_A(1.0),29/04/26 23:00:00,A,Y25-54,PC_ACT,T,MT,2010-01-01,5.9,,
ESTAT:UNE_RT_A(1.0),29/04/26 23:00:00,A,Y25-54,PC_ACT,T,NL,2010-01-01,4.6,,
ESTAT:UNE_RT_A(1.0),29/04/26 23:00:00,A,Y25-54,PC_ACT,T,NO,2010-01-01,3.0,,
ESTAT:UNE_RT_A(1.0),29/04/26 23:00:00,A,Y25-54,PC_ACT,T,PL,2010-01-01,8.5,b,
ESTAT:UNE_RT_A(1.0),29/04/26 23:00:00,A,Y25-54,PC_ACT,T,PT,2010-01-01,11.5,,
ESTAT:UNE_RT_A(1.0),29/04/26 23:00:00,A,Y25-54,PC_ACT,T,RO,2010-01-01,7.6,,
ESTAT:UNE_RT_A(1.0),29/04/26 23:00:00,A,Y25-54,PC_ACT,T,RS,2010-01-01,19.7,,
ESTAT:UNE_RT_A(1.0),29/04/26 23:00:00,A,Y25-54,PC_ACT,T,SE,2010-01-01,6.7,,
ESTAT:UNE_RT_A(1.0),29/04/26 23:00:00,A,Y25-54,PC_ACT,T,SI,2010-01-01,7.0,,
ESTAT:UNE_RT_A(1.0),29/04/26 23:00:00,A,Y25-54,PC_ACT,T,SK,2010-01-01,12.8,,
ESTAT:UNE_RT_A(1.0),29/04/26 23:00:00,A,Y25-54,PC_ACT,T,TR,2010-01-01,9.4,,
ESTAT:UNE_RT_A(1.0),29/04/26 23:00:00,A,Y55-74,PC_ACT,F,AT,2010-01-01,1.8,u,
ESTAT:UNE_RT_A(1.0),29/04/26 23:00:00,A,Y55-74,PC_ACT,F,BE,2010-01-01,5.2,,
ESTAT:UNE_RT_A(1.0),29/04/26 23:00:00,A,Y55-74,PC_ACT,F,BG,2010-01-01,9.5,b,
ESTAT:UNE_RT_A(1.0),29/04/26 23:00:00,A,Y55-74,PC_ACT,F,CH,2010-01-01,3.1,b,
ESTAT:UNE_RT_A(1.0),29/04/26 23:00:00,A,Y55-74,PC_ACT,F,CY,2010-01-01,3.6,u,
ESTAT:UNE_RT_A(1.0),29/04/26 23:00:00,A,Y55-74,PC_ACT,F,CZ,2010-01-01,6.1,,
ESTAT:UNE_RT_A(1.0),29/04/26 23:00:00,A,Y55-74,PC_ACT,F,DE,2010-01-01,6.2,b,
ESTAT:UNE_RT_A(1.0),29/04/26 23:00:00,A,Y55-74,PC_ACT,F,DK,2010-01-01,3.9,,
ESTAT:UNE_RT_A(1.0),29/04/26 23:00:00,A,Y55-74,PC_ACT,F,EA20,2010-01-01,6.5,,
ESTAT:UNE_RT_A(1.0),29/04/26 23:00:00,A,Y55-74,PC_ACT,F,EA21,2010-01-01,6.6,,
ESTAT:UNE_RT_A(1.0),29/04/26 23:00:00,A,Y55-74,PC_ACT,F,EE,2010-01-01,12.2,,
ESTAT:UNE_RT_A(1.0),29/04/26 23:00:00,A,Y55-74,PC_ACT,F,EL,2010-01-01,6.1,,
ESTAT:UNE_RT_A(1.0),29/04/26 23:00:00,A,Y55-74,PC_ACT,F,ES,2010-01-01,13.2,,
ESTAT:UNE_RT_A(1.0),29/04/26 23:00:00,A,Y55-74,PC_ACT,F,EU27_2020,2010-01-01,6.4,,
ESTAT:UNE_RT_A(1.0),29/04/26 23:00:00,A,Y55-74,PC_ACT,F,FI,2010-01-01,5.5,,
ESTAT:UNE_RT_A(1.0),29/04/26 23:00:00,A,Y55-74,PC_ACT,F,FR,2010-01-01,5.5,,
ESTAT:UNE_RT_A(1.0),29/04/26 23:00:00,A,Y55-74,PC_ACT,F,HR,2010-01-01,4.7,u,
ESTAT:UNE_RT_A(1.0),29/04/26 23:00:00,A,Y55-74,PC_ACT,F,HU,2010-01-01,6.8,,
ESTAT:UNE_RT_A(1.0),29/04/26 23:00:00,A,Y55-74,PC_ACT,F,IE,2010-01-01,6.4,,
ESTAT:UNE_RT_A(1.0),29/04/26 23:00:00,A,Y55-74,PC_ACT,F,IS,2010-01-01,3.5,,
ESTAT:UNE_RT_A(1.0),29/04/26 23:00:00,A,Y55-74,PC_ACT,F,IT,2010-01-01,2.9,,
ESTAT:UNE_RT_A(1.0),29/04/26 23:00:00,A,Y55-74,PC_ACT,F,LT,2010-01-01,11.1,,
ESTAT:UNE_RT_A(1.0),29/04/26 23:00:00,A,Y55-74,PC_ACT,F,LV,2010-01-01,11.7,,
ESTAT:UNE_RT_A(1.0),29/04/26 23:00:00,A,Y55-74,PC_ACT,F,MK,2010-01-01,24.3,,
ESTAT:UNE_RT_A(1.0),29/04/26 23:00:00,A,Y55-74,PC_ACT,F,NL,2010-01-01,6.2,,
ESTAT:UNE_RT_A(1.0),29/04/26 23:00:00,A,Y55-74,PC_ACT,F,NO,2010-01-01,1.1,,
ESTAT:UNE_RT_A(1.0),29/04/26 23:00:00,A,Y55-74,PC_ACT,F,PL,2010-01-01,6.9,b,
ESTAT:UNE_RT_A(1.0),29/04/26 23:00:00,A,Y55-74,PC_ACT,F,PT,2010-01-01,7.7,,
ESTAT:UNE_RT_A(1.0),29/04/26 23:00:00,A,Y55-74,PC_ACT,F,RO,2010-01-01,3.2,,
ESTAT:UNE_RT_A(1.0),29/04/26 23:00:00,A,Y55-74,PC_ACT,F,RS,2010-01-01,10.2,,
ESTAT:UNE_RT_A(1.0),29/04/26 23:00:00,A,Y55-74,PC_ACT,F,SE,2010-01-01,4.7,,
ESTAT:UNE_RT_A(1.0),29/04/26 23:00:00,A,Y55-74,PC_ACT,F,SI,2010-01-01,2.9,u,
ESTAT:UNE_RT_A(1.0),29/04/26 23:00:00,A,Y55-74,PC_ACT,F,SK,2010-01-01,10.9,,
ESTAT:UNE_RT_A(1.0),29/04/26 23:00:00,A,Y55-74,PC_ACT,F,TR,2010-01-01,1.0,,
ESTAT:UNE_RT_A(1.0),29/04/26 23:00:00,A,Y55-74,PC_ACT,M,AT,2010-01-01,2.8,,
ESTAT:UNE_RT_A(1.0),29/04/26 23:00:00,A,Y55-74,PC_ACT,M,BE,2010-01-01,4.1,,
ESTAT:UNE_RT_A(1.0),29/04/26 23:00:00,A,Y55-74,PC_ACT,M,BG,2010-01-01,9.7,b,
ESTAT:UNE_RT_A(1.0),29/04/26 23:00:00,A,Y55-74,PC_ACT,M,CH,2010-01-01,3.2,b,
ESTAT:UNE_RT_A(1.0),29/04/26 23:00:00,A,Y55-74,PC_ACT,M,CY,2010-01-01,4.3,,
ESTAT:UNE_RT_A(1.0),29/04/26 23:00:00,A,Y55-74,PC_ACT,M,CZ,2010-01-01,6.1,,
ESTAT:UNE_RT_A(1.0),29/04/26 23:00:00,A,Y55-74,PC_ACT,M,DE,2010-01-01,6.7,b,
ESTAT:UNE_RT_A(1.0),29/04/26 23:00:00,A,Y55-74,PC_ACT,M,DK,2010-01-01,6.0,,
ESTAT:UNE_RT_A(1.0),29/04/26 23:00:00,A,Y55-74,PC_ACT,M,EA20,2010-01-01,7.1,,
ESTAT:UNE_RT_A(1.0),29/04/26 23:00:00,A,Y55-74,PC_ACT,M,EA21,2010-01-01,7.2,,
ESTAT:UNE_RT_A(1.0),29/04/26 23:00:00,A,Y55-74,PC_ACT,M,EE,2010-01-01,16.8,,
ESTAT:UNE_RT_A(1.0),29/04/26 23:00:00,A,Y55-74,PC_ACT,M,EL,2010-01-01,5.6,,
ESTAT:UNE_RT_A(1.0),29/04/26 23:00:00,A,Y55-74,PC_ACT,M,ES,2010-01-01,13.9,,
ESTAT:UNE_RT_A(1.0),29/04/26 23:00:00,A,Y55-74,PC_ACT,M,EU27_2020,2010-01-01,7.1,,
ESTAT:UNE_RT_A(1.0),29/04/26 23:00:00,A,Y55-74,PC_ACT,M,FI,2010-01-01,7.0,,
ESTAT:UNE_RT_A(1.0),29/04/26 23:00:00,A,Y55-74,PC_ACT,M,FR,2010-01-01,6.0,,
ESTAT:UNE_RT_A(1.0),29/04/26 23:00:00,A,Y55-74,PC_ACT,M,HR,2010-01-01,6.6,,
ESTAT:UNE_RT_A(1.0),29/04/26 23:00:00,A,Y55-74,PC_ACT,M,HU,2010-01-01,8.0,,
ESTAT:UNE_RT_A(1.0),29/04/26 23:00:00,A,Y55-74,PC_ACT,M,IE,2010-01-01,8.8,,
ESTAT:UNE_RT_A(1.0),29/04/26 23:00:00,A,Y55-74,PC_ACT,M,IS,2010-01-01,4.8,,
ESTAT:UNE_RT_A(1.0),29/04/26 23:00:00,A,Y55-74,PC_ACT,M,IT,2010-01-01,3.7,,
ESTAT:UNE_RT_A(1.0),29/04/26 23:00:00,A,Y55-74,PC_ACT,M,LT,2010-01-01,15.3,,
ESTAT:UNE_RT_A(1.0),29/04/26 23:00:00,A,Y55-74,PC_ACT,M,LU,2010-01-01,,u,
ESTAT:UNE_RT_A(1.0),29/04/26 23:00:00,A,Y55-74,PC_ACT,M,LV,2010-01-01,18.3,,
ESTAT:UNE_RT_A(1.0),29/04/26 23:00:00,A,Y55-74,PC_ACT,M,MK,2010-01-01,27.5,,
ESTAT:UNE_RT_A(1.0),29/04/26 23:00:00,A,Y55-74,PC_ACT,M,MT,2010-01-01,4.1,u,
ESTAT:UNE_RT_A(1.0),29/04/26 23:00:00,A,Y55-74,PC_ACT,M,NL,2010-01-01,4.8,,
ESTAT:UNE_RT_A(1.0),29/04/26 23:00:00,A,Y55-74,PC_ACT,M,NO,2010-01-01,1.8,,
ESTAT:UNE_RT_A(1.0),29/04/26 23:00:00,A,Y55-74,PC_ACT,M,PL,2010-01-01,7.5,b,
ESTAT:UNE_RT_A(1.0),29/04/26 23:00:00,A,Y55-74,PC_ACT,M,PT,2010-01-01,10.6,,
ESTAT:UNE_RT_A(1.0),29/04/26 23:00:00,A,Y55-74,PC_ACT,M,RO,2010-01-01,6.0,,
ESTAT:UNE_RT_A(1.0),29/04/26 23:00:00,A,Y55-74,PC_ACT,M,RS,2010-01-01,13.7,,
ESTAT:UNE_RT_A(1.0),29/04/26 23:00:00,A,Y55-74,PC_ACT,M,SE,2010-01-01,6.0,,
ESTAT:UNE_RT_A(1.0),29/04/26 23:00:00,A,Y55-74,PC_ACT,M,SI,2010-01-01,3.5,u,
ESTAT:UNE_RT_A(1.0),29/04/26 23:00:00,A,Y55-74,PC_ACT,M,SK,2010-01-01,9.1,,
ESTAT:UNE_RT_A(1.0),29/04/26 23:00:00,A,Y55-74,PC_ACT,M,TR,2010-01-01,5.5,,
ESTAT:UNE_RT_A(1.0),29/04/26 23:00:00,A,Y55-74,PC_ACT,T,AT,2010-01-01,2.4,,
ESTAT:UNE_RT_A(1.0),29/04/26 23:00:00,A,Y55-74,PC_ACT,T,BE,2010-01-01,4.5,,
ESTAT:UNE_RT_A(1.0),29/04/26 23:00:00,A,Y55-74,PC_ACT,T,BG,2010-01-01,9.6,b,
ESTAT:UNE_RT_A(1.0),29/04/26 23:00:00,A,Y55-74,PC_ACT,T,CH,2010-01-01,3.1,b,
ESTAT:UNE_RT_A(1.0),29/04/26 23:00:00,A,Y55-74,PC_ACT,T,CY,2010-01-01,4.0,,
ESTAT:UNE_RT_A(1.0),29/04/26 23:00:00,A,Y55-74,PC_ACT,T,CZ,2010-01-01,6.1,,
ESTAT:UNE_RT_A(1.0),29/04/26 23:00:00,A,Y55-74,PC_ACT,T,DE,2010-01-01,6.5,b,
ESTAT:UNE_RT_A(1.0),29/04/26 23:00:00,A,Y55-74,PC_ACT,T,DK,2010-01-01,5.1,,
ESTAT:UNE_RT_A(1.0),29/04/26 23:00:00,A,Y55-74,PC_ACT,T,EA20,2010-01-01,6.9,,
ESTAT:UNE_RT_A(1.0),29/04/26 23:00:00,A,Y55-74,PC_ACT,T,EA21,2010-01-01,6.9,,
ESTAT:UNE_RT_A(1.0),29/04/26 23:00:00,A,Y55-74,PC_ACT,T,EE,2010-01-01,14.2,,
ESTAT:UNE_RT_A(1.0),29/04/26 23:00:00,A,Y55-74,PC_ACT,T,EL,2010-01-01,5.8,,
ESTAT:UNE_RT_A(1.0),29/04/26 23:00:00,A,Y55-74,PC_ACT,T,ES,2010-01-01,13.6,,
ESTAT:UNE_RT_A(1.0),29/04/26 23:00:00,A,Y55-74,PC_ACT,T,EU27_2020,2010-01-01,6.8,,
ESTAT:UNE_RT_A(1.0),29/04/26 23:00:00,A,Y55-74,PC_ACT,T,FI,2010-01-01,6.2,,
ESTAT:UNE_RT_A(1.0),29/04/26 23:00:00,A,Y55-74,PC_ACT,T,FR,2010-01-01,5.8,,
ESTAT:UNE_RT_A(1.0),29/04/26 23:00:00,A,Y55-74,PC_ACT,T,HR,2010-01-01,5.8,,
ESTAT:UNE_RT_A(1.0),29/04/26 23:00:00,A,Y55-74,PC_ACT,T,HU,2010-01-01,7.5,,
ESTAT:UNE_RT_A(1.0),29/04/26 23:00:00,A,Y55-74,PC_ACT,T,IE,2010-01-01,7.9,,
ESTAT:UNE_RT_A(1.0),29/04/26 23:00:00,A,Y55-74,PC_ACT,T,IS,2010-01-01,4.2,,
ESTAT:UNE_RT_A(1.0),29/04/26 23:00:00,A,Y55-74,PC_ACT,T,IT,2010-01-01,3.4,,
ESTAT:UNE_RT_A(1.0),29/04/26 23:00:00,A,Y55-74,PC_ACT,T,LT,2010-01-01,13.1,,
ESTAT:UNE_RT_A(1.0),29/04/26 23:00:00,A,Y55-74,PC_ACT,T,LU,2010-01-01,2.2,u,
ESTAT:UNE_RT_A(1.0),29/04/26 23:00:00,A,Y55-74,PC_ACT,T,LV,2010-01-01,14.6,,
ESTAT:UNE_RT_A(1.0),29/04/26 23:00:00,A,Y55-74,PC_ACT,T,MK,2010-01-01,26.4,,
ESTAT:UNE_RT_A(1.0),29/04/26 23:00:00,A,Y55-74,PC_ACT,T,MT,2010-01-01,3.9,,
ESTAT:UNE_RT_A(1.0),29/04/26 23:00:00,A,Y55-74,PC_ACT,T,NL,2010-01-01,5.3,,
ESTAT:UNE_RT_A(1.0),29/04/26 23:00:00,A,Y55-74,PC_ACT,T,NO,2010-01-01,1.5,,
ESTAT:UNE_RT_A(1.0),29/04/26 23:00:00,A,Y55-74,PC_ACT,T,PL,2010-01-01,7.3,b,
ESTAT:UNE_RT_A(1.0),29/04/26 23:00:00,A,Y55-74,PC_ACT,T,PT,2010-01-01,9.3,,
ESTAT:UNE_RT_A(1.0),29/04/26 23:00:00,A,Y55-74,PC_ACT,T,RO,2010-01-01,4.9,,
ESTAT:UNE_RT_A(1.0),29/04/26 23:00:00,A,Y55-74,PC_ACT,T,RS,2010-01-01,12.5,,
ESTAT:UNE_RT_A(1.0),29/04/26 23:00:00,A,Y55-74,PC_ACT,T,SE,2010-01-01,5.4,,
ESTAT:UNE_RT_A(1.0),29/04/26 23:00:00,A,Y55-74,PC_ACT,T,SI,2010-01-01,3.3,u,
ESTAT:UNE_RT_A(1.0),29/04/26 23:00:00,A,Y55-74,PC_ACT,T,SK,2010-01-01,9.9,,
ESTAT:UNE_RT_A(1.0),29/04/26 23:00:00,A,Y55-74,PC_ACT,T,TR,2010-01-01,4.2,,
ESTAT:UNE_RT_A(1.0),29/04/26 23:00:00,A,Y15-24,PC_ACT,F,AT,2011-01-01,9.5,,
ESTAT:UNE_RT_A(1.0),29/04/26 23:00:00,A,Y15-24,PC_ACT,F,BE,2011-01-01,18.9,,
ESTAT:UNE_RT_A(1.0),29/04/26 23:00:00,A,Y15-24,PC_ACT,F,BG,2011-01-01,28.1,b,
ESTAT:UNE_RT_A(1.0),29/04/26 23:00:00,A,Y15-24,PC_ACT,F,CH,2011-01-01,7.9,,
ESTAT:UNE_RT_A(1.0),29/04/26 23:00:00,A,Y15-24,PC_ACT,F,CY,2011-01-01,21.5,,
ESTAT:UNE_RT_A(1.0),29/04/26 23:00:00,A,Y15-24,PC_ACT,F,CZ,2011-01-01,18.0,b,
ESTAT:UNE_RT_A(1.0),29/04/26 23:00:00,A,Y15-24,PC_ACT,F,DE,2011-01-01,8.4,b,
ESTAT:UNE_RT_A(1.0),29/04/26 23:00:00,A,Y15-24,PC_ACT,F,DK,2011-01-01,14.4,,
ESTAT:UNE_RT_A(1.0),29/04/26 23:00:00,A,Y15-24,PC_ACT,F,EA20,2011-01-01,22.0,,
ESTAT:UNE_RT_A(1.0),29/04/26 23:00:00,A,Y15-24,PC_ACT,F,EA21,2011-01-01,22.1,,
ESTAT:UNE_RT_A(1.0),29/04/26 23:00:00,A,Y15-24,PC_ACT,F,EE,2011-01-01,20.3,,
ESTAT:UNE_RT_A(1.0),29/04/26 23:00:00,A,Y15-24,PC_ACT,F,EL,2011-01-01,52.1,,
ESTAT:UNE_RT_A(1.0),29/04/26 23:00:00,A,Y15-24,PC_ACT,F,ES,2011-01-01,44.0,,
ESTAT:UNE_RT_A(1.0),29/04/26 23:00:00,A,Y15-24,PC_ACT,F,EU27_2020,2011-01-01,22.6,,
ESTAT:UNE_RT_A(1.0),29/04/26 23:00:00,A,Y15-24,PC_ACT,F,FI,2011-01-01,18.4,,
ESTAT:UNE_RT_A(1.0),29/04/26 23:00:00,A,Y15-24,PC_ACT,F,FR,2011-01-01,27.3,,
ESTAT:UNE_RT_A(1.0),29/04/26 23:00:00,A,Y15-24,PC_ACT,F,HR,2011-01-01,36.1,,
ESTAT:UNE_RT_A(1.0),29/04/26 23:00:00,A,Y15-24,PC_ACT,F,HU,2011-01-01,23.5,,
ESTAT:UNE_RT_A(1.0),29/04/26 23:00:00,A,Y15-24,PC_ACT,F,IE,2011-01-01,22.3,,
ESTAT:UNE_RT_A(1.0),29/04/26 23:00:00,A,Y15-24,PC_ACT,F,IS,2011-01-01,10.7,,
ESTAT:UNE_RT_A(1.0),29/04/26 23:00:00,A,Y15-24,PC_ACT,F,IT,2011-01-01,32.2,,
ESTAT:UNE_RT_A(1.0),29/04/26 23:00:00,A,Y15-24,PC_ACT,F,LT,2011-01-01,29.4,,
ESTAT:UNE_RT_A(1.0),29/04/26 23:00:00,A,Y15-24,PC_ACT,F,LU,2011-01-01,20.8,,
ESTAT:UNE_RT_A(1.0),29/04/26 23:00:00,A,Y15-24,PC_ACT,F,LV,2011-01-01,30.6,,
ESTAT:UNE_RT_A(1.0),29/04/26 23:00:00,A,Y15-24,PC_ACT,F,ME,2011-01-01,38.4,,
ESTAT:UNE_RT_A(1.0),29/04/26 23:00:00,A,Y15-24,PC_ACT,F,MK,2011-01-01,54.8,,
ESTAT:UNE_RT_A(1.0),29/04/26 23:00:00,A,Y15-24,PC_ACT,F,MT,2011-01-01,12.9,,
ESTAT:UNE_RT_A(1.0),29/04/26 23:00:00,A,Y15-24,PC_ACT,F,NL,2011-01-01,10.2,,
ESTAT:UNE_RT_A(1.0),29/04/26 23:00:00,A,Y15-24,PC_ACT,F,NO,2011-01-01,9.9,,
ESTAT:UNE_RT_A(1.0),29/04/26 23:00:00,A,Y15-24,PC_ACT,F,PL,2011-01-01,28.6,,
ESTAT:UNE_RT_A(1.0),29/04/26 23:00:00,A,Y15-24,PC_ACT,F,PT,2011-01-01,31.7,,
ESTAT:UNE_RT_A(1.0),29/04/26 23:00:00,A,Y15-24,PC_ACT,F,RO,2011-01-01,29.5,,
ESTAT:UNE_RT_A(1.0),29/04/26 23:00:00,A,Y15-24,PC_ACT,F,RS,2011-01-01,60.0,,
ESTAT:UNE_RT_A(1.0),29/04/26 23:00:00,A,Y15-24,PC_ACT,F,SE,2011-01-01,21.7,,
ESTAT:UNE_RT_A(1.0),29/04/26 23:00:00,A,Y15-24,PC_ACT,F,SI,2011-01-01,17.0,,
ESTAT:UNE_RT_A(1.0),29/04/26 23:00:00,A,Y15-24,PC_ACT,F,SK,2011-01-01,36.8,b,
ESTAT:UNE_RT_A(1.0),29/04/26 23:00:00,A,Y15-24,PC_ACT,F,TR,2011-01-01,19.0,,
ESTAT:UNE_RT_A(1.0),29/04/26 23:00:00,A,Y15-24,PC_ACT,M,AT,2011-01-01,9.5,,
ESTAT:UNE_RT_A(1.0),29/04/26 23:00:00,A,Y15-24,PC_ACT,M,BE,2011-01-01,18.9,,
ESTAT:UNE_RT_A(1.0),29/04/26 23:00:00,A,Y15-24,PC_ACT,M,BG,2011-01-01,28.2,b,
ESTAT:UNE_RT_A(1.0),29/04/26 23:00:00,A,Y15-24,PC_ACT,M,CH,2011-01-01,7.5,,
ESTAT:UNE_RT_A(1.0),29/04/26 23:00:00,A,Y15-24,PC_ACT,M,CY,2011-01-01,23.3,,
ESTAT:UNE_RT_A(1.0),29/04/26 23:00:00,A,Y15-24,PC_ACT,M,CZ,2011-01-01,18.1,b,
ESTAT:UNE_RT_A(1.0),29/04/26 23:00:00,A,Y15-24,PC_ACT,M,DE,2011-01-01,9.7,b,
ESTAT:UNE_RT_A(1.0),29/04/26 23:00:00,A,Y15-24,PC_ACT,M,DK,2011-01-01,18.2,,
ESTAT:UNE_RT_A(1.0),29/04/26 23:00:00,A,Y15-24,PC_ACT,M,EA20,2011-01-01,22.1,,
ESTAT:UNE_RT_A(1.0),29/04/26 23:00:00,A,Y15-24,PC_ACT,M,EA21,2011-01-01,22.2,,
ESTAT:UNE_RT_A(1.0),29/04/26 23:00:00,A,Y15-24,PC_ACT,M,EE,2011-01-01,23.8,,
ESTAT:UNE_RT_A(1.0),29/04/26 23:00:00,A,Y15-24,PC_ACT,M,EL,2011-01-01,39.4,,
ESTAT:UNE_RT_A(1.0),29/04/26 23:00:00,A,Y15-24,PC_ACT,M,ES,2011-01-01,48.2,,
ESTAT:UNE_RT_A(1.0),29/04/26 23:00:00,A,Y15-24,PC_ACT,M,EU27_2020,2011-01-01,22.5,,
ESTAT:UNE_RT_A(1.0),29/04/26 23:00:00,A,Y15-24,PC_ACT,M,FI,2011-01-01,22.2,,
ESTAT:UNE_RT_A(1.0),29/04/26 23:00:00,A,Y15-24,PC_ACT,M,FR,2011-01-01,21.4,,
ESTAT:UNE_RT_A(1.0),29/04/26 23:00:00,A,Y15-24,PC_ACT,M,HR,2011-01-01,36.2,,
ESTAT:UNE_RT_A(1.0),29/04/26 23:00:00,A,Y15-24,PC_ACT,M,HU,2011-01-01,27.0,,
ESTAT:UNE_RT_A(1.0),29/04/26 23:00:00,A,Y15-24,PC_ACT,M,IE,2011-01-01,36.1,,
ESTAT:UNE_RT_A(1.0),29/04/26 23:00:00,A,Y15-24,PC_ACT,M,IS,2011-01-01,18.2,,
ESTAT:UNE_RT_A(1.0),29/04/26 23:00:00,A,Y15-24,PC_ACT,M,IT,2011-01-01,27.1,,
ESTAT:UNE_RT_A(1.0),29/04/26 23:00:00,A,Y15-24,PC_ACT,M,LT,2011-01-01,34.9,,
ESTAT:UNE_RT_A(1.0),29/04/26 23:00:00,A,Y15-24,PC_ACT,M,LU,2011-01-01,13.3,,
ESTAT:UNE_RT_A(1.0),29/04/26 23:00:00,A,Y15-24,PC_ACT,M,LV,2011-01-01,31.3,,
ESTAT:UNE_RT_A(1.0),29/04/26 23:00:00,A,Y15-24,PC_ACT,M,ME,2011-01-01,35.4,,
ESTAT:UNE_RT_A(1.0),29/04/26 23:00:00,A,Y15-24,PC_ACT,M,MK,2011-01-01,55.5,,
ESTAT:UNE_RT_A(1.0),29/04/26 23:00:00,A,Y15-24,PC_ACT,M,MT,2011-01-01,13.7,,
ESTAT:UNE_RT_A(1.0),29/04/26 23:00:00,A,Y15-24,PC_ACT,M,NL,2011-01-01,12.8,,
ESTAT:UNE_RT_A(1.0),29/04/26 23:00:00,A,Y15-24,PC_ACT,M,NO,2011-01-01,11.5,,
ESTAT:UNE_RT_A(1.0),29/04/26 23:00:00,A,Y15-24,PC_ACT,M,PL,2011-01-01,24.2,,
ESTAT:UNE_RT_A(1.0),29/04/26 23:00:00,A,Y15-24,PC_ACT,M,PT,2011-01-01,29.2,,
ESTAT:UNE_RT_A(1.0),29/04/26 23:00:00,A,Y15-24,PC_ACT,M,RO,2011-01-01,29.3,,
ESTAT:UNE_RT_A(1.0),29/04/26 23:00:00,A,Y15-24,PC_ACT,M,RS,2011-01-01,49.4,,
ESTAT:UNE_RT_A(1.0),29/04/26 23:00:00,A,Y15-24,PC_ACT,M,SE,2011-01-01,22.4,,
ESTAT:UNE_RT_A(1.0),29/04/26 23:00:00,A,Y15-24,PC_ACT,M,SI,2011-01-01,15.1,,
ESTAT:UNE_RT_A(1.0),29/04/26 23:00:00,A,Y15-24,PC_ACT,M,SK,2011-01-01,33.5,b,
ESTAT:UNE_RT_A(1.0),29/04/26 23:00:00,A,Y15-24,PC_ACT,M,TR,2011-01-01,15.5,,
ESTAT:UNE_RT_A(1.0),29/04/26 23:00:00,A,Y15-24,PC_ACT,T,AT,2011-01-01,9.5,,
ESTAT:UNE_RT_A(1.0),29/04/26 23:00:00,A,Y15-24,PC_ACT,T,BE,2011-01-01,18.9,,
ESTAT:UNE_RT_A(1.0),29/04/26 23:00:00,A,Y15-24,PC_ACT,T,BG,2011-01-01,28.2,b,
ESTAT:UNE_RT_A(1.0),29/04/26 23:00:00,A,Y15-24,PC_ACT,T,CH,2011-01-01,7.7,,
ESTAT:UNE_RT_A(1.0),29/04/26 23:00:00,A,Y15-24,PC_ACT,T,CY,2011-01-01,22.4,,
ESTAT:UNE_RT_A(1.0),29/04/26 23:00:00,A,Y15-24,PC_ACT,T,CZ,2011-01-01,18.1,b,
ESTAT:UNE_RT_A(1.0),29/04/26 23:00:00,A,Y15-24,PC_ACT,T,DE,2011-01-01,9.1,b,
ESTAT:UNE_RT_A(1.0),29/04/26 23:00:00,A,Y15-24,PC_ACT,T,DK,2011-01-01,16.4,,
ESTAT:UNE_RT_A(1.0),29/04/26 23:00:00,A,Y15-24,PC_ACT,T,EA20,2011-01-01,22.1,,
ESTAT:UNE_RT_A(1.0),29/04/26 23:00:00,A,Y15-24,PC_ACT,T,EA21,2011-01-01,22.2,,
ESTAT:UNE_RT_A(1.0),29/04/26 23:00:00,A,Y15-24,PC_ACT,T,EE,2011-01-01,22.3,,
ESTAT:UNE_RT_A(1.0),29/04/26 23:00:00,A,Y15-24,PC_ACT,T,EL,2011-01-01,45.2,,
ESTAT:UNE_RT_A(1.0),29/04/26 23:00:00,A,Y15-24,PC_ACT,T,ES,2011-01-01,46.2,,
ESTAT:UNE_RT_A(1.0),29/04/26 23:00:00,A,Y15-24,PC_ACT,T,EU27_2020,2011-01-01,22.5,,
ESTAT:UNE_RT_A(1.0),29/04/26 23:00:00,A,Y15-24,PC_ACT,T,FI,2011-01-01,20.3,,
ESTAT:UNE_RT_A(1.0),29/04/26 23:00:00,A,Y15-24,PC_ACT,T,FR,2011-01-01,24.1,,
ESTAT:UNE_RT_A(1.0),29/04/26 23:00:00,A,Y15-24,PC_ACT,T,HR,2011-01-01,36.1,,
ESTAT:UNE_RT_A(1.0),29/04/26 23:00:00,A,Y15-24,PC_ACT,T,HU,2011-01-01,25.4,,
ESTAT:UNE_RT_A(1.0),29/04/26 23:00:00,A,Y15-24,PC_ACT,T,IE,2011-01-01,29.6,,
ESTAT:UNE_RT_A(1.0),29/04/26 23:00:00,A,Y15-24,PC_ACT,T,IS,2011-01-01,14.4,,
ESTAT:UNE_RT_A(1.0),29/04/26 23:00:00,A,Y15-24,PC_ACT,T,IT,2011-01-01,29.2,,
ESTAT:UNE_RT_A(1.0),29/04/26 23:00:00,A,Y15-24,PC_ACT,T,LT,2011-01-01,32.6,,
ESTAT:UNE_RT_A(1.0),29/04/26 23:00:00,A,Y15-24,PC_ACT,T,LU,2011-01-01,16.8,,
ESTAT:UNE_RT_A(1.0),29/04/26 23:00:00,A,Y15-24,PC_ACT,T,LV,2011-01-01,31.0,,
ESTAT:UNE_RT_A(1.0),29/04/26 23:00:00,A,Y15-24,PC_ACT,T,ME,2011-01-01,36.6,,
ESTAT:UNE_RT_A(1.0),29/04/26 23:00:00,A,Y15-24,PC_ACT,T,MK,2011-01-01,55.3,,
ESTAT:UNE_RT_A(1.0),29/04/26 23:00:00,A,Y15-24,PC_ACT,T,MT,2011-01-01,13.3,,
ESTAT:UNE_RT_A(1.0),29/04/26 23:00:00,A,Y15-24,PC_ACT,T,NL,2011-01-01,11.4,,
ESTAT:UNE_RT_A(1.0),29/04/26 23:00:00,A,Y15-24,PC_ACT,T,NO,2011-01-01,10.7,,
ESTAT:UNE_RT_A(1.0),29/04/26 23:00:00,A,Y15-24,PC_ACT,T,PL,2011-01-01,26.0,,
ESTAT:UNE_RT_A(1.0),29/04/26 23:00:00,A,Y15-24,PC_ACT,T,PT,2011-01-01,30.4,,
ESTAT:UNE_RT_A(1.0),29/04/26 23:00:00,A,Y15-24,PC_ACT,T,RO,2011-01-01,29.4,,
ESTAT:UNE_RT_A(1.0),29/04/26 23:00:00,A,Y15-24,PC_ACT,T,RS,2011-01-01,53.1,,
ESTAT:UNE_RT_A(1.0),29/04/26 23:00:00,A,Y15-24,PC_ACT,T,SE,2011-01-01,22.1,,
ESTAT:UNE_RT_A(1.0),29/04/26 23:00:00,A,Y15-24,PC_ACT,T,SI,2011-01-01,15.9,,
ESTAT:UNE_RT_A(1.0),29/04/26 23:00:00,A,Y15-24,PC_ACT,T,SK,2011-01-01,34.8,b,
ESTAT:UNE_RT_A(1.0),29/04/26 23:00:00,A,Y15-24,PC_ACT,T,TR,2011-01-01,16.7,,
ESTAT:UNE_RT_A(1.0),29/04/26 23:00:00,A,Y15-74,PC_ACT,F,AT,2011-01-01,4.8,,
ESTAT:UNE_RT_A(1.0),29/04/26 23:00:00,A,Y15-74,PC_ACT,F,BE,2011-01-01,7.3,,
ESTAT:UNE_RT_A(1.0),29/04/26 23:00:00,A,Y15-74,PC_ACT,F,BG,2011-01-01,11.1,b,
ESTAT:UNE_RT_A(1.0),29/04/26 23:00:00,A,Y15-74,PC_ACT,F,CH,2011-01-01,4.8,,
ESTAT:UNE_RT_A(1.0),29/04/26 23:00:00,A,Y15-74,PC_ACT,F,CY,2011-01-01,7.7,,
ESTAT:UNE_RT_A(1.0),29/04/26 23:00:00,A,Y15-74,PC_ACT,F,CZ,2011-01-01,7.9,b,
ESTAT:UNE_RT_A(1.0),29/04/26 23:00:00,A,Y15-74,PC_ACT,F,DE,2011-01-01,5.3,b,
ESTAT:UNE_RT_A(1.0),29/04/26 23:00:00,A,Y15-74,PC_ACT,F,DK,2011-01-01,7.6,,
ESTAT:UNE_RT_A(1.0),29/04/26 23:00:00,A,Y15-74,PC_ACT,F,EA20,2011-01-01,10.5,,
ESTAT:UNE_RT_A(1.0),29/04/26 23:00:00,A,Y15-74,PC_ACT,F,EA21,2011-01-01,10.6,,
ESTAT:UNE_RT_A(1.0),29/04/26 23:00:00,A,Y15-74,PC_ACT,F,EE,2011-01-01,11.5,,
ESTAT:UNE_RT_A(1.0),29/04/26 23:00:00,A,Y15-74,PC_ACT,F,EL,2011-01-01,21.8,,
ESTAT:UNE_RT_A(1.0),29/04/26 23:00:00,A,Y15-74,PC_ACT,F,ES,2011-01-01,21.8,,
ESTAT:UNE_RT_A(1.0),29/04/26 23:00:00,A,Y15-74,PC_ACT,F,EU27_2020,2011-01-01,10.3,,
ESTAT:UNE_RT_A(1.0),29/04/26 23:00:00,A,Y15-74,PC_ACT,F,FI,2011-01-01,7.2,,
ESTAT:UNE_RT_A(1.0),29/04/26 23:00:00,A,Y15-74,PC_ACT,F,FR,2011-01-01,9.5,,
ESTAT:UNE_RT_A(1.0),29/04/26 23:00:00,A,Y15-74,PC_ACT,F,HR,2011-01-01,13.6,,
ESTAT:UNE_RT_A(1.0),29/04/26 23:00:00,A,Y15-74,PC_ACT,F,HU,2011-01-01,10.2,,
ESTAT:UNE_RT_A(1.0),29/04/26 23:00:00,A,Y15-74,PC_ACT,F,IE,2011-01-01,12.5,,
ESTAT:UNE_RT_A(1.0),29/04/26 23:00:00,A,Y15-74,PC_ACT,F,IS,2011-01-01,6.2,,
ESTAT:UNE_RT_A(1.0),29/04/26 23:00:00,A,Y15-74,PC_ACT,F,IT,2011-01-01,9.7,,
ESTAT:UNE_RT_A(1.0),29/04/26 23:00:00,A,Y15-74,PC_ACT,F,LT,2011-01-01,12.9,,
ESTAT:UNE_RT_A(1.0),29/04/26 23:00:00,A,Y15-74,PC_ACT,F,LU,2011-01-01,6.3,,
ESTAT:UNE_RT_A(1.0),29/04/26 23:00:00,A,Y15-74,PC_ACT,F,LV,2011-01-01,13.8,,
ESTAT:UNE_RT_A(1.0),29/04/26 23:00:00,A,Y15-74,PC_ACT,F,ME,2011-01-01,20.1,,
ESTAT:UNE_RT_A(1.0),29/04/26 23:00:00,A,Y15-74,PC_ACT,F,MK,2011-01-01,30.8,,
ESTAT:UNE_RT_A(1.0),29/04/26 23:00:00,A,Y15-74,PC_ACT,F,MT,2011-01-01,7.1,,
ESTAT:UNE_RT_A(1.0),29/04/26 23:00:00,A,Y15-74,PC_ACT,F,NL,2011-01-01,6.6,,
ESTAT:UNE_RT_A(1.0),29/04/26 23:00:00,A,Y15-74,PC_ACT,F,NO,2011-01-01,3.4,,
ESTAT:UNE_RT_A(1.0),29/04/26 23:00:00,A,Y15-74,PC_ACT,F,PL,2011-01-01,10.7,,
ESTAT:UNE_RT_A(1.0),29/04/26 23:00:00,A,Y15-74,PC_ACT,F,PT,2011-01-01,13.9,,
ESTAT:UNE_RT_A(1.0),29/04/26 23:00:00,A,Y15-74,PC_ACT,F,RO,2011-01-01,8.5,,
ESTAT:UNE_RT_A(1.0),29/04/26 23:00:00,A,Y15-74,PC_ACT,F,RS,2011-01-01,26.3,,
ESTAT:UNE_RT_A(1.0),29/04/26 23:00:00,A,Y15-74,PC_ACT,F,SE,2011-01-01,7.9,,
ESTAT:UNE_RT_A(1.0),29/04/26 23:00:00,A,Y15-74,PC_ACT,F,SI,2011-01-01,8.2,,
ESTAT:UNE_RT_A(1.0),29/04/26 23:00:00,A,Y15-74,PC_ACT,F,SK,2011-01-01,13.8,b,
ESTAT:UNE_RT_A(1.0),29/04/26 23:00:00,A,Y15-74,PC_ACT,F,TR,2011-01-01,10.1,,
ESTAT:UNE_RT_A(1.0),29/04/26 23:00:00,A,Y15-74,PC_ACT,M,AT,2011-01-01,5.0,,
ESTAT:UNE_RT_A(1.0),29/04/26 23:00:00,A,Y15-74,PC_ACT,M,BE,2011-01-01,7.2,,
ESTAT:UNE_RT_A(1.0),29/04/26 23:00:00,A,Y15-74,PC_ACT,M,BG,2011-01-01,13.3,b,
ESTAT:UNE_RT_A(1.0),29/04/26 23:00:00,A,Y15-74,PC_ACT,M,CH,2011-01-01,4.1,,
ESTAT:UNE_RT_A(1.0),29/04/26 23:00:00,A,Y15-74,PC_ACT,M,CY,2011-01-01,8.1,,
ESTAT:UNE_RT_A(1.0),29/04/26 23:00:00,A,Y15-74,PC_ACT,M,CZ,2011-01-01,5.8,b,
ESTAT:UNE_RT_A(1.0),29/04/26 23:00:00,A,Y15-74,PC_ACT,M,DE,2011-01-01,5.7,b,
ESTAT:UNE_RT_A(1.0),29/04/26 23:00:00,A,Y15-74,PC_ACT,M,DK,2011-01-01,7.9,,
ESTAT:UNE_RT_A(1.0),29/04/26 23:00:00,A,Y15-74,PC_ACT,M,EA20,2011-01-01,10.1,,
ESTAT:UNE_RT_A(1.0),29/04/26 23:00:00,A,Y15-74,PC_ACT,M,EA21,2011-01-01,10.2,,
ESTAT:UNE_RT_A(1.0),29/04/26 23:00:00,A,Y15-74,PC_ACT,M,EE,2011-01-01,13.1,,
ESTAT:UNE_RT_A(1.0),29/04/26 23:00:00,A,Y15-74,PC_ACT,M,EL,2011-01-01,15.3,,
ESTAT:UNE_RT_A(1.0),29/04/26 23:00:00,A,Y15-74,PC_ACT,M,ES,2011-01-01,21.1,,
ESTAT:UNE_RT_A(1.0),29/04/26 23:00:00,A,Y15-74,PC_ACT,M,EU27_2020,2011-01-01,9.9,,
ESTAT:UNE_RT_A(1.0),29/04/26 23:00:00,A,Y15-74,PC_ACT,M,FI,2011-01-01,8.7,,
ESTAT:UNE_RT_A(1.0),29/04/26 23:00:00,A,Y15-74,PC_ACT,M,FR,2011-01-01,8.9,,
ESTAT:UNE_RT_A(1.0),29/04/26 23:00:00,A,Y15-74,PC_ACT,M,HR,2011-01-01,13.5,,
ESTAT:UNE_RT_A(1.0),29/04/26 23:00:00,A,Y15-74,PC_ACT,M,HU,2011-01-01,11.1,,
ESTAT:UNE_RT_A(1.0),29/04/26 23:00:00,A,Y15-74,PC_ACT,M,IE,2011-01-01,17.8,,
ESTAT:UNE_RT_A(1.0),29/04/26 23:00:00,A,Y15-74,PC_ACT,M,IS,2011-01-01,7.8,,
ESTAT:UNE_RT_A(1.0),29/04/26 23:00:00,A,Y15-74,PC_ACT,M,IT,2011-01-01,7.7,,
ESTAT:UNE_RT_A(1.0),29/04/26 23:00:00,A,Y15-74,PC_ACT,M,LT,2011-01-01,17.9,,
ESTAT:UNE_RT_A(1.0),29/04/26 23:00:00,A,Y15-74,PC_ACT,M,LU,2011-01-01,3.8,,
ESTAT:UNE_RT_A(1.0),29/04/26 23:00:00,A,Y15-74,PC_ACT,M,LV,2011-01-01,18.8,,
ESTAT:UNE_RT_A(1.0),29/04/26 23:00:00,A,Y15-74,PC_ACT,M,ME,2011-01-01,19.3,,
ESTAT:UNE_RT_A(1.0),29/04/26 23:00:00,A,Y15-74,PC_ACT,M,MK,2011-01-01,31.8,,
ESTAT:UNE_RT_A(1.0),29/04/26 23:00:00,A,Y15-74,PC_ACT,M,MT,2011-01-01,6.0,,
ESTAT:UNE_RT_A(1.0),29/04/26 23:00:00,A,Y15-74,PC_ACT,M,NL,2011-01-01,5.6,,
ESTAT:UNE_RT_A(1.0),29/04/26 23:00:00,A,Y15-74,PC_ACT,M,NO,2011-01-01,3.7,,
ESTAT:UNE_RT_A(1.0),29/04/26 23:00:00,A,Y15-74,PC_ACT,M,PL,2011-01-01,9.4,,
ESTAT:UNE_RT_A(1.0),29/04/26 23:00:00,A,Y15-74,PC_ACT,M,PT,2011-01-01,13.2,,
ESTAT:UNE_RT_A(1.0),29/04/26 23:00:00,A,Y15-74,PC_ACT,M,RO,2011-01-01,9.5,,
ESTAT:UNE_RT_A(1.0),29/04/26 23:00:00,A,Y15-74,PC_ACT,M,RS,2011-01-01,24.0,,
ESTAT:UNE_RT_A(1.0),29/04/26 23:00:00,A,Y15-74,PC_ACT,M,SE,2011-01-01,7.9,,
ESTAT:UNE_RT_A(1.0),29/04/26 23:00:00,A,Y15-74,PC_ACT,M,SI,2011-01-01,8.2,,
ESTAT:UNE_RT_A(1.0),29/04/26 23:00:00,A,Y15-74,PC_ACT,M,SK,2011-01-01,13.3,b,
ESTAT:UNE_RT_A(1.0),29/04/26 23:00:00,A,Y15-74,PC_ACT,M,TR,2011-01-01,8.3,,
ESTAT:UNE_RT_A(1.0),29/04/26 23:00:00,A,Y15-74,PC_ACT,T,AT,2011-01-01,4.9,,
ESTAT:UNE_RT_A(1.0),29/04/26 23:00:00,A,Y15-74,PC_ACT,T,BE,2011-01-01,7.2,,
ESTAT:UNE_RT_A(1.0),29/04/26 23:00:00,A,Y15-74,PC_ACT,T,BG,2011-01-01,12.3,b,
ESTAT:UNE_RT_A(1.0),29/04/26 23:00:00,A,Y15-74,PC_ACT,T,CH,2011-01-01,4.4,,
ESTAT:UNE_RT_A(1.0),29/04/26 23:00:00,A,Y15-74,PC_ACT,T,CY,2011-01-01,7.9,,
ESTAT:UNE_RT_A(1.0),29/04/26 23:00:00,A,Y15-74,PC_ACT,T,CZ,2011-01-01,6.7,b,
ESTAT:UNE_RT_A(1.0),29/04/26 23:00:00,A,Y15-74,PC_ACT,T,DE,2011-01-01,5.5,b,
ESTAT:UNE_RT_A(1.0),29/04/26 23:00:00,A,Y15-74,PC_ACT,T,DK,2011-01-01,7.8,,
ESTAT:UNE_RT_A(1.0),29/04/26 23:00:00,A,Y15-74,PC_ACT,T,EA20,2011-01-01,10.3,,
ESTAT:UNE_RT_A(1.0),29/04/26 23:00:00,A,Y15-74,PC_ACT,T,EA21,2011-01-01,10.3,,
ESTAT:UNE_RT_A(1.0),29/04/26 23:00:00,A,Y15-74,PC_ACT,T,EE,2011-01-01,12.3,,
ESTAT:UNE_RT_A(1.0),29/04/26 23:00:00,A,Y15-74,PC_ACT,T,EL,2011-01-01,18.1,,
ESTAT:UNE_RT_A(1.0),29/04/26 23:00:00,A,Y15-74,PC_ACT,T,ES,2011-01-01,21.4,,
ESTAT:UNE_RT_A(1.0),29/04/26 23:00:00,A,Y15-74,PC_ACT,T,EU27_2020,2011-01-01,10.1,,
ESTAT:UNE_RT_A(1.0),29/04/26 23:00:00,A,Y15-74,PC_ACT,T,FI,2011-01-01,8.0,,
ESTAT:UNE_RT_A(1.0),29/04/26 23:00:00,A,Y15-74,PC_ACT,T,FR,2011-01-01,9.2,,
ESTAT:UNE_RT_A(1.0),29/04/26 23:00:00,A,Y15-74,PC_ACT,T,HR,2011-01-01,13.6,,
ESTAT:UNE_RT_A(1.0),29/04/26 23:00:00,A,Y15-74,PC_ACT,T,HU,2011-01-01,10.7,,
ESTAT:UNE_RT_A(1.0),29/04/26 23:00:00,A,Y15-74,PC_ACT,T,IE,2011-01-01,15.4,,
ESTAT:UNE_RT_A(1.0),29/04/26 23:00:00,A,Y15-74,PC_ACT,T,IS,2011-01-01,7.0,,
ESTAT:UNE_RT_A(1.0),29/04/26 23:00:00,A,Y15-74,PC_ACT,T,IT,2011-01-01,8.5,,
ESTAT:UNE_RT_A(1.0),29/04/26 23:00:00,A,Y15-74,PC_ACT,T,LT,2011-01-01,15.4,,
ESTAT:UNE_RT_A(1.0),29/04/26 23:00:00,A,Y15-74,PC_ACT,T,LU,2011-01-01,4.9,,
ESTAT:UNE_RT_A(1.0),29/04/26 23:00:00,A,Y15-74,PC_ACT,T,LV,2011-01-01,16.3,,
ESTAT:UNE_RT_A(1.0),29/04/26 23:00:00,A,Y15-74,PC_ACT,T,ME,2011-01-01,19.7,,
ESTAT:UNE_RT_A(1.0),29/04/26 23:00:00,A,Y15-74,PC_ACT,T,MK,2011-01-01,31.4,,
ESTAT:UNE_RT_A(1.0),29/04/26 23:00:00,A,Y15-74,PC_ACT,T,MT,2011-01-01,6.4,,
ESTAT:UNE_RT_A(1.0),29/04/26 23:00:00,A,Y15-74,PC_ACT,T,NL,2011-01-01,6.0,,
ESTAT:UNE_RT_A(1.0),29/04/26 23:00:00,A,Y15-74,PC_ACT,T,NO,2011-01-01,3.6,,
ESTAT:UNE_RT_A(1.0),29/04/26 23:00:00,A,Y15-74,PC_ACT,T,PL,2011-01-01,10.0,,
ESTAT:UNE_RT_A(1.0),29/04/26 23:00:00,A,Y15-74,PC_ACT,T,PT,2011-01-01,13.5,,
ESTAT:UNE_RT_A(1.0),29/04/26 23:00:00,A,Y15-74,PC_ACT,T,RO,2011-01-01,9.1,,
ESTAT:UNE_RT_A(1.0),29/04/26 23:00:00,A,Y15-74,PC_ACT,T,RS,2011-01-01,25.0,,
ESTAT:UNE_RT_A(1.0),29/04/26 23:00:00,A,Y15-74,PC_ACT,T,SE,2011-01-01,7.9,,
ESTAT:UNE_RT_A(1.0),29/04/26 23:00:00,A,Y15-74,PC_ACT,T,SI,2011-01-01,8.2,,
ESTAT:UNE_RT_A(1.0),29/04/26 23:00:00,A,Y15-74,PC_ACT,T,SK,2011-01-01,13.5,b,
ESTAT:UNE_RT_A(1.0),29/04/26 23:00:00,A,Y15-74,PC_ACT,T,TR,2011-01-01,8.8,,
ESTAT:UNE_RT_A(1.0),29/04/26 23:00:00,A,Y25-54,PC_ACT,F,AT,2011-01-01,4.3,,
ESTAT:UNE_RT_A(1.0),29/04/26 23:00:00,A,Y25-54,PC_ACT,F,BE,2011-01-01,6.4,,
ESTAT:UNE_RT_A(1.0),29/04/26 23:00:00,A,Y25-54,PC_ACT,F,BG,2011-01-01,10.3,b,
ESTAT:UNE_RT_A(1.0),29/04/26 23:00:00,A,Y25-54,PC_ACT,F,CH,2011-01-01,4.5,,
ESTAT:UNE_RT_A(1.0),29/04/26 23:00:00,A,Y25-54,PC_ACT,F,CY,2011-01-01,6.4,,
ESTAT:UNE_RT_A(1.0),29/04/26 23:00:00,A,Y25-54,PC_ACT,F,CZ,2011-01-01,7.6,b,
ESTAT:UNE_RT_A(1.0),29/04/26 23:00:00,A,Y25-54,PC_ACT,F,DE,2011-01-01,4.8,b,
ESTAT:UNE_RT_A(1.0),29/04/26 23:00:00,A,Y25-54,PC_ACT,F,DK,2011-01-01,6.9,,
ESTAT:UNE_RT_A(1.0),29/04/26 23:00:00,A,Y25-54,PC_ACT,F,EA20,2011-01-01,9.8,,
ESTAT:UNE_RT_A(1.0),29/04/26 23:00:00,A,Y25-54,PC_ACT,F,EA21,2011-01-01,9.8,,
ESTAT:UNE_RT_A(1.0),29/04/26 23:00:00,A,Y25-54,PC_ACT,F,EE,2011-01-01,11.3,,
ESTAT:UNE_RT_A(1.0),29/04/26 23:00:00,A,Y25-54,PC_ACT,F,EL,2011-01-01,20.9,,
ESTAT:UNE_RT_A(1.0),29/04/26 23:00:00,A,Y25-54,PC_ACT,F,ES,2011-01-01,20.5,,
ESTAT:UNE_RT_A(1.0),29/04/26 23:00:00,A,Y25-54,PC_ACT,F,EU27_2020,2011-01-01,9.5,,
ESTAT:UNE_RT_A(1.0),29/04/26 23:00:00,A,Y25-54,PC_ACT,F,FI,2011-01-01,5.7,,
ESTAT:UNE_RT_A(1.0),29/04/26 23:00:00,A,Y25-54,PC_ACT,F,FR,2011-01-01,8.0,,
ESTAT:UNE_RT_A(1.0),29/04/26 23:00:00,A,Y25-54,PC_ACT,F,HR,2011-01-01,12.7,,
ESTAT:UNE_RT_A(1.0),29/04/26 23:00:00,A,Y25-54,PC_ACT,F,HU,2011-01-01,9.6,,
ESTAT:UNE_RT_A(1.0),29/04/26 23:00:00,A,Y25-54,PC_ACT,F,IE,2011-01-01,11.6,,
ESTAT:UNE_RT_A(1.0),29/04/26 23:00:00,A,Y25-54,PC_ACT,F,IS,2011-01-01,5.7,,
ESTAT:UNE_RT_A(1.0),29/04/26 23:00:00,A,Y25-54,PC_ACT,F,IT,2011-01-01,8.9,,
ESTAT:UNE_RT_A(1.0),29/04/26 23:00:00,A,Y25-54,PC_ACT,F,LT,2011-01-01,12.1,,
ESTAT:UNE_RT_A(1.0),29/04/26 23:00:00,A,Y25-54,PC_ACT,F,LU,2011-01-01,5.5,,
ESTAT:UNE_RT_A(1.0),29/04/26 23:00:00,A,Y25-54,PC_ACT,F,LV,2011-01-01,12.4,,
ESTAT:UNE_RT_A(1.0),29/04/26 23:00:00,A,Y25-54,PC_ACT,F,ME,2011-01-01,19.5,,
ESTAT:UNE_RT_A(1.0),29/04/26 23:00:00,A,Y25-54,PC_ACT,F,MK,2011-01-01,28.9,,
ESTAT:UNE_RT_A(1.0),29/04/26 23:00:00,A,Y25-54,PC_ACT,F,MT,2011-01-01,5.9,,
ESTAT:UNE_RT_A(1.0),29/04/26 23:00:00,A,Y25-54,PC_ACT,F,NL,2011-01-01,5.6,,
ESTAT:UNE_RT_A(1.0),29/04/26 23:00:00,A,Y25-54,PC_ACT,F,NO,2011-01-01,2.5,,
ESTAT:UNE_RT_A(1.0),29/04/26 23:00:00,A,Y25-54,PC_ACT,F,PL,2011-01-01,9.3,,
ESTAT:UNE_RT_A(1.0),29/04/26 23:00:00,A,Y25-54,PC_ACT,F,PT,2011-01-01,12.6,,
ESTAT:UNE_RT_A(1.0),29/04/26 23:00:00,A,Y25-54,PC_ACT,F,RO,2011-01-01,7.3,,
ESTAT:UNE_RT_A(1.0),29/04/26 23:00:00,A,Y25-54,PC_ACT,F,RS,2011-01-01,24.9,,
ESTAT:UNE_RT_A(1.0),29/04/26 23:00:00,A,Y25-54,PC_ACT,F,SE,2011-01-01,6.1,,
ESTAT:UNE_RT_A(1.0),29/04/26 23:00:00,A,Y25-54,PC_ACT,F,SI,2011-01-01,7.9,,
ESTAT:UNE_RT_A(1.0),29/04/26 23:00:00,A,Y25-54,PC_ACT,F,SK,2011-01-01,12.7,b,
ESTAT:UNE_RT_A(1.0),29/04/26 23:00:00,A,Y25-54,PC_ACT,F,TR,2011-01-01,8.7,,
ESTAT:UNE_RT_A(1.0),29/04/26 23:00:00,A,Y25-54,PC_ACT,M,AT,2011-01-01,4.3,,
ESTAT:UNE_RT_A(1.0),29/04/26 23:00:00,A,Y25-54,PC_ACT,M,BE,2011-01-01,6.5,,
ESTAT:UNE_RT_A(1.0),29/04/26 23:00:00,A,Y25-54,PC_ACT,M,BG,2011-01-01,12.6,b,
ESTAT:UNE_RT_A(1.0),29/04/26 23:00:00,A,Y25-54,PC_ACT,M,CH,2011-01-01,3.7,,
ESTAT:UNE_RT_A(1.0),29/04/26 23:00:00,A,Y25-54,PC_ACT,M,CY,2011-01-01,7.2,,
ESTAT:UNE_RT_A(1.0),29/04/26 23:00:00,A,Y25-54,PC_ACT,M,CZ,2011-01-01,4.6,b,
ESTAT:UNE_RT_A(1.0),29/04/26 23:00:00,A,Y25-54,PC_ACT,M,DE,2011-01-01,5.2,b,
ESTAT:UNE_RT_A(1.0),29/04/26 23:00:00,A,Y25-54,PC_ACT,M,DK,2011-01-01,6.3,,
ESTAT:UNE_RT_A(1.0),29/04/26 23:00:00,A,Y25-54,PC_ACT,M,EA20,2011-01-01,9.1,,
ESTAT:UNE_RT_A(1.0),29/04/26 23:00:00,A,Y25-54,PC_ACT,M,EA21,2011-01-01,9.2,,
ESTAT:UNE_RT_A(1.0),29/04/26 23:00:00,A,Y25-54,PC_ACT,M,EE,2011-01-01,11.4,,
ESTAT:UNE_RT_A(1.0),29/04/26 23:00:00,A,Y25-54,PC_ACT,M,EL,2011-01-01,14.7,,
ESTAT:UNE_RT_A(1.0),29/04/26 23:00:00,A,Y25-54,PC_ACT,M,ES,2011-01-01,19.4,,
ESTAT:UNE_RT_A(1.0),29/04/26 23:00:00,A,Y25-54,PC_ACT,M,EU27_2020,2011-01-01,8.8,,
ESTAT:UNE_RT_A(1.0),29/04/26 23:00:00,A,Y25-54,PC_ACT,M,FI,2011-01-01,6.9,,
ESTAT:UNE_RT_A(1.0),29/04/26 23:00:00,A,Y25-54,PC_ACT,M,FR,2011-01-01,7.7,,
ESTAT:UNE_RT_A(1.0),29/04/26 23:00:00,A,Y25-54,PC_ACT,M,HR,2011-01-01,11.9,,
ESTAT:UNE_RT_A(1.0),29/04/26 23:00:00,A,Y25-54,PC_ACT,M,HU,2011-01-01,9.9,,
ESTAT:UNE_RT_A(1.0),29/04/26 23:00:00,A,Y25-54,PC_ACT,M,IE,2011-01-01,16.1,,
ESTAT:UNE_RT_A(1.0),29/04/26 23:00:00,A,Y25-54,PC_ACT,M,IS,2011-01-01,5.6,,
ESTAT:UNE_RT_A(1.0),29/04/26 23:00:00,A,Y25-54,PC_ACT,M,IT,2011-01-01,6.7,,
ESTAT:UNE_RT_A(1.0),29/04/26 23:00:00,A,Y25-54,PC_ACT,M,LT,2011-01-01,16.5,,
ESTAT:UNE_RT_A(1.0),29/04/26 23:00:00,A,Y25-54,PC_ACT,M,LU,2011-01-01,3.3,,
ESTAT:UNE_RT_A(1.0),29/04/26 23:00:00,A,Y25-54,PC_ACT,M,LV,2011-01-01,17.5,,
ESTAT:UNE_RT_A(1.0),29/04/26 23:00:00,A,Y25-54,PC_ACT,M,ME,2011-01-01,19.1,,
ESTAT:UNE_RT_A(1.0),29/04/26 23:00:00,A,Y25-54,PC_ACT,M,MK,2011-01-01,28.6,,
ESTAT:UNE_RT_A(1.0),29/04/26 23:00:00,A,Y25-54,PC_ACT,M,MT,2011-01-01,5.2,,
ESTAT:UNE_RT_A(1.0),29/04/26 23:00:00,A,Y25-54,PC_ACT,M,NL,2011-01-01,3.9,,
ESTAT:UNE_RT_A(1.0),29/04/26 23:00:00,A,Y25-54,PC_ACT,M,NO,2011-01-01,2.9,,
ESTAT:UNE_RT_A(1.0),29/04/26 23:00:00,A,Y25-54,PC_ACT,M,PL,2011-01-01,7.7,,
ESTAT:UNE_RT_A(1.0),29/04/26 23:00:00,A,Y25-54,PC_ACT,M,PT,2011-01-01,11.7,,
ESTAT:UNE_RT_A(1.0),29/04/26 23:00:00,A,Y25-54,PC_ACT,M,RO,2011-01-01,7.8,,
ESTAT:UNE_RT_A(1.0),29/04/26 23:00:00,A,Y25-54,PC_ACT,M,RS,2011-01-01,22.3,,
ESTAT:UNE_RT_A(1.0),29/04/26 23:00:00,A,Y25-54,PC_ACT,M,SE,2011-01-01,5.9,,
ESTAT:UNE_RT_A(1.0),29/04/26 23:00:00,A,Y25-54,PC_ACT,M,SI,2011-01-01,7.7,,
ESTAT:UNE_RT_A(1.0),29/04/26 23:00:00,A,Y25-54,PC_ACT,M,SK,2011-01-01,11.5,b,
ESTAT:UNE_RT_A(1.0),29/04/26 23:00:00,A,Y25-54,PC_ACT,M,TR,2011-01-01,7.3,,
ESTAT:UNE_RT_A(1.0),29/04/26 23:00:00,A,Y25-54,PC_ACT,T,AT,2011-01-01,4.3,,
ESTAT:UNE_RT_A(1.0),29/04/26 23:00:00,A,Y25-54,PC_ACT,T,BE,2011-01-01,6.4,,
ESTAT:UNE_RT_A(1.0),29/04/26 23:00:00,A,Y25-54,PC_ACT,T,BG,2011-01-01,11.5,b,
ESTAT:UNE_RT_A(1.0),29/04/26 23:00:00,A,Y25-54,PC_ACT,T,CH,2011-01-01,4.1,,
ESTAT:UNE_RT_A(1.0),29/04/26 23:00:00,A,Y25-54,PC_ACT,T,CY,2011-01-01,6.8,,
ESTAT:UNE_RT_A(1.0),29/04/26 23:00:00,A,Y25-54,PC_ACT,T,CZ,2011-01-01,5.9,b,
ESTAT:UNE_RT_A(1.0),29/04/26 23:00:00,A,Y25-54,PC_ACT,T,DE,2011-01-01,5.0,b,
ESTAT:UNE_RT_A(1.0),29/04/26 23:00:00,A,Y25-54,PC_ACT,T,DK,2011-01-01,6.5,,
ESTAT:UNE_RT_A(1.0),29/04/26 23:00:00,A,Y25-54,PC_ACT,T,EA20,2011-01-01,9.4,,
ESTAT:UNE_RT_A(1.0),29/04/26 23:00:00,A,Y25-54,PC_ACT,T,EA21,2011-01-01,9.5,,
ESTAT:UNE_RT_A(1.0),29/04/26 23:00:00,A,Y25-54,PC_ACT,T,EE,2011-01-01,11.4,,
ESTAT:UNE_RT_A(1.0),29/04/26 23:00:00,A,Y25-54,PC_ACT,T,EL,2011-01-01,17.4,,
ESTAT:UNE_RT_A(1.0),29/04/26 23:00:00,A,Y25-54,PC_ACT,T,ES,2011-01-01,19.9,,
ESTAT:UNE_RT_A(1.0),29/04/26 23:00:00,A,Y25-54,PC_ACT,T,EU27_2020,2011-01-01,9.1,,
ESTAT:UNE_RT_A(1.0),29/04/26 23:00:00,A,Y25-54,PC_ACT,T,FI,2011-01-01,6.3,,
ESTAT:UNE_RT_A(1.0),29/04/26 23:00:00,A,Y25-54,PC_ACT,T,FR,2011-01-01,7.9,,
ESTAT:UNE_RT_A(1.0),29/04/26 23:00:00,A,Y25-54,PC_ACT,T,HR,2011-01-01,12.3,,
ESTAT:UNE_RT_A(1.0),29/04/26 23:00:00,A,Y25-54,PC_ACT,T,HU,2011-01-01,9.7,,
ESTAT:UNE_RT_A(1.0),29/04/26 23:00:00,A,Y25-54,PC_ACT,T,IE,2011-01-01,14.1,,
ESTAT:UNE_RT_A(1.0),29/04/26 23:00:00,A,Y25-54,PC_ACT,T,IS,2011-01-01,5.6,,
ESTAT:UNE_RT_A(1.0),29/04/26 23:00:00,A,Y25-54,PC_ACT,T,IT,2011-01-01,7.6,,
ESTAT:UNE_RT_A(1.0),29/04/26 23:00:00,A,Y25-54,PC_ACT,T,LT,2011-01-01,14.3,,
ESTAT:UNE_RT_A(1.0),29/04/26 23:00:00,A,Y25-54,PC_ACT,T,LU,2011-01-01,4.3,,
ESTAT:UNE_RT_A(1.0),29/04/26 23:00:00,A,Y25-54,PC_ACT,T,LV,2011-01-01,14.9,,
ESTAT:UNE_RT_A(1.0),29/04/26 23:00:00,A,Y25-54,PC_ACT,T,ME,2011-01-01,19.3,,
ESTAT:UNE_RT_A(1.0),29/04/26 23:00:00,A,Y25-54,PC_ACT,T,MK,2011-01-01,28.7,,
ESTAT:UNE_RT_A(1.0),29/04/26 23:00:00,A,Y25-54,PC_ACT,T,MT,2011-01-01,5.4,,
ESTAT:UNE_RT_A(1.0),29/04/26 23:00:00,A,Y25-54,PC_ACT,T,NL,2011-01-01,4.7,,
ESTAT:UNE_RT_A(1.0),29/04/26 23:00:00,A,Y25-54,PC_ACT,T,NO,2011-01-01,2.7,,
ESTAT:UNE_RT_A(1.0),29/04/26 23:00:00,A,Y25-54,PC_ACT,T,PL,2011-01-01,8.4,,
ESTAT:UNE_RT_A(1.0),29/04/26 23:00:00,A,Y25-54,PC_ACT,T,PT,2011-01-01,12.1,,
ESTAT:UNE_RT_A(1.0),29/04/26 23:00:00,A,Y25-54,PC_ACT,T,RO,2011-01-01,7.6,,
ESTAT:UNE_RT_A(1.0),29/04/26 23:00:00,A,Y25-54,PC_ACT,T,RS,2011-01-01,23.5,,
ESTAT:UNE_RT_A(1.0),29/04/26 23:00:00,A,Y25-54,PC_ACT,T,SE,2011-01-01,6.0,,
ESTAT:UNE_RT_A(1.0),29/04/26 23:00:00,A,Y25-54,PC_ACT,T,SI,2011-01-01,7.8,,
ESTAT:UNE_RT_A(1.0),29/04/26 23:00:00,A,Y25-54,PC_ACT,T,SK,2011-01-01,12.1,b,
ESTAT:UNE_RT_A(1.0),29/04/26 23:00:00,A,Y25-54,PC_ACT,T,TR,2011-01-01,7.7,,
ESTAT:UNE_RT_A(1.0),29/04/26 23:00:00,A,Y55-74,PC_ACT,F,AT,2011-01-01,2.4,u,
ESTAT:UNE_RT_A(1.0),29/04/26 23:00:00,A,Y55-74,PC_ACT,F,BE,2011-01-01,4.2,,
ESTAT:UNE_RT_A(1.0),29/04/26 23:00:00,A,Y55-74,PC_ACT,F,BG,2011-01-01,8.9,b,
ESTAT:UNE_RT_A(1.0),29/04/26 23:00:00,A,Y55-74,PC_ACT,F,CH,2011-01-01,3.4,,
ESTAT:UNE_RT_A(1.0),29/04/26 23:00:00,A,Y55-74,PC_ACT,F,CY,2011-01-01,4.1,u,
ESTAT:UNE_RT_A(1.0),29/04/26 23:00:00,A,Y55-74,PC_ACT,F,CZ,2011-01-01,5.4,b,
ESTAT:UNE_RT_A(1.0),29/04/26 23:00:00,A,Y55-74,PC_ACT,F,DE,2011-01-01,5.5,b,
ESTAT:UNE_RT_A(1.0),29/04/26 23:00:00,A,Y55-74,PC_ACT,F,DK,2011-01-01,4.2,,
ESTAT:UNE_RT_A(1.0),29/04/26 23:00:00,A,Y55-74,PC_ACT,F,EA20,2011-01-01,6.5,,
ESTAT:UNE_RT_A(1.0),29/04/26 23:00:00,A,Y55-74,PC_ACT,F,EA21,2011-01-01,6.5,,
ESTAT:UNE_RT_A(1.0),29/04/26 23:00:00,A,Y55-74,PC_ACT,F,EE,2011-01-01,8.1,,
ESTAT:UNE_RT_A(1.0),29/04/26 23:00:00,A,Y55-74,PC_ACT,F,EL,2011-01-01,7.9,,
ESTAT:UNE_RT_A(1.0),29/04/26 23:00:00,A,Y55-74,PC_ACT,F,ES,2011-01-01,14.1,,
ESTAT:UNE_RT_A(1.0),29/04/26 23:00:00,A,Y55-74,PC_ACT,F,EU27_2020,2011-01-01,6.3,,
ESTAT:UNE_RT_A(1.0),29/04/26 23:00:00,A,Y55-74,PC_ACT,F,FI,2011-01-01,5.1,,
ESTAT:UNE_RT_A(1.0),29/04/26 23:00:00,A,Y55-74,PC_ACT,F,FR,2011-01-01,5.5,,
ESTAT:UNE_RT_A(1.0),29/04/26 23:00:00,A,Y55-74,PC_ACT,F,HR,2011-01-01,5.6,u,
ESTAT:UNE_RT_A(1.0),29/04/26 23:00:00,A,Y55-74,PC_ACT,F,HU,2011-01-01,7.9,,
ESTAT:UNE_RT_A(1.0),29/04/26 23:00:00,A,Y55-74,PC_ACT,F,IE,2011-01-01,6.8,,
ESTAT:UNE_RT_A(1.0),29/04/26 23:00:00,A,Y55-74,PC_ACT,F,IS,2011-01-01,3.9,,
ESTAT:UNE_RT_A(1.0),29/04/26 23:00:00,A,Y55-74,PC_ACT,F,IT,2011-01-01,2.6,,
ESTAT:UNE_RT_A(1.0),29/04/26 23:00:00,A,Y55-74,PC_ACT,F,LT,2011-01-01,9.8,,
ESTAT:UNE_RT_A(1.0),29/04/26 23:00:00,A,Y55-74,PC_ACT,F,LU,2011-01-01,,u,
ESTAT:UNE_RT_A(1.0),29/04/26 23:00:00,A,Y55-74,PC_ACT,F,LV,2011-01-01,11.7,,
ESTAT:UNE_RT_A(1.0),29/04/26 23:00:00,A,Y55-74,PC_ACT,F,ME,2011-01-01,11.4,u,
ESTAT:UNE_RT_A(1.0),29/04/26 23:00:00,A,Y55-74,PC_ACT,F,MK,2011-01-01,22.9,,
ESTAT:UNE_RT_A(1.0),29/04/26 23:00:00,A,Y55-74,PC_ACT,F,NL,2011-01-01,6.5,,
ESTAT:UNE_RT_A(1.0),29/04/26 23:00:00,A,Y55-74,PC_ACT,F,NO,2011-01-01,1.2,,
ESTAT:UNE_RT_A(1.0),29/04/26 23:00:00,A,Y55-74,PC_ACT,F,PL,2011-01-01,6.3,,
ESTAT:UNE_RT_A(1.0),29/04/26 23:00:00,A,Y55-74,PC_ACT,F,PT,2011-01-01,10.4,,
ESTAT:UNE_RT_A(1.0),29/04/26 23:00:00,A,Y55-74,PC_ACT,F,RO,2011-01-01,2.8,u,
ESTAT:UNE_RT_A(1.0),29/04/26 23:00:00,A,Y55-74,PC_ACT,F,RS,2011-01-01,14.6,,
ESTAT:UNE_RT_A(1.0),29/04/26 23:00:00,A,Y55-74,PC_ACT,F,SE,2011-01-01,4.4,,
ESTAT:UNE_RT_A(1.0),29/04/26 23:00:00,A,Y55-74,PC_ACT,F,SI,2011-01-01,3.3,u,
ESTAT:UNE_RT_A(1.0),29/04/26 23:00:00,A,Y55-74,PC_ACT,F,SK,2011-01-01,9.0,b,
ESTAT:UNE_RT_A(1.0),29/04/26 23:00:00,A,Y55-74,PC_ACT,F,TR,2011-01-01,1.1,,
ESTAT:UNE_RT_A(1.0),29/04/26 23:00:00,A,Y55-74,PC_ACT,M,AT,2011-01-01,4.2,,
ESTAT:UNE_RT_A(1.0),29/04/26 23:00:00,A,Y55-74,PC_ACT,M,BE,2011-01-01,3.7,,
ESTAT:UNE_RT_A(1.0),29/04/26 23:00:00,A,Y55-74,PC_ACT,M,BG,2011-01-01,9.7,b,
ESTAT:UNE_RT_A(1.0),29/04/26 23:00:00,A,Y55-74,PC_ACT,M,CH,2011-01-01,3.0,,
ESTAT:UNE_RT_A(1.0),29/04/26 23:00:00,A,Y55-74,PC_ACT,M,CY,2011-01-01,4.4,,
ESTAT:UNE_RT_A(1.0),29/04/26 23:00:00,A,Y55-74,PC_ACT,M,CZ,2011-01-01,5.5,b,
ESTAT:UNE_RT_A(1.0),29/04/26 23:00:00,A,Y55-74,PC_ACT,M,DE,2011-01-01,5.5,b,
ESTAT:UNE_RT_A(1.0),29/04/26 23:00:00,A,Y55-74,PC_ACT,M,DK,2011-01-01,5.7,,
ESTAT:UNE_RT_A(1.0),29/04/26 23:00:00,A,Y55-74,PC_ACT,M,EA20,2011-01-01,7.0,,
ESTAT:UNE_RT_A(1.0),29/04/26 23:00:00,A,Y55-74,PC_ACT,M,EA21,2011-01-01,7.1,,
ESTAT:UNE_RT_A(1.0),29/04/26 23:00:00,A,Y55-74,PC_ACT,M,EE,2011-01-01,13.1,,
ESTAT:UNE_RT_A(1.0),29/04/26 23:00:00,A,Y55-74,PC_ACT,M,EL,2011-01-01,8.0,,
ESTAT:UNE_RT_A(1.0),29/04/26 23:00:00,A,Y55-74,PC_ACT,M,ES,2011-01-01,14.7,,
ESTAT:UNE_RT_A(1.0),29/04/26 23:00:00,A,Y55-74,PC_ACT,M,EU27_2020,2011-01-01,7.0,,
ESTAT:UNE_RT_A(1.0),29/04/26 23:00:00,A,Y55-74,PC_ACT,M,FI,2011-01-01,7.0,,
ESTAT:UNE_RT_A(1.0),29/04/26 23:00:00,A,Y55-74,PC_ACT,M,FR,2011-01-01,5.8,,
ESTAT:UNE_RT_A(1.0),29/04/26 23:00:00,A,Y55-74,PC_ACT,M,HR,2011-01-01,7.9,,
ESTAT:UNE_RT_A(1.0),29/04/26 23:00:00,A,Y55-74,PC_ACT,M,HU,2011-01-01,9.4,,
ESTAT:UNE_RT_A(1.0),29/04/26 23:00:00,A,Y55-74,PC_ACT,M,IE,2011-01-01,9.8,,
ESTAT:UNE_RT_A(1.0),29/04/26 23:00:00,A,Y55-74,PC_ACT,M,IS,2011-01-01,6.3,,
ESTAT:UNE_RT_A(1.0),29/04/26 23:00:00,A,Y55-74,PC_ACT,M,IT,2011-01-01,4.2,,
ESTAT:UNE_RT_A(1.0),29/04/26 23:00:00,A,Y55-74,PC_ACT,M,LT,2011-01-01,14.3,,
ESTAT:UNE_RT_A(1.0),29/04/26 23:00:00,A,Y55-74,PC_ACT,M,LU,2011-01-01,,u,
ESTAT:UNE_RT_A(1.0),29/04/26 23:00:00,A,Y55-74,PC_ACT,M,LV,2011-01-01,15.6,,
ESTAT:UNE_RT_A(1.0),29/04/26 23:00:00,A,Y55-74,PC_ACT,M,ME,2011-01-01,10.9,,
ESTAT:UNE_RT_A(1.0),29/04/26 23:00:00,A,Y55-74,PC_ACT,M,MK,2011-01-01,29.2,,
ESTAT:UNE_RT_A(1.0),29/04/26 23:00:00,A,Y55-74,PC_ACT,M,MT,2011-01-01,2.7,u,
ESTAT:UNE_RT_A(1.0),29/04/26 23:00:00,A,Y55-74,PC_ACT,M,NL,2011-01-01,5.2,,
ESTAT:UNE_RT_A(1.0),29/04/26 23:00:00,A,Y55-74,PC_ACT,M,NO,2011-01-01,1.3,,
ESTAT:UNE_RT_A(1.0),29/04/26 23:00:00,A,Y55-74,PC_ACT,M,PL,2011-01-01,7.4,,
ESTAT:UNE_RT_A(1.0),29/04/26 23:00:00,A,Y55-74,PC_ACT,M,PT,2011-01-01,11.6,,
ESTAT:UNE_RT_A(1.0),29/04/26 23:00:00,A,Y55-74,PC_ACT,M,RO,2011-01-01,6.7,,
ESTAT:UNE_RT_A(1.0),29/04/26 23:00:00,A,Y55-74,PC_ACT,M,RS,2011-01-01,16.9,,
ESTAT:UNE_RT_A(1.0),29/04/26 23:00:00,A,Y55-74,PC_ACT,M,SE,2011-01-01,5.3,,
ESTAT:UNE_RT_A(1.0),29/04/26 23:00:00,A,Y55-74,PC_ACT,M,SI,2011-01-01,6.5,,
ESTAT:UNE_RT_A(1.0),29/04/26 23:00:00,A,Y55-74,PC_ACT,M,SK,2011-01-01,10.1,b,
ESTAT:UNE_RT_A(1.0),29/04/26 23:00:00,A,Y55-74,PC_ACT,M,TR,2011-01-01,4.6,,
ESTAT:UNE_RT_A(1.0),29/04/26 23:00:00,A,Y55-74,PC_ACT,T,AT,2011-01-01,3.5,,
ESTAT:UNE_RT_A(1.0),29/04/26 23:00:00,A,Y55-74,PC_ACT,T,BE,2011-01-01,3.9,,
ESTAT:UNE_RT_A(1.0),29/04/26 23:00:00,A,Y55-74,PC_ACT,T,BG,2011-01-01,9.3,b,
ESTAT:UNE_RT_A(1.0),29/04/26 23:00:00,A,Y55-74,PC_ACT,T,CH,2011-01-01,3.2,,
ESTAT:UNE_RT_A(1.0),29/04/26 23:00:00,A,Y55-74,PC_ACT,T,CY,2011-01-01,4.3,,
ESTAT:UNE_RT_A(1.0),29/04/26 23:00:00,A,Y55-74,PC_ACT,T,CZ,2011-01-01,5.4,b,
ESTAT:UNE_RT_A(1.0),29/04/26 23:00:00,A,Y55-74,PC_ACT,T,DE,2011-01-01,5.5,b,
ESTAT:UNE_RT_A(1.0),29/04/26 23:00:00,A,Y55-74,PC_ACT,T,DK,2011-01-01,5.0,,
ESTAT:UNE_RT_A(1.0),29/04/26 23:00:00,A,Y55-74,PC_ACT,T,EA20,2011-01-01,6.8,,
ESTAT:UNE_RT_A(1.0),29/04/26 23:00:00,A,Y55-74,PC_ACT,T,EA21,2011-01-01,6.9,,
ESTAT:UNE_RT_A(1.0),29/04/26 23:00:00,A,Y55-74,PC_ACT,T,EE,2011-01-01,10.3,,
ESTAT:UNE_RT_A(1.0),29/04/26 23:00:00,A,Y55-74,PC_ACT,T,EL,2011-01-01,7.9,,
ESTAT:UNE_RT_A(1.0),29/04/26 23:00:00,A,Y55-74,PC_ACT,T,ES,2011-01-01,14.5,,
ESTAT:UNE_RT_A(1.0),29/04/26 23:00:00,A,Y55-74,PC_ACT,T,EU27_2020,2011-01-01,6.7,,
ESTAT:UNE_RT_A(1.0),29/04/26 23:00:00,A,Y55-74,PC_ACT,T,FI,2011-01-01,6.1,,
ESTAT:UNE_RT_A(1.0),29/04/26 23:00:00,A,Y55-74,PC_ACT,T,FR,2011-01-01,5.7,,
ESTAT:UNE_RT_A(1.0),29/04/26 23:00:00,A,Y55-74,PC_ACT,T,HR,2011-01-01,7.0,,
ESTAT:UNE_RT_A(1.0),29/04/26 23:00:00,A,Y55-74,PC_ACT,T,HU,2011-01-01,8.7,,
ESTAT:UNE_RT_A(1.0),29/04/26 23:00:00,A,Y55-74,PC_ACT,T,IE,2011-01-01,8.6,,
ESTAT:UNE_RT_A(1.0),29/04/26 23:00:00,A,Y55-74,PC_ACT,T,IS,2011-01-01,5.2,,
ESTAT:UNE_RT_A(1.0),29/04/26 23:00:00,A,Y55-74,PC_ACT,T,IT,2011-01-01,3.7,,
ESTAT:UNE_RT_A(1.0),29/04/26 23:00:00,A,Y55-74,PC_ACT,T,LT,2011-01-01,12.0,,
ESTAT:UNE_RT_A(1.0),29/04/26 23:00:00,A,Y55-74,PC_ACT,T,LU,2011-01-01,2.7,u,
ESTAT:UNE_RT_A(1.0),29/04/26 23:00:00,A,Y55-74,PC_ACT,T,LV,2011-01-01,13.4,,
ESTAT:UNE_RT_A(1.0),29/04/26 23:00:00,A,Y55-74,PC_ACT,T,ME,2011-01-01,11.1,,
ESTAT:UNE_RT_A(1.0),29/04/26 23:00:00,A,Y55-74,PC_ACT,T,MK,2011-01-01,27.1,,
ESTAT:UNE_RT_A(1.0),29/04/26 23:00:00,A,Y55-74,PC_ACT,T,MT,2011-01-01,2.8,u,
ESTAT:UNE_RT_A(1.0),29/04/26 23:00:00,A,Y55-74,PC_ACT,T,NL,2011-01-01,5.7,,
ESTAT:UNE_RT_A(1.0),29/04/26 23:00:00,A,Y55-74,PC_ACT,T,NO,2011-01-01,1.2,,
ESTAT:UNE_RT_A(1.0),29/04/26 23:00:00,A,Y55-74,PC_ACT,T,PL,2011-01-01,7.0,,
ESTAT:UNE_RT_A(1.0),29/04/26 23:00:00,A,Y55-74,PC_ACT,T,PT,2011-01-01,11.1,,
ESTAT:UNE_RT_A(1.0),29/04/26 23:00:00,A,Y55-74,PC_ACT,T,RO,2011-01-01,5.2,,
ESTAT:UNE_RT_A(1.0),29/04/26 23:00:00,A,Y55-74,PC_ACT,T,RS,2011-01-01,16.2,,
ESTAT:UNE_RT_A(1.0),29/04/26 23:00:00,A,Y55-74,PC_ACT,T,SE,2011-01-01,4.9,,
ESTAT:UNE_RT_A(1.0),29/04/26 23:00:00,A,Y55-74,PC_ACT,T,SI,2011-01-01,5.3,,
ESTAT:UNE_RT_A(1.0),29/04/26 23:00:00,A,Y55-74,PC_ACT,T,SK,2011-01-01,9.7,b,
ESTAT:UNE_RT_A(1.0),29/04/26 23:00:00,A,Y55-74,PC_ACT,T,TR,2011-01-01,3.6,,
ESTAT:UNE_RT_A(1.0),29/04/26 23:00:00,A,Y15-24,PC_ACT,F,AT,2012-01-01,9.6,,
ESTAT:UNE_RT_A(1.0),29/04/26 23:00:00,A,Y15-24,PC_ACT,F,BE,2012-01-01,19.0,,
ESTAT:UNE_RT_A(1.0),29/04/26 23:00:00,A,Y15-24,PC_ACT,F,BG,2012-01-01,30.6,,
ESTAT:UNE_RT_A(1.0),29/04/26 23:00:00,A,Y15-24,PC_ACT,F,CH,2012-01-01,8.0,,
ESTAT:UNE_RT_A(1.0),29/04/26 23:00:00,A,Y15-24,PC_ACT,F,CY,2012-01-01,26.7,,
ESTAT:UNE_RT_A(1.0),29/04/26 23:00:00,A,Y15-24,PC_ACT,F,CZ,2012-01-01,19.0,,
ESTAT:UNE_RT_A(1.0),29/04/26 23:00:00,A,Y15-24,PC_ACT,F,DE,2012-01-01,7.8,,
ESTAT:UNE_RT_A(1.0),29/04/26 23:00:00,A,Y15-24,PC_ACT,F,DK,2012-01-01,14.8,,
ESTAT:UNE_RT_A(1.0),29/04/26 23:00:00,A,Y15-24,PC_ACT,F,EA20,2012-01-01,24.1,,
ESTAT:UNE_RT_A(1.0),29/04/26 23:00:00,A,Y15-24,PC_ACT,F,EA21,2012-01-01,24.2,,
ESTAT:UNE_RT_A(1.0),29/04/26 23:00:00,A,Y15-24,PC_ACT,F,EE,2012-01-01,18.2,,
ESTAT:UNE_RT_A(1.0),29/04/26 23:00:00,A,Y15-24,PC_ACT,F,EL,2012-01-01,63.4,,
ESTAT:UNE_RT_A(1.0),29/04/26 23:00:00,A,Y15-24,PC_ACT,F,ES,2012-01-01,51.4,,
ESTAT:UNE_RT_A(1.0),29/04/26 23:00:00,A,Y15-24,PC_ACT,F,EU27_2020,2012-01-01,24.4,,
ESTAT:UNE_RT_A(1.0),29/04/26 23:00:00,A,Y15-24,PC_ACT,F,FI,2012-01-01,18.2,,
ESTAT:UNE_RT_A(1.0),29/04/26 23:00:00,A,Y15-24,PC_ACT,F,FR,2012-01-01,27.9,,
ESTAT:UNE_RT_A(1.0),29/04/26 23:00:00,A,Y15-24,PC_ACT,F,HR,2012-01-01,42.3,,
ESTAT:UNE_RT_A(1.0),29/04/26 23:00:00,A,Y15-24,PC_ACT,F,HU,2012-01-01,26.3,,
ESTAT:UNE_RT_A(1.0),29/04/26 23:00:00,A,Y15-24,PC_ACT,F,IE,2012-01-01,23.5,,
ESTAT:UNE_RT_A(1.0),29/04/26 23:00:00,A,Y15-24,PC_ACT,F,IS,2012-01-01,12.3,,
ESTAT:UNE_RT_A(1.0),29/04/26 23:00:00,A,Y15-24,PC_ACT,F,IT,2012-01-01,37.6,,
ESTAT:UNE_RT_A(1.0),29/04/26 23:00:00,A,Y15-24,PC_ACT,F,LT,2012-01-01,22.7,,
ESTAT:UNE_RT_A(1.0),29/04/26 23:00:00,A,Y15-24,PC_ACT,F,LU,2012-01-01,18.6,,
ESTAT:UNE_RT_A(1.0),29/04/26 23:00:00,A,Y15-24,PC_ACT,F,LV,2012-01-01,29.5,,
ESTAT:UNE_RT_A(1.0),29/04/26 23:00:00,A,Y15-24,PC_ACT,F,ME,2012-01-01,37.6,,
ESTAT:UNE_RT_A(1.0),29/04/26 23:00:00,A,Y15-24,PC_ACT,F,MK,2012-01-01,51.8,,
ESTAT:UNE_RT_A(1.0),29/04/26 23:00:00,A,Y15-24,PC_ACT,F,MT,2012-01-01,14.5,,
ESTAT:UNE_RT_A(1.0),29/04/26 23:00:00,A,Y15-24,PC_ACT,F,NL,2012-01-01,12.0,,
ESTAT:UNE_RT_A(1.0),29/04/26 23:00:00,A,Y15-24,PC_ACT,F,NO,2012-01-01,9.6,,
ESTAT:UNE_RT_A(1.0),29/04/26 23:00:00,A,Y15-24,PC_ACT,F,PL,2012-01-01,30.0,,
ESTAT:UNE_RT_A(1.0),29/04/26 23:00:00,A,Y15-24,PC_ACT,F,PT,2012-01-01,39.4,,
ESTAT:UNE_RT_A(1.0),29/04/26 23:00:00,A,Y15-24,PC_ACT,F,RO,2012-01-01,29.1,,
ESTAT:UNE_RT_A(1.0),29/04/26 23:00:00,A,Y15-24,PC_ACT,F,RS,2012-01-01,59.7,,
ESTAT:UNE_RT_A(1.0),29/04/26 23:00:00,A,Y15-24,PC_ACT,F,SE,2012-01-01,21.7,,
ESTAT:UNE_RT_A(1.0),29/04/26 23:00:00,A,Y15-24,PC_ACT,F,SI,2012-01-01,21.4,,
ESTAT:UNE_RT_A(1.0),29/04/26 23:00:00,A,Y15-24,PC_ACT,F,SK,2012-01-01,35.4,,
ESTAT:UNE_RT_A(1.0),29/04/26 23:00:00,A,Y15-24,PC_ACT,F,TR,2012-01-01,17.8,,
ESTAT:UNE_RT_A(1.0),29/04/26 23:00:00,A,Y15-24,PC_ACT,M,AT,2012-01-01,10.3,,
ESTAT:UNE_RT_A(1.0),29/04/26 23:00:00,A,Y15-24,PC_ACT,M,BE,2012-01-01,20.7,,
ESTAT:UNE_RT_A(1.0),29/04/26 23:00:00,A,Y15-24,PC_ACT,M,BG,2012-01-01,31.5,,
ESTAT:UNE_RT_A(1.0),29/04/26 23:00:00,A,Y15-24,PC_ACT,M,CH,2012-01-01,8.6,,
ESTAT:UNE_RT_A(1.0),29/04/26 23:00:00,A,Y15-24,PC_ACT,M,CY,2012-01-01,28.8,,
ESTAT:UNE_RT_A(1.0),29/04/26 23:00:00,A,Y15-24,PC_ACT,M,CZ,2012-01-01,19.9,,
ESTAT:UNE_RT_A(1.0),29/04/26 23:00:00,A,Y15-24,PC_ACT,M,DE,2012-01-01,9.2,,
ESTAT:UNE_RT_A(1.0),29/04/26 23:00:00,A,Y15-24,PC_ACT,M,DK,2012-01-01,16.8,,
ESTAT:UNE_RT_A(1.0),29/04/26 23:00:00,A,Y15-24,PC_ACT,M,EA20,2012-01-01,24.4,,
ESTAT:UNE_RT_A(1.0),29/04/26 23:00:00,A,Y15-24,PC_ACT,M,EA21,2012-01-01,24.6,,
ESTAT:UNE_RT_A(1.0),29/04/26 23:00:00,A,Y15-24,PC_ACT,M,EE,2012-01-01,22.8,,
ESTAT:UNE_RT_A(1.0),29/04/26 23:00:00,A,Y15-24,PC_ACT,M,EL,2012-01-01,49.4,,
ESTAT:UNE_RT_A(1.0),29/04/26 23:00:00,A,Y15-24,PC_ACT,M,ES,2012-01-01,54.1,,
ESTAT:UNE_RT_A(1.0),29/04/26 23:00:00,A,Y15-24,PC_ACT,M,EU27_2020,2012-01-01,24.5,,
ESTAT:UNE_RT_A(1.0),29/04/26 23:00:00,A,Y15-24,PC_ACT,M,FI,2012-01-01,20.8,,
ESTAT:UNE_RT_A(1.0),29/04/26 23:00:00,A,Y15-24,PC_ACT,M,FR,2012-01-01,24.1,,
ESTAT:UNE_RT_A(1.0),29/04/26 23:00:00,A,Y15-24,PC_ACT,M,HR,2012-01-01,42.6,,
ESTAT:UNE_RT_A(1.0),29/04/26 23:00:00,A,Y15-24,PC_ACT,M,HU,2012-01-01,29.1,,
ESTAT:UNE_RT_A(1.0),29/04/26 23:00:00,A,Y15-24,PC_ACT,M,IE,2012-01-01,37.4,,
ESTAT:UNE_RT_A(1.0),29/04/26 23:00:00,A,Y15-24,PC_ACT,M,IS,2012-01-01,14.7,,
ESTAT:UNE_RT_A(1.0),29/04/26 23:00:00,A,Y15-24,PC_ACT,M,IT,2012-01-01,33.8,,
ESTAT:UNE_RT_A(1.0),29/04/26 23:00:00,A,Y15-24,PC_ACT,M,LT,2012-01-01,29.7,,
ESTAT:UNE_RT_A(1.0),29/04/26 23:00:00,A,Y15-24,PC_ACT,M,LU,2012-01-01,18.9,,
ESTAT:UNE_RT_A(1.0),29/04/26 23:00:00,A,Y15-24,PC_ACT,M,LV,2012-01-01,27.8,,
ESTAT:UNE_RT_A(1.0),29/04/26 23:00:00,A,Y15-24,PC_ACT,M,ME,2012-01-01,45.8,,
ESTAT:UNE_RT_A(1.0),29/04/26 23:00:00,A,Y15-24,PC_ACT,M,MK,2012-01-01,55.2,,
ESTAT:UNE_RT_A(1.0),29/04/26 23:00:00,A,Y15-24,PC_ACT,M,MT,2012-01-01,13.3,,
ESTAT:UNE_RT_A(1.0),29/04/26 23:00:00,A,Y15-24,PC_ACT,M,NL,2012-01-01,13.9,,
ESTAT:UNE_RT_A(1.0),29/04/26 23:00:00,A,Y15-24,PC_ACT,M,NO,2012-01-01,11.7,,
ESTAT:UNE_RT_A(1.0),29/04/26 23:00:00,A,Y15-24,PC_ACT,M,PL,2012-01-01,24.5,,
ESTAT:UNE_RT_A(1.0),29/04/26 23:00:00,A,Y15-24,PC_ACT,M,PT,2012-01-01,37.2,,
ESTAT:UNE_RT_A(1.0),29/04/26 23:00:00,A,Y15-24,PC_ACT,M,RO,2012-01-01,27.6,,
ESTAT:UNE_RT_A(1.0),29/04/26 23:00:00,A,Y15-24,PC_ACT,M,RS,2012-01-01,49.7,,
ESTAT:UNE_RT_A(1.0),29/04/26 23:00:00,A,Y15-24,PC_ACT,M,SE,2012-01-01,24.1,,
ESTAT:UNE_RT_A(1.0),29/04/26 23:00:00,A,Y15-24,PC_ACT,M,SI,2012-01-01,20.4,,
ESTAT:UNE_RT_A(1.0),29/04/26 23:00:00,A,Y15-24,PC_ACT,M,SK,2012-01-01,35.3,,
ESTAT:UNE_RT_A(1.0),29/04/26 23:00:00,A,Y15-24,PC_ACT,M,TR,2012-01-01,14.6,,
ESTAT:UNE_RT_A(1.0),29/04/26 23:00:00,A,Y15-24,PC_ACT,T,AT,2012-01-01,10.0,,
ESTAT:UNE_RT_A(1.0),29/04/26 23:00:00,A,Y15-24,PC_ACT,T,BE,2012-01-01,20.0,,
ESTAT:UNE_RT_A(1.0),29/04/26 23:00:00,A,Y15-24,PC_ACT,T,BG,2012-01-01,31.2,,
ESTAT:UNE_RT_A(1.0),29/04/26 23:00:00,A,Y15-24,PC_ACT,T,CH,2012-01-01,8.3,,
ESTAT:UNE_RT_A(1.0),29/04/26 23:00:00,A,Y15-24,PC_ACT,T,CY,2012-01-01,27.7,,
ESTAT:UNE_RT_A(1.0),29/04/26 23:00:00,A,Y15-24,PC_ACT,T,CZ,2012-01-01,19.5,,
ESTAT:UNE_RT_A(1.0),29/04/26 23:00:00,A,Y15-24,PC_ACT,T,DE,2012-01-01,8.6,,
ESTAT:UNE_RT_A(1.0),29/04/26 23:00:00,A,Y15-24,PC_ACT,T,DK,2012-01-01,15.8,,
ESTAT:UNE_RT_A(1.0),29/04/26 23:00:00,A,Y15-24,PC_ACT,T,EA20,2012-01-01,24.3,,
ESTAT:UNE_RT_A(1.0),29/04/26 23:00:00,A,Y15-24,PC_ACT,T,EA21,2012-01-01,24.4,,
ESTAT:UNE_RT_A(1.0),29/04/26 23:00:00,A,Y15-24,PC_ACT,T,EE,2012-01-01,20.7,,
ESTAT:UNE_RT_A(1.0),29/04/26 23:00:00,A,Y15-24,PC_ACT,T,EL,2012-01-01,55.9,,
ESTAT:UNE_RT_A(1.0),29/04/26 23:00:00,A,Y15-24,PC_ACT,T,ES,2012-01-01,52.9,,
ESTAT:UNE_RT_A(1.0),29/04/26 23:00:00,A,Y15-24,PC_ACT,T,EU27_2020,2012-01-01,24.4,,
ESTAT:UNE_RT_A(1.0),29/04/26 23:00:00,A,Y15-24,PC_ACT,T,FI,2012-01-01,19.5,,
ESTAT:UNE_RT_A(1.0),29/04/26 23:00:00,A,Y15-24,PC_ACT,T,FR,2012-01-01,25.8,,
ESTAT:UNE_RT_A(1.0),29/04/26 23:00:00,A,Y15-24,PC_ACT,T,HR,2012-01-01,42.5,,
ESTAT:UNE_RT_A(1.0),29/04/26 23:00:00,A,Y15-24,PC_ACT,T,HU,2012-01-01,27.8,,
ESTAT:UNE_RT_A(1.0),29/04/26 23:00:00,A,Y15-24,PC_ACT,T,IE,2012-01-01,30.8,,
ESTAT:UNE_RT_A(1.0),29/04/26 23:00:00,A,Y15-24,PC_ACT,T,IS,2012-01-01,13.5,,
ESTAT:UNE_RT_A(1.0),29/04/26 23:00:00,A,Y15-24,PC_ACT,T,IT,2012-01-01,35.3,,
ESTAT:UNE_RT_A(1.0),29/04/26 23:00:00,A,Y15-24,PC_ACT,T,LT,2012-01-01,26.7,,
ESTAT:UNE_RT_A(1.0),29/04/26 23:00:00,A,Y15-24,PC_ACT,T,LU,2012-01-01,18.8,,
ESTAT:UNE_RT_A(1.0),29/04/26 23:00:00,A,Y15-24,PC_ACT,T,LV,2012-01-01,28.5,,
ESTAT:UNE_RT_A(1.0),29/04/26 23:00:00,A,Y15-24,PC_ACT,T,ME,2012-01-01,42.2,,
ESTAT:UNE_RT_A(1.0),29/04/26 23:00:00,A,Y15-24,PC_ACT,T,MK,2012-01-01,53.9,,
ESTAT:UNE_RT_A(1.0),29/04/26 23:00:00,A,Y15-24,PC_ACT,T,MT,2012-01-01,13.8,,
ESTAT:UNE_RT_A(1.0),29/04/26 23:00:00,A,Y15-24,PC_ACT,T,NL,2012-01-01,12.9,,
ESTAT:UNE_RT_A(1.0),29/04/26 23:00:00,A,Y15-24,PC_ACT,T,NO,2012-01-01,10.7,,
ESTAT:UNE_RT_A(1.0),29/04/26 23:00:00,A,Y15-24,PC_ACT,T,PL,2012-01-01,26.8,,
ESTAT:UNE_RT_A(1.0),29/04/26 23:00:00,A,Y15-24,PC_ACT,T,PT,2012-01-01,38.2,,
ESTAT:UNE_RT_A(1.0),29/04/26 23:00:00,A,Y15-24,PC_ACT,T,RO,2012-01-01,28.2,,
ESTAT:UNE_RT_A(1.0),29/04/26 23:00:00,A,Y15-24,PC_ACT,T,RS,2012-01-01,53.2,,
ESTAT:UNE_RT_A(1.0),29/04/26 23:00:00,A,Y15-24,PC_ACT,T,SE,2012-01-01,22.9,,
ESTAT:UNE_RT_A(1.0),29/04/26 23:00:00,A,Y15-24,PC_ACT,T,SI,2012-01-01,20.8,,
ESTAT:UNE_RT_A(1.0),29/04/26 23:00:00,A,Y15-24,PC_ACT,T,SK,2012-01-01,35.3,,
ESTAT:UNE_RT_A(1.0),29/04/26 23:00:00,A,Y15-24,PC_ACT,T,TR,2012-01-01,15.7,,
ESTAT:UNE_RT_A(1.0),29/04/26 23:00:00,A,Y15-74,PC_ACT,F,AT,2012-01-01,5.0,,
ESTAT:UNE_RT_A(1.0),29/04/26 23:00:00,A,Y15-74,PC_ACT,F,BE,2012-01-01,7.5,,
ESTAT:UNE_RT_A(1.0),29/04/26 23:00:00,A,Y15-74,PC_ACT,F,BG,2012-01-01,11.8,,
ESTAT:UNE_RT_A(1.0),29/04/26 23:00:00,A,Y15-74,PC_ACT,F,CH,2012-01-01,4.7,,
ESTAT:UNE_RT_A(1.0),29/04/26 23:00:00,A,Y15-74,PC_ACT,F,CY,2012-01-01,11.1,,
ESTAT:UNE_RT_A(1.0),29/04/26 23:00:00,A,Y15-74,PC_ACT,F,CZ,2012-01-01,8.2,,
ESTAT:UNE_RT_A(1.0),29/04/26 23:00:00,A,Y15-74,PC_ACT,F,DE,2012-01-01,4.9,,
ESTAT:UNE_RT_A(1.0),29/04/26 23:00:00,A,Y15-74,PC_ACT,F,DK,2012-01-01,7.8,,
ESTAT:UNE_RT_A(1.0),29/04/26 23:00:00,A,Y15-74,PC_ACT,F,EA20,2012-01-01,11.7,,
ESTAT:UNE_RT_A(1.0),29/04/26 23:00:00,A,Y15-74,PC_ACT,F,EA21,2012-01-01,11.7,,
ESTAT:UNE_RT_A(1.0),29/04/26 23:00:00,A,Y15-74,PC_ACT,F,EE,2012-01-01,8.9,,
ESTAT:UNE_RT_A(1.0),29/04/26 23:00:00,A,Y15-74,PC_ACT,F,EL,2012-01-01,28.6,,
ESTAT:UNE_RT_A(1.0),29/04/26 23:00:00,A,Y15-74,PC_ACT,F,ES,2012-01-01,25.1,,
ESTAT:UNE_RT_A(1.0),29/04/26 23:00:00,A,Y15-74,PC_ACT,F,EU27_2020,2012-01-01,11.2,,
ESTAT:UNE_RT_A(1.0),29/04/26 23:00:00,A,Y15-74,PC_ACT,F,FI,2012-01-01,7.1,,
ESTAT:UNE_RT_A(1.0),29/04/26 23:00:00,A,Y15-74,PC_ACT,F,FR,2012-01-01,9.7,,
ESTAT:UNE_RT_A(1.0),29/04/26 23:00:00,A,Y15-74,PC_ACT,F,HR,2012-01-01,16.0,,
ESTAT:UNE_RT_A(1.0),29/04/26 23:00:00,A,Y15-74,PC_ACT,F,HU,2012-01-01,9.9,,
ESTAT:UNE_RT_A(1.0),29/04/26 23:00:00,A,Y15-74,PC_ACT,F,IE,2012-01-01,12.8,,
ESTAT:UNE_RT_A(1.0),29/04/26 23:00:00,A,Y15-74,PC_ACT,F,IS,2012-01-01,5.7,,
ESTAT:UNE_RT_A(1.0),29/04/26 23:00:00,A,Y15-74,PC_ACT,F,IT,2012-01-01,12.0,,
ESTAT:UNE_RT_A(1.0),29/04/26 23:00:00,A,Y15-74,PC_ACT,F,LT,2012-01-01,11.6,,
ESTAT:UNE_RT_A(1.0),29/04/26 23:00:00,A,Y15-74,PC_ACT,F,LU,2012-01-01,5.9,,
ESTAT:UNE_RT_A(1.0),29/04/26 23:00:00,A,Y15-74,PC_ACT,F,LV,2012-01-01,14.0,,
ESTAT:UNE_RT_A(1.0),29/04/26 23:00:00,A,Y15-74,PC_ACT,F,ME,2012-01-01,20.3,,
ESTAT:UNE_RT_A(1.0),29/04/26 23:00:00,A,Y15-74,PC_ACT,F,MK,2012-01-01,30.3,,
ESTAT:UNE_RT_A(1.0),29/04/26 23:00:00,A,Y15-74,PC_ACT,F,MT,2012-01-01,7.2,,
ESTAT:UNE_RT_A(1.0),29/04/26 23:00:00,A,Y15-74,PC_ACT,F,NL,2012-01-01,7.4,,
ESTAT:UNE_RT_A(1.0),29/04/26 23:00:00,A,Y15-74,PC_ACT,F,NO,2012-01-01,3.1,,
ESTAT:UNE_RT_A(1.0),29/04/26 23:00:00,A,Y15-74,PC_ACT,F,PL,2012-01-01,11.2,,
ESTAT:UNE_RT_A(1.0),29/04/26 23:00:00,A,Y15-74,PC_ACT,F,PT,2012-01-01,16.4,,
ESTAT:UNE_RT_A(1.0),29/04/26 23:00:00,A,Y15-74,PC_ACT,F,RO,2012-01-01,8.1,,
ESTAT:UNE_RT_A(1.0),29/04/26 23:00:00,A,Y15-74,PC_ACT,F,RS,2012-01-01,27.6,,
ESTAT:UNE_RT_A(1.0),29/04/26 23:00:00,A,Y15-74,PC_ACT,F,SE,2012-01-01,7.9,,
ESTAT:UNE_RT_A(1.0),29/04/26 23:00:00,A,Y15-74,PC_ACT,F,SI,2012-01-01,9.4,,
ESTAT:UNE_RT_A(1.0),29/04/26 23:00:00,A,Y15-74,PC_ACT,F,SK,2012-01-01,14.7,,
ESTAT:UNE_RT_A(1.0),29/04/26 23:00:00,A,Y15-74,PC_ACT,F,TR,2012-01-01,9.4,,
ESTAT:UNE_RT_A(1.0),29/04/26 23:00:00,A,Y15-74,PC_ACT,M,AT,2012-01-01,5.4,,
ESTAT:UNE_RT_A(1.0),29/04/26 23:00:00,A,Y15-74,PC_ACT,M,BE,2012-01-01,7.8,,
ESTAT:UNE_RT_A(1.0),29/04/26 23:00:00,A,Y15-74,PC_ACT,M,BG,2012-01-01,14.6,,
ESTAT:UNE_RT_A(1.0),29/04/26 23:00:00,A,Y15-74,PC_ACT,M,CH,2012-01-01,4.3,,
ESTAT:UNE_RT_A(1.0),29/04/26 23:00:00,A,Y15-74,PC_ACT,M,CY,2012-01-01,12.6,,
ESTAT:UNE_RT_A(1.0),29/04/26 23:00:00,A,Y15-74,PC_ACT,M,CZ,2012-01-01,6.0,,
ESTAT:UNE_RT_A(1.0),29/04/26 23:00:00,A,Y15-74,PC_ACT,M,DE,2012-01-01,5.3,,
ESTAT:UNE_RT_A(1.0),29/04/26 23:00:00,A,Y15-74,PC_ACT,M,DK,2012-01-01,7.8,,
ESTAT:UNE_RT_A(1.0),29/04/26 23:00:00,A,Y15-74,PC_ACT,M,EA20,2012-01-01,11.4,,
ESTAT:UNE_RT_A(1.0),29/04/26 23:00:00,A,Y15-74,PC_ACT,M,EA21,2012-01-01,11.5,,
ESTAT:UNE_RT_A(1.0),29/04/26 23:00:00,A,Y15-74,PC_ACT,M,EE,2012-01-01,10.9,,
ESTAT:UNE_RT_A(1.0),29/04/26 23:00:00,A,Y15-74,PC_ACT,M,EL,2012-01-01,21.9,,
ESTAT:UNE_RT_A(1.0),29/04/26 23:00:00,A,Y15-74,PC_ACT,M,ES,2012-01-01,24.6,,
ESTAT:UNE_RT_A(1.0),29/04/26 23:00:00,A,Y15-74,PC_ACT,M,EU27_2020,2012-01-01,11.0,,
ESTAT:UNE_RT_A(1.0),29/04/26 23:00:00,A,Y15-74,PC_ACT,M,FI,2012-01-01,8.6,,
ESTAT:UNE_RT_A(1.0),29/04/26 23:00:00,A,Y15-74,PC_ACT,M,FR,2012-01-01,9.8,,
ESTAT:UNE_RT_A(1.0),29/04/26 23:00:00,A,Y15-74,PC_ACT,M,HR,2012-01-01,16.2,,
ESTAT:UNE_RT_A(1.0),29/04/26 23:00:00,A,Y15-74,PC_ACT,M,HU,2012-01-01,11.3,,
ESTAT:UNE_RT_A(1.0),29/04/26 23:00:00,A,Y15-74,PC_ACT,M,IE,2012-01-01,17.8,,
ESTAT:UNE_RT_A(1.0),29/04/26 23:00:00,A,Y15-74,PC_ACT,M,IS,2012-01-01,6.3,,
ESTAT:UNE_RT_A(1.0),29/04/26 23:00:00,A,Y15-74,PC_ACT,M,IT,2012-01-01,10.1,,
ESTAT:UNE_RT_A(1.0),29/04/26 23:00:00,A,Y15-74,PC_ACT,M,LT,2012-01-01,15.2,,
ESTAT:UNE_RT_A(1.0),29/04/26 23:00:00,A,Y15-74,PC_ACT,M,LU,2012-01-01,4.5,,
ESTAT:UNE_RT_A(1.0),29/04/26 23:00:00,A,Y15-74,PC_ACT,M,LV,2012-01-01,16.2,,
ESTAT:UNE_RT_A(1.0),29/04/26 23:00:00,A,Y15-74,PC_ACT,M,ME,2012-01-01,19.8,,
ESTAT:UNE_RT_A(1.0),29/04/26 23:00:00,A,Y15-74,PC_ACT,M,MK,2012-01-01,31.5,,
ESTAT:UNE_RT_A(1.0),29/04/26 23:00:00,A,Y15-74,PC_ACT,M,MT,2012-01-01,5.6,,
ESTAT:UNE_RT_A(1.0),29/04/26 23:00:00,A,Y15-74,PC_ACT,M,NL,2012-01-01,6.4,,
ESTAT:UNE_RT_A(1.0),29/04/26 23:00:00,A,Y15-74,PC_ACT,M,NO,2012-01-01,3.8,,
ESTAT:UNE_RT_A(1.0),29/04/26 23:00:00,A,Y15-74,PC_ACT,M,PL,2012-01-01,9.7,,
ESTAT:UNE_RT_A(1.0),29/04/26 23:00:00,A,Y15-74,PC_ACT,M,PT,2012-01-01,16.7,,
ESTAT:UNE_RT_A(1.0),29/04/26 23:00:00,A,Y15-74,PC_ACT,M,RO,2012-01-01,9.2,,
ESTAT:UNE_RT_A(1.0),29/04/26 23:00:00,A,Y15-74,PC_ACT,M,RS,2012-01-01,24.9,,
ESTAT:UNE_RT_A(1.0),29/04/26 23:00:00,A,Y15-74,PC_ACT,M,SE,2012-01-01,8.3,,
ESTAT:UNE_RT_A(1.0),29/04/26 23:00:00,A,Y15-74,PC_ACT,M,SI,2012-01-01,8.4,,
ESTAT:UNE_RT_A(1.0),29/04/26 23:00:00,A,Y15-74,PC_ACT,M,SK,2012-01-01,13.2,,
ESTAT:UNE_RT_A(1.0),29/04/26 23:00:00,A,Y15-74,PC_ACT,M,TR,2012-01-01,7.7,,
ESTAT:UNE_RT_A(1.0),29/04/26 23:00:00,A,Y15-74,PC_ACT,T,AT,2012-01-01,5.2,,
ESTAT:UNE_RT_A(1.0),29/04/26 23:00:00,A,Y15-74,PC_ACT,T,BE,2012-01-01,7.6,,
ESTAT:UNE_RT_A(1.0),29/04/26 23:00:00,A,Y15-74,PC_ACT,T,BG,2012-01-01,13.3,,
ESTAT:UNE_RT_A(1.0),29/04/26 23:00:00,A,Y15-74,PC_ACT,T,CH,2012-01-01,4.5,,
ESTAT:UNE_RT_A(1.0),29/04/26 23:00:00,A,Y15-74,PC_ACT,T,CY,2012-01-01,11.9,,
ESTAT:UNE_RT_A(1.0),29/04/26 23:00:00,A,Y15-74,PC_ACT,T,CZ,2012-01-01,7.0,,
ESTAT:UNE_RT_A(1.0),29/04/26 23:00:00,A,Y15-74,PC_ACT,T,DE,2012-01-01,5.1,,
ESTAT:UNE_RT_A(1.0),29/04/26 23:00:00,A,Y15-74,PC_ACT,T,DK,2012-01-01,7.8,,
ESTAT:UNE_RT_A(1.0),29/04/26 23:00:00,A,Y15-74,PC_ACT,T,EA20,2012-01-01,11.5,,
ESTAT:UNE_RT_A(1.0),29/04/26 23:00:00,A,Y15-74,PC_ACT,T,EA21,2012-01-01,11.6,,
ESTAT:UNE_RT_A(1.0),29/04/26 23:00:00,A,Y15-74,PC_ACT,T,EE,2012-01-01,9.9,,
ESTAT:UNE_RT_A(1.0),29/04/26 23:00:00,A,Y15-74,PC_ACT,T,EL,2012-01-01,24.8,,
ESTAT:UNE_RT_A(1.0),29/04/26 23:00:00,A,Y15-74,PC_ACT,T,ES,2012-01-01,24.8,,
ESTAT:UNE_RT_A(1.0),29/04/26 23:00:00,A,Y15-74,PC_ACT,T,EU27_2020,2012-01-01,11.1,,
ESTAT:UNE_RT_A(1.0),29/04/26 23:00:00,A,Y15-74,PC_ACT,T,FI,2012-01-01,7.9,,
ESTAT:UNE_RT_A(1.0),29/04/26 23:00:00,A,Y15-74,PC_ACT,T,FR,2012-01-01,9.8,,
ESTAT:UNE_RT_A(1.0),29/04/26 23:00:00,A,Y15-74,PC_ACT,T,HR,2012-01-01,16.1,,
ESTAT:UNE_RT_A(1.0),29/04/26 23:00:00,A,Y15-74,PC_ACT,T,HU,2012-01-01,10.7,,
ESTAT:UNE_RT_A(1.0),29/04/26 23:00:00,A,Y15-74,PC_ACT,T,IE,2012-01-01,15.5,,
ESTAT:UNE_RT_A(1.0),29/04/26 23:00:00,A,Y15-74,PC_ACT,T,IS,2012-01-01,6.0,,
ESTAT:UNE_RT_A(1.0),29/04/26 23:00:00,A,Y15-74,PC_ACT,T,IT,2012-01-01,10.9,,
ESTAT:UNE_RT_A(1.0),29/04/26 23:00:00,A,Y15-74,PC_ACT,T,LT,2012-01-01,13.4,,
ESTAT:UNE_RT_A(1.0),29/04/26 23:00:00,A,Y15-74,PC_ACT,T,LU,2012-01-01,5.1,,
ESTAT:UNE_RT_A(1.0),29/04/26 23:00:00,A,Y15-74,PC_ACT,T,LV,2012-01-01,15.1,,
ESTAT:UNE_RT_A(1.0),29/04/26 23:00:00,A,Y15-74,PC_ACT,T,ME,2012-01-01,20.0,,
ESTAT:UNE_RT_A(1.0),29/04/26 23:00:00,A,Y15-74,PC_ACT,T,MK,2012-01-01,31.0,,
ESTAT:UNE_RT_A(1.0),29/04/26 23:00:00,A,Y15-74,PC_ACT,T,MT,2012-01-01,6.2,,
ESTAT:UNE_RT_A(1.0),29/04/26 23:00:00,A,Y15-74,PC_ACT,T,NL,2012-01-01,6.8,,
ESTAT:UNE_RT_A(1.0),29/04/26 23:00:00,A,Y15-74,PC_ACT,T,NO,2012-01-01,3.5,,
ESTAT:UNE_RT_A(1.0),29/04/26 23:00:00,A,Y15-74,PC_ACT,T,PL,2012-01-01,10.4,,
ESTAT:UNE_RT_A(1.0),29/04/26 23:00:00,A,Y15-74,PC_ACT,T,PT,2012-01-01,16.6,,
ESTAT:UNE_RT_A(1.0),29/04/26 23:00:00,A,Y15-74,PC_ACT,T,RO,2012-01-01,8.7,,
ESTAT:UNE_RT_A(1.0),29/04/26 23:00:00,A,Y15-74,PC_ACT,T,RS,2012-01-01,26.0,,
ESTAT:UNE_RT_A(1.0),29/04/26 23:00:00,A,Y15-74,PC_ACT,T,SE,2012-01-01,8.1,,
ESTAT:UNE_RT_A(1.0),29/04/26 23:00:00,A,Y15-74,PC_ACT,T,SI,2012-01-01,8.9,,
ESTAT:UNE_RT_A(1.0),29/04/26 23:00:00,A,Y15-74,PC_ACT,T,SK,2012-01-01,13.9,,
ESTAT:UNE_RT_A(1.0),29/04/26 23:00:00,A,Y15-74,PC_ACT,T,TR,2012-01-01,8.2,,
ESTAT:UNE_RT_A(1.0),29/04/26 23:00:00,A,Y25-54,PC_ACT,F,AT,2012-01-01,4.5,,
ESTAT:UNE_RT_A(1.0),29/04/26 23:00:00,A,Y25-54,PC_ACT,F,BE,2012-01-01,6.7,,
ESTAT:UNE_RT_A(1.0),29/04/26 23:00:00,A,Y25-54,PC_ACT,F,BG,2012-01-01,10.9,,
ESTAT:UNE_RT_A(1.0),29/04/26 23:00:00,A,Y25-54,PC_ACT,F,CH,2012-01-01,4.5,,
ESTAT:UNE_RT_A(1.0),29/04/26 23:00:00,A,Y25-54,PC_ACT,F,CY,2012-01-01,9.8,,
ESTAT:UNE_RT_A(1.0),29/04/26 23:00:00,A,Y25-54,PC_ACT,F,CZ,2012-01-01,7.8,,
ESTAT:UNE_RT_A(1.0),29/04/26 23:00:00,A,Y25-54,PC_ACT,F,DE,2012-01-01,4.5,,
ESTAT:UNE_RT_A(1.0),29/04/26 23:00:00,A,Y25-54,PC_ACT,F,DK,2012-01-01,6.8,,
ESTAT:UNE_RT_A(1.0),29/04/26 23:00:00,A,Y25-54,PC_ACT,F,EA20,2012-01-01,10.9,,
ESTAT:UNE_RT_A(1.0),29/04/26 23:00:00,A,Y25-54,PC_ACT,F,EA21,2012-01-01,10.9,,
ESTAT:UNE_RT_A(1.0),29/04/26 23:00:00,A,Y25-54,PC_ACT,F,EE,2012-01-01,8.9,,
ESTAT:UNE_RT_A(1.0),29/04/26 23:00:00,A,Y25-54,PC_ACT,F,EL,2012-01-01,27.5,,
ESTAT:UNE_RT_A(1.0),29/04/26 23:00:00,A,Y25-54,PC_ACT,F,ES,2012-01-01,23.6,,
ESTAT:UNE_RT_A(1.0),29/04/26 23:00:00,A,Y25-54,PC_ACT,F,EU27_2020,2012-01-01,10.4,,
ESTAT:UNE_RT_A(1.0),29/04/26 23:00:00,A,Y25-54,PC_ACT,F,FI,2012-01-01,5.6,,
ESTAT:UNE_RT_A(1.0),29/04/26 23:00:00,A,Y25-54,PC_ACT,F,FR,2012-01-01,8.3,,
ESTAT:UNE_RT_A(1.0),29/04/26 23:00:00,A,Y25-54,PC_ACT,F,HR,2012-01-01,14.8,,
ESTAT:UNE_RT_A(1.0),29/04/26 23:00:00,A,Y25-54,PC_ACT,F,HU,2012-01-01,9.0,,
ESTAT:UNE_RT_A(1.0),29/04/26 23:00:00,A,Y25-54,PC_ACT,F,IE,2012-01-01,11.7,,
ESTAT:UNE_RT_A(1.0),29/04/26 23:00:00,A,Y25-54,PC_ACT,F,IS,2012-01-01,4.4,,
ESTAT:UNE_RT_A(1.0),29/04/26 23:00:00,A,Y25-54,PC_ACT,F,IT,2012-01-01,11.1,,
ESTAT:UNE_RT_A(1.0),29/04/26 23:00:00,A,Y25-54,PC_ACT,F,LT,2012-01-01,11.1,,
ESTAT:UNE_RT_A(1.0),29/04/26 23:00:00,A,Y25-54,PC_ACT,F,LU,2012-01-01,5.3,,
ESTAT:UNE_RT_A(1.0),29/04/26 23:00:00,A,Y25-54,PC_ACT,F,LV,2012-01-01,12.6,,
ESTAT:UNE_RT_A(1.0),29/04/26 23:00:00,A,Y25-54,PC_ACT,F,ME,2012-01-01,19.9,,
ESTAT:UNE_RT_A(1.0),29/04/26 23:00:00,A,Y25-54,PC_ACT,F,MK,2012-01-01,28.9,,
ESTAT:UNE_RT_A(1.0),29/04/26 23:00:00,A,Y25-54,PC_ACT,F,MT,2012-01-01,5.4,,
ESTAT:UNE_RT_A(1.0),29/04/26 23:00:00,A,Y25-54,PC_ACT,F,NL,2012-01-01,6.2,,
ESTAT:UNE_RT_A(1.0),29/04/26 23:00:00,A,Y25-54,PC_ACT,F,NO,2012-01-01,2.2,,
ESTAT:UNE_RT_A(1.0),29/04/26 23:00:00,A,Y25-54,PC_ACT,F,PL,2012-01-01,9.8,,
ESTAT:UNE_RT_A(1.0),29/04/26 23:00:00,A,Y25-54,PC_ACT,F,PT,2012-01-01,14.9,,
ESTAT:UNE_RT_A(1.0),29/04/26 23:00:00,A,Y25-54,PC_ACT,F,RO,2012-01-01,6.8,,
ESTAT:UNE_RT_A(1.0),29/04/26 23:00:00,A,Y25-54,PC_ACT,F,RS,2012-01-01,26.3,,
ESTAT:UNE_RT_A(1.0),29/04/26 23:00:00,A,Y25-54,PC_ACT,F,SE,2012-01-01,6.0,,
ESTAT:UNE_RT_A(1.0),29/04/26 23:00:00,A,Y25-54,PC_ACT,F,SI,2012-01-01,9.0,,
ESTAT:UNE_RT_A(1.0),29/04/26 23:00:00,A,Y25-54,PC_ACT,F,SK,2012-01-01,13.6,,
ESTAT:UNE_RT_A(1.0),29/04/26 23:00:00,A,Y25-54,PC_ACT,F,TR,2012-01-01,8.3,,
ESTAT:UNE_RT_A(1.0),29/04/26 23:00:00,A,Y25-54,PC_ACT,M,AT,2012-01-01,4.7,,
ESTAT:UNE_RT_A(1.0),29/04/26 23:00:00,A,Y25-54,PC_ACT,M,BE,2012-01-01,6.9,,
ESTAT:UNE_RT_A(1.0),29/04/26 23:00:00,A,Y25-54,PC_ACT,M,BG,2012-01-01,13.4,,
ESTAT:UNE_RT_A(1.0),29/04/26 23:00:00,A,Y25-54,PC_ACT,M,CH,2012-01-01,3.8,,
ESTAT:UNE_RT_A(1.0),29/04/26 23:00:00,A,Y25-54,PC_ACT,M,CY,2012-01-01,11.2,,
ESTAT:UNE_RT_A(1.0),29/04/26 23:00:00,A,Y25-54,PC_ACT,M,CZ,2012-01-01,4.8,,
ESTAT:UNE_RT_A(1.0),29/04/26 23:00:00,A,Y25-54,PC_ACT,M,DE,2012-01-01,4.7,,
ESTAT:UNE_RT_A(1.0),29/04/26 23:00:00,A,Y25-54,PC_ACT,M,DK,2012-01-01,6.7,,
ESTAT:UNE_RT_A(1.0),29/04/26 23:00:00,A,Y25-54,PC_ACT,M,EA20,2012-01-01,10.5,,
ESTAT:UNE_RT_A(1.0),29/04/26 23:00:00,A,Y25-54,PC_ACT,M,EA21,2012-01-01,10.5,,
ESTAT:UNE_RT_A(1.0),29/04/26 23:00:00,A,Y25-54,PC_ACT,M,EE,2012-01-01,9.8,,
ESTAT:UNE_RT_A(1.0),29/04/26 23:00:00,A,Y25-54,PC_ACT,M,EL,2012-01-01,21.3,,
ESTAT:UNE_RT_A(1.0),29/04/26 23:00:00,A,Y25-54,PC_ACT,M,ES,2012-01-01,23.0,,
ESTAT:UNE_RT_A(1.0),29/04/26 23:00:00,A,Y25-54,PC_ACT,M,EU27_2020,2012-01-01,9.9,,
ESTAT:UNE_RT_A(1.0),29/04/26 23:00:00,A,Y25-54,PC_ACT,M,FI,2012-01-01,6.8,,
ESTAT:UNE_RT_A(1.0),29/04/26 23:00:00,A,Y25-54,PC_ACT,M,FR,2012-01-01,8.5,,
ESTAT:UNE_RT_A(1.0),29/04/26 23:00:00,A,Y25-54,PC_ACT,M,HR,2012-01-01,14.5,,
ESTAT:UNE_RT_A(1.0),29/04/26 23:00:00,A,Y25-54,PC_ACT,M,HU,2012-01-01,10.2,,
ESTAT:UNE_RT_A(1.0),29/04/26 23:00:00,A,Y25-54,PC_ACT,M,IE,2012-01-01,15.8,,
ESTAT:UNE_RT_A(1.0),29/04/26 23:00:00,A,Y25-54,PC_ACT,M,IS,2012-01-01,4.7,,
ESTAT:UNE_RT_A(1.0),29/04/26 23:00:00,A,Y25-54,PC_ACT,M,IT,2012-01-01,8.8,,
ESTAT:UNE_RT_A(1.0),29/04/26 23:00:00,A,Y25-54,PC_ACT,M,LT,2012-01-01,14.1,,
ESTAT:UNE_RT_A(1.0),29/04/26 23:00:00,A,Y25-54,PC_ACT,M,LU,2012-01-01,3.8,,
ESTAT:UNE_RT_A(1.0),29/04/26 23:00:00,A,Y25-54,PC_ACT,M,LV,2012-01-01,14.9,,
ESTAT:UNE_RT_A(1.0),29/04/26 23:00:00,A,Y25-54,PC_ACT,M,ME,2012-01-01,18.6,,
ESTAT:UNE_RT_A(1.0),29/04/26 23:00:00,A,Y25-54,PC_ACT,M,MK,2012-01-01,29.0,,
ESTAT:UNE_RT_A(1.0),29/04/26 23:00:00,A,Y25-54,PC_ACT,M,MT,2012-01-01,4.7,,
ESTAT:UNE_RT_A(1.0),29/04/26 23:00:00,A,Y25-54,PC_ACT,M,NL,2012-01-01,4.7,,
ESTAT:UNE_RT_A(1.0),29/04/26 23:00:00,A,Y25-54,PC_ACT,M,NO,2012-01-01,2.9,,
ESTAT:UNE_RT_A(1.0),29/04/26 23:00:00,A,Y25-54,PC_ACT,M,PL,2012-01-01,8.2,,
ESTAT:UNE_RT_A(1.0),29/04/26 23:00:00,A,Y25-54,PC_ACT,M,PT,2012-01-01,14.8,,
ESTAT:UNE_RT_A(1.0),29/04/26 23:00:00,A,Y25-54,PC_ACT,M,RO,2012-01-01,7.8,,
ESTAT:UNE_RT_A(1.0),29/04/26 23:00:00,A,Y25-54,PC_ACT,M,RS,2012-01-01,22.8,,
ESTAT:UNE_RT_A(1.0),29/04/26 23:00:00,A,Y25-54,PC_ACT,M,SE,2012-01-01,6.3,,
ESTAT:UNE_RT_A(1.0),29/04/26 23:00:00,A,Y25-54,PC_ACT,M,SI,2012-01-01,7.6,,
ESTAT:UNE_RT_A(1.0),29/04/26 23:00:00,A,Y25-54,PC_ACT,M,SK,2012-01-01,11.3,,
ESTAT:UNE_RT_A(1.0),29/04/26 23:00:00,A,Y25-54,PC_ACT,M,TR,2012-01-01,6.7,,
ESTAT:UNE_RT_A(1.0),29/04/26 23:00:00,A,Y25-54,PC_ACT,T,AT,2012-01-01,4.6,,
ESTAT:UNE_RT_A(1.0),29/04/26 23:00:00,A,Y25-54,PC_ACT,T,BE,2012-01-01,6.8,,
ESTAT:UNE_RT_A(1.0),29/04/26 23:00:00,A,Y25-54,PC_ACT,T,BG,2012-01-01,12.2,,
ESTAT:UNE_RT_A(1.0),29/04/26 23:00:00,A,Y25-54,PC_ACT,T,CH,2012-01-01,4.1,,
ESTAT:UNE_RT_A(1.0),29/04/26 23:00:00,A,Y25-54,PC_ACT,T,CY,2012-01-01,10.5,,
ESTAT:UNE_RT_A(1.0),29/04/26 23:00:00,A,Y25-54,PC_ACT,T,CZ,2012-01-01,6.1,,
ESTAT:UNE_RT_A(1.0),29/04/26 23:00:00,A,Y25-54,PC_ACT,T,DE,2012-01-01,4.6,,
ESTAT:UNE_RT_A(1.0),29/04/26 23:00:00,A,Y25-54,PC_ACT,T,DK,2012-01-01,6.8,,
ESTAT:UNE_RT_A(1.0),29/04/26 23:00:00,A,Y25-54,PC_ACT,T,EA20,2012-01-01,10.7,,
ESTAT:UNE_RT_A(1.0),29/04/26 23:00:00,A,Y25-54,PC_ACT,T,EA21,2012-01-01,10.7,,
ESTAT:UNE_RT_A(1.0),29/04/26 23:00:00,A,Y25-54,PC_ACT,T,EE,2012-01-01,9.4,,
ESTAT:UNE_RT_A(1.0),29/04/26 23:00:00,A,Y25-54,PC_ACT,T,EL,2012-01-01,24.0,,
ESTAT:UNE_RT_A(1.0),29/04/26 23:00:00,A,Y25-54,PC_ACT,T,ES,2012-01-01,23.3,,
ESTAT:UNE_RT_A(1.0),29/04/26 23:00:00,A,Y25-54,PC_ACT,T,EU27_2020,2012-01-01,10.1,,
ESTAT:UNE_RT_A(1.0),29/04/26 23:00:00,A,Y25-54,PC_ACT,T,FI,2012-01-01,6.3,,
ESTAT:UNE_RT_A(1.0),29/04/26 23:00:00,A,Y25-54,PC_ACT,T,FR,2012-01-01,8.4,,
ESTAT:UNE_RT_A(1.0),29/04/26 23:00:00,A,Y25-54,PC_ACT,T,HR,2012-01-01,14.7,,
ESTAT:UNE_RT_A(1.0),29/04/26 23:00:00,A,Y25-54,PC_ACT,T,HU,2012-01-01,9.6,,
ESTAT:UNE_RT_A(1.0),29/04/26 23:00:00,A,Y25-54,PC_ACT,T,IE,2012-01-01,14.0,,
ESTAT:UNE_RT_A(1.0),29/04/26 23:00:00,A,Y25-54,PC_ACT,T,IS,2012-01-01,4.6,,
ESTAT:UNE_RT_A(1.0),29/04/26 23:00:00,A,Y25-54,PC_ACT,T,IT,2012-01-01,9.8,,
ESTAT:UNE_RT_A(1.0),29/04/26 23:00:00,A,Y25-54,PC_ACT,T,LT,2012-01-01,12.6,,
ESTAT:UNE_RT_A(1.0),29/04/26 23:00:00,A,Y25-54,PC_ACT,T,LU,2012-01-01,4.5,,
ESTAT:UNE_RT_A(1.0),29/04/26 23:00:00,A,Y25-54,PC_ACT,T,LV,2012-01-01,13.8,,
ESTAT:UNE_RT_A(1.0),29/04/26 23:00:00,A,Y25-54,PC_ACT,T,ME,2012-01-01,19.2,,
ESTAT:UNE_RT_A(1.0),29/04/26 23:00:00,A,Y25-54,PC_ACT,T,MK,2012-01-01,29.0,,
ESTAT:UNE_RT_A(1.0),29/04/26 23:00:00,A,Y25-54,PC_ACT,T,MT,2012-01-01,5.0,,
ESTAT:UNE_RT_A(1.0),29/04/26 23:00:00,A,Y25-54,PC_ACT,T,NL,2012-01-01,5.4,,
ESTAT:UNE_RT_A(1.0),29/04/26 23:00:00,A,Y25-54,PC_ACT,T,NO,2012-01-01,2.6,,
ESTAT:UNE_RT_A(1.0),29/04/26 23:00:00,A,Y25-54,PC_ACT,T,PL,2012-01-01,8.9,,
ESTAT:UNE_RT_A(1.0),29/04/26 23:00:00,A,Y25-54,PC_ACT,T,PT,2012-01-01,14.9,,
ESTAT:UNE_RT_A(1.0),29/04/26 23:00:00,A,Y25-54,PC_ACT,T,RO,2012-01-01,7.3,,
ESTAT:UNE_RT_A(1.0),29/04/26 23:00:00,A,Y25-54,PC_ACT,T,RS,2012-01-01,24.4,,
ESTAT:UNE_RT_A(1.0),29/04/26 23:00:00,A,Y25-54,PC_ACT,T,SE,2012-01-01,6.2,,
ESTAT:UNE_RT_A(1.0),29/04/26 23:00:00,A,Y25-54,PC_ACT,T,SI,2012-01-01,8.3,,
ESTAT:UNE_RT_A(1.0),29/04/26 23:00:00,A,Y25-54,PC_ACT,T,SK,2012-01-01,12.3,,
ESTAT:UNE_RT_A(1.0),29/04/26 23:00:00,A,Y25-54,PC_ACT,T,TR,2012-01-01,7.2,,
ESTAT:UNE_RT_A(1.0),29/04/26 23:00:00,A,Y55-74,PC_ACT,F,AT,2012-01-01,2.6,u,
ESTAT:UNE_RT_A(1.0),29/04/26 23:00:00,A,Y55-74,PC_ACT,F,BE,2012-01-01,4.9,,
ESTAT:UNE_RT_A(1.0),29/04/26 23:00:00,A,Y55-74,PC_ACT,F,BG,2012-01-01,9.9,,
ESTAT:UNE_RT_A(1.0),29/04/26 23:00:00,A,Y55-74,PC_ACT,F,CH,2012-01-01,3.0,,
ESTAT:UNE_RT_A(1.0),29/04/26 23:00:00,A,Y55-74,PC_ACT,F,CY,2012-01-01,6.8,,
ESTAT:UNE_RT_A(1.0),29/04/26 23:00:00,A,Y55-74,PC_ACT,F,CZ,2012-01-01,5.8,,
ESTAT:UNE_RT_A(1.0),29/04/26 23:00:00,A,Y55-74,PC_ACT,F,DE,2012-01-01,4.8,,
ESTAT:UNE_RT_A(1.0),29/04/26 23:00:00,A,Y55-74,PC_ACT,F,DK,2012-01-01,5.1,,
ESTAT:UNE_RT_A(1.0),29/04/26 23:00:00,A,Y55-74,PC_ACT,F,EA20,2012-01-01,7.1,,
ESTAT:UNE_RT_A(1.0),29/04/26 23:00:00,A,Y55-74,PC_ACT,F,EA21,2012-01-01,7.2,,
ESTAT:UNE_RT_A(1.0),29/04/26 23:00:00,A,Y55-74,PC_ACT,F,EE,2012-01-01,5.2,,
ESTAT:UNE_RT_A(1.0),29/04/26 23:00:00,A,Y55-74,PC_ACT,F,EL,2012-01-01,12.8,,
ESTAT:UNE_RT_A(1.0),29/04/26 23:00:00,A,Y55-74,PC_ACT,F,ES,2012-01-01,17.2,,
ESTAT:UNE_RT_A(1.0),29/04/26 23:00:00,A,Y55-74,PC_ACT,F,EU27_2020,2012-01-01,6.9,,
ESTAT:UNE_RT_A(1.0),29/04/26 23:00:00,A,Y55-74,PC_ACT,F,FI,2012-01-01,4.8,,
ESTAT:UNE_RT_A(1.0),29/04/26 23:00:00,A,Y55-74,PC_ACT,F,FR,2012-01-01,5.8,,
ESTAT:UNE_RT_A(1.0),29/04/26 23:00:00,A,Y55-74,PC_ACT,F,HR,2012-01-01,8.4,u,
ESTAT:UNE_RT_A(1.0),29/04/26 23:00:00,A,Y55-74,PC_ACT,F,HU,2012-01-01,7.8,,
ESTAT:UNE_RT_A(1.0),29/04/26 23:00:00,A,Y55-74,PC_ACT,F,IE,2012-01-01,7.1,,
ESTAT:UNE_RT_A(1.0),29/04/26 23:00:00,A,Y55-74,PC_ACT,F,IS,2012-01-01,3.6,,
ESTAT:UNE_RT_A(1.0),29/04/26 23:00:00,A,Y55-74,PC_ACT,F,IT,2012-01-01,4.2,,
ESTAT:UNE_RT_A(1.0),29/04/26 23:00:00,A,Y55-74,PC_ACT,F,LT,2012-01-01,9.3,,
ESTAT:UNE_RT_A(1.0),29/04/26 23:00:00,A,Y55-74,PC_ACT,F,LU,2012-01-01,,u,
ESTAT:UNE_RT_A(1.0),29/04/26 23:00:00,A,Y55-74,PC_ACT,F,LV,2012-01-01,12.5,,
ESTAT:UNE_RT_A(1.0),29/04/26 23:00:00,A,Y55-74,PC_ACT,F,ME,2012-01-01,,u,
ESTAT:UNE_RT_A(1.0),29/04/26 23:00:00,A,Y55-74,PC_ACT,F,MK,2012-01-01,20.6,,
ESTAT:UNE_RT_A(1.0),29/04/26 23:00:00,A,Y55-74,PC_ACT,F,MT,2012-01-01,6.0,u,
ESTAT:UNE_RT_A(1.0),29/04/26 23:00:00,A,Y55-74,PC_ACT,F,NL,2012-01-01,6.7,,
ESTAT:UNE_RT_A(1.0),29/04/26 23:00:00,A,Y55-74,PC_ACT,F,NO,2012-01-01,0.9,,
ESTAT:UNE_RT_A(1.0),29/04/26 23:00:00,A,Y55-74,PC_ACT,F,PL,2012-01-01,6.7,,
ESTAT:UNE_RT_A(1.0),29/04/26 23:00:00,A,Y55-74,PC_ACT,F,PT,2012-01-01,11.6,,
ESTAT:UNE_RT_A(1.0),29/04/26 23:00:00,A,Y55-74,PC_ACT,F,RO,2012-01-01,3.2,,
ESTAT:UNE_RT_A(1.0),29/04/26 23:00:00,A,Y55-74,PC_ACT,F,RS,2012-01-01,17.0,,
ESTAT:UNE_RT_A(1.0),29/04/26 23:00:00,A,Y55-74,PC_ACT,F,SE,2012-01-01,4.6,,
ESTAT:UNE_RT_A(1.0),29/04/26 23:00:00,A,Y55-74,PC_ACT,F,SI,2012-01-01,4.7,u,
ESTAT:UNE_RT_A(1.0),29/04/26 23:00:00,A,Y55-74,PC_ACT,F,SK,2012-01-01,11.5,,
ESTAT:UNE_RT_A(1.0),29/04/26 23:00:00,A,Y55-74,PC_ACT,F,TR,2012-01-01,1.3,,
ESTAT:UNE_RT_A(1.0),29/04/26 23:00:00,A,Y55-74,PC_ACT,M,AT,2012-01-01,3.8,,
ESTAT:UNE_RT_A(1.0),29/04/26 23:00:00,A,Y55-74,PC_ACT,M,BE,2012-01-01,4.0,,
ESTAT:UNE_RT_A(1.0),29/04/26 23:00:00,A,Y55-74,PC_ACT,M,BG,2012-01-01,11.6,,
ESTAT:UNE_RT_A(1.0),29/04/26 23:00:00,A,Y55-74,PC_ACT,M,CH,2012-01-01,3.0,,
ESTAT:UNE_RT_A(1.0),29/04/26 23:00:00,A,Y55-74,PC_ACT,M,CY,2012-01-01,9.6,,
ESTAT:UNE_RT_A(1.0),29/04/26 23:00:00,A,Y55-74,PC_ACT,M,CZ,2012-01-01,5.5,,
ESTAT:UNE_RT_A(1.0),29/04/26 23:00:00,A,Y55-74,PC_ACT,M,DE,2012-01-01,5.1,,
ESTAT:UNE_RT_A(1.0),29/04/26 23:00:00,A,Y55-74,PC_ACT,M,DK,2012-01-01,4.8,,
ESTAT:UNE_RT_A(1.0),29/04/26 23:00:00,A,Y55-74,PC_ACT,M,EA20,2012-01-01,7.8,,
ESTAT:UNE_RT_A(1.0),29/04/26 23:00:00,A,Y55-74,PC_ACT,M,EA21,2012-01-01,7.9,,
ESTAT:UNE_RT_A(1.0),29/04/26 23:00:00,A,Y55-74,PC_ACT,M,EE,2012-01-01,8.4,,
ESTAT:UNE_RT_A(1.0),29/04/26 23:00:00,A,Y55-74,PC_ACT,M,EL,2012-01-01,13.0,,
ESTAT:UNE_RT_A(1.0),29/04/26 23:00:00,A,Y55-74,PC_ACT,M,ES,2012-01-01,17.4,,
ESTAT:UNE_RT_A(1.0),29/04/26 23:00:00,A,Y55-74,PC_ACT,M,EU27_2020,2012-01-01,7.6,,
ESTAT:UNE_RT_A(1.0),29/04/26 23:00:00,A,Y55-74,PC_ACT,M,FI,2012-01-01,7.5,,
ESTAT:UNE_RT_A(1.0),29/04/26 23:00:00,A,Y55-74,PC_ACT,M,FR,2012-01-01,6.4,,
ESTAT:UNE_RT_A(1.0),29/04/26 23:00:00,A,Y55-74,PC_ACT,M,HR,2012-01-01,10.0,,
ESTAT:UNE_RT_A(1.0),29/04/26 23:00:00,A,Y55-74,PC_ACT,M,HU,2012-01-01,8.3,,
ESTAT:UNE_RT_A(1.0),29/04/26 23:00:00,A,Y55-74,PC_ACT,M,IE,2012-01-01,10.9,,
ESTAT:UNE_RT_A(1.0),29/04/26 23:00:00,A,Y55-74,PC_ACT,M,IS,2012-01-01,4.4,,
ESTAT:UNE_RT_A(1.0),29/04/26 23:00:00,A,Y55-74,PC_ACT,M,IT,2012-01-01,5.5,,
ESTAT:UNE_RT_A(1.0),29/04/26 23:00:00,A,Y55-74,PC_ACT,M,LT,2012-01-01,11.9,,
ESTAT:UNE_RT_A(1.0),29/04/26 23:00:00,A,Y55-74,PC_ACT,M,LV,2012-01-01,14.1,,
ESTAT:UNE_RT_A(1.0),29/04/26 23:00:00,A,Y55-74,PC_ACT,M,ME,2012-01-01,9.4,,
ESTAT:UNE_RT_A(1.0),29/04/26 23:00:00,A,Y55-74,PC_ACT,M,MK,2012-01-01,26.3,,
ESTAT:UNE_RT_A(1.0),29/04/26 23:00:00,A,Y55-74,PC_ACT,M,MT,2012-01-01,3.3,u,
ESTAT:UNE_RT_A(1.0),29/04/26 23:00:00,A,Y55-74,PC_ACT,M,NL,2012-01-01,5.9,,
ESTAT:UNE_RT_A(1.0),29/04/26 23:00:00,A,Y55-74,PC_ACT,M,NO,2012-01-01,1.5,,
ESTAT:UNE_RT_A(1.0),29/04/26 23:00:00,A,Y55-74,PC_ACT,M,PL,2012-01-01,8.0,,
ESTAT:UNE_RT_A(1.0),29/04/26 23:00:00,A,Y55-74,PC_ACT,M,PT,2012-01-01,14.5,,
ESTAT:UNE_RT_A(1.0),29/04/26 23:00:00,A,Y55-74,PC_ACT,M,RO,2012-01-01,5.8,,
ESTAT:UNE_RT_A(1.0),29/04/26 23:00:00,A,Y55-74,PC_ACT,M,RS,2012-01-01,20.1,,
ESTAT:UNE_RT_A(1.0),29/04/26 23:00:00,A,Y55-74,PC_ACT,M,SE,2012-01-01,5.1,,
ESTAT:UNE_RT_A(1.0),29/04/26 23:00:00,A,Y55-74,PC_ACT,M,SI,2012-01-01,5.9,,
ESTAT:UNE_RT_A(1.0),29/04/26 23:00:00,A,Y55-74,PC_ACT,M,SK,2012-01-01,10.5,,
ESTAT:UNE_RT_A(1.0),29/04/26 23:00:00,A,Y55-74,PC_ACT,M,TR,2012-01-01,4.1,,
ESTAT:UNE_RT_A(1.0),29/04/26 23:00:00,A,Y55-74,PC_ACT,T,AT,2012-01-01,3.3,,
ESTAT:UNE_RT_A(1.0),29/04/26 23:00:00,A,Y55-74,PC_ACT,T,BE,2012-01-01,4.4,,
ESTAT:UNE_RT_A(1.0),29/04/26 23:00:00,A,Y55-74,PC_ACT,T,BG,2012-01-01,10.8,,
ESTAT:UNE_RT_A(1.0),29/04/26 23:00:00,A,Y55-74,PC_ACT,T,CH,2012-01-01,3.0,,
ESTAT:UNE_RT_A(1.0),29/04/26 23:00:00,A,Y55-74,PC_ACT,T,CY,2012-01-01,8.6,,
ESTAT:UNE_RT_A(1.0),29/04/26 23:00:00,A,Y55-74,PC_ACT,T,CZ,2012-01-01,5.6,,
ESTAT:UNE_RT_A(1.0),29/04/26 23:00:00,A,Y55-74,PC_ACT,T,DE,2012-01-01,5.0,,
ESTAT:UNE_RT_A(1.0),29/04/26 23:00:00,A,Y55-74,PC_ACT,T,DK,2012-01-01,5.0,,
ESTAT:UNE_RT_A(1.0),29/04/26 23:00:00,A,Y55-74,PC_ACT,T,EA20,2012-01-01,7.5,,
ESTAT:UNE_RT_A(1.0),29/04/26 23:00:00,A,Y55-74,PC_ACT,T,EA21,2012-01-01,7.6,,
ESTAT:UNE_RT_A(1.0),29/04/26 23:00:00,A,Y55-74,PC_ACT,T,EE,2012-01-01,6.6,,
ESTAT:UNE_RT_A(1.0),29/04/26 23:00:00,A,Y55-74,PC_ACT,T,EL,2012-01-01,12.9,,
ESTAT:UNE_RT_A(1.0),29/04/26 23:00:00,A,Y55-74,PC_ACT,T,ES,2012-01-01,17.3,,
ESTAT:UNE_RT_A(1.0),29/04/26 23:00:00,A,Y55-74,PC_ACT,T,EU27_2020,2012-01-01,7.3,,
ESTAT:UNE_RT_A(1.0),29/04/26 23:00:00,A,Y55-74,PC_ACT,T,FI,2012-01-01,6.2,,
ESTAT:UNE_RT_A(1.0),29/04/26 23:00:00,A,Y55-74,PC_ACT,T,FR,2012-01-01,6.1,,
ESTAT:UNE_RT_A(1.0),29/04/26 23:00:00,A,Y55-74,PC_ACT,T,HR,2012-01-01,9.4,,
ESTAT:UNE_RT_A(1.0),29/04/26 23:00:00,A,Y55-74,PC_ACT,T,HU,2012-01-01,8.1,,
ESTAT:UNE_RT_A(1.0),29/04/26 23:00:00,A,Y55-74,PC_ACT,T,IE,2012-01-01,9.4,,
ESTAT:UNE_RT_A(1.0),29/04/26 23:00:00,A,Y55-74,PC_ACT,T,IS,2012-01-01,4.1,,
ESTAT:UNE_RT_A(1.0),29/04/26 23:00:00,A,Y55-74,PC_ACT,T,IT,2012-01-01,5.0,,
ESTAT:UNE_RT_A(1.0),29/04/26 23:00:00,A,Y55-74,PC_ACT,T,LT,2012-01-01,10.6,,
ESTAT:UNE_RT_A(1.0),29/04/26 23:00:00,A,Y55-74,PC_ACT,T,LU,2012-01-01,2.0,u,
ESTAT:UNE_RT_A(1.0),29/04/26 23:00:00,A,Y55-74,PC_ACT,T,LV,2012-01-01,13.2,,
ESTAT:UNE_RT_A(1.0),29/04/26 23:00:00,A,Y55-74,PC_ACT,T,ME,2012-01-01,8.8,,
ESTAT:UNE_RT_A(1.0),29/04/26 23:00:00,A,Y55-74,PC_ACT,T,MK,2012-01-01,24.3,,
ESTAT:UNE_RT_A(1.0),29/04/26 23:00:00,A,Y55-74,PC_ACT,T,MT,2012-01-01,4.0,,
ESTAT:UNE_RT_A(1.0),29/04/26 23:00:00,A,Y55-74,PC_ACT,T,NL,2012-01-01,6.2,,
ESTAT:UNE_RT_A(1.0),29/04/26 23:00:00,A,Y55-74,PC_ACT,T,NO,2012-01-01,1.2,,
ESTAT:UNE_RT_A(1.0),29/04/26 23:00:00,A,Y55-74,PC_ACT,T,PL,2012-01-01,7.5,,
ESTAT:UNE_RT_A(1.0),29/04/26 23:00:00,A,Y55-74,PC_ACT,T,PT,2012-01-01,13.2,,
ESTAT:UNE_RT_A(1.0),29/04/26 23:00:00,A,Y55-74,PC_ACT,T,RO,2012-01-01,4.8,,
ESTAT:UNE_RT_A(1.0),29/04/26 23:00:00,A,Y55-74,PC_ACT,T,RS,2012-01-01,19.1,,
ESTAT:UNE_RT_A(1.0),29/04/26 23:00:00,A,Y55-74,PC_ACT,T,SE,2012-01-01,4.9,,
ESTAT:UNE_RT_A(1.0),29/04/26 23:00:00,A,Y55-74,PC_ACT,T,SI,2012-01-01,5.5,,
ESTAT:UNE_RT_A(1.0),29/04/26 23:00:00,A,Y55-74,PC_ACT,T,SK,2012-01-01,10.9,,
ESTAT:UNE_RT_A(1.0),29/04/26 23:00:00,A,Y55-74,PC_ACT,T,TR,2012-01-01,3.3,,
ESTAT:UNE_RT_A(1.0),29/04/26 23:00:00,A,Y15-24,PC_ACT,F,AT,2013-01-01,10.4,,
ESTAT:UNE_RT_A(1.0),29/04/26 23:00:00,A,Y15-24,PC_ACT,F,BE,2013-01-01,22.5,,
ESTAT:UNE_RT_A(1.0),29/04/26 23:00:00,A,Y15-24,PC_ACT,F,BG,2013-01-01,30.3,,
ESTAT:UNE_RT_A(1.0),29/04/26 23:00:00,A,Y15-24,PC_ACT,F,CH,2013-01-01,8.8,,
ESTAT:UNE_RT_A(1.0),29/04/26 23:00:00,A,Y15-24,PC_ACT,F,CY,2013-01-01,36.8,,
ESTAT:UNE_RT_A(1.0),29/04/26 23:00:00,A,Y15-24,PC_ACT,F,CZ,2013-01-01,19.4,,
ESTAT:UNE_RT_A(1.0),29/04/26 23:00:00,A,Y15-24,PC_ACT,F,DE,2013-01-01,7.6,,
ESTAT:UNE_RT_A(1.0),29/04/26 23:00:00,A,Y15-24,PC_ACT,F,DK,2013-01-01,13.3,,
ESTAT:UNE_RT_A(1.0),29/04/26 23:00:00,A,Y15-24,PC_ACT,F,EA20,2013-01-01,25.1,,
ESTAT:UNE_RT_A(1.0),29/04/26 23:00:00,A,Y15-24,PC_ACT,F,EA21,2013-01-01,25.1,,
ESTAT:UNE_RT_A(1.0),29/04/26 23:00:00,A,Y15-24,PC_ACT,F,EE,2013-01-01,19.6,,
ESTAT:UNE_RT_A(1.0),29/04/26 23:00:00,A,Y15-24,PC_ACT,F,EL,2013-01-01,64.6,,
ESTAT:UNE_RT_A(1.0),29/04/26 23:00:00,A,Y15-24,PC_ACT,F,ES,2013-01-01,54.6,,
ESTAT:UNE_RT_A(1.0),29/04/26 23:00:00,A,Y15-24,PC_ACT,F,EU27_2020,2013-01-01,25.2,,
ESTAT:UNE_RT_A(1.0),29/04/26 23:00:00,A,Y15-24,PC_ACT,F,FI,2013-01-01,17.4,,
ESTAT:UNE_RT_A(1.0),29/04/26 23:00:00,A,Y15-24,PC_ACT,F,FR,2013-01-01,29.5,,
ESTAT:UNE_RT_A(1.0),29/04/26 23:00:00,A,Y15-24,PC_ACT,F,HR,2013-01-01,51.0,,
ESTAT:UNE_RT_A(1.0),29/04/26 23:00:00,A,Y15-24,PC_ACT,F,HU,2013-01-01,26.8,,
ESTAT:UNE_RT_A(1.0),29/04/26 23:00:00,A,Y15-24,PC_ACT,F,IE,2013-01-01,22.8,,
ESTAT:UNE_RT_A(1.0),29/04/26 23:00:00,A,Y15-24,PC_ACT,F,IS,2013-01-01,7.7,,
ESTAT:UNE_RT_A(1.0),29/04/26 23:00:00,A,Y15-24,PC_ACT,F,IT,2013-01-01,41.4,,
ESTAT:UNE_RT_A(1.0),29/04/26 23:00:00,A,Y15-24,PC_ACT,F,LT,2013-01-01,20.4,,
ESTAT:UNE_RT_A(1.0),29/04/26 23:00:00,A,Y15-24,PC_ACT,F,LU,2013-01-01,10.9,u,
ESTAT:UNE_RT_A(1.0),29/04/26 23:00:00,A,Y15-24,PC_ACT,F,LV,2013-01-01,24.9,,
ESTAT:UNE_RT_A(1.0),29/04/26 23:00:00,A,Y15-24,PC_ACT,F,ME,2013-01-01,37.2,,
ESTAT:UNE_RT_A(1.0),29/04/26 23:00:00,A,Y15-24,PC_ACT,F,MK,2013-01-01,51.0,,
ESTAT:UNE_RT_A(1.0),29/04/26 23:00:00,A,Y15-24,PC_ACT,F,MT,2013-01-01,10.4,,
ESTAT:UNE_RT_A(1.0),29/04/26 23:00:00,A,Y15-24,PC_ACT,F,NL,2013-01-01,13.0,,
ESTAT:UNE_RT_A(1.0),29/04/26 23:00:00,A,Y15-24,PC_ACT,F,NO,2013-01-01,10.1,,
ESTAT:UNE_RT_A(1.0),29/04/26 23:00:00,A,Y15-24,PC_ACT,F,PL,2013-01-01,30.2,,
ESTAT:UNE_RT_A(1.0),29/04/26 23:00:00,A,Y15-24,PC_ACT,F,PT,2013-01-01,40.1,,
ESTAT:UNE_RT_A(1.0),29/04/26 23:00:00,A,Y15-24,PC_ACT,F,RO,2013-01-01,31.1,,
ESTAT:UNE_RT_A(1.0),29/04/26 23:00:00,A,Y15-24,PC_ACT,F,RS,2013-01-01,60.2,,
ESTAT:UNE_RT_A(1.0),29/04/26 23:00:00,A,Y15-24,PC_ACT,F,SE,2013-01-01,21.8,,
ESTAT:UNE_RT_A(1.0),29/04/26 23:00:00,A,Y15-24,PC_ACT,F,SI,2013-01-01,23.7,,
ESTAT:UNE_RT_A(1.0),29/04/26 23:00:00,A,Y15-24,PC_ACT,F,SK,2013-01-01,34.4,,
ESTAT:UNE_RT_A(1.0),29/04/26 23:00:00,A,Y15-24,PC_ACT,F,TR,2013-01-01,19.7,,
ESTAT:UNE_RT_A(1.0),29/04/26 23:00:00,A,Y15-24,PC_ACT,M,AT,2013-01-01,10.2,,
ESTAT:UNE_RT_A(1.0),29/04/26 23:00:00,A,Y15-24,PC_ACT,M,BE,2013-01-01,25.0,,
ESTAT:UNE_RT_A(1.0),29/04/26 23:00:00,A,Y15-24,PC_ACT,M,BG,2013-01-01,32.2,,
ESTAT:UNE_RT_A(1.0),29/04/26 23:00:00,A,Y15-24,PC_ACT,M,CH,2013-01-01,8.7,,
ESTAT:UNE_RT_A(1.0),29/04/26 23:00:00,A,Y15-24,PC_ACT,M,CY,2013-01-01,41.1,,
ESTAT:UNE_RT_A(1.0),29/04/26 23:00:00,A,Y15-24,PC_ACT,M,CZ,2013-01-01,18.6,,
ESTAT:UNE_RT_A(1.0),29/04/26 23:00:00,A,Y15-24,PC_ACT,M,DE,2013-01-01,9.0,,
ESTAT:UNE_RT_A(1.0),29/04/26 23:00:00,A,Y15-24,PC_ACT,M,DK,2013-01-01,16.3,,
ESTAT:UNE_RT_A(1.0),29/04/26 23:00:00,A,Y15-24,PC_ACT,M,EA20,2013-01-01,25.3,,
ESTAT:UNE_RT_A(1.0),29/04/26 23:00:00,A,Y15-24,PC_ACT,M,EA21,2013-01-01,25.4,,
ESTAT:UNE_RT_A(1.0),29/04/26 23:00:00,A,Y15-24,PC_ACT,M,EE,2013-01-01,17.8,,
ESTAT:UNE_RT_A(1.0),29/04/26 23:00:00,A,Y15-24,PC_ACT,M,EL,2013-01-01,54.9,,
ESTAT:UNE_RT_A(1.0),29/04/26 23:00:00,A,Y15-24,PC_ACT,M,ES,2013-01-01,56.2,,
ESTAT:UNE_RT_A(1.0),29/04/26 23:00:00,A,Y15-24,PC_ACT,M,EU27_2020,2013-01-01,25.2,,
ESTAT:UNE_RT_A(1.0),29/04/26 23:00:00,A,Y15-24,PC_ACT,M,FI,2013-01-01,23.9,,
ESTAT:UNE_RT_A(1.0),29/04/26 23:00:00,A,Y15-24,PC_ACT,M,FR,2013-01-01,23.8,,
ESTAT:UNE_RT_A(1.0),29/04/26 23:00:00,A,Y15-24,PC_ACT,M,HR,2013-01-01,50.1,,
ESTAT:UNE_RT_A(1.0),29/04/26 23:00:00,A,Y15-24,PC_ACT,M,HU,2013-01-01,25.6,,
ESTAT:UNE_RT_A(1.0),29/04/26 23:00:00,A,Y15-24,PC_ACT,M,IE,2013-01-01,30.3,,
ESTAT:UNE_RT_A(1.0),29/04/26 23:00:00,A,Y15-24,PC_ACT,M,IS,2013-01-01,13.6,,
ESTAT:UNE_RT_A(1.0),29/04/26 23:00:00,A,Y15-24,PC_ACT,M,IT,2013-01-01,39.0,,
ESTAT:UNE_RT_A(1.0),29/04/26 23:00:00,A,Y15-24,PC_ACT,M,LT,2013-01-01,23.0,,
ESTAT:UNE_RT_A(1.0),29/04/26 23:00:00,A,Y15-24,PC_ACT,M,LU,2013-01-01,18.7,,
ESTAT:UNE_RT_A(1.0),29/04/26 23:00:00,A,Y15-24,PC_ACT,M,LV,2013-01-01,21.9,,
ESTAT:UNE_RT_A(1.0),29/04/26 23:00:00,A,Y15-24,PC_ACT,M,ME,2013-01-01,42.9,,
ESTAT:UNE_RT_A(1.0),29/04/26 23:00:00,A,Y15-24,PC_ACT,M,MK,2013-01-01,52.5,,
ESTAT:UNE_RT_A(1.0),29/04/26 23:00:00,A,Y15-24,PC_ACT,M,MT,2013-01-01,14.7,,
ESTAT:UNE_RT_A(1.0),29/04/26 23:00:00,A,Y15-24,PC_ACT,M,NL,2013-01-01,15.4,,
ESTAT:UNE_RT_A(1.0),29/04/26 23:00:00,A,Y15-24,PC_ACT,M,NO,2013-01-01,12.8,,
ESTAT:UNE_RT_A(1.0),29/04/26 23:00:00,A,Y15-24,PC_ACT,M,PL,2013-01-01,25.8,,
ESTAT:UNE_RT_A(1.0),29/04/26 23:00:00,A,Y15-24,PC_ACT,M,PT,2013-01-01,37.3,,
ESTAT:UNE_RT_A(1.0),29/04/26 23:00:00,A,Y15-24,PC_ACT,M,RO,2013-01-01,28.7,,
ESTAT:UNE_RT_A(1.0),29/04/26 23:00:00,A,Y15-24,PC_ACT,M,RS,2013-01-01,46.5,,
ESTAT:UNE_RT_A(1.0),29/04/26 23:00:00,A,Y15-24,PC_ACT,M,SE,2013-01-01,23.9,,
ESTAT:UNE_RT_A(1.0),29/04/26 23:00:00,A,Y15-24,PC_ACT,M,SI,2013-01-01,20.1,,
ESTAT:UNE_RT_A(1.0),29/04/26 23:00:00,A,Y15-24,PC_ACT,M,SK,2013-01-01,35.3,,
ESTAT:UNE_RT_A(1.0),29/04/26 23:00:00,A,Y15-24,PC_ACT,M,TR,2013-01-01,15.5,,
ESTAT:UNE_RT_A(1.0),29/04/26 23:00:00,A,Y15-24,PC_ACT,T,AT,2013-01-01,10.3,,
ESTAT:UNE_RT_A(1.0),29/04/26 23:00:00,A,Y15-24,PC_ACT,T,BE,2013-01-01,23.9,,
ESTAT:UNE_RT_A(1.0),29/04/26 23:00:00,A,Y15-24,PC_ACT,T,BG,2013-01-01,31.5,,
ESTAT:UNE_RT_A(1.0),29/04/26 23:00:00,A,Y15-24,PC_ACT,T,CH,2013-01-01,8.7,,
ESTAT:UNE_RT_A(1.0),29/04/26 23:00:00,A,Y15-24,PC_ACT,T,CY,2013-01-01,38.9,,
ESTAT:UNE_RT_A(1.0),29/04/26 23:00:00,A,Y15-24,PC_ACT,T,CZ,2013-01-01,19.0,,
ESTAT:UNE_RT_A(1.0),29/04/26 23:00:00,A,Y15-24,PC_ACT,T,DE,2013-01-01,8.3,,
ESTAT:UNE_RT_A(1.0),29/04/26 23:00:00,A,Y15-24,PC_ACT,T,DK,2013-01-01,14.8,,
ESTAT:UNE_RT_A(1.0),29/04/26 23:00:00,A,Y15-24,PC_ACT,T,EA20,2013-01-01,25.2,,
ESTAT:UNE_RT_A(1.0),29/04/26 23:00:00,A,Y15-24,PC_ACT,T,EA21,2013-01-01,25.3,,
ESTAT:UNE_RT_A(1.0),29/04/26 23:00:00,A,Y15-24,PC_ACT,T,EE,2013-01-01,18.6,,
ESTAT:UNE_RT_A(1.0),29/04/26 23:00:00,A,Y15-24,PC_ACT,T,EL,2013-01-01,59.2,,
ESTAT:UNE_RT_A(1.0),29/04/26 23:00:00,A,Y15-24,PC_ACT,T,ES,2013-01-01,55.5,,
ESTAT:UNE_RT_A(1.0),29/04/26 23:00:00,A,Y15-24,PC_ACT,T,EU27_2020,2013-01-01,25.2,,
ESTAT:UNE_RT_A(1.0),29/04/26 23:00:00,A,Y15-24,PC_ACT,T,FI,2013-01-01,20.6,,
ESTAT:UNE_RT_A(1.0),29/04/26 23:00:00,A,Y15-24,PC_ACT,T,FR,2013-01-01,26.4,,
ESTAT:UNE_RT_A(1.0),29/04/26 23:00:00,A,Y15-24,PC_ACT,T,HR,2013-01-01,50.5,,
ESTAT:UNE_RT_A(1.0),29/04/26 23:00:00,A,Y15-24,PC_ACT,T,HU,2013-01-01,26.1,,
ESTAT:UNE_RT_A(1.0),29/04/26 23:00:00,A,Y15-24,PC_ACT,T,IE,2013-01-01,26.7,,
ESTAT:UNE_RT_A(1.0),29/04/26 23:00:00,A,Y15-24,PC_ACT,T,IS,2013-01-01,10.6,,
ESTAT:UNE_RT_A(1.0),29/04/26 23:00:00,A,Y15-24,PC_ACT,T,IT,2013-01-01,40.0,,
ESTAT:UNE_RT_A(1.0),29/04/26 23:00:00,A,Y15-24,PC_ACT,T,LT,2013-01-01,21.9,,
ESTAT:UNE_RT_A(1.0),29/04/26 23:00:00,A,Y15-24,PC_ACT,T,LU,2013-01-01,15.5,,
ESTAT:UNE_RT_A(1.0),29/04/26 23:00:00,A,Y15-24,PC_ACT,T,LV,2013-01-01,23.2,,
ESTAT:UNE_RT_A(1.0),29/04/26 23:00:00,A,Y15-24,PC_ACT,T,ME,2013-01-01,40.5,,
ESTAT:UNE_RT_A(1.0),29/04/26 23:00:00,A,Y15-24,PC_ACT,T,MK,2013-01-01,51.9,,
ESTAT:UNE_RT_A(1.0),29/04/26 23:00:00,A,Y15-24,PC_ACT,T,MT,2013-01-01,12.7,,
ESTAT:UNE_RT_A(1.0),29/04/26 23:00:00,A,Y15-24,PC_ACT,T,NL,2013-01-01,14.2,,
ESTAT:UNE_RT_A(1.0),29/04/26 23:00:00,A,Y15-24,PC_ACT,T,NO,2013-01-01,11.5,,
ESTAT:UNE_RT_A(1.0),29/04/26 23:00:00,A,Y15-24,PC_ACT,T,PL,2013-01-01,27.6,,
ESTAT:UNE_RT_A(1.0),29/04/26 23:00:00,A,Y15-24,PC_ACT,T,PT,2013-01-01,38.6,,
ESTAT:UNE_RT_A(1.0),29/04/26 23:00:00,A,Y15-24,PC_ACT,T,RO,2013-01-01,29.6,,
ESTAT:UNE_RT_A(1.0),29/04/26 23:00:00,A,Y15-24,PC_ACT,T,RS,2013-01-01,51.7,,
ESTAT:UNE_RT_A(1.0),29/04/26 23:00:00,A,Y15-24,PC_ACT,T,SE,2013-01-01,22.8,,
ESTAT:UNE_RT_A(1.0),29/04/26 23:00:00,A,Y15-24,PC_ACT,T,SI,2013-01-01,21.6,,
ESTAT:UNE_RT_A(1.0),29/04/26 23:00:00,A,Y15-24,PC_ACT,T,SK,2013-01-01,34.9,,
ESTAT:UNE_RT_A(1.0),29/04/26 23:00:00,A,Y15-24,PC_ACT,T,TR,2013-01-01,16.9,,
ESTAT:UNE_RT_A(1.0),29/04/26 23:00:00,A,Y15-74,PC_ACT,F,AT,2013-01-01,5.5,,
ESTAT:UNE_RT_A(1.0),29/04/26 23:00:00,A,Y15-74,PC_ACT,F,BE,2013-01-01,8.3,,
ESTAT:UNE_RT_A(1.0),29/04/26 23:00:00,A,Y15-74,PC_ACT,F,BG,2013-01-01,12.8,,
ESTAT:UNE_RT_A(1.0),29/04/26 23:00:00,A,Y15-74,PC_ACT,F,CH,2013-01-01,4.9,,
ESTAT:UNE_RT_A(1.0),29/04/26 23:00:00,A,Y15-74,PC_ACT,F,CY,2013-01-01,15.2,,
ESTAT:UNE_RT_A(1.0),29/04/26 23:00:00,A,Y15-74,PC_ACT,F,CZ,2013-01-01,8.3,,
ESTAT:UNE_RT_A(1.0),29/04/26 23:00:00,A,Y15-74,PC_ACT,F,DE,2013-01-01,4.6,,
ESTAT:UNE_RT_A(1.0),29/04/26 23:00:00,A,Y15-74,PC_ACT,F,DK,2013-01-01,7.7,,
ESTAT:UNE_RT_A(1.0),29/04/26 23:00:00,A,Y15-74,PC_ACT,F,EA20,2013-01-01,12.3,,
ESTAT:UNE_RT_A(1.0),29/04/26 23:00:00,A,Y15-74,PC_ACT,F,EA21,2013-01-01,12.3,,
ESTAT:UNE_RT_A(1.0),29/04/26 23:00:00,A,Y15-74,PC_ACT,F,EE,2013-01-01,8.0,,
ESTAT:UNE_RT_A(1.0),29/04/26 23:00:00,A,Y15-74,PC_ACT,F,EL,2013-01-01,31.7,,
ESTAT:UNE_RT_A(1.0),29/04/26 23:00:00,A,Y15-74,PC_ACT,F,ES,2013-01-01,26.7,,
ESTAT:UNE_RT_A(1.0),29/04/26 23:00:00,A,Y15-74,PC_ACT,F,EU27_2020,2013-01-01,11.7,,
ESTAT:UNE_RT_A(1.0),29/04/26 23:00:00,A,Y15-74,PC_ACT,F,FI,2013-01-01,7.5,,
ESTAT:UNE_RT_A(1.0),29/04/26 23:00:00,A,Y15-74,PC_ACT,F,FR,2013-01-01,10.2,,
ESTAT:UNE_RT_A(1.0),29/04/26 23:00:00,A,Y15-74,PC_ACT,F,HR,2013-01-01,16.8,,
ESTAT:UNE_RT_A(1.0),29/04/26 23:00:00,A,Y15-74,PC_ACT,F,HU,2013-01-01,9.5,,
ESTAT:UNE_RT_A(1.0),29/04/26 23:00:00,A,Y15-74,PC_ACT,F,IE,2013-01-01,12.4,,
ESTAT:UNE_RT_A(1.0),29/04/26 23:00:00,A,Y15-74,PC_ACT,F,IS,2013-01-01,5.1,,
ESTAT:UNE_RT_A(1.0),29/04/26 23:00:00,A,Y15-74,PC_ACT,F,IT,2013-01-01,13.2,,
ESTAT:UNE_RT_A(1.0),29/04/26 23:00:00,A,Y15-74,PC_ACT,F,LT,2013-01-01,10.5,,
ESTAT:UNE_RT_A(1.0),29/04/26 23:00:00,A,Y15-74,PC_ACT,F,LU,2013-01-01,6.4,,
ESTAT:UNE_RT_A(1.0),29/04/26 23:00:00,A,Y15-74,PC_ACT,F,LV,2013-01-01,11.2,,
ESTAT:UNE_RT_A(1.0),29/04/26 23:00:00,A,Y15-74,PC_ACT,F,ME,2013-01-01,18.8,,
ESTAT:UNE_RT_A(1.0),29/04/26 23:00:00,A,Y15-74,PC_ACT,F,MK,2013-01-01,29.0,,
ESTAT:UNE_RT_A(1.0),29/04/26 23:00:00,A,Y15-74,PC_ACT,F,MT,2013-01-01,6.1,,
ESTAT:UNE_RT_A(1.0),29/04/26 23:00:00,A,Y15-74,PC_ACT,F,NL,2013-01-01,8.4,,
ESTAT:UNE_RT_A(1.0),29/04/26 23:00:00,A,Y15-74,PC_ACT,F,NO,2013-01-01,3.7,,
ESTAT:UNE_RT_A(1.0),29/04/26 23:00:00,A,Y15-74,PC_ACT,F,PL,2013-01-01,11.4,,
ESTAT:UNE_RT_A(1.0),29/04/26 23:00:00,A,Y15-74,PC_ACT,F,PT,2013-01-01,17.3,,
ESTAT:UNE_RT_A(1.0),29/04/26 23:00:00,A,Y15-74,PC_ACT,F,RO,2013-01-01,8.3,,
ESTAT:UNE_RT_A(1.0),29/04/26 23:00:00,A,Y15-74,PC_ACT,F,RS,2013-01-01,26.5,,
ESTAT:UNE_RT_A(1.0),29/04/26 23:00:00,A,Y15-74,PC_ACT,F,SE,2013-01-01,8.0,,
ESTAT:UNE_RT_A(1.0),29/04/26 23:00:00,A,Y15-74,PC_ACT,F,SI,2013-01-01,10.9,,
ESTAT:UNE_RT_A(1.0),29/04/26 23:00:00,A,Y15-74,PC_ACT,F,SK,2013-01-01,14.7,,
ESTAT:UNE_RT_A(1.0),29/04/26 23:00:00,A,Y15-74,PC_ACT,F,TR,2013-01-01,10.6,,
ESTAT:UNE_RT_A(1.0),29/04/26 23:00:00,A,Y15-74,PC_ACT,M,AT,2013-01-01,5.9,,
ESTAT:UNE_RT_A(1.0),29/04/26 23:00:00,A,Y15-74,PC_ACT,M,BE,2013-01-01,8.8,,
ESTAT:UNE_RT_A(1.0),29/04/26 23:00:00,A,Y15-74,PC_ACT,M,BG,2013-01-01,14.9,,
ESTAT:UNE_RT_A(1.0),29/04/26 23:00:00,A,Y15-74,PC_ACT,M,CH,2013-01-01,4.6,,
ESTAT:UNE_RT_A(1.0),29/04/26 23:00:00,A,Y15-74,PC_ACT,M,CY,2013-01-01,16.6,,
ESTAT:UNE_RT_A(1.0),29/04/26 23:00:00,A,Y15-74,PC_ACT,M,CZ,2013-01-01,5.9,,
ESTAT:UNE_RT_A(1.0),29/04/26 23:00:00,A,Y15-74,PC_ACT,M,DE,2013-01-01,5.2,,
ESTAT:UNE_RT_A(1.0),29/04/26 23:00:00,A,Y15-74,PC_ACT,M,DK,2013-01-01,7.1,,
ESTAT:UNE_RT_A(1.0),29/04/26 23:00:00,A,Y15-74,PC_ACT,M,EA20,2013-01-01,12.1,,
ESTAT:UNE_RT_A(1.0),29/04/26 23:00:00,A,Y15-74,PC_ACT,M,EA21,2013-01-01,12.1,,
ESTAT:UNE_RT_A(1.0),29/04/26 23:00:00,A,Y15-74,PC_ACT,M,EE,2013-01-01,9.1,,
ESTAT:UNE_RT_A(1.0),29/04/26 23:00:00,A,Y15-74,PC_ACT,M,EL,2013-01-01,24.8,,
ESTAT:UNE_RT_A(1.0),29/04/26 23:00:00,A,Y15-74,PC_ACT,M,ES,2013-01-01,25.6,,
ESTAT:UNE_RT_A(1.0),29/04/26 23:00:00,A,Y15-74,PC_ACT,M,EU27_2020,2013-01-01,11.5,,
ESTAT:UNE_RT_A(1.0),29/04/26 23:00:00,A,Y15-74,PC_ACT,M,FI,2013-01-01,9.1,,
ESTAT:UNE_RT_A(1.0),29/04/26 23:00:00,A,Y15-74,PC_ACT,M,FR,2013-01-01,10.4,,
ESTAT:UNE_RT_A(1.0),29/04/26 23:00:00,A,Y15-74,PC_ACT,M,HR,2013-01-01,17.7,,
ESTAT:UNE_RT_A(1.0),29/04/26 23:00:00,A,Y15-74,PC_ACT,M,HU,2013-01-01,10.2,,
ESTAT:UNE_RT_A(1.0),29/04/26 23:00:00,A,Y15-74,PC_ACT,M,IE,2013-01-01,14.9,,
ESTAT:UNE_RT_A(1.0),29/04/26 23:00:00,A,Y15-74,PC_ACT,M,IS,2013-01-01,5.6,,
ESTAT:UNE_RT_A(1.0),29/04/26 23:00:00,A,Y15-74,PC_ACT,M,IT,2013-01-01,11.7,,
ESTAT:UNE_RT_A(1.0),29/04/26 23:00:00,A,Y15-74,PC_ACT,M,LT,2013-01-01,13.1,,
ESTAT:UNE_RT_A(1.0),29/04/26 23:00:00,A,Y15-74,PC_ACT,M,LU,2013-01-01,5.4,,
ESTAT:UNE_RT_A(1.0),29/04/26 23:00:00,A,Y15-74,PC_ACT,M,LV,2013-01-01,12.7,,
ESTAT:UNE_RT_A(1.0),29/04/26 23:00:00,A,Y15-74,PC_ACT,M,ME,2013-01-01,20.0,,
ESTAT:UNE_RT_A(1.0),29/04/26 23:00:00,A,Y15-74,PC_ACT,M,MK,2013-01-01,29.0,,
ESTAT:UNE_RT_A(1.0),29/04/26 23:00:00,A,Y15-74,PC_ACT,M,MT,2013-01-01,6.1,,
ESTAT:UNE_RT_A(1.0),29/04/26 23:00:00,A,Y15-74,PC_ACT,M,NL,2013-01-01,8.1,,
ESTAT:UNE_RT_A(1.0),29/04/26 23:00:00,A,Y15-74,PC_ACT,M,NO,2013-01-01,4.1,,
ESTAT:UNE_RT_A(1.0),29/04/26 23:00:00,A,Y15-74,PC_ACT,M,PL,2013-01-01,10.0,,
ESTAT:UNE_RT_A(1.0),29/04/26 23:00:00,A,Y15-74,PC_ACT,M,PT,2013-01-01,17.2,,
ESTAT:UNE_RT_A(1.0),29/04/26 23:00:00,A,Y15-74,PC_ACT,M,RO,2013-01-01,9.5,,
ESTAT:UNE_RT_A(1.0),29/04/26 23:00:00,A,Y15-74,PC_ACT,M,RS,2013-01-01,22.5,,
ESTAT:UNE_RT_A(1.0),29/04/26 23:00:00,A,Y15-74,PC_ACT,M,SE,2013-01-01,8.3,,
ESTAT:UNE_RT_A(1.0),29/04/26 23:00:00,A,Y15-74,PC_ACT,M,SI,2013-01-01,9.5,,
ESTAT:UNE_RT_A(1.0),29/04/26 23:00:00,A,Y15-74,PC_ACT,M,SK,2013-01-01,13.7,,
ESTAT:UNE_RT_A(1.0),29/04/26 23:00:00,A,Y15-74,PC_ACT,M,TR,2013-01-01,8.0,,
ESTAT:UNE_RT_A(1.0),29/04/26 23:00:00,A,Y15-74,PC_ACT,T,AT,2013-01-01,5.7,,
ESTAT:UNE_RT_A(1.0),29/04/26 23:00:00,A,Y15-74,PC_ACT,T,BE,2013-01-01,8.6,,
ESTAT:UNE_RT_A(1.0),29/04/26 23:00:00,A,Y15-74,PC_ACT,T,BG,2013-01-01,13.9,,
ESTAT:UNE_RT_A(1.0),29/04/26 23:00:00,A,Y15-74,PC_ACT,T,CH,2013-01-01,4.8,,
ESTAT:UNE_RT_A(1.0),29/04/26 23:00:00,A,Y15-74,PC_ACT,T,CY,2013-01-01,15.9,,
ESTAT:UNE_RT_A(1.0),29/04/26 23:00:00,A,Y15-74,PC_ACT,T,CZ,2013-01-01,7.0,,
ESTAT:UNE_RT_A(1.0),29/04/26 23:00:00,A,Y15-74,PC_ACT,T,DE,2013-01-01,4.9,,
ESTAT:UNE_RT_A(1.0),29/04/26 23:00:00,A,Y15-74,PC_ACT,T,DK,2013-01-01,7.4,,
ESTAT:UNE_RT_A(1.0),29/04/26 23:00:00,A,Y15-74,PC_ACT,T,EA20,2013-01-01,12.2,,
ESTAT:UNE_RT_A(1.0),29/04/26 23:00:00,A,Y15-74,PC_ACT,T,EA21,2013-01-01,12.2,,
ESTAT:UNE_RT_A(1.0),29/04/26 23:00:00,A,Y15-74,PC_ACT,T,EE,2013-01-01,8.6,,
ESTAT:UNE_RT_A(1.0),29/04/26 23:00:00,A,Y15-74,PC_ACT,T,EL,2013-01-01,27.8,,
ESTAT:UNE_RT_A(1.0),29/04/26 23:00:00,A,Y15-74,PC_ACT,T,ES,2013-01-01,26.1,,
ESTAT:UNE_RT_A(1.0),29/04/26 23:00:00,A,Y15-74,PC_ACT,T,EU27_2020,2013-01-01,11.6,,
ESTAT:UNE_RT_A(1.0),29/04/26 23:00:00,A,Y15-74,PC_ACT,T,FI,2013-01-01,8.3,,
ESTAT:UNE_RT_A(1.0),29/04/26 23:00:00,A,Y15-74,PC_ACT,T,FR,2013-01-01,10.3,,
ESTAT:UNE_RT_A(1.0),29/04/26 23:00:00,A,Y15-74,PC_ACT,T,HR,2013-01-01,17.3,,
ESTAT:UNE_RT_A(1.0),29/04/26 23:00:00,A,Y15-74,PC_ACT,T,HU,2013-01-01,9.8,,
ESTAT:UNE_RT_A(1.0),29/04/26 23:00:00,A,Y15-74,PC_ACT,T,IE,2013-01-01,13.8,,
ESTAT:UNE_RT_A(1.0),29/04/26 23:00:00,A,Y15-74,PC_ACT,T,IS,2013-01-01,5.4,,
ESTAT:UNE_RT_A(1.0),29/04/26 23:00:00,A,Y15-74,PC_ACT,T,IT,2013-01-01,12.4,,
ESTAT:UNE_RT_A(1.0),29/04/26 23:00:00,A,Y15-74,PC_ACT,T,LT,2013-01-01,11.8,,
ESTAT:UNE_RT_A(1.0),29/04/26 23:00:00,A,Y15-74,PC_ACT,T,LU,2013-01-01,5.9,,
ESTAT:UNE_RT_A(1.0),29/04/26 23:00:00,A,Y15-74,PC_ACT,T,LV,2013-01-01,11.9,,
ESTAT:UNE_RT_A(1.0),29/04/26 23:00:00,A,Y15-74,PC_ACT,T,ME,2013-01-01,19.5,,
ESTAT:UNE_RT_A(1.0),29/04/26 23:00:00,A,Y15-74,PC_ACT,T,MK,2013-01-01,29.0,,
ESTAT:UNE_RT_A(1.0),29/04/26 23:00:00,A,Y15-74,PC_ACT,T,MT,2013-01-01,6.1,,
ESTAT:UNE_RT_A(1.0),29/04/26 23:00:00,A,Y15-74,PC_ACT,T,NL,2013-01-01,8.2,,
ESTAT:UNE_RT_A(1.0),29/04/26 23:00:00,A,Y15-74,PC_ACT,T,NO,2013-01-01,3.9,,
ESTAT:UNE_RT_A(1.0),29/04/26 23:00:00,A,Y15-74,PC_ACT,T,PL,2013-01-01,10.6,,
ESTAT:UNE_RT_A(1.0),29/04/26 23:00:00,A,Y15-74,PC_ACT,T,PT,2013-01-01,17.2,,
ESTAT:UNE_RT_A(1.0),29/04/26 23:00:00,A,Y15-74,PC_ACT,T,RO,2013-01-01,9.0,,
ESTAT:UNE_RT_A(1.0),29/04/26 23:00:00,A,Y15-74,PC_ACT,T,RS,2013-01-01,24.2,,
ESTAT:UNE_RT_A(1.0),29/04/26 23:00:00,A,Y15-74,PC_ACT,T,SE,2013-01-01,8.1,,
ESTAT:UNE_RT_A(1.0),29/04/26 23:00:00,A,Y15-74,PC_ACT,T,SI,2013-01-01,10.1,,
ESTAT:UNE_RT_A(1.0),29/04/26 23:00:00,A,Y15-74,PC_ACT,T,SK,2013-01-01,14.1,,
ESTAT:UNE_RT_A(1.0),29/04/26 23:00:00,A,Y15-74,PC_ACT,T,TR,2013-01-01,8.8,,
ESTAT:UNE_RT_A(1.0),29/04/26 23:00:00,A,Y25-54,PC_ACT,F,AT,2013-01-01,5.0,,
ESTAT:UNE_RT_A(1.0),29/04/26 23:00:00,A,Y25-54,PC_ACT,F,BE,2013-01-01,7.2,,
ESTAT:UNE_RT_A(1.0),29/04/26 23:00:00,A,Y25-54,PC_ACT,F,BG,2013-01-01,11.9,,
ESTAT:UNE_RT_A(1.0),29/04/26 23:00:00,A,Y25-54,PC_ACT,F,CH,2013-01-01,4.7,,
ESTAT:UNE_RT_A(1.0),29/04/26 23:00:00,A,Y25-54,PC_ACT,F,CY,2013-01-01,13.4,,
ESTAT:UNE_RT_A(1.0),29/04/26 23:00:00,A,Y25-54,PC_ACT,F,CZ,2013-01-01,7.9,,
ESTAT:UNE_RT_A(1.0),29/04/26 23:00:00,A,Y25-54,PC_ACT,F,DE,2013-01-01,4.2,,
ESTAT:UNE_RT_A(1.0),29/04/26 23:00:00,A,Y25-54,PC_ACT,F,DK,2013-01-01,7.1,,
ESTAT:UNE_RT_A(1.0),29/04/26 23:00:00,A,Y25-54,PC_ACT,F,EA20,2013-01-01,11.6,,
ESTAT:UNE_RT_A(1.0),29/04/26 23:00:00,A,Y25-54,PC_ACT,F,EA21,2013-01-01,11.6,,
ESTAT:UNE_RT_A(1.0),29/04/26 23:00:00,A,Y25-54,PC_ACT,F,EE,2013-01-01,8.0,,
ESTAT:UNE_RT_A(1.0),29/04/26 23:00:00,A,Y25-54,PC_ACT,F,EL,2013-01-01,31.2,,
ESTAT:UNE_RT_A(1.0),29/04/26 23:00:00,A,Y25-54,PC_ACT,F,ES,2013-01-01,25.2,,
ESTAT:UNE_RT_A(1.0),29/04/26 23:00:00,A,Y25-54,PC_ACT,F,EU27_2020,2013-01-01,11.0,,
ESTAT:UNE_RT_A(1.0),29/04/26 23:00:00,A,Y25-54,PC_ACT,F,FI,2013-01-01,6.3,,
ESTAT:UNE_RT_A(1.0),29/04/26 23:00:00,A,Y25-54,PC_ACT,F,FR,2013-01-01,8.7,,
ESTAT:UNE_RT_A(1.0),29/04/26 23:00:00,A,Y25-54,PC_ACT,F,HR,2013-01-01,15.5,,
ESTAT:UNE_RT_A(1.0),29/04/26 23:00:00,A,Y25-54,PC_ACT,F,HU,2013-01-01,8.4,,
ESTAT:UNE_RT_A(1.0),29/04/26 23:00:00,A,Y25-54,PC_ACT,F,IE,2013-01-01,11.2,,
ESTAT:UNE_RT_A(1.0),29/04/26 23:00:00,A,Y25-54,PC_ACT,F,IS,2013-01-01,5.0,,
ESTAT:UNE_RT_A(1.0),29/04/26 23:00:00,A,Y25-54,PC_ACT,F,IT,2013-01-01,12.5,,
ESTAT:UNE_RT_A(1.0),29/04/26 23:00:00,A,Y25-54,PC_ACT,F,LT,2013-01-01,10.1,,
ESTAT:UNE_RT_A(1.0),29/04/26 23:00:00,A,Y25-54,PC_ACT,F,LU,2013-01-01,6.2,,
ESTAT:UNE_RT_A(1.0),29/04/26 23:00:00,A,Y25-54,PC_ACT,F,LV,2013-01-01,10.3,,
ESTAT:UNE_RT_A(1.0),29/04/26 23:00:00,A,Y25-54,PC_ACT,F,ME,2013-01-01,18.1,,
ESTAT:UNE_RT_A(1.0),29/04/26 23:00:00,A,Y25-54,PC_ACT,F,MK,2013-01-01,27.3,,
ESTAT:UNE_RT_A(1.0),29/04/26 23:00:00,A,Y25-54,PC_ACT,F,MT,2013-01-01,5.2,,
ESTAT:UNE_RT_A(1.0),29/04/26 23:00:00,A,Y25-54,PC_ACT,F,NL,2013-01-01,7.3,,
ESTAT:UNE_RT_A(1.0),29/04/26 23:00:00,A,Y25-54,PC_ACT,F,NO,2013-01-01,3.0,,
ESTAT:UNE_RT_A(1.0),29/04/26 23:00:00,A,Y25-54,PC_ACT,F,PL,2013-01-01,10.2,,
ESTAT:UNE_RT_A(1.0),29/04/26 23:00:00,A,Y25-54,PC_ACT,F,PT,2013-01-01,15.9,,
ESTAT:UNE_RT_A(1.0),29/04/26 23:00:00,A,Y25-54,PC_ACT,F,RO,2013-01-01,6.9,,
ESTAT:UNE_RT_A(1.0),29/04/26 23:00:00,A,Y25-54,PC_ACT,F,RS,2013-01-01,25.7,,
ESTAT:UNE_RT_A(1.0),29/04/26 23:00:00,A,Y25-54,PC_ACT,F,SE,2013-01-01,6.4,,
ESTAT:UNE_RT_A(1.0),29/04/26 23:00:00,A,Y25-54,PC_ACT,F,SI,2013-01-01,10.5,,
ESTAT:UNE_RT_A(1.0),29/04/26 23:00:00,A,Y25-54,PC_ACT,F,SK,2013-01-01,13.7,,
ESTAT:UNE_RT_A(1.0),29/04/26 23:00:00,A,Y25-54,PC_ACT,F,TR,2013-01-01,9.4,,
ESTAT:UNE_RT_A(1.0),29/04/26 23:00:00,A,Y25-54,PC_ACT,M,AT,2013-01-01,5.5,,
ESTAT:UNE_RT_A(1.0),29/04/26 23:00:00,A,Y25-54,PC_ACT,M,BE,2013-01-01,7.7,,
ESTAT:UNE_RT_A(1.0),29/04/26 23:00:00,A,Y25-54,PC_ACT,M,BG,2013-01-01,13.6,,
ESTAT:UNE_RT_A(1.0),29/04/26 23:00:00,A,Y25-54,PC_ACT,M,CH,2013-01-01,4.3,,
ESTAT:UNE_RT_A(1.0),29/04/26 23:00:00,A,Y25-54,PC_ACT,M,CY,2013-01-01,14.4,,
ESTAT:UNE_RT_A(1.0),29/04/26 23:00:00,A,Y25-54,PC_ACT,M,CZ,2013-01-01,4.9,,
ESTAT:UNE_RT_A(1.0),29/04/26 23:00:00,A,Y25-54,PC_ACT,M,DE,2013-01-01,4.7,,
ESTAT:UNE_RT_A(1.0),29/04/26 23:00:00,A,Y25-54,PC_ACT,M,DK,2013-01-01,6.0,,
ESTAT:UNE_RT_A(1.0),29/04/26 23:00:00,A,Y25-54,PC_ACT,M,EA20,2013-01-01,11.2,,
ESTAT:UNE_RT_A(1.0),29/04/26 23:00:00,A,Y25-54,PC_ACT,M,EA21,2013-01-01,11.2,,
ESTAT:UNE_RT_A(1.0),29/04/26 23:00:00,A,Y25-54,PC_ACT,M,EE,2013-01-01,8.3,,
ESTAT:UNE_RT_A(1.0),29/04/26 23:00:00,A,Y25-54,PC_ACT,M,EL,2013-01-01,24.0,,
ESTAT:UNE_RT_A(1.0),29/04/26 23:00:00,A,Y25-54,PC_ACT,M,ES,2013-01-01,23.8,,
ESTAT:UNE_RT_A(1.0),29/04/26 23:00:00,A,Y25-54,PC_ACT,M,EU27_2020,2013-01-01,10.5,,
ESTAT:UNE_RT_A(1.0),29/04/26 23:00:00,A,Y25-54,PC_ACT,M,FI,2013-01-01,7.1,,
ESTAT:UNE_RT_A(1.0),29/04/26 23:00:00,A,Y25-54,PC_ACT,M,FR,2013-01-01,9.2,,
ESTAT:UNE_RT_A(1.0),29/04/26 23:00:00,A,Y25-54,PC_ACT,M,HR,2013-01-01,15.5,,
ESTAT:UNE_RT_A(1.0),29/04/26 23:00:00,A,Y25-54,PC_ACT,M,HU,2013-01-01,9.1,,
ESTAT:UNE_RT_A(1.0),29/04/26 23:00:00,A,Y25-54,PC_ACT,M,IE,2013-01-01,13.3,,
ESTAT:UNE_RT_A(1.0),29/04/26 23:00:00,A,Y25-54,PC_ACT,M,IS,2013-01-01,4.4,,
ESTAT:UNE_RT_A(1.0),29/04/26 23:00:00,A,Y25-54,PC_ACT,M,IT,2013-01-01,10.5,,
ESTAT:UNE_RT_A(1.0),29/04/26 23:00:00,A,Y25-54,PC_ACT,M,LT,2013-01-01,11.9,,
ESTAT:UNE_RT_A(1.0),29/04/26 23:00:00,A,Y25-54,PC_ACT,M,LU,2013-01-01,4.6,,
ESTAT:UNE_RT_A(1.0),29/04/26 23:00:00,A,Y25-54,PC_ACT,M,LV,2013-01-01,11.9,,
ESTAT:UNE_RT_A(1.0),29/04/26 23:00:00,A,Y25-54,PC_ACT,M,ME,2013-01-01,19.0,,
ESTAT:UNE_RT_A(1.0),29/04/26 23:00:00,A,Y25-54,PC_ACT,M,MK,2013-01-01,26.6,,
ESTAT:UNE_RT_A(1.0),29/04/26 23:00:00,A,Y25-54,PC_ACT,M,MT,2013-01-01,4.8,,
ESTAT:UNE_RT_A(1.0),29/04/26 23:00:00,A,Y25-54,PC_ACT,M,NL,2013-01-01,6.4,,
ESTAT:UNE_RT_A(1.0),29/04/26 23:00:00,A,Y25-54,PC_ACT,M,NO,2013-01-01,3.1,,
ESTAT:UNE_RT_A(1.0),29/04/26 23:00:00,A,Y25-54,PC_ACT,M,PL,2013-01-01,8.4,,
ESTAT:UNE_RT_A(1.0),29/04/26 23:00:00,A,Y25-54,PC_ACT,M,PT,2013-01-01,15.6,,
ESTAT:UNE_RT_A(1.0),29/04/26 23:00:00,A,Y25-54,PC_ACT,M,RO,2013-01-01,8.2,,
ESTAT:UNE_RT_A(1.0),29/04/26 23:00:00,A,Y25-54,PC_ACT,M,RS,2013-01-01,20.8,,
ESTAT:UNE_RT_A(1.0),29/04/26 23:00:00,A,Y25-54,PC_ACT,M,SE,2013-01-01,6.3,,
ESTAT:UNE_RT_A(1.0),29/04/26 23:00:00,A,Y25-54,PC_ACT,M,SI,2013-01-01,8.9,,
ESTAT:UNE_RT_A(1.0),29/04/26 23:00:00,A,Y25-54,PC_ACT,M,SK,2013-01-01,11.9,,
ESTAT:UNE_RT_A(1.0),29/04/26 23:00:00,A,Y25-54,PC_ACT,M,TR,2013-01-01,6.9,,
ESTAT:UNE_RT_A(1.0),29/04/26 23:00:00,A,Y25-54,PC_ACT,T,AT,2013-01-01,5.3,,
ESTAT:UNE_RT_A(1.0),29/04/26 23:00:00,A,Y25-54,PC_ACT,T,BE,2013-01-01,7.5,,
ESTAT:UNE_RT_A(1.0),29/04/26 23:00:00,A,Y25-54,PC_ACT,T,BG,2013-01-01,12.8,,
ESTAT:UNE_RT_A(1.0),29/04/26 23:00:00,A,Y25-54,PC_ACT,T,CH,2013-01-01,4.5,,
ESTAT:UNE_RT_A(1.0),29/04/26 23:00:00,A,Y25-54,PC_ACT,T,CY,2013-01-01,13.9,,
ESTAT:UNE_RT_A(1.0),29/04/26 23:00:00,A,Y25-54,PC_ACT,T,CZ,2013-01-01,6.2,,
ESTAT:UNE_RT_A(1.0),29/04/26 23:00:00,A,Y25-54,PC_ACT,T,DE,2013-01-01,4.5,,
ESTAT:UNE_RT_A(1.0),29/04/26 23:00:00,A,Y25-54,PC_ACT,T,DK,2013-01-01,6.5,,
ESTAT:UNE_RT_A(1.0),29/04/26 23:00:00,A,Y25-54,PC_ACT,T,EA20,2013-01-01,11.4,,
ESTAT:UNE_RT_A(1.0),29/04/26 23:00:00,A,Y25-54,PC_ACT,T,EA21,2013-01-01,11.4,,
ESTAT:UNE_RT_A(1.0),29/04/26 23:00:00,A,Y25-54,PC_ACT,T,EE,2013-01-01,8.2,,
ESTAT:UNE_RT_A(1.0),29/04/26 23:00:00,A,Y25-54,PC_ACT,T,EL,2013-01-01,27.2,,
ESTAT:UNE_RT_A(1.0),29/04/26 23:00:00,A,Y25-54,PC_ACT,T,ES,2013-01-01,24.5,,
ESTAT:UNE_RT_A(1.0),29/04/26 23:00:00,A,Y25-54,PC_ACT,T,EU27_2020,2013-01-01,10.7,,
ESTAT:UNE_RT_A(1.0),29/04/26 23:00:00,A,Y25-54,PC_ACT,T,FI,2013-01-01,6.7,,
ESTAT:UNE_RT_A(1.0),29/04/26 23:00:00,A,Y25-54,PC_ACT,T,FR,2013-01-01,8.9,,
ESTAT:UNE_RT_A(1.0),29/04/26 23:00:00,A,Y25-54,PC_ACT,T,HR,2013-01-01,15.5,,
ESTAT:UNE_RT_A(1.0),29/04/26 23:00:00,A,Y25-54,PC_ACT,T,HU,2013-01-01,8.7,,
ESTAT:UNE_RT_A(1.0),29/04/26 23:00:00,A,Y25-54,PC_ACT,T,IE,2013-01-01,12.4,,
ESTAT:UNE_RT_A(1.0),29/04/26 23:00:00,A,Y25-54,PC_ACT,T,IS,2013-01-01,4.6,,
ESTAT:UNE_RT_A(1.0),29/04/26 23:00:00,A,Y25-54,PC_ACT,T,IT,2013-01-01,11.4,,
ESTAT:UNE_RT_A(1.0),29/04/26 23:00:00,A,Y25-54,PC_ACT,T,LT,2013-01-01,11.0,,
ESTAT:UNE_RT_A(1.0),29/04/26 23:00:00,A,Y25-54,PC_ACT,T,LU,2013-01-01,5.3,,
ESTAT:UNE_RT_A(1.0),29/04/26 23:00:00,A,Y25-54,PC_ACT,T,LV,2013-01-01,11.1,,
ESTAT:UNE_RT_A(1.0),29/04/26 23:00:00,A,Y25-54,PC_ACT,T,ME,2013-01-01,18.6,,
ESTAT:UNE_RT_A(1.0),29/04/26 23:00:00,A,Y25-54,PC_ACT,T,MK,2013-01-01,26.9,,
ESTAT:UNE_RT_A(1.0),29/04/26 23:00:00,A,Y25-54,PC_ACT,T,MT,2013-01-01,5.0,,
ESTAT:UNE_RT_A(1.0),29/04/26 23:00:00,A,Y25-54,PC_ACT,T,NL,2013-01-01,6.8,,
ESTAT:UNE_RT_A(1.0),29/04/26 23:00:00,A,Y25-54,PC_ACT,T,NO,2013-01-01,3.1,,
ESTAT:UNE_RT_A(1.0),29/04/26 23:00:00,A,Y25-54,PC_ACT,T,PL,2013-01-01,9.2,,
ESTAT:UNE_RT_A(1.0),29/04/26 23:00:00,A,Y25-54,PC_ACT,T,PT,2013-01-01,15.7,,
ESTAT:UNE_RT_A(1.0),29/04/26 23:00:00,A,Y25-54,PC_ACT,T,RO,2013-01-01,7.7,,
ESTAT:UNE_RT_A(1.0),29/04/26 23:00:00,A,Y25-54,PC_ACT,T,RS,2013-01-01,23.1,,
ESTAT:UNE_RT_A(1.0),29/04/26 23:00:00,A,Y25-54,PC_ACT,T,SE,2013-01-01,6.3,,
ESTAT:UNE_RT_A(1.0),29/04/26 23:00:00,A,Y25-54,PC_ACT,T,SI,2013-01-01,9.7,,
ESTAT:UNE_RT_A(1.0),29/04/26 23:00:00,A,Y25-54,PC_ACT,T,SK,2013-01-01,12.8,,
ESTAT:UNE_RT_A(1.0),29/04/26 23:00:00,A,Y25-54,PC_ACT,T,TR,2013-01-01,7.6,,
ESTAT:UNE_RT_A(1.0),29/04/26 23:00:00,A,Y55-74,PC_ACT,F,AT,2013-01-01,3.1,,
ESTAT:UNE_RT_A(1.0),29/04/26 23:00:00,A,Y55-74,PC_ACT,F,BE,2013-01-01,5.3,,
ESTAT:UNE_RT_A(1.0),29/04/26 23:00:00,A,Y55-74,PC_ACT,F,BG,2013-01-01,12.1,,
ESTAT:UNE_RT_A(1.0),29/04/26 23:00:00,A,Y55-74,PC_ACT,F,CH,2013-01-01,2.8,,
ESTAT:UNE_RT_A(1.0),29/04/26 23:00:00,A,Y55-74,PC_ACT,F,CY,2013-01-01,8.6,,
ESTAT:UNE_RT_A(1.0),29/04/26 23:00:00,A,Y55-74,PC_ACT,F,CZ,2013-01-01,5.9,,
ESTAT:UNE_RT_A(1.0),29/04/26 23:00:00,A,Y55-74,PC_ACT,F,DE,2013-01-01,4.5,,
ESTAT:UNE_RT_A(1.0),29/04/26 23:00:00,A,Y55-74,PC_ACT,F,DK,2013-01-01,4.9,,
ESTAT:UNE_RT_A(1.0),29/04/26 23:00:00,A,Y55-74,PC_ACT,F,EA20,2013-01-01,7.4,,
ESTAT:UNE_RT_A(1.0),29/04/26 23:00:00,A,Y55-74,PC_ACT,F,EA21,2013-01-01,7.5,,
ESTAT:UNE_RT_A(1.0),29/04/26 23:00:00,A,Y55-74,PC_ACT,F,EE,2013-01-01,3.7,,
ESTAT:UNE_RT_A(1.0),29/04/26 23:00:00,A,Y55-74,PC_ACT,F,EL,2013-01-01,15.4,,
ESTAT:UNE_RT_A(1.0),29/04/26 23:00:00,A,Y55-74,PC_ACT,F,ES,2013-01-01,19.1,,
ESTAT:UNE_RT_A(1.0),29/04/26 23:00:00,A,Y55-74,PC_ACT,F,EU27_2020,2013-01-01,7.2,,
ESTAT:UNE_RT_A(1.0),29/04/26 23:00:00,A,Y55-74,PC_ACT,F,FI,2013-01-01,5.5,,
ESTAT:UNE_RT_A(1.0),29/04/26 23:00:00,A,Y55-74,PC_ACT,F,FR,2013-01-01,6.4,,
ESTAT:UNE_RT_A(1.0),29/04/26 23:00:00,A,Y55-74,PC_ACT,F,HR,2013-01-01,6.6,u,
ESTAT:UNE_RT_A(1.0),29/04/26 23:00:00,A,Y55-74,PC_ACT,F,HU,2013-01-01,7.3,,
ESTAT:UNE_RT_A(1.0),29/04/26 23:00:00,A,Y55-74,PC_ACT,F,IE,2013-01-01,8.7,,
ESTAT:UNE_RT_A(1.0),29/04/26 23:00:00,A,Y55-74,PC_ACT,F,IS,2013-01-01,3.0,,
ESTAT:UNE_RT_A(1.0),29/04/26 23:00:00,A,Y55-74,PC_ACT,F,IT,2013-01-01,4.1,,
ESTAT:UNE_RT_A(1.0),29/04/26 23:00:00,A,Y55-74,PC_ACT,F,LT,2013-01-01,8.2,,
ESTAT:UNE_RT_A(1.0),29/04/26 23:00:00,A,Y55-74,PC_ACT,F,LU,2013-01-01,5.0,u,
ESTAT:UNE_RT_A(1.0),29/04/26 23:00:00,A,Y55-74,PC_ACT,F,LV,2013-01-01,8.8,,
ESTAT:UNE_RT_A(1.0),29/04/26 23:00:00,A,Y55-74,PC_ACT,F,ME,2013-01-01,,u,
ESTAT:UNE_RT_A(1.0),29/04/26 23:00:00,A,Y55-74,PC_ACT,F,MK,2013-01-01,21.7,,
ESTAT:UNE_RT_A(1.0),29/04/26 23:00:00,A,Y55-74,PC_ACT,F,MT,2013-01-01,,u,
ESTAT:UNE_RT_A(1.0),29/04/26 23:00:00,A,Y55-74,PC_ACT,F,NL,2013-01-01,7.6,,
ESTAT:UNE_RT_A(1.0),29/04/26 23:00:00,A,Y55-74,PC_ACT,F,NO,2013-01-01,1.2,,
ESTAT:UNE_RT_A(1.0),29/04/26 23:00:00,A,Y55-74,PC_ACT,F,PL,2013-01-01,7.0,,
ESTAT:UNE_RT_A(1.0),29/04/26 23:00:00,A,Y55-74,PC_ACT,F,PT,2013-01-01,12.8,,
ESTAT:UNE_RT_A(1.0),29/04/26 23:00:00,A,Y55-74,PC_ACT,F,RO,2013-01-01,3.8,,
ESTAT:UNE_RT_A(1.0),29/04/26 23:00:00,A,Y55-74,PC_ACT,F,RS,2013-01-01,12.8,,
ESTAT:UNE_RT_A(1.0),29/04/26 23:00:00,A,Y55-74,PC_ACT,F,SE,2013-01-01,4.1,,
ESTAT:UNE_RT_A(1.0),29/04/26 23:00:00,A,Y55-74,PC_ACT,F,SI,2013-01-01,5.5,u,
ESTAT:UNE_RT_A(1.0),29/04/26 23:00:00,A,Y55-74,PC_ACT,F,SK,2013-01-01,11.5,,
ESTAT:UNE_RT_A(1.0),29/04/26 23:00:00,A,Y55-74,PC_ACT,F,TR,2013-01-01,1.7,,
ESTAT:UNE_RT_A(1.0),29/04/26 23:00:00,A,Y55-74,PC_ACT,M,AT,2013-01-01,4.0,,
ESTAT:UNE_RT_A(1.0),29/04/26 23:00:00,A,Y55-74,PC_ACT,M,BE,2013-01-01,5.2,,
ESTAT:UNE_RT_A(1.0),29/04/26 23:00:00,A,Y55-74,PC_ACT,M,BG,2013-01-01,13.5,,
ESTAT:UNE_RT_A(1.0),29/04/26 23:00:00,A,Y55-74,PC_ACT,M,CH,2013-01-01,3.0,,
ESTAT:UNE_RT_A(1.0),29/04/26 23:00:00,A,Y55-74,PC_ACT,M,CY,2013-01-01,13.5,,
ESTAT:UNE_RT_A(1.0),29/04/26 23:00:00,A,Y55-74,PC_ACT,M,CZ,2013-01-01,5.0,,
ESTAT:UNE_RT_A(1.0),29/04/26 23:00:00,A,Y55-74,PC_ACT,M,DE,2013-01-01,5.1,,
ESTAT:UNE_RT_A(1.0),29/04/26 23:00:00,A,Y55-74,PC_ACT,M,DK,2013-01-01,4.6,,
ESTAT:UNE_RT_A(1.0),29/04/26 23:00:00,A,Y55-74,PC_ACT,M,EA20,2013-01-01,8.5,,
ESTAT:UNE_RT_A(1.0),29/04/26 23:00:00,A,Y55-74,PC_ACT,M,EA21,2013-01-01,8.7,,
ESTAT:UNE_RT_A(1.0),29/04/26 23:00:00,A,Y55-74,PC_ACT,M,EE,2013-01-01,7.7,,
ESTAT:UNE_RT_A(1.0),29/04/26 23:00:00,A,Y55-74,PC_ACT,M,EL,2013-01-01,16.2,,
ESTAT:UNE_RT_A(1.0),29/04/26 23:00:00,A,Y55-74,PC_ACT,M,ES,2013-01-01,19.7,,
ESTAT:UNE_RT_A(1.0),29/04/26 23:00:00,A,Y55-74,PC_ACT,M,EU27_2020,2013-01-01,8.2,,
ESTAT:UNE_RT_A(1.0),29/04/26 23:00:00,A,Y55-74,PC_ACT,M,FI,2013-01-01,7.4,,
ESTAT:UNE_RT_A(1.0),29/04/26 23:00:00,A,Y55-74,PC_ACT,M,FR,2013-01-01,7.5,,
ESTAT:UNE_RT_A(1.0),29/04/26 23:00:00,A,Y55-74,PC_ACT,M,HR,2013-01-01,10.9,,
ESTAT:UNE_RT_A(1.0),29/04/26 23:00:00,A,Y55-74,PC_ACT,M,HU,2013-01-01,8.1,,
ESTAT:UNE_RT_A(1.0),29/04/26 23:00:00,A,Y55-74,PC_ACT,M,IE,2013-01-01,10.3,,
ESTAT:UNE_RT_A(1.0),29/04/26 23:00:00,A,Y55-74,PC_ACT,M,IS,2013-01-01,3.3,,
ESTAT:UNE_RT_A(1.0),29/04/26 23:00:00,A,Y55-74,PC_ACT,M,IT,2013-01-01,6.3,,
ESTAT:UNE_RT_A(1.0),29/04/26 23:00:00,A,Y55-74,PC_ACT,M,LT,2013-01-01,12.4,,
ESTAT:UNE_RT_A(1.0),29/04/26 23:00:00,A,Y55-74,PC_ACT,M,LU,2013-01-01,3.9,u,
ESTAT:UNE_RT_A(1.0),29/04/26 23:00:00,A,Y55-74,PC_ACT,M,LV,2013-01-01,10.4,,
ESTAT:UNE_RT_A(1.0),29/04/26 23:00:00,A,Y55-74,PC_ACT,M,ME,2013-01-01,10.2,,
ESTAT:UNE_RT_A(1.0),29/04/26 23:00:00,A,Y55-74,PC_ACT,M,MK,2013-01-01,24.3,,
ESTAT:UNE_RT_A(1.0),29/04/26 23:00:00,A,Y55-74,PC_ACT,M,MT,2013-01-01,4.6,,
ESTAT:UNE_RT_A(1.0),29/04/26 23:00:00,A,Y55-74,PC_ACT,M,NL,2013-01-01,7.6,,
ESTAT:UNE_RT_A(1.0),29/04/26 23:00:00,A,Y55-74,PC_ACT,M,NO,2013-01-01,1.5,,
ESTAT:UNE_RT_A(1.0),29/04/26 23:00:00,A,Y55-74,PC_ACT,M,PL,2013-01-01,8.3,,
ESTAT:UNE_RT_A(1.0),29/04/26 23:00:00,A,Y55-74,PC_ACT,M,PT,2013-01-01,14.8,,
ESTAT:UNE_RT_A(1.0),29/04/26 23:00:00,A,Y55-74,PC_ACT,M,RO,2013-01-01,5.9,,
ESTAT:UNE_RT_A(1.0),29/04/26 23:00:00,A,Y55-74,PC_ACT,M,RS,2013-01-01,18.0,,
ESTAT:UNE_RT_A(1.0),29/04/26 23:00:00,A,Y55-74,PC_ACT,M,SE,2013-01-01,5.2,,
ESTAT:UNE_RT_A(1.0),29/04/26 23:00:00,A,Y55-74,PC_ACT,M,SI,2013-01-01,6.6,,
ESTAT:UNE_RT_A(1.0),29/04/26 23:00:00,A,Y55-74,PC_ACT,M,SK,2013-01-01,10.2,,
ESTAT:UNE_RT_A(1.0),29/04/26 23:00:00,A,Y55-74,PC_ACT,M,TR,2013-01-01,4.8,,
ESTAT:UNE_RT_A(1.0),29/04/26 23:00:00,A,Y55-74,PC_ACT,T,AT,2013-01-01,3.6,,
ESTAT:UNE_RT_A(1.0),29/04/26 23:00:00,A,Y55-74,PC_ACT,T,BE,2013-01-01,5.2,,
ESTAT:UNE_RT_A(1.0),29/04/26 23:00:00,A,Y55-74,PC_ACT,T,BG,2013-01-01,12.8,,
ESTAT:UNE_RT_A(1.0),29/04/26 23:00:00,A,Y55-74,PC_ACT,T,CH,2013-01-01,2.9,,
ESTAT:UNE_RT_A(1.0),29/04/26 23:00:00,A,Y55-74,PC_ACT,T,CY,2013-01-01,11.7,,
ESTAT:UNE_RT_A(1.0),29/04/26 23:00:00,A,Y55-74,PC_ACT,T,CZ,2013-01-01,5.4,,
ESTAT:UNE_RT_A(1.0),29/04/26 23:00:00,A,Y55-74,PC_ACT,T,DE,2013-01-01,4.8,,
ESTAT:UNE_RT_A(1.0),29/04/26 23:00:00,A,Y55-74,PC_ACT,T,DK,2013-01-01,4.7,,
ESTAT:UNE_RT_A(1.0),29/04/26 23:00:00,A,Y55-74,PC_ACT,T,EA20,2013-01-01,8.0,,
ESTAT:UNE_RT_A(1.0),29/04/26 23:00:00,A,Y55-74,PC_ACT,T,EA21,2013-01-01,8.2,,
ESTAT:UNE_RT_A(1.0),29/04/26 23:00:00,A,Y55-74,PC_ACT,T,EE,2013-01-01,5.5,,
ESTAT:UNE_RT_A(1.0),29/04/26 23:00:00,A,Y55-74,PC_ACT,T,EL,2013-01-01,15.9,,
ESTAT:UNE_RT_A(1.0),29/04/26 23:00:00,A,Y55-74,PC_ACT,T,ES,2013-01-01,19.4,,
ESTAT:UNE_RT_A(1.0),29/04/26 23:00:00,A,Y55-74,PC_ACT,T,EU27_2020,2013-01-01,7.8,,
ESTAT:UNE_RT_A(1.0),29/04/26 23:00:00,A,Y55-74,PC_ACT,T,FI,2013-01-01,6.5,,
ESTAT:UNE_RT_A(1.0),29/04/26 23:00:00,A,Y55-74,PC_ACT,T,FR,2013-01-01,6.9,,
ESTAT:UNE_RT_A(1.0),29/04/26 23:00:00,A,Y55-74,PC_ACT,T,HR,2013-01-01,9.1,,
ESTAT:UNE_RT_A(1.0),29/04/26 23:00:00,A,Y55-74,PC_ACT,T,HU,2013-01-01,7.7,,
ESTAT:UNE_RT_A(1.0),29/04/26 23:00:00,A,Y55-74,PC_ACT,T,IE,2013-01-01,9.6,,
ESTAT:UNE_RT_A(1.0),29/04/26 23:00:00,A,Y55-74,PC_ACT,T,IS,2013-01-01,3.2,,
ESTAT:UNE_RT_A(1.0),29/04/26 23:00:00,A,Y55-74,PC_ACT,T,IT,2013-01-01,5.4,,
ESTAT:UNE_RT_A(1.0),29/04/26 23:00:00,A,Y55-74,PC_ACT,T,LT,2013-01-01,10.2,,
ESTAT:UNE_RT_A(1.0),29/04/26 23:00:00,A,Y55-74,PC_ACT,T,LU,2013-01-01,4.3,,
ESTAT:UNE_RT_A(1.0),29/04/26 23:00:00,A,Y55-74,PC_ACT,T,LV,2013-01-01,9.5,,
ESTAT:UNE_RT_A(1.0),29/04/26 23:00:00,A,Y55-74,PC_ACT,T,ME,2013-01-01,9.8,,
ESTAT:UNE_RT_A(1.0),29/04/26 23:00:00,A,Y55-74,PC_ACT,T,MK,2013-01-01,23.4,,
ESTAT:UNE_RT_A(1.0),29/04/26 23:00:00,A,Y55-74,PC_ACT,T,MT,2013-01-01,4.8,,
ESTAT:UNE_RT_A(1.0),29/04/26 23:00:00,A,Y55-74,PC_ACT,T,NL,2013-01-01,7.6,,
ESTAT:UNE_RT_A(1.0),29/04/26 23:00:00,A,Y55-74,PC_ACT,T,NO,2013-01-01,1.3,,
ESTAT:UNE_RT_A(1.0),29/04/26 23:00:00,A,Y55-74,PC_ACT,T,PL,2013-01-01,7.7,,
ESTAT:UNE_RT_A(1.0),29/04/26 23:00:00,A,Y55-74,PC_ACT,T,PT,2013-01-01,13.9,,
ESTAT:UNE_RT_A(1.0),29/04/26 23:00:00,A,Y55-74,PC_ACT,T,RO,2013-01-01,5.1,,
ESTAT:UNE_RT_A(1.0),29/04/26 23:00:00,A,Y55-74,PC_ACT,T,RS,2013-01-01,16.2,,
ESTAT:UNE_RT_A(1.0),29/04/26 23:00:00,A,Y55-74,PC_ACT,T,SE,2013-01-01,4.7,,
ESTAT:UNE_RT_A(1.0),29/04/26 23:00:00,A,Y55-74,PC_ACT,T,SI,2013-01-01,6.2,,
ESTAT:UNE_RT_A(1.0),29/04/26 23:00:00,A,Y55-74,PC_ACT,T,SK,2013-01-01,10.8,,
ESTAT:UNE_RT_A(1.0),29/04/26 23:00:00,A,Y55-74,PC_ACT,T,TR,2013-01-01,3.9,,
ESTAT:UNE_RT_A(1.0),29/04/26 23:00:00,A,Y15-24,PC_ACT,F,AT,2014-01-01,10.4,,
ESTAT:UNE_RT_A(1.0),29/04/26 23:00:00,A,Y15-24,PC_ACT,F,BE,2014-01-01,22.5,,
ESTAT:UNE_RT_A(1.0),29/04/26 23:00:00,A,Y15-24,PC_ACT,F,BG,2014-01-01,28.3,,
ESTAT:UNE_RT_A(1.0),29/04/26 23:00:00,A,Y15-24,PC_ACT,F,CH,2014-01-01,8.6,,
ESTAT:UNE_RT_A(1.0),29/04/26 23:00:00,A,Y15-24,PC_ACT,F,CY,2014-01-01,34.6,,
ESTAT:UNE_RT_A(1.0),29/04/26 23:00:00,A,Y15-24,PC_ACT,F,CZ,2014-01-01,17.1,,
ESTAT:UNE_RT_A(1.0),29/04/26 23:00:00,A,Y15-24,PC_ACT,F,DE,2014-01-01,7.6,,
ESTAT:UNE_RT_A(1.0),29/04/26 23:00:00,A,Y15-24,PC_ACT,F,DK,2014-01-01,12.9,,
ESTAT:UNE_RT_A(1.0),29/04/26 23:00:00,A,Y15-24,PC_ACT,F,EA20,2014-01-01,24.3,,
ESTAT:UNE_RT_A(1.0),29/04/26 23:00:00,A,Y15-24,PC_ACT,F,EA21,2014-01-01,24.3,,
ESTAT:UNE_RT_A(1.0),29/04/26 23:00:00,A,Y15-24,PC_ACT,F,EE,2014-01-01,9.9,,
ESTAT:UNE_RT_A(1.0),29/04/26 23:00:00,A,Y15-24,PC_ACT,F,EL,2014-01-01,58.5,,
ESTAT:UNE_RT_A(1.0),29/04/26 23:00:00,A,Y15-24,PC_ACT,F,ES,2014-01-01,52.9,,
ESTAT:UNE_RT_A(1.0),29/04/26 23:00:00,A,Y15-24,PC_ACT,F,EU27_2020,2014-01-01,24.0,,
ESTAT:UNE_RT_A(1.0),29/04/26 23:00:00,A,Y15-24,PC_ACT,F,FI,2014-01-01,17.9,,
ESTAT:UNE_RT_A(1.0),29/04/26 23:00:00,A,Y15-24,PC_ACT,F,FR,2014-01-01,27.2,,
ESTAT:UNE_RT_A(1.0),29/04/26 23:00:00,A,Y15-24,PC_ACT,F,HR,2014-01-01,46.6,,
ESTAT:UNE_RT_A(1.0),29/04/26 23:00:00,A,Y15-24,PC_ACT,F,HU,2014-01-01,20.2,,
ESTAT:UNE_RT_A(1.0),29/04/26 23:00:00,A,Y15-24,PC_ACT,F,IE,2014-01-01,19.8,,
ESTAT:UNE_RT_A(1.0),29/04/26 23:00:00,A,Y15-24,PC_ACT,F,IS,2014-01-01,6.6,,
ESTAT:UNE_RT_A(1.0),29/04/26 23:00:00,A,Y15-24,PC_ACT,F,IT,2014-01-01,44.6,,
ESTAT:UNE_RT_A(1.0),29/04/26 23:00:00,A,Y15-24,PC_ACT,F,LT,2014-01-01,18.7,,
ESTAT:UNE_RT_A(1.0),29/04/26 23:00:00,A,Y15-24,PC_ACT,F,LU,2014-01-01,18.1,,
ESTAT:UNE_RT_A(1.0),29/04/26 23:00:00,A,Y15-24,PC_ACT,F,LV,2014-01-01,20.0,,
ESTAT:UNE_RT_A(1.0),29/04/26 23:00:00,A,Y15-24,PC_ACT,F,ME,2014-01-01,35.4,,
ESTAT:UNE_RT_A(1.0),29/04/26 23:00:00,A,Y15-24,PC_ACT,F,MK,2014-01-01,55.0,,
ESTAT:UNE_RT_A(1.0),29/04/26 23:00:00,A,Y15-24,PC_ACT,F,MT,2014-01-01,9.5,,
ESTAT:UNE_RT_A(1.0),29/04/26 23:00:00,A,Y15-24,PC_ACT,F,NL,2014-01-01,13.2,,
ESTAT:UNE_RT_A(1.0),29/04/26 23:00:00,A,Y15-24,PC_ACT,F,NO,2014-01-01,9.2,,
ESTAT:UNE_RT_A(1.0),29/04/26 23:00:00,A,Y15-24,PC_ACT,F,PL,2014-01-01,25.6,,
ESTAT:UNE_RT_A(1.0),29/04/26 23:00:00,A,Y15-24,PC_ACT,F,PT,2014-01-01,35.0,,
ESTAT:UNE_RT_A(1.0),29/04/26 23:00:00,A,Y15-24,PC_ACT,F,RO,2014-01-01,31.1,,
ESTAT:UNE_RT_A(1.0),29/04/26 23:00:00,A,Y15-24,PC_ACT,F,RS,2014-01-01,52.3,,
ESTAT:UNE_RT_A(1.0),29/04/26 23:00:00,A,Y15-24,PC_ACT,F,SE,2014-01-01,20.9,,
ESTAT:UNE_RT_A(1.0),29/04/26 23:00:00,A,Y15-24,PC_ACT,F,SI,2014-01-01,21.6,,
ESTAT:UNE_RT_A(1.0),29/04/26 23:00:00,A,Y15-24,PC_ACT,F,SK,2014-01-01,32.9,,
ESTAT:UNE_RT_A(1.0),29/04/26 23:00:00,A,Y15-24,PC_ACT,F,TR,2014-01-01,20.2,b,
ESTAT:UNE_RT_A(1.0),29/04/26 23:00:00,A,Y15-24,PC_ACT,M,AT,2014-01-01,11.5,,
ESTAT:UNE_RT_A(1.0),29/04/26 23:00:00,A,Y15-24,PC_ACT,M,BE,2014-01-01,24.2,,
ESTAT:UNE_RT_A(1.0),29/04/26 23:00:00,A,Y15-24,PC_ACT,M,BG,2014-01-01,26.1,,
ESTAT:UNE_RT_A(1.0),29/04/26 23:00:00,A,Y15-24,PC_ACT,M,CH,2014-01-01,8.6,,
ESTAT:UNE_RT_A(1.0),29/04/26 23:00:00,A,Y15-24,PC_ACT,M,CY,2014-01-01,37.4,,
ESTAT:UNE_RT_A(1.0),29/04/26 23:00:00,A,Y15-24,PC_ACT,M,CZ,2014-01-01,15.0,,
ESTAT:UNE_RT_A(1.0),29/04/26 23:00:00,A,Y15-24,PC_ACT,M,DE,2014-01-01,8.8,,
ESTAT:UNE_RT_A(1.0),29/04/26 23:00:00,A,Y15-24,PC_ACT,M,DK,2014-01-01,15.6,,
ESTAT:UNE_RT_A(1.0),29/04/26 23:00:00,A,Y15-24,PC_ACT,M,EA20,2014-01-01,24.6,,
ESTAT:UNE_RT_A(1.0),29/04/26 23:00:00,A,Y15-24,PC_ACT,M,EA21,2014-01-01,24.7,,
ESTAT:UNE_RT_A(1.0),29/04/26 23:00:00,A,Y15-24,PC_ACT,M,EE,2014-01-01,19.3,,
ESTAT:UNE_RT_A(1.0),29/04/26 23:00:00,A,Y15-24,PC_ACT,M,EL,2014-01-01,48.1,,
ESTAT:UNE_RT_A(1.0),29/04/26 23:00:00,A,Y15-24,PC_ACT,M,ES,2014-01-01,53.4,,
ESTAT:UNE_RT_A(1.0),29/04/26 23:00:00,A,Y15-24,PC_ACT,M,EU27_2020,2014-01-01,24.2,,
ESTAT:UNE_RT_A(1.0),29/04/26 23:00:00,A,Y15-24,PC_ACT,M,FI,2014-01-01,23.2,,
ESTAT:UNE_RT_A(1.0),29/04/26 23:00:00,A,Y15-24,PC_ACT,M,FR,2014-01-01,24.4,,
ESTAT:UNE_RT_A(1.0),29/04/26 23:00:00,A,Y15-24,PC_ACT,M,HR,2014-01-01,45.1,,
ESTAT:UNE_RT_A(1.0),29/04/26 23:00:00,A,Y15-24,PC_ACT,M,HU,2014-01-01,20.0,,
ESTAT:UNE_RT_A(1.0),29/04/26 23:00:00,A,Y15-24,PC_ACT,M,IE,2014-01-01,26.6,,
ESTAT:UNE_RT_A(1.0),29/04/26 23:00:00,A,Y15-24,PC_ACT,M,IS,2014-01-01,12.9,,
ESTAT:UNE_RT_A(1.0),29/04/26 23:00:00,A,Y15-24,PC_ACT,M,IT,2014-01-01,41.3,,
ESTAT:UNE_RT_A(1.0),29/04/26 23:00:00,A,Y15-24,PC_ACT,M,LT,2014-01-01,19.6,,
ESTAT:UNE_RT_A(1.0),29/04/26 23:00:00,A,Y15-24,PC_ACT,M,LU,2014-01-01,26.1,,
ESTAT:UNE_RT_A(1.0),29/04/26 23:00:00,A,Y15-24,PC_ACT,M,LV,2014-01-01,19.4,,
ESTAT:UNE_RT_A(1.0),29/04/26 23:00:00,A,Y15-24,PC_ACT,M,ME,2014-01-01,36.0,,
ESTAT:UNE_RT_A(1.0),29/04/26 23:00:00,A,Y15-24,PC_ACT,M,MK,2014-01-01,52.0,,
ESTAT:UNE_RT_A(1.0),29/04/26 23:00:00,A,Y15-24,PC_ACT,M,MT,2014-01-01,13.7,,
ESTAT:UNE_RT_A(1.0),29/04/26 23:00:00,A,Y15-24,PC_ACT,M,NL,2014-01-01,14.4,,
ESTAT:UNE_RT_A(1.0),29/04/26 23:00:00,A,Y15-24,PC_ACT,M,NO,2014-01-01,10.7,,
ESTAT:UNE_RT_A(1.0),29/04/26 23:00:00,A,Y15-24,PC_ACT,M,PL,2014-01-01,23.1,,
ESTAT:UNE_RT_A(1.0),29/04/26 23:00:00,A,Y15-24,PC_ACT,M,PT,2014-01-01,34.4,,
ESTAT:UNE_RT_A(1.0),29/04/26 23:00:00,A,Y15-24,PC_ACT,M,RO,2014-01-01,29.4,,
ESTAT:UNE_RT_A(1.0),29/04/26 23:00:00,A,Y15-24,PC_ACT,M,RS,2014-01-01,47.2,,
ESTAT:UNE_RT_A(1.0),29/04/26 23:00:00,A,Y15-24,PC_ACT,M,SE,2014-01-01,23.5,,
ESTAT:UNE_RT_A(1.0),29/04/26 23:00:00,A,Y15-24,PC_ACT,M,SI,2014-01-01,19.6,,
ESTAT:UNE_RT_A(1.0),29/04/26 23:00:00,A,Y15-24,PC_ACT,M,SK,2014-01-01,29.8,,
ESTAT:UNE_RT_A(1.0),29/04/26 23:00:00,A,Y15-24,PC_ACT,M,TR,2014-01-01,16.6,b,
ESTAT:UNE_RT_A(1.0),29/04/26 23:00:00,A,Y15-24,PC_ACT,T,AT,2014-01-01,11.0,,
ESTAT:UNE_RT_A(1.0),29/04/26 23:00:00,A,Y15-24,PC_ACT,T,BE,2014-01-01,23.4,,
ESTAT:UNE_RT_A(1.0),29/04/26 23:00:00,A,Y15-24,PC_ACT,T,BG,2014-01-01,26.9,,
ESTAT:UNE_RT_A(1.0),29/04/26 23:00:00,A,Y15-24,PC_ACT,T,CH,2014-01-01,8.6,,
ESTAT:UNE_RT_A(1.0),29/04/26 23:00:00,A,Y15-24,PC_ACT,T,CY,2014-01-01,36.0,,
ESTAT:UNE_RT_A(1.0),29/04/26 23:00:00,A,Y15-24,PC_ACT,T,CZ,2014-01-01,15.9,,
ESTAT:UNE_RT_A(1.0),29/04/26 23:00:00,A,Y15-24,PC_ACT,T,DE,2014-01-01,8.2,,
ESTAT:UNE_RT_A(1.0),29/04/26 23:00:00,A,Y15-24,PC_ACT,T,DK,2014-01-01,14.2,,
ESTAT:UNE_RT_A(1.0),29/04/26 23:00:00,A,Y15-24,PC_ACT,T,EA20,2014-01-01,24.5,,
ESTAT:UNE_RT_A(1.0),29/04/26 23:00:00,A,Y15-24,PC_ACT,T,EA21,2014-01-01,24.5,,
ESTAT:UNE_RT_A(1.0),29/04/26 23:00:00,A,Y15-24,PC_ACT,T,EE,2014-01-01,14.9,,
ESTAT:UNE_RT_A(1.0),29/04/26 23:00:00,A,Y15-24,PC_ACT,T,EL,2014-01-01,53.0,,
ESTAT:UNE_RT_A(1.0),29/04/26 23:00:00,A,Y15-24,PC_ACT,T,ES,2014-01-01,53.2,,
ESTAT:UNE_RT_A(1.0),29/04/26 23:00:00,A,Y15-24,PC_ACT,T,EU27_2020,2014-01-01,24.1,,
ESTAT:UNE_RT_A(1.0),29/04/26 23:00:00,A,Y15-24,PC_ACT,T,FI,2014-01-01,20.5,,
ESTAT:UNE_RT_A(1.0),29/04/26 23:00:00,A,Y15-24,PC_ACT,T,FR,2014-01-01,25.7,,
ESTAT:UNE_RT_A(1.0),29/04/26 23:00:00,A,Y15-24,PC_ACT,T,HR,2014-01-01,45.7,,
ESTAT:UNE_RT_A(1.0),29/04/26 23:00:00,A,Y15-24,PC_ACT,T,HU,2014-01-01,20.1,,
ESTAT:UNE_RT_A(1.0),29/04/26 23:00:00,A,Y15-24,PC_ACT,T,IE,2014-01-01,23.4,,
ESTAT:UNE_RT_A(1.0),29/04/26 23:00:00,A,Y15-24,PC_ACT,T,IS,2014-01-01,9.8,,
ESTAT:UNE_RT_A(1.0),29/04/26 23:00:00,A,Y15-24,PC_ACT,T,IT,2014-01-01,42.7,,
ESTAT:UNE_RT_A(1.0),29/04/26 23:00:00,A,Y15-24,PC_ACT,T,LT,2014-01-01,19.3,,
ESTAT:UNE_RT_A(1.0),29/04/26 23:00:00,A,Y15-24,PC_ACT,T,LU,2014-01-01,22.6,,
ESTAT:UNE_RT_A(1.0),29/04/26 23:00:00,A,Y15-24,PC_ACT,T,LV,2014-01-01,19.6,,
ESTAT:UNE_RT_A(1.0),29/04/26 23:00:00,A,Y15-24,PC_ACT,T,ME,2014-01-01,35.8,,
ESTAT:UNE_RT_A(1.0),29/04/26 23:00:00,A,Y15-24,PC_ACT,T,MK,2014-01-01,53.1,,
ESTAT:UNE_RT_A(1.0),29/04/26 23:00:00,A,Y15-24,PC_ACT,T,MT,2014-01-01,11.7,,
ESTAT:UNE_RT_A(1.0),29/04/26 23:00:00,A,Y15-24,PC_ACT,T,NL,2014-01-01,13.8,,
ESTAT:UNE_RT_A(1.0),29/04/26 23:00:00,A,Y15-24,PC_ACT,T,NO,2014-01-01,10.0,,
ESTAT:UNE_RT_A(1.0),29/04/26 23:00:00,A,Y15-24,PC_ACT,T,PL,2014-01-01,24.1,,
ESTAT:UNE_RT_A(1.0),29/04/26 23:00:00,A,Y15-24,PC_ACT,T,PT,2014-01-01,34.7,,
ESTAT:UNE_RT_A(1.0),29/04/26 23:00:00,A,Y15-24,PC_ACT,T,RO,2014-01-01,30.0,,
ESTAT:UNE_RT_A(1.0),29/04/26 23:00:00,A,Y15-24,PC_ACT,T,RS,2014-01-01,49.1,,
ESTAT:UNE_RT_A(1.0),29/04/26 23:00:00,A,Y15-24,PC_ACT,T,SE,2014-01-01,22.2,,
ESTAT:UNE_RT_A(1.0),29/04/26 23:00:00,A,Y15-24,PC_ACT,T,SI,2014-01-01,20.5,,
ESTAT:UNE_RT_A(1.0),29/04/26 23:00:00,A,Y15-24,PC_ACT,T,SK,2014-01-01,31.0,,
ESTAT:UNE_RT_A(1.0),29/04/26 23:00:00,A,Y15-24,PC_ACT,T,TR,2014-01-01,17.8,b,
ESTAT:UNE_RT_A(1.0),29/04/26 23:00:00,A,Y15-74,PC_ACT,F,AT,2014-01-01,5.6,,
ESTAT:UNE_RT_A(1.0),29/04/26 23:00:00,A,Y15-74,PC_ACT,F,BE,2014-01-01,8.1,,
ESTAT:UNE_RT_A(1.0),29/04/26 23:00:00,A,Y15-74,PC_ACT,F,BG,2014-01-01,11.3,,
ESTAT:UNE_RT_A(1.0),29/04/26 23:00:00,A,Y15-74,PC_ACT,F,CH,2014-01-01,5.0,,
ESTAT:UNE_RT_A(1.0),29/04/26 23:00:00,A,Y15-74,PC_ACT,F,CY,2014-01-01,15.1,,
ESTAT:UNE_RT_A(1.0),29/04/26 23:00:00,A,Y15-74,PC_ACT,F,CZ,2014-01-01,7.4,,
ESTAT:UNE_RT_A(1.0),29/04/26 23:00:00,A,Y15-74,PC_ACT,F,DE,2014-01-01,4.4,,
ESTAT:UNE_RT_A(1.0),29/04/26 23:00:00,A,Y15-74,PC_ACT,F,DK,2014-01-01,7.1,,
ESTAT:UNE_RT_A(1.0),29/04/26 23:00:00,A,Y15-74,PC_ACT,F,EA20,2014-01-01,11.9,,
ESTAT:UNE_RT_A(1.0),29/04/26 23:00:00,A,Y15-74,PC_ACT,F,EA21,2014-01-01,11.9,,
ESTAT:UNE_RT_A(1.0),29/04/26 23:00:00,A,Y15-74,PC_ACT,F,EE,2014-01-01,6.7,,
ESTAT:UNE_RT_A(1.0),29/04/26 23:00:00,A,Y15-74,PC_ACT,F,EL,2014-01-01,30.4,,
ESTAT:UNE_RT_A(1.0),29/04/26 23:00:00,A,Y15-74,PC_ACT,F,ES,2014-01-01,25.4,,
ESTAT:UNE_RT_A(1.0),29/04/26 23:00:00,A,Y15-74,PC_ACT,F,EU27_2020,2014-01-01,11.2,,
ESTAT:UNE_RT_A(1.0),29/04/26 23:00:00,A,Y15-74,PC_ACT,F,FI,2014-01-01,7.8,,
ESTAT:UNE_RT_A(1.0),29/04/26 23:00:00,A,Y15-74,PC_ACT,F,FR,2014-01-01,10.0,,
ESTAT:UNE_RT_A(1.0),29/04/26 23:00:00,A,Y15-74,PC_ACT,F,HR,2014-01-01,18.3,,
ESTAT:UNE_RT_A(1.0),29/04/26 23:00:00,A,Y15-74,PC_ACT,F,HU,2014-01-01,7.5,,
ESTAT:UNE_RT_A(1.0),29/04/26 23:00:00,A,Y15-74,PC_ACT,F,IE,2014-01-01,10.9,,
ESTAT:UNE_RT_A(1.0),29/04/26 23:00:00,A,Y15-74,PC_ACT,F,IS,2014-01-01,4.8,,
ESTAT:UNE_RT_A(1.0),29/04/26 23:00:00,A,Y15-74,PC_ACT,F,IT,2014-01-01,13.9,,
ESTAT:UNE_RT_A(1.0),29/04/26 23:00:00,A,Y15-74,PC_ACT,F,LT,2014-01-01,9.2,,
ESTAT:UNE_RT_A(1.0),29/04/26 23:00:00,A,Y15-74,PC_ACT,F,LU,2014-01-01,5.8,,
ESTAT:UNE_RT_A(1.0),29/04/26 23:00:00,A,Y15-74,PC_ACT,F,LV,2014-01-01,9.9,,
ESTAT:UNE_RT_A(1.0),29/04/26 23:00:00,A,Y15-74,PC_ACT,F,ME,2014-01-01,18.2,,
ESTAT:UNE_RT_A(1.0),29/04/26 23:00:00,A,Y15-74,PC_ACT,F,MK,2014-01-01,28.6,,
ESTAT:UNE_RT_A(1.0),29/04/26 23:00:00,A,Y15-74,PC_ACT,F,MT,2014-01-01,5.1,,
ESTAT:UNE_RT_A(1.0),29/04/26 23:00:00,A,Y15-74,PC_ACT,F,NL,2014-01-01,8.8,,
ESTAT:UNE_RT_A(1.0),29/04/26 23:00:00,A,Y15-74,PC_ACT,F,NO,2014-01-01,3.6,,
ESTAT:UNE_RT_A(1.0),29/04/26 23:00:00,A,Y15-74,PC_ACT,F,PL,2014-01-01,9.8,,
ESTAT:UNE_RT_A(1.0),29/04/26 23:00:00,A,Y15-74,PC_ACT,F,PT,2014-01-01,14.8,,
ESTAT:UNE_RT_A(1.0),29/04/26 23:00:00,A,Y15-74,PC_ACT,F,RO,2014-01-01,7.9,,
ESTAT:UNE_RT_A(1.0),29/04/26 23:00:00,A,Y15-74,PC_ACT,F,RS,2014-01-01,21.9,,
ESTAT:UNE_RT_A(1.0),29/04/26 23:00:00,A,Y15-74,PC_ACT,F,SE,2014-01-01,7.8,,
ESTAT:UNE_RT_A(1.0),29/04/26 23:00:00,A,Y15-74,PC_ACT,F,SI,2014-01-01,10.6,,
ESTAT:UNE_RT_A(1.0),29/04/26 23:00:00,A,Y15-74,PC_ACT,F,SK,2014-01-01,13.7,,
ESTAT:UNE_RT_A(1.0),29/04/26 23:00:00,A,Y15-74,PC_ACT,F,TR,2014-01-01,11.9,b,
ESTAT:UNE_RT_A(1.0),29/04/26 23:00:00,A,Y15-74,PC_ACT,M,AT,2014-01-01,6.4,,
ESTAT:UNE_RT_A(1.0),29/04/26 23:00:00,A,Y15-74,PC_ACT,M,BE,2014-01-01,9.1,,
ESTAT:UNE_RT_A(1.0),29/04/26 23:00:00,A,Y15-74,PC_ACT,M,BG,2014-01-01,13.3,,
ESTAT:UNE_RT_A(1.0),29/04/26 23:00:00,A,Y15-74,PC_ACT,M,CH,2014-01-01,4.7,,
ESTAT:UNE_RT_A(1.0),29/04/26 23:00:00,A,Y15-74,PC_ACT,M,CY,2014-01-01,17.1,,
ESTAT:UNE_RT_A(1.0),29/04/26 23:00:00,A,Y15-74,PC_ACT,M,CZ,2014-01-01,5.1,,
ESTAT:UNE_RT_A(1.0),29/04/26 23:00:00,A,Y15-74,PC_ACT,M,DE,2014-01-01,5.0,,
ESTAT:UNE_RT_A(1.0),29/04/26 23:00:00,A,Y15-74,PC_ACT,M,DK,2014-01-01,6.7,,
ESTAT:UNE_RT_A(1.0),29/04/26 23:00:00,A,Y15-74,PC_ACT,M,EA20,2014-01-01,11.6,,
ESTAT:UNE_RT_A(1.0),29/04/26 23:00:00,A,Y15-74,PC_ACT,M,EA21,2014-01-01,11.6,,
ESTAT:UNE_RT_A(1.0),29/04/26 23:00:00,A,Y15-74,PC_ACT,M,EE,2014-01-01,7.9,,
ESTAT:UNE_RT_A(1.0),29/04/26 23:00:00,A,Y15-74,PC_ACT,M,EL,2014-01-01,23.7,,
ESTAT:UNE_RT_A(1.0),29/04/26 23:00:00,A,Y15-74,PC_ACT,M,ES,2014-01-01,23.6,,
ESTAT:UNE_RT_A(1.0),29/04/26 23:00:00,A,Y15-74,PC_ACT,M,EU27_2020,2014-01-01,10.9,,
ESTAT:UNE_RT_A(1.0),29/04/26 23:00:00,A,Y15-74,PC_ACT,M,FI,2014-01-01,9.6,,
ESTAT:UNE_RT_A(1.0),29/04/26 23:00:00,A,Y15-74,PC_ACT,M,FR,2014-01-01,10.6,,
ESTAT:UNE_RT_A(1.0),29/04/26 23:00:00,A,Y15-74,PC_ACT,M,HR,2014-01-01,16.3,,
ESTAT:UNE_RT_A(1.0),29/04/26 23:00:00,A,Y15-74,PC_ACT,M,HU,2014-01-01,7.6,,
ESTAT:UNE_RT_A(1.0),29/04/26 23:00:00,A,Y15-74,PC_ACT,M,IE,2014-01-01,12.7,,
ESTAT:UNE_RT_A(1.0),29/04/26 23:00:00,A,Y15-74,PC_ACT,M,IS,2014-01-01,5.0,,
ESTAT:UNE_RT_A(1.0),29/04/26 23:00:00,A,Y15-74,PC_ACT,M,IT,2014-01-01,12.1,,
ESTAT:UNE_RT_A(1.0),29/04/26 23:00:00,A,Y15-74,PC_ACT,M,LT,2014-01-01,12.2,,
ESTAT:UNE_RT_A(1.0),29/04/26 23:00:00,A,Y15-74,PC_ACT,M,LU,2014-01-01,5.9,,
ESTAT:UNE_RT_A(1.0),29/04/26 23:00:00,A,Y15-74,PC_ACT,M,LV,2014-01-01,11.9,,
ESTAT:UNE_RT_A(1.0),29/04/26 23:00:00,A,Y15-74,PC_ACT,M,ME,2014-01-01,17.8,,
ESTAT:UNE_RT_A(1.0),29/04/26 23:00:00,A,Y15-74,PC_ACT,M,MK,2014-01-01,27.7,,
ESTAT:UNE_RT_A(1.0),29/04/26 23:00:00,A,Y15-74,PC_ACT,M,MT,2014-01-01,6.1,,
ESTAT:UNE_RT_A(1.0),29/04/26 23:00:00,A,Y15-74,PC_ACT,M,NL,2014-01-01,8.0,,
ESTAT:UNE_RT_A(1.0),29/04/26 23:00:00,A,Y15-74,PC_ACT,M,NO,2014-01-01,3.9,,
ESTAT:UNE_RT_A(1.0),29/04/26 23:00:00,A,Y15-74,PC_ACT,M,PL,2014-01-01,8.7,,
ESTAT:UNE_RT_A(1.0),29/04/26 23:00:00,A,Y15-74,PC_ACT,M,PT,2014-01-01,14.4,,
ESTAT:UNE_RT_A(1.0),29/04/26 23:00:00,A,Y15-74,PC_ACT,M,RO,2014-01-01,9.1,,
ESTAT:UNE_RT_A(1.0),29/04/26 23:00:00,A,Y15-74,PC_ACT,M,RS,2014-01-01,19.7,,
ESTAT:UNE_RT_A(1.0),29/04/26 23:00:00,A,Y15-74,PC_ACT,M,SE,2014-01-01,8.2,,
ESTAT:UNE_RT_A(1.0),29/04/26 23:00:00,A,Y15-74,PC_ACT,M,SI,2014-01-01,9.0,,
ESTAT:UNE_RT_A(1.0),29/04/26 23:00:00,A,Y15-74,PC_ACT,M,SK,2014-01-01,12.5,,
ESTAT:UNE_RT_A(1.0),29/04/26 23:00:00,A,Y15-74,PC_ACT,M,TR,2014-01-01,9.1,b,
ESTAT:UNE_RT_A(1.0),29/04/26 23:00:00,A,Y15-74,PC_ACT,T,AT,2014-01-01,6.0,,
ESTAT:UNE_RT_A(1.0),29/04/26 23:00:00,A,Y15-74,PC_ACT,T,BE,2014-01-01,8.7,,
ESTAT:UNE_RT_A(1.0),29/04/26 23:00:00,A,Y15-74,PC_ACT,T,BG,2014-01-01,12.4,,
ESTAT:UNE_RT_A(1.0),29/04/26 23:00:00,A,Y15-74,PC_ACT,T,CH,2014-01-01,4.9,,
ESTAT:UNE_RT_A(1.0),29/04/26 23:00:00,A,Y15-74,PC_ACT,T,CY,2014-01-01,16.1,,
ESTAT:UNE_RT_A(1.0),29/04/26 23:00:00,A,Y15-74,PC_ACT,T,CZ,2014-01-01,6.1,,
ESTAT:UNE_RT_A(1.0),29/04/26 23:00:00,A,Y15-74,PC_ACT,T,DE,2014-01-01,4.7,,
ESTAT:UNE_RT_A(1.0),29/04/26 23:00:00,A,Y15-74,PC_ACT,T,DK,2014-01-01,6.9,,
ESTAT:UNE_RT_A(1.0),29/04/26 23:00:00,A,Y15-74,PC_ACT,T,EA20,2014-01-01,11.7,,
ESTAT:UNE_RT_A(1.0),29/04/26 23:00:00,A,Y15-74,PC_ACT,T,EA21,2014-01-01,11.8,,
ESTAT:UNE_RT_A(1.0),29/04/26 23:00:00,A,Y15-74,PC_ACT,T,EE,2014-01-01,7.3,,
ESTAT:UNE_RT_A(1.0),29/04/26 23:00:00,A,Y15-74,PC_ACT,T,EL,2014-01-01,26.6,,
ESTAT:UNE_RT_A(1.0),29/04/26 23:00:00,A,Y15-74,PC_ACT,T,ES,2014-01-01,24.5,,
ESTAT:UNE_RT_A(1.0),29/04/26 23:00:00,A,Y15-74,PC_ACT,T,EU27_2020,2014-01-01,11.0,,
ESTAT:UNE_RT_A(1.0),29/04/26 23:00:00,A,Y15-74,PC_ACT,T,FI,2014-01-01,8.7,,
ESTAT:UNE_RT_A(1.0),29/04/26 23:00:00,A,Y15-74,PC_ACT,T,FR,2014-01-01,10.3,,
ESTAT:UNE_RT_A(1.0),29/04/26 23:00:00,A,Y15-74,PC_ACT,T,HR,2014-01-01,17.3,,
ESTAT:UNE_RT_A(1.0),29/04/26 23:00:00,A,Y15-74,PC_ACT,T,HU,2014-01-01,7.5,,
ESTAT:UNE_RT_A(1.0),29/04/26 23:00:00,A,Y15-74,PC_ACT,T,IE,2014-01-01,11.9,,
ESTAT:UNE_RT_A(1.0),29/04/26 23:00:00,A,Y15-74,PC_ACT,T,IS,2014-01-01,4.9,,
ESTAT:UNE_RT_A(1.0),29/04/26 23:00:00,A,Y15-74,PC_ACT,T,IT,2014-01-01,12.9,,
ESTAT:UNE_RT_A(1.0),29/04/26 23:00:00,A,Y15-74,PC_ACT,T,LT,2014-01-01,10.7,,
ESTAT:UNE_RT_A(1.0),29/04/26 23:00:00,A,Y15-74,PC_ACT,T,LU,2014-01-01,5.9,,
ESTAT:UNE_RT_A(1.0),29/04/26 23:00:00,A,Y15-74,PC_ACT,T,LV,2014-01-01,10.9,,
ESTAT:UNE_RT_A(1.0),29/04/26 23:00:00,A,Y15-74,PC_ACT,T,ME,2014-01-01,18.0,,
ESTAT:UNE_RT_A(1.0),29/04/26 23:00:00,A,Y15-74,PC_ACT,T,MK,2014-01-01,28.0,,
ESTAT:UNE_RT_A(1.0),29/04/26 23:00:00,A,Y15-74,PC_ACT,T,MT,2014-01-01,5.7,,
ESTAT:UNE_RT_A(1.0),29/04/26 23:00:00,A,Y15-74,PC_ACT,T,NL,2014-01-01,8.4,,
ESTAT:UNE_RT_A(1.0),29/04/26 23:00:00,A,Y15-74,PC_ACT,T,NO,2014-01-01,3.8,,
ESTAT:UNE_RT_A(1.0),29/04/26 23:00:00,A,Y15-74,PC_ACT,T,PL,2014-01-01,9.2,,
ESTAT:UNE_RT_A(1.0),29/04/26 23:00:00,A,Y15-74,PC_ACT,T,PT,2014-01-01,14.6,,
ESTAT:UNE_RT_A(1.0),29/04/26 23:00:00,A,Y15-74,PC_ACT,T,RO,2014-01-01,8.6,,
ESTAT:UNE_RT_A(1.0),29/04/26 23:00:00,A,Y15-74,PC_ACT,T,RS,2014-01-01,20.7,,
ESTAT:UNE_RT_A(1.0),29/04/26 23:00:00,A,Y15-74,PC_ACT,T,SE,2014-01-01,8.0,,
ESTAT:UNE_RT_A(1.0),29/04/26 23:00:00,A,Y15-74,PC_ACT,T,SI,2014-01-01,9.7,,
ESTAT:UNE_RT_A(1.0),29/04/26 23:00:00,A,Y15-74,PC_ACT,T,SK,2014-01-01,13.1,,
ESTAT:UNE_RT_A(1.0),29/04/26 23:00:00,A,Y15-74,PC_ACT,T,TR,2014-01-01,9.9,b,
ESTAT:UNE_RT_A(1.0),29/04/26 23:00:00,A,Y25-54,PC_ACT,F,AT,2014-01-01,5.2,,
ESTAT:UNE_RT_A(1.0),29/04/26 23:00:00,A,Y25-54,PC_ACT,F,BE,2014-01-01,7.1,,
ESTAT:UNE_RT_A(1.0),29/04/26 23:00:00,A,Y25-54,PC_ACT,F,BG,2014-01-01,10.5,,
ESTAT:UNE_RT_A(1.0),29/04/26 23:00:00,A,Y25-54,PC_ACT,F,CH,2014-01-01,4.8,,
ESTAT:UNE_RT_A(1.0),29/04/26 23:00:00,A,Y25-54,PC_ACT,F,CY,2014-01-01,12.9,,
ESTAT:UNE_RT_A(1.0),29/04/26 23:00:00,A,Y25-54,PC_ACT,F,CZ,2014-01-01,7.1,,
ESTAT:UNE_RT_A(1.0),29/04/26 23:00:00,A,Y25-54,PC_ACT,F,DE,2014-01-01,4.0,,
ESTAT:UNE_RT_A(1.0),29/04/26 23:00:00,A,Y25-54,PC_ACT,F,DK,2014-01-01,6.6,,
ESTAT:UNE_RT_A(1.0),29/04/26 23:00:00,A,Y25-54,PC_ACT,F,EA20,2014-01-01,11.4,,
ESTAT:UNE_RT_A(1.0),29/04/26 23:00:00,A,Y25-54,PC_ACT,F,EA21,2014-01-01,11.4,,
ESTAT:UNE_RT_A(1.0),29/04/26 23:00:00,A,Y25-54,PC_ACT,F,EE,2014-01-01,7.0,,
ESTAT:UNE_RT_A(1.0),29/04/26 23:00:00,A,Y25-54,PC_ACT,F,EL,2014-01-01,30.0,,
ESTAT:UNE_RT_A(1.0),29/04/26 23:00:00,A,Y25-54,PC_ACT,F,ES,2014-01-01,24.1,,
ESTAT:UNE_RT_A(1.0),29/04/26 23:00:00,A,Y25-54,PC_ACT,F,EU27_2020,2014-01-01,10.6,,
ESTAT:UNE_RT_A(1.0),29/04/26 23:00:00,A,Y25-54,PC_ACT,F,FI,2014-01-01,6.5,,
ESTAT:UNE_RT_A(1.0),29/04/26 23:00:00,A,Y25-54,PC_ACT,F,FR,2014-01-01,8.7,,
ESTAT:UNE_RT_A(1.0),29/04/26 23:00:00,A,Y25-54,PC_ACT,F,HR,2014-01-01,16.7,,
ESTAT:UNE_RT_A(1.0),29/04/26 23:00:00,A,Y25-54,PC_ACT,F,HU,2014-01-01,6.6,,
ESTAT:UNE_RT_A(1.0),29/04/26 23:00:00,A,Y25-54,PC_ACT,F,IE,2014-01-01,9.9,,
ESTAT:UNE_RT_A(1.0),29/04/26 23:00:00,A,Y25-54,PC_ACT,F,IS,2014-01-01,5.0,,
ESTAT:UNE_RT_A(1.0),29/04/26 23:00:00,A,Y25-54,PC_ACT,F,IT,2014-01-01,13.2,,
ESTAT:UNE_RT_A(1.0),29/04/26 23:00:00,A,Y25-54,PC_ACT,F,LT,2014-01-01,8.8,,
ESTAT:UNE_RT_A(1.0),29/04/26 23:00:00,A,Y25-54,PC_ACT,F,LU,2014-01-01,5.1,,
ESTAT:UNE_RT_A(1.0),29/04/26 23:00:00,A,Y25-54,PC_ACT,F,LV,2014-01-01,9.5,,
ESTAT:UNE_RT_A(1.0),29/04/26 23:00:00,A,Y25-54,PC_ACT,F,ME,2014-01-01,17.6,,
ESTAT:UNE_RT_A(1.0),29/04/26 23:00:00,A,Y25-54,PC_ACT,F,MK,2014-01-01,27.0,,
ESTAT:UNE_RT_A(1.0),29/04/26 23:00:00,A,Y25-54,PC_ACT,F,MT,2014-01-01,4.3,,
ESTAT:UNE_RT_A(1.0),29/04/26 23:00:00,A,Y25-54,PC_ACT,F,NL,2014-01-01,7.7,,
ESTAT:UNE_RT_A(1.0),29/04/26 23:00:00,A,Y25-54,PC_ACT,F,NO,2014-01-01,3.2,,
ESTAT:UNE_RT_A(1.0),29/04/26 23:00:00,A,Y25-54,PC_ACT,F,PL,2014-01-01,8.8,,
ESTAT:UNE_RT_A(1.0),29/04/26 23:00:00,A,Y25-54,PC_ACT,F,PT,2014-01-01,13.5,,
ESTAT:UNE_RT_A(1.0),29/04/26 23:00:00,A,Y25-54,PC_ACT,F,RO,2014-01-01,6.7,,
ESTAT:UNE_RT_A(1.0),29/04/26 23:00:00,A,Y25-54,PC_ACT,F,RS,2014-01-01,21.5,,
ESTAT:UNE_RT_A(1.0),29/04/26 23:00:00,A,Y25-54,PC_ACT,F,SE,2014-01-01,6.2,,
ESTAT:UNE_RT_A(1.0),29/04/26 23:00:00,A,Y25-54,PC_ACT,F,SI,2014-01-01,10.5,,
ESTAT:UNE_RT_A(1.0),29/04/26 23:00:00,A,Y25-54,PC_ACT,F,SK,2014-01-01,12.8,,
ESTAT:UNE_RT_A(1.0),29/04/26 23:00:00,A,Y25-54,PC_ACT,F,TR,2014-01-01,10.9,b,
ESTAT:UNE_RT_A(1.0),29/04/26 23:00:00,A,Y25-54,PC_ACT,M,AT,2014-01-01,5.8,,
ESTAT:UNE_RT_A(1.0),29/04/26 23:00:00,A,Y25-54,PC_ACT,M,BE,2014-01-01,8.3,,
ESTAT:UNE_RT_A(1.0),29/04/26 23:00:00,A,Y25-54,PC_ACT,M,BG,2014-01-01,12.4,,
ESTAT:UNE_RT_A(1.0),29/04/26 23:00:00,A,Y25-54,PC_ACT,M,CH,2014-01-01,4.5,,
ESTAT:UNE_RT_A(1.0),29/04/26 23:00:00,A,Y25-54,PC_ACT,M,CY,2014-01-01,14.8,,
ESTAT:UNE_RT_A(1.0),29/04/26 23:00:00,A,Y25-54,PC_ACT,M,CZ,2014-01-01,4.3,,
ESTAT:UNE_RT_A(1.0),29/04/26 23:00:00,A,Y25-54,PC_ACT,M,DE,2014-01-01,4.6,,
ESTAT:UNE_RT_A(1.0),29/04/26 23:00:00,A,Y25-54,PC_ACT,M,DK,2014-01-01,5.5,,
ESTAT:UNE_RT_A(1.0),29/04/26 23:00:00,A,Y25-54,PC_ACT,M,EA20,2014-01-01,10.7,,
ESTAT:UNE_RT_A(1.0),29/04/26 23:00:00,A,Y25-54,PC_ACT,M,EA21,2014-01-01,10.7,,
ESTAT:UNE_RT_A(1.0),29/04/26 23:00:00,A,Y25-54,PC_ACT,M,EE,2014-01-01,7.1,,
ESTAT:UNE_RT_A(1.0),29/04/26 23:00:00,A,Y25-54,PC_ACT,M,EL,2014-01-01,23.0,,
ESTAT:UNE_RT_A(1.0),29/04/26 23:00:00,A,Y25-54,PC_ACT,M,ES,2014-01-01,21.7,,
ESTAT:UNE_RT_A(1.0),29/04/26 23:00:00,A,Y25-54,PC_ACT,M,EU27_2020,2014-01-01,9.9,,
ESTAT:UNE_RT_A(1.0),29/04/26 23:00:00,A,Y25-54,PC_ACT,M,FI,2014-01-01,7.8,,
ESTAT:UNE_RT_A(1.0),29/04/26 23:00:00,A,Y25-54,PC_ACT,M,FR,2014-01-01,9.3,,
ESTAT:UNE_RT_A(1.0),29/04/26 23:00:00,A,Y25-54,PC_ACT,M,HR,2014-01-01,13.9,,
ESTAT:UNE_RT_A(1.0),29/04/26 23:00:00,A,Y25-54,PC_ACT,M,HU,2014-01-01,6.5,,
ESTAT:UNE_RT_A(1.0),29/04/26 23:00:00,A,Y25-54,PC_ACT,M,IE,2014-01-01,11.3,,
ESTAT:UNE_RT_A(1.0),29/04/26 23:00:00,A,Y25-54,PC_ACT,M,IS,2014-01-01,3.7,,
ESTAT:UNE_RT_A(1.0),29/04/26 23:00:00,A,Y25-54,PC_ACT,M,IT,2014-01-01,11.0,,
ESTAT:UNE_RT_A(1.0),29/04/26 23:00:00,A,Y25-54,PC_ACT,M,LT,2014-01-01,11.1,,
ESTAT:UNE_RT_A(1.0),29/04/26 23:00:00,A,Y25-54,PC_ACT,M,LU,2014-01-01,4.7,,
ESTAT:UNE_RT_A(1.0),29/04/26 23:00:00,A,Y25-54,PC_ACT,M,LV,2014-01-01,11.2,,
ESTAT:UNE_RT_A(1.0),29/04/26 23:00:00,A,Y25-54,PC_ACT,M,ME,2014-01-01,16.6,,
ESTAT:UNE_RT_A(1.0),29/04/26 23:00:00,A,Y25-54,PC_ACT,M,MK,2014-01-01,25.1,,
ESTAT:UNE_RT_A(1.0),29/04/26 23:00:00,A,Y25-54,PC_ACT,M,MT,2014-01-01,4.8,,
ESTAT:UNE_RT_A(1.0),29/04/26 23:00:00,A,Y25-54,PC_ACT,M,NL,2014-01-01,6.3,,
ESTAT:UNE_RT_A(1.0),29/04/26 23:00:00,A,Y25-54,PC_ACT,M,NO,2014-01-01,3.3,,
ESTAT:UNE_RT_A(1.0),29/04/26 23:00:00,A,Y25-54,PC_ACT,M,PL,2014-01-01,7.4,,
ESTAT:UNE_RT_A(1.0),29/04/26 23:00:00,A,Y25-54,PC_ACT,M,PT,2014-01-01,12.2,,
ESTAT:UNE_RT_A(1.0),29/04/26 23:00:00,A,Y25-54,PC_ACT,M,RO,2014-01-01,7.8,,
ESTAT:UNE_RT_A(1.0),29/04/26 23:00:00,A,Y25-54,PC_ACT,M,RS,2014-01-01,18.2,,
ESTAT:UNE_RT_A(1.0),29/04/26 23:00:00,A,Y25-54,PC_ACT,M,SE,2014-01-01,6.2,,
ESTAT:UNE_RT_A(1.0),29/04/26 23:00:00,A,Y25-54,PC_ACT,M,SI,2014-01-01,8.3,,
ESTAT:UNE_RT_A(1.0),29/04/26 23:00:00,A,Y25-54,PC_ACT,M,SK,2014-01-01,11.3,,
ESTAT:UNE_RT_A(1.0),29/04/26 23:00:00,A,Y25-54,PC_ACT,M,TR,2014-01-01,7.8,b,
ESTAT:UNE_RT_A(1.0),29/04/26 23:00:00,A,Y25-54,PC_ACT,T,AT,2014-01-01,5.6,,
ESTAT:UNE_RT_A(1.0),29/04/26 23:00:00,A,Y25-54,PC_ACT,T,BE,2014-01-01,7.7,,
ESTAT:UNE_RT_A(1.0),29/04/26 23:00:00,A,Y25-54,PC_ACT,T,BG,2014-01-01,11.5,,
ESTAT:UNE_RT_A(1.0),29/04/26 23:00:00,A,Y25-54,PC_ACT,T,CH,2014-01-01,4.6,,
ESTAT:UNE_RT_A(1.0),29/04/26 23:00:00,A,Y25-54,PC_ACT,T,CY,2014-01-01,13.9,,
ESTAT:UNE_RT_A(1.0),29/04/26 23:00:00,A,Y25-54,PC_ACT,T,CZ,2014-01-01,5.6,,
ESTAT:UNE_RT_A(1.0),29/04/26 23:00:00,A,Y25-54,PC_ACT,T,DE,2014-01-01,4.3,,
ESTAT:UNE_RT_A(1.0),29/04/26 23:00:00,A,Y25-54,PC_ACT,T,DK,2014-01-01,6.0,,
ESTAT:UNE_RT_A(1.0),29/04/26 23:00:00,A,Y25-54,PC_ACT,T,EA20,2014-01-01,11.0,,
ESTAT:UNE_RT_A(1.0),29/04/26 23:00:00,A,Y25-54,PC_ACT,T,EA21,2014-01-01,11.0,,
ESTAT:UNE_RT_A(1.0),29/04/26 23:00:00,A,Y25-54,PC_ACT,T,EE,2014-01-01,7.1,,
ESTAT:UNE_RT_A(1.0),29/04/26 23:00:00,A,Y25-54,PC_ACT,T,EL,2014-01-01,26.1,,
ESTAT:UNE_RT_A(1.0),29/04/26 23:00:00,A,Y25-54,PC_ACT,T,ES,2014-01-01,22.8,,
ESTAT:UNE_RT_A(1.0),29/04/26 23:00:00,A,Y25-54,PC_ACT,T,EU27_2020,2014-01-01,10.2,,
ESTAT:UNE_RT_A(1.0),29/04/26 23:00:00,A,Y25-54,PC_ACT,T,FI,2014-01-01,7.2,,
ESTAT:UNE_RT_A(1.0),29/04/26 23:00:00,A,Y25-54,PC_ACT,T,FR,2014-01-01,9.0,,
ESTAT:UNE_RT_A(1.0),29/04/26 23:00:00,A,Y25-54,PC_ACT,T,HR,2014-01-01,15.3,,
ESTAT:UNE_RT_A(1.0),29/04/26 23:00:00,A,Y25-54,PC_ACT,T,HU,2014-01-01,6.6,,
ESTAT:UNE_RT_A(1.0),29/04/26 23:00:00,A,Y25-54,PC_ACT,T,IE,2014-01-01,10.7,,
ESTAT:UNE_RT_A(1.0),29/04/26 23:00:00,A,Y25-54,PC_ACT,T,IS,2014-01-01,4.3,,
ESTAT:UNE_RT_A(1.0),29/04/26 23:00:00,A,Y25-54,PC_ACT,T,IT,2014-01-01,12.0,,
ESTAT:UNE_RT_A(1.0),29/04/26 23:00:00,A,Y25-54,PC_ACT,T,LT,2014-01-01,9.9,,
ESTAT:UNE_RT_A(1.0),29/04/26 23:00:00,A,Y25-54,PC_ACT,T,LU,2014-01-01,4.9,,
ESTAT:UNE_RT_A(1.0),29/04/26 23:00:00,A,Y25-54,PC_ACT,T,LV,2014-01-01,10.4,,
ESTAT:UNE_RT_A(1.0),29/04/26 23:00:00,A,Y25-54,PC_ACT,T,ME,2014-01-01,17.1,,
ESTAT:UNE_RT_A(1.0),29/04/26 23:00:00,A,Y25-54,PC_ACT,T,MK,2014-01-01,25.8,,
ESTAT:UNE_RT_A(1.0),29/04/26 23:00:00,A,Y25-54,PC_ACT,T,MT,2014-01-01,4.6,,
ESTAT:UNE_RT_A(1.0),29/04/26 23:00:00,A,Y25-54,PC_ACT,T,NL,2014-01-01,7.0,,
ESTAT:UNE_RT_A(1.0),29/04/26 23:00:00,A,Y25-54,PC_ACT,T,NO,2014-01-01,3.2,,
ESTAT:UNE_RT_A(1.0),29/04/26 23:00:00,A,Y25-54,PC_ACT,T,PL,2014-01-01,8.1,,
ESTAT:UNE_RT_A(1.0),29/04/26 23:00:00,A,Y25-54,PC_ACT,T,PT,2014-01-01,12.8,,
ESTAT:UNE_RT_A(1.0),29/04/26 23:00:00,A,Y25-54,PC_ACT,T,RO,2014-01-01,7.3,,
ESTAT:UNE_RT_A(1.0),29/04/26 23:00:00,A,Y25-54,PC_ACT,T,RS,2014-01-01,19.7,,
ESTAT:UNE_RT_A(1.0),29/04/26 23:00:00,A,Y25-54,PC_ACT,T,SE,2014-01-01,6.2,,
ESTAT:UNE_RT_A(1.0),29/04/26 23:00:00,A,Y25-54,PC_ACT,T,SI,2014-01-01,9.3,,
ESTAT:UNE_RT_A(1.0),29/04/26 23:00:00,A,Y25-54,PC_ACT,T,SK,2014-01-01,12.0,,
ESTAT:UNE_RT_A(1.0),29/04/26 23:00:00,A,Y25-54,PC_ACT,T,TR,2014-01-01,8.7,b,
ESTAT:UNE_RT_A(1.0),29/04/26 23:00:00,A,Y55-74,PC_ACT,F,AT,2014-01-01,2.7,,
ESTAT:UNE_RT_A(1.0),29/04/26 23:00:00,A,Y55-74,PC_ACT,F,BE,2014-01-01,5.1,,
ESTAT:UNE_RT_A(1.0),29/04/26 23:00:00,A,Y55-74,PC_ACT,F,BG,2014-01-01,11.1,,
ESTAT:UNE_RT_A(1.0),29/04/26 23:00:00,A,Y55-74,PC_ACT,F,CH,2014-01-01,2.8,,
ESTAT:UNE_RT_A(1.0),29/04/26 23:00:00,A,Y55-74,PC_ACT,F,CY,2014-01-01,12.3,,
ESTAT:UNE_RT_A(1.0),29/04/26 23:00:00,A,Y55-74,PC_ACT,F,CZ,2014-01-01,5.0,,
ESTAT:UNE_RT_A(1.0),29/04/26 23:00:00,A,Y55-74,PC_ACT,F,DE,2014-01-01,4.0,,
ESTAT:UNE_RT_A(1.0),29/04/26 23:00:00,A,Y55-74,PC_ACT,F,DK,2014-01-01,4.2,,
ESTAT:UNE_RT_A(1.0),29/04/26 23:00:00,A,Y55-74,PC_ACT,F,EA20,2014-01-01,7.3,,
ESTAT:UNE_RT_A(1.0),29/04/26 23:00:00,A,Y55-74,PC_ACT,F,EA21,2014-01-01,7.4,,
ESTAT:UNE_RT_A(1.0),29/04/26 23:00:00,A,Y55-74,PC_ACT,F,EE,2014-01-01,4.7,,
ESTAT:UNE_RT_A(1.0),29/04/26 23:00:00,A,Y55-74,PC_ACT,F,EL,2014-01-01,15.8,,
ESTAT:UNE_RT_A(1.0),29/04/26 23:00:00,A,Y55-74,PC_ACT,F,ES,2014-01-01,18.9,,
ESTAT:UNE_RT_A(1.0),29/04/26 23:00:00,A,Y55-74,PC_ACT,F,EU27_2020,2014-01-01,7.0,,
ESTAT:UNE_RT_A(1.0),29/04/26 23:00:00,A,Y55-74,PC_ACT,F,FI,2014-01-01,5.9,,
ESTAT:UNE_RT_A(1.0),29/04/26 23:00:00,A,Y55-74,PC_ACT,F,FR,2014-01-01,6.6,,
ESTAT:UNE_RT_A(1.0),29/04/26 23:00:00,A,Y55-74,PC_ACT,F,HR,2014-01-01,11.0,,
ESTAT:UNE_RT_A(1.0),29/04/26 23:00:00,A,Y55-74,PC_ACT,F,HU,2014-01-01,5.8,,
ESTAT:UNE_RT_A(1.0),29/04/26 23:00:00,A,Y55-74,PC_ACT,F,IE,2014-01-01,7.9,,
ESTAT:UNE_RT_A(1.0),29/04/26 23:00:00,A,Y55-74,PC_ACT,F,IS,2014-01-01,2.8,,
ESTAT:UNE_RT_A(1.0),29/04/26 23:00:00,A,Y55-74,PC_ACT,F,IT,2014-01-01,4.3,,
ESTAT:UNE_RT_A(1.0),29/04/26 23:00:00,A,Y55-74,PC_ACT,F,LT,2014-01-01,7.4,,
ESTAT:UNE_RT_A(1.0),29/04/26 23:00:00,A,Y55-74,PC_ACT,F,LU,2014-01-01,,u,
ESTAT:UNE_RT_A(1.0),29/04/26 23:00:00,A,Y55-74,PC_ACT,F,LV,2014-01-01,7.6,,
ESTAT:UNE_RT_A(1.0),29/04/26 23:00:00,A,Y55-74,PC_ACT,F,ME,2014-01-01,9.2,u,
ESTAT:UNE_RT_A(1.0),29/04/26 23:00:00,A,Y55-74,PC_ACT,F,MK,2014-01-01,18.6,,
ESTAT:UNE_RT_A(1.0),29/04/26 23:00:00,A,Y55-74,PC_ACT,F,MT,2014-01-01,,u,
ESTAT:UNE_RT_A(1.0),29/04/26 23:00:00,A,Y55-74,PC_ACT,F,NL,2014-01-01,8.4,,
ESTAT:UNE_RT_A(1.0),29/04/26 23:00:00,A,Y55-74,PC_ACT,F,NO,2014-01-01,1.1,,
ESTAT:UNE_RT_A(1.0),29/04/26 23:00:00,A,Y55-74,PC_ACT,F,PL,2014-01-01,6.3,,
ESTAT:UNE_RT_A(1.0),29/04/26 23:00:00,A,Y55-74,PC_ACT,F,PT,2014-01-01,11.4,,
ESTAT:UNE_RT_A(1.0),29/04/26 23:00:00,A,Y55-74,PC_ACT,F,RO,2014-01-01,3.5,,
ESTAT:UNE_RT_A(1.0),29/04/26 23:00:00,A,Y55-74,PC_ACT,F,RS,2014-01-01,10.0,,
ESTAT:UNE_RT_A(1.0),29/04/26 23:00:00,A,Y55-74,PC_ACT,F,SE,2014-01-01,4.5,,
ESTAT:UNE_RT_A(1.0),29/04/26 23:00:00,A,Y55-74,PC_ACT,F,SI,2014-01-01,5.6,u,
ESTAT:UNE_RT_A(1.0),29/04/26 23:00:00,A,Y55-74,PC_ACT,F,SK,2014-01-01,11.6,,
ESTAT:UNE_RT_A(1.0),29/04/26 23:00:00,A,Y55-74,PC_ACT,F,TR,2014-01-01,2.0,b,
ESTAT:UNE_RT_A(1.0),29/04/26 23:00:00,A,Y55-74,PC_ACT,M,AT,2014-01-01,4.5,,
ESTAT:UNE_RT_A(1.0),29/04/26 23:00:00,A,Y55-74,PC_ACT,M,BE,2014-01-01,5.3,,
ESTAT:UNE_RT_A(1.0),29/04/26 23:00:00,A,Y55-74,PC_ACT,M,BG,2014-01-01,13.0,,
ESTAT:UNE_RT_A(1.0),29/04/26 23:00:00,A,Y55-74,PC_ACT,M,CH,2014-01-01,3.0,,
ESTAT:UNE_RT_A(1.0),29/04/26 23:00:00,A,Y55-74,PC_ACT,M,CY,2014-01-01,16.1,,
ESTAT:UNE_RT_A(1.0),29/04/26 23:00:00,A,Y55-74,PC_ACT,M,CZ,2014-01-01,4.3,,
ESTAT:UNE_RT_A(1.0),29/04/26 23:00:00,A,Y55-74,PC_ACT,M,DE,2014-01-01,4.6,,
ESTAT:UNE_RT_A(1.0),29/04/26 23:00:00,A,Y55-74,PC_ACT,M,DK,2014-01-01,4.6,,
ESTAT:UNE_RT_A(1.0),29/04/26 23:00:00,A,Y55-74,PC_ACT,M,EA20,2014-01-01,8.4,,
ESTAT:UNE_RT_A(1.0),29/04/26 23:00:00,A,Y55-74,PC_ACT,M,EA21,2014-01-01,8.5,,
ESTAT:UNE_RT_A(1.0),29/04/26 23:00:00,A,Y55-74,PC_ACT,M,EE,2014-01-01,5.4,,
ESTAT:UNE_RT_A(1.0),29/04/26 23:00:00,A,Y55-74,PC_ACT,M,EL,2014-01-01,17.4,,
ESTAT:UNE_RT_A(1.0),29/04/26 23:00:00,A,Y55-74,PC_ACT,M,ES,2014-01-01,19.8,,
ESTAT:UNE_RT_A(1.0),29/04/26 23:00:00,A,Y55-74,PC_ACT,M,EU27_2020,2014-01-01,8.0,,
ESTAT:UNE_RT_A(1.0),29/04/26 23:00:00,A,Y55-74,PC_ACT,M,FI,2014-01-01,7.4,,
ESTAT:UNE_RT_A(1.0),29/04/26 23:00:00,A,Y55-74,PC_ACT,M,FR,2014-01-01,7.8,,
ESTAT:UNE_RT_A(1.0),29/04/26 23:00:00,A,Y55-74,PC_ACT,M,HR,2014-01-01,11.2,,
ESTAT:UNE_RT_A(1.0),29/04/26 23:00:00,A,Y55-74,PC_ACT,M,HU,2014-01-01,6.5,,
ESTAT:UNE_RT_A(1.0),29/04/26 23:00:00,A,Y55-74,PC_ACT,M,IE,2014-01-01,8.9,,
ESTAT:UNE_RT_A(1.0),29/04/26 23:00:00,A,Y55-74,PC_ACT,M,IS,2014-01-01,2.7,,
ESTAT:UNE_RT_A(1.0),29/04/26 23:00:00,A,Y55-74,PC_ACT,M,IT,2014-01-01,5.7,,
ESTAT:UNE_RT_A(1.0),29/04/26 23:00:00,A,Y55-74,PC_ACT,M,LT,2014-01-01,12.4,,
ESTAT:UNE_RT_A(1.0),29/04/26 23:00:00,A,Y55-74,PC_ACT,M,LU,2014-01-01,4.2,u,
ESTAT:UNE_RT_A(1.0),29/04/26 23:00:00,A,Y55-74,PC_ACT,M,LV,2014-01-01,10.3,,
ESTAT:UNE_RT_A(1.0),29/04/26 23:00:00,A,Y55-74,PC_ACT,M,ME,2014-01-01,11.2,,
ESTAT:UNE_RT_A(1.0),29/04/26 23:00:00,A,Y55-74,PC_ACT,M,MK,2014-01-01,24.0,,
ESTAT:UNE_RT_A(1.0),29/04/26 23:00:00,A,Y55-74,PC_ACT,M,MT,2014-01-01,6.2,,
ESTAT:UNE_RT_A(1.0),29/04/26 23:00:00,A,Y55-74,PC_ACT,M,NL,2014-01-01,8.5,,
ESTAT:UNE_RT_A(1.0),29/04/26 23:00:00,A,Y55-74,PC_ACT,M,NO,2014-01-01,1.4,,
ESTAT:UNE_RT_A(1.0),29/04/26 23:00:00,A,Y55-74,PC_ACT,M,PL,2014-01-01,7.0,,
ESTAT:UNE_RT_A(1.0),29/04/26 23:00:00,A,Y55-74,PC_ACT,M,PT,2014-01-01,15.0,,
ESTAT:UNE_RT_A(1.0),29/04/26 23:00:00,A,Y55-74,PC_ACT,M,RO,2014-01-01,5.3,,
ESTAT:UNE_RT_A(1.0),29/04/26 23:00:00,A,Y55-74,PC_ACT,M,RS,2014-01-01,13.2,,
ESTAT:UNE_RT_A(1.0),29/04/26 23:00:00,A,Y55-74,PC_ACT,M,SE,2014-01-01,5.5,,
ESTAT:UNE_RT_A(1.0),29/04/26 23:00:00,A,Y55-74,PC_ACT,M,SI,2014-01-01,7.5,,
ESTAT:UNE_RT_A(1.0),29/04/26 23:00:00,A,Y55-74,PC_ACT,M,SK,2014-01-01,9.4,,
ESTAT:UNE_RT_A(1.0),29/04/26 23:00:00,A,Y55-74,PC_ACT,M,TR,2014-01-01,6.4,b,
ESTAT:UNE_RT_A(1.0),29/04/26 23:00:00,A,Y55-74,PC_ACT,T,AT,2014-01-01,3.8,,
ESTAT:UNE_RT_A(1.0),29/04/26 23:00:00,A,Y55-74,PC_ACT,T,BE,2014-01-01,5.2,,
ESTAT:UNE_RT_A(1.0),29/04/26 23:00:00,A,Y55-74,PC_ACT,T,BG,2014-01-01,12.1,,
ESTAT:UNE_RT_A(1.0),29/04/26 23:00:00,A,Y55-74,PC_ACT,T,CH,2014-01-01,2.9,,
ESTAT:UNE_RT_A(1.0),29/04/26 23:00:00,A,Y55-74,PC_ACT,T,CY,2014-01-01,14.7,,
ESTAT:UNE_RT_A(1.0),29/04/26 23:00:00,A,Y55-74,PC_ACT,T,CZ,2014-01-01,4.6,,
ESTAT:UNE_RT_A(1.0),29/04/26 23:00:00,A,Y55-74,PC_ACT,T,DE,2014-01-01,4.3,,
ESTAT:UNE_RT_A(1.0),29/04/26 23:00:00,A,Y55-74,PC_ACT,T,DK,2014-01-01,4.4,,
ESTAT:UNE_RT_A(1.0),29/04/26 23:00:00,A,Y55-74,PC_ACT,T,EA20,2014-01-01,7.9,,
ESTAT:UNE_RT_A(1.0),29/04/26 23:00:00,A,Y55-74,PC_ACT,T,EA21,2014-01-01,8.0,,
ESTAT:UNE_RT_A(1.0),29/04/26 23:00:00,A,Y55-74,PC_ACT,T,EE,2014-01-01,5.0,,
ESTAT:UNE_RT_A(1.0),29/04/26 23:00:00,A,Y55-74,PC_ACT,T,EL,2014-01-01,16.8,,
ESTAT:UNE_RT_A(1.0),29/04/26 23:00:00,A,Y55-74,PC_ACT,T,ES,2014-01-01,19.4,,
ESTAT:UNE_RT_A(1.0),29/04/26 23:00:00,A,Y55-74,PC_ACT,T,EU27_2020,2014-01-01,7.5,,
ESTAT:UNE_RT_A(1.0),29/04/26 23:00:00,A,Y55-74,PC_ACT,T,FI,2014-01-01,6.7,,
ESTAT:UNE_RT_A(1.0),29/04/26 23:00:00,A,Y55-74,PC_ACT,T,FR,2014-01-01,7.2,,
ESTAT:UNE_RT_A(1.0),29/04/26 23:00:00,A,Y55-74,PC_ACT,T,HR,2014-01-01,11.1,,
ESTAT:UNE_RT_A(1.0),29/04/26 23:00:00,A,Y55-74,PC_ACT,T,HU,2014-01-01,6.2,,
ESTAT:UNE_RT_A(1.0),29/04/26 23:00:00,A,Y55-74,PC_ACT,T,IE,2014-01-01,8.5,,
ESTAT:UNE_RT_A(1.0),29/04/26 23:00:00,A,Y55-74,PC_ACT,T,IS,2014-01-01,2.7,,
ESTAT:UNE_RT_A(1.0),29/04/26 23:00:00,A,Y55-74,PC_ACT,T,IT,2014-01-01,5.1,,
ESTAT:UNE_RT_A(1.0),29/04/26 23:00:00,A,Y55-74,PC_ACT,T,LT,2014-01-01,9.8,,
ESTAT:UNE_RT_A(1.0),29/04/26 23:00:00,A,Y55-74,PC_ACT,T,LU,2014-01-01,4.2,,
ESTAT:UNE_RT_A(1.0),29/04/26 23:00:00,A,Y55-74,PC_ACT,T,LV,2014-01-01,8.8,,
ESTAT:UNE_RT_A(1.0),29/04/26 23:00:00,A,Y55-74,PC_ACT,T,ME,2014-01-01,10.5,,
ESTAT:UNE_RT_A(1.0),29/04/26 23:00:00,A,Y55-74,PC_ACT,T,MK,2014-01-01,22.2,,
ESTAT:UNE_RT_A(1.0),29/04/26 23:00:00,A,Y55-74,PC_ACT,T,MT,2014-01-01,5.5,,
ESTAT:UNE_RT_A(1.0),29/04/26 23:00:00,A,Y55-74,PC_ACT,T,NL,2014-01-01,8.5,,
ESTAT:UNE_RT_A(1.0),29/04/26 23:00:00,A,Y55-74,PC_ACT,T,NO,2014-01-01,1.3,,
ESTAT:UNE_RT_A(1.0),29/04/26 23:00:00,A,Y55-74,PC_ACT,T,PL,2014-01-01,6.7,,
ESTAT:UNE_RT_A(1.0),29/04/26 23:00:00,A,Y55-74,PC_ACT,T,PT,2014-01-01,13.4,,
ESTAT:UNE_RT_A(1.0),29/04/26 23:00:00,A,Y55-74,PC_ACT,T,RO,2014-01-01,4.6,,
ESTAT:UNE_RT_A(1.0),29/04/26 23:00:00,A,Y55-74,PC_ACT,T,RS,2014-01-01,12.1,,
ESTAT:UNE_RT_A(1.0),29/04/26 23:00:00,A,Y55-74,PC_ACT,T,SE,2014-01-01,5.0,,
ESTAT:UNE_RT_A(1.0),29/04/26 23:00:00,A,Y55-74,PC_ACT,T,SI,2014-01-01,6.7,,
ESTAT:UNE_RT_A(1.0),29/04/26 23:00:00,A,Y55-74,PC_ACT,T,SK,2014-01-01,10.4,,
ESTAT:UNE_RT_A(1.0),29/04/26 23:00:00,A,Y55-74,PC_ACT,T,TR,2014-01-01,5.2,b,
ESTAT:UNE_RT_A(1.0),29/04/26 23:00:00,A,Y15-24,PC_ACT,F,AT,2015-01-01,10.4,,
ESTAT:UNE_RT_A(1.0),29/04/26 23:00:00,A,Y15-24,PC_ACT,F,BE,2015-01-01,20.5,,
ESTAT:UNE_RT_A(1.0),29/04/26 23:00:00,A,Y15-24,PC_ACT,F,BG,2015-01-01,26.7,,
ESTAT:UNE_RT_A(1.0),29/04/26 23:00:00,A,Y15-24,PC_ACT,F,CH,2015-01-01,8.4,,
ESTAT:UNE_RT_A(1.0),29/04/26 23:00:00,A,Y15-24,PC_ACT,F,CY,2015-01-01,31.1,,
ESTAT:UNE_RT_A(1.0),29/04/26 23:00:00,A,Y15-24,PC_ACT,F,CZ,2015-01-01,14.4,,
ESTAT:UNE_RT_A(1.0),29/04/26 23:00:00,A,Y15-24,PC_ACT,F,DE,2015-01-01,6.9,,
ESTAT:UNE_RT_A(1.0),29/04/26 23:00:00,A,Y15-24,PC_ACT,F,DK,2015-01-01,11.1,,
ESTAT:UNE_RT_A(1.0),29/04/26 23:00:00,A,Y15-24,PC_ACT,F,EA20,2015-01-01,22.7,,
ESTAT:UNE_RT_A(1.0),29/04/26 23:00:00,A,Y15-24,PC_ACT,F,EA21,2015-01-01,22.8,,
ESTAT:UNE_RT_A(1.0),29/04/26 23:00:00,A,Y15-24,PC_ACT,F,EE,2015-01-01,12.9,,
ESTAT:UNE_RT_A(1.0),29/04/26 23:00:00,A,Y15-24,PC_ACT,F,EL,2015-01-01,54.8,,
ESTAT:UNE_RT_A(1.0),29/04/26 23:00:00,A,Y15-24,PC_ACT,F,ES,2015-01-01,48.0,,
ESTAT:UNE_RT_A(1.0),29/04/26 23:00:00,A,Y15-24,PC_ACT,F,EU27_2020,2015-01-01,22.1,,
ESTAT:UNE_RT_A(1.0),29/04/26 23:00:00,A,Y15-24,PC_ACT,F,FI,2015-01-01,19.1,,
ESTAT:UNE_RT_A(1.0),29/04/26 23:00:00,A,Y15-24,PC_ACT,F,FR,2015-01-01,27.4,,
ESTAT:UNE_RT_A(1.0),29/04/26 23:00:00,A,Y15-24,PC_ACT,F,HR,2015-01-01,43.5,,
ESTAT:UNE_RT_A(1.0),29/04/26 23:00:00,A,Y15-24,PC_ACT,F,HU,2015-01-01,15.5,,
ESTAT:UNE_RT_A(1.0),29/04/26 23:00:00,A,Y15-24,PC_ACT,F,IE,2015-01-01,16.3,,
ESTAT:UNE_RT_A(1.0),29/04/26 23:00:00,A,Y15-24,PC_ACT,F,IS,2015-01-01,6.7,,
ESTAT:UNE_RT_A(1.0),29/04/26 23:00:00,A,Y15-24,PC_ACT,F,IT,2015-01-01,42.6,,
ESTAT:UNE_RT_A(1.0),29/04/26 23:00:00,A,Y15-24,PC_ACT,F,LT,2015-01-01,16.6,,
ESTAT:UNE_RT_A(1.0),29/04/26 23:00:00,A,Y15-24,PC_ACT,F,LU,2015-01-01,15.7,b,
ESTAT:UNE_RT_A(1.0),29/04/26 23:00:00,A,Y15-24,PC_ACT,F,LV,2015-01-01,14.2,,
ESTAT:UNE_RT_A(1.0),29/04/26 23:00:00,A,Y15-24,PC_ACT,F,ME,2015-01-01,34.5,,
ESTAT:UNE_RT_A(1.0),29/04/26 23:00:00,A,Y15-24,PC_ACT,F,MK,2015-01-01,43.3,,
ESTAT:UNE_RT_A(1.0),29/04/26 23:00:00,A,Y15-24,PC_ACT,F,MT,2015-01-01,9.8,,
ESTAT:UNE_RT_A(1.0),29/04/26 23:00:00,A,Y15-24,PC_ACT,F,NL,2015-01-01,11.6,,
ESTAT:UNE_RT_A(1.0),29/04/26 23:00:00,A,Y15-24,PC_ACT,F,NO,2015-01-01,11.4,,
ESTAT:UNE_RT_A(1.0),29/04/26 23:00:00,A,Y15-24,PC_ACT,F,PL,2015-01-01,21.0,,
ESTAT:UNE_RT_A(1.0),29/04/26 23:00:00,A,Y15-24,PC_ACT,F,PT,2015-01-01,34.1,,
ESTAT:UNE_RT_A(1.0),29/04/26 23:00:00,A,Y15-24,PC_ACT,F,RO,2015-01-01,29.4,,
ESTAT:UNE_RT_A(1.0),29/04/26 23:00:00,A,Y15-24,PC_ACT,F,RS,2015-01-01,50.5,,
ESTAT:UNE_RT_A(1.0),29/04/26 23:00:00,A,Y15-24,PC_ACT,F,SE,2015-01-01,19.0,,
ESTAT:UNE_RT_A(1.0),29/04/26 23:00:00,A,Y15-24,PC_ACT,F,SI,2015-01-01,14.8,,
ESTAT:UNE_RT_A(1.0),29/04/26 23:00:00,A,Y15-24,PC_ACT,F,SK,2015-01-01,30.2,,
ESTAT:UNE_RT_A(1.0),29/04/26 23:00:00,A,Y15-24,PC_ACT,F,TR,2015-01-01,22.2,,
ESTAT:UNE_RT_A(1.0),29/04/26 23:00:00,A,Y15-24,PC_ACT,M,AT,2015-01-01,12.0,,
ESTAT:UNE_RT_A(1.0),29/04/26 23:00:00,A,Y15-24,PC_ACT,M,BE,2015-01-01,24.1,,
ESTAT:UNE_RT_A(1.0),29/04/26 23:00:00,A,Y15-24,PC_ACT,M,BG,2015-01-01,23.6,,
ESTAT:UNE_RT_A(1.0),29/04/26 23:00:00,A,Y15-24,PC_ACT,M,CH,2015-01-01,9.2,,
ESTAT:UNE_RT_A(1.0),29/04/26 23:00:00,A,Y15-24,PC_ACT,M,CY,2015-01-01,34.7,,
ESTAT:UNE_RT_A(1.0),29/04/26 23:00:00,A,Y15-24,PC_ACT,M,CZ,2015-01-01,11.3,,
ESTAT:UNE_RT_A(1.0),29/04/26 23:00:00,A,Y15-24,PC_ACT,M,DE,2015-01-01,8.3,,
ESTAT:UNE_RT_A(1.0),29/04/26 23:00:00,A,Y15-24,PC_ACT,M,DK,2015-01-01,13.2,,
ESTAT:UNE_RT_A(1.0),29/04/26 23:00:00,A,Y15-24,PC_ACT,M,EA20,2015-01-01,23.4,,
ESTAT:UNE_RT_A(1.0),29/04/26 23:00:00,A,Y15-24,PC_ACT,M,EA21,2015-01-01,23.4,,
ESTAT:UNE_RT_A(1.0),29/04/26 23:00:00,A,Y15-24,PC_ACT,M,EE,2015-01-01,15.5,,
ESTAT:UNE_RT_A(1.0),29/04/26 23:00:00,A,Y15-24,PC_ACT,M,EL,2015-01-01,46.5,,
ESTAT:UNE_RT_A(1.0),29/04/26 23:00:00,A,Y15-24,PC_ACT,M,ES,2015-01-01,48.6,,
ESTAT:UNE_RT_A(1.0),29/04/26 23:00:00,A,Y15-24,PC_ACT,M,EU27_2020,2015-01-01,22.6,,
ESTAT:UNE_RT_A(1.0),29/04/26 23:00:00,A,Y15-24,PC_ACT,M,FI,2015-01-01,26.0,,
ESTAT:UNE_RT_A(1.0),29/04/26 23:00:00,A,Y15-24,PC_ACT,M,FR,2015-01-01,25.1,,
ESTAT:UNE_RT_A(1.0),29/04/26 23:00:00,A,Y15-24,PC_ACT,M,HR,2015-01-01,41.5,,
ESTAT:UNE_RT_A(1.0),29/04/26 23:00:00,A,Y15-24,PC_ACT,M,HU,2015-01-01,18.3,,
ESTAT:UNE_RT_A(1.0),29/04/26 23:00:00,A,Y15-24,PC_ACT,M,IE,2015-01-01,23.5,,
ESTAT:UNE_RT_A(1.0),29/04/26 23:00:00,A,Y15-24,PC_ACT,M,IS,2015-01-01,10.9,,
ESTAT:UNE_RT_A(1.0),29/04/26 23:00:00,A,Y15-24,PC_ACT,M,IT,2015-01-01,38.7,,
ESTAT:UNE_RT_A(1.0),29/04/26 23:00:00,A,Y15-24,PC_ACT,M,LT,2015-01-01,16.0,,
ESTAT:UNE_RT_A(1.0),29/04/26 23:00:00,A,Y15-24,PC_ACT,M,LU,2015-01-01,18.9,b,
ESTAT:UNE_RT_A(1.0),29/04/26 23:00:00,A,Y15-24,PC_ACT,M,LV,2015-01-01,18.0,,
ESTAT:UNE_RT_A(1.0),29/04/26 23:00:00,A,Y15-24,PC_ACT,M,ME,2015-01-01,39.9,,
ESTAT:UNE_RT_A(1.0),29/04/26 23:00:00,A,Y15-24,PC_ACT,M,MK,2015-01-01,49.7,,
ESTAT:UNE_RT_A(1.0),29/04/26 23:00:00,A,Y15-24,PC_ACT,M,MT,2015-01-01,13.2,,
ESTAT:UNE_RT_A(1.0),29/04/26 23:00:00,A,Y15-24,PC_ACT,M,NL,2015-01-01,13.5,,
ESTAT:UNE_RT_A(1.0),29/04/26 23:00:00,A,Y15-24,PC_ACT,M,NO,2015-01-01,13.1,,
ESTAT:UNE_RT_A(1.0),29/04/26 23:00:00,A,Y15-24,PC_ACT,M,PL,2015-01-01,20.9,,
ESTAT:UNE_RT_A(1.0),29/04/26 23:00:00,A,Y15-24,PC_ACT,M,PT,2015-01-01,29.7,,
ESTAT:UNE_RT_A(1.0),29/04/26 23:00:00,A,Y15-24,PC_ACT,M,RO,2015-01-01,26.0,,
ESTAT:UNE_RT_A(1.0),29/04/26 23:00:00,A,Y15-24,PC_ACT,M,RS,2015-01-01,41.1,,
ESTAT:UNE_RT_A(1.0),29/04/26 23:00:00,A,Y15-24,PC_ACT,M,SE,2015-01-01,20.4,,
ESTAT:UNE_RT_A(1.0),29/04/26 23:00:00,A,Y15-24,PC_ACT,M,SI,2015-01-01,17.7,,
ESTAT:UNE_RT_A(1.0),29/04/26 23:00:00,A,Y15-24,PC_ACT,M,SK,2015-01-01,26.1,,
ESTAT:UNE_RT_A(1.0),29/04/26 23:00:00,A,Y15-24,PC_ACT,M,TR,2015-01-01,16.5,,
ESTAT:UNE_RT_A(1.0),29/04/26 23:00:00,A,Y15-24,PC_ACT,T,AT,2015-01-01,11.3,,
ESTAT:UNE_RT_A(1.0),29/04/26 23:00:00,A,Y15-24,PC_ACT,T,BE,2015-01-01,22.5,,
ESTAT:UNE_RT_A(1.0),29/04/26 23:00:00,A,Y15-24,PC_ACT,T,BG,2015-01-01,24.7,,
ESTAT:UNE_RT_A(1.0),29/04/26 23:00:00,A,Y15-24,PC_ACT,T,CH,2015-01-01,8.8,,
ESTAT:UNE_RT_A(1.0),29/04/26 23:00:00,A,Y15-24,PC_ACT,T,CY,2015-01-01,32.8,,
ESTAT:UNE_RT_A(1.0),29/04/26 23:00:00,A,Y15-24,PC_ACT,T,CZ,2015-01-01,12.6,,
ESTAT:UNE_RT_A(1.0),29/04/26 23:00:00,A,Y15-24,PC_ACT,T,DE,2015-01-01,7.7,,
ESTAT:UNE_RT_A(1.0),29/04/26 23:00:00,A,Y15-24,PC_ACT,T,DK,2015-01-01,12.2,,
ESTAT:UNE_RT_A(1.0),29/04/26 23:00:00,A,Y15-24,PC_ACT,T,EA20,2015-01-01,23.1,,
ESTAT:UNE_RT_A(1.0),29/04/26 23:00:00,A,Y15-24,PC_ACT,T,EA21,2015-01-01,23.1,,
ESTAT:UNE_RT_A(1.0),29/04/26 23:00:00,A,Y15-24,PC_ACT,T,EE,2015-01-01,14.3,,
ESTAT:UNE_RT_A(1.0),29/04/26 23:00:00,A,Y15-24,PC_ACT,T,EL,2015-01-01,50.3,,
ESTAT:UNE_RT_A(1.0),29/04/26 23:00:00,A,Y15-24,PC_ACT,T,ES,2015-01-01,48.3,,
ESTAT:UNE_RT_A(1.0),29/04/26 23:00:00,A,Y15-24,PC_ACT,T,EU27_2020,2015-01-01,22.4,,
ESTAT:UNE_RT_A(1.0),29/04/26 23:00:00,A,Y15-24,PC_ACT,T,FI,2015-01-01,22.5,,
ESTAT:UNE_RT_A(1.0),29/04/26 23:00:00,A,Y15-24,PC_ACT,T,FR,2015-01-01,26.1,,
ESTAT:UNE_RT_A(1.0),29/04/26 23:00:00,A,Y15-24,PC_ACT,T,HR,2015-01-01,42.3,,
ESTAT:UNE_RT_A(1.0),29/04/26 23:00:00,A,Y15-24,PC_ACT,T,HU,2015-01-01,17.1,,
ESTAT:UNE_RT_A(1.0),29/04/26 23:00:00,A,Y15-24,PC_ACT,T,IE,2015-01-01,20.2,,
ESTAT:UNE_RT_A(1.0),29/04/26 23:00:00,A,Y15-24,PC_ACT,T,IS,2015-01-01,8.8,,
ESTAT:UNE_RT_A(1.0),29/04/26 23:00:00,A,Y15-24,PC_ACT,T,IT,2015-01-01,40.3,,
ESTAT:UNE_RT_A(1.0),29/04/26 23:00:00,A,Y15-24,PC_ACT,T,LT,2015-01-01,16.3,,
ESTAT:UNE_RT_A(1.0),29/04/26 23:00:00,A,Y15-24,PC_ACT,T,LU,2015-01-01,17.3,b,
ESTAT:UNE_RT_A(1.0),29/04/26 23:00:00,A,Y15-24,PC_ACT,T,LV,2015-01-01,16.3,,
ESTAT:UNE_RT_A(1.0),29/04/26 23:00:00,A,Y15-24,PC_ACT,T,ME,2015-01-01,37.6,,
ESTAT:UNE_RT_A(1.0),29/04/26 23:00:00,A,Y15-24,PC_ACT,T,MK,2015-01-01,47.3,,
ESTAT:UNE_RT_A(1.0),29/04/26 23:00:00,A,Y15-24,PC_ACT,T,MT,2015-01-01,11.6,,
ESTAT:UNE_RT_A(1.0),29/04/26 23:00:00,A,Y15-24,PC_ACT,T,NL,2015-01-01,12.5,,
ESTAT:UNE_RT_A(1.0),29/04/26 23:00:00,A,Y15-24,PC_ACT,T,NO,2015-01-01,12.3,,
ESTAT:UNE_RT_A(1.0),29/04/26 23:00:00,A,Y15-24,PC_ACT,T,PL,2015-01-01,21.0,,
ESTAT:UNE_RT_A(1.0),29/04/26 23:00:00,A,Y15-24,PC_ACT,T,PT,2015-01-01,31.8,,
ESTAT:UNE_RT_A(1.0),29/04/26 23:00:00,A,Y15-24,PC_ACT,T,RO,2015-01-01,27.3,,
ESTAT:UNE_RT_A(1.0),29/04/26 23:00:00,A,Y15-24,PC_ACT,T,RS,2015-01-01,44.6,,
ESTAT:UNE_RT_A(1.0),29/04/26 23:00:00,A,Y15-24,PC_ACT,T,SE,2015-01-01,19.7,,
ESTAT:UNE_RT_A(1.0),29/04/26 23:00:00,A,Y15-24,PC_ACT,T,SI,2015-01-01,16.4,,
ESTAT:UNE_RT_A(1.0),29/04/26 23:00:00,A,Y15-24,PC_ACT,T,SK,2015-01-01,27.7,,
ESTAT:UNE_RT_A(1.0),29/04/26 23:00:00,A,Y15-24,PC_ACT,T,TR,2015-01-01,18.5,,
ESTAT:UNE_RT_A(1.0),29/04/26 23:00:00,A,Y15-74,PC_ACT,F,AT,2015-01-01,5.6,,
ESTAT:UNE_RT_A(1.0),29/04/26 23:00:00,A,Y15-74,PC_ACT,F,BE,2015-01-01,7.9,,
ESTAT:UNE_RT_A(1.0),29/04/26 23:00:00,A,Y15-74,PC_ACT,F,BG,2015-01-01,9.3,,
ESTAT:UNE_RT_A(1.0),29/04/26 23:00:00,A,Y15-74,PC_ACT,F,CH,2015-01-01,4.9,,
ESTAT:UNE_RT_A(1.0),29/04/26 23:00:00,A,Y15-74,PC_ACT,F,CY,2015-01-01,14.8,,
ESTAT:UNE_RT_A(1.0),29/04/26 23:00:00,A,Y15-74,PC_ACT,F,CZ,2015-01-01,6.1,,
ESTAT:UNE_RT_A(1.0),29/04/26 23:00:00,A,Y15-74,PC_ACT,F,DE,2015-01-01,4.0,,
ESTAT:UNE_RT_A(1.0),29/04/26 23:00:00,A,Y15-74,PC_ACT,F,DK,2015-01-01,6.5,,
ESTAT:UNE_RT_A(1.0),29/04/26 23:00:00,A,Y15-74,PC_ACT,F,EA20,2015-01-01,11.2,,
ESTAT:UNE_RT_A(1.0),29/04/26 23:00:00,A,Y15-74,PC_ACT,F,EA21,2015-01-01,11.1,,
ESTAT:UNE_RT_A(1.0),29/04/26 23:00:00,A,Y15-74,PC_ACT,F,EE,2015-01-01,6.2,,
ESTAT:UNE_RT_A(1.0),29/04/26 23:00:00,A,Y15-74,PC_ACT,F,EL,2015-01-01,29.0,,
ESTAT:UNE_RT_A(1.0),29/04/26 23:00:00,A,Y15-74,PC_ACT,F,ES,2015-01-01,23.6,,
ESTAT:UNE_RT_A(1.0),29/04/26 23:00:00,A,Y15-74,PC_ACT,F,EU27_2020,2015-01-01,10.3,,
ESTAT:UNE_RT_A(1.0),29/04/26 23:00:00,A,Y15-74,PC_ACT,F,FI,2015-01-01,8.6,,
ESTAT:UNE_RT_A(1.0),29/04/26 23:00:00,A,Y15-74,PC_ACT,F,FR,2015-01-01,9.9,,
ESTAT:UNE_RT_A(1.0),29/04/26 23:00:00,A,Y15-74,PC_ACT,F,HR,2015-01-01,17.0,,
ESTAT:UNE_RT_A(1.0),29/04/26 23:00:00,A,Y15-74,PC_ACT,F,HU,2015-01-01,6.6,,
ESTAT:UNE_RT_A(1.0),29/04/26 23:00:00,A,Y15-74,PC_ACT,F,IE,2015-01-01,8.9,,
ESTAT:UNE_RT_A(1.0),29/04/26 23:00:00,A,Y15-74,PC_ACT,F,IS,2015-01-01,4.1,,
ESTAT:UNE_RT_A(1.0),29/04/26 23:00:00,A,Y15-74,PC_ACT,F,IT,2015-01-01,12.7,,
ESTAT:UNE_RT_A(1.0),29/04/26 23:00:00,A,Y15-74,PC_ACT,F,LT,2015-01-01,8.2,,
ESTAT:UNE_RT_A(1.0),29/04/26 23:00:00,A,Y15-74,PC_ACT,F,LU,2015-01-01,7.4,b,
ESTAT:UNE_RT_A(1.0),29/04/26 23:00:00,A,Y15-74,PC_ACT,F,LV,2015-01-01,8.7,,
ESTAT:UNE_RT_A(1.0),29/04/26 23:00:00,A,Y15-74,PC_ACT,F,ME,2015-01-01,17.3,,
ESTAT:UNE_RT_A(1.0),29/04/26 23:00:00,A,Y15-74,PC_ACT,F,MK,2015-01-01,25.1,,
ESTAT:UNE_RT_A(1.0),29/04/26 23:00:00,A,Y15-74,PC_ACT,F,MT,2015-01-01,5.4,,
ESTAT:UNE_RT_A(1.0),29/04/26 23:00:00,A,Y15-74,PC_ACT,F,NL,2015-01-01,8.4,,
ESTAT:UNE_RT_A(1.0),29/04/26 23:00:00,A,Y15-74,PC_ACT,F,NO,2015-01-01,4.3,,
ESTAT:UNE_RT_A(1.0),29/04/26 23:00:00,A,Y15-74,PC_ACT,F,PL,2015-01-01,7.8,,
ESTAT:UNE_RT_A(1.0),29/04/26 23:00:00,A,Y15-74,PC_ACT,F,PT,2015-01-01,13.1,,
ESTAT:UNE_RT_A(1.0),29/04/26 23:00:00,A,Y15-74,PC_ACT,F,RO,2015-01-01,7.4,,
ESTAT:UNE_RT_A(1.0),29/04/26 23:00:00,A,Y15-74,PC_ACT,F,RS,2015-01-01,20.2,,
ESTAT:UNE_RT_A(1.0),29/04/26 23:00:00,A,Y15-74,PC_ACT,F,SE,2015-01-01,7.4,,
ESTAT:UNE_RT_A(1.0),29/04/26 23:00:00,A,Y15-74,PC_ACT,F,SI,2015-01-01,10.1,,
ESTAT:UNE_RT_A(1.0),29/04/26 23:00:00,A,Y15-74,PC_ACT,F,SK,2015-01-01,13.0,,
ESTAT:UNE_RT_A(1.0),29/04/26 23:00:00,A,Y15-74,PC_ACT,F,TR,2015-01-01,12.6,,
ESTAT:UNE_RT_A(1.0),29/04/26 23:00:00,A,Y15-74,PC_ACT,M,AT,2015-01-01,6.7,,
ESTAT:UNE_RT_A(1.0),29/04/26 23:00:00,A,Y15-74,PC_ACT,M,BE,2015-01-01,9.3,,
ESTAT:UNE_RT_A(1.0),29/04/26 23:00:00,A,Y15-74,PC_ACT,M,BG,2015-01-01,10.8,,
ESTAT:UNE_RT_A(1.0),29/04/26 23:00:00,A,Y15-74,PC_ACT,M,CH,2015-01-01,4.7,,
ESTAT:UNE_RT_A(1.0),29/04/26 23:00:00,A,Y15-74,PC_ACT,M,CY,2015-01-01,15.1,,
ESTAT:UNE_RT_A(1.0),29/04/26 23:00:00,A,Y15-74,PC_ACT,M,CZ,2015-01-01,4.2,,
ESTAT:UNE_RT_A(1.0),29/04/26 23:00:00,A,Y15-74,PC_ACT,M,DE,2015-01-01,4.7,,
ESTAT:UNE_RT_A(1.0),29/04/26 23:00:00,A,Y15-74,PC_ACT,M,DK,2015-01-01,6.1,,
ESTAT:UNE_RT_A(1.0),29/04/26 23:00:00,A,Y15-74,PC_ACT,M,EA20,2015-01-01,10.8,,
ESTAT:UNE_RT_A(1.0),29/04/26 23:00:00,A,Y15-74,PC_ACT,M,EA21,2015-01-01,10.8,,
ESTAT:UNE_RT_A(1.0),29/04/26 23:00:00,A,Y15-74,PC_ACT,M,EE,2015-01-01,6.5,,
ESTAT:UNE_RT_A(1.0),29/04/26 23:00:00,A,Y15-74,PC_ACT,M,EL,2015-01-01,21.8,,
ESTAT:UNE_RT_A(1.0),29/04/26 23:00:00,A,Y15-74,PC_ACT,M,ES,2015-01-01,20.8,,
ESTAT:UNE_RT_A(1.0),29/04/26 23:00:00,A,Y15-74,PC_ACT,M,EU27_2020,2015-01-01,10.1,,
ESTAT:UNE_RT_A(1.0),29/04/26 23:00:00,A,Y15-74,PC_ACT,M,FI,2015-01-01,10.2,,
ESTAT:UNE_RT_A(1.0),29/04/26 23:00:00,A,Y15-74,PC_ACT,M,FR,2015-01-01,10.8,,
ESTAT:UNE_RT_A(1.0),29/04/26 23:00:00,A,Y15-74,PC_ACT,M,HR,2015-01-01,15.5,,
ESTAT:UNE_RT_A(1.0),29/04/26 23:00:00,A,Y15-74,PC_ACT,M,HU,2015-01-01,6.6,,
ESTAT:UNE_RT_A(1.0),29/04/26 23:00:00,A,Y15-74,PC_ACT,M,IE,2015-01-01,10.8,,
ESTAT:UNE_RT_A(1.0),29/04/26 23:00:00,A,Y15-74,PC_ACT,M,IS,2015-01-01,3.9,,
ESTAT:UNE_RT_A(1.0),29/04/26 23:00:00,A,Y15-74,PC_ACT,M,IT,2015-01-01,11.5,,
ESTAT:UNE_RT_A(1.0),29/04/26 23:00:00,A,Y15-74,PC_ACT,M,LT,2015-01-01,10.1,,
ESTAT:UNE_RT_A(1.0),29/04/26 23:00:00,A,Y15-74,PC_ACT,M,LU,2015-01-01,6.1,b,
ESTAT:UNE_RT_A(1.0),29/04/26 23:00:00,A,Y15-74,PC_ACT,M,LV,2015-01-01,11.1,,
ESTAT:UNE_RT_A(1.0),29/04/26 23:00:00,A,Y15-74,PC_ACT,M,ME,2015-01-01,17.8,,
ESTAT:UNE_RT_A(1.0),29/04/26 23:00:00,A,Y15-74,PC_ACT,M,MK,2015-01-01,26.8,,
ESTAT:UNE_RT_A(1.0),29/04/26 23:00:00,A,Y15-74,PC_ACT,M,MT,2015-01-01,5.4,,
ESTAT:UNE_RT_A(1.0),29/04/26 23:00:00,A,Y15-74,PC_ACT,M,NL,2015-01-01,7.4,,
ESTAT:UNE_RT_A(1.0),29/04/26 23:00:00,A,Y15-74,PC_ACT,M,NO,2015-01-01,5.0,,
ESTAT:UNE_RT_A(1.0),29/04/26 23:00:00,A,Y15-74,PC_ACT,M,PL,2015-01-01,7.5,,
ESTAT:UNE_RT_A(1.0),29/04/26 23:00:00,A,Y15-74,PC_ACT,M,PT,2015-01-01,12.8,,
ESTAT:UNE_RT_A(1.0),29/04/26 23:00:00,A,Y15-74,PC_ACT,M,RO,2015-01-01,9.1,,
ESTAT:UNE_RT_A(1.0),29/04/26 23:00:00,A,Y15-74,PC_ACT,M,RS,2015-01-01,18.1,,
ESTAT:UNE_RT_A(1.0),29/04/26 23:00:00,A,Y15-74,PC_ACT,M,SE,2015-01-01,7.6,,
ESTAT:UNE_RT_A(1.0),29/04/26 23:00:00,A,Y15-74,PC_ACT,M,SI,2015-01-01,8.1,,
ESTAT:UNE_RT_A(1.0),29/04/26 23:00:00,A,Y15-74,PC_ACT,M,SK,2015-01-01,10.1,,
ESTAT:UNE_RT_A(1.0),29/04/26 23:00:00,A,Y15-74,PC_ACT,M,TR,2015-01-01,9.2,,
ESTAT:UNE_RT_A(1.0),29/04/26 23:00:00,A,Y15-74,PC_ACT,T,AT,2015-01-01,6.1,,
ESTAT:UNE_RT_A(1.0),29/04/26 23:00:00,A,Y15-74,PC_ACT,T,BE,2015-01-01,8.7,,
ESTAT:UNE_RT_A(1.0),29/04/26 23:00:00,A,Y15-74,PC_ACT,T,BG,2015-01-01,10.1,,
ESTAT:UNE_RT_A(1.0),29/04/26 23:00:00,A,Y15-74,PC_ACT,T,CH,2015-01-01,4.8,,
ESTAT:UNE_RT_A(1.0),29/04/26 23:00:00,A,Y15-74,PC_ACT,T,CY,2015-01-01,15.0,,
ESTAT:UNE_RT_A(1.0),29/04/26 23:00:00,A,Y15-74,PC_ACT,T,CZ,2015-01-01,5.1,,
ESTAT:UNE_RT_A(1.0),29/04/26 23:00:00,A,Y15-74,PC_ACT,T,DE,2015-01-01,4.4,,
ESTAT:UNE_RT_A(1.0),29/04/26 23:00:00,A,Y15-74,PC_ACT,T,DK,2015-01-01,6.3,,
ESTAT:UNE_RT_A(1.0),29/04/26 23:00:00,A,Y15-74,PC_ACT,T,EA20,2015-01-01,11.0,,
ESTAT:UNE_RT_A(1.0),29/04/26 23:00:00,A,Y15-74,PC_ACT,T,EA21,2015-01-01,11.0,,
ESTAT:UNE_RT_A(1.0),29/04/26 23:00:00,A,Y15-74,PC_ACT,T,EE,2015-01-01,6.4,,
ESTAT:UNE_RT_A(1.0),29/04/26 23:00:00,A,Y15-74,PC_ACT,T,EL,2015-01-01,25.0,,
ESTAT:UNE_RT_A(1.0),29/04/26 23:00:00,A,Y15-74,PC_ACT,T,ES,2015-01-01,22.1,,
ESTAT:UNE_RT_A(1.0),29/04/26 23:00:00,A,Y15-74,PC_ACT,T,EU27_2020,2015-01-01,10.2,,
ESTAT:UNE_RT_A(1.0),29/04/26 23:00:00,A,Y15-74,PC_ACT,T,FI,2015-01-01,9.4,,
ESTAT:UNE_RT_A(1.0),29/04/26 23:00:00,A,Y15-74,PC_ACT,T,FR,2015-01-01,10.3,,
ESTAT:UNE_RT_A(1.0),29/04/26 23:00:00,A,Y15-74,PC_ACT,T,HR,2015-01-01,16.2,,
ESTAT:UNE_RT_A(1.0),29/04/26 23:00:00,A,Y15-74,PC_ACT,T,HU,2015-01-01,6.6,,
ESTAT:UNE_RT_A(1.0),29/04/26 23:00:00,A,Y15-74,PC_ACT,T,IE,2015-01-01,9.9,,
ESTAT:UNE_RT_A(1.0),29/04/26 23:00:00,A,Y15-74,PC_ACT,T,IS,2015-01-01,4.0,,
ESTAT:UNE_RT_A(1.0),29/04/26 23:00:00,A,Y15-74,PC_ACT,T,IT,2015-01-01,12.0,,
ESTAT:UNE_RT_A(1.0),29/04/26 23:00:00,A,Y15-74,PC_ACT,T,LT,2015-01-01,9.1,,
ESTAT:UNE_RT_A(1.0),29/04/26 23:00:00,A,Y15-74,PC_ACT,T,LU,2015-01-01,6.7,b,
ESTAT:UNE_RT_A(1.0),29/04/26 23:00:00,A,Y15-74,PC_ACT,T,LV,2015-01-01,9.9,,
ESTAT:UNE_RT_A(1.0),29/04/26 23:00:00,A,Y15-74,PC_ACT,T,ME,2015-01-01,17.6,,
ESTAT:UNE_RT_A(1.0),29/04/26 23:00:00,A,Y15-74,PC_ACT,T,MK,2015-01-01,26.1,,
ESTAT:UNE_RT_A(1.0),29/04/26 23:00:00,A,Y15-74,PC_ACT,T,MT,2015-01-01,5.4,,
ESTAT:UNE_RT_A(1.0),29/04/26 23:00:00,A,Y15-74,PC_ACT,T,NL,2015-01-01,7.9,,
ESTAT:UNE_RT_A(1.0),29/04/26 23:00:00,A,Y15-74,PC_ACT,T,NO,2015-01-01,4.7,,
ESTAT:UNE_RT_A(1.0),29/04/26 23:00:00,A,Y15-74,PC_ACT,T,PL,2015-01-01,7.7,,
ESTAT:UNE_RT_A(1.0),29/04/26 23:00:00,A,Y15-74,PC_ACT,T,PT,2015-01-01,13.0,,
ESTAT:UNE_RT_A(1.0),29/04/26 23:00:00,A,Y15-74,PC_ACT,T,RO,2015-01-01,8.4,,
ESTAT:UNE_RT_A(1.0),29/04/26 23:00:00,A,Y15-74,PC_ACT,T,RS,2015-01-01,19.0,,
ESTAT:UNE_RT_A(1.0),29/04/26 23:00:00,A,Y15-74,PC_ACT,T,SE,2015-01-01,7.5,,
ESTAT:UNE_RT_A(1.0),29/04/26 23:00:00,A,Y15-74,PC_ACT,T,SI,2015-01-01,9.0,,
ESTAT:UNE_RT_A(1.0),29/04/26 23:00:00,A,Y15-74,PC_ACT,T,SK,2015-01-01,11.5,,
ESTAT:UNE_RT_A(1.0),29/04/26 23:00:00,A,Y15-74,PC_ACT,T,TR,2015-01-01,10.3,,
ESTAT:UNE_RT_A(1.0),29/04/26 23:00:00,A,Y25-54,PC_ACT,F,AT,2015-01-01,5.1,,
ESTAT:UNE_RT_A(1.0),29/04/26 23:00:00,A,Y25-54,PC_ACT,F,BE,2015-01-01,7.3,,
ESTAT:UNE_RT_A(1.0),29/04/26 23:00:00,A,Y25-54,PC_ACT,F,BG,2015-01-01,8.7,,
ESTAT:UNE_RT_A(1.0),29/04/26 23:00:00,A,Y25-54,PC_ACT,F,CH,2015-01-01,4.6,,
ESTAT:UNE_RT_A(1.0),29/04/26 23:00:00,A,Y25-54,PC_ACT,F,CY,2015-01-01,13.2,,
ESTAT:UNE_RT_A(1.0),29/04/26 23:00:00,A,Y25-54,PC_ACT,F,CZ,2015-01-01,5.8,,
ESTAT:UNE_RT_A(1.0),29/04/26 23:00:00,A,Y25-54,PC_ACT,F,DE,2015-01-01,3.7,,
ESTAT:UNE_RT_A(1.0),29/04/26 23:00:00,A,Y25-54,PC_ACT,F,DK,2015-01-01,6.0,,
ESTAT:UNE_RT_A(1.0),29/04/26 23:00:00,A,Y25-54,PC_ACT,F,EA20,2015-01-01,10.7,,
ESTAT:UNE_RT_A(1.0),29/04/26 23:00:00,A,Y25-54,PC_ACT,F,EA21,2015-01-01,10.6,,
ESTAT:UNE_RT_A(1.0),29/04/26 23:00:00,A,Y25-54,PC_ACT,F,EE,2015-01-01,5.8,,
ESTAT:UNE_RT_A(1.0),29/04/26 23:00:00,A,Y25-54,PC_ACT,F,EL,2015-01-01,28.8,,
ESTAT:UNE_RT_A(1.0),29/04/26 23:00:00,A,Y25-54,PC_ACT,F,ES,2015-01-01,22.4,,
ESTAT:UNE_RT_A(1.0),29/04/26 23:00:00,A,Y25-54,PC_ACT,F,EU27_2020,2015-01-01,9.8,,
ESTAT:UNE_RT_A(1.0),29/04/26 23:00:00,A,Y25-54,PC_ACT,F,FI,2015-01-01,7.3,,
ESTAT:UNE_RT_A(1.0),29/04/26 23:00:00,A,Y25-54,PC_ACT,F,FR,2015-01-01,8.5,,
ESTAT:UNE_RT_A(1.0),29/04/26 23:00:00,A,Y25-54,PC_ACT,F,HR,2015-01-01,15.7,,
ESTAT:UNE_RT_A(1.0),29/04/26 23:00:00,A,Y25-54,PC_ACT,F,HU,2015-01-01,6.1,,
ESTAT:UNE_RT_A(1.0),29/04/26 23:00:00,A,Y25-54,PC_ACT,F,IE,2015-01-01,8.1,,
ESTAT:UNE_RT_A(1.0),29/04/26 23:00:00,A,Y25-54,PC_ACT,F,IS,2015-01-01,3.7,,
ESTAT:UNE_RT_A(1.0),29/04/26 23:00:00,A,Y25-54,PC_ACT,F,IT,2015-01-01,12.2,,
ESTAT:UNE_RT_A(1.0),29/04/26 23:00:00,A,Y25-54,PC_ACT,F,LT,2015-01-01,7.8,,
ESTAT:UNE_RT_A(1.0),29/04/26 23:00:00,A,Y25-54,PC_ACT,F,LU,2015-01-01,6.9,b,
ESTAT:UNE_RT_A(1.0),29/04/26 23:00:00,A,Y25-54,PC_ACT,F,LV,2015-01-01,8.6,,
ESTAT:UNE_RT_A(1.0),29/04/26 23:00:00,A,Y25-54,PC_ACT,F,ME,2015-01-01,16.7,,
ESTAT:UNE_RT_A(1.0),29/04/26 23:00:00,A,Y25-54,PC_ACT,F,MK,2015-01-01,24.4,,
ESTAT:UNE_RT_A(1.0),29/04/26 23:00:00,A,Y25-54,PC_ACT,F,MT,2015-01-01,4.7,,
ESTAT:UNE_RT_A(1.0),29/04/26 23:00:00,A,Y25-54,PC_ACT,F,NL,2015-01-01,7.4,,
ESTAT:UNE_RT_A(1.0),29/04/26 23:00:00,A,Y25-54,PC_ACT,F,NO,2015-01-01,3.7,,
ESTAT:UNE_RT_A(1.0),29/04/26 23:00:00,A,Y25-54,PC_ACT,F,PL,2015-01-01,7.2,,
ESTAT:UNE_RT_A(1.0),29/04/26 23:00:00,A,Y25-54,PC_ACT,F,PT,2015-01-01,11.6,,
ESTAT:UNE_RT_A(1.0),29/04/26 23:00:00,A,Y25-54,PC_ACT,F,RO,2015-01-01,6.1,,
ESTAT:UNE_RT_A(1.0),29/04/26 23:00:00,A,Y25-54,PC_ACT,F,RS,2015-01-01,19.4,,
ESTAT:UNE_RT_A(1.0),29/04/26 23:00:00,A,Y25-54,PC_ACT,F,SE,2015-01-01,6.1,,
ESTAT:UNE_RT_A(1.0),29/04/26 23:00:00,A,Y25-54,PC_ACT,F,SI,2015-01-01,10.2,,
ESTAT:UNE_RT_A(1.0),29/04/26 23:00:00,A,Y25-54,PC_ACT,F,SK,2015-01-01,12.3,,
ESTAT:UNE_RT_A(1.0),29/04/26 23:00:00,A,Y25-54,PC_ACT,F,TR,2015-01-01,11.3,,
ESTAT:UNE_RT_A(1.0),29/04/26 23:00:00,A,Y25-54,PC_ACT,M,AT,2015-01-01,5.9,,
ESTAT:UNE_RT_A(1.0),29/04/26 23:00:00,A,Y25-54,PC_ACT,M,BE,2015-01-01,8.3,,
ESTAT:UNE_RT_A(1.0),29/04/26 23:00:00,A,Y25-54,PC_ACT,M,BG,2015-01-01,10.1,,
ESTAT:UNE_RT_A(1.0),29/04/26 23:00:00,A,Y25-54,PC_ACT,M,CH,2015-01-01,4.1,,
ESTAT:UNE_RT_A(1.0),29/04/26 23:00:00,A,Y25-54,PC_ACT,M,CY,2015-01-01,12.9,,
ESTAT:UNE_RT_A(1.0),29/04/26 23:00:00,A,Y25-54,PC_ACT,M,CZ,2015-01-01,3.7,,
ESTAT:UNE_RT_A(1.0),29/04/26 23:00:00,A,Y25-54,PC_ACT,M,DE,2015-01-01,4.3,,
ESTAT:UNE_RT_A(1.0),29/04/26 23:00:00,A,Y25-54,PC_ACT,M,DK,2015-01-01,5.4,,
ESTAT:UNE_RT_A(1.0),29/04/26 23:00:00,A,Y25-54,PC_ACT,M,EA20,2015-01-01,9.9,,
ESTAT:UNE_RT_A(1.0),29/04/26 23:00:00,A,Y25-54,PC_ACT,M,EA21,2015-01-01,9.9,,
ESTAT:UNE_RT_A(1.0),29/04/26 23:00:00,A,Y25-54,PC_ACT,M,EE,2015-01-01,5.5,,
ESTAT:UNE_RT_A(1.0),29/04/26 23:00:00,A,Y25-54,PC_ACT,M,EL,2015-01-01,20.9,,
ESTAT:UNE_RT_A(1.0),29/04/26 23:00:00,A,Y25-54,PC_ACT,M,ES,2015-01-01,18.9,,
ESTAT:UNE_RT_A(1.0),29/04/26 23:00:00,A,Y25-54,PC_ACT,M,EU27_2020,2015-01-01,9.1,,
ESTAT:UNE_RT_A(1.0),29/04/26 23:00:00,A,Y25-54,PC_ACT,M,FI,2015-01-01,8.2,,
ESTAT:UNE_RT_A(1.0),29/04/26 23:00:00,A,Y25-54,PC_ACT,M,FR,2015-01-01,9.5,,
ESTAT:UNE_RT_A(1.0),29/04/26 23:00:00,A,Y25-54,PC_ACT,M,HR,2015-01-01,13.2,,
ESTAT:UNE_RT_A(1.0),29/04/26 23:00:00,A,Y25-54,PC_ACT,M,HU,2015-01-01,5.6,,
ESTAT:UNE_RT_A(1.0),29/04/26 23:00:00,A,Y25-54,PC_ACT,M,IE,2015-01-01,9.5,,
ESTAT:UNE_RT_A(1.0),29/04/26 23:00:00,A,Y25-54,PC_ACT,M,IS,2015-01-01,2.6,,
ESTAT:UNE_RT_A(1.0),29/04/26 23:00:00,A,Y25-54,PC_ACT,M,IT,2015-01-01,10.5,,
ESTAT:UNE_RT_A(1.0),29/04/26 23:00:00,A,Y25-54,PC_ACT,M,LT,2015-01-01,9.5,,
ESTAT:UNE_RT_A(1.0),29/04/26 23:00:00,A,Y25-54,PC_ACT,M,LU,2015-01-01,5.0,b,
ESTAT:UNE_RT_A(1.0),29/04/26 23:00:00,A,Y25-54,PC_ACT,M,LV,2015-01-01,10.4,,
ESTAT:UNE_RT_A(1.0),29/04/26 23:00:00,A,Y25-54,PC_ACT,M,ME,2015-01-01,16.2,,
ESTAT:UNE_RT_A(1.0),29/04/26 23:00:00,A,Y25-54,PC_ACT,M,MK,2015-01-01,24.8,,
ESTAT:UNE_RT_A(1.0),29/04/26 23:00:00,A,Y25-54,PC_ACT,M,MT,2015-01-01,4.1,,
ESTAT:UNE_RT_A(1.0),29/04/26 23:00:00,A,Y25-54,PC_ACT,M,NL,2015-01-01,5.5,,
ESTAT:UNE_RT_A(1.0),29/04/26 23:00:00,A,Y25-54,PC_ACT,M,NO,2015-01-01,4.3,,
ESTAT:UNE_RT_A(1.0),29/04/26 23:00:00,A,Y25-54,PC_ACT,M,PL,2015-01-01,6.3,,
ESTAT:UNE_RT_A(1.0),29/04/26 23:00:00,A,Y25-54,PC_ACT,M,PT,2015-01-01,10.9,,
ESTAT:UNE_RT_A(1.0),29/04/26 23:00:00,A,Y25-54,PC_ACT,M,RO,2015-01-01,8.1,,
ESTAT:UNE_RT_A(1.0),29/04/26 23:00:00,A,Y25-54,PC_ACT,M,RS,2015-01-01,17.0,,
ESTAT:UNE_RT_A(1.0),29/04/26 23:00:00,A,Y25-54,PC_ACT,M,SE,2015-01-01,6.0,,
ESTAT:UNE_RT_A(1.0),29/04/26 23:00:00,A,Y25-54,PC_ACT,M,SI,2015-01-01,7.3,,
ESTAT:UNE_RT_A(1.0),29/04/26 23:00:00,A,Y25-54,PC_ACT,M,SK,2015-01-01,8.9,,
ESTAT:UNE_RT_A(1.0),29/04/26 23:00:00,A,Y25-54,PC_ACT,M,TR,2015-01-01,8.0,,
ESTAT:UNE_RT_A(1.0),29/04/26 23:00:00,A,Y25-54,PC_ACT,T,AT,2015-01-01,5.5,,
ESTAT:UNE_RT_A(1.0),29/04/26 23:00:00,A,Y25-54,PC_ACT,T,BE,2015-01-01,7.8,,
ESTAT:UNE_RT_A(1.0),29/04/26 23:00:00,A,Y25-54,PC_ACT,T,BG,2015-01-01,9.4,,
ESTAT:UNE_RT_A(1.0),29/04/26 23:00:00,A,Y25-54,PC_ACT,T,CH,2015-01-01,4.4,,
ESTAT:UNE_RT_A(1.0),29/04/26 23:00:00,A,Y25-54,PC_ACT,T,CY,2015-01-01,13.1,,
ESTAT:UNE_RT_A(1.0),29/04/26 23:00:00,A,Y25-54,PC_ACT,T,CZ,2015-01-01,4.6,,
ESTAT:UNE_RT_A(1.0),29/04/26 23:00:00,A,Y25-54,PC_ACT,T,DE,2015-01-01,4.0,,
ESTAT:UNE_RT_A(1.0),29/04/26 23:00:00,A,Y25-54,PC_ACT,T,DK,2015-01-01,5.7,,
ESTAT:UNE_RT_A(1.0),29/04/26 23:00:00,A,Y25-54,PC_ACT,T,EA20,2015-01-01,10.3,,
ESTAT:UNE_RT_A(1.0),29/04/26 23:00:00,A,Y25-54,PC_ACT,T,EA21,2015-01-01,10.3,,
ESTAT:UNE_RT_A(1.0),29/04/26 23:00:00,A,Y25-54,PC_ACT,T,EE,2015-01-01,5.6,,
ESTAT:UNE_RT_A(1.0),29/04/26 23:00:00,A,Y25-54,PC_ACT,T,EL,2015-01-01,24.5,,
ESTAT:UNE_RT_A(1.0),29/04/26 23:00:00,A,Y25-54,PC_ACT,T,ES,2015-01-01,20.6,,
ESTAT:UNE_RT_A(1.0),29/04/26 23:00:00,A,Y25-54,PC_ACT,T,EU27_2020,2015-01-01,9.4,,
ESTAT:UNE_RT_A(1.0),29/04/26 23:00:00,A,Y25-54,PC_ACT,T,FI,2015-01-01,7.8,,
ESTAT:UNE_RT_A(1.0),29/04/26 23:00:00,A,Y25-54,PC_ACT,T,FR,2015-01-01,9.0,,
ESTAT:UNE_RT_A(1.0),29/04/26 23:00:00,A,Y25-54,PC_ACT,T,HR,2015-01-01,14.5,,
ESTAT:UNE_RT_A(1.0),29/04/26 23:00:00,A,Y25-54,PC_ACT,T,HU,2015-01-01,5.8,,
ESTAT:UNE_RT_A(1.0),29/04/26 23:00:00,A,Y25-54,PC_ACT,T,IE,2015-01-01,8.8,,
ESTAT:UNE_RT_A(1.0),29/04/26 23:00:00,A,Y25-54,PC_ACT,T,IS,2015-01-01,3.1,,
ESTAT:UNE_RT_A(1.0),29/04/26 23:00:00,A,Y25-54,PC_ACT,T,IT,2015-01-01,11.2,,
ESTAT:UNE_RT_A(1.0),29/04/26 23:00:00,A,Y25-54,PC_ACT,T,LT,2015-01-01,8.6,,
ESTAT:UNE_RT_A(1.0),29/04/26 23:00:00,A,Y25-54,PC_ACT,T,LU,2015-01-01,5.8,b,
ESTAT:UNE_RT_A(1.0),29/04/26 23:00:00,A,Y25-54,PC_ACT,T,LV,2015-01-01,9.6,,
ESTAT:UNE_RT_A(1.0),29/04/26 23:00:00,A,Y25-54,PC_ACT,T,ME,2015-01-01,16.4,,
ESTAT:UNE_RT_A(1.0),29/04/26 23:00:00,A,Y25-54,PC_ACT,T,MK,2015-01-01,24.6,,
ESTAT:UNE_RT_A(1.0),29/04/26 23:00:00,A,Y25-54,PC_ACT,T,MT,2015-01-01,4.3,,
ESTAT:UNE_RT_A(1.0),29/04/26 23:00:00,A,Y25-54,PC_ACT,T,NL,2015-01-01,6.4,,
ESTAT:UNE_RT_A(1.0),29/04/26 23:00:00,A,Y25-54,PC_ACT,T,NO,2015-01-01,4.0,,
ESTAT:UNE_RT_A(1.0),29/04/26 23:00:00,A,Y25-54,PC_ACT,T,PL,2015-01-01,6.8,,
ESTAT:UNE_RT_A(1.0),29/04/26 23:00:00,A,Y25-54,PC_ACT,T,PT,2015-01-01,11.2,,
ESTAT:UNE_RT_A(1.0),29/04/26 23:00:00,A,Y25-54,PC_ACT,T,RO,2015-01-01,7.3,,
ESTAT:UNE_RT_A(1.0),29/04/26 23:00:00,A,Y25-54,PC_ACT,T,RS,2015-01-01,18.1,,
ESTAT:UNE_RT_A(1.0),29/04/26 23:00:00,A,Y25-54,PC_ACT,T,SE,2015-01-01,6.0,,
ESTAT:UNE_RT_A(1.0),29/04/26 23:00:00,A,Y25-54,PC_ACT,T,SI,2015-01-01,8.7,,
ESTAT:UNE_RT_A(1.0),29/04/26 23:00:00,A,Y25-54,PC_ACT,T,SK,2015-01-01,10.5,,
ESTAT:UNE_RT_A(1.0),29/04/26 23:00:00,A,Y25-54,PC_ACT,T,TR,2015-01-01,9.0,,
ESTAT:UNE_RT_A(1.0),29/04/26 23:00:00,A,Y55-74,PC_ACT,F,AT,2015-01-01,3.3,,
ESTAT:UNE_RT_A(1.0),29/04/26 23:00:00,A,Y55-74,PC_ACT,F,BE,2015-01-01,4.6,,
ESTAT:UNE_RT_A(1.0),29/04/26 23:00:00,A,Y55-74,PC_ACT,F,BG,2015-01-01,8.5,,
ESTAT:UNE_RT_A(1.0),29/04/26 23:00:00,A,Y55-74,PC_ACT,F,CH,2015-01-01,3.3,,
ESTAT:UNE_RT_A(1.0),29/04/26 23:00:00,A,Y55-74,PC_ACT,F,CY,2015-01-01,11.8,,
ESTAT:UNE_RT_A(1.0),29/04/26 23:00:00,A,Y55-74,PC_ACT,F,CZ,2015-01-01,4.4,,
ESTAT:UNE_RT_A(1.0),29/04/26 23:00:00,A,Y55-74,PC_ACT,F,DE,2015-01-01,3.5,,
ESTAT:UNE_RT_A(1.0),29/04/26 23:00:00,A,Y55-74,PC_ACT,F,DK,2015-01-01,4.4,,
ESTAT:UNE_RT_A(1.0),29/04/26 23:00:00,A,Y55-74,PC_ACT,F,EA20,2015-01-01,7.0,,
ESTAT:UNE_RT_A(1.0),29/04/26 23:00:00,A,Y55-74,PC_ACT,F,EA21,2015-01-01,7.1,,
ESTAT:UNE_RT_A(1.0),29/04/26 23:00:00,A,Y55-74,PC_ACT,F,EE,2015-01-01,5.3,,
ESTAT:UNE_RT_A(1.0),29/04/26 23:00:00,A,Y55-74,PC_ACT,F,EL,2015-01-01,15.5,,
ESTAT:UNE_RT_A(1.0),29/04/26 23:00:00,A,Y55-74,PC_ACT,F,ES,2015-01-01,18.1,,
ESTAT:UNE_RT_A(1.0),29/04/26 23:00:00,A,Y55-74,PC_ACT,F,EU27_2020,2015-01-01,6.6,,
ESTAT:UNE_RT_A(1.0),29/04/26 23:00:00,A,Y55-74,PC_ACT,F,FI,2015-01-01,6.2,,
ESTAT:UNE_RT_A(1.0),29/04/26 23:00:00,A,Y55-74,PC_ACT,F,FR,2015-01-01,6.5,,
ESTAT:UNE_RT_A(1.0),29/04/26 23:00:00,A,Y55-74,PC_ACT,F,HR,2015-01-01,9.8,,
ESTAT:UNE_RT_A(1.0),29/04/26 23:00:00,A,Y55-74,PC_ACT,F,HU,2015-01-01,5.3,,
ESTAT:UNE_RT_A(1.0),29/04/26 23:00:00,A,Y55-74,PC_ACT,F,IE,2015-01-01,6.4,,
ESTAT:UNE_RT_A(1.0),29/04/26 23:00:00,A,Y55-74,PC_ACT,F,IS,2015-01-01,2.7,,
ESTAT:UNE_RT_A(1.0),29/04/26 23:00:00,A,Y55-74,PC_ACT,F,IT,2015-01-01,4.2,,
ESTAT:UNE_RT_A(1.0),29/04/26 23:00:00,A,Y55-74,PC_ACT,F,LT,2015-01-01,6.4,,
ESTAT:UNE_RT_A(1.0),29/04/26 23:00:00,A,Y55-74,PC_ACT,F,LU,2015-01-01,,bu,
ESTAT:UNE_RT_A(1.0),29/04/26 23:00:00,A,Y55-74,PC_ACT,F,LV,2015-01-01,7.0,,
ESTAT:UNE_RT_A(1.0),29/04/26 23:00:00,A,Y55-74,PC_ACT,F,ME,2015-01-01,9.1,u,
ESTAT:UNE_RT_A(1.0),29/04/26 23:00:00,A,Y55-74,PC_ACT,F,MK,2015-01-01,16.2,,
ESTAT:UNE_RT_A(1.0),29/04/26 23:00:00,A,Y55-74,PC_ACT,F,MT,2015-01-01,,u,
ESTAT:UNE_RT_A(1.0),29/04/26 23:00:00,A,Y55-74,PC_ACT,F,NL,2015-01-01,8.8,,
ESTAT:UNE_RT_A(1.0),29/04/26 23:00:00,A,Y55-74,PC_ACT,F,NO,2015-01-01,1.5,,
ESTAT:UNE_RT_A(1.0),29/04/26 23:00:00,A,Y55-74,PC_ACT,F,PL,2015-01-01,4.8,,
ESTAT:UNE_RT_A(1.0),29/04/26 23:00:00,A,Y55-74,PC_ACT,F,PT,2015-01-01,10.8,,
ESTAT:UNE_RT_A(1.0),29/04/26 23:00:00,A,Y55-74,PC_ACT,F,RO,2015-01-01,3.3,,
ESTAT:UNE_RT_A(1.0),29/04/26 23:00:00,A,Y55-74,PC_ACT,F,RS,2015-01-01,9.9,,
ESTAT:UNE_RT_A(1.0),29/04/26 23:00:00,A,Y55-74,PC_ACT,F,SE,2015-01-01,4.4,,
ESTAT:UNE_RT_A(1.0),29/04/26 23:00:00,A,Y55-74,PC_ACT,F,SI,2015-01-01,6.5,u,
ESTAT:UNE_RT_A(1.0),29/04/26 23:00:00,A,Y55-74,PC_ACT,F,SK,2015-01-01,10.4,,
ESTAT:UNE_RT_A(1.0),29/04/26 23:00:00,A,Y55-74,PC_ACT,F,TR,2015-01-01,2.8,,
ESTAT:UNE_RT_A(1.0),29/04/26 23:00:00,A,Y55-74,PC_ACT,M,AT,2015-01-01,5.5,,
ESTAT:UNE_RT_A(1.0),29/04/26 23:00:00,A,Y55-74,PC_ACT,M,BE,2015-01-01,6.1,,
ESTAT:UNE_RT_A(1.0),29/04/26 23:00:00,A,Y55-74,PC_ACT,M,BG,2015-01-01,9.8,,
ESTAT:UNE_RT_A(1.0),29/04/26 23:00:00,A,Y55-74,PC_ACT,M,CH,2015-01-01,4.0,,
ESTAT:UNE_RT_A(1.0),29/04/26 23:00:00,A,Y55-74,PC_ACT,M,CY,2015-01-01,15.5,,
ESTAT:UNE_RT_A(1.0),29/04/26 23:00:00,A,Y55-74,PC_ACT,M,CZ,2015-01-01,3.7,,
ESTAT:UNE_RT_A(1.0),29/04/26 23:00:00,A,Y55-74,PC_ACT,M,DE,2015-01-01,4.3,,
ESTAT:UNE_RT_A(1.0),29/04/26 23:00:00,A,Y55-74,PC_ACT,M,DK,2015-01-01,3.3,,
ESTAT:UNE_RT_A(1.0),29/04/26 23:00:00,A,Y55-74,PC_ACT,M,EA20,2015-01-01,8.1,,
ESTAT:UNE_RT_A(1.0),29/04/26 23:00:00,A,Y55-74,PC_ACT,M,EA21,2015-01-01,8.2,,
ESTAT:UNE_RT_A(1.0),29/04/26 23:00:00,A,Y55-74,PC_ACT,M,EE,2015-01-01,6.2,,
ESTAT:UNE_RT_A(1.0),29/04/26 23:00:00,A,Y55-74,PC_ACT,M,EL,2015-01-01,17.7,,
ESTAT:UNE_RT_A(1.0),29/04/26 23:00:00,A,Y55-74,PC_ACT,M,ES,2015-01-01,17.9,,
ESTAT:UNE_RT_A(1.0),29/04/26 23:00:00,A,Y55-74,PC_ACT,M,EU27_2020,2015-01-01,7.6,,
ESTAT:UNE_RT_A(1.0),29/04/26 23:00:00,A,Y55-74,PC_ACT,M,FI,2015-01-01,8.2,,
ESTAT:UNE_RT_A(1.0),29/04/26 23:00:00,A,Y55-74,PC_ACT,M,FR,2015-01-01,7.7,,
ESTAT:UNE_RT_A(1.0),29/04/26 23:00:00,A,Y55-74,PC_ACT,M,HR,2015-01-01,11.4,,
ESTAT:UNE_RT_A(1.0),29/04/26 23:00:00,A,Y55-74,PC_ACT,M,HU,2015-01-01,5.8,,
ESTAT:UNE_RT_A(1.0),29/04/26 23:00:00,A,Y55-74,PC_ACT,M,IE,2015-01-01,7.4,,
ESTAT:UNE_RT_A(1.0),29/04/26 23:00:00,A,Y55-74,PC_ACT,M,IS,2015-01-01,2.5,,
ESTAT:UNE_RT_A(1.0),29/04/26 23:00:00,A,Y55-74,PC_ACT,M,IT,2015-01-01,5.9,,
ESTAT:UNE_RT_A(1.0),29/04/26 23:00:00,A,Y55-74,PC_ACT,M,LT,2015-01-01,9.6,,
ESTAT:UNE_RT_A(1.0),29/04/26 23:00:00,A,Y55-74,PC_ACT,M,LU,2015-01-01,5.1,bu,
ESTAT:UNE_RT_A(1.0),29/04/26 23:00:00,A,Y55-74,PC_ACT,M,LV,2015-01-01,10.1,,
ESTAT:UNE_RT_A(1.0),29/04/26 23:00:00,A,Y55-74,PC_ACT,M,ME,2015-01-01,10.6,,
ESTAT:UNE_RT_A(1.0),29/04/26 23:00:00,A,Y55-74,PC_ACT,M,MK,2015-01-01,21.4,,
ESTAT:UNE_RT_A(1.0),29/04/26 23:00:00,A,Y55-74,PC_ACT,M,MT,2015-01-01,5.5,,
ESTAT:UNE_RT_A(1.0),29/04/26 23:00:00,A,Y55-74,PC_ACT,M,NL,2015-01-01,8.7,,
ESTAT:UNE_RT_A(1.0),29/04/26 23:00:00,A,Y55-74,PC_ACT,M,NO,2015-01-01,1.8,,
ESTAT:UNE_RT_A(1.0),29/04/26 23:00:00,A,Y55-74,PC_ACT,M,PL,2015-01-01,5.7,,
ESTAT:UNE_RT_A(1.0),29/04/26 23:00:00,A,Y55-74,PC_ACT,M,PT,2015-01-01,13.7,,
ESTAT:UNE_RT_A(1.0),29/04/26 23:00:00,A,Y55-74,PC_ACT,M,RO,2015-01-01,5.8,,
ESTAT:UNE_RT_A(1.0),29/04/26 23:00:00,A,Y55-74,PC_ACT,M,RS,2015-01-01,12.1,,
ESTAT:UNE_RT_A(1.0),29/04/26 23:00:00,A,Y55-74,PC_ACT,M,SE,2015-01-01,5.3,,
ESTAT:UNE_RT_A(1.0),29/04/26 23:00:00,A,Y55-74,PC_ACT,M,SI,2015-01-01,7.4,,
ESTAT:UNE_RT_A(1.0),29/04/26 23:00:00,A,Y55-74,PC_ACT,M,SK,2015-01-01,7.8,,
ESTAT:UNE_RT_A(1.0),29/04/26 23:00:00,A,Y55-74,PC_ACT,M,TR,2015-01-01,7.0,,
ESTAT:UNE_RT_A(1.0),29/04/26 23:00:00,A,Y55-74,PC_ACT,T,AT,2015-01-01,4.6,,
ESTAT:UNE_RT_A(1.0),29/04/26 23:00:00,A,Y55-74,PC_ACT,T,BE,2015-01-01,5.5,,
ESTAT:UNE_RT_A(1.0),29/04/26 23:00:00,A,Y55-74,PC_ACT,T,BG,2015-01-01,9.2,,
ESTAT:UNE_RT_A(1.0),29/04/26 23:00:00,A,Y55-74,PC_ACT,T,CH,2015-01-01,3.7,,
ESTAT:UNE_RT_A(1.0),29/04/26 23:00:00,A,Y55-74,PC_ACT,T,CY,2015-01-01,14.0,,
ESTAT:UNE_RT_A(1.0),29/04/26 23:00:00,A,Y55-74,PC_ACT,T,CZ,2015-01-01,4.0,,
ESTAT:UNE_RT_A(1.0),29/04/26 23:00:00,A,Y55-74,PC_ACT,T,DE,2015-01-01,4.0,,
ESTAT:UNE_RT_A(1.0),29/04/26 23:00:00,A,Y55-74,PC_ACT,T,DK,2015-01-01,3.8,,
ESTAT:UNE_RT_A(1.0),29/04/26 23:00:00,A,Y55-74,PC_ACT,T,EA20,2015-01-01,7.6,,
ESTAT:UNE_RT_A(1.0),29/04/26 23:00:00,A,Y55-74,PC_ACT,T,EA21,2015-01-01,7.7,,
ESTAT:UNE_RT_A(1.0),29/04/26 23:00:00,A,Y55-74,PC_ACT,T,EE,2015-01-01,5.7,,
ESTAT:UNE_RT_A(1.0),29/04/26 23:00:00,A,Y55-74,PC_ACT,T,EL,2015-01-01,16.9,,
ESTAT:UNE_RT_A(1.0),29/04/26 23:00:00,A,Y55-74,PC_ACT,T,ES,2015-01-01,18.0,,
ESTAT:UNE_RT_A(1.0),29/04/26 23:00:00,A,Y55-74,PC_ACT,T,EU27_2020,2015-01-01,7.1,,
ESTAT:UNE_RT_A(1.0),29/04/26 23:00:00,A,Y55-74,PC_ACT,T,FI,2015-01-01,7.2,,
ESTAT:UNE_RT_A(1.0),29/04/26 23:00:00,A,Y55-74,PC_ACT,T,FR,2015-01-01,7.1,,
ESTAT:UNE_RT_A(1.0),29/04/26 23:00:00,A,Y55-74,PC_ACT,T,HR,2015-01-01,10.7,,
ESTAT:UNE_RT_A(1.0),29/04/26 23:00:00,A,Y55-74,PC_ACT,T,HU,2015-01-01,5.6,,
ESTAT:UNE_RT_A(1.0),29/04/26 23:00:00,A,Y55-74,PC_ACT,T,IE,2015-01-01,7.0,,
ESTAT:UNE_RT_A(1.0),29/04/26 23:00:00,A,Y55-74,PC_ACT,T,IS,2015-01-01,2.6,,
ESTAT:UNE_RT_A(1.0),29/04/26 23:00:00,A,Y55-74,PC_ACT,T,IT,2015-01-01,5.2,,
ESTAT:UNE_RT_A(1.0),29/04/26 23:00:00,A,Y55-74,PC_ACT,T,LT,2015-01-01,7.9,,
ESTAT:UNE_RT_A(1.0),29/04/26 23:00:00,A,Y55-74,PC_ACT,T,LU,2015-01-01,4.6,b,
ESTAT:UNE_RT_A(1.0),29/04/26 23:00:00,A,Y55-74,PC_ACT,T,LV,2015-01-01,8.4,,
ESTAT:UNE_RT_A(1.0),29/04/26 23:00:00,A,Y55-74,PC_ACT,T,ME,2015-01-01,10.0,,
ESTAT:UNE_RT_A(1.0),29/04/26 23:00:00,A,Y55-74,PC_ACT,T,MK,2015-01-01,19.6,,
ESTAT:UNE_RT_A(1.0),29/04/26 23:00:00,A,Y55-74,PC_ACT,T,MT,2015-01-01,5.0,,
ESTAT:UNE_RT_A(1.0),29/04/26 23:00:00,A,Y55-74,PC_ACT,T,NL,2015-01-01,8.7,,
ESTAT:UNE_RT_A(1.0),29/04/26 23:00:00,A,Y55-74,PC_ACT,T,NO,2015-01-01,1.6,,
ESTAT:UNE_RT_A(1.0),29/04/26 23:00:00,A,Y55-74,PC_ACT,T,PL,2015-01-01,5.4,,
ESTAT:UNE_RT_A(1.0),29/04/26 23:00:00,A,Y55-74,PC_ACT,T,PT,2015-01-01,12.3,,
ESTAT:UNE_RT_A(1.0),29/04/26 23:00:00,A,Y55-74,PC_ACT,T,RO,2015-01-01,4.9,,
ESTAT:UNE_RT_A(1.0),29/04/26 23:00:00,A,Y55-74,PC_ACT,T,RS,2015-01-01,11.4,,
ESTAT:UNE_RT_A(1.0),29/04/26 23:00:00,A,Y55-74,PC_ACT,T,SE,2015-01-01,4.9,,
ESTAT:UNE_RT_A(1.0),29/04/26 23:00:00,A,Y55-74,PC_ACT,T,SI,2015-01-01,7.0,,
ESTAT:UNE_RT_A(1.0),29/04/26 23:00:00,A,Y55-74,PC_ACT,T,SK,2015-01-01,9.0,,
ESTAT:UNE_RT_A(1.0),29/04/26 23:00:00,A,Y55-74,PC_ACT,T,TR,2015-01-01,5.8,,
ESTAT:UNE_RT_A(1.0),29/04/26 23:00:00,A,Y15-24,PC_ACT,F,AT,2016-01-01,10.7,,
ESTAT:UNE_RT_A(1.0),29/04/26 23:00:00,A,Y15-24,PC_ACT,F,BE,2016-01-01,18.3,,
ESTAT:UNE_RT_A(1.0),29/04/26 23:00:00,A,Y15-24,PC_ACT,F,BG,2016-01-01,21.1,,
ESTAT:UNE_RT_A(1.0),29/04/26 23:00:00,A,Y15-24,PC_ACT,F,CH,2016-01-01,8.4,,
ESTAT:UNE_RT_A(1.0),29/04/26 23:00:00,A,Y15-24,PC_ACT,F,CY,2016-01-01,31.8,,
ESTAT:UNE_RT_A(1.0),29/04/26 23:00:00,A,Y15-24,PC_ACT,F,CZ,2016-01-01,11.4,,
ESTAT:UNE_RT_A(1.0),29/04/26 23:00:00,A,Y15-24,PC_ACT,F,DE,2016-01-01,6.6,,
ESTAT:UNE_RT_A(1.0),29/04/26 23:00:00,A,Y15-24,PC_ACT,F,DK,2016-01-01,10.8,b,
ESTAT:UNE_RT_A(1.0),29/04/26 23:00:00,A,Y15-24,PC_ACT,F,EA20,2016-01-01,21.4,,
ESTAT:UNE_RT_A(1.0),29/04/26 23:00:00,A,Y15-24,PC_ACT,F,EA21,2016-01-01,21.4,,
ESTAT:UNE_RT_A(1.0),29/04/26 23:00:00,A,Y15-24,PC_ACT,F,EE,2016-01-01,10.4,,
ESTAT:UNE_RT_A(1.0),29/04/26 23:00:00,A,Y15-24,PC_ACT,F,EL,2016-01-01,52.1,,
ESTAT:UNE_RT_A(1.0),29/04/26 23:00:00,A,Y15-24,PC_ACT,F,ES,2016-01-01,44.9,,
ESTAT:UNE_RT_A(1.0),29/04/26 23:00:00,A,Y15-24,PC_ACT,F,EU27_2020,2016-01-01,20.5,,
ESTAT:UNE_RT_A(1.0),29/04/26 23:00:00,A,Y15-24,PC_ACT,F,FI,2016-01-01,18.9,,
ESTAT:UNE_RT_A(1.0),29/04/26 23:00:00,A,Y15-24,PC_ACT,F,FR,2016-01-01,28.0,,
ESTAT:UNE_RT_A(1.0),29/04/26 23:00:00,A,Y15-24,PC_ACT,F,HR,2016-01-01,31.0,,
ESTAT:UNE_RT_A(1.0),29/04/26 23:00:00,A,Y15-24,PC_ACT,F,HU,2016-01-01,12.4,,
ESTAT:UNE_RT_A(1.0),29/04/26 23:00:00,A,Y15-24,PC_ACT,F,IE,2016-01-01,13.6,,
ESTAT:UNE_RT_A(1.0),29/04/26 23:00:00,A,Y15-24,PC_ACT,F,IS,2016-01-01,6.4,,
ESTAT:UNE_RT_A(1.0),29/04/26 23:00:00,A,Y15-24,PC_ACT,F,IT,2016-01-01,39.6,,
ESTAT:UNE_RT_A(1.0),29/04/26 23:00:00,A,Y15-24,PC_ACT,F,LT,2016-01-01,12.6,,
ESTAT:UNE_RT_A(1.0),29/04/26 23:00:00,A,Y15-24,PC_ACT,F,LU,2016-01-01,18.0,,
ESTAT:UNE_RT_A(1.0),29/04/26 23:00:00,A,Y15-24,PC_ACT,F,LV,2016-01-01,12.4,,
ESTAT:UNE_RT_A(1.0),29/04/26 23:00:00,A,Y15-24,PC_ACT,F,ME,2016-01-01,34.6,,
ESTAT:UNE_RT_A(1.0),29/04/26 23:00:00,A,Y15-24,PC_ACT,F,MK,2016-01-01,48.8,,
ESTAT:UNE_RT_A(1.0),29/04/26 23:00:00,A,Y15-24,PC_ACT,F,MT,2016-01-01,11.4,,
ESTAT:UNE_RT_A(1.0),29/04/26 23:00:00,A,Y15-24,PC_ACT,F,NL,2016-01-01,10.8,,
ESTAT:UNE_RT_A(1.0),29/04/26 23:00:00,A,Y15-24,PC_ACT,F,NO,2016-01-01,11.8,,
ESTAT:UNE_RT_A(1.0),29/04/26 23:00:00,A,Y15-24,PC_ACT,F,PL,2016-01-01,18.1,,
ESTAT:UNE_RT_A(1.0),29/04/26 23:00:00,A,Y15-24,PC_ACT,F,PT,2016-01-01,28.6,,
ESTAT:UNE_RT_A(1.0),29/04/26 23:00:00,A,Y15-24,PC_ACT,F,RO,2016-01-01,27.3,,
ESTAT:UNE_RT_A(1.0),29/04/26 23:00:00,A,Y15-24,PC_ACT,F,RS,2016-01-01,41.4,,
ESTAT:UNE_RT_A(1.0),29/04/26 23:00:00,A,Y15-24,PC_ACT,F,SE,2016-01-01,16.8,,
ESTAT:UNE_RT_A(1.0),29/04/26 23:00:00,A,Y15-24,PC_ACT,F,SI,2016-01-01,14.7,,
ESTAT:UNE_RT_A(1.0),29/04/26 23:00:00,A,Y15-24,PC_ACT,F,SK,2016-01-01,28.9,,
ESTAT:UNE_RT_A(1.0),29/04/26 23:00:00,A,Y15-24,PC_ACT,F,TR,2016-01-01,23.5,,
ESTAT:UNE_RT_A(1.0),29/04/26 23:00:00,A,Y15-24,PC_ACT,M,AT,2016-01-01,13.1,,
ESTAT:UNE_RT_A(1.0),29/04/26 23:00:00,A,Y15-24,PC_ACT,M,BE,2016-01-01,21.9,,
ESTAT:UNE_RT_A(1.0),29/04/26 23:00:00,A,Y15-24,PC_ACT,M,BG,2016-01-01,20.0,,
ESTAT:UNE_RT_A(1.0),29/04/26 23:00:00,A,Y15-24,PC_ACT,M,CH,2016-01-01,8.8,,
ESTAT:UNE_RT_A(1.0),29/04/26 23:00:00,A,Y15-24,PC_ACT,M,CY,2016-01-01,25.8,,
ESTAT:UNE_RT_A(1.0),29/04/26 23:00:00,A,Y15-24,PC_ACT,M,CZ,2016-01-01,9.9,,
ESTAT:UNE_RT_A(1.0),29/04/26 23:00:00,A,Y15-24,PC_ACT,M,DE,2016-01-01,8.3,,
ESTAT:UNE_RT_A(1.0),29/04/26 23:00:00,A,Y15-24,PC_ACT,M,DK,2016-01-01,13.5,b,
ESTAT:UNE_RT_A(1.0),29/04/26 23:00:00,A,Y15-24,PC_ACT,M,EA20,2016-01-01,21.7,,
ESTAT:UNE_RT_A(1.0),29/04/26 23:00:00,A,Y15-24,PC_ACT,M,EA21,2016-01-01,21.7,,
ESTAT:UNE_RT_A(1.0),29/04/26 23:00:00,A,Y15-24,PC_ACT,M,EE,2016-01-01,17.3,,
ESTAT:UNE_RT_A(1.0),29/04/26 23:00:00,A,Y15-24,PC_ACT,M,EL,2016-01-01,44.8,,
ESTAT:UNE_RT_A(1.0),29/04/26 23:00:00,A,Y15-24,PC_ACT,M,ES,2016-01-01,44.0,,
ESTAT:UNE_RT_A(1.0),29/04/26 23:00:00,A,Y15-24,PC_ACT,M,EU27_2020,2016-01-01,20.8,,
ESTAT:UNE_RT_A(1.0),29/04/26 23:00:00,A,Y15-24,PC_ACT,M,FI,2016-01-01,22.1,,
ESTAT:UNE_RT_A(1.0),29/04/26 23:00:00,A,Y15-24,PC_ACT,M,FR,2016-01-01,24.2,,
ESTAT:UNE_RT_A(1.0),29/04/26 23:00:00,A,Y15-24,PC_ACT,M,HR,2016-01-01,30.9,,
ESTAT:UNE_RT_A(1.0),29/04/26 23:00:00,A,Y15-24,PC_ACT,M,HU,2016-01-01,12.9,,
ESTAT:UNE_RT_A(1.0),29/04/26 23:00:00,A,Y15-24,PC_ACT,M,IE,2016-01-01,19.7,,
ESTAT:UNE_RT_A(1.0),29/04/26 23:00:00,A,Y15-24,PC_ACT,M,IS,2016-01-01,6.7,,
ESTAT:UNE_RT_A(1.0),29/04/26 23:00:00,A,Y15-24,PC_ACT,M,IT,2016-01-01,36.3,,
ESTAT:UNE_RT_A(1.0),29/04/26 23:00:00,A,Y15-24,PC_ACT,M,LT,2016-01-01,15.9,,
ESTAT:UNE_RT_A(1.0),29/04/26 23:00:00,A,Y15-24,PC_ACT,M,LU,2016-01-01,19.7,,
ESTAT:UNE_RT_A(1.0),29/04/26 23:00:00,A,Y15-24,PC_ACT,M,LV,2016-01-01,21.5,,
ESTAT:UNE_RT_A(1.0),29/04/26 23:00:00,A,Y15-24,PC_ACT,M,ME,2016-01-01,36.9,,
ESTAT:UNE_RT_A(1.0),29/04/26 23:00:00,A,Y15-24,PC_ACT,M,MK,2016-01-01,47.9,,
ESTAT:UNE_RT_A(1.0),29/04/26 23:00:00,A,Y15-24,PC_ACT,M,MT,2016-01-01,10.2,,
ESTAT:UNE_RT_A(1.0),29/04/26 23:00:00,A,Y15-24,PC_ACT,M,NL,2016-01-01,13.5,,
ESTAT:UNE_RT_A(1.0),29/04/26 23:00:00,A,Y15-24,PC_ACT,M,NO,2016-01-01,14.3,,
ESTAT:UNE_RT_A(1.0),29/04/26 23:00:00,A,Y15-24,PC_ACT,M,PL,2016-01-01,17.7,,
ESTAT:UNE_RT_A(1.0),29/04/26 23:00:00,A,Y15-24,PC_ACT,M,PT,2016-01-01,27.2,,
ESTAT:UNE_RT_A(1.0),29/04/26 23:00:00,A,Y15-24,PC_ACT,M,RO,2016-01-01,25.0,,
ESTAT:UNE_RT_A(1.0),29/04/26 23:00:00,A,Y15-24,PC_ACT,M,RS,2016-01-01,33.1,,
ESTAT:UNE_RT_A(1.0),29/04/26 23:00:00,A,Y15-24,PC_ACT,M,SE,2016-01-01,19.7,,
ESTAT:UNE_RT_A(1.0),29/04/26 23:00:00,A,Y15-24,PC_ACT,M,SI,2016-01-01,15.8,,
ESTAT:UNE_RT_A(1.0),29/04/26 23:00:00,A,Y15-24,PC_ACT,M,SK,2016-01-01,20.0,,
ESTAT:UNE_RT_A(1.0),29/04/26 23:00:00,A,Y15-24,PC_ACT,M,TR,2016-01-01,17.2,,
ESTAT:UNE_RT_A(1.0),29/04/26 23:00:00,A,Y15-24,PC_ACT,T,AT,2016-01-01,12.0,,
ESTAT:UNE_RT_A(1.0),29/04/26 23:00:00,A,Y15-24,PC_ACT,T,BE,2016-01-01,20.3,,
ESTAT:UNE_RT_A(1.0),29/04/26 23:00:00,A,Y15-24,PC_ACT,T,BG,2016-01-01,20.4,,
ESTAT:UNE_RT_A(1.0),29/04/26 23:00:00,A,Y15-24,PC_ACT,T,CH,2016-01-01,8.6,,
ESTAT:UNE_RT_A(1.0),29/04/26 23:00:00,A,Y15-24,PC_ACT,T,CY,2016-01-01,29.1,,
ESTAT:UNE_RT_A(1.0),29/04/26 23:00:00,A,Y15-24,PC_ACT,T,CZ,2016-01-01,10.5,,
ESTAT:UNE_RT_A(1.0),29/04/26 23:00:00,A,Y15-24,PC_ACT,T,DE,2016-01-01,7.5,,
ESTAT:UNE_RT_A(1.0),29/04/26 23:00:00,A,Y15-24,PC_ACT,T,DK,2016-01-01,12.2,b,
ESTAT:UNE_RT_A(1.0),29/04/26 23:00:00,A,Y15-24,PC_ACT,T,EA20,2016-01-01,21.6,,
ESTAT:UNE_RT_A(1.0),29/04/26 23:00:00,A,Y15-24,PC_ACT,T,EA21,2016-01-01,21.5,,
ESTAT:UNE_RT_A(1.0),29/04/26 23:00:00,A,Y15-24,PC_ACT,T,EE,2016-01-01,14.0,,
ESTAT:UNE_RT_A(1.0),29/04/26 23:00:00,A,Y15-24,PC_ACT,T,EL,2016-01-01,48.2,,
ESTAT:UNE_RT_A(1.0),29/04/26 23:00:00,A,Y15-24,PC_ACT,T,ES,2016-01-01,44.4,,
ESTAT:UNE_RT_A(1.0),29/04/26 23:00:00,A,Y15-24,PC_ACT,T,EU27_2020,2016-01-01,20.7,,
ESTAT:UNE_RT_A(1.0),29/04/26 23:00:00,A,Y15-24,PC_ACT,T,FI,2016-01-01,20.5,,
ESTAT:UNE_RT_A(1.0),29/04/26 23:00:00,A,Y15-24,PC_ACT,T,FR,2016-01-01,26.0,,
ESTAT:UNE_RT_A(1.0),29/04/26 23:00:00,A,Y15-24,PC_ACT,T,HR,2016-01-01,30.9,,
ESTAT:UNE_RT_A(1.0),29/04/26 23:00:00,A,Y15-24,PC_ACT,T,HU,2016-01-01,12.7,,
ESTAT:UNE_RT_A(1.0),29/04/26 23:00:00,A,Y15-24,PC_ACT,T,IE,2016-01-01,16.8,,
ESTAT:UNE_RT_A(1.0),29/04/26 23:00:00,A,Y15-24,PC_ACT,T,IS,2016-01-01,6.5,,
ESTAT:UNE_RT_A(1.0),29/04/26 23:00:00,A,Y15-24,PC_ACT,T,IT,2016-01-01,37.7,,
ESTAT:UNE_RT_A(1.0),29/04/26 23:00:00,A,Y15-24,PC_ACT,T,LT,2016-01-01,14.5,,
ESTAT:UNE_RT_A(1.0),29/04/26 23:00:00,A,Y15-24,PC_ACT,T,LU,2016-01-01,18.9,,
ESTAT:UNE_RT_A(1.0),29/04/26 23:00:00,A,Y15-24,PC_ACT,T,LV,2016-01-01,17.5,,
ESTAT:UNE_RT_A(1.0),29/04/26 23:00:00,A,Y15-24,PC_ACT,T,ME,2016-01-01,35.9,,
ESTAT:UNE_RT_A(1.0),29/04/26 23:00:00,A,Y15-24,PC_ACT,T,MK,2016-01-01,48.2,,
ESTAT:UNE_RT_A(1.0),29/04/26 23:00:00,A,Y15-24,PC_ACT,T,MT,2016-01-01,10.7,,
ESTAT:UNE_RT_A(1.0),29/04/26 23:00:00,A,Y15-24,PC_ACT,T,NL,2016-01-01,12.1,,
ESTAT:UNE_RT_A(1.0),29/04/26 23:00:00,A,Y15-24,PC_ACT,T,NO,2016-01-01,13.0,,
ESTAT:UNE_RT_A(1.0),29/04/26 23:00:00,A,Y15-24,PC_ACT,T,PL,2016-01-01,17.8,,
ESTAT:UNE_RT_A(1.0),29/04/26 23:00:00,A,Y15-24,PC_ACT,T,PT,2016-01-01,27.8,,
ESTAT:UNE_RT_A(1.0),29/04/26 23:00:00,A,Y15-24,PC_ACT,T,RO,2016-01-01,25.9,,
ESTAT:UNE_RT_A(1.0),29/04/26 23:00:00,A,Y15-24,PC_ACT,T,RS,2016-01-01,36.2,,
ESTAT:UNE_RT_A(1.0),29/04/26 23:00:00,A,Y15-24,PC_ACT,T,SE,2016-01-01,18.2,,
ESTAT:UNE_RT_A(1.0),29/04/26 23:00:00,A,Y15-24,PC_ACT,T,SI,2016-01-01,15.3,,
ESTAT:UNE_RT_A(1.0),29/04/26 23:00:00,A,Y15-24,PC_ACT,T,SK,2016-01-01,23.4,,
ESTAT:UNE_RT_A(1.0),29/04/26 23:00:00,A,Y15-24,PC_ACT,T,TR,2016-01-01,19.5,,
ESTAT:UNE_RT_A(1.0),29/04/26 23:00:00,A,Y15-74,PC_ACT,F,AT,2016-01-01,5.8,,
ESTAT:UNE_RT_A(1.0),29/04/26 23:00:00,A,Y15-74,PC_ACT,F,BE,2016-01-01,7.6,,
ESTAT:UNE_RT_A(1.0),29/04/26 23:00:00,A,Y15-74,PC_ACT,F,BG,2016-01-01,7.9,,
ESTAT:UNE_RT_A(1.0),29/04/26 23:00:00,A,Y15-74,PC_ACT,F,CH,2016-01-01,5.0,,
ESTAT:UNE_RT_A(1.0),29/04/26 23:00:00,A,Y15-74,PC_ACT,F,CY,2016-01-01,13.4,,
ESTAT:UNE_RT_A(1.0),29/04/26 23:00:00,A,Y15-74,PC_ACT,F,CZ,2016-01-01,4.7,,
ESTAT:UNE_RT_A(1.0),29/04/26 23:00:00,A,Y15-74,PC_ACT,F,DE,2016-01-01,3.5,,
ESTAT:UNE_RT_A(1.0),29/04/26 23:00:00,A,Y15-74,PC_ACT,F,DK,2016-01-01,6.4,b,
ESTAT:UNE_RT_A(1.0),29/04/26 23:00:00,A,Y15-74,PC_ACT,F,EA20,2016-01-01,10.5,,
ESTAT:UNE_RT_A(1.0),29/04/26 23:00:00,A,Y15-74,PC_ACT,F,EA21,2016-01-01,10.4,,
ESTAT:UNE_RT_A(1.0),29/04/26 23:00:00,A,Y15-74,PC_ACT,F,EE,2016-01-01,6.1,,
ESTAT:UNE_RT_A(1.0),29/04/26 23:00:00,A,Y15-74,PC_ACT,F,EL,2016-01-01,28.5,,
ESTAT:UNE_RT_A(1.0),29/04/26 23:00:00,A,Y15-74,PC_ACT,F,ES,2016-01-01,21.4,,
ESTAT:UNE_RT_A(1.0),29/04/26 23:00:00,A,Y15-74,PC_ACT,F,EU27_2020,2016-01-01,9.5,,
ESTAT:UNE_RT_A(1.0),29/04/26 23:00:00,A,Y15-74,PC_ACT,F,FI,2016-01-01,8.4,,
ESTAT:UNE_RT_A(1.0),29/04/26 23:00:00,A,Y15-74,PC_ACT,F,FR,2016-01-01,9.8,,
ESTAT:UNE_RT_A(1.0),29/04/26 23:00:00,A,Y15-74,PC_ACT,F,HR,2016-01-01,13.7,,
ESTAT:UNE_RT_A(1.0),29/04/26 23:00:00,A,Y15-74,PC_ACT,F,HU,2016-01-01,4.8,,
ESTAT:UNE_RT_A(1.0),29/04/26 23:00:00,A,Y15-74,PC_ACT,F,IE,2016-01-01,7.6,,
ESTAT:UNE_RT_A(1.0),29/04/26 23:00:00,A,Y15-74,PC_ACT,F,IS,2016-01-01,3.0,,
ESTAT:UNE_RT_A(1.0),29/04/26 23:00:00,A,Y15-74,PC_ACT,F,IT,2016-01-01,12.8,,
ESTAT:UNE_RT_A(1.0),29/04/26 23:00:00,A,Y15-74,PC_ACT,F,LT,2016-01-01,6.7,,
ESTAT:UNE_RT_A(1.0),29/04/26 23:00:00,A,Y15-74,PC_ACT,F,LU,2016-01-01,6.6,,
ESTAT:UNE_RT_A(1.0),29/04/26 23:00:00,A,Y15-74,PC_ACT,F,LV,2016-01-01,8.5,,
ESTAT:UNE_RT_A(1.0),29/04/26 23:00:00,A,Y15-74,PC_ACT,F,ME,2016-01-01,17.1,,
ESTAT:UNE_RT_A(1.0),29/04/26 23:00:00,A,Y15-74,PC_ACT,F,MK,2016-01-01,22.8,,
ESTAT:UNE_RT_A(1.0),29/04/26 23:00:00,A,Y15-74,PC_ACT,F,MT,2016-01-01,5.2,,
ESTAT:UNE_RT_A(1.0),29/04/26 23:00:00,A,Y15-74,PC_ACT,F,NL,2016-01-01,7.6,,
ESTAT:UNE_RT_A(1.0),29/04/26 23:00:00,A,Y15-74,PC_ACT,F,NO,2016-01-01,4.2,,
ESTAT:UNE_RT_A(1.0),29/04/26 23:00:00,A,Y15-74,PC_ACT,F,PL,2016-01-01,6.3,,
ESTAT:UNE_RT_A(1.0),29/04/26 23:00:00,A,Y15-74,PC_ACT,F,PT,2016-01-01,11.4,,
ESTAT:UNE_RT_A(1.0),29/04/26 23:00:00,A,Y15-74,PC_ACT,F,RO,2016-01-01,6.2,,
ESTAT:UNE_RT_A(1.0),29/04/26 23:00:00,A,Y15-74,PC_ACT,F,RS,2016-01-01,17.4,,
ESTAT:UNE_RT_A(1.0),29/04/26 23:00:00,A,Y15-74,PC_ACT,F,SE,2016-01-01,6.7,,
ESTAT:UNE_RT_A(1.0),29/04/26 23:00:00,A,Y15-74,PC_ACT,F,SI,2016-01-01,8.6,,
ESTAT:UNE_RT_A(1.0),29/04/26 23:00:00,A,Y15-74,PC_ACT,F,SK,2016-01-01,10.9,,
ESTAT:UNE_RT_A(1.0),29/04/26 23:00:00,A,Y15-74,PC_ACT,F,TR,2016-01-01,13.7,,
ESTAT:UNE_RT_A(1.0),29/04/26 23:00:00,A,Y15-74,PC_ACT,M,AT,2016-01-01,7.0,,
ESTAT:UNE_RT_A(1.0),29/04/26 23:00:00,A,Y15-74,PC_ACT,M,BE,2016-01-01,8.2,,
ESTAT:UNE_RT_A(1.0),29/04/26 23:00:00,A,Y15-74,PC_ACT,M,BG,2016-01-01,9.2,,
ESTAT:UNE_RT_A(1.0),29/04/26 23:00:00,A,Y15-74,PC_ACT,M,CH,2016-01-01,4.9,,
ESTAT:UNE_RT_A(1.0),29/04/26 23:00:00,A,Y15-74,PC_ACT,M,CY,2016-01-01,12.7,,
ESTAT:UNE_RT_A(1.0),29/04/26 23:00:00,A,Y15-74,PC_ACT,M,CZ,2016-01-01,3.4,,
ESTAT:UNE_RT_A(1.0),29/04/26 23:00:00,A,Y15-74,PC_ACT,M,DE,2016-01-01,4.2,,
ESTAT:UNE_RT_A(1.0),29/04/26 23:00:00,A,Y15-74,PC_ACT,M,DK,2016-01-01,5.6,b,
ESTAT:UNE_RT_A(1.0),29/04/26 23:00:00,A,Y15-74,PC_ACT,M,EA20,2016-01-01,9.8,,
ESTAT:UNE_RT_A(1.0),29/04/26 23:00:00,A,Y15-74,PC_ACT,M,EA21,2016-01-01,9.8,,
ESTAT:UNE_RT_A(1.0),29/04/26 23:00:00,A,Y15-74,PC_ACT,M,EE,2016-01-01,7.6,,
ESTAT:UNE_RT_A(1.0),29/04/26 23:00:00,A,Y15-74,PC_ACT,M,EL,2016-01-01,20.2,,
ESTAT:UNE_RT_A(1.0),29/04/26 23:00:00,A,Y15-74,PC_ACT,M,ES,2016-01-01,18.1,,
ESTAT:UNE_RT_A(1.0),29/04/26 23:00:00,A,Y15-74,PC_ACT,M,EU27_2020,2016-01-01,9.0,,
ESTAT:UNE_RT_A(1.0),29/04/26 23:00:00,A,Y15-74,PC_ACT,M,FI,2016-01-01,9.4,,
ESTAT:UNE_RT_A(1.0),29/04/26 23:00:00,A,Y15-74,PC_ACT,M,FR,2016-01-01,10.3,,
ESTAT:UNE_RT_A(1.0),29/04/26 23:00:00,A,Y15-74,PC_ACT,M,HR,2016-01-01,12.4,,
ESTAT:UNE_RT_A(1.0),29/04/26 23:00:00,A,Y15-74,PC_ACT,M,HU,2016-01-01,5.1,,
ESTAT:UNE_RT_A(1.0),29/04/26 23:00:00,A,Y15-74,PC_ACT,M,IE,2016-01-01,9.1,,
ESTAT:UNE_RT_A(1.0),29/04/26 23:00:00,A,Y15-74,PC_ACT,M,IS,2016-01-01,2.9,,
ESTAT:UNE_RT_A(1.0),29/04/26 23:00:00,A,Y15-74,PC_ACT,M,IT,2016-01-01,11.0,,
ESTAT:UNE_RT_A(1.0),29/04/26 23:00:00,A,Y15-74,PC_ACT,M,LT,2016-01-01,9.1,,
ESTAT:UNE_RT_A(1.0),29/04/26 23:00:00,A,Y15-74,PC_ACT,M,LU,2016-01-01,6.0,,
ESTAT:UNE_RT_A(1.0),29/04/26 23:00:00,A,Y15-74,PC_ACT,M,LV,2016-01-01,11.0,,
ESTAT:UNE_RT_A(1.0),29/04/26 23:00:00,A,Y15-74,PC_ACT,M,ME,2016-01-01,18.3,,
ESTAT:UNE_RT_A(1.0),29/04/26 23:00:00,A,Y15-74,PC_ACT,M,MK,2016-01-01,24.4,,
ESTAT:UNE_RT_A(1.0),29/04/26 23:00:00,A,Y15-74,PC_ACT,M,MT,2016-01-01,4.4,,
ESTAT:UNE_RT_A(1.0),29/04/26 23:00:00,A,Y15-74,PC_ACT,M,NL,2016-01-01,6.5,,
ESTAT:UNE_RT_A(1.0),29/04/26 23:00:00,A,Y15-74,PC_ACT,M,NO,2016-01-01,5.5,,
ESTAT:UNE_RT_A(1.0),29/04/26 23:00:00,A,Y15-74,PC_ACT,M,PL,2016-01-01,6.2,,
ESTAT:UNE_RT_A(1.0),29/04/26 23:00:00,A,Y15-74,PC_ACT,M,PT,2016-01-01,11.6,,
ESTAT:UNE_RT_A(1.0),29/04/26 23:00:00,A,Y15-74,PC_ACT,M,RO,2016-01-01,7.9,,
ESTAT:UNE_RT_A(1.0),29/04/26 23:00:00,A,Y15-74,PC_ACT,M,RS,2016-01-01,15.8,,
ESTAT:UNE_RT_A(1.0),29/04/26 23:00:00,A,Y15-74,PC_ACT,M,SE,2016-01-01,7.4,,
ESTAT:UNE_RT_A(1.0),29/04/26 23:00:00,A,Y15-74,PC_ACT,M,SI,2016-01-01,7.5,,
ESTAT:UNE_RT_A(1.0),29/04/26 23:00:00,A,Y15-74,PC_ACT,M,SK,2016-01-01,8.6,,
ESTAT:UNE_RT_A(1.0),29/04/26 23:00:00,A,Y15-74,PC_ACT,M,TR,2016-01-01,9.6,,
ESTAT:UNE_RT_A(1.0),29/04/26 23:00:00,A,Y15-74,PC_ACT,T,AT,2016-01-01,6.5,,
ESTAT:UNE_RT_A(1.0),29/04/26 23:00:00,A,Y15-74,PC_ACT,T,BE,2016-01-01,7.9,,
ESTAT:UNE_RT_A(1.0),29/04/26 23:00:00,A,Y15-74,PC_ACT,T,BG,2016-01-01,8.6,,
ESTAT:UNE_RT_A(1.0),29/04/26 23:00:00,A,Y15-74,PC_ACT,T,CH,2016-01-01,5.0,,
ESTAT:UNE_RT_A(1.0),29/04/26 23:00:00,A,Y15-74,PC_ACT,T,CY,2016-01-01,13.0,,
ESTAT:UNE_RT_A(1.0),29/04/26 23:00:00,A,Y15-74,PC_ACT,T,CZ,2016-01-01,4.0,,
ESTAT:UNE_RT_A(1.0),29/04/26 23:00:00,A,Y15-74,PC_ACT,T,DE,2016-01-01,3.9,,
ESTAT:UNE_RT_A(1.0),29/04/26 23:00:00,A,Y15-74,PC_ACT,T,DK,2016-01-01,6.0,b,
ESTAT:UNE_RT_A(1.0),29/04/26 23:00:00,A,Y15-74,PC_ACT,T,EA20,2016-01-01,10.1,,
ESTAT:UNE_RT_A(1.0),29/04/26 23:00:00,A,Y15-74,PC_ACT,T,EA21,2016-01-01,10.1,,
ESTAT:UNE_RT_A(1.0),29/04/26 23:00:00,A,Y15-74,PC_ACT,T,EE,2016-01-01,6.8,,
ESTAT:UNE_RT_A(1.0),29/04/26 23:00:00,A,Y15-74,PC_ACT,T,EL,2016-01-01,23.9,,
ESTAT:UNE_RT_A(1.0),29/04/26 23:00:00,A,Y15-74,PC_ACT,T,ES,2016-01-01,19.6,,
ESTAT:UNE_RT_A(1.0),29/04/26 23:00:00,A,Y15-74,PC_ACT,T,EU27_2020,2016-01-01,9.3,,
ESTAT:UNE_RT_A(1.0),29/04/26 23:00:00,A,Y15-74,PC_ACT,T,FI,2016-01-01,8.9,,
ESTAT:UNE_RT_A(1.0),29/04/26 23:00:00,A,Y15-74,PC_ACT,T,FR,2016-01-01,10.1,,
ESTAT:UNE_RT_A(1.0),29/04/26 23:00:00,A,Y15-74,PC_ACT,T,HR,2016-01-01,13.0,,
ESTAT:UNE_RT_A(1.0),29/04/26 23:00:00,A,Y15-74,PC_ACT,T,HU,2016-01-01,5.0,,
ESTAT:UNE_RT_A(1.0),29/04/26 23:00:00,A,Y15-74,PC_ACT,T,IE,2016-01-01,8.4,,
ESTAT:UNE_RT_A(1.0),29/04/26 23:00:00,A,Y15-74,PC_ACT,T,IS,2016-01-01,3.0,,
ESTAT:UNE_RT_A(1.0),29/04/26 23:00:00,A,Y15-74,PC_ACT,T,IT,2016-01-01,11.7,,
ESTAT:UNE_RT_A(1.0),29/04/26 23:00:00,A,Y15-74,PC_ACT,T,LT,2016-01-01,7.9,,
ESTAT:UNE_RT_A(1.0),29/04/26 23:00:00,A,Y15-74,PC_ACT,T,LU,2016-01-01,6.3,,
ESTAT:UNE_RT_A(1.0),29/04/26 23:00:00,A,Y15-74,PC_ACT,T,LV,2016-01-01,9.7,,
ESTAT:UNE_RT_A(1.0),29/04/26 23:00:00,A,Y15-74,PC_ACT,T,ME,2016-01-01,17.8,,
ESTAT:UNE_RT_A(1.0),29/04/26 23:00:00,A,Y15-74,PC_ACT,T,MK,2016-01-01,23.7,,
ESTAT:UNE_RT_A(1.0),29/04/26 23:00:00,A,Y15-74,PC_ACT,T,MT,2016-01-01,4.7,,
ESTAT:UNE_RT_A(1.0),29/04/26 23:00:00,A,Y15-74,PC_ACT,T,NL,2016-01-01,7.0,,
ESTAT:UNE_RT_A(1.0),29/04/26 23:00:00,A,Y15-74,PC_ACT,T,NO,2016-01-01,4.9,,
ESTAT:UNE_RT_A(1.0),29/04/26 23:00:00,A,Y15-74,PC_ACT,T,PL,2016-01-01,6.3,,
ESTAT:UNE_RT_A(1.0),29/04/26 23:00:00,A,Y15-74,PC_ACT,T,PT,2016-01-01,11.5,,
ESTAT:UNE_RT_A(1.0),29/04/26 23:00:00,A,Y15-74,PC_ACT,T,RO,2016-01-01,7.2,,
ESTAT:UNE_RT_A(1.0),29/04/26 23:00:00,A,Y15-74,PC_ACT,T,RS,2016-01-01,16.5,,
ESTAT:UNE_RT_A(1.0),29/04/26 23:00:00,A,Y15-74,PC_ACT,T,SE,2016-01-01,7.1,,
ESTAT:UNE_RT_A(1.0),29/04/26 23:00:00,A,Y15-74,PC_ACT,T,SI,2016-01-01,8.0,,
ESTAT:UNE_RT_A(1.0),29/04/26 23:00:00,A,Y15-74,PC_ACT,T,SK,2016-01-01,9.6,,
ESTAT:UNE_RT_A(1.0),29/04/26 23:00:00,A,Y15-74,PC_ACT,T,TR,2016-01-01,10.9,,
ESTAT:UNE_RT_A(1.0),29/04/26 23:00:00,A,Y25-54,PC_ACT,F,AT,2016-01-01,5.4,,
ESTAT:UNE_RT_A(1.0),29/04/26 23:00:00,A,Y25-54,PC_ACT,F,BE,2016-01-01,6.9,,
ESTAT:UNE_RT_A(1.0),29/04/26 23:00:00,A,Y25-54,PC_ACT,F,BG,2016-01-01,7.5,,
ESTAT:UNE_RT_A(1.0),29/04/26 23:00:00,A,Y25-54,PC_ACT,F,CH,2016-01-01,4.9,,
ESTAT:UNE_RT_A(1.0),29/04/26 23:00:00,A,Y25-54,PC_ACT,F,CY,2016-01-01,12.0,,
ESTAT:UNE_RT_A(1.0),29/04/26 23:00:00,A,Y25-54,PC_ACT,F,CZ,2016-01-01,4.5,,
ESTAT:UNE_RT_A(1.0),29/04/26 23:00:00,A,Y25-54,PC_ACT,F,DE,2016-01-01,3.2,,
ESTAT:UNE_RT_A(1.0),29/04/26 23:00:00,A,Y25-54,PC_ACT,F,DK,2016-01-01,6.1,b,
ESTAT:UNE_RT_A(1.0),29/04/26 23:00:00,A,Y25-54,PC_ACT,F,EA20,2016-01-01,10.0,,
ESTAT:UNE_RT_A(1.0),29/04/26 23:00:00,A,Y25-54,PC_ACT,F,EA21,2016-01-01,10.0,,
ESTAT:UNE_RT_A(1.0),29/04/26 23:00:00,A,Y25-54,PC_ACT,F,EE,2016-01-01,5.6,,
ESTAT:UNE_RT_A(1.0),29/04/26 23:00:00,A,Y25-54,PC_ACT,F,EL,2016-01-01,28.5,,
ESTAT:UNE_RT_A(1.0),29/04/26 23:00:00,A,Y25-54,PC_ACT,F,ES,2016-01-01,20.3,,
ESTAT:UNE_RT_A(1.0),29/04/26 23:00:00,A,Y25-54,PC_ACT,F,EU27_2020,2016-01-01,9.0,,
ESTAT:UNE_RT_A(1.0),29/04/26 23:00:00,A,Y25-54,PC_ACT,F,FI,2016-01-01,7.2,,
ESTAT:UNE_RT_A(1.0),29/04/26 23:00:00,A,Y25-54,PC_ACT,F,FR,2016-01-01,8.5,,
ESTAT:UNE_RT_A(1.0),29/04/26 23:00:00,A,Y25-54,PC_ACT,F,HR,2016-01-01,13.0,,
ESTAT:UNE_RT_A(1.0),29/04/26 23:00:00,A,Y25-54,PC_ACT,F,HU,2016-01-01,4.2,,
ESTAT:UNE_RT_A(1.0),29/04/26 23:00:00,A,Y25-54,PC_ACT,F,IE,2016-01-01,7.0,,
ESTAT:UNE_RT_A(1.0),29/04/26 23:00:00,A,Y25-54,PC_ACT,F,IS,2016-01-01,2.8,,
ESTAT:UNE_RT_A(1.0),29/04/26 23:00:00,A,Y25-54,PC_ACT,F,IT,2016-01-01,12.5,,
ESTAT:UNE_RT_A(1.0),29/04/26 23:00:00,A,Y25-54,PC_ACT,F,LT,2016-01-01,6.4,,
ESTAT:UNE_RT_A(1.0),29/04/26 23:00:00,A,Y25-54,PC_ACT,F,LU,2016-01-01,5.8,,
ESTAT:UNE_RT_A(1.0),29/04/26 23:00:00,A,Y25-54,PC_ACT,F,LV,2016-01-01,8.8,,
ESTAT:UNE_RT_A(1.0),29/04/26 23:00:00,A,Y25-54,PC_ACT,F,ME,2016-01-01,16.6,,
ESTAT:UNE_RT_A(1.0),29/04/26 23:00:00,A,Y25-54,PC_ACT,F,MK,2016-01-01,21.4,,
ESTAT:UNE_RT_A(1.0),29/04/26 23:00:00,A,Y25-54,PC_ACT,F,MT,2016-01-01,4.2,,
ESTAT:UNE_RT_A(1.0),29/04/26 23:00:00,A,Y25-54,PC_ACT,F,NL,2016-01-01,6.5,,
ESTAT:UNE_RT_A(1.0),29/04/26 23:00:00,A,Y25-54,PC_ACT,F,NO,2016-01-01,3.4,,
ESTAT:UNE_RT_A(1.0),29/04/26 23:00:00,A,Y25-54,PC_ACT,F,PL,2016-01-01,5.7,,
ESTAT:UNE_RT_A(1.0),29/04/26 23:00:00,A,Y25-54,PC_ACT,F,PT,2016-01-01,10.4,,
ESTAT:UNE_RT_A(1.0),29/04/26 23:00:00,A,Y25-54,PC_ACT,F,RO,2016-01-01,5.1,,
ESTAT:UNE_RT_A(1.0),29/04/26 23:00:00,A,Y25-54,PC_ACT,F,RS,2016-01-01,17.4,,
ESTAT:UNE_RT_A(1.0),29/04/26 23:00:00,A,Y25-54,PC_ACT,F,SE,2016-01-01,5.6,,
ESTAT:UNE_RT_A(1.0),29/04/26 23:00:00,A,Y25-54,PC_ACT,F,SI,2016-01-01,8.7,,
ESTAT:UNE_RT_A(1.0),29/04/26 23:00:00,A,Y25-54,PC_ACT,F,SK,2016-01-01,9.9,,
ESTAT:UNE_RT_A(1.0),29/04/26 23:00:00,A,Y25-54,PC_ACT,F,TR,2016-01-01,12.5,,
ESTAT:UNE_RT_A(1.0),29/04/26 23:00:00,A,Y25-54,PC_ACT,M,AT,2016-01-01,6.2,,
ESTAT:UNE_RT_A(1.0),29/04/26 23:00:00,A,Y25-54,PC_ACT,M,BE,2016-01-01,7.4,,
ESTAT:UNE_RT_A(1.0),29/04/26 23:00:00,A,Y25-54,PC_ACT,M,BG,2016-01-01,8.7,,
ESTAT:UNE_RT_A(1.0),29/04/26 23:00:00,A,Y25-54,PC_ACT,M,CH,2016-01-01,4.5,,
ESTAT:UNE_RT_A(1.0),29/04/26 23:00:00,A,Y25-54,PC_ACT,M,CY,2016-01-01,11.4,,
ESTAT:UNE_RT_A(1.0),29/04/26 23:00:00,A,Y25-54,PC_ACT,M,CZ,2016-01-01,2.8,,
ESTAT:UNE_RT_A(1.0),29/04/26 23:00:00,A,Y25-54,PC_ACT,M,DE,2016-01-01,3.9,,
ESTAT:UNE_RT_A(1.0),29/04/26 23:00:00,A,Y25-54,PC_ACT,M,DK,2016-01-01,4.6,b,
ESTAT:UNE_RT_A(1.0),29/04/26 23:00:00,A,Y25-54,PC_ACT,M,EA20,2016-01-01,8.9,,
ESTAT:UNE_RT_A(1.0),29/04/26 23:00:00,A,Y25-54,PC_ACT,M,EA21,2016-01-01,8.9,,
ESTAT:UNE_RT_A(1.0),29/04/26 23:00:00,A,Y25-54,PC_ACT,M,EE,2016-01-01,6.3,,
ESTAT:UNE_RT_A(1.0),29/04/26 23:00:00,A,Y25-54,PC_ACT,M,EL,2016-01-01,18.7,,
ESTAT:UNE_RT_A(1.0),29/04/26 23:00:00,A,Y25-54,PC_ACT,M,ES,2016-01-01,16.3,,
ESTAT:UNE_RT_A(1.0),29/04/26 23:00:00,A,Y25-54,PC_ACT,M,EU27_2020,2016-01-01,8.1,,
ESTAT:UNE_RT_A(1.0),29/04/26 23:00:00,A,Y25-54,PC_ACT,M,FI,2016-01-01,7.7,,
ESTAT:UNE_RT_A(1.0),29/04/26 23:00:00,A,Y25-54,PC_ACT,M,FR,2016-01-01,8.9,,
ESTAT:UNE_RT_A(1.0),29/04/26 23:00:00,A,Y25-54,PC_ACT,M,HR,2016-01-01,10.4,,
ESTAT:UNE_RT_A(1.0),29/04/26 23:00:00,A,Y25-54,PC_ACT,M,HU,2016-01-01,4.5,,
ESTAT:UNE_RT_A(1.0),29/04/26 23:00:00,A,Y25-54,PC_ACT,M,IE,2016-01-01,7.9,,
ESTAT:UNE_RT_A(1.0),29/04/26 23:00:00,A,Y25-54,PC_ACT,M,IS,2016-01-01,2.2,,
ESTAT:UNE_RT_A(1.0),29/04/26 23:00:00,A,Y25-54,PC_ACT,M,IT,2016-01-01,10.1,,
ESTAT:UNE_RT_A(1.0),29/04/26 23:00:00,A,Y25-54,PC_ACT,M,LT,2016-01-01,8.4,,
ESTAT:UNE_RT_A(1.0),29/04/26 23:00:00,A,Y25-54,PC_ACT,M,LU,2016-01-01,5.0,,
ESTAT:UNE_RT_A(1.0),29/04/26 23:00:00,A,Y25-54,PC_ACT,M,LV,2016-01-01,9.9,,
ESTAT:UNE_RT_A(1.0),29/04/26 23:00:00,A,Y25-54,PC_ACT,M,ME,2016-01-01,17.5,,
ESTAT:UNE_RT_A(1.0),29/04/26 23:00:00,A,Y25-54,PC_ACT,M,MK,2016-01-01,22.7,,
ESTAT:UNE_RT_A(1.0),29/04/26 23:00:00,A,Y25-54,PC_ACT,M,MT,2016-01-01,3.7,,
ESTAT:UNE_RT_A(1.0),29/04/26 23:00:00,A,Y25-54,PC_ACT,M,NL,2016-01-01,4.5,,
ESTAT:UNE_RT_A(1.0),29/04/26 23:00:00,A,Y25-54,PC_ACT,M,NO,2016-01-01,4.8,,
ESTAT:UNE_RT_A(1.0),29/04/26 23:00:00,A,Y25-54,PC_ACT,M,PL,2016-01-01,5.2,,
ESTAT:UNE_RT_A(1.0),29/04/26 23:00:00,A,Y25-54,PC_ACT,M,PT,2016-01-01,9.8,,
ESTAT:UNE_RT_A(1.0),29/04/26 23:00:00,A,Y25-54,PC_ACT,M,RO,2016-01-01,7.0,,
ESTAT:UNE_RT_A(1.0),29/04/26 23:00:00,A,Y25-54,PC_ACT,M,RS,2016-01-01,15.6,,
ESTAT:UNE_RT_A(1.0),29/04/26 23:00:00,A,Y25-54,PC_ACT,M,SE,2016-01-01,5.8,,
ESTAT:UNE_RT_A(1.0),29/04/26 23:00:00,A,Y25-54,PC_ACT,M,SI,2016-01-01,6.9,,
ESTAT:UNE_RT_A(1.0),29/04/26 23:00:00,A,Y25-54,PC_ACT,M,SK,2016-01-01,7.5,,
ESTAT:UNE_RT_A(1.0),29/04/26 23:00:00,A,Y25-54,PC_ACT,M,TR,2016-01-01,8.4,,
ESTAT:UNE_RT_A(1.0),29/04/26 23:00:00,A,Y25-54,PC_ACT,T,AT,2016-01-01,5.8,,
ESTAT:UNE_RT_A(1.0),29/04/26 23:00:00,A,Y25-54,PC_ACT,T,BE,2016-01-01,7.2,,
ESTAT:UNE_RT_A(1.0),29/04/26 23:00:00,A,Y25-54,PC_ACT,T,BG,2016-01-01,8.1,,
ESTAT:UNE_RT_A(1.0),29/04/26 23:00:00,A,Y25-54,PC_ACT,T,CH,2016-01-01,4.7,,
ESTAT:UNE_RT_A(1.0),29/04/26 23:00:00,A,Y25-54,PC_ACT,T,CY,2016-01-01,11.7,,
ESTAT:UNE_RT_A(1.0),29/04/26 23:00:00,A,Y25-54,PC_ACT,T,CZ,2016-01-01,3.5,,
ESTAT:UNE_RT_A(1.0),29/04/26 23:00:00,A,Y25-54,PC_ACT,T,DE,2016-01-01,3.6,,
ESTAT:UNE_RT_A(1.0),29/04/26 23:00:00,A,Y25-54,PC_ACT,T,DK,2016-01-01,5.3,b,
ESTAT:UNE_RT_A(1.0),29/04/26 23:00:00,A,Y25-54,PC_ACT,T,EA20,2016-01-01,9.5,,
ESTAT:UNE_RT_A(1.0),29/04/26 23:00:00,A,Y25-54,PC_ACT,T,EA21,2016-01-01,9.4,,
ESTAT:UNE_RT_A(1.0),29/04/26 23:00:00,A,Y25-54,PC_ACT,T,EE,2016-01-01,5.9,,
ESTAT:UNE_RT_A(1.0),29/04/26 23:00:00,A,Y25-54,PC_ACT,T,EL,2016-01-01,23.1,,
ESTAT:UNE_RT_A(1.0),29/04/26 23:00:00,A,Y25-54,PC_ACT,T,ES,2016-01-01,18.2,,
ESTAT:UNE_RT_A(1.0),29/04/26 23:00:00,A,Y25-54,PC_ACT,T,EU27_2020,2016-01-01,8.6,,
ESTAT:UNE_RT_A(1.0),29/04/26 23:00:00,A,Y25-54,PC_ACT,T,FI,2016-01-01,7.5,,
ESTAT:UNE_RT_A(1.0),29/04/26 23:00:00,A,Y25-54,PC_ACT,T,FR,2016-01-01,8.7,,
ESTAT:UNE_RT_A(1.0),29/04/26 23:00:00,A,Y25-54,PC_ACT,T,HR,2016-01-01,11.7,,
ESTAT:UNE_RT_A(1.0),29/04/26 23:00:00,A,Y25-54,PC_ACT,T,HU,2016-01-01,4.4,,
ESTAT:UNE_RT_A(1.0),29/04/26 23:00:00,A,Y25-54,PC_ACT,T,IE,2016-01-01,7.5,,
ESTAT:UNE_RT_A(1.0),29/04/26 23:00:00,A,Y25-54,PC_ACT,T,IS,2016-01-01,2.5,,
ESTAT:UNE_RT_A(1.0),29/04/26 23:00:00,A,Y25-54,PC_ACT,T,IT,2016-01-01,11.1,,
ESTAT:UNE_RT_A(1.0),29/04/26 23:00:00,A,Y25-54,PC_ACT,T,LT,2016-01-01,7.4,,
ESTAT:UNE_RT_A(1.0),29/04/26 23:00:00,A,Y25-54,PC_ACT,T,LU,2016-01-01,5.3,,
ESTAT:UNE_RT_A(1.0),29/04/26 23:00:00,A,Y25-54,PC_ACT,T,LV,2016-01-01,9.4,,
ESTAT:UNE_RT_A(1.0),29/04/26 23:00:00,A,Y25-54,PC_ACT,T,ME,2016-01-01,17.1,,
ESTAT:UNE_RT_A(1.0),29/04/26 23:00:00,A,Y25-54,PC_ACT,T,MK,2016-01-01,22.2,,
ESTAT:UNE_RT_A(1.0),29/04/26 23:00:00,A,Y25-54,PC_ACT,T,MT,2016-01-01,3.9,,
ESTAT:UNE_RT_A(1.0),29/04/26 23:00:00,A,Y25-54,PC_ACT,T,NL,2016-01-01,5.4,,
ESTAT:UNE_RT_A(1.0),29/04/26 23:00:00,A,Y25-54,PC_ACT,T,NO,2016-01-01,4.2,,
ESTAT:UNE_RT_A(1.0),29/04/26 23:00:00,A,Y25-54,PC_ACT,T,PL,2016-01-01,5.5,,
ESTAT:UNE_RT_A(1.0),29/04/26 23:00:00,A,Y25-54,PC_ACT,T,PT,2016-01-01,10.1,,
ESTAT:UNE_RT_A(1.0),29/04/26 23:00:00,A,Y25-54,PC_ACT,T,RO,2016-01-01,6.2,,
ESTAT:UNE_RT_A(1.0),29/04/26 23:00:00,A,Y25-54,PC_ACT,T,RS,2016-01-01,16.4,,
ESTAT:UNE_RT_A(1.0),29/04/26 23:00:00,A,Y25-54,PC_ACT,T,SE,2016-01-01,5.7,,
ESTAT:UNE_RT_A(1.0),29/04/26 23:00:00,A,Y25-54,PC_ACT,T,SI,2016-01-01,7.7,,
ESTAT:UNE_RT_A(1.0),29/04/26 23:00:00,A,Y25-54,PC_ACT,T,SK,2016-01-01,8.6,,
ESTAT:UNE_RT_A(1.0),29/04/26 23:00:00,A,Y25-54,PC_ACT,T,TR,2016-01-01,9.7,,
ESTAT:UNE_RT_A(1.0),29/04/26 23:00:00,A,Y55-74,PC_ACT,F,AT,2016-01-01,3.7,,
ESTAT:UNE_RT_A(1.0),29/04/26 23:00:00,A,Y55-74,PC_ACT,F,BE,2016-01-01,6.0,,
ESTAT:UNE_RT_A(1.0),29/04/26 23:00:00,A,Y55-74,PC_ACT,F,BG,2016-01-01,7.2,,
ESTAT:UNE_RT_A(1.0),29/04/26 23:00:00,A,Y55-74,PC_ACT,F,CH,2016-01-01,2.8,,
ESTAT:UNE_RT_A(1.0),29/04/26 23:00:00,A,Y55-74,PC_ACT,F,CY,2016-01-01,7.8,,
ESTAT:UNE_RT_A(1.0),29/04/26 23:00:00,A,Y55-74,PC_ACT,F,CZ,2016-01-01,3.5,,
ESTAT:UNE_RT_A(1.0),29/04/26 23:00:00,A,Y55-74,PC_ACT,F,DE,2016-01-01,3.1,,
ESTAT:UNE_RT_A(1.0),29/04/26 23:00:00,A,Y55-74,PC_ACT,F,DK,2016-01-01,3.6,b,
ESTAT:UNE_RT_A(1.0),29/04/26 23:00:00,A,Y55-74,PC_ACT,F,EA20,2016-01-01,6.7,,
ESTAT:UNE_RT_A(1.0),29/04/26 23:00:00,A,Y55-74,PC_ACT,F,EA21,2016-01-01,6.7,,
ESTAT:UNE_RT_A(1.0),29/04/26 23:00:00,A,Y55-74,PC_ACT,F,EE,2016-01-01,6.0,,
ESTAT:UNE_RT_A(1.0),29/04/26 23:00:00,A,Y55-74,PC_ACT,F,EL,2016-01-01,18.5,,
ESTAT:UNE_RT_A(1.0),29/04/26 23:00:00,A,Y55-74,PC_ACT,F,ES,2016-01-01,16.8,,
ESTAT:UNE_RT_A(1.0),29/04/26 23:00:00,A,Y55-74,PC_ACT,F,EU27_2020,2016-01-01,6.1,,
ESTAT:UNE_RT_A(1.0),29/04/26 23:00:00,A,Y55-74,PC_ACT,F,FI,2016-01-01,6.3,,
ESTAT:UNE_RT_A(1.0),29/04/26 23:00:00,A,Y55-74,PC_ACT,F,FR,2016-01-01,6.1,,
ESTAT:UNE_RT_A(1.0),29/04/26 23:00:00,A,Y55-74,PC_ACT,F,HR,2016-01-01,6.9,u,
ESTAT:UNE_RT_A(1.0),29/04/26 23:00:00,A,Y55-74,PC_ACT,F,HU,2016-01-01,4.4,,
ESTAT:UNE_RT_A(1.0),29/04/26 23:00:00,A,Y55-74,PC_ACT,F,IE,2016-01-01,5.1,,
ESTAT:UNE_RT_A(1.0),29/04/26 23:00:00,A,Y55-74,PC_ACT,F,IS,2016-01-01,,u,
ESTAT:UNE_RT_A(1.0),29/04/26 23:00:00,A,Y55-74,PC_ACT,F,IT,2016-01-01,4.7,,
ESTAT:UNE_RT_A(1.0),29/04/26 23:00:00,A,Y55-74,PC_ACT,F,LT,2016-01-01,5.8,,
ESTAT:UNE_RT_A(1.0),29/04/26 23:00:00,A,Y55-74,PC_ACT,F,LU,2016-01-01,,u,
ESTAT:UNE_RT_A(1.0),29/04/26 23:00:00,A,Y55-74,PC_ACT,F,LV,2016-01-01,6.4,,
ESTAT:UNE_RT_A(1.0),29/04/26 23:00:00,A,Y55-74,PC_ACT,F,ME,2016-01-01,,u,
ESTAT:UNE_RT_A(1.0),29/04/26 23:00:00,A,Y55-74,PC_ACT,F,MK,2016-01-01,13.5,,
ESTAT:UNE_RT_A(1.0),29/04/26 23:00:00,A,Y55-74,PC_ACT,F,MT,2016-01-01,,u,
ESTAT:UNE_RT_A(1.0),29/04/26 23:00:00,A,Y55-74,PC_ACT,F,NL,2016-01-01,8.6,,
ESTAT:UNE_RT_A(1.0),29/04/26 23:00:00,A,Y55-74,PC_ACT,F,NO,2016-01-01,1.2,,
ESTAT:UNE_RT_A(1.0),29/04/26 23:00:00,A,Y55-74,PC_ACT,F,PL,2016-01-01,3.5,,
ESTAT:UNE_RT_A(1.0),29/04/26 23:00:00,A,Y55-74,PC_ACT,F,PT,2016-01-01,9.1,,
ESTAT:UNE_RT_A(1.0),29/04/26 23:00:00,A,Y55-74,PC_ACT,F,RO,2016-01-01,3.1,,
ESTAT:UNE_RT_A(1.0),29/04/26 23:00:00,A,Y55-74,PC_ACT,F,RS,2016-01-01,7.7,,
ESTAT:UNE_RT_A(1.0),29/04/26 23:00:00,A,Y55-74,PC_ACT,F,SE,2016-01-01,4.1,,
ESTAT:UNE_RT_A(1.0),29/04/26 23:00:00,A,Y55-74,PC_ACT,F,SI,2016-01-01,4.7,u,
ESTAT:UNE_RT_A(1.0),29/04/26 23:00:00,A,Y55-74,PC_ACT,F,SK,2016-01-01,9.5,,
ESTAT:UNE_RT_A(1.0),29/04/26 23:00:00,A,Y55-74,PC_ACT,F,TR,2016-01-01,2.5,,
ESTAT:UNE_RT_A(1.0),29/04/26 23:00:00,A,Y55-74,PC_ACT,M,AT,2016-01-01,5.8,,
ESTAT:UNE_RT_A(1.0),29/04/26 23:00:00,A,Y55-74,PC_ACT,M,BE,2016-01-01,5.2,,
ESTAT:UNE_RT_A(1.0),29/04/26 23:00:00,A,Y55-74,PC_ACT,M,BG,2016-01-01,8.4,,
ESTAT:UNE_RT_A(1.0),29/04/26 23:00:00,A,Y55-74,PC_ACT,M,CH,2016-01-01,3.6,,
ESTAT:UNE_RT_A(1.0),29/04/26 23:00:00,A,Y55-74,PC_ACT,M,CY,2016-01-01,12.3,,
ESTAT:UNE_RT_A(1.0),29/04/26 23:00:00,A,Y55-74,PC_ACT,M,CZ,2016-01-01,3.4,,
ESTAT:UNE_RT_A(1.0),29/04/26 23:00:00,A,Y55-74,PC_ACT,M,DE,2016-01-01,3.4,,
ESTAT:UNE_RT_A(1.0),29/04/26 23:00:00,A,Y55-74,PC_ACT,M,DK,2016-01-01,3.6,b,
ESTAT:UNE_RT_A(1.0),29/04/26 23:00:00,A,Y55-74,PC_ACT,M,EA20,2016-01-01,7.5,,
ESTAT:UNE_RT_A(1.0),29/04/26 23:00:00,A,Y55-74,PC_ACT,M,EA21,2016-01-01,7.5,,
ESTAT:UNE_RT_A(1.0),29/04/26 23:00:00,A,Y55-74,PC_ACT,M,EE,2016-01-01,8.3,,
ESTAT:UNE_RT_A(1.0),29/04/26 23:00:00,A,Y55-74,PC_ACT,M,EL,2016-01-01,19.2,,
ESTAT:UNE_RT_A(1.0),29/04/26 23:00:00,A,Y55-74,PC_ACT,M,ES,2016-01-01,16.3,,
ESTAT:UNE_RT_A(1.0),29/04/26 23:00:00,A,Y55-74,PC_ACT,M,EU27_2020,2016-01-01,6.9,,
ESTAT:UNE_RT_A(1.0),29/04/26 23:00:00,A,Y55-74,PC_ACT,M,FI,2016-01-01,7.4,,
ESTAT:UNE_RT_A(1.0),29/04/26 23:00:00,A,Y55-74,PC_ACT,M,FR,2016-01-01,7.8,,
ESTAT:UNE_RT_A(1.0),29/04/26 23:00:00,A,Y55-74,PC_ACT,M,HR,2016-01-01,10.2,,
ESTAT:UNE_RT_A(1.0),29/04/26 23:00:00,A,Y55-74,PC_ACT,M,HU,2016-01-01,4.1,,
ESTAT:UNE_RT_A(1.0),29/04/26 23:00:00,A,Y55-74,PC_ACT,M,IE,2016-01-01,6.3,,
ESTAT:UNE_RT_A(1.0),29/04/26 23:00:00,A,Y55-74,PC_ACT,M,IS,2016-01-01,2.1,,
ESTAT:UNE_RT_A(1.0),29/04/26 23:00:00,A,Y55-74,PC_ACT,M,IT,2016-01-01,5.9,,
ESTAT:UNE_RT_A(1.0),29/04/26 23:00:00,A,Y55-74,PC_ACT,M,LT,2016-01-01,8.4,,
ESTAT:UNE_RT_A(1.0),29/04/26 23:00:00,A,Y55-74,PC_ACT,M,LU,2016-01-01,5.4,u,
ESTAT:UNE_RT_A(1.0),29/04/26 23:00:00,A,Y55-74,PC_ACT,M,LV,2016-01-01,10.3,,
ESTAT:UNE_RT_A(1.0),29/04/26 23:00:00,A,Y55-74,PC_ACT,M,ME,2016-01-01,9.0,,
ESTAT:UNE_RT_A(1.0),29/04/26 23:00:00,A,Y55-74,PC_ACT,M,MK,2016-01-01,18.1,,
ESTAT:UNE_RT_A(1.0),29/04/26 23:00:00,A,Y55-74,PC_ACT,M,MT,2016-01-01,3.5,u,
ESTAT:UNE_RT_A(1.0),29/04/26 23:00:00,A,Y55-74,PC_ACT,M,NL,2016-01-01,7.2,,
ESTAT:UNE_RT_A(1.0),29/04/26 23:00:00,A,Y55-74,PC_ACT,M,NO,2016-01-01,2.4,,
ESTAT:UNE_RT_A(1.0),29/04/26 23:00:00,A,Y55-74,PC_ACT,M,PL,2016-01-01,4.9,,
ESTAT:UNE_RT_A(1.0),29/04/26 23:00:00,A,Y55-74,PC_ACT,M,PT,2016-01-01,12.1,,
ESTAT:UNE_RT_A(1.0),29/04/26 23:00:00,A,Y55-74,PC_ACT,M,RO,2016-01-01,4.7,,
ESTAT:UNE_RT_A(1.0),29/04/26 23:00:00,A,Y55-74,PC_ACT,M,RS,2016-01-01,9.2,,
ESTAT:UNE_RT_A(1.0),29/04/26 23:00:00,A,Y55-74,PC_ACT,M,SE,2016-01-01,5.4,,
ESTAT:UNE_RT_A(1.0),29/04/26 23:00:00,A,Y55-74,PC_ACT,M,SI,2016-01-01,6.9,,
ESTAT:UNE_RT_A(1.0),29/04/26 23:00:00,A,Y55-74,PC_ACT,M,SK,2016-01-01,7.9,,
ESTAT:UNE_RT_A(1.0),29/04/26 23:00:00,A,Y55-74,PC_ACT,M,TR,2016-01-01,6.6,,
ESTAT:UNE_RT_A(1.0),29/04/26 23:00:00,A,Y55-74,PC_ACT,T,AT,2016-01-01,4.9,,
ESTAT:UNE_RT_A(1.0),29/04/26 23:00:00,A,Y55-74,PC_ACT,T,BE,2016-01-01,5.5,,
ESTAT:UNE_RT_A(1.0),29/04/26 23:00:00,A,Y55-74,PC_ACT,T,BG,2016-01-01,7.8,,
ESTAT:UNE_RT_A(1.0),29/04/26 23:00:00,A,Y55-74,PC_ACT,T,CH,2016-01-01,3.3,,
ESTAT:UNE_RT_A(1.0),29/04/26 23:00:00,A,Y55-74,PC_ACT,T,CY,2016-01-01,10.5,,
ESTAT:UNE_RT_A(1.0),29/04/26 23:00:00,A,Y55-74,PC_ACT,T,CZ,2016-01-01,3.5,,
ESTAT:UNE_RT_A(1.0),29/04/26 23:00:00,A,Y55-74,PC_ACT,T,DE,2016-01-01,3.3,,
ESTAT:UNE_RT_A(1.0),29/04/26 23:00:00,A,Y55-74,PC_ACT,T,DK,2016-01-01,3.6,b,
ESTAT:UNE_RT_A(1.0),29/04/26 23:00:00,A,Y55-74,PC_ACT,T,EA20,2016-01-01,7.1,,
ESTAT:UNE_RT_A(1.0),29/04/26 23:00:00,A,Y55-74,PC_ACT,T,EA21,2016-01-01,7.1,,
ESTAT:UNE_RT_A(1.0),29/04/26 23:00:00,A,Y55-74,PC_ACT,T,EE,2016-01-01,7.0,,
ESTAT:UNE_RT_A(1.0),29/04/26 23:00:00,A,Y55-74,PC_ACT,T,EL,2016-01-01,18.9,,
ESTAT:UNE_RT_A(1.0),29/04/26 23:00:00,A,Y55-74,PC_ACT,T,ES,2016-01-01,16.5,,
ESTAT:UNE_RT_A(1.0),29/04/26 23:00:00,A,Y55-74,PC_ACT,T,EU27_2020,2016-01-01,6.6,,
ESTAT:UNE_RT_A(1.0),29/04/26 23:00:00,A,Y55-74,PC_ACT,T,FI,2016-01-01,6.9,,
ESTAT:UNE_RT_A(1.0),29/04/26 23:00:00,A,Y55-74,PC_ACT,T,FR,2016-01-01,6.9,,
ESTAT:UNE_RT_A(1.0),29/04/26 23:00:00,A,Y55-74,PC_ACT,T,HR,2016-01-01,8.9,,
ESTAT:UNE_RT_A(1.0),29/04/26 23:00:00,A,Y55-74,PC_ACT,T,HU,2016-01-01,4.2,,
ESTAT:UNE_RT_A(1.0),29/04/26 23:00:00,A,Y55-74,PC_ACT,T,IE,2016-01-01,5.8,,
ESTAT:UNE_RT_A(1.0),29/04/26 23:00:00,A,Y55-74,PC_ACT,T,IS,2016-01-01,1.7,,
ESTAT:UNE_RT_A(1.0),29/04/26 23:00:00,A,Y55-74,PC_ACT,T,IT,2016-01-01,5.4,,
ESTAT:UNE_RT_A(1.0),29/04/26 23:00:00,A,Y55-74,PC_ACT,T,LT,2016-01-01,7.0,,
ESTAT:UNE_RT_A(1.0),29/04/26 23:00:00,A,Y55-74,PC_ACT,T,LU,2016-01-01,4.9,,
ESTAT:UNE_RT_A(1.0),29/04/26 23:00:00,A,Y55-74,PC_ACT,T,LV,2016-01-01,8.2,,
ESTAT:UNE_RT_A(1.0),29/04/26 23:00:00,A,Y55-74,PC_ACT,T,ME,2016-01-01,7.9,,
ESTAT:UNE_RT_A(1.0),29/04/26 23:00:00,A,Y55-74,PC_ACT,T,MK,2016-01-01,16.7,,
ESTAT:UNE_RT_A(1.0),29/04/26 23:00:00,A,Y55-74,PC_ACT,T,MT,2016-01-01,3.4,,
ESTAT:UNE_RT_A(1.0),29/04/26 23:00:00,A,Y55-74,PC_ACT,T,NL,2016-01-01,7.8,,
ESTAT:UNE_RT_A(1.0),29/04/26 23:00:00,A,Y55-74,PC_ACT,T,NO,2016-01-01,1.8,,
ESTAT:UNE_RT_A(1.0),29/04/26 23:00:00,A,Y55-74,PC_ACT,T,PL,2016-01-01,4.3,,
ESTAT:UNE_RT_A(1.0),29/04/26 23:00:00,A,Y55-74,PC_ACT,T,PT,2016-01-01,10.7,,
ESTAT:UNE_RT_A(1.0),29/04/26 23:00:00,A,Y55-74,PC_ACT,T,RO,2016-01-01,4.1,,
ESTAT:UNE_RT_A(1.0),29/04/26 23:00:00,A,Y55-74,PC_ACT,T,RS,2016-01-01,8.6,,
ESTAT:UNE_RT_A(1.0),29/04/26 23:00:00,A,Y55-74,PC_ACT,T,SE,2016-01-01,4.8,,
ESTAT:UNE_RT_A(1.0),29/04/26 23:00:00,A,Y55-74,PC_ACT,T,SI,2016-01-01,6.0,,
ESTAT:UNE_RT_A(1.0),29/04/26 23:00:00,A,Y55-74,PC_ACT,T,SK,2016-01-01,8.6,,
ESTAT:UNE_RT_A(1.0),29/04/26 23:00:00,A,Y55-74,PC_ACT,T,TR,2016-01-01,5.5,,
ESTAT:UNE_RT_A(1.0),29/04/26 23:00:00,A,Y15-24,PC_ACT,F,AT,2017-01-01,9.1,,
ESTAT:UNE_RT_A(1.0),29/04/26 23:00:00,A,Y15-24,PC_ACT,F,BE,2017-01-01,18.2,b,
ESTAT:UNE_RT_A(1.0),29/04/26 23:00:00,A,Y15-24,PC_ACT,F,BG,2017-01-01,16.3,,
ESTAT:UNE_RT_A(1.0),29/04/26 23:00:00,A,Y15-24,PC_ACT,F,CH,2017-01-01,8.0,,
ESTAT:UNE_RT_A(1.0),29/04/26 23:00:00,A,Y15-24,PC_ACT,F,CY,2017-01-01,22.9,,
ESTAT:UNE_RT_A(1.0),29/04/26 23:00:00,A,Y15-24,PC_ACT,F,CZ,2017-01-01,8.7,,
ESTAT:UNE_RT_A(1.0),29/04/26 23:00:00,A,Y15-24,PC_ACT,F,DE,2017-01-01,6.2,,
ESTAT:UNE_RT_A(1.0),29/04/26 23:00:00,A,Y15-24,PC_ACT,F,DK,2017-01-01,11.9,b,
ESTAT:UNE_RT_A(1.0),29/04/26 23:00:00,A,Y15-24,PC_ACT,F,EA20,2017-01-01,19.1,,
ESTAT:UNE_RT_A(1.0),29/04/26 23:00:00,A,Y15-24,PC_ACT,F,EA21,2017-01-01,19.1,,
ESTAT:UNE_RT_A(1.0),29/04/26 23:00:00,A,Y15-24,PC_ACT,F,EE,2017-01-01,9.3,,
ESTAT:UNE_RT_A(1.0),29/04/26 23:00:00,A,Y15-24,PC_ACT,F,EL,2017-01-01,49.0,,
ESTAT:UNE_RT_A(1.0),29/04/26 23:00:00,A,Y15-24,PC_ACT,F,ES,2017-01-01,37.4,,
ESTAT:UNE_RT_A(1.0),29/04/26 23:00:00,A,Y15-24,PC_ACT,F,EU27_2020,2017-01-01,18.3,,
ESTAT:UNE_RT_A(1.0),29/04/26 23:00:00,A,Y15-24,PC_ACT,F,FI,2017-01-01,19.1,,
ESTAT:UNE_RT_A(1.0),29/04/26 23:00:00,A,Y15-24,PC_ACT,F,FR,2017-01-01,24.9,,
ESTAT:UNE_RT_A(1.0),29/04/26 23:00:00,A,Y15-24,PC_ACT,F,HR,2017-01-01,27.2,,
ESTAT:UNE_RT_A(1.0),29/04/26 23:00:00,A,Y15-24,PC_ACT,F,HU,2017-01-01,11.5,,
ESTAT:UNE_RT_A(1.0),29/04/26 23:00:00,A,Y15-24,PC_ACT,F,IE,2017-01-01,12.6,,
ESTAT:UNE_RT_A(1.0),29/04/26 23:00:00,A,Y15-24,PC_ACT,F,IS,2017-01-01,7.1,,
ESTAT:UNE_RT_A(1.0),29/04/26 23:00:00,A,Y15-24,PC_ACT,F,IT,2017-01-01,37.2,,
ESTAT:UNE_RT_A(1.0),29/04/26 23:00:00,A,Y15-24,PC_ACT,F,LT,2017-01-01,11.7,,
ESTAT:UNE_RT_A(1.0),29/04/26 23:00:00,A,Y15-24,PC_ACT,F,LU,2017-01-01,13.2,,
ESTAT:UNE_RT_A(1.0),29/04/26 23:00:00,A,Y15-24,PC_ACT,F,LV,2017-01-01,15.4,,
ESTAT:UNE_RT_A(1.0),29/04/26 23:00:00,A,Y15-24,PC_ACT,F,ME,2017-01-01,33.1,,
ESTAT:UNE_RT_A(1.0),29/04/26 23:00:00,A,Y15-24,PC_ACT,F,MK,2017-01-01,48.6,,
ESTAT:UNE_RT_A(1.0),29/04/26 23:00:00,A,Y15-24,PC_ACT,F,MT,2017-01-01,9.9,,
ESTAT:UNE_RT_A(1.0),29/04/26 23:00:00,A,Y15-24,PC_ACT,F,NL,2017-01-01,9.5,,
ESTAT:UNE_RT_A(1.0),29/04/26 23:00:00,A,Y15-24,PC_ACT,F,NO,2017-01-01,11.4,,
ESTAT:UNE_RT_A(1.0),29/04/26 23:00:00,A,Y15-24,PC_ACT,F,PL,2017-01-01,15.1,,
ESTAT:UNE_RT_A(1.0),29/04/26 23:00:00,A,Y15-24,PC_ACT,F,PT,2017-01-01,25.4,,
ESTAT:UNE_RT_A(1.0),29/04/26 23:00:00,A,Y15-24,PC_ACT,F,RO,2017-01-01,23.1,,
ESTAT:UNE_RT_A(1.0),29/04/26 23:00:00,A,Y15-24,PC_ACT,F,RS,2017-01-01,38.1,,
ESTAT:UNE_RT_A(1.0),29/04/26 23:00:00,A,Y15-24,PC_ACT,F,SE,2017-01-01,16.4,,
ESTAT:UNE_RT_A(1.0),29/04/26 23:00:00,A,Y15-24,PC_ACT,F,SI,2017-01-01,13.1,,
ESTAT:UNE_RT_A(1.0),29/04/26 23:00:00,A,Y15-24,PC_ACT,F,SK,2017-01-01,22.3,,
ESTAT:UNE_RT_A(1.0),29/04/26 23:00:00,A,Y15-24,PC_ACT,F,TR,2017-01-01,25.6,,
ESTAT:UNE_RT_A(1.0),29/04/26 23:00:00,A,Y15-24,PC_ACT,M,AT,2017-01-01,11.7,,
ESTAT:UNE_RT_A(1.0),29/04/26 23:00:00,A,Y15-24,PC_ACT,M,BE,2017-01-01,20.3,b,
ESTAT:UNE_RT_A(1.0),29/04/26 23:00:00,A,Y15-24,PC_ACT,M,BG,2017-01-01,16.0,,
ESTAT:UNE_RT_A(1.0),29/04/26 23:00:00,A,Y15-24,PC_ACT,M,CH,2017-01-01,8.1,,
ESTAT:UNE_RT_A(1.0),29/04/26 23:00:00,A,Y15-24,PC_ACT,M,CY,2017-01-01,27.0,,
ESTAT:UNE_RT_A(1.0),29/04/26 23:00:00,A,Y15-24,PC_ACT,M,CZ,2017-01-01,7.4,,
ESTAT:UNE_RT_A(1.0),29/04/26 23:00:00,A,Y15-24,PC_ACT,M,DE,2017-01-01,8.0,,
ESTAT:UNE_RT_A(1.0),29/04/26 23:00:00,A,Y15-24,PC_ACT,M,DK,2017-01-01,12.9,b,
ESTAT:UNE_RT_A(1.0),29/04/26 23:00:00,A,Y15-24,PC_ACT,M,EA20,2017-01-01,19.7,,
ESTAT:UNE_RT_A(1.0),29/04/26 23:00:00,A,Y15-24,PC_ACT,M,EA21,2017-01-01,19.6,,
ESTAT:UNE_RT_A(1.0),29/04/26 23:00:00,A,Y15-24,PC_ACT,M,EE,2017-01-01,14.7,,
ESTAT:UNE_RT_A(1.0),29/04/26 23:00:00,A,Y15-24,PC_ACT,M,EL,2017-01-01,40.5,,
ESTAT:UNE_RT_A(1.0),29/04/26 23:00:00,A,Y15-24,PC_ACT,M,ES,2017-01-01,39.5,,
ESTAT:UNE_RT_A(1.0),29/04/26 23:00:00,A,Y15-24,PC_ACT,M,EU27_2020,2017-01-01,18.7,,
ESTAT:UNE_RT_A(1.0),29/04/26 23:00:00,A,Y15-24,PC_ACT,M,FI,2017-01-01,20.8,,
ESTAT:UNE_RT_A(1.0),29/04/26 23:00:00,A,Y15-24,PC_ACT,M,FR,2017-01-01,22.3,,
ESTAT:UNE_RT_A(1.0),29/04/26 23:00:00,A,Y15-24,PC_ACT,M,HR,2017-01-01,27.5,,
ESTAT:UNE_RT_A(1.0),29/04/26 23:00:00,A,Y15-24,PC_ACT,M,HU,2017-01-01,9.7,,
ESTAT:UNE_RT_A(1.0),29/04/26 23:00:00,A,Y15-24,PC_ACT,M,IE,2017-01-01,16.0,,
ESTAT:UNE_RT_A(1.0),29/04/26 23:00:00,A,Y15-24,PC_ACT,M,IS,2017-01-01,8.6,,
ESTAT:UNE_RT_A(1.0),29/04/26 23:00:00,A,Y15-24,PC_ACT,M,IT,2017-01-01,32.9,,
ESTAT:UNE_RT_A(1.0),29/04/26 23:00:00,A,Y15-24,PC_ACT,M,LT,2017-01-01,14.6,,
ESTAT:UNE_RT_A(1.0),29/04/26 23:00:00,A,Y15-24,PC_ACT,M,LU,2017-01-01,17.2,,
ESTAT:UNE_RT_A(1.0),29/04/26 23:00:00,A,Y15-24,PC_ACT,M,LV,2017-01-01,18.3,,
ESTAT:UNE_RT_A(1.0),29/04/26 23:00:00,A,Y15-24,PC_ACT,M,ME,2017-01-01,30.7,,
ESTAT:UNE_RT_A(1.0),29/04/26 23:00:00,A,Y15-24,PC_ACT,M,MK,2017-01-01,45.7,,
ESTAT:UNE_RT_A(1.0),29/04/26 23:00:00,A,Y15-24,PC_ACT,M,MT,2017-01-01,11.1,,
ESTAT:UNE_RT_A(1.0),29/04/26 23:00:00,A,Y15-24,PC_ACT,M,NL,2017-01-01,11.4,,
ESTAT:UNE_RT_A(1.0),29/04/26 23:00:00,A,Y15-24,PC_ACT,M,NO,2017-01-01,13.7,,
ESTAT:UNE_RT_A(1.0),29/04/26 23:00:00,A,Y15-24,PC_ACT,M,PL,2017-01-01,14.8,,
ESTAT:UNE_RT_A(1.0),29/04/26 23:00:00,A,Y15-24,PC_ACT,M,PT,2017-01-01,22.4,,
ESTAT:UNE_RT_A(1.0),29/04/26 23:00:00,A,Y15-24,PC_ACT,M,RO,2017-01-01,22.9,,
ESTAT:UNE_RT_A(1.0),29/04/26 23:00:00,A,Y15-24,PC_ACT,M,RS,2017-01-01,30.0,,
ESTAT:UNE_RT_A(1.0),29/04/26 23:00:00,A,Y15-24,PC_ACT,M,SE,2017-01-01,17.8,,
ESTAT:UNE_RT_A(1.0),29/04/26 23:00:00,A,Y15-24,PC_ACT,M,SI,2017-01-01,10.0,,
ESTAT:UNE_RT_A(1.0),29/04/26 23:00:00,A,Y15-24,PC_ACT,M,SK,2017-01-01,18.3,,
ESTAT:UNE_RT_A(1.0),29/04/26 23:00:00,A,Y15-24,PC_ACT,M,TR,2017-01-01,17.7,,
ESTAT:UNE_RT_A(1.0),29/04/26 23:00:00,A,Y15-24,PC_ACT,T,AT,2017-01-01,10.5,,
ESTAT:UNE_RT_A(1.0),29/04/26 23:00:00,A,Y15-24,PC_ACT,T,BE,2017-01-01,19.4,b,
ESTAT:UNE_RT_A(1.0),29/04/26 23:00:00,A,Y15-24,PC_ACT,T,BG,2017-01-01,16.1,,
ESTAT:UNE_RT_A(1.0),29/04/26 23:00:00,A,Y15-24,PC_ACT,T,CH,2017-01-01,8.1,,
ESTAT:UNE_RT_A(1.0),29/04/26 23:00:00,A,Y15-24,PC_ACT,T,CY,2017-01-01,24.7,,
ESTAT:UNE_RT_A(1.0),29/04/26 23:00:00,A,Y15-24,PC_ACT,T,CZ,2017-01-01,7.9,,
ESTAT:UNE_RT_A(1.0),29/04/26 23:00:00,A,Y15-24,PC_ACT,T,DE,2017-01-01,7.2,,
ESTAT:UNE_RT_A(1.0),29/04/26 23:00:00,A,Y15-24,PC_ACT,T,DK,2017-01-01,12.4,b,
ESTAT:UNE_RT_A(1.0),29/04/26 23:00:00,A,Y15-24,PC_ACT,T,EA20,2017-01-01,19.4,,
ESTAT:UNE_RT_A(1.0),29/04/26 23:00:00,A,Y15-24,PC_ACT,T,EA21,2017-01-01,19.4,,
ESTAT:UNE_RT_A(1.0),29/04/26 23:00:00,A,Y15-24,PC_ACT,T,EE,2017-01-01,12.1,,
ESTAT:UNE_RT_A(1.0),29/04/26 23:00:00,A,Y15-24,PC_ACT,T,EL,2017-01-01,44.5,,
ESTAT:UNE_RT_A(1.0),29/04/26 23:00:00,A,Y15-24,PC_ACT,T,ES,2017-01-01,38.6,,
ESTAT:UNE_RT_A(1.0),29/04/26 23:00:00,A,Y15-24,PC_ACT,T,EU27_2020,2017-01-01,18.5,,
ESTAT:UNE_RT_A(1.0),29/04/26 23:00:00,A,Y15-24,PC_ACT,T,FI,2017-01-01,20.0,,
ESTAT:UNE_RT_A(1.0),29/04/26 23:00:00,A,Y15-24,PC_ACT,T,FR,2017-01-01,23.5,,
ESTAT:UNE_RT_A(1.0),29/04/26 23:00:00,A,Y15-24,PC_ACT,T,HR,2017-01-01,27.4,,
ESTAT:UNE_RT_A(1.0),29/04/26 23:00:00,A,Y15-24,PC_ACT,T,HU,2017-01-01,10.5,,
ESTAT:UNE_RT_A(1.0),29/04/26 23:00:00,A,Y15-24,PC_ACT,T,IE,2017-01-01,14.4,,
ESTAT:UNE_RT_A(1.0),29/04/26 23:00:00,A,Y15-24,PC_ACT,T,IS,2017-01-01,7.9,,
ESTAT:UNE_RT_A(1.0),29/04/26 23:00:00,A,Y15-24,PC_ACT,T,IT,2017-01-01,34.6,,
ESTAT:UNE_RT_A(1.0),29/04/26 23:00:00,A,Y15-24,PC_ACT,T,LT,2017-01-01,13.3,,
ESTAT:UNE_RT_A(1.0),29/04/26 23:00:00,A,Y15-24,PC_ACT,T,LU,2017-01-01,15.4,,
ESTAT:UNE_RT_A(1.0),29/04/26 23:00:00,A,Y15-24,PC_ACT,T,LV,2017-01-01,17.0,,
ESTAT:UNE_RT_A(1.0),29/04/26 23:00:00,A,Y15-24,PC_ACT,T,ME,2017-01-01,31.7,,
ESTAT:UNE_RT_A(1.0),29/04/26 23:00:00,A,Y15-24,PC_ACT,T,MK,2017-01-01,46.7,,
ESTAT:UNE_RT_A(1.0),29/04/26 23:00:00,A,Y15-24,PC_ACT,T,MT,2017-01-01,10.6,,
ESTAT:UNE_RT_A(1.0),29/04/26 23:00:00,A,Y15-24,PC_ACT,T,NL,2017-01-01,10.4,,
ESTAT:UNE_RT_A(1.0),29/04/26 23:00:00,A,Y15-24,PC_ACT,T,NO,2017-01-01,12.6,,
ESTAT:UNE_RT_A(1.0),29/04/26 23:00:00,A,Y15-24,PC_ACT,T,PL,2017-01-01,14.9,,
ESTAT:UNE_RT_A(1.0),29/04/26 23:00:00,A,Y15-24,PC_ACT,T,PT,2017-01-01,23.8,,
ESTAT:UNE_RT_A(1.0),29/04/26 23:00:00,A,Y15-24,PC_ACT,T,RO,2017-01-01,23.0,,
ESTAT:UNE_RT_A(1.0),29/04/26 23:00:00,A,Y15-24,PC_ACT,T,RS,2017-01-01,33.1,,
ESTAT:UNE_RT_A(1.0),29/04/26 23:00:00,A,Y15-24,PC_ACT,T,SE,2017-01-01,17.1,,
ESTAT:UNE_RT_A(1.0),29/04/26 23:00:00,A,Y15-24,PC_ACT,T,SI,2017-01-01,11.3,,
ESTAT:UNE_RT_A(1.0),29/04/26 23:00:00,A,Y15-24,PC_ACT,T,SK,2017-01-01,20.0,,
ESTAT:UNE_RT_A(1.0),29/04/26 23:00:00,A,Y15-24,PC_ACT,T,TR,2017-01-01,20.5,,
ESTAT:UNE_RT_A(1.0),29/04/26 23:00:00,A,Y15-74,PC_ACT,F,AT,2017-01-01,5.3,,
ESTAT:UNE_RT_A(1.0),29/04/26 23:00:00,A,Y15-74,PC_ACT,F,BE,2017-01-01,7.1,b,
ESTAT:UNE_RT_A(1.0),29/04/26 23:00:00,A,Y15-74,PC_ACT,F,BG,2017-01-01,6.9,,
ESTAT:UNE_RT_A(1.0),29/04/26 23:00:00,A,Y15-74,PC_ACT,F,CH,2017-01-01,5.1,,
ESTAT:UNE_RT_A(1.0),29/04/26 23:00:00,A,Y15-74,PC_ACT,F,CY,2017-01-01,11.3,,
ESTAT:UNE_RT_A(1.0),29/04/26 23:00:00,A,Y15-74,PC_ACT,F,CZ,2017-01-01,3.6,,
ESTAT:UNE_RT_A(1.0),29/04/26 23:00:00,A,Y15-74,PC_ACT,F,DE,2017-01-01,3.1,,
ESTAT:UNE_RT_A(1.0),29/04/26 23:00:00,A,Y15-74,PC_ACT,F,DK,2017-01-01,6.1,b,
ESTAT:UNE_RT_A(1.0),29/04/26 23:00:00,A,Y15-74,PC_ACT,F,EA20,2017-01-01,9.5,,
ESTAT:UNE_RT_A(1.0),29/04/26 23:00:00,A,Y15-74,PC_ACT,F,EA21,2017-01-01,9.5,,
ESTAT:UNE_RT_A(1.0),29/04/26 23:00:00,A,Y15-74,PC_ACT,F,EE,2017-01-01,5.1,,
ESTAT:UNE_RT_A(1.0),29/04/26 23:00:00,A,Y15-74,PC_ACT,F,EL,2017-01-01,26.4,,
ESTAT:UNE_RT_A(1.0),29/04/26 23:00:00,A,Y15-74,PC_ACT,F,ES,2017-01-01,19.0,,
ESTAT:UNE_RT_A(1.0),29/04/26 23:00:00,A,Y15-74,PC_ACT,F,EU27_2020,2017-01-01,8.6,,
ESTAT:UNE_RT_A(1.0),29/04/26 23:00:00,A,Y15-74,PC_ACT,F,FI,2017-01-01,8.3,,
ESTAT:UNE_RT_A(1.0),29/04/26 23:00:00,A,Y15-74,PC_ACT,F,FR,2017-01-01,9.4,,
ESTAT:UNE_RT_A(1.0),29/04/26 23:00:00,A,Y15-74,PC_ACT,F,HR,2017-01-01,11.8,,
ESTAT:UNE_RT_A(1.0),29/04/26 23:00:00,A,Y15-74,PC_ACT,F,HU,2017-01-01,4.3,,
ESTAT:UNE_RT_A(1.0),29/04/26 23:00:00,A,Y15-74,PC_ACT,F,IE,2017-01-01,6.3,,
ESTAT:UNE_RT_A(1.0),29/04/26 23:00:00,A,Y15-74,PC_ACT,F,IS,2017-01-01,2.7,,
ESTAT:UNE_RT_A(1.0),29/04/26 23:00:00,A,Y15-74,PC_ACT,F,IT,2017-01-01,12.4,,
ESTAT:UNE_RT_A(1.0),29/04/26 23:00:00,A,Y15-74,PC_ACT,F,LT,2017-01-01,5.7,,
ESTAT:UNE_RT_A(1.0),29/04/26 23:00:00,A,Y15-74,PC_ACT,F,LU,2017-01-01,5.5,,
ESTAT:UNE_RT_A(1.0),29/04/26 23:00:00,A,Y15-74,PC_ACT,F,LV,2017-01-01,7.7,,
ESTAT:UNE_RT_A(1.0),29/04/26 23:00:00,A,Y15-74,PC_ACT,F,ME,2017-01-01,17.0,,
ESTAT:UNE_RT_A(1.0),29/04/26 23:00:00,A,Y15-74,PC_ACT,F,MK,2017-01-01,21.8,,
ESTAT:UNE_RT_A(1.0),29/04/26 23:00:00,A,Y15-74,PC_ACT,F,MT,2017-01-01,4.3,,
ESTAT:UNE_RT_A(1.0),29/04/26 23:00:00,A,Y15-74,PC_ACT,F,NL,2017-01-01,6.4,,
ESTAT:UNE_RT_A(1.0),29/04/26 23:00:00,A,Y15-74,PC_ACT,F,NO,2017-01-01,4.0,,
ESTAT:UNE_RT_A(1.0),29/04/26 23:00:00,A,Y15-74,PC_ACT,F,PL,2017-01-01,5.0,,
ESTAT:UNE_RT_A(1.0),29/04/26 23:00:00,A,Y15-74,PC_ACT,F,PT,2017-01-01,9.6,,
ESTAT:UNE_RT_A(1.0),29/04/26 23:00:00,A,Y15-74,PC_ACT,F,RO,2017-01-01,5.1,,
ESTAT:UNE_RT_A(1.0),29/04/26 23:00:00,A,Y15-74,PC_ACT,F,RS,2017-01-01,15.5,,
ESTAT:UNE_RT_A(1.0),29/04/26 23:00:00,A,Y15-74,PC_ACT,F,SE,2017-01-01,6.5,,
ESTAT:UNE_RT_A(1.0),29/04/26 23:00:00,A,Y15-74,PC_ACT,F,SI,2017-01-01,7.5,,
ESTAT:UNE_RT_A(1.0),29/04/26 23:00:00,A,Y15-74,PC_ACT,F,SK,2017-01-01,8.5,,
ESTAT:UNE_RT_A(1.0),29/04/26 23:00:00,A,Y15-74,PC_ACT,F,TR,2017-01-01,13.9,,
ESTAT:UNE_RT_A(1.0),29/04/26 23:00:00,A,Y15-74,PC_ACT,M,AT,2017-01-01,6.5,,
ESTAT:UNE_RT_A(1.0),29/04/26 23:00:00,A,Y15-74,PC_ACT,M,BE,2017-01-01,7.2,b,
ESTAT:UNE_RT_A(1.0),29/04/26 23:00:00,A,Y15-74,PC_ACT,M,BG,2017-01-01,7.4,,
ESTAT:UNE_RT_A(1.0),29/04/26 23:00:00,A,Y15-74,PC_ACT,M,CH,2017-01-01,4.6,,
ESTAT:UNE_RT_A(1.0),29/04/26 23:00:00,A,Y15-74,PC_ACT,M,CY,2017-01-01,10.9,,
ESTAT:UNE_RT_A(1.0),29/04/26 23:00:00,A,Y15-74,PC_ACT,M,CZ,2017-01-01,2.3,,
ESTAT:UNE_RT_A(1.0),29/04/26 23:00:00,A,Y15-74,PC_ACT,M,DE,2017-01-01,3.9,,
ESTAT:UNE_RT_A(1.0),29/04/26 23:00:00,A,Y15-74,PC_ACT,M,DK,2017-01-01,5.6,b,
ESTAT:UNE_RT_A(1.0),29/04/26 23:00:00,A,Y15-74,PC_ACT,M,EA20,2017-01-01,8.8,,
ESTAT:UNE_RT_A(1.0),29/04/26 23:00:00,A,Y15-74,PC_ACT,M,EA21,2017-01-01,8.8,,
ESTAT:UNE_RT_A(1.0),29/04/26 23:00:00,A,Y15-74,PC_ACT,M,EE,2017-01-01,6.3,,
ESTAT:UNE_RT_A(1.0),29/04/26 23:00:00,A,Y15-74,PC_ACT,M,EL,2017-01-01,18.2,,
ESTAT:UNE_RT_A(1.0),29/04/26 23:00:00,A,Y15-74,PC_ACT,M,ES,2017-01-01,15.7,,
ESTAT:UNE_RT_A(1.0),29/04/26 23:00:00,A,Y15-74,PC_ACT,M,EU27_2020,2017-01-01,8.0,,
ESTAT:UNE_RT_A(1.0),29/04/26 23:00:00,A,Y15-74,PC_ACT,M,FI,2017-01-01,9.1,,
ESTAT:UNE_RT_A(1.0),29/04/26 23:00:00,A,Y15-74,PC_ACT,M,FR,2017-01-01,9.5,,
ESTAT:UNE_RT_A(1.0),29/04/26 23:00:00,A,Y15-74,PC_ACT,M,HR,2017-01-01,10.5,,
ESTAT:UNE_RT_A(1.0),29/04/26 23:00:00,A,Y15-74,PC_ACT,M,HU,2017-01-01,3.8,,
ESTAT:UNE_RT_A(1.0),29/04/26 23:00:00,A,Y15-74,PC_ACT,M,IE,2017-01-01,7.1,,
ESTAT:UNE_RT_A(1.0),29/04/26 23:00:00,A,Y15-74,PC_ACT,M,IS,2017-01-01,2.8,,
ESTAT:UNE_RT_A(1.0),29/04/26 23:00:00,A,Y15-74,PC_ACT,M,IT,2017-01-01,10.4,,
ESTAT:UNE_RT_A(1.0),29/04/26 23:00:00,A,Y15-74,PC_ACT,M,LT,2017-01-01,8.6,,
ESTAT:UNE_RT_A(1.0),29/04/26 23:00:00,A,Y15-74,PC_ACT,M,LU,2017-01-01,5.6,,
ESTAT:UNE_RT_A(1.0),29/04/26 23:00:00,A,Y15-74,PC_ACT,M,LV,2017-01-01,9.8,,
ESTAT:UNE_RT_A(1.0),29/04/26 23:00:00,A,Y15-74,PC_ACT,M,ME,2017-01-01,15.4,,
ESTAT:UNE_RT_A(1.0),29/04/26 23:00:00,A,Y15-74,PC_ACT,M,MK,2017-01-01,22.8,,
ESTAT:UNE_RT_A(1.0),29/04/26 23:00:00,A,Y15-74,PC_ACT,M,MT,2017-01-01,3.8,,
ESTAT:UNE_RT_A(1.0),29/04/26 23:00:00,A,Y15-74,PC_ACT,M,NL,2017-01-01,5.4,,
ESTAT:UNE_RT_A(1.0),29/04/26 23:00:00,A,Y15-74,PC_ACT,M,NO,2017-01-01,4.8,,
ESTAT:UNE_RT_A(1.0),29/04/26 23:00:00,A,Y15-74,PC_ACT,M,PL,2017-01-01,5.0,,
ESTAT:UNE_RT_A(1.0),29/04/26 23:00:00,A,Y15-74,PC_ACT,M,PT,2017-01-01,8.8,,
ESTAT:UNE_RT_A(1.0),29/04/26 23:00:00,A,Y15-74,PC_ACT,M,RO,2017-01-01,6.8,,
ESTAT:UNE_RT_A(1.0),29/04/26 23:00:00,A,Y15-74,PC_ACT,M,RS,2017-01-01,13.9,,
ESTAT:UNE_RT_A(1.0),29/04/26 23:00:00,A,Y15-74,PC_ACT,M,SE,2017-01-01,7.0,,
ESTAT:UNE_RT_A(1.0),29/04/26 23:00:00,A,Y15-74,PC_ACT,M,SI,2017-01-01,5.8,,
ESTAT:UNE_RT_A(1.0),29/04/26 23:00:00,A,Y15-74,PC_ACT,M,SK,2017-01-01,7.7,,
ESTAT:UNE_RT_A(1.0),29/04/26 23:00:00,A,Y15-74,PC_ACT,M,TR,2017-01-01,9.4,,
ESTAT:UNE_RT_A(1.0),29/04/26 23:00:00,A,Y15-74,PC_ACT,T,AT,2017-01-01,5.9,,
ESTAT:UNE_RT_A(1.0),29/04/26 23:00:00,A,Y15-74,PC_ACT,T,BE,2017-01-01,7.2,b,
ESTAT:UNE_RT_A(1.0),29/04/26 23:00:00,A,Y15-74,PC_ACT,T,BG,2017-01-01,7.2,,
ESTAT:UNE_RT_A(1.0),29/04/26 23:00:00,A,Y15-74,PC_ACT,T,CH,2017-01-01,4.8,,
ESTAT:UNE_RT_A(1.0),29/04/26 23:00:00,A,Y15-74,PC_ACT,T,CY,2017-01-01,11.1,,
ESTAT:UNE_RT_A(1.0),29/04/26 23:00:00,A,Y15-74,PC_ACT,T,CZ,2017-01-01,2.9,,
ESTAT:UNE_RT_A(1.0),29/04/26 23:00:00,A,Y15-74,PC_ACT,T,DE,2017-01-01,3.5,,
ESTAT:UNE_RT_A(1.0),29/04/26 23:00:00,A,Y15-74,PC_ACT,T,DK,2017-01-01,5.8,b,
ESTAT:UNE_RT_A(1.0),29/04/26 23:00:00,A,Y15-74,PC_ACT,T,EA20,2017-01-01,9.1,,
ESTAT:UNE_RT_A(1.0),29/04/26 23:00:00,A,Y15-74,PC_ACT,T,EA21,2017-01-01,9.1,,
ESTAT:UNE_RT_A(1.0),29/04/26 23:00:00,A,Y15-74,PC_ACT,T,EE,2017-01-01,5.8,,
ESTAT:UNE_RT_A(1.0),29/04/26 23:00:00,A,Y15-74,PC_ACT,T,EL,2017-01-01,21.8,,
ESTAT:UNE_RT_A(1.0),29/04/26 23:00:00,A,Y15-74,PC_ACT,T,ES,2017-01-01,17.2,,
ESTAT:UNE_RT_A(1.0),29/04/26 23:00:00,A,Y15-74,PC_ACT,T,EU27_2020,2017-01-01,8.3,,
ESTAT:UNE_RT_A(1.0),29/04/26 23:00:00,A,Y15-74,PC_ACT,T,FI,2017-01-01,8.7,,
ESTAT:UNE_RT_A(1.0),29/04/26 23:00:00,A,Y15-74,PC_ACT,T,FR,2017-01-01,9.4,,
ESTAT:UNE_RT_A(1.0),29/04/26 23:00:00,A,Y15-74,PC_ACT,T,HR,2017-01-01,11.1,,
ESTAT:UNE_RT_A(1.0),29/04/26 23:00:00,A,Y15-74,PC_ACT,T,HU,2017-01-01,4.0,,
ESTAT:UNE_RT_A(1.0),29/04/26 23:00:00,A,Y15-74,PC_ACT,T,IE,2017-01-01,6.7,,
ESTAT:UNE_RT_A(1.0),29/04/26 23:00:00,A,Y15-74,PC_ACT,T,IS,2017-01-01,2.7,,
ESTAT:UNE_RT_A(1.0),29/04/26 23:00:00,A,Y15-74,PC_ACT,T,IT,2017-01-01,11.3,,
ESTAT:UNE_RT_A(1.0),29/04/26 23:00:00,A,Y15-74,PC_ACT,T,LT,2017-01-01,7.1,,
ESTAT:UNE_RT_A(1.0),29/04/26 23:00:00,A,Y15-74,PC_ACT,T,LU,2017-01-01,5.5,,
ESTAT:UNE_RT_A(1.0),29/04/26 23:00:00,A,Y15-74,PC_ACT,T,LV,2017-01-01,8.7,,
ESTAT:UNE_RT_A(1.0),29/04/26 23:00:00,A,Y15-74,PC_ACT,T,ME,2017-01-01,16.1,,
ESTAT:UNE_RT_A(1.0),29/04/26 23:00:00,A,Y15-74,PC_ACT,T,MK,2017-01-01,22.4,,
ESTAT:UNE_RT_A(1.0),29/04/26 23:00:00,A,Y15-74,PC_ACT,T,MT,2017-01-01,4.0,,
ESTAT:UNE_RT_A(1.0),29/04/26 23:00:00,A,Y15-74,PC_ACT,T,NL,2017-01-01,5.9,,
ESTAT:UNE_RT_A(1.0),29/04/26 23:00:00,A,Y15-74,PC_ACT,T,NO,2017-01-01,4.4,,
ESTAT:UNE_RT_A(1.0),29/04/26 23:00:00,A,Y15-74,PC_ACT,T,PL,2017-01-01,5.0,,
ESTAT:UNE_RT_A(1.0),29/04/26 23:00:00,A,Y15-74,PC_ACT,T,PT,2017-01-01,9.2,,
ESTAT:UNE_RT_A(1.0),29/04/26 23:00:00,A,Y15-74,PC_ACT,T,RO,2017-01-01,6.1,,
ESTAT:UNE_RT_A(1.0),29/04/26 23:00:00,A,Y15-74,PC_ACT,T,RS,2017-01-01,14.6,,
ESTAT:UNE_RT_A(1.0),29/04/26 23:00:00,A,Y15-74,PC_ACT,T,SE,2017-01-01,6.8,,
ESTAT:UNE_RT_A(1.0),29/04/26 23:00:00,A,Y15-74,PC_ACT,T,SI,2017-01-01,6.6,,
ESTAT:UNE_RT_A(1.0),29/04/26 23:00:00,A,Y15-74,PC_ACT,T,SK,2017-01-01,8.1,,
ESTAT:UNE_RT_A(1.0),29/04/26 23:00:00,A,Y15-74,PC_ACT,T,TR,2017-01-01,10.9,,
ESTAT:UNE_RT_A(1.0),29/04/26 23:00:00,A,Y25-54,PC_ACT,F,AT,2017-01-01,5.0,,
ESTAT:UNE_RT_A(1.0),29/04/26 23:00:00,A,Y25-54,PC_ACT,F,BE,2017-01-01,6.3,b,
ESTAT:UNE_RT_A(1.0),29/04/26 23:00:00,A,Y25-54,PC_ACT,F,BG,2017-01-01,6.8,,
ESTAT:UNE_RT_A(1.0),29/04/26 23:00:00,A,Y25-54,PC_ACT,F,CH,2017-01-01,5.1,,
ESTAT:UNE_RT_A(1.0),29/04/26 23:00:00,A,Y25-54,PC_ACT,F,CY,2017-01-01,10.9,,
ESTAT:UNE_RT_A(1.0),29/04/26 23:00:00,A,Y25-54,PC_ACT,F,CZ,2017-01-01,3.4,,
ESTAT:UNE_RT_A(1.0),29/04/26 23:00:00,A,Y25-54,PC_ACT,F,DE,2017-01-01,2.8,,
ESTAT:UNE_RT_A(1.0),29/04/26 23:00:00,A,Y25-54,PC_ACT,F,DK,2017-01-01,5.5,b,
ESTAT:UNE_RT_A(1.0),29/04/26 23:00:00,A,Y25-54,PC_ACT,F,EA20,2017-01-01,9.2,,
ESTAT:UNE_RT_A(1.0),29/04/26 23:00:00,A,Y25-54,PC_ACT,F,EA21,2017-01-01,9.2,,
ESTAT:UNE_RT_A(1.0),29/04/26 23:00:00,A,Y25-54,PC_ACT,F,EE,2017-01-01,5.2,,
ESTAT:UNE_RT_A(1.0),29/04/26 23:00:00,A,Y25-54,PC_ACT,F,EL,2017-01-01,26.0,,
ESTAT:UNE_RT_A(1.0),29/04/26 23:00:00,A,Y25-54,PC_ACT,F,ES,2017-01-01,18.2,,
ESTAT:UNE_RT_A(1.0),29/04/26 23:00:00,A,Y25-54,PC_ACT,F,EU27_2020,2017-01-01,8.2,,
ESTAT:UNE_RT_A(1.0),29/04/26 23:00:00,A,Y25-54,PC_ACT,F,FI,2017-01-01,6.8,,
ESTAT:UNE_RT_A(1.0),29/04/26 23:00:00,A,Y25-54,PC_ACT,F,FR,2017-01-01,8.4,,
ESTAT:UNE_RT_A(1.0),29/04/26 23:00:00,A,Y25-54,PC_ACT,F,HR,2017-01-01,10.9,,
ESTAT:UNE_RT_A(1.0),29/04/26 23:00:00,A,Y25-54,PC_ACT,F,HU,2017-01-01,3.7,,
ESTAT:UNE_RT_A(1.0),29/04/26 23:00:00,A,Y25-54,PC_ACT,F,IE,2017-01-01,5.4,,
ESTAT:UNE_RT_A(1.0),29/04/26 23:00:00,A,Y25-54,PC_ACT,F,IS,2017-01-01,2.0,,
ESTAT:UNE_RT_A(1.0),29/04/26 23:00:00,A,Y25-54,PC_ACT,F,IT,2017-01-01,12.3,,
ESTAT:UNE_RT_A(1.0),29/04/26 23:00:00,A,Y25-54,PC_ACT,F,LT,2017-01-01,5.1,,
ESTAT:UNE_RT_A(1.0),29/04/26 23:00:00,A,Y25-54,PC_ACT,F,LU,2017-01-01,5.0,,
ESTAT:UNE_RT_A(1.0),29/04/26 23:00:00,A,Y25-54,PC_ACT,F,LV,2017-01-01,7.5,,
ESTAT:UNE_RT_A(1.0),29/04/26 23:00:00,A,Y25-54,PC_ACT,F,ME,2017-01-01,17.0,,
ESTAT:UNE_RT_A(1.0),29/04/26 23:00:00,A,Y25-54,PC_ACT,F,MK,2017-01-01,20.6,,
ESTAT:UNE_RT_A(1.0),29/04/26 23:00:00,A,Y25-54,PC_ACT,F,MT,2017-01-01,3.4,,
ESTAT:UNE_RT_A(1.0),29/04/26 23:00:00,A,Y25-54,PC_ACT,F,NL,2017-01-01,5.3,,
ESTAT:UNE_RT_A(1.0),29/04/26 23:00:00,A,Y25-54,PC_ACT,F,NO,2017-01-01,3.2,,
ESTAT:UNE_RT_A(1.0),29/04/26 23:00:00,A,Y25-54,PC_ACT,F,PL,2017-01-01,4.4,,
ESTAT:UNE_RT_A(1.0),29/04/26 23:00:00,A,Y25-54,PC_ACT,F,PT,2017-01-01,8.5,,
ESTAT:UNE_RT_A(1.0),29/04/26 23:00:00,A,Y25-54,PC_ACT,F,RO,2017-01-01,4.0,,
ESTAT:UNE_RT_A(1.0),29/04/26 23:00:00,A,Y25-54,PC_ACT,F,RS,2017-01-01,15.5,,
ESTAT:UNE_RT_A(1.0),29/04/26 23:00:00,A,Y25-54,PC_ACT,F,SE,2017-01-01,5.5,,
ESTAT:UNE_RT_A(1.0),29/04/26 23:00:00,A,Y25-54,PC_ACT,F,SI,2017-01-01,7.4,,
ESTAT:UNE_RT_A(1.0),29/04/26 23:00:00,A,Y25-54,PC_ACT,F,SK,2017-01-01,8.0,,
ESTAT:UNE_RT_A(1.0),29/04/26 23:00:00,A,Y25-54,PC_ACT,F,TR,2017-01-01,12.4,,
ESTAT:UNE_RT_A(1.0),29/04/26 23:00:00,A,Y25-54,PC_ACT,M,AT,2017-01-01,6.0,,
ESTAT:UNE_RT_A(1.0),29/04/26 23:00:00,A,Y25-54,PC_ACT,M,BE,2017-01-01,6.3,b,
ESTAT:UNE_RT_A(1.0),29/04/26 23:00:00,A,Y25-54,PC_ACT,M,BG,2017-01-01,7.0,,
ESTAT:UNE_RT_A(1.0),29/04/26 23:00:00,A,Y25-54,PC_ACT,M,CH,2017-01-01,4.3,,
ESTAT:UNE_RT_A(1.0),29/04/26 23:00:00,A,Y25-54,PC_ACT,M,CY,2017-01-01,10.0,,
ESTAT:UNE_RT_A(1.0),29/04/26 23:00:00,A,Y25-54,PC_ACT,M,CZ,2017-01-01,2.0,,
ESTAT:UNE_RT_A(1.0),29/04/26 23:00:00,A,Y25-54,PC_ACT,M,DE,2017-01-01,3.6,,
ESTAT:UNE_RT_A(1.0),29/04/26 23:00:00,A,Y25-54,PC_ACT,M,DK,2017-01-01,4.8,b,
ESTAT:UNE_RT_A(1.0),29/04/26 23:00:00,A,Y25-54,PC_ACT,M,EA20,2017-01-01,8.0,,
ESTAT:UNE_RT_A(1.0),29/04/26 23:00:00,A,Y25-54,PC_ACT,M,EA21,2017-01-01,8.0,,
ESTAT:UNE_RT_A(1.0),29/04/26 23:00:00,A,Y25-54,PC_ACT,M,EE,2017-01-01,5.3,,
ESTAT:UNE_RT_A(1.0),29/04/26 23:00:00,A,Y25-54,PC_ACT,M,EL,2017-01-01,17.0,,
ESTAT:UNE_RT_A(1.0),29/04/26 23:00:00,A,Y25-54,PC_ACT,M,ES,2017-01-01,13.9,,
ESTAT:UNE_RT_A(1.0),29/04/26 23:00:00,A,Y25-54,PC_ACT,M,EU27_2020,2017-01-01,7.2,,
ESTAT:UNE_RT_A(1.0),29/04/26 23:00:00,A,Y25-54,PC_ACT,M,FI,2017-01-01,7.5,,
ESTAT:UNE_RT_A(1.0),29/04/26 23:00:00,A,Y25-54,PC_ACT,M,FR,2017-01-01,8.2,,
ESTAT:UNE_RT_A(1.0),29/04/26 23:00:00,A,Y25-54,PC_ACT,M,HR,2017-01-01,9.1,,
ESTAT:UNE_RT_A(1.0),29/04/26 23:00:00,A,Y25-54,PC_ACT,M,HU,2017-01-01,3.4,,
ESTAT:UNE_RT_A(1.0),29/04/26 23:00:00,A,Y25-54,PC_ACT,M,IE,2017-01-01,6.2,,
ESTAT:UNE_RT_A(1.0),29/04/26 23:00:00,A,Y25-54,PC_ACT,M,IS,2017-01-01,1.7,,
ESTAT:UNE_RT_A(1.0),29/04/26 23:00:00,A,Y25-54,PC_ACT,M,IT,2017-01-01,9.8,,
ESTAT:UNE_RT_A(1.0),29/04/26 23:00:00,A,Y25-54,PC_ACT,M,LT,2017-01-01,8.1,,
ESTAT:UNE_RT_A(1.0),29/04/26 23:00:00,A,Y25-54,PC_ACT,M,LU,2017-01-01,4.8,,
ESTAT:UNE_RT_A(1.0),29/04/26 23:00:00,A,Y25-54,PC_ACT,M,LV,2017-01-01,9.0,,
ESTAT:UNE_RT_A(1.0),29/04/26 23:00:00,A,Y25-54,PC_ACT,M,ME,2017-01-01,15.1,,
ESTAT:UNE_RT_A(1.0),29/04/26 23:00:00,A,Y25-54,PC_ACT,M,MK,2017-01-01,20.8,,
ESTAT:UNE_RT_A(1.0),29/04/26 23:00:00,A,Y25-54,PC_ACT,M,MT,2017-01-01,3.1,,
ESTAT:UNE_RT_A(1.0),29/04/26 23:00:00,A,Y25-54,PC_ACT,M,NL,2017-01-01,3.8,,
ESTAT:UNE_RT_A(1.0),29/04/26 23:00:00,A,Y25-54,PC_ACT,M,NO,2017-01-01,3.8,,
ESTAT:UNE_RT_A(1.0),29/04/26 23:00:00,A,Y25-54,PC_ACT,M,PL,2017-01-01,4.1,,
ESTAT:UNE_RT_A(1.0),29/04/26 23:00:00,A,Y25-54,PC_ACT,M,PT,2017-01-01,7.4,,
ESTAT:UNE_RT_A(1.0),29/04/26 23:00:00,A,Y25-54,PC_ACT,M,RO,2017-01-01,5.8,,
ESTAT:UNE_RT_A(1.0),29/04/26 23:00:00,A,Y25-54,PC_ACT,M,RS,2017-01-01,13.6,,
ESTAT:UNE_RT_A(1.0),29/04/26 23:00:00,A,Y25-54,PC_ACT,M,SE,2017-01-01,5.7,,
ESTAT:UNE_RT_A(1.0),29/04/26 23:00:00,A,Y25-54,PC_ACT,M,SI,2017-01-01,5.2,,
ESTAT:UNE_RT_A(1.0),29/04/26 23:00:00,A,Y25-54,PC_ACT,M,SK,2017-01-01,7.1,,
ESTAT:UNE_RT_A(1.0),29/04/26 23:00:00,A,Y25-54,PC_ACT,M,TR,2017-01-01,8.1,,
ESTAT:UNE_RT_A(1.0),29/04/26 23:00:00,A,Y25-54,PC_ACT,T,AT,2017-01-01,5.5,,
ESTAT:UNE_RT_A(1.0),29/04/26 23:00:00,A,Y25-54,PC_ACT,T,BE,2017-01-01,6.3,b,
ESTAT:UNE_RT_A(1.0),29/04/26 23:00:00,A,Y25-54,PC_ACT,T,BG,2017-01-01,6.9,,
ESTAT:UNE_RT_A(1.0),29/04/26 23:00:00,A,Y25-54,PC_ACT,T,CH,2017-01-01,4.7,,
ESTAT:UNE_RT_A(1.0),29/04/26 23:00:00,A,Y25-54,PC_ACT,T,CY,2017-01-01,10.4,,
ESTAT:UNE_RT_A(1.0),29/04/26 23:00:00,A,Y25-54,PC_ACT,T,CZ,2017-01-01,2.7,,
ESTAT:UNE_RT_A(1.0),29/04/26 23:00:00,A,Y25-54,PC_ACT,T,DE,2017-01-01,3.2,,
ESTAT:UNE_RT_A(1.0),29/04/26 23:00:00,A,Y25-54,PC_ACT,T,DK,2017-01-01,5.1,b,
ESTAT:UNE_RT_A(1.0),29/04/26 23:00:00,A,Y25-54,PC_ACT,T,EA20,2017-01-01,8.6,,
ESTAT:UNE_RT_A(1.0),29/04/26 23:00:00,A,Y25-54,PC_ACT,T,EA21,2017-01-01,8.5,,
ESTAT:UNE_RT_A(1.0),29/04/26 23:00:00,A,Y25-54,PC_ACT,T,EE,2017-01-01,5.2,,
ESTAT:UNE_RT_A(1.0),29/04/26 23:00:00,A,Y25-54,PC_ACT,T,EL,2017-01-01,21.1,,
ESTAT:UNE_RT_A(1.0),29/04/26 23:00:00,A,Y25-54,PC_ACT,T,ES,2017-01-01,15.9,,
ESTAT:UNE_RT_A(1.0),29/04/26 23:00:00,A,Y25-54,PC_ACT,T,EU27_2020,2017-01-01,7.7,,
ESTAT:UNE_RT_A(1.0),29/04/26 23:00:00,A,Y25-54,PC_ACT,T,FI,2017-01-01,7.1,,
ESTAT:UNE_RT_A(1.0),29/04/26 23:00:00,A,Y25-54,PC_ACT,T,FR,2017-01-01,8.3,,
ESTAT:UNE_RT_A(1.0),29/04/26 23:00:00,A,Y25-54,PC_ACT,T,HR,2017-01-01,10.0,,
ESTAT:UNE_RT_A(1.0),29/04/26 23:00:00,A,Y25-54,PC_ACT,T,HU,2017-01-01,3.6,,
ESTAT:UNE_RT_A(1.0),29/04/26 23:00:00,A,Y25-54,PC_ACT,T,IE,2017-01-01,5.8,,
ESTAT:UNE_RT_A(1.0),29/04/26 23:00:00,A,Y25-54,PC_ACT,T,IS,2017-01-01,1.8,,
ESTAT:UNE_RT_A(1.0),29/04/26 23:00:00,A,Y25-54,PC_ACT,T,IT,2017-01-01,10.9,,
ESTAT:UNE_RT_A(1.0),29/04/26 23:00:00,A,Y25-54,PC_ACT,T,LT,2017-01-01,6.6,,
ESTAT:UNE_RT_A(1.0),29/04/26 23:00:00,A,Y25-54,PC_ACT,T,LU,2017-01-01,4.9,,
ESTAT:UNE_RT_A(1.0),29/04/26 23:00:00,A,Y25-54,PC_ACT,T,LV,2017-01-01,8.3,,
ESTAT:UNE_RT_A(1.0),29/04/26 23:00:00,A,Y25-54,PC_ACT,T,ME,2017-01-01,15.9,,
ESTAT:UNE_RT_A(1.0),29/04/26 23:00:00,A,Y25-54,PC_ACT,T,MK,2017-01-01,20.7,,
ESTAT:UNE_RT_A(1.0),29/04/26 23:00:00,A,Y25-54,PC_ACT,T,MT,2017-01-01,3.2,,
ESTAT:UNE_RT_A(1.0),29/04/26 23:00:00,A,Y25-54,PC_ACT,T,NL,2017-01-01,4.5,,
ESTAT:UNE_RT_A(1.0),29/04/26 23:00:00,A,Y25-54,PC_ACT,T,NO,2017-01-01,3.5,,
ESTAT:UNE_RT_A(1.0),29/04/26 23:00:00,A,Y25-54,PC_ACT,T,PL,2017-01-01,4.3,,
ESTAT:UNE_RT_A(1.0),29/04/26 23:00:00,A,Y25-54,PC_ACT,T,PT,2017-01-01,7.9,,
ESTAT:UNE_RT_A(1.0),29/04/26 23:00:00,A,Y25-54,PC_ACT,T,RO,2017-01-01,5.0,,
ESTAT:UNE_RT_A(1.0),29/04/26 23:00:00,A,Y25-54,PC_ACT,T,RS,2017-01-01,14.4,,
ESTAT:UNE_RT_A(1.0),29/04/26 23:00:00,A,Y25-54,PC_ACT,T,SE,2017-01-01,5.6,,
ESTAT:UNE_RT_A(1.0),29/04/26 23:00:00,A,Y25-54,PC_ACT,T,SI,2017-01-01,6.3,,
ESTAT:UNE_RT_A(1.0),29/04/26 23:00:00,A,Y25-54,PC_ACT,T,SK,2017-01-01,7.5,,
ESTAT:UNE_RT_A(1.0),29/04/26 23:00:00,A,Y25-54,PC_ACT,T,TR,2017-01-01,9.5,,
ESTAT:UNE_RT_A(1.0),29/04/26 23:00:00,A,Y55-74,PC_ACT,F,AT,2017-01-01,3.6,,
ESTAT:UNE_RT_A(1.0),29/04/26 23:00:00,A,Y55-74,PC_ACT,F,BE,2017-01-01,6.4,b,
ESTAT:UNE_RT_A(1.0),29/04/26 23:00:00,A,Y55-74,PC_ACT,F,BG,2017-01-01,5.9,,
ESTAT:UNE_RT_A(1.0),29/04/26 23:00:00,A,Y55-74,PC_ACT,F,CH,2017-01-01,3.0,,
ESTAT:UNE_RT_A(1.0),29/04/26 23:00:00,A,Y55-74,PC_ACT,F,CY,2017-01-01,5.2,u,
ESTAT:UNE_RT_A(1.0),29/04/26 23:00:00,A,Y55-74,PC_ACT,F,CZ,2017-01-01,2.7,,
ESTAT:UNE_RT_A(1.0),29/04/26 23:00:00,A,Y55-74,PC_ACT,F,DE,2017-01-01,2.7,,
ESTAT:UNE_RT_A(1.0),29/04/26 23:00:00,A,Y55-74,PC_ACT,F,DK,2017-01-01,3.2,b,
ESTAT:UNE_RT_A(1.0),29/04/26 23:00:00,A,Y55-74,PC_ACT,F,EA20,2017-01-01,6.2,,
ESTAT:UNE_RT_A(1.0),29/04/26 23:00:00,A,Y55-74,PC_ACT,F,EA21,2017-01-01,6.2,,
ESTAT:UNE_RT_A(1.0),29/04/26 23:00:00,A,Y55-74,PC_ACT,F,EE,2017-01-01,3.8,,
ESTAT:UNE_RT_A(1.0),29/04/26 23:00:00,A,Y55-74,PC_ACT,F,EL,2017-01-01,19.2,,
ESTAT:UNE_RT_A(1.0),29/04/26 23:00:00,A,Y55-74,PC_ACT,F,ES,2017-01-01,15.4,,
ESTAT:UNE_RT_A(1.0),29/04/26 23:00:00,A,Y55-74,PC_ACT,F,EU27_2020,2017-01-01,5.6,,
ESTAT:UNE_RT_A(1.0),29/04/26 23:00:00,A,Y55-74,PC_ACT,F,FI,2017-01-01,6.4,,
ESTAT:UNE_RT_A(1.0),29/04/26 23:00:00,A,Y55-74,PC_ACT,F,FR,2017-01-01,5.6,,
ESTAT:UNE_RT_A(1.0),29/04/26 23:00:00,A,Y55-74,PC_ACT,F,HR,2017-01-01,7.9,u,
ESTAT:UNE_RT_A(1.0),29/04/26 23:00:00,A,Y55-74,PC_ACT,F,HU,2017-01-01,4.0,,
ESTAT:UNE_RT_A(1.0),29/04/26 23:00:00,A,Y55-74,PC_ACT,F,IE,2017-01-01,5.4,,
ESTAT:UNE_RT_A(1.0),29/04/26 23:00:00,A,Y55-74,PC_ACT,F,IS,2017-01-01,,u,
ESTAT:UNE_RT_A(1.0),29/04/26 23:00:00,A,Y55-74,PC_ACT,F,IT,2017-01-01,4.9,,
ESTAT:UNE_RT_A(1.0),29/04/26 23:00:00,A,Y55-74,PC_ACT,F,LT,2017-01-01,5.6,,
ESTAT:UNE_RT_A(1.0),29/04/26 23:00:00,A,Y55-74,PC_ACT,F,LU,2017-01-01,,u,
ESTAT:UNE_RT_A(1.0),29/04/26 23:00:00,A,Y55-74,PC_ACT,F,LV,2017-01-01,6.2,,
ESTAT:UNE_RT_A(1.0),29/04/26 23:00:00,A,Y55-74,PC_ACT,F,ME,2017-01-01,,u,
ESTAT:UNE_RT_A(1.0),29/04/26 23:00:00,A,Y55-74,PC_ACT,F,MK,2017-01-01,11.8,,
ESTAT:UNE_RT_A(1.0),29/04/26 23:00:00,A,Y55-74,PC_ACT,F,MT,2017-01-01,,u,
ESTAT:UNE_RT_A(1.0),29/04/26 23:00:00,A,Y55-74,PC_ACT,F,NL,2017-01-01,7.1,,
ESTAT:UNE_RT_A(1.0),29/04/26 23:00:00,A,Y55-74,PC_ACT,F,NO,2017-01-01,,u,
ESTAT:UNE_RT_A(1.0),29/04/26 23:00:00,A,Y55-74,PC_ACT,F,PL,2017-01-01,3.0,,
ESTAT:UNE_RT_A(1.0),29/04/26 23:00:00,A,Y55-74,PC_ACT,F,PT,2017-01-01,8.0,,
ESTAT:UNE_RT_A(1.0),29/04/26 23:00:00,A,Y55-74,PC_ACT,F,RO,2017-01-01,3.1,,
ESTAT:UNE_RT_A(1.0),29/04/26 23:00:00,A,Y55-74,PC_ACT,F,RS,2017-01-01,6.8,,
ESTAT:UNE_RT_A(1.0),29/04/26 23:00:00,A,Y55-74,PC_ACT,F,SE,2017-01-01,4.3,,
ESTAT:UNE_RT_A(1.0),29/04/26 23:00:00,A,Y55-74,PC_ACT,F,SI,2017-01-01,4.8,u,
ESTAT:UNE_RT_A(1.0),29/04/26 23:00:00,A,Y55-74,PC_ACT,F,SK,2017-01-01,6.2,,
ESTAT:UNE_RT_A(1.0),29/04/26 23:00:00,A,Y55-74,PC_ACT,F,TR,2017-01-01,2.7,,
ESTAT:UNE_RT_A(1.0),29/04/26 23:00:00,A,Y55-74,PC_ACT,M,AT,2017-01-01,4.8,,
ESTAT:UNE_RT_A(1.0),29/04/26 23:00:00,A,Y55-74,PC_ACT,M,BE,2017-01-01,5.1,b,
ESTAT:UNE_RT_A(1.0),29/04/26 23:00:00,A,Y55-74,PC_ACT,M,BG,2017-01-01,7.1,,
ESTAT:UNE_RT_A(1.0),29/04/26 23:00:00,A,Y55-74,PC_ACT,M,CH,2017-01-01,3.6,,
ESTAT:UNE_RT_A(1.0),29/04/26 23:00:00,A,Y55-74,PC_ACT,M,CY,2017-01-01,8.3,,
ESTAT:UNE_RT_A(1.0),29/04/26 23:00:00,A,Y55-74,PC_ACT,M,CZ,2017-01-01,1.9,,
ESTAT:UNE_RT_A(1.0),29/04/26 23:00:00,A,Y55-74,PC_ACT,M,DE,2017-01-01,3.0,,
ESTAT:UNE_RT_A(1.0),29/04/26 23:00:00,A,Y55-74,PC_ACT,M,DK,2017-01-01,3.3,b,
ESTAT:UNE_RT_A(1.0),29/04/26 23:00:00,A,Y55-74,PC_ACT,M,EA20,2017-01-01,6.6,,
ESTAT:UNE_RT_A(1.0),29/04/26 23:00:00,A,Y55-74,PC_ACT,M,EA21,2017-01-01,6.6,,
ESTAT:UNE_RT_A(1.0),29/04/26 23:00:00,A,Y55-74,PC_ACT,M,EE,2017-01-01,6.8,,
ESTAT:UNE_RT_A(1.0),29/04/26 23:00:00,A,Y55-74,PC_ACT,M,EL,2017-01-01,17.0,,
ESTAT:UNE_RT_A(1.0),29/04/26 23:00:00,A,Y55-74,PC_ACT,M,ES,2017-01-01,14.3,,
ESTAT:UNE_RT_A(1.0),29/04/26 23:00:00,A,Y55-74,PC_ACT,M,EU27_2020,2017-01-01,6.1,,
ESTAT:UNE_RT_A(1.0),29/04/26 23:00:00,A,Y55-74,PC_ACT,M,FI,2017-01-01,7.7,,
ESTAT:UNE_RT_A(1.0),29/04/26 23:00:00,A,Y55-74,PC_ACT,M,FR,2017-01-01,7.2,,
ESTAT:UNE_RT_A(1.0),29/04/26 23:00:00,A,Y55-74,PC_ACT,M,HR,2017-01-01,7.0,,
ESTAT:UNE_RT_A(1.0),29/04/26 23:00:00,A,Y55-74,PC_ACT,M,HU,2017-01-01,2.9,,
ESTAT:UNE_RT_A(1.0),29/04/26 23:00:00,A,Y55-74,PC_ACT,M,IE,2017-01-01,5.1,,
ESTAT:UNE_RT_A(1.0),29/04/26 23:00:00,A,Y55-74,PC_ACT,M,IS,2017-01-01,,u,
ESTAT:UNE_RT_A(1.0),29/04/26 23:00:00,A,Y55-74,PC_ACT,M,IT,2017-01-01,5.8,,
ESTAT:UNE_RT_A(1.0),29/04/26 23:00:00,A,Y55-74,PC_ACT,M,LT,2017-01-01,7.5,,
ESTAT:UNE_RT_A(1.0),29/04/26 23:00:00,A,Y55-74,PC_ACT,M,LU,2017-01-01,3.2,u,
ESTAT:UNE_RT_A(1.0),29/04/26 23:00:00,A,Y55-74,PC_ACT,M,LV,2017-01-01,9.1,,
ESTAT:UNE_RT_A(1.0),29/04/26 23:00:00,A,Y55-74,PC_ACT,M,ME,2017-01-01,7.1,u,
ESTAT:UNE_RT_A(1.0),29/04/26 23:00:00,A,Y55-74,PC_ACT,M,MK,2017-01-01,17.9,,
ESTAT:UNE_RT_A(1.0),29/04/26 23:00:00,A,Y55-74,PC_ACT,M,MT,2017-01-01,2.2,u,
ESTAT:UNE_RT_A(1.0),29/04/26 23:00:00,A,Y55-74,PC_ACT,M,NL,2017-01-01,5.8,,
ESTAT:UNE_RT_A(1.0),29/04/26 23:00:00,A,Y55-74,PC_ACT,M,NO,2017-01-01,2.4,u,
ESTAT:UNE_RT_A(1.0),29/04/26 23:00:00,A,Y55-74,PC_ACT,M,PL,2017-01-01,3.9,,
ESTAT:UNE_RT_A(1.0),29/04/26 23:00:00,A,Y55-74,PC_ACT,M,PT,2017-01-01,8.8,,
ESTAT:UNE_RT_A(1.0),29/04/26 23:00:00,A,Y55-74,PC_ACT,M,RO,2017-01-01,4.5,,
ESTAT:UNE_RT_A(1.0),29/04/26 23:00:00,A,Y55-74,PC_ACT,M,RS,2017-01-01,8.7,,
ESTAT:UNE_RT_A(1.0),29/04/26 23:00:00,A,Y55-74,PC_ACT,M,SE,2017-01-01,5.1,,
ESTAT:UNE_RT_A(1.0),29/04/26 23:00:00,A,Y55-74,PC_ACT,M,SI,2017-01-01,6.6,,
ESTAT:UNE_RT_A(1.0),29/04/26 23:00:00,A,Y55-74,PC_ACT,M,SK,2017-01-01,5.3,,
ESTAT:UNE_RT_A(1.0),29/04/26 23:00:00,A,Y55-74,PC_ACT,M,TR,2017-01-01,6.7,,
ESTAT:UNE_RT_A(1.0),29/04/26 23:00:00,A,Y55-74,PC_ACT,T,AT,2017-01-01,4.3,,
ESTAT:UNE_RT_A(1.0),29/04/26 23:00:00,A,Y55-74,PC_ACT,T,BE,2017-01-01,5.7,b,
ESTAT:UNE_RT_A(1.0),29/04/26 23:00:00,A,Y55-74,PC_ACT,T,BG,2017-01-01,6.6,,
ESTAT:UNE_RT_A(1.0),29/04/26 23:00:00,A,Y55-74,PC_ACT,T,CH,2017-01-01,3.3,,
ESTAT:UNE_RT_A(1.0),29/04/26 23:00:00,A,Y55-74,PC_ACT,T,CY,2017-01-01,7.1,,
ESTAT:UNE_RT_A(1.0),29/04/26 23:00:00,A,Y55-74,PC_ACT,T,CZ,2017-01-01,2.2,,
ESTAT:UNE_RT_A(1.0),29/04/26 23:00:00,A,Y55-74,PC_ACT,T,DE,2017-01-01,2.9,,
ESTAT:UNE_RT_A(1.0),29/04/26 23:00:00,A,Y55-74,PC_ACT,T,DK,2017-01-01,3.3,b,
ESTAT:UNE_RT_A(1.0),29/04/26 23:00:00,A,Y55-74,PC_ACT,T,EA20,2017-01-01,6.4,,
ESTAT:UNE_RT_A(1.0),29/04/26 23:00:00,A,Y55-74,PC_ACT,T,EA21,2017-01-01,6.4,,
ESTAT:UNE_RT_A(1.0),29/04/26 23:00:00,A,Y55-74,PC_ACT,T,EE,2017-01-01,5.1,,
ESTAT:UNE_RT_A(1.0),29/04/26 23:00:00,A,Y55-74,PC_ACT,T,EL,2017-01-01,17.8,,
ESTAT:UNE_RT_A(1.0),29/04/26 23:00:00,A,Y55-74,PC_ACT,T,ES,2017-01-01,14.8,,
ESTAT:UNE_RT_A(1.0),29/04/26 23:00:00,A,Y55-74,PC_ACT,T,EU27_2020,2017-01-01,5.9,,
ESTAT:UNE_RT_A(1.0),29/04/26 23:00:00,A,Y55-74,PC_ACT,T,FI,2017-01-01,7.1,,
ESTAT:UNE_RT_A(1.0),29/04/26 23:00:00,A,Y55-74,PC_ACT,T,FR,2017-01-01,6.4,,
ESTAT:UNE_RT_A(1.0),29/04/26 23:00:00,A,Y55-74,PC_ACT,T,HR,2017-01-01,7.4,,
ESTAT:UNE_RT_A(1.0),29/04/26 23:00:00,A,Y55-74,PC_ACT,T,HU,2017-01-01,3.4,,
ESTAT:UNE_RT_A(1.0),29/04/26 23:00:00,A,Y55-74,PC_ACT,T,IE,2017-01-01,5.2,,
ESTAT:UNE_RT_A(1.0),29/04/26 23:00:00,A,Y55-74,PC_ACT,T,IS,2017-01-01,1.4,,
ESTAT:UNE_RT_A(1.0),29/04/26 23:00:00,A,Y55-74,PC_ACT,T,IT,2017-01-01,5.4,,
ESTAT:UNE_RT_A(1.0),29/04/26 23:00:00,A,Y55-74,PC_ACT,T,LT,2017-01-01,6.5,,
ESTAT:UNE_RT_A(1.0),29/04/26 23:00:00,A,Y55-74,PC_ACT,T,LU,2017-01-01,3.5,,
ESTAT:UNE_RT_A(1.0),29/04/26 23:00:00,A,Y55-74,PC_ACT,T,LV,2017-01-01,7.5,,
ESTAT:UNE_RT_A(1.0),29/04/26 23:00:00,A,Y55-74,PC_ACT,T,ME,2017-01-01,6.6,,
ESTAT:UNE_RT_A(1.0),29/04/26 23:00:00,A,Y55-74,PC_ACT,T,MK,2017-01-01,15.9,,
ESTAT:UNE_RT_A(1.0),29/04/26 23:00:00,A,Y55-74,PC_ACT,T,MT,2017-01-01,2.3,u,
ESTAT:UNE_RT_A(1.0),29/04/26 23:00:00,A,Y55-74,PC_ACT,T,NL,2017-01-01,6.3,,
ESTAT:UNE_RT_A(1.0),29/04/26 23:00:00,A,Y55-74,PC_ACT,T,NO,2017-01-01,1.7,u,
ESTAT:UNE_RT_A(1.0),29/04/26 23:00:00,A,Y55-74,PC_ACT,T,PL,2017-01-01,3.5,,
ESTAT:UNE_RT_A(1.0),29/04/26 23:00:00,A,Y55-74,PC_ACT,T,PT,2017-01-01,8.4,,
ESTAT:UNE_RT_A(1.0),29/04/26 23:00:00,A,Y55-74,PC_ACT,T,RO,2017-01-01,4.0,,
ESTAT:UNE_RT_A(1.0),29/04/26 23:00:00,A,Y55-74,PC_ACT,T,RS,2017-01-01,8.0,,
ESTAT:UNE_RT_A(1.0),29/04/26 23:00:00,A,Y55-74,PC_ACT,T,SE,2017-01-01,4.7,,
ESTAT:UNE_RT_A(1.0),29/04/26 23:00:00,A,Y55-74,PC_ACT,T,SI,2017-01-01,5.8,,
ESTAT:UNE_RT_A(1.0),29/04/26 23:00:00,A,Y55-74,PC_ACT,T,SK,2017-01-01,5.8,,
ESTAT:UNE_RT_A(1.0),29/04/26 23:00:00,A,Y55-74,PC_ACT,T,TR,2017-01-01,5.6,,
ESTAT:UNE_RT_A(1.0),29/04/26 23:00:00,A,Y15-24,PC_ACT,F,AT,2018-01-01,9.8,,
ESTAT:UNE_RT_A(1.0),29/04/26 23:00:00,A,Y15-24,PC_ACT,F,BE,2018-01-01,15.3,,
ESTAT:UNE_RT_A(1.0),29/04/26 23:00:00,A,Y15-24,PC_ACT,F,BG,2018-01-01,15.7,,
ESTAT:UNE_RT_A(1.0),29/04/26 23:00:00,A,Y15-24,PC_ACT,F,CH,2018-01-01,7.5,,
ESTAT:UNE_RT_A(1.0),29/04/26 23:00:00,A,Y15-24,PC_ACT,F,CY,2018-01-01,16.2,,
ESTAT:UNE_RT_A(1.0),29/04/26 23:00:00,A,Y15-24,PC_ACT,F,CZ,2018-01-01,7.2,,
ESTAT:UNE_RT_A(1.0),29/04/26 23:00:00,A,Y15-24,PC_ACT,F,DE,2018-01-01,5.5,,
ESTAT:UNE_RT_A(1.0),29/04/26 23:00:00,A,Y15-24,PC_ACT,F,DK,2018-01-01,9.2,,
ESTAT:UNE_RT_A(1.0),29/04/26 23:00:00,A,Y15-24,PC_ACT,F,EA20,2018-01-01,17.3,,
ESTAT:UNE_RT_A(1.0),29/04/26 23:00:00,A,Y15-24,PC_ACT,F,EA21,2018-01-01,17.3,,
ESTAT:UNE_RT_A(1.0),29/04/26 23:00:00,A,Y15-24,PC_ACT,F,EE,2018-01-01,11.1,,
ESTAT:UNE_RT_A(1.0),29/04/26 23:00:00,A,Y15-24,PC_ACT,F,EL,2018-01-01,45.4,,
ESTAT:UNE_RT_A(1.0),29/04/26 23:00:00,A,Y15-24,PC_ACT,F,ES,2018-01-01,33.3,,
ESTAT:UNE_RT_A(1.0),29/04/26 23:00:00,A,Y15-24,PC_ACT,F,EU27_2020,2018-01-01,16.5,,
ESTAT:UNE_RT_A(1.0),29/04/26 23:00:00,A,Y15-24,PC_ACT,F,FI,2018-01-01,17.0,,
ESTAT:UNE_RT_A(1.0),29/04/26 23:00:00,A,Y15-24,PC_ACT,F,FR,2018-01-01,23.5,,
ESTAT:UNE_RT_A(1.0),29/04/26 23:00:00,A,Y15-24,PC_ACT,F,HR,2018-01-01,29.1,,
ESTAT:UNE_RT_A(1.0),29/04/26 23:00:00,A,Y15-24,PC_ACT,F,HU,2018-01-01,10.0,b,
ESTAT:UNE_RT_A(1.0),29/04/26 23:00:00,A,Y15-24,PC_ACT,F,IE,2018-01-01,12.6,,
ESTAT:UNE_RT_A(1.0),29/04/26 23:00:00,A,Y15-24,PC_ACT,F,IS,2018-01-01,5.6,,
ESTAT:UNE_RT_A(1.0),29/04/26 23:00:00,A,Y15-24,PC_ACT,F,IT,2018-01-01,34.9,b,
ESTAT:UNE_RT_A(1.0),29/04/26 23:00:00,A,Y15-24,PC_ACT,F,LT,2018-01-01,10.1,,
ESTAT:UNE_RT_A(1.0),29/04/26 23:00:00,A,Y15-24,PC_ACT,F,LU,2018-01-01,11.9,,
ESTAT:UNE_RT_A(1.0),29/04/26 23:00:00,A,Y15-24,PC_ACT,F,LV,2018-01-01,11.8,,
ESTAT:UNE_RT_A(1.0),29/04/26 23:00:00,A,Y15-24,PC_ACT,F,ME,2018-01-01,23.6,,
ESTAT:UNE_RT_A(1.0),29/04/26 23:00:00,A,Y15-24,PC_ACT,F,MK,2018-01-01,43.2,,
ESTAT:UNE_RT_A(1.0),29/04/26 23:00:00,A,Y15-24,PC_ACT,F,MT,2018-01-01,6.7,,
ESTAT:UNE_RT_A(1.0),29/04/26 23:00:00,A,Y15-24,PC_ACT,F,NL,2018-01-01,7.6,,
ESTAT:UNE_RT_A(1.0),29/04/26 23:00:00,A,Y15-24,PC_ACT,F,NO,2018-01-01,10.7,,
ESTAT:UNE_RT_A(1.0),29/04/26 23:00:00,A,Y15-24,PC_ACT,F,PL,2018-01-01,12.1,,
ESTAT:UNE_RT_A(1.0),29/04/26 23:00:00,A,Y15-24,PC_ACT,F,PT,2018-01-01,20.4,,
ESTAT:UNE_RT_A(1.0),29/04/26 23:00:00,A,Y15-24,PC_ACT,F,RO,2018-01-01,20.7,,
ESTAT:UNE_RT_A(1.0),29/04/26 23:00:00,A,Y15-24,PC_ACT,F,RS,2018-01-01,33.7,,
ESTAT:UNE_RT_A(1.0),29/04/26 23:00:00,A,Y15-24,PC_ACT,F,SE,2018-01-01,15.9,,
ESTAT:UNE_RT_A(1.0),29/04/26 23:00:00,A,Y15-24,PC_ACT,F,SI,2018-01-01,9.6,u,
ESTAT:UNE_RT_A(1.0),29/04/26 23:00:00,A,Y15-24,PC_ACT,F,SK,2018-01-01,18.0,,
ESTAT:UNE_RT_A(1.0),29/04/26 23:00:00,A,Y15-24,PC_ACT,F,TR,2018-01-01,25.0,,
ESTAT:UNE_RT_A(1.0),29/04/26 23:00:00,A,Y15-24,PC_ACT,M,AT,2018-01-01,10.3,,
ESTAT:UNE_RT_A(1.0),29/04/26 23:00:00,A,Y15-24,PC_ACT,M,BE,2018-01-01,16.5,,
ESTAT:UNE_RT_A(1.0),29/04/26 23:00:00,A,Y15-24,PC_ACT,M,BG,2018-01-01,16.0,,
ESTAT:UNE_RT_A(1.0),29/04/26 23:00:00,A,Y15-24,PC_ACT,M,CH,2018-01-01,8.4,,
ESTAT:UNE_RT_A(1.0),29/04/26 23:00:00,A,Y15-24,PC_ACT,M,CY,2018-01-01,25.0,,
ESTAT:UNE_RT_A(1.0),29/04/26 23:00:00,A,Y15-24,PC_ACT,M,CZ,2018-01-01,6.4,,
ESTAT:UNE_RT_A(1.0),29/04/26 23:00:00,A,Y15-24,PC_ACT,M,DE,2018-01-01,7.5,,
ESTAT:UNE_RT_A(1.0),29/04/26 23:00:00,A,Y15-24,PC_ACT,M,DK,2018-01-01,11.8,,
ESTAT:UNE_RT_A(1.0),29/04/26 23:00:00,A,Y15-24,PC_ACT,M,EA20,2018-01-01,17.8,,
ESTAT:UNE_RT_A(1.0),29/04/26 23:00:00,A,Y15-24,PC_ACT,M,EA21,2018-01-01,17.8,,
ESTAT:UNE_RT_A(1.0),29/04/26 23:00:00,A,Y15-24,PC_ACT,M,EE,2018-01-01,12.9,,
ESTAT:UNE_RT_A(1.0),29/04/26 23:00:00,A,Y15-24,PC_ACT,M,EL,2018-01-01,37.7,,
ESTAT:UNE_RT_A(1.0),29/04/26 23:00:00,A,Y15-24,PC_ACT,M,ES,2018-01-01,35.2,,
ESTAT:UNE_RT_A(1.0),29/04/26 23:00:00,A,Y15-24,PC_ACT,M,EU27_2020,2018-01-01,16.9,,
ESTAT:UNE_RT_A(1.0),29/04/26 23:00:00,A,Y15-24,PC_ACT,M,FI,2018-01-01,17.7,,
ESTAT:UNE_RT_A(1.0),29/04/26 23:00:00,A,Y15-24,PC_ACT,M,FR,2018-01-01,20.8,,
ESTAT:UNE_RT_A(1.0),29/04/26 23:00:00,A,Y15-24,PC_ACT,M,HR,2018-01-01,19.3,,
ESTAT:UNE_RT_A(1.0),29/04/26 23:00:00,A,Y15-24,PC_ACT,M,HU,2018-01-01,9.8,b,
ESTAT:UNE_RT_A(1.0),29/04/26 23:00:00,A,Y15-24,PC_ACT,M,IE,2018-01-01,14.8,,
ESTAT:UNE_RT_A(1.0),29/04/26 23:00:00,A,Y15-24,PC_ACT,M,IS,2018-01-01,6.5,,
ESTAT:UNE_RT_A(1.0),29/04/26 23:00:00,A,Y15-24,PC_ACT,M,IT,2018-01-01,30.4,b,
ESTAT:UNE_RT_A(1.0),29/04/26 23:00:00,A,Y15-24,PC_ACT,M,LT,2018-01-01,12.0,,
ESTAT:UNE_RT_A(1.0),29/04/26 23:00:00,A,Y15-24,PC_ACT,M,LU,2018-01-01,16.3,,
ESTAT:UNE_RT_A(1.0),29/04/26 23:00:00,A,Y15-24,PC_ACT,M,LV,2018-01-01,12.5,,
ESTAT:UNE_RT_A(1.0),29/04/26 23:00:00,A,Y15-24,PC_ACT,M,ME,2018-01-01,33.3,,
ESTAT:UNE_RT_A(1.0),29/04/26 23:00:00,A,Y15-24,PC_ACT,M,MK,2018-01-01,46.6,,
ESTAT:UNE_RT_A(1.0),29/04/26 23:00:00,A,Y15-24,PC_ACT,M,MT,2018-01-01,11.7,,
ESTAT:UNE_RT_A(1.0),29/04/26 23:00:00,A,Y15-24,PC_ACT,M,NL,2018-01-01,10.2,,
ESTAT:UNE_RT_A(1.0),29/04/26 23:00:00,A,Y15-24,PC_ACT,M,NO,2018-01-01,12.0,,
ESTAT:UNE_RT_A(1.0),29/04/26 23:00:00,A,Y15-24,PC_ACT,M,PL,2018-01-01,11.6,,
ESTAT:UNE_RT_A(1.0),29/04/26 23:00:00,A,Y15-24,PC_ACT,M,PT,2018-01-01,20.1,,
ESTAT:UNE_RT_A(1.0),29/04/26 23:00:00,A,Y15-24,PC_ACT,M,RO,2018-01-01,20.4,,
ESTAT:UNE_RT_A(1.0),29/04/26 23:00:00,A,Y15-24,PC_ACT,M,RS,2018-01-01,29.2,,
ESTAT:UNE_RT_A(1.0),29/04/26 23:00:00,A,Y15-24,PC_ACT,M,SE,2018-01-01,17.6,,
ESTAT:UNE_RT_A(1.0),29/04/26 23:00:00,A,Y15-24,PC_ACT,M,SI,2018-01-01,8.3,u,
ESTAT:UNE_RT_A(1.0),29/04/26 23:00:00,A,Y15-24,PC_ACT,M,SK,2018-01-01,14.4,,
ESTAT:UNE_RT_A(1.0),29/04/26 23:00:00,A,Y15-24,PC_ACT,M,TR,2018-01-01,17.5,,
ESTAT:UNE_RT_A(1.0),29/04/26 23:00:00,A,Y15-24,PC_ACT,T,AT,2018-01-01,10.0,,
ESTAT:UNE_RT_A(1.0),29/04/26 23:00:00,A,Y15-24,PC_ACT,T,BE,2018-01-01,16.0,,
ESTAT:UNE_RT_A(1.0),29/04/26 23:00:00,A,Y15-24,PC_ACT,T,BG,2018-01-01,15.9,,
ESTAT:UNE_RT_A(1.0),29/04/26 23:00:00,A,Y15-24,PC_ACT,T,CH,2018-01-01,7.9,,
ESTAT:UNE_RT_A(1.0),29/04/26 23:00:00,A,Y15-24,PC_ACT,T,CY,2018-01-01,20.2,,
ESTAT:UNE_RT_A(1.0),29/04/26 23:00:00,A,Y15-24,PC_ACT,T,CZ,2018-01-01,6.7,,
ESTAT:UNE_RT_A(1.0),29/04/26 23:00:00,A,Y15-24,PC_ACT,T,DE,2018-01-01,6.6,,
ESTAT:UNE_RT_A(1.0),29/04/26 23:00:00,A,Y15-24,PC_ACT,T,DK,2018-01-01,10.5,,
ESTAT:UNE_RT_A(1.0),29/04/26 23:00:00,A,Y15-24,PC_ACT,T,EA20,2018-01-01,17.6,,
ESTAT:UNE_RT_A(1.0),29/04/26 23:00:00,A,Y15-24,PC_ACT,T,EA21,2018-01-01,17.5,,
ESTAT:UNE_RT_A(1.0),29/04/26 23:00:00,A,Y15-24,PC_ACT,T,EE,2018-01-01,12.0,,
ESTAT:UNE_RT_A(1.0),29/04/26 23:00:00,A,Y15-24,PC_ACT,T,EL,2018-01-01,41.2,,
ESTAT:UNE_RT_A(1.0),29/04/26 23:00:00,A,Y15-24,PC_ACT,T,ES,2018-01-01,34.3,,
ESTAT:UNE_RT_A(1.0),29/04/26 23:00:00,A,Y15-24,PC_ACT,T,EU27_2020,2018-01-01,16.7,,
ESTAT:UNE_RT_A(1.0),29/04/26 23:00:00,A,Y15-24,PC_ACT,T,FI,2018-01-01,17.3,,
ESTAT:UNE_RT_A(1.0),29/04/26 23:00:00,A,Y15-24,PC_ACT,T,FR,2018-01-01,22.0,,
ESTAT:UNE_RT_A(1.0),29/04/26 23:00:00,A,Y15-24,PC_ACT,T,HR,2018-01-01,23.5,,
ESTAT:UNE_RT_A(1.0),29/04/26 23:00:00,A,Y15-24,PC_ACT,T,HU,2018-01-01,9.9,b,
ESTAT:UNE_RT_A(1.0),29/04/26 23:00:00,A,Y15-24,PC_ACT,T,IE,2018-01-01,13.8,,
ESTAT:UNE_RT_A(1.0),29/04/26 23:00:00,A,Y15-24,PC_ACT,T,IS,2018-01-01,6.1,,
ESTAT:UNE_RT_A(1.0),29/04/26 23:00:00,A,Y15-24,PC_ACT,T,IT,2018-01-01,32.2,b,
ESTAT:UNE_RT_A(1.0),29/04/26 23:00:00,A,Y15-24,PC_ACT,T,LT,2018-01-01,11.1,,
ESTAT:UNE_RT_A(1.0),29/04/26 23:00:00,A,Y15-24,PC_ACT,T,LU,2018-01-01,14.2,,
ESTAT:UNE_RT_A(1.0),29/04/26 23:00:00,A,Y15-24,PC_ACT,T,LV,2018-01-01,12.2,,
ESTAT:UNE_RT_A(1.0),29/04/26 23:00:00,A,Y15-24,PC_ACT,T,ME,2018-01-01,29.4,,
ESTAT:UNE_RT_A(1.0),29/04/26 23:00:00,A,Y15-24,PC_ACT,T,MK,2018-01-01,45.4,,
ESTAT:UNE_RT_A(1.0),29/04/26 23:00:00,A,Y15-24,PC_ACT,T,MT,2018-01-01,9.4,,
ESTAT:UNE_RT_A(1.0),29/04/26 23:00:00,A,Y15-24,PC_ACT,T,NL,2018-01-01,8.9,,
ESTAT:UNE_RT_A(1.0),29/04/26 23:00:00,A,Y15-24,PC_ACT,T,NO,2018-01-01,11.4,,
ESTAT:UNE_RT_A(1.0),29/04/26 23:00:00,A,Y15-24,PC_ACT,T,PL,2018-01-01,11.8,,
ESTAT:UNE_RT_A(1.0),29/04/26 23:00:00,A,Y15-24,PC_ACT,T,PT,2018-01-01,20.2,,
ESTAT:UNE_RT_A(1.0),29/04/26 23:00:00,A,Y15-24,PC_ACT,T,RO,2018-01-01,20.5,,
ESTAT:UNE_RT_A(1.0),29/04/26 23:00:00,A,Y15-24,PC_ACT,T,RS,2018-01-01,30.9,,
ESTAT:UNE_RT_A(1.0),29/04/26 23:00:00,A,Y15-24,PC_ACT,T,SE,2018-01-01,16.8,,
ESTAT:UNE_RT_A(1.0),29/04/26 23:00:00,A,Y15-24,PC_ACT,T,SI,2018-01-01,8.9,,
ESTAT:UNE_RT_A(1.0),29/04/26 23:00:00,A,Y15-24,PC_ACT,T,SK,2018-01-01,15.8,,
ESTAT:UNE_RT_A(1.0),29/04/26 23:00:00,A,Y15-24,PC_ACT,T,TR,2018-01-01,20.2,,
ESTAT:UNE_RT_A(1.0),29/04/26 23:00:00,A,Y15-74,PC_ACT,F,AT,2018-01-01,4.9,,
ESTAT:UNE_RT_A(1.0),29/04/26 23:00:00,A,Y15-74,PC_ACT,F,BE,2018-01-01,5.6,,
ESTAT:UNE_RT_A(1.0),29/04/26 23:00:00,A,Y15-74,PC_ACT,F,BG,2018-01-01,5.6,,
ESTAT:UNE_RT_A(1.0),29/04/26 23:00:00,A,Y15-74,PC_ACT,F,CH,2018-01-01,5.1,,
ESTAT:UNE_RT_A(1.0),29/04/26 23:00:00,A,Y15-74,PC_ACT,F,CY,2018-01-01,8.8,,
ESTAT:UNE_RT_A(1.0),29/04/26 23:00:00,A,Y15-74,PC_ACT,F,CZ,2018-01-01,2.8,,
ESTAT:UNE_RT_A(1.0),29/04/26 23:00:00,A,Y15-74,PC_ACT,F,DE,2018-01-01,2.7,,
ESTAT:UNE_RT_A(1.0),29/04/26 23:00:00,A,Y15-74,PC_ACT,F,DK,2018-01-01,5.3,,
ESTAT:UNE_RT_A(1.0),29/04/26 23:00:00,A,Y15-74,PC_ACT,F,EA20,2018-01-01,8.6,,
ESTAT:UNE_RT_A(1.0),29/04/26 23:00:00,A,Y15-74,PC_ACT,F,EA21,2018-01-01,8.6,,
ESTAT:UNE_RT_A(1.0),29/04/26 23:00:00,A,Y15-74,PC_ACT,F,EE,2018-01-01,5.2,,
ESTAT:UNE_RT_A(1.0),29/04/26 23:00:00,A,Y15-74,PC_ACT,F,EL,2018-01-01,24.7,,
ESTAT:UNE_RT_A(1.0),29/04/26 23:00:00,A,Y15-74,PC_ACT,F,ES,2018-01-01,17.0,,
ESTAT:UNE_RT_A(1.0),29/04/26 23:00:00,A,Y15-74,PC_ACT,F,EU27_2020,2018-01-01,7.7,,
ESTAT:UNE_RT_A(1.0),29/04/26 23:00:00,A,Y15-74,PC_ACT,F,FI,2018-01-01,7.2,,
ESTAT:UNE_RT_A(1.0),29/04/26 23:00:00,A,Y15-74,PC_ACT,F,FR,2018-01-01,9.0,,
ESTAT:UNE_RT_A(1.0),29/04/26 23:00:00,A,Y15-74,PC_ACT,F,HR,2018-01-01,9.3,,
ESTAT:UNE_RT_A(1.0),29/04/26 23:00:00,A,Y15-74,PC_ACT,F,HU,2018-01-01,3.7,b,
ESTAT:UNE_RT_A(1.0),29/04/26 23:00:00,A,Y15-74,PC_ACT,F,IE,2018-01-01,5.7,,
ESTAT:UNE_RT_A(1.0),29/04/26 23:00:00,A,Y15-74,PC_ACT,F,IS,2018-01-01,2.5,,
ESTAT:UNE_RT_A(1.0),29/04/26 23:00:00,A,Y15-74,PC_ACT,F,IT,2018-01-01,11.7,b,
ESTAT:UNE_RT_A(1.0),29/04/26 23:00:00,A,Y15-74,PC_ACT,F,LT,2018-01-01,5.4,,
ESTAT:UNE_RT_A(1.0),29/04/26 23:00:00,A,Y15-74,PC_ACT,F,LU,2018-01-01,5.9,,
ESTAT:UNE_RT_A(1.0),29/04/26 23:00:00,A,Y15-74,PC_ACT,F,LV,2018-01-01,6.5,,
ESTAT:UNE_RT_A(1.0),29/04/26 23:00:00,A,Y15-74,PC_ACT,F,ME,2018-01-01,15.1,,
ESTAT:UNE_RT_A(1.0),29/04/26 23:00:00,A,Y15-74,PC_ACT,F,MK,2018-01-01,19.9,,
ESTAT:UNE_RT_A(1.0),29/04/26 23:00:00,A,Y15-74,PC_ACT,F,MT,2018-01-01,3.7,,
ESTAT:UNE_RT_A(1.0),29/04/26 23:00:00,A,Y15-74,PC_ACT,F,NL,2018-01-01,5.1,,
ESTAT:UNE_RT_A(1.0),29/04/26 23:00:00,A,Y15-74,PC_ACT,F,NO,2018-01-01,3.8,,
ESTAT:UNE_RT_A(1.0),29/04/26 23:00:00,A,Y15-74,PC_ACT,F,PL,2018-01-01,3.9,,
ESTAT:UNE_RT_A(1.0),29/04/26 23:00:00,A,Y15-74,PC_ACT,F,PT,2018-01-01,7.6,,
ESTAT:UNE_RT_A(1.0),29/04/26 23:00:00,A,Y15-74,PC_ACT,F,RO,2018-01-01,4.5,,
ESTAT:UNE_RT_A(1.0),29/04/26 23:00:00,A,Y15-74,PC_ACT,F,RS,2018-01-01,14.8,,
ESTAT:UNE_RT_A(1.0),29/04/26 23:00:00,A,Y15-74,PC_ACT,F,SE,2018-01-01,6.4,,
ESTAT:UNE_RT_A(1.0),29/04/26 23:00:00,A,Y15-74,PC_ACT,F,SI,2018-01-01,5.7,,
ESTAT:UNE_RT_A(1.0),29/04/26 23:00:00,A,Y15-74,PC_ACT,F,SK,2018-01-01,7.1,,
ESTAT:UNE_RT_A(1.0),29/04/26 23:00:00,A,Y15-74,PC_ACT,F,TR,2018-01-01,13.8,,
ESTAT:UNE_RT_A(1.0),29/04/26 23:00:00,A,Y15-74,PC_ACT,M,AT,2018-01-01,5.5,,
ESTAT:UNE_RT_A(1.0),29/04/26 23:00:00,A,Y15-74,PC_ACT,M,BE,2018-01-01,6.4,,
ESTAT:UNE_RT_A(1.0),29/04/26 23:00:00,A,Y15-74,PC_ACT,M,BG,2018-01-01,6.7,,
ESTAT:UNE_RT_A(1.0),29/04/26 23:00:00,A,Y15-74,PC_ACT,M,CH,2018-01-01,4.4,,
ESTAT:UNE_RT_A(1.0),29/04/26 23:00:00,A,Y15-74,PC_ACT,M,CY,2018-01-01,8.1,,
ESTAT:UNE_RT_A(1.0),29/04/26 23:00:00,A,Y15-74,PC_ACT,M,CZ,2018-01-01,1.8,,
ESTAT:UNE_RT_A(1.0),29/04/26 23:00:00,A,Y15-74,PC_ACT,M,DE,2018-01-01,3.6,,
ESTAT:UNE_RT_A(1.0),29/04/26 23:00:00,A,Y15-74,PC_ACT,M,DK,2018-01-01,4.9,,
ESTAT:UNE_RT_A(1.0),29/04/26 23:00:00,A,Y15-74,PC_ACT,M,EA20,2018-01-01,7.9,,
ESTAT:UNE_RT_A(1.0),29/04/26 23:00:00,A,Y15-74,PC_ACT,M,EA21,2018-01-01,7.9,,
ESTAT:UNE_RT_A(1.0),29/04/26 23:00:00,A,Y15-74,PC_ACT,M,EE,2018-01-01,5.6,,
ESTAT:UNE_RT_A(1.0),29/04/26 23:00:00,A,Y15-74,PC_ACT,M,EL,2018-01-01,15.8,,
ESTAT:UNE_RT_A(1.0),29/04/26 23:00:00,A,Y15-74,PC_ACT,M,ES,2018-01-01,13.7,,
ESTAT:UNE_RT_A(1.0),29/04/26 23:00:00,A,Y15-74,PC_ACT,M,EU27_2020,2018-01-01,7.1,,
ESTAT:UNE_RT_A(1.0),29/04/26 23:00:00,A,Y15-74,PC_ACT,M,FI,2018-01-01,7.7,,
ESTAT:UNE_RT_A(1.0),29/04/26 23:00:00,A,Y15-74,PC_ACT,M,FR,2018-01-01,9.0,,
ESTAT:UNE_RT_A(1.0),29/04/26 23:00:00,A,Y15-74,PC_ACT,M,HR,2018-01-01,7.5,,
ESTAT:UNE_RT_A(1.0),29/04/26 23:00:00,A,Y15-74,PC_ACT,M,HU,2018-01-01,3.4,b,
ESTAT:UNE_RT_A(1.0),29/04/26 23:00:00,A,Y15-74,PC_ACT,M,IE,2018-01-01,5.8,,
ESTAT:UNE_RT_A(1.0),29/04/26 23:00:00,A,Y15-74,PC_ACT,M,IS,2018-01-01,2.8,,
ESTAT:UNE_RT_A(1.0),29/04/26 23:00:00,A,Y15-74,PC_ACT,M,IT,2018-01-01,9.7,b,
ESTAT:UNE_RT_A(1.0),29/04/26 23:00:00,A,Y15-74,PC_ACT,M,LT,2018-01-01,6.9,,
ESTAT:UNE_RT_A(1.0),29/04/26 23:00:00,A,Y15-74,PC_ACT,M,LU,2018-01-01,5.3,,
ESTAT:UNE_RT_A(1.0),29/04/26 23:00:00,A,Y15-74,PC_ACT,M,LV,2018-01-01,8.4,,
ESTAT:UNE_RT_A(1.0),29/04/26 23:00:00,A,Y15-74,PC_ACT,M,ME,2018-01-01,15.3,,
ESTAT:UNE_RT_A(1.0),29/04/26 23:00:00,A,Y15-74,PC_ACT,M,MK,2018-01-01,21.3,,
ESTAT:UNE_RT_A(1.0),29/04/26 23:00:00,A,Y15-74,PC_ACT,M,MT,2018-01-01,4.1,,
ESTAT:UNE_RT_A(1.0),29/04/26 23:00:00,A,Y15-74,PC_ACT,M,NL,2018-01-01,4.7,,
ESTAT:UNE_RT_A(1.0),29/04/26 23:00:00,A,Y15-74,PC_ACT,M,NO,2018-01-01,4.2,,
ESTAT:UNE_RT_A(1.0),29/04/26 23:00:00,A,Y15-74,PC_ACT,M,PL,2018-01-01,3.9,,
ESTAT:UNE_RT_A(1.0),29/04/26 23:00:00,A,Y15-74,PC_ACT,M,PT,2018-01-01,6.9,,
ESTAT:UNE_RT_A(1.0),29/04/26 23:00:00,A,Y15-74,PC_ACT,M,RO,2018-01-01,5.8,,
ESTAT:UNE_RT_A(1.0),29/04/26 23:00:00,A,Y15-74,PC_ACT,M,RS,2018-01-01,12.9,,
ESTAT:UNE_RT_A(1.0),29/04/26 23:00:00,A,Y15-74,PC_ACT,M,SE,2018-01-01,6.5,,
ESTAT:UNE_RT_A(1.0),29/04/26 23:00:00,A,Y15-74,PC_ACT,M,SI,2018-01-01,4.6,,
ESTAT:UNE_RT_A(1.0),29/04/26 23:00:00,A,Y15-74,PC_ACT,M,SK,2018-01-01,6.0,,
ESTAT:UNE_RT_A(1.0),29/04/26 23:00:00,A,Y15-74,PC_ACT,M,TR,2018-01-01,9.6,,
ESTAT:UNE_RT_A(1.0),29/04/26 23:00:00,A,Y15-74,PC_ACT,T,AT,2018-01-01,5.2,,
ESTAT:UNE_RT_A(1.0),29/04/26 23:00:00,A,Y15-74,PC_ACT,T,BE,2018-01-01,6.0,,
ESTAT:UNE_RT_A(1.0),29/04/26 23:00:00,A,Y15-74,PC_ACT,T,BG,2018-01-01,6.2,,
ESTAT:UNE_RT_A(1.0),29/04/26 23:00:00,A,Y15-74,PC_ACT,T,CH,2018-01-01,4.7,,
ESTAT:UNE_RT_A(1.0),29/04/26 23:00:00,A,Y15-74,PC_ACT,T,CY,2018-01-01,8.4,,
ESTAT:UNE_RT_A(1.0),29/04/26 23:00:00,A,Y15-74,PC_ACT,T,CZ,2018-01-01,2.2,,
ESTAT:UNE_RT_A(1.0),29/04/26 23:00:00,A,Y15-74,PC_ACT,T,DE,2018-01-01,3.2,,
ESTAT:UNE_RT_A(1.0),29/04/26 23:00:00,A,Y15-74,PC_ACT,T,DK,2018-01-01,5.1,,
ESTAT:UNE_RT_A(1.0),29/04/26 23:00:00,A,Y15-74,PC_ACT,T,EA20,2018-01-01,8.2,,
ESTAT:UNE_RT_A(1.0),29/04/26 23:00:00,A,Y15-74,PC_ACT,T,EA21,2018-01-01,8.2,,
ESTAT:UNE_RT_A(1.0),29/04/26 23:00:00,A,Y15-74,PC_ACT,T,EE,2018-01-01,5.4,,
ESTAT:UNE_RT_A(1.0),29/04/26 23:00:00,A,Y15-74,PC_ACT,T,EL,2018-01-01,19.7,,
ESTAT:UNE_RT_A(1.0),29/04/26 23:00:00,A,Y15-74,PC_ACT,T,ES,2018-01-01,15.3,,
ESTAT:UNE_RT_A(1.0),29/04/26 23:00:00,A,Y15-74,PC_ACT,T,EU27_2020,2018-01-01,7.4,,
ESTAT:UNE_RT_A(1.0),29/04/26 23:00:00,A,Y15-74,PC_ACT,T,FI,2018-01-01,7.5,,
ESTAT:UNE_RT_A(1.0),29/04/26 23:00:00,A,Y15-74,PC_ACT,T,FR,2018-01-01,9.0,,
ESTAT:UNE_RT_A(1.0),29/04/26 23:00:00,A,Y15-74,PC_ACT,T,HR,2018-01-01,8.3,,
ESTAT:UNE_RT_A(1.0),29/04/26 23:00:00,A,Y15-74,PC_ACT,T,HU,2018-01-01,3.6,b,
ESTAT:UNE_RT_A(1.0),29/04/26 23:00:00,A,Y15-74,PC_ACT,T,IE,2018-01-01,5.8,,
ESTAT:UNE_RT_A(1.0),29/04/26 23:00:00,A,Y15-74,PC_ACT,T,IS,2018-01-01,2.7,,
ESTAT:UNE_RT_A(1.0),29/04/26 23:00:00,A,Y15-74,PC_ACT,T,IT,2018-01-01,10.6,b,
ESTAT:UNE_RT_A(1.0),29/04/26 23:00:00,A,Y15-74,PC_ACT,T,LT,2018-01-01,6.2,,
ESTAT:UNE_RT_A(1.0),29/04/26 23:00:00,A,Y15-74,PC_ACT,T,LU,2018-01-01,5.6,,
ESTAT:UNE_RT_A(1.0),29/04/26 23:00:00,A,Y15-74,PC_ACT,T,LV,2018-01-01,7.4,,
ESTAT:UNE_RT_A(1.0),29/04/26 23:00:00,A,Y15-74,PC_ACT,T,ME,2018-01-01,15.2,,
ESTAT:UNE_RT_A(1.0),29/04/26 23:00:00,A,Y15-74,PC_ACT,T,MK,2018-01-01,20.8,,
ESTAT:UNE_RT_A(1.0),29/04/26 23:00:00,A,Y15-74,PC_ACT,T,MT,2018-01-01,4.0,,
ESTAT:UNE_RT_A(1.0),29/04/26 23:00:00,A,Y15-74,PC_ACT,T,NL,2018-01-01,4.9,,
ESTAT:UNE_RT_A(1.0),29/04/26 23:00:00,A,Y15-74,PC_ACT,T,NO,2018-01-01,4.0,,
ESTAT:UNE_RT_A(1.0),29/04/26 23:00:00,A,Y15-74,PC_ACT,T,PL,2018-01-01,3.9,,
ESTAT:UNE_RT_A(1.0),29/04/26 23:00:00,A,Y15-74,PC_ACT,T,PT,2018-01-01,7.2,,
ESTAT:UNE_RT_A(1.0),29/04/26 23:00:00,A,Y15-74,PC_ACT,T,RO,2018-01-01,5.3,,
ESTAT:UNE_RT_A(1.0),29/04/26 23:00:00,A,Y15-74,PC_ACT,T,RS,2018-01-01,13.8,,
ESTAT:UNE_RT_A(1.0),29/04/26 23:00:00,A,Y15-74,PC_ACT,T,SE,2018-01-01,6.5,,
ESTAT:UNE_RT_A(1.0),29/04/26 23:00:00,A,Y15-74,PC_ACT,T,SI,2018-01-01,5.1,,
ESTAT:UNE_RT_A(1.0),29/04/26 23:00:00,A,Y15-74,PC_ACT,T,SK,2018-01-01,6.5,,
ESTAT:UNE_RT_A(1.0),29/04/26 23:00:00,A,Y15-74,PC_ACT,T,TR,2018-01-01,10.9,,
ESTAT:UNE_RT_A(1.0),29/04/26 23:00:00,A,Y25-54,PC_ACT,F,AT,2018-01-01,4.3,,
ESTAT:UNE_RT_A(1.0),29/04/26 23:00:00,A,Y25-54,PC_ACT,F,BE,2018-01-01,5.1,,
ESTAT:UNE_RT_A(1.0),29/04/26 23:00:00,A,Y25-54,PC_ACT,F,BG,2018-01-01,5.6,,
ESTAT:UNE_RT_A(1.0),29/04/26 23:00:00,A,Y25-54,PC_ACT,F,CH,2018-01-01,5.2,,
ESTAT:UNE_RT_A(1.0),29/04/26 23:00:00,A,Y25-54,PC_ACT,F,CY,2018-01-01,8.6,,
ESTAT:UNE_RT_A(1.0),29/04/26 23:00:00,A,Y25-54,PC_ACT,F,CZ,2018-01-01,2.7,,
ESTAT:UNE_RT_A(1.0),29/04/26 23:00:00,A,Y25-54,PC_ACT,F,DE,2018-01-01,2.5,,
ESTAT:UNE_RT_A(1.0),29/04/26 23:00:00,A,Y25-54,PC_ACT,F,DK,2018-01-01,4.9,,
ESTAT:UNE_RT_A(1.0),29/04/26 23:00:00,A,Y25-54,PC_ACT,F,EA20,2018-01-01,8.4,,
ESTAT:UNE_RT_A(1.0),29/04/26 23:00:00,A,Y25-54,PC_ACT,F,EA21,2018-01-01,8.3,,
ESTAT:UNE_RT_A(1.0),29/04/26 23:00:00,A,Y25-54,PC_ACT,F,EE,2018-01-01,5.0,,
ESTAT:UNE_RT_A(1.0),29/04/26 23:00:00,A,Y25-54,PC_ACT,F,EL,2018-01-01,24.6,,
ESTAT:UNE_RT_A(1.0),29/04/26 23:00:00,A,Y25-54,PC_ACT,F,ES,2018-01-01,16.2,,
ESTAT:UNE_RT_A(1.0),29/04/26 23:00:00,A,Y25-54,PC_ACT,F,EU27_2020,2018-01-01,7.3,,
ESTAT:UNE_RT_A(1.0),29/04/26 23:00:00,A,Y25-54,PC_ACT,F,FI,2018-01-01,5.9,,
ESTAT:UNE_RT_A(1.0),29/04/26 23:00:00,A,Y25-54,PC_ACT,F,FR,2018-01-01,8.0,,
ESTAT:UNE_RT_A(1.0),29/04/26 23:00:00,A,Y25-54,PC_ACT,F,HR,2018-01-01,8.4,,
ESTAT:UNE_RT_A(1.0),29/04/26 23:00:00,A,Y25-54,PC_ACT,F,HU,2018-01-01,3.4,b,
ESTAT:UNE_RT_A(1.0),29/04/26 23:00:00,A,Y25-54,PC_ACT,F,IE,2018-01-01,4.9,,
ESTAT:UNE_RT_A(1.0),29/04/26 23:00:00,A,Y25-54,PC_ACT,F,IS,2018-01-01,1.9,,
ESTAT:UNE_RT_A(1.0),29/04/26 23:00:00,A,Y25-54,PC_ACT,F,IT,2018-01-01,11.8,b,
ESTAT:UNE_RT_A(1.0),29/04/26 23:00:00,A,Y25-54,PC_ACT,F,LT,2018-01-01,4.7,,
ESTAT:UNE_RT_A(1.0),29/04/26 23:00:00,A,Y25-54,PC_ACT,F,LU,2018-01-01,5.6,,
ESTAT:UNE_RT_A(1.0),29/04/26 23:00:00,A,Y25-54,PC_ACT,F,LV,2018-01-01,6.2,,
ESTAT:UNE_RT_A(1.0),29/04/26 23:00:00,A,Y25-54,PC_ACT,F,ME,2018-01-01,15.8,,
ESTAT:UNE_RT_A(1.0),29/04/26 23:00:00,A,Y25-54,PC_ACT,F,MK,2018-01-01,18.7,,
ESTAT:UNE_RT_A(1.0),29/04/26 23:00:00,A,Y25-54,PC_ACT,F,MT,2018-01-01,3.1,,
ESTAT:UNE_RT_A(1.0),29/04/26 23:00:00,A,Y25-54,PC_ACT,F,NL,2018-01-01,4.2,,
ESTAT:UNE_RT_A(1.0),29/04/26 23:00:00,A,Y25-54,PC_ACT,F,NO,2018-01-01,3.1,,
ESTAT:UNE_RT_A(1.0),29/04/26 23:00:00,A,Y25-54,PC_ACT,F,PL,2018-01-01,3.5,,
ESTAT:UNE_RT_A(1.0),29/04/26 23:00:00,A,Y25-54,PC_ACT,F,PT,2018-01-01,6.7,,
ESTAT:UNE_RT_A(1.0),29/04/26 23:00:00,A,Y25-54,PC_ACT,F,RO,2018-01-01,3.5,,
ESTAT:UNE_RT_A(1.0),29/04/26 23:00:00,A,Y25-54,PC_ACT,F,RS,2018-01-01,14.8,,
ESTAT:UNE_RT_A(1.0),29/04/26 23:00:00,A,Y25-54,PC_ACT,F,SE,2018-01-01,5.5,,
ESTAT:UNE_RT_A(1.0),29/04/26 23:00:00,A,Y25-54,PC_ACT,F,SI,2018-01-01,5.7,,
ESTAT:UNE_RT_A(1.0),29/04/26 23:00:00,A,Y25-54,PC_ACT,F,SK,2018-01-01,6.7,,
ESTAT:UNE_RT_A(1.0),29/04/26 23:00:00,A,Y25-54,PC_ACT,F,TR,2018-01-01,12.5,,
ESTAT:UNE_RT_A(1.0),29/04/26 23:00:00,A,Y25-54,PC_ACT,M,AT,2018-01-01,5.1,,
ESTAT:UNE_RT_A(1.0),29/04/26 23:00:00,A,Y25-54,PC_ACT,M,BE,2018-01-01,5.8,,
ESTAT:UNE_RT_A(1.0),29/04/26 23:00:00,A,Y25-54,PC_ACT,M,BG,2018-01-01,6.4,,
ESTAT:UNE_RT_A(1.0),29/04/26 23:00:00,A,Y25-54,PC_ACT,M,CH,2018-01-01,3.9,,
ESTAT:UNE_RT_A(1.0),29/04/26 23:00:00,A,Y25-54,PC_ACT,M,CY,2018-01-01,7.0,,
ESTAT:UNE_RT_A(1.0),29/04/26 23:00:00,A,Y25-54,PC_ACT,M,CZ,2018-01-01,1.5,,
ESTAT:UNE_RT_A(1.0),29/04/26 23:00:00,A,Y25-54,PC_ACT,M,DE,2018-01-01,3.3,,
ESTAT:UNE_RT_A(1.0),29/04/26 23:00:00,A,Y25-54,PC_ACT,M,DK,2018-01-01,4.1,,
ESTAT:UNE_RT_A(1.0),29/04/26 23:00:00,A,Y25-54,PC_ACT,M,EA20,2018-01-01,7.2,,
ESTAT:UNE_RT_A(1.0),29/04/26 23:00:00,A,Y25-54,PC_ACT,M,EA21,2018-01-01,7.2,,
ESTAT:UNE_RT_A(1.0),29/04/26 23:00:00,A,Y25-54,PC_ACT,M,EE,2018-01-01,4.4,,
ESTAT:UNE_RT_A(1.0),29/04/26 23:00:00,A,Y25-54,PC_ACT,M,EL,2018-01-01,15.0,,
ESTAT:UNE_RT_A(1.0),29/04/26 23:00:00,A,Y25-54,PC_ACT,M,ES,2018-01-01,12.1,,
ESTAT:UNE_RT_A(1.0),29/04/26 23:00:00,A,Y25-54,PC_ACT,M,EU27_2020,2018-01-01,6.4,,
ESTAT:UNE_RT_A(1.0),29/04/26 23:00:00,A,Y25-54,PC_ACT,M,FI,2018-01-01,6.3,,
ESTAT:UNE_RT_A(1.0),29/04/26 23:00:00,A,Y25-54,PC_ACT,M,FR,2018-01-01,7.8,,
ESTAT:UNE_RT_A(1.0),29/04/26 23:00:00,A,Y25-54,PC_ACT,M,HR,2018-01-01,6.8,,
ESTAT:UNE_RT_A(1.0),29/04/26 23:00:00,A,Y25-54,PC_ACT,M,HU,2018-01-01,3.1,b,
ESTAT:UNE_RT_A(1.0),29/04/26 23:00:00,A,Y25-54,PC_ACT,M,IE,2018-01-01,4.8,,
ESTAT:UNE_RT_A(1.0),29/04/26 23:00:00,A,Y25-54,PC_ACT,M,IS,2018-01-01,2.2,,
ESTAT:UNE_RT_A(1.0),29/04/26 23:00:00,A,Y25-54,PC_ACT,M,IT,2018-01-01,9.1,b,
ESTAT:UNE_RT_A(1.0),29/04/26 23:00:00,A,Y25-54,PC_ACT,M,LT,2018-01-01,6.4,,
ESTAT:UNE_RT_A(1.0),29/04/26 23:00:00,A,Y25-54,PC_ACT,M,LU,2018-01-01,4.5,,
ESTAT:UNE_RT_A(1.0),29/04/26 23:00:00,A,Y25-54,PC_ACT,M,LV,2018-01-01,8.2,,
ESTAT:UNE_RT_A(1.0),29/04/26 23:00:00,A,Y25-54,PC_ACT,M,ME,2018-01-01,14.7,,
ESTAT:UNE_RT_A(1.0),29/04/26 23:00:00,A,Y25-54,PC_ACT,M,MK,2018-01-01,19.1,,
ESTAT:UNE_RT_A(1.0),29/04/26 23:00:00,A,Y25-54,PC_ACT,M,MT,2018-01-01,3.3,,
ESTAT:UNE_RT_A(1.0),29/04/26 23:00:00,A,Y25-54,PC_ACT,M,NL,2018-01-01,3.2,,
ESTAT:UNE_RT_A(1.0),29/04/26 23:00:00,A,Y25-54,PC_ACT,M,NO,2018-01-01,3.5,,
ESTAT:UNE_RT_A(1.0),29/04/26 23:00:00,A,Y25-54,PC_ACT,M,PL,2018-01-01,3.3,,
ESTAT:UNE_RT_A(1.0),29/04/26 23:00:00,A,Y25-54,PC_ACT,M,PT,2018-01-01,5.6,,
ESTAT:UNE_RT_A(1.0),29/04/26 23:00:00,A,Y25-54,PC_ACT,M,RO,2018-01-01,4.9,,
ESTAT:UNE_RT_A(1.0),29/04/26 23:00:00,A,Y25-54,PC_ACT,M,RS,2018-01-01,12.4,,
ESTAT:UNE_RT_A(1.0),29/04/26 23:00:00,A,Y25-54,PC_ACT,M,SE,2018-01-01,5.3,,
ESTAT:UNE_RT_A(1.0),29/04/26 23:00:00,A,Y25-54,PC_ACT,M,SI,2018-01-01,4.2,,
ESTAT:UNE_RT_A(1.0),29/04/26 23:00:00,A,Y25-54,PC_ACT,M,SK,2018-01-01,5.5,,
ESTAT:UNE_RT_A(1.0),29/04/26 23:00:00,A,Y25-54,PC_ACT,M,TR,2018-01-01,8.2,,
ESTAT:UNE_RT_A(1.0),29/04/26 23:00:00,A,Y25-54,PC_ACT,T,AT,2018-01-01,4.7,,
ESTAT:UNE_RT_A(1.0),29/04/26 23:00:00,A,Y25-54,PC_ACT,T,BE,2018-01-01,5.4,,
ESTAT:UNE_RT_A(1.0),29/04/26 23:00:00,A,Y25-54,PC_ACT,T,BG,2018-01-01,6.0,,
ESTAT:UNE_RT_A(1.0),29/04/26 23:00:00,A,Y25-54,PC_ACT,T,CH,2018-01-01,4.5,,
ESTAT:UNE_RT_A(1.0),29/04/26 23:00:00,A,Y25-54,PC_ACT,T,CY,2018-01-01,7.8,,
ESTAT:UNE_RT_A(1.0),29/04/26 23:00:00,A,Y25-54,PC_ACT,T,CZ,2018-01-01,2.0,,
ESTAT:UNE_RT_A(1.0),29/04/26 23:00:00,A,Y25-54,PC_ACT,T,DE,2018-01-01,2.9,,
ESTAT:UNE_RT_A(1.0),29/04/26 23:00:00,A,Y25-54,PC_ACT,T,DK,2018-01-01,4.5,,
ESTAT:UNE_RT_A(1.0),29/04/26 23:00:00,A,Y25-54,PC_ACT,T,EA20,2018-01-01,7.7,,
ESTAT:UNE_RT_A(1.0),29/04/26 23:00:00,A,Y25-54,PC_ACT,T,EA21,2018-01-01,7.7,,
ESTAT:UNE_RT_A(1.0),29/04/26 23:00:00,A,Y25-54,PC_ACT,T,EE,2018-01-01,4.7,,
ESTAT:UNE_RT_A(1.0),29/04/26 23:00:00,A,Y25-54,PC_ACT,T,EL,2018-01-01,19.3,,
ESTAT:UNE_RT_A(1.0),29/04/26 23:00:00,A,Y25-54,PC_ACT,T,ES,2018-01-01,14.0,,
ESTAT:UNE_RT_A(1.0),29/04/26 23:00:00,A,Y25-54,PC_ACT,T,EU27_2020,2018-01-01,6.9,,
ESTAT:UNE_RT_A(1.0),29/04/26 23:00:00,A,Y25-54,PC_ACT,T,FI,2018-01-01,6.1,,
ESTAT:UNE_RT_A(1.0),29/04/26 23:00:00,A,Y25-54,PC_ACT,T,FR,2018-01-01,7.9,,
ESTAT:UNE_RT_A(1.0),29/04/26 23:00:00,A,Y25-54,PC_ACT,T,HR,2018-01-01,7.6,,
ESTAT:UNE_RT_A(1.0),29/04/26 23:00:00,A,Y25-54,PC_ACT,T,HU,2018-01-01,3.2,b,
ESTAT:UNE_RT_A(1.0),29/04/26 23:00:00,A,Y25-54,PC_ACT,T,IE,2018-01-01,4.8,,
ESTAT:UNE_RT_A(1.0),29/04/26 23:00:00,A,Y25-54,PC_ACT,T,IS,2018-01-01,2.1,,
ESTAT:UNE_RT_A(1.0),29/04/26 23:00:00,A,Y25-54,PC_ACT,T,IT,2018-01-01,10.3,b,
ESTAT:UNE_RT_A(1.0),29/04/26 23:00:00,A,Y25-54,PC_ACT,T,LT,2018-01-01,5.6,,
ESTAT:UNE_RT_A(1.0),29/04/26 23:00:00,A,Y25-54,PC_ACT,T,LU,2018-01-01,5.0,,
ESTAT:UNE_RT_A(1.0),29/04/26 23:00:00,A,Y25-54,PC_ACT,T,LV,2018-01-01,7.2,,
ESTAT:UNE_RT_A(1.0),29/04/26 23:00:00,A,Y25-54,PC_ACT,T,ME,2018-01-01,15.2,,
ESTAT:UNE_RT_A(1.0),29/04/26 23:00:00,A,Y25-54,PC_ACT,T,MK,2018-01-01,18.9,,
ESTAT:UNE_RT_A(1.0),29/04/26 23:00:00,A,Y25-54,PC_ACT,T,MT,2018-01-01,3.2,,
ESTAT:UNE_RT_A(1.0),29/04/26 23:00:00,A,Y25-54,PC_ACT,T,NL,2018-01-01,3.6,,
ESTAT:UNE_RT_A(1.0),29/04/26 23:00:00,A,Y25-54,PC_ACT,T,NO,2018-01-01,3.3,,
ESTAT:UNE_RT_A(1.0),29/04/26 23:00:00,A,Y25-54,PC_ACT,T,PL,2018-01-01,3.4,,
ESTAT:UNE_RT_A(1.0),29/04/26 23:00:00,A,Y25-54,PC_ACT,T,PT,2018-01-01,6.1,,
ESTAT:UNE_RT_A(1.0),29/04/26 23:00:00,A,Y25-54,PC_ACT,T,RO,2018-01-01,4.3,,
ESTAT:UNE_RT_A(1.0),29/04/26 23:00:00,A,Y25-54,PC_ACT,T,RS,2018-01-01,13.5,,
ESTAT:UNE_RT_A(1.0),29/04/26 23:00:00,A,Y25-54,PC_ACT,T,SE,2018-01-01,5.4,,
ESTAT:UNE_RT_A(1.0),29/04/26 23:00:00,A,Y25-54,PC_ACT,T,SI,2018-01-01,4.9,,
ESTAT:UNE_RT_A(1.0),29/04/26 23:00:00,A,Y25-54,PC_ACT,T,SK,2018-01-01,6.1,,
ESTAT:UNE_RT_A(1.0),29/04/26 23:00:00,A,Y25-54,PC_ACT,T,TR,2018-01-01,9.7,,
ESTAT:UNE_RT_A(1.0),29/04/26 23:00:00,A,Y55-74,PC_ACT,F,AT,2018-01-01,3.7,,
ESTAT:UNE_RT_A(1.0),29/04/26 23:00:00,A,Y55-74,PC_ACT,F,BE,2018-01-01,3.6,,
ESTAT:UNE_RT_A(1.0),29/04/26 23:00:00,A,Y55-74,PC_ACT,F,BG,2018-01-01,4.5,,
ESTAT:UNE_RT_A(1.0),29/04/26 23:00:00,A,Y55-74,PC_ACT,F,CH,2018-01-01,3.3,,
ESTAT:UNE_RT_A(1.0),29/04/26 23:00:00,A,Y55-74,PC_ACT,F,CY,2018-01-01,4.7,u,
ESTAT:UNE_RT_A(1.0),29/04/26 23:00:00,A,Y55-74,PC_ACT,F,CZ,2018-01-01,2.2,,
ESTAT:UNE_RT_A(1.0),29/04/26 23:00:00,A,Y55-74,PC_ACT,F,DE,2018-01-01,2.2,,
ESTAT:UNE_RT_A(1.0),29/04/26 23:00:00,A,Y55-74,PC_ACT,F,DK,2018-01-01,3.6,,
ESTAT:UNE_RT_A(1.0),29/04/26 23:00:00,A,Y55-74,PC_ACT,F,EA20,2018-01-01,5.7,,
ESTAT:UNE_RT_A(1.0),29/04/26 23:00:00,A,Y55-74,PC_ACT,F,EA21,2018-01-01,5.7,,
ESTAT:UNE_RT_A(1.0),29/04/26 23:00:00,A,Y55-74,PC_ACT,F,EE,2018-01-01,3.8,,
ESTAT:UNE_RT_A(1.0),29/04/26 23:00:00,A,Y55-74,PC_ACT,F,EL,2018-01-01,18.1,,
ESTAT:UNE_RT_A(1.0),29/04/26 23:00:00,A,Y55-74,PC_ACT,F,ES,2018-01-01,14.6,,
ESTAT:UNE_RT_A(1.0),29/04/26 23:00:00,A,Y55-74,PC_ACT,F,EU27_2020,2018-01-01,5.2,,
ESTAT:UNE_RT_A(1.0),29/04/26 23:00:00,A,Y55-74,PC_ACT,F,FI,2018-01-01,5.5,,
ESTAT:UNE_RT_A(1.0),29/04/26 23:00:00,A,Y55-74,PC_ACT,F,FR,2018-01-01,6.1,,
ESTAT:UNE_RT_A(1.0),29/04/26 23:00:00,A,Y55-74,PC_ACT,F,HR,2018-01-01,4.0,u,
ESTAT:UNE_RT_A(1.0),29/04/26 23:00:00,A,Y55-74,PC_ACT,F,HU,2018-01-01,2.8,b,
ESTAT:UNE_RT_A(1.0),29/04/26 23:00:00,A,Y55-74,PC_ACT,F,IE,2018-01-01,3.9,,
ESTAT:UNE_RT_A(1.0),29/04/26 23:00:00,A,Y55-74,PC_ACT,F,IS,2018-01-01,,u,
ESTAT:UNE_RT_A(1.0),29/04/26 23:00:00,A,Y55-74,PC_ACT,F,IT,2018-01-01,4.7,b,
ESTAT:UNE_RT_A(1.0),29/04/26 23:00:00,A,Y55-74,PC_ACT,F,LT,2018-01-01,6.2,,
ESTAT:UNE_RT_A(1.0),29/04/26 23:00:00,A,Y55-74,PC_ACT,F,LU,2018-01-01,,u,
ESTAT:UNE_RT_A(1.0),29/04/26 23:00:00,A,Y55-74,PC_ACT,F,LV,2018-01-01,6.0,,
ESTAT:UNE_RT_A(1.0),29/04/26 23:00:00,A,Y55-74,PC_ACT,F,ME,2018-01-01,,u,
ESTAT:UNE_RT_A(1.0),29/04/26 23:00:00,A,Y55-74,PC_ACT,F,MK,2018-01-01,13.7,,
ESTAT:UNE_RT_A(1.0),29/04/26 23:00:00,A,Y55-74,PC_ACT,F,MT,2018-01-01,4.3,u,
ESTAT:UNE_RT_A(1.0),29/04/26 23:00:00,A,Y55-74,PC_ACT,F,NL,2018-01-01,6.1,,
ESTAT:UNE_RT_A(1.0),29/04/26 23:00:00,A,Y55-74,PC_ACT,F,NO,2018-01-01,,u,
ESTAT:UNE_RT_A(1.0),29/04/26 23:00:00,A,Y55-74,PC_ACT,F,PL,2018-01-01,1.9,,
ESTAT:UNE_RT_A(1.0),29/04/26 23:00:00,A,Y55-74,PC_ACT,F,PT,2018-01-01,6.5,,
ESTAT:UNE_RT_A(1.0),29/04/26 23:00:00,A,Y55-74,PC_ACT,F,RO,2018-01-01,2.6,u,
ESTAT:UNE_RT_A(1.0),29/04/26 23:00:00,A,Y55-74,PC_ACT,F,RS,2018-01-01,8.1,,
ESTAT:UNE_RT_A(1.0),29/04/26 23:00:00,A,Y55-74,PC_ACT,F,SE,2018-01-01,3.7,,
ESTAT:UNE_RT_A(1.0),29/04/26 23:00:00,A,Y55-74,PC_ACT,F,SI,2018-01-01,4.1,u,
ESTAT:UNE_RT_A(1.0),29/04/26 23:00:00,A,Y55-74,PC_ACT,F,SK,2018-01-01,5.8,,
ESTAT:UNE_RT_A(1.0),29/04/26 23:00:00,A,Y55-74,PC_ACT,F,TR,2018-01-01,2.9,,
ESTAT:UNE_RT_A(1.0),29/04/26 23:00:00,A,Y55-74,PC_ACT,M,AT,2018-01-01,4.0,,
ESTAT:UNE_RT_A(1.0),29/04/26 23:00:00,A,Y55-74,PC_ACT,M,BE,2018-01-01,4.7,,
ESTAT:UNE_RT_A(1.0),29/04/26 23:00:00,A,Y55-74,PC_ACT,M,BG,2018-01-01,6.1,,
ESTAT:UNE_RT_A(1.0),29/04/26 23:00:00,A,Y55-74,PC_ACT,M,CH,2018-01-01,3.7,,
ESTAT:UNE_RT_A(1.0),29/04/26 23:00:00,A,Y55-74,PC_ACT,M,CY,2018-01-01,5.6,,
ESTAT:UNE_RT_A(1.0),29/04/26 23:00:00,A,Y55-74,PC_ACT,M,CZ,2018-01-01,1.5,,
ESTAT:UNE_RT_A(1.0),29/04/26 23:00:00,A,Y55-74,PC_ACT,M,DE,2018-01-01,2.7,,
ESTAT:UNE_RT_A(1.0),29/04/26 23:00:00,A,Y55-74,PC_ACT,M,DK,2018-01-01,2.9,,
ESTAT:UNE_RT_A(1.0),29/04/26 23:00:00,A,Y55-74,PC_ACT,M,EA20,2018-01-01,5.9,,
ESTAT:UNE_RT_A(1.0),29/04/26 23:00:00,A,Y55-74,PC_ACT,M,EA21,2018-01-01,5.9,,
ESTAT:UNE_RT_A(1.0),29/04/26 23:00:00,A,Y55-74,PC_ACT,M,EE,2018-01-01,6.7,,
ESTAT:UNE_RT_A(1.0),29/04/26 23:00:00,A,Y55-74,PC_ACT,M,EL,2018-01-01,13.3,,
ESTAT:UNE_RT_A(1.0),29/04/26 23:00:00,A,Y55-74,PC_ACT,M,ES,2018-01-01,12.3,,
ESTAT:UNE_RT_A(1.0),29/04/26 23:00:00,A,Y55-74,PC_ACT,M,EU27_2020,2018-01-01,5.3,,
ESTAT:UNE_RT_A(1.0),29/04/26 23:00:00,A,Y55-74,PC_ACT,M,FI,2018-01-01,7.1,,
ESTAT:UNE_RT_A(1.0),29/04/26 23:00:00,A,Y55-74,PC_ACT,M,FR,2018-01-01,6.9,,
ESTAT:UNE_RT_A(1.0),29/04/26 23:00:00,A,Y55-74,PC_ACT,M,HR,2018-01-01,4.4,u,
ESTAT:UNE_RT_A(1.0),29/04/26 23:00:00,A,Y55-74,PC_ACT,M,HU,2018-01-01,2.1,b,
ESTAT:UNE_RT_A(1.0),29/04/26 23:00:00,A,Y55-74,PC_ACT,M,IE,2018-01-01,4.3,,
ESTAT:UNE_RT_A(1.0),29/04/26 23:00:00,A,Y55-74,PC_ACT,M,IS,2018-01-01,2.1,,
ESTAT:UNE_RT_A(1.0),29/04/26 23:00:00,A,Y55-74,PC_ACT,M,IT,2018-01-01,5.8,b,
ESTAT:UNE_RT_A(1.0),29/04/26 23:00:00,A,Y55-74,PC_ACT,M,LT,2018-01-01,6.7,,
ESTAT:UNE_RT_A(1.0),29/04/26 23:00:00,A,Y55-74,PC_ACT,M,LU,2018-01-01,3.9,u,
ESTAT:UNE_RT_A(1.0),29/04/26 23:00:00,A,Y55-74,PC_ACT,M,LV,2018-01-01,7.9,,
ESTAT:UNE_RT_A(1.0),29/04/26 23:00:00,A,Y55-74,PC_ACT,M,ME,2018-01-01,6.1,u,
ESTAT:UNE_RT_A(1.0),29/04/26 23:00:00,A,Y55-74,PC_ACT,M,MK,2018-01-01,16.9,,
ESTAT:UNE_RT_A(1.0),29/04/26 23:00:00,A,Y55-74,PC_ACT,M,MT,2018-01-01,3.0,u,
ESTAT:UNE_RT_A(1.0),29/04/26 23:00:00,A,Y55-74,PC_ACT,M,NL,2018-01-01,4.8,,
ESTAT:UNE_RT_A(1.0),29/04/26 23:00:00,A,Y55-74,PC_ACT,M,NO,2018-01-01,,u,
ESTAT:UNE_RT_A(1.0),29/04/26 23:00:00,A,Y55-74,PC_ACT,M,PL,2018-01-01,3.2,,
ESTAT:UNE_RT_A(1.0),29/04/26 23:00:00,A,Y55-74,PC_ACT,M,PT,2018-01-01,6.2,,
ESTAT:UNE_RT_A(1.0),29/04/26 23:00:00,A,Y55-74,PC_ACT,M,RO,2018-01-01,3.7,,
ESTAT:UNE_RT_A(1.0),29/04/26 23:00:00,A,Y55-74,PC_ACT,M,RS,2018-01-01,8.6,,
ESTAT:UNE_RT_A(1.0),29/04/26 23:00:00,A,Y55-74,PC_ACT,M,SE,2018-01-01,4.5,,
ESTAT:UNE_RT_A(1.0),29/04/26 23:00:00,A,Y55-74,PC_ACT,M,SI,2018-01-01,4.7,,
ESTAT:UNE_RT_A(1.0),29/04/26 23:00:00,A,Y55-74,PC_ACT,M,SK,2018-01-01,4.1,,
ESTAT:UNE_RT_A(1.0),29/04/26 23:00:00,A,Y55-74,PC_ACT,M,TR,2018-01-01,7.1,,
ESTAT:UNE_RT_A(1.0),29/04/26 23:00:00,A,Y55-74,PC_ACT,T,AT,2018-01-01,3.8,,
ESTAT:UNE_RT_A(1.0),29/04/26 23:00:00,A,Y55-74,PC_ACT,T,BE,2018-01-01,4.2,,
ESTAT:UNE_RT_A(1.0),29/04/26 23:00:00,A,Y55-74,PC_ACT,T,BG,2018-01-01,5.3,,
ESTAT:UNE_RT_A(1.0),29/04/26 23:00:00,A,Y55-74,PC_ACT,T,CH,2018-01-01,3.5,,
ESTAT:UNE_RT_A(1.0),29/04/26 23:00:00,A,Y55-74,PC_ACT,T,CY,2018-01-01,5.2,,
ESTAT:UNE_RT_A(1.0),29/04/26 23:00:00,A,Y55-74,PC_ACT,T,CZ,2018-01-01,1.8,,
ESTAT:UNE_RT_A(1.0),29/04/26 23:00:00,A,Y55-74,PC_ACT,T,DE,2018-01-01,2.4,,
ESTAT:UNE_RT_A(1.0),29/04/26 23:00:00,A,Y55-74,PC_ACT,T,DK,2018-01-01,3.2,,
ESTAT:UNE_RT_A(1.0),29/04/26 23:00:00,A,Y55-74,PC_ACT,T,EA20,2018-01-01,5.8,,
ESTAT:UNE_RT_A(1.0),29/04/26 23:00:00,A,Y55-74,PC_ACT,T,EA21,2018-01-01,5.8,,
ESTAT:UNE_RT_A(1.0),29/04/26 23:00:00,A,Y55-74,PC_ACT,T,EE,2018-01-01,5.1,,
ESTAT:UNE_RT_A(1.0),29/04/26 23:00:00,A,Y55-74,PC_ACT,T,EL,2018-01-01,15.2,,
ESTAT:UNE_RT_A(1.0),29/04/26 23:00:00,A,Y55-74,PC_ACT,T,ES,2018-01-01,13.3,,
ESTAT:UNE_RT_A(1.0),29/04/26 23:00:00,A,Y55-74,PC_ACT,T,EU27_2020,2018-01-01,5.2,,
ESTAT:UNE_RT_A(1.0),29/04/26 23:00:00,A,Y55-74,PC_ACT,T,FI,2018-01-01,6.3,,
ESTAT:UNE_RT_A(1.0),29/04/26 23:00:00,A,Y55-74,PC_ACT,T,FR,2018-01-01,6.5,,
ESTAT:UNE_RT_A(1.0),29/04/26 23:00:00,A,Y55-74,PC_ACT,T,HR,2018-01-01,4.2,,
ESTAT:UNE_RT_A(1.0),29/04/26 23:00:00,A,Y55-74,PC_ACT,T,HU,2018-01-01,2.4,b,
ESTAT:UNE_RT_A(1.0),29/04/26 23:00:00,A,Y55-74,PC_ACT,T,IE,2018-01-01,4.1,,
ESTAT:UNE_RT_A(1.0),29/04/26 23:00:00,A,Y55-74,PC_ACT,T,IS,2018-01-01,2.1,,
ESTAT:UNE_RT_A(1.0),29/04/26 23:00:00,A,Y55-74,PC_ACT,T,IT,2018-01-01,5.3,b,
ESTAT:UNE_RT_A(1.0),29/04/26 23:00:00,A,Y55-74,PC_ACT,T,LT,2018-01-01,6.4,,
ESTAT:UNE_RT_A(1.0),29/04/26 23:00:00,A,Y55-74,PC_ACT,T,LU,2018-01-01,3.5,,
ESTAT:UNE_RT_A(1.0),29/04/26 23:00:00,A,Y55-74,PC_ACT,T,LV,2018-01-01,6.8,,
ESTAT:UNE_RT_A(1.0),29/04/26 23:00:00,A,Y55-74,PC_ACT,T,ME,2018-01-01,6.2,,
ESTAT:UNE_RT_A(1.0),29/04/26 23:00:00,A,Y55-74,PC_ACT,T,MK,2018-01-01,15.9,,
ESTAT:UNE_RT_A(1.0),29/04/26 23:00:00,A,Y55-74,PC_ACT,T,MT,2018-01-01,3.4,,
ESTAT:UNE_RT_A(1.0),29/04/26 23:00:00,A,Y55-74,PC_ACT,T,NL,2018-01-01,5.3,,
ESTAT:UNE_RT_A(1.0),29/04/26 23:00:00,A,Y55-74,PC_ACT,T,NO,2018-01-01,1.4,u,
ESTAT:UNE_RT_A(1.0),29/04/26 23:00:00,A,Y55-74,PC_ACT,T,PL,2018-01-01,2.6,,
ESTAT:UNE_RT_A(1.0),29/04/26 23:00:00,A,Y55-74,PC_ACT,T,PT,2018-01-01,6.3,,
ESTAT:UNE_RT_A(1.0),29/04/26 23:00:00,A,Y55-74,PC_ACT,T,RO,2018-01-01,3.3,,
ESTAT:UNE_RT_A(1.0),29/04/26 23:00:00,A,Y55-74,PC_ACT,T,RS,2018-01-01,8.4,,
ESTAT:UNE_RT_A(1.0),29/04/26 23:00:00,A,Y55-74,PC_ACT,T,SE,2018-01-01,4.2,,
ESTAT:UNE_RT_A(1.0),29/04/26 23:00:00,A,Y55-74,PC_ACT,T,SI,2018-01-01,4.4,,
ESTAT:UNE_RT_A(1.0),29/04/26 23:00:00,A,Y55-74,PC_ACT,T,SK,2018-01-01,4.9,,
ESTAT:UNE_RT_A(1.0),29/04/26 23:00:00,A,Y55-74,PC_ACT,T,TR,2018-01-01,6.0,,
ESTAT:UNE_RT_A(1.0),29/04/26 23:00:00,A,Y15-24,PC_ACT,F,AT,2019-01-01,8.1,,
ESTAT:UNE_RT_A(1.0),29/04/26 23:00:00,A,Y15-24,PC_ACT,F,BE,2019-01-01,12.3,,
ESTAT:UNE_RT_A(1.0),29/04/26 23:00:00,A,Y15-24,PC_ACT,F,BG,2019-01-01,11.8,bu,
ESTAT:UNE_RT_A(1.0),29/04/26 23:00:00,A,Y15-24,PC_ACT,F,CH,2019-01-01,7.2,,
ESTAT:UNE_RT_A(1.0),29/04/26 23:00:00,A,Y15-24,PC_ACT,F,CY,2019-01-01,15.1,,
ESTAT:UNE_RT_A(1.0),29/04/26 23:00:00,A,Y15-24,PC_ACT,F,CZ,2019-01-01,6.0,,
ESTAT:UNE_RT_A(1.0),29/04/26 23:00:00,A,Y15-24,PC_ACT,F,DE,2019-01-01,5.1,,
ESTAT:UNE_RT_A(1.0),29/04/26 23:00:00,A,Y15-24,PC_ACT,F,DK,2019-01-01,9.7,,
ESTAT:UNE_RT_A(1.0),29/04/26 23:00:00,A,Y15-24,PC_ACT,F,EA20,2019-01-01,16.2,,
ESTAT:UNE_RT_A(1.0),29/04/26 23:00:00,A,Y15-24,PC_ACT,F,EA21,2019-01-01,16.2,,
ESTAT:UNE_RT_A(1.0),29/04/26 23:00:00,A,Y15-24,PC_ACT,F,EE,2019-01-01,12.0,,
ESTAT:UNE_RT_A(1.0),29/04/26 23:00:00,A,Y15-24,PC_ACT,F,EL,2019-01-01,41.0,,
ESTAT:UNE_RT_A(1.0),29/04/26 23:00:00,A,Y15-24,PC_ACT,F,ES,2019-01-01,34.5,,
ESTAT:UNE_RT_A(1.0),29/04/26 23:00:00,A,Y15-24,PC_ACT,F,EU27_2020,2019-01-01,15.6,,
ESTAT:UNE_RT_A(1.0),29/04/26 23:00:00,A,Y15-24,PC_ACT,F,FI,2019-01-01,15.9,,
ESTAT:UNE_RT_A(1.0),29/04/26 23:00:00,A,Y15-24,PC_ACT,F,FR,2019-01-01,21.6,,
ESTAT:UNE_RT_A(1.0),29/04/26 23:00:00,A,Y15-24,PC_ACT,F,HR,2019-01-01,18.8,,
ESTAT:UNE_RT_A(1.0),29/04/26 23:00:00,A,Y15-24,PC_ACT,F,HU,2019-01-01,10.6,,
ESTAT:UNE_RT_A(1.0),29/04/26 23:00:00,A,Y15-24,PC_ACT,F,IE,2019-01-01,10.6,,
ESTAT:UNE_RT_A(1.0),29/04/26 23:00:00,A,Y15-24,PC_ACT,F,IS,2019-01-01,5.6,,
ESTAT:UNE_RT_A(1.0),29/04/26 23:00:00,A,Y15-24,PC_ACT,F,IT,2019-01-01,31.1,,
ESTAT:UNE_RT_A(1.0),29/04/26 23:00:00,A,Y15-24,PC_ACT,F,LT,2019-01-01,9.3,,
ESTAT:UNE_RT_A(1.0),29/04/26 23:00:00,A,Y15-24,PC_ACT,F,LU,2019-01-01,16.0,,
ESTAT:UNE_RT_A(1.0),29/04/26 23:00:00,A,Y15-24,PC_ACT,F,LV,2019-01-01,10.1,u,
ESTAT:UNE_RT_A(1.0),29/04/26 23:00:00,A,Y15-24,PC_ACT,F,ME,2019-01-01,24.3,,
ESTAT:UNE_RT_A(1.0),29/04/26 23:00:00,A,Y15-24,PC_ACT,F,MK,2019-01-01,38.9,,
ESTAT:UNE_RT_A(1.0),29/04/26 23:00:00,A,Y15-24,PC_ACT,F,MT,2019-01-01,8.6,,
ESTAT:UNE_RT_A(1.0),29/04/26 23:00:00,A,Y15-24,PC_ACT,F,NL,2019-01-01,7.2,,
ESTAT:UNE_RT_A(1.0),29/04/26 23:00:00,A,Y15-24,PC_ACT,F,NO,2019-01-01,11.4,,
ESTAT:UNE_RT_A(1.0),29/04/26 23:00:00,A,Y15-24,PC_ACT,F,PL,2019-01-01,9.8,b,
ESTAT:UNE_RT_A(1.0),29/04/26 23:00:00,A,Y15-24,PC_ACT,F,PT,2019-01-01,21.4,,
ESTAT:UNE_RT_A(1.0),29/04/26 23:00:00,A,Y15-24,PC_ACT,F,RO,2019-01-01,22.0,,
ESTAT:UNE_RT_A(1.0),29/04/26 23:00:00,A,Y15-24,PC_ACT,F,RS,2019-01-01,32.2,,
ESTAT:UNE_RT_A(1.0),29/04/26 23:00:00,A,Y15-24,PC_ACT,F,SE,2019-01-01,19.1,,
ESTAT:UNE_RT_A(1.0),29/04/26 23:00:00,A,Y15-24,PC_ACT,F,SI,2019-01-01,9.2,u,
ESTAT:UNE_RT_A(1.0),29/04/26 23:00:00,A,Y15-24,PC_ACT,F,SK,2019-01-01,21.9,,
ESTAT:UNE_RT_A(1.0),29/04/26 23:00:00,A,Y15-24,PC_ACT,F,TR,2019-01-01,30.3,,
ESTAT:UNE_RT_A(1.0),29/04/26 23:00:00,A,Y15-24,PC_ACT,M,AT,2019-01-01,10.0,,
ESTAT:UNE_RT_A(1.0),29/04/26 23:00:00,A,Y15-24,PC_ACT,M,BE,2019-01-01,16.3,,
ESTAT:UNE_RT_A(1.0),29/04/26 23:00:00,A,Y15-24,PC_ACT,M,BG,2019-01-01,12.3,b,
ESTAT:UNE_RT_A(1.0),29/04/26 23:00:00,A,Y15-24,PC_ACT,M,CH,2019-01-01,8.8,,
ESTAT:UNE_RT_A(1.0),29/04/26 23:00:00,A,Y15-24,PC_ACT,M,CY,2019-01-01,20.1,,
ESTAT:UNE_RT_A(1.0),29/04/26 23:00:00,A,Y15-24,PC_ACT,M,CZ,2019-01-01,5.4,,
ESTAT:UNE_RT_A(1.0),29/04/26 23:00:00,A,Y15-24,PC_ACT,M,DE,2019-01-01,6.9,,
ESTAT:UNE_RT_A(1.0),29/04/26 23:00:00,A,Y15-24,PC_ACT,M,DK,2019-01-01,10.4,,
ESTAT:UNE_RT_A(1.0),29/04/26 23:00:00,A,Y15-24,PC_ACT,M,EA20,2019-01-01,16.4,,
ESTAT:UNE_RT_A(1.0),29/04/26 23:00:00,A,Y15-24,PC_ACT,M,EA21,2019-01-01,16.4,,
ESTAT:UNE_RT_A(1.0),29/04/26 23:00:00,A,Y15-24,PC_ACT,M,EE,2019-01-01,11.2,,
ESTAT:UNE_RT_A(1.0),29/04/26 23:00:00,A,Y15-24,PC_ACT,M,EL,2019-01-01,34.5,,
ESTAT:UNE_RT_A(1.0),29/04/26 23:00:00,A,Y15-24,PC_ACT,M,ES,2019-01-01,30.9,,
ESTAT:UNE_RT_A(1.0),29/04/26 23:00:00,A,Y15-24,PC_ACT,M,EU27_2020,2019-01-01,15.7,,
ESTAT:UNE_RT_A(1.0),29/04/26 23:00:00,A,Y15-24,PC_ACT,M,FI,2019-01-01,19.5,,
ESTAT:UNE_RT_A(1.0),29/04/26 23:00:00,A,Y15-24,PC_ACT,M,FR,2019-01-01,20.0,,
ESTAT:UNE_RT_A(1.0),29/04/26 23:00:00,A,Y15-24,PC_ACT,M,HR,2019-01-01,15.3,,
ESTAT:UNE_RT_A(1.0),29/04/26 23:00:00,A,Y15-24,PC_ACT,M,HU,2019-01-01,11.9,,
ESTAT:UNE_RT_A(1.0),29/04/26 23:00:00,A,Y15-24,PC_ACT,M,IE,2019-01-01,14.2,,
ESTAT:UNE_RT_A(1.0),29/04/26 23:00:00,A,Y15-24,PC_ACT,M,IS,2019-01-01,11.8,,
ESTAT:UNE_RT_A(1.0),29/04/26 23:00:00,A,Y15-24,PC_ACT,M,IT,2019-01-01,27.8,,
ESTAT:UNE_RT_A(1.0),29/04/26 23:00:00,A,Y15-24,PC_ACT,M,LT,2019-01-01,14.1,,
ESTAT:UNE_RT_A(1.0),29/04/26 23:00:00,A,Y15-24,PC_ACT,M,LU,2019-01-01,17.8,,
ESTAT:UNE_RT_A(1.0),29/04/26 23:00:00,A,Y15-24,PC_ACT,M,LV,2019-01-01,14.7,,
ESTAT:UNE_RT_A(1.0),29/04/26 23:00:00,A,Y15-24,PC_ACT,M,ME,2019-01-01,25.8,,
ESTAT:UNE_RT_A(1.0),29/04/26 23:00:00,A,Y15-24,PC_ACT,M,MK,2019-01-01,33.4,,
ESTAT:UNE_RT_A(1.0),29/04/26 23:00:00,A,Y15-24,PC_ACT,M,MT,2019-01-01,11.3,,
ESTAT:UNE_RT_A(1.0),29/04/26 23:00:00,A,Y15-24,PC_ACT,M,NL,2019-01-01,9.7,,
ESTAT:UNE_RT_A(1.0),29/04/26 23:00:00,A,Y15-24,PC_ACT,M,NO,2019-01-01,11.9,,
ESTAT:UNE_RT_A(1.0),29/04/26 23:00:00,A,Y15-24,PC_ACT,M,PL,2019-01-01,9.6,b,
ESTAT:UNE_RT_A(1.0),29/04/26 23:00:00,A,Y15-24,PC_ACT,M,PT,2019-01-01,15.8,,
ESTAT:UNE_RT_A(1.0),29/04/26 23:00:00,A,Y15-24,PC_ACT,M,RO,2019-01-01,20.4,,
ESTAT:UNE_RT_A(1.0),29/04/26 23:00:00,A,Y15-24,PC_ACT,M,RS,2019-01-01,27.6,,
ESTAT:UNE_RT_A(1.0),29/04/26 23:00:00,A,Y15-24,PC_ACT,M,SE,2019-01-01,19.6,,
ESTAT:UNE_RT_A(1.0),29/04/26 23:00:00,A,Y15-24,PC_ACT,M,SI,2019-01-01,7.4,u,
ESTAT:UNE_RT_A(1.0),29/04/26 23:00:00,A,Y15-24,PC_ACT,M,SK,2019-01-01,14.2,,
ESTAT:UNE_RT_A(1.0),29/04/26 23:00:00,A,Y15-24,PC_ACT,M,TR,2019-01-01,22.4,,
ESTAT:UNE_RT_A(1.0),29/04/26 23:00:00,A,Y15-24,PC_ACT,T,AT,2019-01-01,9.1,,
ESTAT:UNE_RT_A(1.0),29/04/26 23:00:00,A,Y15-24,PC_ACT,T,BE,2019-01-01,14.5,,
ESTAT:UNE_RT_A(1.0),29/04/26 23:00:00,A,Y15-24,PC_ACT,T,BG,2019-01-01,12.1,b,
ESTAT:UNE_RT_A(1.0),29/04/26 23:00:00,A,Y15-24,PC_ACT,T,CH,2019-01-01,8.0,,
ESTAT:UNE_RT_A(1.0),29/04/26 23:00:00,A,Y15-24,PC_ACT,T,CY,2019-01-01,17.6,,
ESTAT:UNE_RT_A(1.0),29/04/26 23:00:00,A,Y15-24,PC_ACT,T,CZ,2019-01-01,5.6,,
ESTAT:UNE_RT_A(1.0),29/04/26 23:00:00,A,Y15-24,PC_ACT,T,DE,2019-01-01,6.1,,
ESTAT:UNE_RT_A(1.0),29/04/26 23:00:00,A,Y15-24,PC_ACT,T,DK,2019-01-01,10.1,,
ESTAT:UNE_RT_A(1.0),29/04/26 23:00:00,A,Y15-24,PC_ACT,T,EA20,2019-01-01,16.3,,
ESTAT:UNE_RT_A(1.0),29/04/26 23:00:00,A,Y15-24,PC_ACT,T,EA21,2019-01-01,16.3,,
ESTAT:UNE_RT_A(1.0),29/04/26 23:00:00,A,Y15-24,PC_ACT,T,EE,2019-01-01,11.6,,
ESTAT:UNE_RT_A(1.0),29/04/26 23:00:00,A,Y15-24,PC_ACT,T,EL,2019-01-01,37.5,,
ESTAT:UNE_RT_A(1.0),29/04/26 23:00:00,A,Y15-24,PC_ACT,T,ES,2019-01-01,32.5,,
ESTAT:UNE_RT_A(1.0),29/04/26 23:00:00,A,Y15-24,PC_ACT,T,EU27_2020,2019-01-01,15.7,,
ESTAT:UNE_RT_A(1.0),29/04/26 23:00:00,A,Y15-24,PC_ACT,T,FI,2019-01-01,17.7,,
ESTAT:UNE_RT_A(1.0),29/04/26 23:00:00,A,Y15-24,PC_ACT,T,FR,2019-01-01,20.7,,
ESTAT:UNE_RT_A(1.0),29/04/26 23:00:00,A,Y15-24,PC_ACT,T,HR,2019-01-01,16.7,,
ESTAT:UNE_RT_A(1.0),29/04/26 23:00:00,A,Y15-24,PC_ACT,T,HU,2019-01-01,11.4,,
ESTAT:UNE_RT_A(1.0),29/04/26 23:00:00,A,Y15-24,PC_ACT,T,IE,2019-01-01,12.5,,
ESTAT:UNE_RT_A(1.0),29/04/26 23:00:00,A,Y15-24,PC_ACT,T,IS,2019-01-01,8.7,,
ESTAT:UNE_RT_A(1.0),29/04/26 23:00:00,A,Y15-24,PC_ACT,T,IT,2019-01-01,29.2,,
ESTAT:UNE_RT_A(1.0),29/04/26 23:00:00,A,Y15-24,PC_ACT,T,LT,2019-01-01,11.9,,
ESTAT:UNE_RT_A(1.0),29/04/26 23:00:00,A,Y15-24,PC_ACT,T,LU,2019-01-01,17.0,,
ESTAT:UNE_RT_A(1.0),29/04/26 23:00:00,A,Y15-24,PC_ACT,T,LV,2019-01-01,12.7,,
ESTAT:UNE_RT_A(1.0),29/04/26 23:00:00,A,Y15-24,PC_ACT,T,ME,2019-01-01,25.2,,
ESTAT:UNE_RT_A(1.0),29/04/26 23:00:00,A,Y15-24,PC_ACT,T,MK,2019-01-01,35.6,,
ESTAT:UNE_RT_A(1.0),29/04/26 23:00:00,A,Y15-24,PC_ACT,T,MT,2019-01-01,10.1,,
ESTAT:UNE_RT_A(1.0),29/04/26 23:00:00,A,Y15-24,PC_ACT,T,NL,2019-01-01,8.5,,
ESTAT:UNE_RT_A(1.0),29/04/26 23:00:00,A,Y15-24,PC_ACT,T,NO,2019-01-01,11.7,,
ESTAT:UNE_RT_A(1.0),29/04/26 23:00:00,A,Y15-24,PC_ACT,T,PL,2019-01-01,9.7,b,
ESTAT:UNE_RT_A(1.0),29/04/26 23:00:00,A,Y15-24,PC_ACT,T,PT,2019-01-01,18.4,,
ESTAT:UNE_RT_A(1.0),29/04/26 23:00:00,A,Y15-24,PC_ACT,T,RO,2019-01-01,21.0,,
ESTAT:UNE_RT_A(1.0),29/04/26 23:00:00,A,Y15-24,PC_ACT,T,RS,2019-01-01,29.3,,
ESTAT:UNE_RT_A(1.0),29/04/26 23:00:00,A,Y15-24,PC_ACT,T,SE,2019-01-01,19.3,,
ESTAT:UNE_RT_A(1.0),29/04/26 23:00:00,A,Y15-24,PC_ACT,T,SI,2019-01-01,8.1,,
ESTAT:UNE_RT_A(1.0),29/04/26 23:00:00,A,Y15-24,PC_ACT,T,SK,2019-01-01,17.1,,
ESTAT:UNE_RT_A(1.0),29/04/26 23:00:00,A,Y15-24,PC_ACT,T,TR,2019-01-01,25.2,,
ESTAT:UNE_RT_A(1.0),29/04/26 23:00:00,A,Y15-74,PC_ACT,F,AT,2019-01-01,4.6,,
ESTAT:UNE_RT_A(1.0),29/04/26 23:00:00,A,Y15-74,PC_ACT,F,BE,2019-01-01,5.0,,
ESTAT:UNE_RT_A(1.0),29/04/26 23:00:00,A,Y15-74,PC_ACT,F,BG,2019-01-01,4.8,b,
ESTAT:UNE_RT_A(1.0),29/04/26 23:00:00,A,Y15-74,PC_ACT,F,CH,2019-01-01,4.7,,
ESTAT:UNE_RT_A(1.0),29/04/26 23:00:00,A,Y15-74,PC_ACT,F,CY,2019-01-01,7.7,,
ESTAT:UNE_RT_A(1.0),29/04/26 23:00:00,A,Y15-74,PC_ACT,F,CZ,2019-01-01,2.4,,
ESTAT:UNE_RT_A(1.0),29/04/26 23:00:00,A,Y15-74,PC_ACT,F,DE,2019-01-01,2.6,,
ESTAT:UNE_RT_A(1.0),29/04/26 23:00:00,A,Y15-74,PC_ACT,F,DK,2019-01-01,5.3,,
ESTAT:UNE_RT_A(1.0),29/04/26 23:00:00,A,Y15-74,PC_ACT,F,EA20,2019-01-01,8.0,,
ESTAT:UNE_RT_A(1.0),29/04/26 23:00:00,A,Y15-74,PC_ACT,F,EA21,2019-01-01,7.9,,
ESTAT:UNE_RT_A(1.0),29/04/26 23:00:00,A,Y15-74,PC_ACT,F,EE,2019-01-01,4.8,,
ESTAT:UNE_RT_A(1.0),29/04/26 23:00:00,A,Y15-74,PC_ACT,F,EL,2019-01-01,22.4,,
ESTAT:UNE_RT_A(1.0),29/04/26 23:00:00,A,Y15-74,PC_ACT,F,ES,2019-01-01,16.0,,
ESTAT:UNE_RT_A(1.0),29/04/26 23:00:00,A,Y15-74,PC_ACT,F,EU27_2020,2019-01-01,7.2,,
ESTAT:UNE_RT_A(1.0),29/04/26 23:00:00,A,Y15-74,PC_ACT,F,FI,2019-01-01,6.2,,
ESTAT:UNE_RT_A(1.0),29/04/26 23:00:00,A,Y15-74,PC_ACT,F,FR,2019-01-01,8.4,,
ESTAT:UNE_RT_A(1.0),29/04/26 23:00:00,A,Y15-74,PC_ACT,F,HR,2019-01-01,7.1,,
ESTAT:UNE_RT_A(1.0),29/04/26 23:00:00,A,Y15-74,PC_ACT,F,HU,2019-01-01,3.3,,
ESTAT:UNE_RT_A(1.0),29/04/26 23:00:00,A,Y15-74,PC_ACT,F,IE,2019-01-01,4.7,,
ESTAT:UNE_RT_A(1.0),29/04/26 23:00:00,A,Y15-74,PC_ACT,F,IS,2019-01-01,3.1,,
ESTAT:UNE_RT_A(1.0),29/04/26 23:00:00,A,Y15-74,PC_ACT,F,IT,2019-01-01,11.1,,
ESTAT:UNE_RT_A(1.0),29/04/26 23:00:00,A,Y15-74,PC_ACT,F,LT,2019-01-01,5.5,,
ESTAT:UNE_RT_A(1.0),29/04/26 23:00:00,A,Y15-74,PC_ACT,F,LU,2019-01-01,5.5,,
ESTAT:UNE_RT_A(1.0),29/04/26 23:00:00,A,Y15-74,PC_ACT,F,LV,2019-01-01,5.4,,
ESTAT:UNE_RT_A(1.0),29/04/26 23:00:00,A,Y15-74,PC_ACT,F,ME,2019-01-01,15.7,,
ESTAT:UNE_RT_A(1.0),29/04/26 23:00:00,A,Y15-74,PC_ACT,F,MK,2019-01-01,18.4,,
ESTAT:UNE_RT_A(1.0),29/04/26 23:00:00,A,Y15-74,PC_ACT,F,MT,2019-01-01,4.7,,
ESTAT:UNE_RT_A(1.0),29/04/26 23:00:00,A,Y15-74,PC_ACT,F,NL,2019-01-01,4.5,,
ESTAT:UNE_RT_A(1.0),29/04/26 23:00:00,A,Y15-74,PC_ACT,F,NO,2019-01-01,3.6,,
ESTAT:UNE_RT_A(1.0),29/04/26 23:00:00,A,Y15-74,PC_ACT,F,PL,2019-01-01,3.6,b,
ESTAT:UNE_RT_A(1.0),29/04/26 23:00:00,A,Y15-74,PC_ACT,F,PT,2019-01-01,7.2,,
ESTAT:UNE_RT_A(1.0),29/04/26 23:00:00,A,Y15-74,PC_ACT,F,RO,2019-01-01,4.3,,
ESTAT:UNE_RT_A(1.0),29/04/26 23:00:00,A,Y15-74,PC_ACT,F,RS,2019-01-01,12.1,,
ESTAT:UNE_RT_A(1.0),29/04/26 23:00:00,A,Y15-74,PC_ACT,F,SE,2019-01-01,7.1,,
ESTAT:UNE_RT_A(1.0),29/04/26 23:00:00,A,Y15-74,PC_ACT,F,SI,2019-01-01,5.0,,
ESTAT:UNE_RT_A(1.0),29/04/26 23:00:00,A,Y15-74,PC_ACT,F,SK,2019-01-01,6.0,,
ESTAT:UNE_RT_A(1.0),29/04/26 23:00:00,A,Y15-74,PC_ACT,F,TR,2019-01-01,16.5,,
ESTAT:UNE_RT_A(1.0),29/04/26 23:00:00,A,Y15-74,PC_ACT,M,AT,2019-01-01,5.1,,
ESTAT:UNE_RT_A(1.0),29/04/26 23:00:00,A,Y15-74,PC_ACT,M,BE,2019-01-01,5.9,,
ESTAT:UNE_RT_A(1.0),29/04/26 23:00:00,A,Y15-74,PC_ACT,M,BG,2019-01-01,5.5,b,
ESTAT:UNE_RT_A(1.0),29/04/26 23:00:00,A,Y15-74,PC_ACT,M,CH,2019-01-01,4.1,,
ESTAT:UNE_RT_A(1.0),29/04/26 23:00:00,A,Y15-74,PC_ACT,M,CY,2019-01-01,6.7,,
ESTAT:UNE_RT_A(1.0),29/04/26 23:00:00,A,Y15-74,PC_ACT,M,CZ,2019-01-01,1.7,,
ESTAT:UNE_RT_A(1.0),29/04/26 23:00:00,A,Y15-74,PC_ACT,M,DE,2019-01-01,3.3,,
ESTAT:UNE_RT_A(1.0),29/04/26 23:00:00,A,Y15-74,PC_ACT,M,DK,2019-01-01,4.8,,
ESTAT:UNE_RT_A(1.0),29/04/26 23:00:00,A,Y15-74,PC_ACT,M,EA20,2019-01-01,7.3,,
ESTAT:UNE_RT_A(1.0),29/04/26 23:00:00,A,Y15-74,PC_ACT,M,EA21,2019-01-01,7.2,,
ESTAT:UNE_RT_A(1.0),29/04/26 23:00:00,A,Y15-74,PC_ACT,M,EE,2019-01-01,4.1,,
ESTAT:UNE_RT_A(1.0),29/04/26 23:00:00,A,Y15-74,PC_ACT,M,EL,2019-01-01,14.4,,
ESTAT:UNE_RT_A(1.0),29/04/26 23:00:00,A,Y15-74,PC_ACT,M,ES,2019-01-01,12.5,,
ESTAT:UNE_RT_A(1.0),29/04/26 23:00:00,A,Y15-74,PC_ACT,M,EU27_2020,2019-01-01,6.5,,
ESTAT:UNE_RT_A(1.0),29/04/26 23:00:00,A,Y15-74,PC_ACT,M,FI,2019-01-01,7.3,,
ESTAT:UNE_RT_A(1.0),29/04/26 23:00:00,A,Y15-74,PC_ACT,M,FR,2019-01-01,8.5,,
ESTAT:UNE_RT_A(1.0),29/04/26 23:00:00,A,Y15-74,PC_ACT,M,HR,2019-01-01,6.1,,
ESTAT:UNE_RT_A(1.0),29/04/26 23:00:00,A,Y15-74,PC_ACT,M,HU,2019-01-01,3.3,,
ESTAT:UNE_RT_A(1.0),29/04/26 23:00:00,A,Y15-74,PC_ACT,M,IE,2019-01-01,5.2,,
ESTAT:UNE_RT_A(1.0),29/04/26 23:00:00,A,Y15-74,PC_ACT,M,IS,2019-01-01,3.8,,
ESTAT:UNE_RT_A(1.0),29/04/26 23:00:00,A,Y15-74,PC_ACT,M,IT,2019-01-01,9.1,,
ESTAT:UNE_RT_A(1.0),29/04/26 23:00:00,A,Y15-74,PC_ACT,M,LT,2019-01-01,7.1,,
ESTAT:UNE_RT_A(1.0),29/04/26 23:00:00,A,Y15-74,PC_ACT,M,LU,2019-01-01,5.7,,
ESTAT:UNE_RT_A(1.0),29/04/26 23:00:00,A,Y15-74,PC_ACT,M,LV,2019-01-01,7.2,,
ESTAT:UNE_RT_A(1.0),29/04/26 23:00:00,A,Y15-74,PC_ACT,M,ME,2019-01-01,14.7,,
ESTAT:UNE_RT_A(1.0),29/04/26 23:00:00,A,Y15-74,PC_ACT,M,MK,2019-01-01,16.5,,
ESTAT:UNE_RT_A(1.0),29/04/26 23:00:00,A,Y15-74,PC_ACT,M,MT,2019-01-01,3.7,,
ESTAT:UNE_RT_A(1.0),29/04/26 23:00:00,A,Y15-74,PC_ACT,M,NL,2019-01-01,4.3,,
ESTAT:UNE_RT_A(1.0),29/04/26 23:00:00,A,Y15-74,PC_ACT,M,NO,2019-01-01,4.1,,
ESTAT:UNE_RT_A(1.0),29/04/26 23:00:00,A,Y15-74,PC_ACT,M,PL,2019-01-01,3.0,b,
ESTAT:UNE_RT_A(1.0),29/04/26 23:00:00,A,Y15-74,PC_ACT,M,PT,2019-01-01,6.0,,
ESTAT:UNE_RT_A(1.0),29/04/26 23:00:00,A,Y15-74,PC_ACT,M,RO,2019-01-01,5.3,,
ESTAT:UNE_RT_A(1.0),29/04/26 23:00:00,A,Y15-74,PC_ACT,M,RS,2019-01-01,10.8,,
ESTAT:UNE_RT_A(1.0),29/04/26 23:00:00,A,Y15-74,PC_ACT,M,SE,2019-01-01,6.7,,
ESTAT:UNE_RT_A(1.0),29/04/26 23:00:00,A,Y15-74,PC_ACT,M,SI,2019-01-01,4.0,,
ESTAT:UNE_RT_A(1.0),29/04/26 23:00:00,A,Y15-74,PC_ACT,M,SK,2019-01-01,5.5,,
ESTAT:UNE_RT_A(1.0),29/04/26 23:00:00,A,Y15-74,PC_ACT,M,TR,2019-01-01,12.4,,
ESTAT:UNE_RT_A(1.0),29/04/26 23:00:00,A,Y15-74,PC_ACT,T,AT,2019-01-01,4.8,,
ESTAT:UNE_RT_A(1.0),29/04/26 23:00:00,A,Y15-74,PC_ACT,T,BE,2019-01-01,5.5,,
ESTAT:UNE_RT_A(1.0),29/04/26 23:00:00,A,Y15-74,PC_ACT,T,BG,2019-01-01,5.2,b,
ESTAT:UNE_RT_A(1.0),29/04/26 23:00:00,A,Y15-74,PC_ACT,T,CH,2019-01-01,4.4,,
ESTAT:UNE_RT_A(1.0),29/04/26 23:00:00,A,Y15-74,PC_ACT,T,CY,2019-01-01,7.2,,
ESTAT:UNE_RT_A(1.0),29/04/26 23:00:00,A,Y15-74,PC_ACT,T,CZ,2019-01-01,2.0,,
ESTAT:UNE_RT_A(1.0),29/04/26 23:00:00,A,Y15-74,PC_ACT,T,DE,2019-01-01,2.9,,
ESTAT:UNE_RT_A(1.0),29/04/26 23:00:00,A,Y15-74,PC_ACT,T,DK,2019-01-01,5.0,,
ESTAT:UNE_RT_A(1.0),29/04/26 23:00:00,A,Y15-74,PC_ACT,T,EA20,2019-01-01,7.6,,
ESTAT:UNE_RT_A(1.0),29/04/26 23:00:00,A,Y15-74,PC_ACT,T,EA21,2019-01-01,7.6,,
ESTAT:UNE_RT_A(1.0),29/04/26 23:00:00,A,Y15-74,PC_ACT,T,EE,2019-01-01,4.5,,
ESTAT:UNE_RT_A(1.0),29/04/26 23:00:00,A,Y15-74,PC_ACT,T,EL,2019-01-01,17.9,,
ESTAT:UNE_RT_A(1.0),29/04/26 23:00:00,A,Y15-74,PC_ACT,T,ES,2019-01-01,14.1,,
ESTAT:UNE_RT_A(1.0),29/04/26 23:00:00,A,Y15-74,PC_ACT,T,EU27_2020,2019-01-01,6.8,,
ESTAT:UNE_RT_A(1.0),29/04/26 23:00:00,A,Y15-74,PC_ACT,T,FI,2019-01-01,6.8,,
ESTAT:UNE_RT_A(1.0),29/04/26 23:00:00,A,Y15-74,PC_ACT,T,FR,2019-01-01,8.4,,
ESTAT:UNE_RT_A(1.0),29/04/26 23:00:00,A,Y15-74,PC_ACT,T,HR,2019-01-01,6.6,,
ESTAT:UNE_RT_A(1.0),29/04/26 23:00:00,A,Y15-74,PC_ACT,T,HU,2019-01-01,3.3,,
ESTAT:UNE_RT_A(1.0),29/04/26 23:00:00,A,Y15-74,PC_ACT,T,IE,2019-01-01,5.0,,
ESTAT:UNE_RT_A(1.0),29/04/26 23:00:00,A,Y15-74,PC_ACT,T,IS,2019-01-01,3.5,,
ESTAT:UNE_RT_A(1.0),29/04/26 23:00:00,A,Y15-74,PC_ACT,T,IT,2019-01-01,9.9,,
ESTAT:UNE_RT_A(1.0),29/04/26 23:00:00,A,Y15-74,PC_ACT,T,LT,2019-01-01,6.3,,
ESTAT:UNE_RT_A(1.0),29/04/26 23:00:00,A,Y15-74,PC_ACT,T,LU,2019-01-01,5.6,,
ESTAT:UNE_RT_A(1.0),29/04/26 23:00:00,A,Y15-74,PC_ACT,T,LV,2019-01-01,6.3,,
ESTAT:UNE_RT_A(1.0),29/04/26 23:00:00,A,Y15-74,PC_ACT,T,ME,2019-01-01,15.2,,
ESTAT:UNE_RT_A(1.0),29/04/26 23:00:00,A,Y15-74,PC_ACT,T,MK,2019-01-01,17.3,,
ESTAT:UNE_RT_A(1.0),29/04/26 23:00:00,A,Y15-74,PC_ACT,T,MT,2019-01-01,4.1,,
ESTAT:UNE_RT_A(1.0),29/04/26 23:00:00,A,Y15-74,PC_ACT,T,NL,2019-01-01,4.4,,
ESTAT:UNE_RT_A(1.0),29/04/26 23:00:00,A,Y15-74,PC_ACT,T,NO,2019-01-01,3.9,,
ESTAT:UNE_RT_A(1.0),29/04/26 23:00:00,A,Y15-74,PC_ACT,T,PL,2019-01-01,3.3,b,
ESTAT:UNE_RT_A(1.0),29/04/26 23:00:00,A,Y15-74,PC_ACT,T,PT,2019-01-01,6.6,,
ESTAT:UNE_RT_A(1.0),29/04/26 23:00:00,A,Y15-74,PC_ACT,T,RO,2019-01-01,4.9,,
ESTAT:UNE_RT_A(1.0),29/04/26 23:00:00,A,Y15-74,PC_ACT,T,RS,2019-01-01,11.4,,
ESTAT:UNE_RT_A(1.0),29/04/26 23:00:00,A,Y15-74,PC_ACT,T,SE,2019-01-01,6.9,,
ESTAT:UNE_RT_A(1.0),29/04/26 23:00:00,A,Y15-74,PC_ACT,T,SI,2019-01-01,4.4,,
ESTAT:UNE_RT_A(1.0),29/04/26 23:00:00,A,Y15-74,PC_ACT,T,SK,2019-01-01,5.7,,
ESTAT:UNE_RT_A(1.0),29/04/26 23:00:00,A,Y15-74,PC_ACT,T,TR,2019-01-01,13.7,,
ESTAT:UNE_RT_A(1.0),29/04/26 23:00:00,A,Y25-54,PC_ACT,F,AT,2019-01-01,4.4,,
ESTAT:UNE_RT_A(1.0),29/04/26 23:00:00,A,Y25-54,PC_ACT,F,BE,2019-01-01,4.5,,
ESTAT:UNE_RT_A(1.0),29/04/26 23:00:00,A,Y25-54,PC_ACT,F,BG,2019-01-01,4.7,b,
ESTAT:UNE_RT_A(1.0),29/04/26 23:00:00,A,Y25-54,PC_ACT,F,CH,2019-01-01,4.7,,
ESTAT:UNE_RT_A(1.0),29/04/26 23:00:00,A,Y25-54,PC_ACT,F,CY,2019-01-01,7.4,,
ESTAT:UNE_RT_A(1.0),29/04/26 23:00:00,A,Y25-54,PC_ACT,F,CZ,2019-01-01,2.3,,
ESTAT:UNE_RT_A(1.0),29/04/26 23:00:00,A,Y25-54,PC_ACT,F,DE,2019-01-01,2.4,,
ESTAT:UNE_RT_A(1.0),29/04/26 23:00:00,A,Y25-54,PC_ACT,F,DK,2019-01-01,4.8,,
ESTAT:UNE_RT_A(1.0),29/04/26 23:00:00,A,Y25-54,PC_ACT,F,EA20,2019-01-01,7.7,,
ESTAT:UNE_RT_A(1.0),29/04/26 23:00:00,A,Y25-54,PC_ACT,F,EA21,2019-01-01,7.7,,
ESTAT:UNE_RT_A(1.0),29/04/26 23:00:00,A,Y25-54,PC_ACT,F,EE,2019-01-01,4.8,,
ESTAT:UNE_RT_A(1.0),29/04/26 23:00:00,A,Y25-54,PC_ACT,F,EL,2019-01-01,22.6,,
ESTAT:UNE_RT_A(1.0),29/04/26 23:00:00,A,Y25-54,PC_ACT,F,ES,2019-01-01,15.0,,
ESTAT:UNE_RT_A(1.0),29/04/26 23:00:00,A,Y25-54,PC_ACT,F,EU27_2020,2019-01-01,6.8,,
ESTAT:UNE_RT_A(1.0),29/04/26 23:00:00,A,Y25-54,PC_ACT,F,FI,2019-01-01,4.9,,
ESTAT:UNE_RT_A(1.0),29/04/26 23:00:00,A,Y25-54,PC_ACT,F,FR,2019-01-01,7.2,,
ESTAT:UNE_RT_A(1.0),29/04/26 23:00:00,A,Y25-54,PC_ACT,F,HR,2019-01-01,6.6,,
ESTAT:UNE_RT_A(1.0),29/04/26 23:00:00,A,Y25-54,PC_ACT,F,HU,2019-01-01,3.0,,
ESTAT:UNE_RT_A(1.0),29/04/26 23:00:00,A,Y25-54,PC_ACT,F,IE,2019-01-01,4.0,,
ESTAT:UNE_RT_A(1.0),29/04/26 23:00:00,A,Y25-54,PC_ACT,F,IS,2019-01-01,3.1,,
ESTAT:UNE_RT_A(1.0),29/04/26 23:00:00,A,Y25-54,PC_ACT,F,IT,2019-01-01,11.3,,
ESTAT:UNE_RT_A(1.0),29/04/26 23:00:00,A,Y25-54,PC_ACT,F,LT,2019-01-01,5.0,,
ESTAT:UNE_RT_A(1.0),29/04/26 23:00:00,A,Y25-54,PC_ACT,F,LU,2019-01-01,4.8,,
ESTAT:UNE_RT_A(1.0),29/04/26 23:00:00,A,Y25-54,PC_ACT,F,LV,2019-01-01,5.2,,
ESTAT:UNE_RT_A(1.0),29/04/26 23:00:00,A,Y25-54,PC_ACT,F,ME,2019-01-01,16.1,,
ESTAT:UNE_RT_A(1.0),29/04/26 23:00:00,A,Y25-54,PC_ACT,F,MK,2019-01-01,17.3,,
ESTAT:UNE_RT_A(1.0),29/04/26 23:00:00,A,Y25-54,PC_ACT,F,MT,2019-01-01,4.4,,
ESTAT:UNE_RT_A(1.0),29/04/26 23:00:00,A,Y25-54,PC_ACT,F,NL,2019-01-01,3.8,,
ESTAT:UNE_RT_A(1.0),29/04/26 23:00:00,A,Y25-54,PC_ACT,F,NO,2019-01-01,2.7,,
ESTAT:UNE_RT_A(1.0),29/04/26 23:00:00,A,Y25-54,PC_ACT,F,PL,2019-01-01,3.3,b,
ESTAT:UNE_RT_A(1.0),29/04/26 23:00:00,A,Y25-54,PC_ACT,F,PT,2019-01-01,6.2,,
ESTAT:UNE_RT_A(1.0),29/04/26 23:00:00,A,Y25-54,PC_ACT,F,RO,2019-01-01,3.2,,
ESTAT:UNE_RT_A(1.0),29/04/26 23:00:00,A,Y25-54,PC_ACT,F,RS,2019-01-01,11.8,,
ESTAT:UNE_RT_A(1.0),29/04/26 23:00:00,A,Y25-54,PC_ACT,F,SE,2019-01-01,5.9,,
ESTAT:UNE_RT_A(1.0),29/04/26 23:00:00,A,Y25-54,PC_ACT,F,SI,2019-01-01,4.8,,
ESTAT:UNE_RT_A(1.0),29/04/26 23:00:00,A,Y25-54,PC_ACT,F,SK,2019-01-01,5.4,,
ESTAT:UNE_RT_A(1.0),29/04/26 23:00:00,A,Y25-54,PC_ACT,F,TR,2019-01-01,14.7,,
ESTAT:UNE_RT_A(1.0),29/04/26 23:00:00,A,Y25-54,PC_ACT,M,AT,2019-01-01,4.6,,
ESTAT:UNE_RT_A(1.0),29/04/26 23:00:00,A,Y25-54,PC_ACT,M,BE,2019-01-01,5.2,,
ESTAT:UNE_RT_A(1.0),29/04/26 23:00:00,A,Y25-54,PC_ACT,M,BG,2019-01-01,5.6,b,
ESTAT:UNE_RT_A(1.0),29/04/26 23:00:00,A,Y25-54,PC_ACT,M,CH,2019-01-01,3.5,,
ESTAT:UNE_RT_A(1.0),29/04/26 23:00:00,A,Y25-54,PC_ACT,M,CY,2019-01-01,5.9,,
ESTAT:UNE_RT_A(1.0),29/04/26 23:00:00,A,Y25-54,PC_ACT,M,CZ,2019-01-01,1.5,,
ESTAT:UNE_RT_A(1.0),29/04/26 23:00:00,A,Y25-54,PC_ACT,M,DE,2019-01-01,3.0,,
ESTAT:UNE_RT_A(1.0),29/04/26 23:00:00,A,Y25-54,PC_ACT,M,DK,2019-01-01,4.2,,
ESTAT:UNE_RT_A(1.0),29/04/26 23:00:00,A,Y25-54,PC_ACT,M,EA20,2019-01-01,6.6,,
ESTAT:UNE_RT_A(1.0),29/04/26 23:00:00,A,Y25-54,PC_ACT,M,EA21,2019-01-01,6.6,,
ESTAT:UNE_RT_A(1.0),29/04/26 23:00:00,A,Y25-54,PC_ACT,M,EE,2019-01-01,3.3,,
ESTAT:UNE_RT_A(1.0),29/04/26 23:00:00,A,Y25-54,PC_ACT,M,EL,2019-01-01,13.7,,
ESTAT:UNE_RT_A(1.0),29/04/26 23:00:00,A,Y25-54,PC_ACT,M,ES,2019-01-01,11.0,,
ESTAT:UNE_RT_A(1.0),29/04/26 23:00:00,A,Y25-54,PC_ACT,M,EU27_2020,2019-01-01,5.9,,
ESTAT:UNE_RT_A(1.0),29/04/26 23:00:00,A,Y25-54,PC_ACT,M,FI,2019-01-01,5.3,,
ESTAT:UNE_RT_A(1.0),29/04/26 23:00:00,A,Y25-54,PC_ACT,M,FR,2019-01-01,7.4,,
ESTAT:UNE_RT_A(1.0),29/04/26 23:00:00,A,Y25-54,PC_ACT,M,HR,2019-01-01,5.8,,
ESTAT:UNE_RT_A(1.0),29/04/26 23:00:00,A,Y25-54,PC_ACT,M,HU,2019-01-01,2.8,,
ESTAT:UNE_RT_A(1.0),29/04/26 23:00:00,A,Y25-54,PC_ACT,M,IE,2019-01-01,4.3,,
ESTAT:UNE_RT_A(1.0),29/04/26 23:00:00,A,Y25-54,PC_ACT,M,IS,2019-01-01,2.7,,
ESTAT:UNE_RT_A(1.0),29/04/26 23:00:00,A,Y25-54,PC_ACT,M,IT,2019-01-01,8.6,,
ESTAT:UNE_RT_A(1.0),29/04/26 23:00:00,A,Y25-54,PC_ACT,M,LT,2019-01-01,6.6,,
ESTAT:UNE_RT_A(1.0),29/04/26 23:00:00,A,Y25-54,PC_ACT,M,LU,2019-01-01,4.6,,
ESTAT:UNE_RT_A(1.0),29/04/26 23:00:00,A,Y25-54,PC_ACT,M,LV,2019-01-01,6.7,,
ESTAT:UNE_RT_A(1.0),29/04/26 23:00:00,A,Y25-54,PC_ACT,M,ME,2019-01-01,15.0,,
ESTAT:UNE_RT_A(1.0),29/04/26 23:00:00,A,Y25-54,PC_ACT,M,MK,2019-01-01,15.8,,
ESTAT:UNE_RT_A(1.0),29/04/26 23:00:00,A,Y25-54,PC_ACT,M,MT,2019-01-01,3.2,,
ESTAT:UNE_RT_A(1.0),29/04/26 23:00:00,A,Y25-54,PC_ACT,M,NL,2019-01-01,3.0,,
ESTAT:UNE_RT_A(1.0),29/04/26 23:00:00,A,Y25-54,PC_ACT,M,NO,2019-01-01,3.3,,
ESTAT:UNE_RT_A(1.0),29/04/26 23:00:00,A,Y25-54,PC_ACT,M,PL,2019-01-01,2.5,b,
ESTAT:UNE_RT_A(1.0),29/04/26 23:00:00,A,Y25-54,PC_ACT,M,PT,2019-01-01,5.1,,
ESTAT:UNE_RT_A(1.0),29/04/26 23:00:00,A,Y25-54,PC_ACT,M,RO,2019-01-01,4.4,,
ESTAT:UNE_RT_A(1.0),29/04/26 23:00:00,A,Y25-54,PC_ACT,M,RS,2019-01-01,10.4,,
ESTAT:UNE_RT_A(1.0),29/04/26 23:00:00,A,Y25-54,PC_ACT,M,SE,2019-01-01,5.2,,
ESTAT:UNE_RT_A(1.0),29/04/26 23:00:00,A,Y25-54,PC_ACT,M,SI,2019-01-01,3.7,,
ESTAT:UNE_RT_A(1.0),29/04/26 23:00:00,A,Y25-54,PC_ACT,M,SK,2019-01-01,5.1,,
ESTAT:UNE_RT_A(1.0),29/04/26 23:00:00,A,Y25-54,PC_ACT,M,TR,2019-01-01,11.0,,
ESTAT:UNE_RT_A(1.0),29/04/26 23:00:00,A,Y25-54,PC_ACT,T,AT,2019-01-01,4.5,,
ESTAT:UNE_RT_A(1.0),29/04/26 23:00:00,A,Y25-54,PC_ACT,T,BE,2019-01-01,4.8,,
ESTAT:UNE_RT_A(1.0),29/04/26 23:00:00,A,Y25-54,PC_ACT,T,BG,2019-01-01,5.2,b,
ESTAT:UNE_RT_A(1.0),29/04/26 23:00:00,A,Y25-54,PC_ACT,T,CH,2019-01-01,4.1,,
ESTAT:UNE_RT_A(1.0),29/04/26 23:00:00,A,Y25-54,PC_ACT,T,CY,2019-01-01,6.6,,
ESTAT:UNE_RT_A(1.0),29/04/26 23:00:00,A,Y25-54,PC_ACT,T,CZ,2019-01-01,1.8,,
ESTAT:UNE_RT_A(1.0),29/04/26 23:00:00,A,Y25-54,PC_ACT,T,DE,2019-01-01,2.7,,
ESTAT:UNE_RT_A(1.0),29/04/26 23:00:00,A,Y25-54,PC_ACT,T,DK,2019-01-01,4.5,,
ESTAT:UNE_RT_A(1.0),29/04/26 23:00:00,A,Y25-54,PC_ACT,T,EA20,2019-01-01,7.1,,
ESTAT:UNE_RT_A(1.0),29/04/26 23:00:00,A,Y25-54,PC_ACT,T,EA21,2019-01-01,7.1,,
ESTAT:UNE_RT_A(1.0),29/04/26 23:00:00,A,Y25-54,PC_ACT,T,EE,2019-01-01,4.0,,
ESTAT:UNE_RT_A(1.0),29/04/26 23:00:00,A,Y25-54,PC_ACT,T,EL,2019-01-01,17.7,,
ESTAT:UNE_RT_A(1.0),29/04/26 23:00:00,A,Y25-54,PC_ACT,T,ES,2019-01-01,12.9,,
ESTAT:UNE_RT_A(1.0),29/04/26 23:00:00,A,Y25-54,PC_ACT,T,EU27_2020,2019-01-01,6.3,,
ESTAT:UNE_RT_A(1.0),29/04/26 23:00:00,A,Y25-54,PC_ACT,T,FI,2019-01-01,5.1,,
ESTAT:UNE_RT_A(1.0),29/04/26 23:00:00,A,Y25-54,PC_ACT,T,FR,2019-01-01,7.3,,
ESTAT:UNE_RT_A(1.0),29/04/26 23:00:00,A,Y25-54,PC_ACT,T,HR,2019-01-01,6.2,,
ESTAT:UNE_RT_A(1.0),29/04/26 23:00:00,A,Y25-54,PC_ACT,T,HU,2019-01-01,2.9,,
ESTAT:UNE_RT_A(1.0),29/04/26 23:00:00,A,Y25-54,PC_ACT,T,IE,2019-01-01,4.1,,
ESTAT:UNE_RT_A(1.0),29/04/26 23:00:00,A,Y25-54,PC_ACT,T,IS,2019-01-01,2.9,,
ESTAT:UNE_RT_A(1.0),29/04/26 23:00:00,A,Y25-54,PC_ACT,T,IT,2019-01-01,9.8,,
ESTAT:UNE_RT_A(1.0),29/04/26 23:00:00,A,Y25-54,PC_ACT,T,LT,2019-01-01,5.8,,
ESTAT:UNE_RT_A(1.0),29/04/26 23:00:00,A,Y25-54,PC_ACT,T,LU,2019-01-01,4.7,,
ESTAT:UNE_RT_A(1.0),29/04/26 23:00:00,A,Y25-54,PC_ACT,T,LV,2019-01-01,6.0,,
ESTAT:UNE_RT_A(1.0),29/04/26 23:00:00,A,Y25-54,PC_ACT,T,ME,2019-01-01,15.5,,
ESTAT:UNE_RT_A(1.0),29/04/26 23:00:00,A,Y25-54,PC_ACT,T,MK,2019-01-01,16.5,,
ESTAT:UNE_RT_A(1.0),29/04/26 23:00:00,A,Y25-54,PC_ACT,T,MT,2019-01-01,3.7,,
ESTAT:UNE_RT_A(1.0),29/04/26 23:00:00,A,Y25-54,PC_ACT,T,NL,2019-01-01,3.4,,
ESTAT:UNE_RT_A(1.0),29/04/26 23:00:00,A,Y25-54,PC_ACT,T,NO,2019-01-01,3.0,,
ESTAT:UNE_RT_A(1.0),29/04/26 23:00:00,A,Y25-54,PC_ACT,T,PL,2019-01-01,2.9,b,
ESTAT:UNE_RT_A(1.0),29/04/26 23:00:00,A,Y25-54,PC_ACT,T,PT,2019-01-01,5.7,,
ESTAT:UNE_RT_A(1.0),29/04/26 23:00:00,A,Y25-54,PC_ACT,T,RO,2019-01-01,3.9,,
ESTAT:UNE_RT_A(1.0),29/04/26 23:00:00,A,Y25-54,PC_ACT,T,RS,2019-01-01,11.0,,
ESTAT:UNE_RT_A(1.0),29/04/26 23:00:00,A,Y25-54,PC_ACT,T,SE,2019-01-01,5.6,,
ESTAT:UNE_RT_A(1.0),29/04/26 23:00:00,A,Y25-54,PC_ACT,T,SI,2019-01-01,4.2,,
ESTAT:UNE_RT_A(1.0),29/04/26 23:00:00,A,Y25-54,PC_ACT,T,SK,2019-01-01,5.2,,
ESTAT:UNE_RT_A(1.0),29/04/26 23:00:00,A,Y25-54,PC_ACT,T,TR,2019-01-01,12.2,,
ESTAT:UNE_RT_A(1.0),29/04/26 23:00:00,A,Y55-74,PC_ACT,F,AT,2019-01-01,2.9,,
ESTAT:UNE_RT_A(1.0),29/04/26 23:00:00,A,Y55-74,PC_ACT,F,BE,2019-01-01,3.9,,
ESTAT:UNE_RT_A(1.0),29/04/26 23:00:00,A,Y55-74,PC_ACT,F,BG,2019-01-01,4.4,b,
ESTAT:UNE_RT_A(1.0),29/04/26 23:00:00,A,Y55-74,PC_ACT,F,CH,2019-01-01,3.3,,
ESTAT:UNE_RT_A(1.0),29/04/26 23:00:00,A,Y55-74,PC_ACT,F,CY,2019-01-01,5.7,,
ESTAT:UNE_RT_A(1.0),29/04/26 23:00:00,A,Y55-74,PC_ACT,F,CZ,2019-01-01,1.8,,
ESTAT:UNE_RT_A(1.0),29/04/26 23:00:00,A,Y55-74,PC_ACT,F,DE,2019-01-01,2.1,,
ESTAT:UNE_RT_A(1.0),29/04/26 23:00:00,A,Y55-74,PC_ACT,F,DK,2019-01-01,3.2,,
ESTAT:UNE_RT_A(1.0),29/04/26 23:00:00,A,Y55-74,PC_ACT,F,EA20,2019-01-01,5.4,,
ESTAT:UNE_RT_A(1.0),29/04/26 23:00:00,A,Y55-74,PC_ACT,F,EA21,2019-01-01,5.4,,
ESTAT:UNE_RT_A(1.0),29/04/26 23:00:00,A,Y55-74,PC_ACT,F,EE,2019-01-01,2.9,,
ESTAT:UNE_RT_A(1.0),29/04/26 23:00:00,A,Y55-74,PC_ACT,F,EL,2019-01-01,15.5,,
ESTAT:UNE_RT_A(1.0),29/04/26 23:00:00,A,Y55-74,PC_ACT,F,ES,2019-01-01,13.5,,
ESTAT:UNE_RT_A(1.0),29/04/26 23:00:00,A,Y55-74,PC_ACT,F,EU27_2020,2019-01-01,4.9,,
ESTAT:UNE_RT_A(1.0),29/04/26 23:00:00,A,Y55-74,PC_ACT,F,FI,2019-01-01,4.9,,
ESTAT:UNE_RT_A(1.0),29/04/26 23:00:00,A,Y55-74,PC_ACT,F,FR,2019-01-01,6.5,,
ESTAT:UNE_RT_A(1.0),29/04/26 23:00:00,A,Y55-74,PC_ACT,F,HR,2019-01-01,4.2,u,
ESTAT:UNE_RT_A(1.0),29/04/26 23:00:00,A,Y55-74,PC_ACT,F,HU,2019-01-01,2.1,,
ESTAT:UNE_RT_A(1.0),29/04/26 23:00:00,A,Y55-74,PC_ACT,F,IE,2019-01-01,3.2,u,
ESTAT:UNE_RT_A(1.0),29/04/26 23:00:00,A,Y55-74,PC_ACT,F,IS,2019-01-01,,u,
ESTAT:UNE_RT_A(1.0),29/04/26 23:00:00,A,Y55-74,PC_ACT,F,IT,2019-01-01,4.7,,
ESTAT:UNE_RT_A(1.0),29/04/26 23:00:00,A,Y55-74,PC_ACT,F,LT,2019-01-01,6.0,,
ESTAT:UNE_RT_A(1.0),29/04/26 23:00:00,A,Y55-74,PC_ACT,F,LU,2019-01-01,,u,
ESTAT:UNE_RT_A(1.0),29/04/26 23:00:00,A,Y55-74,PC_ACT,F,LV,2019-01-01,5.0,,
ESTAT:UNE_RT_A(1.0),29/04/26 23:00:00,A,Y55-74,PC_ACT,F,ME,2019-01-01,8.3,u,
ESTAT:UNE_RT_A(1.0),29/04/26 23:00:00,A,Y55-74,PC_ACT,F,MK,2019-01-01,12.0,,
ESTAT:UNE_RT_A(1.0),29/04/26 23:00:00,A,Y55-74,PC_ACT,F,NL,2019-01-01,4.3,,
ESTAT:UNE_RT_A(1.0),29/04/26 23:00:00,A,Y55-74,PC_ACT,F,NO,2019-01-01,,u,
ESTAT:UNE_RT_A(1.0),29/04/26 23:00:00,A,Y55-74,PC_ACT,F,PL,2019-01-01,1.9,b,
ESTAT:UNE_RT_A(1.0),29/04/26 23:00:00,A,Y55-74,PC_ACT,F,PT,2019-01-01,6.1,,
ESTAT:UNE_RT_A(1.0),29/04/26 23:00:00,A,Y55-74,PC_ACT,F,RO,2019-01-01,2.8,,
ESTAT:UNE_RT_A(1.0),29/04/26 23:00:00,A,Y55-74,PC_ACT,F,RS,2019-01-01,6.9,,
ESTAT:UNE_RT_A(1.0),29/04/26 23:00:00,A,Y55-74,PC_ACT,F,SE,2019-01-01,4.0,,
ESTAT:UNE_RT_A(1.0),29/04/26 23:00:00,A,Y55-74,PC_ACT,F,SI,2019-01-01,4.2,u,
ESTAT:UNE_RT_A(1.0),29/04/26 23:00:00,A,Y55-74,PC_ACT,F,SK,2019-01-01,5.0,,
ESTAT:UNE_RT_A(1.0),29/04/26 23:00:00,A,Y55-74,PC_ACT,F,TR,2019-01-01,3.7,,
ESTAT:UNE_RT_A(1.0),29/04/26 23:00:00,A,Y55-74,PC_ACT,M,AT,2019-01-01,3.8,,
ESTAT:UNE_RT_A(1.0),29/04/26 23:00:00,A,Y55-74,PC_ACT,M,BE,2019-01-01,4.1,,
ESTAT:UNE_RT_A(1.0),29/04/26 23:00:00,A,Y55-74,PC_ACT,M,BG,2019-01-01,4.8,b,
ESTAT:UNE_RT_A(1.0),29/04/26 23:00:00,A,Y55-74,PC_ACT,M,CH,2019-01-01,3.6,,
ESTAT:UNE_RT_A(1.0),29/04/26 23:00:00,A,Y55-74,PC_ACT,M,CY,2019-01-01,5.5,,
ESTAT:UNE_RT_A(1.0),29/04/26 23:00:00,A,Y55-74,PC_ACT,M,CZ,2019-01-01,1.7,,
ESTAT:UNE_RT_A(1.0),29/04/26 23:00:00,A,Y55-74,PC_ACT,M,DE,2019-01-01,2.5,,
ESTAT:UNE_RT_A(1.0),29/04/26 23:00:00,A,Y55-74,PC_ACT,M,DK,2019-01-01,3.0,,
ESTAT:UNE_RT_A(1.0),29/04/26 23:00:00,A,Y55-74,PC_ACT,M,EA20,2019-01-01,5.4,,
ESTAT:UNE_RT_A(1.0),29/04/26 23:00:00,A,Y55-74,PC_ACT,M,EA21,2019-01-01,5.4,,
ESTAT:UNE_RT_A(1.0),29/04/26 23:00:00,A,Y55-74,PC_ACT,M,EE,2019-01-01,4.5,,
ESTAT:UNE_RT_A(1.0),29/04/26 23:00:00,A,Y55-74,PC_ACT,M,EL,2019-01-01,12.2,,
ESTAT:UNE_RT_A(1.0),29/04/26 23:00:00,A,Y55-74,PC_ACT,M,ES,2019-01-01,11.3,,
ESTAT:UNE_RT_A(1.0),29/04/26 23:00:00,A,Y55-74,PC_ACT,M,EU27_2020,2019-01-01,4.9,,
ESTAT:UNE_RT_A(1.0),29/04/26 23:00:00,A,Y55-74,PC_ACT,M,FI,2019-01-01,7.2,,
ESTAT:UNE_RT_A(1.0),29/04/26 23:00:00,A,Y55-74,PC_ACT,M,FR,2019-01-01,6.5,,
ESTAT:UNE_RT_A(1.0),29/04/26 23:00:00,A,Y55-74,PC_ACT,M,HR,2019-01-01,2.7,u,
ESTAT:UNE_RT_A(1.0),29/04/26 23:00:00,A,Y55-74,PC_ACT,M,HU,2019-01-01,2.2,,
ESTAT:UNE_RT_A(1.0),29/04/26 23:00:00,A,Y55-74,PC_ACT,M,IE,2019-01-01,3.2,,
ESTAT:UNE_RT_A(1.0),29/04/26 23:00:00,A,Y55-74,PC_ACT,M,IS,2019-01-01,,u,
ESTAT:UNE_RT_A(1.0),29/04/26 23:00:00,A,Y55-74,PC_ACT,M,IT,2019-01-01,5.4,,
ESTAT:UNE_RT_A(1.0),29/04/26 23:00:00,A,Y55-74,PC_ACT,M,LT,2019-01-01,6.1,,
ESTAT:UNE_RT_A(1.0),29/04/26 23:00:00,A,Y55-74,PC_ACT,M,LU,2019-01-01,4.6,u,
ESTAT:UNE_RT_A(1.0),29/04/26 23:00:00,A,Y55-74,PC_ACT,M,LV,2019-01-01,6.8,,
ESTAT:UNE_RT_A(1.0),29/04/26 23:00:00,A,Y55-74,PC_ACT,M,ME,2019-01-01,6.2,u,
ESTAT:UNE_RT_A(1.0),29/04/26 23:00:00,A,Y55-74,PC_ACT,M,MK,2019-01-01,10.6,,
ESTAT:UNE_RT_A(1.0),29/04/26 23:00:00,A,Y55-74,PC_ACT,M,MT,2019-01-01,,u,
ESTAT:UNE_RT_A(1.0),29/04/26 23:00:00,A,Y55-74,PC_ACT,M,NL,2019-01-01,4.1,,
ESTAT:UNE_RT_A(1.0),29/04/26 23:00:00,A,Y55-74,PC_ACT,M,NO,2019-01-01,2.0,u,
ESTAT:UNE_RT_A(1.0),29/04/26 23:00:00,A,Y55-74,PC_ACT,M,PL,2019-01-01,2.5,b,
ESTAT:UNE_RT_A(1.0),29/04/26 23:00:00,A,Y55-74,PC_ACT,M,PT,2019-01-01,5.7,,
ESTAT:UNE_RT_A(1.0),29/04/26 23:00:00,A,Y55-74,PC_ACT,M,RO,2019-01-01,3.2,,
ESTAT:UNE_RT_A(1.0),29/04/26 23:00:00,A,Y55-74,PC_ACT,M,RS,2019-01-01,6.4,,
ESTAT:UNE_RT_A(1.0),29/04/26 23:00:00,A,Y55-74,PC_ACT,M,SE,2019-01-01,4.6,,
ESTAT:UNE_RT_A(1.0),29/04/26 23:00:00,A,Y55-74,PC_ACT,M,SI,2019-01-01,4.2,u,
ESTAT:UNE_RT_A(1.0),29/04/26 23:00:00,A,Y55-74,PC_ACT,M,SK,2019-01-01,3.6,,
ESTAT:UNE_RT_A(1.0),29/04/26 23:00:00,A,Y55-74,PC_ACT,M,TR,2019-01-01,8.3,,
ESTAT:UNE_RT_A(1.0),29/04/26 23:00:00,A,Y55-74,PC_ACT,T,AT,2019-01-01,3.4,,
ESTAT:UNE_RT_A(1.0),29/04/26 23:00:00,A,Y55-74,PC_ACT,T,BE,2019-01-01,4.0,,
ESTAT:UNE_RT_A(1.0),29/04/26 23:00:00,A,Y55-74,PC_ACT,T,BG,2019-01-01,4.6,b,
ESTAT:UNE_RT_A(1.0),29/04/26 23:00:00,A,Y55-74,PC_ACT,T,CH,2019-01-01,3.5,,
ESTAT:UNE_RT_A(1.0),29/04/26 23:00:00,A,Y55-74,PC_ACT,T,CY,2019-01-01,5.6,,
ESTAT:UNE_RT_A(1.0),29/04/26 23:00:00,A,Y55-74,PC_ACT,T,CZ,2019-01-01,1.8,,
ESTAT:UNE_RT_A(1.0),29/04/26 23:00:00,A,Y55-74,PC_ACT,T,DE,2019-01-01,2.3,,
ESTAT:UNE_RT_A(1.0),29/04/26 23:00:00,A,Y55-74,PC_ACT,T,DK,2019-01-01,3.1,,
ESTAT:UNE_RT_A(1.0),29/04/26 23:00:00,A,Y55-74,PC_ACT,T,EA20,2019-01-01,5.4,,
ESTAT:UNE_RT_A(1.0),29/04/26 23:00:00,A,Y55-74,PC_ACT,T,EA21,2019-01-01,5.4,,
ESTAT:UNE_RT_A(1.0),29/04/26 23:00:00,A,Y55-74,PC_ACT,T,EE,2019-01-01,3.6,,
ESTAT:UNE_RT_A(1.0),29/04/26 23:00:00,A,Y55-74,PC_ACT,T,EL,2019-01-01,13.5,,
ESTAT:UNE_RT_A(1.0),29/04/26 23:00:00,A,Y55-74,PC_ACT,T,ES,2019-01-01,12.3,,
ESTAT:UNE_RT_A(1.0),29/04/26 23:00:00,A,Y55-74,PC_ACT,T,EU27_2020,2019-01-01,4.9,,
ESTAT:UNE_RT_A(1.0),29/04/26 23:00:00,A,Y55-74,PC_ACT,T,FI,2019-01-01,6.1,,
ESTAT:UNE_RT_A(1.0),29/04/26 23:00:00,A,Y55-74,PC_ACT,T,FR,2019-01-01,6.5,,
ESTAT:UNE_RT_A(1.0),29/04/26 23:00:00,A,Y55-74,PC_ACT,T,HR,2019-01-01,3.3,u,
ESTAT:UNE_RT_A(1.0),29/04/26 23:00:00,A,Y55-74,PC_ACT,T,HU,2019-01-01,2.1,,
ESTAT:UNE_RT_A(1.0),29/04/26 23:00:00,A,Y55-74,PC_ACT,T,IE,2019-01-01,3.2,,
ESTAT:UNE_RT_A(1.0),29/04/26 23:00:00,A,Y55-74,PC_ACT,T,IS,2019-01-01,1.6,,
ESTAT:UNE_RT_A(1.0),29/04/26 23:00:00,A,Y55-74,PC_ACT,T,IT,2019-01-01,5.1,,
ESTAT:UNE_RT_A(1.0),29/04/26 23:00:00,A,Y55-74,PC_ACT,T,LT,2019-01-01,6.0,,
ESTAT:UNE_RT_A(1.0),29/04/26 23:00:00,A,Y55-74,PC_ACT,T,LU,2019-01-01,4.1,,
ESTAT:UNE_RT_A(1.0),29/04/26 23:00:00,A,Y55-74,PC_ACT,T,LV,2019-01-01,5.8,,
ESTAT:UNE_RT_A(1.0),29/04/26 23:00:00,A,Y55-74,PC_ACT,T,ME,2019-01-01,7.1,,
ESTAT:UNE_RT_A(1.0),29/04/26 23:00:00,A,Y55-74,PC_ACT,T,MK,2019-01-01,11.1,,
ESTAT:UNE_RT_A(1.0),29/04/26 23:00:00,A,Y55-74,PC_ACT,T,MT,2019-01-01,1.3,u,
ESTAT:UNE_RT_A(1.0),29/04/26 23:00:00,A,Y55-74,PC_ACT,T,NL,2019-01-01,4.2,,
ESTAT:UNE_RT_A(1.0),29/04/26 23:00:00,A,Y55-74,PC_ACT,T,NO,2019-01-01,1.6,u,
ESTAT:UNE_RT_A(1.0),29/04/26 23:00:00,A,Y55-74,PC_ACT,T,PL,2019-01-01,2.2,b,
ESTAT:UNE_RT_A(1.0),29/04/26 23:00:00,A,Y55-74,PC_ACT,T,PT,2019-01-01,5.9,,
ESTAT:UNE_RT_A(1.0),29/04/26 23:00:00,A,Y55-74,PC_ACT,T,RO,2019-01-01,3.0,,
ESTAT:UNE_RT_A(1.0),29/04/26 23:00:00,A,Y55-74,PC_ACT,T,RS,2019-01-01,6.6,,
ESTAT:UNE_RT_A(1.0),29/04/26 23:00:00,A,Y55-74,PC_ACT,T,SE,2019-01-01,4.3,,
ESTAT:UNE_RT_A(1.0),29/04/26 23:00:00,A,Y55-74,PC_ACT,T,SI,2019-01-01,4.2,,
ESTAT:UNE_RT_A(1.0),29/04/26 23:00:00,A,Y55-74,PC_ACT,T,SK,2019-01-01,4.3,,
ESTAT:UNE_RT_A(1.0),29/04/26 23:00:00,A,Y55-74,PC_ACT,T,TR,2019-01-01,7.1,,
ESTAT:UNE_RT_A(1.0),29/04/26 23:00:00,A,Y15-24,PC_ACT,F,AT,2020-01-01,10.6,,
ESTAT:UNE_RT_A(1.0),29/04/26 23:00:00,A,Y15-24,PC_ACT,F,BE,2020-01-01,15.6,,
ESTAT:UNE_RT_A(1.0),29/04/26 23:00:00,A,Y15-24,PC_ACT,F,BG,2020-01-01,17.7,u,
ESTAT:UNE_RT_A(1.0),29/04/26 23:00:00,A,Y15-24,PC_ACT,F,CH,2020-01-01,8.0,,
ESTAT:UNE_RT_A(1.0),29/04/26 23:00:00,A,Y15-24,PC_ACT,F,CY,2020-01-01,11.7,,
ESTAT:UNE_RT_A(1.0),29/04/26 23:00:00,A,Y15-24,PC_ACT,F,CZ,2020-01-01,9.2,,
ESTAT:UNE_RT_A(1.0),29/04/26 23:00:00,A,Y15-24,PC_ACT,F,DE,2020-01-01,7.3,b,
ESTAT:UNE_RT_A(1.0),29/04/26 23:00:00,A,Y15-24,PC_ACT,F,DK,2020-01-01,10.7,,
ESTAT:UNE_RT_A(1.0),29/04/26 23:00:00,A,Y15-24,PC_ACT,F,EA20,2020-01-01,18.3,,
ESTAT:UNE_RT_A(1.0),29/04/26 23:00:00,A,Y15-24,PC_ACT,F,EA21,2020-01-01,18.3,,
ESTAT:UNE_RT_A(1.0),29/04/26 23:00:00,A,Y15-24,PC_ACT,F,EE,2020-01-01,18.3,,
ESTAT:UNE_RT_A(1.0),29/04/26 23:00:00,A,Y15-24,PC_ACT,F,EL,2020-01-01,42.8,,
ESTAT:UNE_RT_A(1.0),29/04/26 23:00:00,A,Y15-24,PC_ACT,F,ES,2020-01-01,39.7,,
ESTAT:UNE_RT_A(1.0),29/04/26 23:00:00,A,Y15-24,PC_ACT,F,EU27_2020,2020-01-01,17.7,,
ESTAT:UNE_RT_A(1.0),29/04/26 23:00:00,A,Y15-24,PC_ACT,F,FI,2020-01-01,19.2,,
ESTAT:UNE_RT_A(1.0),29/04/26 23:00:00,A,Y15-24,PC_ACT,F,FR,2020-01-01,23.5,,
ESTAT:UNE_RT_A(1.0),29/04/26 23:00:00,A,Y15-24,PC_ACT,F,HR,2020-01-01,23.9,,
ESTAT:UNE_RT_A(1.0),29/04/26 23:00:00,A,Y15-24,PC_ACT,F,HU,2020-01-01,13.5,,
ESTAT:UNE_RT_A(1.0),29/04/26 23:00:00,A,Y15-24,PC_ACT,F,IE,2020-01-01,15.8,,
ESTAT:UNE_RT_A(1.0),29/04/26 23:00:00,A,Y15-24,PC_ACT,F,IS,2020-01-01,9.0,b,
ESTAT:UNE_RT_A(1.0),29/04/26 23:00:00,A,Y15-24,PC_ACT,F,IT,2020-01-01,32.1,,
ESTAT:UNE_RT_A(1.0),29/04/26 23:00:00,A,Y15-24,PC_ACT,F,LT,2020-01-01,17.3,,
ESTAT:UNE_RT_A(1.0),29/04/26 23:00:00,A,Y15-24,PC_ACT,F,LU,2020-01-01,21.3,,
ESTAT:UNE_RT_A(1.0),29/04/26 23:00:00,A,Y15-24,PC_ACT,F,LV,2020-01-01,15.5,,
ESTAT:UNE_RT_A(1.0),29/04/26 23:00:00,A,Y15-24,PC_ACT,F,ME,2020-01-01,39.7,,
ESTAT:UNE_RT_A(1.0),29/04/26 23:00:00,A,Y15-24,PC_ACT,F,MK,2020-01-01,38.6,,
ESTAT:UNE_RT_A(1.0),29/04/26 23:00:00,A,Y15-24,PC_ACT,F,MT,2020-01-01,8.3,u,
ESTAT:UNE_RT_A(1.0),29/04/26 23:00:00,A,Y15-24,PC_ACT,F,NL,2020-01-01,9.7,,
ESTAT:UNE_RT_A(1.0),29/04/26 23:00:00,A,Y15-24,PC_ACT,F,NO,2020-01-01,12.7,,
ESTAT:UNE_RT_A(1.0),29/04/26 23:00:00,A,Y15-24,PC_ACT,F,PL,2020-01-01,11.4,,
ESTAT:UNE_RT_A(1.0),29/04/26 23:00:00,A,Y15-24,PC_ACT,F,PT,2020-01-01,24.0,,
ESTAT:UNE_RT_A(1.0),29/04/26 23:00:00,A,Y15-24,PC_ACT,F,RO,2020-01-01,20.8,,
ESTAT:UNE_RT_A(1.0),29/04/26 23:00:00,A,Y15-24,PC_ACT,F,RS,2020-01-01,31.0,,
ESTAT:UNE_RT_A(1.0),29/04/26 23:00:00,A,Y15-24,PC_ACT,F,SE,2020-01-01,22.6,,
ESTAT:UNE_RT_A(1.0),29/04/26 23:00:00,A,Y15-24,PC_ACT,F,SI,2020-01-01,16.1,,
ESTAT:UNE_RT_A(1.0),29/04/26 23:00:00,A,Y15-24,PC_ACT,F,SK,2020-01-01,23.4,,
ESTAT:UNE_RT_A(1.0),29/04/26 23:00:00,A,Y15-24,PC_ACT,F,TR,2020-01-01,29.9,,
ESTAT:UNE_RT_A(1.0),29/04/26 23:00:00,A,Y15-24,PC_ACT,M,AT,2020-01-01,12.5,,
ESTAT:UNE_RT_A(1.0),29/04/26 23:00:00,A,Y15-24,PC_ACT,M,BE,2020-01-01,16.1,,
ESTAT:UNE_RT_A(1.0),29/04/26 23:00:00,A,Y15-24,PC_ACT,M,BG,2020-01-01,17.3,,
ESTAT:UNE_RT_A(1.0),29/04/26 23:00:00,A,Y15-24,PC_ACT,M,CH,2020-01-01,9.2,,
ESTAT:UNE_RT_A(1.0),29/04/26 23:00:00,A,Y15-24,PC_ACT,M,CY,2020-01-01,22.5,,
ESTAT:UNE_RT_A(1.0),29/04/26 23:00:00,A,Y15-24,PC_ACT,M,CZ,2020-01-01,7.2,,
ESTAT:UNE_RT_A(1.0),29/04/26 23:00:00,A,Y15-24,PC_ACT,M,DE,2020-01-01,8.4,b,
ESTAT:UNE_RT_A(1.0),29/04/26 23:00:00,A,Y15-24,PC_ACT,M,DK,2020-01-01,12.6,,
ESTAT:UNE_RT_A(1.0),29/04/26 23:00:00,A,Y15-24,PC_ACT,M,EA20,2020-01-01,18.1,,
ESTAT:UNE_RT_A(1.0),29/04/26 23:00:00,A,Y15-24,PC_ACT,M,EA21,2020-01-01,18.1,,
ESTAT:UNE_RT_A(1.0),29/04/26 23:00:00,A,Y15-24,PC_ACT,M,EE,2020-01-01,18.4,,
ESTAT:UNE_RT_A(1.0),29/04/26 23:00:00,A,Y15-24,PC_ACT,M,EL,2020-01-01,34.2,,
ESTAT:UNE_RT_A(1.0),29/04/26 23:00:00,A,Y15-24,PC_ACT,M,ES,2020-01-01,37.1,,
ESTAT:UNE_RT_A(1.0),29/04/26 23:00:00,A,Y15-24,PC_ACT,M,EU27_2020,2020-01-01,17.5,,
ESTAT:UNE_RT_A(1.0),29/04/26 23:00:00,A,Y15-24,PC_ACT,M,FI,2020-01-01,22.8,,
ESTAT:UNE_RT_A(1.0),29/04/26 23:00:00,A,Y15-24,PC_ACT,M,FR,2020-01-01,19.8,,
ESTAT:UNE_RT_A(1.0),29/04/26 23:00:00,A,Y15-24,PC_ACT,M,HR,2020-01-01,18.6,,
ESTAT:UNE_RT_A(1.0),29/04/26 23:00:00,A,Y15-24,PC_ACT,M,HU,2020-01-01,12.1,,
ESTAT:UNE_RT_A(1.0),29/04/26 23:00:00,A,Y15-24,PC_ACT,M,IE,2020-01-01,15.9,,
ESTAT:UNE_RT_A(1.0),29/04/26 23:00:00,A,Y15-24,PC_ACT,M,IS,2020-01-01,11.1,b,
ESTAT:UNE_RT_A(1.0),29/04/26 23:00:00,A,Y15-24,PC_ACT,M,IT,2020-01-01,28.4,,
ESTAT:UNE_RT_A(1.0),29/04/26 23:00:00,A,Y15-24,PC_ACT,M,LT,2020-01-01,21.5,,
ESTAT:UNE_RT_A(1.0),29/04/26 23:00:00,A,Y15-24,PC_ACT,M,LU,2020-01-01,24.8,,
ESTAT:UNE_RT_A(1.0),29/04/26 23:00:00,A,Y15-24,PC_ACT,M,LV,2020-01-01,14.4,,
ESTAT:UNE_RT_A(1.0),29/04/26 23:00:00,A,Y15-24,PC_ACT,M,ME,2020-01-01,33.6,,
ESTAT:UNE_RT_A(1.0),29/04/26 23:00:00,A,Y15-24,PC_ACT,M,MK,2020-01-01,34.0,,
ESTAT:UNE_RT_A(1.0),29/04/26 23:00:00,A,Y15-24,PC_ACT,M,MT,2020-01-01,14.1,,
ESTAT:UNE_RT_A(1.0),29/04/26 23:00:00,A,Y15-24,PC_ACT,M,NL,2020-01-01,11.5,,
ESTAT:UNE_RT_A(1.0),29/04/26 23:00:00,A,Y15-24,PC_ACT,M,NO,2020-01-01,13.7,,
ESTAT:UNE_RT_A(1.0),29/04/26 23:00:00,A,Y15-24,PC_ACT,M,PL,2020-01-01,10.4,,
ESTAT:UNE_RT_A(1.0),29/04/26 23:00:00,A,Y15-24,PC_ACT,M,PT,2020-01-01,21.1,,
ESTAT:UNE_RT_A(1.0),29/04/26 23:00:00,A,Y15-24,PC_ACT,M,RO,2020-01-01,22.1,,
ESTAT:UNE_RT_A(1.0),29/04/26 23:00:00,A,Y15-24,PC_ACT,M,RS,2020-01-01,25.3,,
ESTAT:UNE_RT_A(1.0),29/04/26 23:00:00,A,Y15-24,PC_ACT,M,SE,2020-01-01,24.5,,
ESTAT:UNE_RT_A(1.0),29/04/26 23:00:00,A,Y15-24,PC_ACT,M,SI,2020-01-01,13.0,,
ESTAT:UNE_RT_A(1.0),29/04/26 23:00:00,A,Y15-24,PC_ACT,M,SK,2020-01-01,18.5,,
ESTAT:UNE_RT_A(1.0),29/04/26 23:00:00,A,Y15-24,PC_ACT,M,TR,2020-01-01,22.5,,
ESTAT:UNE_RT_A(1.0),29/04/26 23:00:00,A,Y15-24,PC_ACT,T,AT,2020-01-01,11.7,,
ESTAT:UNE_RT_A(1.0),29/04/26 23:00:00,A,Y15-24,PC_ACT,T,BE,2020-01-01,15.9,,
ESTAT:UNE_RT_A(1.0),29/04/26 23:00:00,A,Y15-24,PC_ACT,T,BG,2020-01-01,17.5,,
ESTAT:UNE_RT_A(1.0),29/04/26 23:00:00,A,Y15-24,PC_ACT,T,CH,2020-01-01,8.6,,
ESTAT:UNE_RT_A(1.0),29/04/26 23:00:00,A,Y15-24,PC_ACT,T,CY,2020-01-01,17.6,,
ESTAT:UNE_RT_A(1.0),29/04/26 23:00:00,A,Y15-24,PC_ACT,T,CZ,2020-01-01,8.0,,
ESTAT:UNE_RT_A(1.0),29/04/26 23:00:00,A,Y15-24,PC_ACT,T,DE,2020-01-01,7.9,b,
ESTAT:UNE_RT_A(1.0),29/04/26 23:00:00,A,Y15-24,PC_ACT,T,DK,2020-01-01,11.7,,
ESTAT:UNE_RT_A(1.0),29/04/26 23:00:00,A,Y15-24,PC_ACT,T,EA20,2020-01-01,18.2,,
ESTAT:UNE_RT_A(1.0),29/04/26 23:00:00,A,Y15-24,PC_ACT,T,EA21,2020-01-01,18.2,,
ESTAT:UNE_RT_A(1.0),29/04/26 23:00:00,A,Y15-24,PC_ACT,T,EE,2020-01-01,18.3,,
ESTAT:UNE_RT_A(1.0),29/04/26 23:00:00,A,Y15-24,PC_ACT,T,EL,2020-01-01,38.0,,
ESTAT:UNE_RT_A(1.0),29/04/26 23:00:00,A,Y15-24,PC_ACT,T,ES,2020-01-01,38.3,,
ESTAT:UNE_RT_A(1.0),29/04/26 23:00:00,A,Y15-24,PC_ACT,T,EU27_2020,2020-01-01,17.6,,
ESTAT:UNE_RT_A(1.0),29/04/26 23:00:00,A,Y15-24,PC_ACT,T,FI,2020-01-01,21.0,,
ESTAT:UNE_RT_A(1.0),29/04/26 23:00:00,A,Y15-24,PC_ACT,T,FR,2020-01-01,21.5,,
ESTAT:UNE_RT_A(1.0),29/04/26 23:00:00,A,Y15-24,PC_ACT,T,HR,2020-01-01,20.6,,
ESTAT:UNE_RT_A(1.0),29/04/26 23:00:00,A,Y15-24,PC_ACT,T,HU,2020-01-01,12.7,,
ESTAT:UNE_RT_A(1.0),29/04/26 23:00:00,A,Y15-24,PC_ACT,T,IE,2020-01-01,15.8,,
ESTAT:UNE_RT_A(1.0),29/04/26 23:00:00,A,Y15-24,PC_ACT,T,IS,2020-01-01,10.0,b,
ESTAT:UNE_RT_A(1.0),29/04/26 23:00:00,A,Y15-24,PC_ACT,T,IT,2020-01-01,29.8,,
ESTAT:UNE_RT_A(1.0),29/04/26 23:00:00,A,Y15-24,PC_ACT,T,LT,2020-01-01,19.6,,
ESTAT:UNE_RT_A(1.0),29/04/26 23:00:00,A,Y15-24,PC_ACT,T,LU,2020-01-01,23.2,,
ESTAT:UNE_RT_A(1.0),29/04/26 23:00:00,A,Y15-24,PC_ACT,T,LV,2020-01-01,14.9,,
ESTAT:UNE_RT_A(1.0),29/04/26 23:00:00,A,Y15-24,PC_ACT,T,ME,2020-01-01,36.0,,
ESTAT:UNE_RT_A(1.0),29/04/26 23:00:00,A,Y15-24,PC_ACT,T,MK,2020-01-01,35.7,,
ESTAT:UNE_RT_A(1.0),29/04/26 23:00:00,A,Y15-24,PC_ACT,T,MT,2020-01-01,11.5,,
ESTAT:UNE_RT_A(1.0),29/04/26 23:00:00,A,Y15-24,PC_ACT,T,NL,2020-01-01,10.6,,
ESTAT:UNE_RT_A(1.0),29/04/26 23:00:00,A,Y15-24,PC_ACT,T,NO,2020-01-01,13.2,,
ESTAT:UNE_RT_A(1.0),29/04/26 23:00:00,A,Y15-24,PC_ACT,T,PL,2020-01-01,10.8,,
ESTAT:UNE_RT_A(1.0),29/04/26 23:00:00,A,Y15-24,PC_ACT,T,PT,2020-01-01,22.4,,
ESTAT:UNE_RT_A(1.0),29/04/26 23:00:00,A,Y15-24,PC_ACT,T,RO,2020-01-01,21.6,,
ESTAT:UNE_RT_A(1.0),29/04/26 23:00:00,A,Y15-24,PC_ACT,T,RS,2020-01-01,27.3,,
ESTAT:UNE_RT_A(1.0),29/04/26 23:00:00,A,Y15-24,PC_ACT,T,SE,2020-01-01,23.6,,
ESTAT:UNE_RT_A(1.0),29/04/26 23:00:00,A,Y15-24,PC_ACT,T,SI,2020-01-01,14.3,,
ESTAT:UNE_RT_A(1.0),29/04/26 23:00:00,A,Y15-24,PC_ACT,T,SK,2020-01-01,20.4,,
ESTAT:UNE_RT_A(1.0),29/04/26 23:00:00,A,Y15-24,PC_ACT,T,TR,2020-01-01,25.1,,
ESTAT:UNE_RT_A(1.0),29/04/26 23:00:00,A,Y15-74,PC_ACT,F,AT,2020-01-01,5.9,,
ESTAT:UNE_RT_A(1.0),29/04/26 23:00:00,A,Y15-74,PC_ACT,F,BE,2020-01-01,5.5,,
ESTAT:UNE_RT_A(1.0),29/04/26 23:00:00,A,Y15-74,PC_ACT,F,BG,2020-01-01,5.6,,
ESTAT:UNE_RT_A(1.0),29/04/26 23:00:00,A,Y15-74,PC_ACT,F,CH,2020-01-01,5.0,,
ESTAT:UNE_RT_A(1.0),29/04/26 23:00:00,A,Y15-74,PC_ACT,F,CY,2020-01-01,7.5,,
ESTAT:UNE_RT_A(1.0),29/04/26 23:00:00,A,Y15-74,PC_ACT,F,CZ,2020-01-01,3.0,,
ESTAT:UNE_RT_A(1.0),29/04/26 23:00:00,A,Y15-74,PC_ACT,F,DE,2020-01-01,3.2,b,
ESTAT:UNE_RT_A(1.0),29/04/26 23:00:00,A,Y15-74,PC_ACT,F,DK,2020-01-01,6.0,,
ESTAT:UNE_RT_A(1.0),29/04/26 23:00:00,A,Y15-74,PC_ACT,F,EA20,2020-01-01,8.3,,
ESTAT:UNE_RT_A(1.0),29/04/26 23:00:00,A,Y15-74,PC_ACT,F,EA21,2020-01-01,8.3,,
ESTAT:UNE_RT_A(1.0),29/04/26 23:00:00,A,Y15-74,PC_ACT,F,EE,2020-01-01,6.6,,
ESTAT:UNE_RT_A(1.0),29/04/26 23:00:00,A,Y15-74,PC_ACT,F,EL,2020-01-01,21.5,,
ESTAT:UNE_RT_A(1.0),29/04/26 23:00:00,A,Y15-74,PC_ACT,F,ES,2020-01-01,17.4,,
ESTAT:UNE_RT_A(1.0),29/04/26 23:00:00,A,Y15-74,PC_ACT,F,EU27_2020,2020-01-01,7.5,,
ESTAT:UNE_RT_A(1.0),29/04/26 23:00:00,A,Y15-74,PC_ACT,F,FI,2020-01-01,7.4,,
ESTAT:UNE_RT_A(1.0),29/04/26 23:00:00,A,Y15-74,PC_ACT,F,FR,2020-01-01,8.0,,
ESTAT:UNE_RT_A(1.0),29/04/26 23:00:00,A,Y15-74,PC_ACT,F,HR,2020-01-01,7.5,,
ESTAT:UNE_RT_A(1.0),29/04/26 23:00:00,A,Y15-74,PC_ACT,F,HU,2020-01-01,4.1,,
ESTAT:UNE_RT_A(1.0),29/04/26 23:00:00,A,Y15-74,PC_ACT,F,IE,2020-01-01,5.9,,
ESTAT:UNE_RT_A(1.0),29/04/26 23:00:00,A,Y15-74,PC_ACT,F,IS,2020-01-01,5.3,b,
ESTAT:UNE_RT_A(1.0),29/04/26 23:00:00,A,Y15-74,PC_ACT,F,IT,2020-01-01,10.4,,
ESTAT:UNE_RT_A(1.0),29/04/26 23:00:00,A,Y15-74,PC_ACT,F,LT,2020-01-01,7.7,,
ESTAT:UNE_RT_A(1.0),29/04/26 23:00:00,A,Y15-74,PC_ACT,F,LU,2020-01-01,7.0,,
ESTAT:UNE_RT_A(1.0),29/04/26 23:00:00,A,Y15-74,PC_ACT,F,LV,2020-01-01,7.1,,
ESTAT:UNE_RT_A(1.0),29/04/26 23:00:00,A,Y15-74,PC_ACT,F,ME,2020-01-01,18.4,,
ESTAT:UNE_RT_A(1.0),29/04/26 23:00:00,A,Y15-74,PC_ACT,F,MK,2020-01-01,15.9,,
ESTAT:UNE_RT_A(1.0),29/04/26 23:00:00,A,Y15-74,PC_ACT,F,MT,2020-01-01,5.1,,
ESTAT:UNE_RT_A(1.0),29/04/26 23:00:00,A,Y15-74,PC_ACT,F,NL,2020-01-01,5.1,,
ESTAT:UNE_RT_A(1.0),29/04/26 23:00:00,A,Y15-74,PC_ACT,F,NO,2020-01-01,4.5,,
ESTAT:UNE_RT_A(1.0),29/04/26 23:00:00,A,Y15-74,PC_ACT,F,PL,2020-01-01,3.3,,
ESTAT:UNE_RT_A(1.0),29/04/26 23:00:00,A,Y15-74,PC_ACT,F,PT,2020-01-01,7.2,,
ESTAT:UNE_RT_A(1.0),29/04/26 23:00:00,A,Y15-74,PC_ACT,F,RO,2020-01-01,5.7,,
ESTAT:UNE_RT_A(1.0),29/04/26 23:00:00,A,Y15-74,PC_ACT,F,RS,2020-01-01,10.3,,
ESTAT:UNE_RT_A(1.0),29/04/26 23:00:00,A,Y15-74,PC_ACT,F,SE,2020-01-01,8.5,,
ESTAT:UNE_RT_A(1.0),29/04/26 23:00:00,A,Y15-74,PC_ACT,F,SI,2020-01-01,5.7,,
ESTAT:UNE_RT_A(1.0),29/04/26 23:00:00,A,Y15-74,PC_ACT,F,SK,2020-01-01,7.1,,
ESTAT:UNE_RT_A(1.0),29/04/26 23:00:00,A,Y15-74,PC_ACT,F,TR,2020-01-01,14.9,,
ESTAT:UNE_RT_A(1.0),29/04/26 23:00:00,A,Y15-74,PC_ACT,M,AT,2020-01-01,6.1,,
ESTAT:UNE_RT_A(1.0),29/04/26 23:00:00,A,Y15-74,PC_ACT,M,BE,2020-01-01,6.0,,
ESTAT:UNE_RT_A(1.0),29/04/26 23:00:00,A,Y15-74,PC_ACT,M,BG,2020-01-01,6.4,,
ESTAT:UNE_RT_A(1.0),29/04/26 23:00:00,A,Y15-74,PC_ACT,M,CH,2020-01-01,4.7,,
ESTAT:UNE_RT_A(1.0),29/04/26 23:00:00,A,Y15-74,PC_ACT,M,CY,2020-01-01,7.7,,
ESTAT:UNE_RT_A(1.0),29/04/26 23:00:00,A,Y15-74,PC_ACT,M,CZ,2020-01-01,2.2,,
ESTAT:UNE_RT_A(1.0),29/04/26 23:00:00,A,Y15-74,PC_ACT,M,DE,2020-01-01,4.0,b,
ESTAT:UNE_RT_A(1.0),29/04/26 23:00:00,A,Y15-74,PC_ACT,M,DK,2020-01-01,5.3,,
ESTAT:UNE_RT_A(1.0),29/04/26 23:00:00,A,Y15-74,PC_ACT,M,EA20,2020-01-01,7.7,,
ESTAT:UNE_RT_A(1.0),29/04/26 23:00:00,A,Y15-74,PC_ACT,M,EA21,2020-01-01,7.6,,
ESTAT:UNE_RT_A(1.0),29/04/26 23:00:00,A,Y15-74,PC_ACT,M,EE,2020-01-01,7.1,,
ESTAT:UNE_RT_A(1.0),29/04/26 23:00:00,A,Y15-74,PC_ACT,M,EL,2020-01-01,14.6,,
ESTAT:UNE_RT_A(1.0),29/04/26 23:00:00,A,Y15-74,PC_ACT,M,ES,2020-01-01,13.9,,
ESTAT:UNE_RT_A(1.0),29/04/26 23:00:00,A,Y15-74,PC_ACT,M,EU27_2020,2020-01-01,7.0,,
ESTAT:UNE_RT_A(1.0),29/04/26 23:00:00,A,Y15-74,PC_ACT,M,FI,2020-01-01,8.1,,
ESTAT:UNE_RT_A(1.0),29/04/26 23:00:00,A,Y15-74,PC_ACT,M,FR,2020-01-01,8.1,,
ESTAT:UNE_RT_A(1.0),29/04/26 23:00:00,A,Y15-74,PC_ACT,M,HR,2020-01-01,7.3,,
ESTAT:UNE_RT_A(1.0),29/04/26 23:00:00,A,Y15-74,PC_ACT,M,HU,2020-01-01,4.1,,
ESTAT:UNE_RT_A(1.0),29/04/26 23:00:00,A,Y15-74,PC_ACT,M,IE,2020-01-01,5.8,,
ESTAT:UNE_RT_A(1.0),29/04/26 23:00:00,A,Y15-74,PC_ACT,M,IS,2020-01-01,5.6,b,
ESTAT:UNE_RT_A(1.0),29/04/26 23:00:00,A,Y15-74,PC_ACT,M,IT,2020-01-01,8.6,,
ESTAT:UNE_RT_A(1.0),29/04/26 23:00:00,A,Y15-74,PC_ACT,M,LT,2020-01-01,9.3,,
ESTAT:UNE_RT_A(1.0),29/04/26 23:00:00,A,Y15-74,PC_ACT,M,LU,2020-01-01,6.6,,
ESTAT:UNE_RT_A(1.0),29/04/26 23:00:00,A,Y15-74,PC_ACT,M,LV,2020-01-01,9.1,,
ESTAT:UNE_RT_A(1.0),29/04/26 23:00:00,A,Y15-74,PC_ACT,M,ME,2020-01-01,17.5,,
ESTAT:UNE_RT_A(1.0),29/04/26 23:00:00,A,Y15-74,PC_ACT,M,MK,2020-01-01,16.7,,
ESTAT:UNE_RT_A(1.0),29/04/26 23:00:00,A,Y15-74,PC_ACT,M,MT,2020-01-01,4.7,,
ESTAT:UNE_RT_A(1.0),29/04/26 23:00:00,A,Y15-74,PC_ACT,M,NL,2020-01-01,4.6,,
ESTAT:UNE_RT_A(1.0),29/04/26 23:00:00,A,Y15-74,PC_ACT,M,NO,2020-01-01,4.9,,
ESTAT:UNE_RT_A(1.0),29/04/26 23:00:00,A,Y15-74,PC_ACT,M,PL,2020-01-01,3.1,,
ESTAT:UNE_RT_A(1.0),29/04/26 23:00:00,A,Y15-74,PC_ACT,M,PT,2020-01-01,6.9,,
ESTAT:UNE_RT_A(1.0),29/04/26 23:00:00,A,Y15-74,PC_ACT,M,RO,2020-01-01,6.3,,
ESTAT:UNE_RT_A(1.0),29/04/26 23:00:00,A,Y15-74,PC_ACT,M,RS,2020-01-01,9.4,,
ESTAT:UNE_RT_A(1.0),29/04/26 23:00:00,A,Y15-74,PC_ACT,M,SE,2020-01-01,8.5,,
ESTAT:UNE_RT_A(1.0),29/04/26 23:00:00,A,Y15-74,PC_ACT,M,SI,2020-01-01,4.4,,
ESTAT:UNE_RT_A(1.0),29/04/26 23:00:00,A,Y15-74,PC_ACT,M,SK,2020-01-01,6.2,,
ESTAT:UNE_RT_A(1.0),29/04/26 23:00:00,A,Y15-74,PC_ACT,M,TR,2020-01-01,12.4,,
ESTAT:UNE_RT_A(1.0),29/04/26 23:00:00,A,Y15-74,PC_ACT,T,AT,2020-01-01,6.0,,
ESTAT:UNE_RT_A(1.0),29/04/26 23:00:00,A,Y15-74,PC_ACT,T,BE,2020-01-01,5.8,,
ESTAT:UNE_RT_A(1.0),29/04/26 23:00:00,A,Y15-74,PC_ACT,T,BG,2020-01-01,6.1,,
ESTAT:UNE_RT_A(1.0),29/04/26 23:00:00,A,Y15-74,PC_ACT,T,CH,2020-01-01,4.8,,
ESTAT:UNE_RT_A(1.0),29/04/26 23:00:00,A,Y15-74,PC_ACT,T,CY,2020-01-01,7.6,,
ESTAT:UNE_RT_A(1.0),29/04/26 23:00:00,A,Y15-74,PC_ACT,T,CZ,2020-01-01,2.6,,
ESTAT:UNE_RT_A(1.0),29/04/26 23:00:00,A,Y15-74,PC_ACT,T,DE,2020-01-01,3.6,b,
ESTAT:UNE_RT_A(1.0),29/04/26 23:00:00,A,Y15-74,PC_ACT,T,DK,2020-01-01,5.6,,
ESTAT:UNE_RT_A(1.0),29/04/26 23:00:00,A,Y15-74,PC_ACT,T,EA20,2020-01-01,8.0,,
ESTAT:UNE_RT_A(1.0),29/04/26 23:00:00,A,Y15-74,PC_ACT,T,EA21,2020-01-01,7.9,,
ESTAT:UNE_RT_A(1.0),29/04/26 23:00:00,A,Y15-74,PC_ACT,T,EE,2020-01-01,6.9,,
ESTAT:UNE_RT_A(1.0),29/04/26 23:00:00,A,Y15-74,PC_ACT,T,EL,2020-01-01,17.6,,
ESTAT:UNE_RT_A(1.0),29/04/26 23:00:00,A,Y15-74,PC_ACT,T,ES,2020-01-01,15.5,,
ESTAT:UNE_RT_A(1.0),29/04/26 23:00:00,A,Y15-74,PC_ACT,T,EU27_2020,2020-01-01,7.2,,
ESTAT:UNE_RT_A(1.0),29/04/26 23:00:00,A,Y15-74,PC_ACT,T,FI,2020-01-01,7.7,,
ESTAT:UNE_RT_A(1.0),29/04/26 23:00:00,A,Y15-74,PC_ACT,T,FR,2020-01-01,8.0,,
ESTAT:UNE_RT_A(1.0),29/04/26 23:00:00,A,Y15-74,PC_ACT,T,HR,2020-01-01,7.4,,
ESTAT:UNE_RT_A(1.0),29/04/26 23:00:00,A,Y15-74,PC_ACT,T,HU,2020-01-01,4.1,,
ESTAT:UNE_RT_A(1.0),29/04/26 23:00:00,A,Y15-74,PC_ACT,T,IE,2020-01-01,5.9,,
ESTAT:UNE_RT_A(1.0),29/04/26 23:00:00,A,Y15-74,PC_ACT,T,IS,2020-01-01,5.5,b,
ESTAT:UNE_RT_A(1.0),29/04/26 23:00:00,A,Y15-74,PC_ACT,T,IT,2020-01-01,9.3,,
ESTAT:UNE_RT_A(1.0),29/04/26 23:00:00,A,Y15-74,PC_ACT,T,LT,2020-01-01,8.5,,
ESTAT:UNE_RT_A(1.0),29/04/26 23:00:00,A,Y15-74,PC_ACT,T,LU,2020-01-01,6.8,,
ESTAT:UNE_RT_A(1.0),29/04/26 23:00:00,A,Y15-74,PC_ACT,T,LV,2020-01-01,8.1,,
ESTAT:UNE_RT_A(1.0),29/04/26 23:00:00,A,Y15-74,PC_ACT,T,ME,2020-01-01,17.9,,
ESTAT:UNE_RT_A(1.0),29/04/26 23:00:00,A,Y15-74,PC_ACT,T,MK,2020-01-01,16.4,,
ESTAT:UNE_RT_A(1.0),29/04/26 23:00:00,A,Y15-74,PC_ACT,T,MT,2020-01-01,4.9,,
ESTAT:UNE_RT_A(1.0),29/04/26 23:00:00,A,Y15-74,PC_ACT,T,NL,2020-01-01,4.9,,
ESTAT:UNE_RT_A(1.0),29/04/26 23:00:00,A,Y15-74,PC_ACT,T,NO,2020-01-01,4.7,,
ESTAT:UNE_RT_A(1.0),29/04/26 23:00:00,A,Y15-74,PC_ACT,T,PL,2020-01-01,3.2,,
ESTAT:UNE_RT_A(1.0),29/04/26 23:00:00,A,Y15-74,PC_ACT,T,PT,2020-01-01,7.1,,
ESTAT:UNE_RT_A(1.0),29/04/26 23:00:00,A,Y15-74,PC_ACT,T,RO,2020-01-01,6.1,,
ESTAT:UNE_RT_A(1.0),29/04/26 23:00:00,A,Y15-74,PC_ACT,T,RS,2020-01-01,9.8,,
ESTAT:UNE_RT_A(1.0),29/04/26 23:00:00,A,Y15-74,PC_ACT,T,SE,2020-01-01,8.5,,
ESTAT:UNE_RT_A(1.0),29/04/26 23:00:00,A,Y15-74,PC_ACT,T,SI,2020-01-01,5.0,,
ESTAT:UNE_RT_A(1.0),29/04/26 23:00:00,A,Y15-74,PC_ACT,T,SK,2020-01-01,6.7,,
ESTAT:UNE_RT_A(1.0),29/04/26 23:00:00,A,Y15-74,PC_ACT,T,TR,2020-01-01,13.2,,
ESTAT:UNE_RT_A(1.0),29/04/26 23:00:00,A,Y25-54,PC_ACT,F,AT,2020-01-01,5.6,,
ESTAT:UNE_RT_A(1.0),29/04/26 23:00:00,A,Y25-54,PC_ACT,F,BE,2020-01-01,5.0,,
ESTAT:UNE_RT_A(1.0),29/04/26 23:00:00,A,Y25-54,PC_ACT,F,BG,2020-01-01,5.6,,
ESTAT:UNE_RT_A(1.0),29/04/26 23:00:00,A,Y25-54,PC_ACT,F,CH,2020-01-01,5.1,,
ESTAT:UNE_RT_A(1.0),29/04/26 23:00:00,A,Y25-54,PC_ACT,F,CY,2020-01-01,7.5,,
ESTAT:UNE_RT_A(1.0),29/04/26 23:00:00,A,Y25-54,PC_ACT,F,CZ,2020-01-01,2.8,,
ESTAT:UNE_RT_A(1.0),29/04/26 23:00:00,A,Y25-54,PC_ACT,F,DE,2020-01-01,2.9,b,
ESTAT:UNE_RT_A(1.0),29/04/26 23:00:00,A,Y25-54,PC_ACT,F,DK,2020-01-01,5.5,,
ESTAT:UNE_RT_A(1.0),29/04/26 23:00:00,A,Y25-54,PC_ACT,F,EA20,2020-01-01,8.0,,
ESTAT:UNE_RT_A(1.0),29/04/26 23:00:00,A,Y25-54,PC_ACT,F,EA21,2020-01-01,7.9,,
ESTAT:UNE_RT_A(1.0),29/04/26 23:00:00,A,Y25-54,PC_ACT,F,EE,2020-01-01,6.0,,
ESTAT:UNE_RT_A(1.0),29/04/26 23:00:00,A,Y25-54,PC_ACT,F,EL,2020-01-01,21.7,,
ESTAT:UNE_RT_A(1.0),29/04/26 23:00:00,A,Y25-54,PC_ACT,F,ES,2020-01-01,16.6,,
ESTAT:UNE_RT_A(1.0),29/04/26 23:00:00,A,Y25-54,PC_ACT,F,EU27_2020,2020-01-01,7.1,,
ESTAT:UNE_RT_A(1.0),29/04/26 23:00:00,A,Y25-54,PC_ACT,F,FI,2020-01-01,5.7,,
ESTAT:UNE_RT_A(1.0),29/04/26 23:00:00,A,Y25-54,PC_ACT,F,FR,2020-01-01,6.7,,
ESTAT:UNE_RT_A(1.0),29/04/26 23:00:00,A,Y25-54,PC_ACT,F,HR,2020-01-01,6.6,,
ESTAT:UNE_RT_A(1.0),29/04/26 23:00:00,A,Y25-54,PC_ACT,F,HU,2020-01-01,3.8,,
ESTAT:UNE_RT_A(1.0),29/04/26 23:00:00,A,Y25-54,PC_ACT,F,IE,2020-01-01,4.7,,
ESTAT:UNE_RT_A(1.0),29/04/26 23:00:00,A,Y25-54,PC_ACT,F,IS,2020-01-01,5.0,b,
ESTAT:UNE_RT_A(1.0),29/04/26 23:00:00,A,Y25-54,PC_ACT,F,IT,2020-01-01,10.5,,
ESTAT:UNE_RT_A(1.0),29/04/26 23:00:00,A,Y25-54,PC_ACT,F,LT,2020-01-01,6.7,,
ESTAT:UNE_RT_A(1.0),29/04/26 23:00:00,A,Y25-54,PC_ACT,F,LU,2020-01-01,6.2,,
ESTAT:UNE_RT_A(1.0),29/04/26 23:00:00,A,Y25-54,PC_ACT,F,LV,2020-01-01,6.9,,
ESTAT:UNE_RT_A(1.0),29/04/26 23:00:00,A,Y25-54,PC_ACT,F,ME,2020-01-01,18.0,,
ESTAT:UNE_RT_A(1.0),29/04/26 23:00:00,A,Y25-54,PC_ACT,F,MK,2020-01-01,15.0,,
ESTAT:UNE_RT_A(1.0),29/04/26 23:00:00,A,Y25-54,PC_ACT,F,MT,2020-01-01,4.8,,
ESTAT:UNE_RT_A(1.0),29/04/26 23:00:00,A,Y25-54,PC_ACT,F,NL,2020-01-01,4.1,,
ESTAT:UNE_RT_A(1.0),29/04/26 23:00:00,A,Y25-54,PC_ACT,F,NO,2020-01-01,3.6,,
ESTAT:UNE_RT_A(1.0),29/04/26 23:00:00,A,Y25-54,PC_ACT,F,PL,2020-01-01,3.0,,
ESTAT:UNE_RT_A(1.0),29/04/26 23:00:00,A,Y25-54,PC_ACT,F,PT,2020-01-01,6.5,,
ESTAT:UNE_RT_A(1.0),29/04/26 23:00:00,A,Y25-54,PC_ACT,F,RO,2020-01-01,4.8,,
ESTAT:UNE_RT_A(1.0),29/04/26 23:00:00,A,Y25-54,PC_ACT,F,RS,2020-01-01,10.3,,
ESTAT:UNE_RT_A(1.0),29/04/26 23:00:00,A,Y25-54,PC_ACT,F,SE,2020-01-01,7.5,,
ESTAT:UNE_RT_A(1.0),29/04/26 23:00:00,A,Y25-54,PC_ACT,F,SI,2020-01-01,5.3,,
ESTAT:UNE_RT_A(1.0),29/04/26 23:00:00,A,Y25-54,PC_ACT,F,SK,2020-01-01,6.8,,
ESTAT:UNE_RT_A(1.0),29/04/26 23:00:00,A,Y25-54,PC_ACT,F,TR,2020-01-01,13.0,,
ESTAT:UNE_RT_A(1.0),29/04/26 23:00:00,A,Y25-54,PC_ACT,M,AT,2020-01-01,5.5,,
ESTAT:UNE_RT_A(1.0),29/04/26 23:00:00,A,Y25-54,PC_ACT,M,BE,2020-01-01,5.3,,
ESTAT:UNE_RT_A(1.0),29/04/26 23:00:00,A,Y25-54,PC_ACT,M,BG,2020-01-01,6.4,,
ESTAT:UNE_RT_A(1.0),29/04/26 23:00:00,A,Y25-54,PC_ACT,M,CH,2020-01-01,4.2,,
ESTAT:UNE_RT_A(1.0),29/04/26 23:00:00,A,Y25-54,PC_ACT,M,CY,2020-01-01,7.0,,
ESTAT:UNE_RT_A(1.0),29/04/26 23:00:00,A,Y25-54,PC_ACT,M,CZ,2020-01-01,2.1,,
ESTAT:UNE_RT_A(1.0),29/04/26 23:00:00,A,Y25-54,PC_ACT,M,DE,2020-01-01,3.7,b,
ESTAT:UNE_RT_A(1.0),29/04/26 23:00:00,A,Y25-54,PC_ACT,M,DK,2020-01-01,4.4,,
ESTAT:UNE_RT_A(1.0),29/04/26 23:00:00,A,Y25-54,PC_ACT,M,EA20,2020-01-01,7.0,,
ESTAT:UNE_RT_A(1.0),29/04/26 23:00:00,A,Y25-54,PC_ACT,M,EA21,2020-01-01,7.0,,
ESTAT:UNE_RT_A(1.0),29/04/26 23:00:00,A,Y25-54,PC_ACT,M,EE,2020-01-01,5.9,,
ESTAT:UNE_RT_A(1.0),29/04/26 23:00:00,A,Y25-54,PC_ACT,M,EL,2020-01-01,14.0,,
ESTAT:UNE_RT_A(1.0),29/04/26 23:00:00,A,Y25-54,PC_ACT,M,ES,2020-01-01,12.6,,
ESTAT:UNE_RT_A(1.0),29/04/26 23:00:00,A,Y25-54,PC_ACT,M,EU27_2020,2020-01-01,6.3,,
ESTAT:UNE_RT_A(1.0),29/04/26 23:00:00,A,Y25-54,PC_ACT,M,FI,2020-01-01,5.9,,
ESTAT:UNE_RT_A(1.0),29/04/26 23:00:00,A,Y25-54,PC_ACT,M,FR,2020-01-01,7.1,,
ESTAT:UNE_RT_A(1.0),29/04/26 23:00:00,A,Y25-54,PC_ACT,M,HR,2020-01-01,6.7,,
ESTAT:UNE_RT_A(1.0),29/04/26 23:00:00,A,Y25-54,PC_ACT,M,HU,2020-01-01,3.6,,
ESTAT:UNE_RT_A(1.0),29/04/26 23:00:00,A,Y25-54,PC_ACT,M,IE,2020-01-01,4.8,,
ESTAT:UNE_RT_A(1.0),29/04/26 23:00:00,A,Y25-54,PC_ACT,M,IS,2020-01-01,5.5,b,
ESTAT:UNE_RT_A(1.0),29/04/26 23:00:00,A,Y25-54,PC_ACT,M,IT,2020-01-01,8.1,,
ESTAT:UNE_RT_A(1.0),29/04/26 23:00:00,A,Y25-54,PC_ACT,M,LT,2020-01-01,8.1,,
ESTAT:UNE_RT_A(1.0),29/04/26 23:00:00,A,Y25-54,PC_ACT,M,LU,2020-01-01,5.2,,
ESTAT:UNE_RT_A(1.0),29/04/26 23:00:00,A,Y25-54,PC_ACT,M,LV,2020-01-01,8.9,,
ESTAT:UNE_RT_A(1.0),29/04/26 23:00:00,A,Y25-54,PC_ACT,M,ME,2020-01-01,17.1,,
ESTAT:UNE_RT_A(1.0),29/04/26 23:00:00,A,Y25-54,PC_ACT,M,MK,2020-01-01,15.8,,
ESTAT:UNE_RT_A(1.0),29/04/26 23:00:00,A,Y25-54,PC_ACT,M,MT,2020-01-01,3.7,,
ESTAT:UNE_RT_A(1.0),29/04/26 23:00:00,A,Y25-54,PC_ACT,M,NL,2020-01-01,3.3,,
ESTAT:UNE_RT_A(1.0),29/04/26 23:00:00,A,Y25-54,PC_ACT,M,NO,2020-01-01,4.0,,
ESTAT:UNE_RT_A(1.0),29/04/26 23:00:00,A,Y25-54,PC_ACT,M,PL,2020-01-01,2.6,,
ESTAT:UNE_RT_A(1.0),29/04/26 23:00:00,A,Y25-54,PC_ACT,M,PT,2020-01-01,5.7,,
ESTAT:UNE_RT_A(1.0),29/04/26 23:00:00,A,Y25-54,PC_ACT,M,RO,2020-01-01,5.4,,
ESTAT:UNE_RT_A(1.0),29/04/26 23:00:00,A,Y25-54,PC_ACT,M,RS,2020-01-01,8.8,,
ESTAT:UNE_RT_A(1.0),29/04/26 23:00:00,A,Y25-54,PC_ACT,M,SE,2020-01-01,6.8,,
ESTAT:UNE_RT_A(1.0),29/04/26 23:00:00,A,Y25-54,PC_ACT,M,SI,2020-01-01,4.0,,
ESTAT:UNE_RT_A(1.0),29/04/26 23:00:00,A,Y25-54,PC_ACT,M,SK,2020-01-01,5.7,,
ESTAT:UNE_RT_A(1.0),29/04/26 23:00:00,A,Y25-54,PC_ACT,M,TR,2020-01-01,11.2,,
ESTAT:UNE_RT_A(1.0),29/04/26 23:00:00,A,Y25-54,PC_ACT,T,AT,2020-01-01,5.6,,
ESTAT:UNE_RT_A(1.0),29/04/26 23:00:00,A,Y25-54,PC_ACT,T,BE,2020-01-01,5.2,,
ESTAT:UNE_RT_A(1.0),29/04/26 23:00:00,A,Y25-54,PC_ACT,T,BG,2020-01-01,6.0,,
ESTAT:UNE_RT_A(1.0),29/04/26 23:00:00,A,Y25-54,PC_ACT,T,CH,2020-01-01,4.6,,
ESTAT:UNE_RT_A(1.0),29/04/26 23:00:00,A,Y25-54,PC_ACT,T,CY,2020-01-01,7.3,,
ESTAT:UNE_RT_A(1.0),29/04/26 23:00:00,A,Y25-54,PC_ACT,T,CZ,2020-01-01,2.4,,
ESTAT:UNE_RT_A(1.0),29/04/26 23:00:00,A,Y25-54,PC_ACT,T,DE,2020-01-01,3.3,b,
ESTAT:UNE_RT_A(1.0),29/04/26 23:00:00,A,Y25-54,PC_ACT,T,DK,2020-01-01,4.9,,
ESTAT:UNE_RT_A(1.0),29/04/26 23:00:00,A,Y25-54,PC_ACT,T,EA20,2020-01-01,7.5,,
ESTAT:UNE_RT_A(1.0),29/04/26 23:00:00,A,Y25-54,PC_ACT,T,EA21,2020-01-01,7.5,,
ESTAT:UNE_RT_A(1.0),29/04/26 23:00:00,A,Y25-54,PC_ACT,T,EE,2020-01-01,6.0,,
ESTAT:UNE_RT_A(1.0),29/04/26 23:00:00,A,Y25-54,PC_ACT,T,EL,2020-01-01,17.5,,
ESTAT:UNE_RT_A(1.0),29/04/26 23:00:00,A,Y25-54,PC_ACT,T,ES,2020-01-01,14.5,,
ESTAT:UNE_RT_A(1.0),29/04/26 23:00:00,A,Y25-54,PC_ACT,T,EU27_2020,2020-01-01,6.7,,
ESTAT:UNE_RT_A(1.0),29/04/26 23:00:00,A,Y25-54,PC_ACT,T,FI,2020-01-01,5.8,,
ESTAT:UNE_RT_A(1.0),29/04/26 23:00:00,A,Y25-54,PC_ACT,T,FR,2020-01-01,6.9,,
ESTAT:UNE_RT_A(1.0),29/04/26 23:00:00,A,Y25-54,PC_ACT,T,HR,2020-01-01,6.7,,
ESTAT:UNE_RT_A(1.0),29/04/26 23:00:00,A,Y25-54,PC_ACT,T,HU,2020-01-01,3.7,,
ESTAT:UNE_RT_A(1.0),29/04/26 23:00:00,A,Y25-54,PC_ACT,T,IE,2020-01-01,4.8,,
ESTAT:UNE_RT_A(1.0),29/04/26 23:00:00,A,Y25-54,PC_ACT,T,IS,2020-01-01,5.3,b,
ESTAT:UNE_RT_A(1.0),29/04/26 23:00:00,A,Y25-54,PC_ACT,T,IT,2020-01-01,9.1,,
ESTAT:UNE_RT_A(1.0),29/04/26 23:00:00,A,Y25-54,PC_ACT,T,LT,2020-01-01,7.4,,
ESTAT:UNE_RT_A(1.0),29/04/26 23:00:00,A,Y25-54,PC_ACT,T,LU,2020-01-01,5.7,,
ESTAT:UNE_RT_A(1.0),29/04/26 23:00:00,A,Y25-54,PC_ACT,T,LV,2020-01-01,8.0,,
ESTAT:UNE_RT_A(1.0),29/04/26 23:00:00,A,Y25-54,PC_ACT,T,ME,2020-01-01,17.5,,
ESTAT:UNE_RT_A(1.0),29/04/26 23:00:00,A,Y25-54,PC_ACT,T,MK,2020-01-01,15.5,,
ESTAT:UNE_RT_A(1.0),29/04/26 23:00:00,A,Y25-54,PC_ACT,T,MT,2020-01-01,4.2,,
ESTAT:UNE_RT_A(1.0),29/04/26 23:00:00,A,Y25-54,PC_ACT,T,NL,2020-01-01,3.7,,
ESTAT:UNE_RT_A(1.0),29/04/26 23:00:00,A,Y25-54,PC_ACT,T,NO,2020-01-01,3.8,,
ESTAT:UNE_RT_A(1.0),29/04/26 23:00:00,A,Y25-54,PC_ACT,T,PL,2020-01-01,2.8,,
ESTAT:UNE_RT_A(1.0),29/04/26 23:00:00,A,Y25-54,PC_ACT,T,PT,2020-01-01,6.1,,
ESTAT:UNE_RT_A(1.0),29/04/26 23:00:00,A,Y25-54,PC_ACT,T,RO,2020-01-01,5.2,,
ESTAT:UNE_RT_A(1.0),29/04/26 23:00:00,A,Y25-54,PC_ACT,T,RS,2020-01-01,9.5,,
ESTAT:UNE_RT_A(1.0),29/04/26 23:00:00,A,Y25-54,PC_ACT,T,SE,2020-01-01,7.1,,
ESTAT:UNE_RT_A(1.0),29/04/26 23:00:00,A,Y25-54,PC_ACT,T,SI,2020-01-01,4.6,,
ESTAT:UNE_RT_A(1.0),29/04/26 23:00:00,A,Y25-54,PC_ACT,T,SK,2020-01-01,6.2,,
ESTAT:UNE_RT_A(1.0),29/04/26 23:00:00,A,Y25-54,PC_ACT,T,TR,2020-01-01,11.8,,
ESTAT:UNE_RT_A(1.0),29/04/26 23:00:00,A,Y55-74,PC_ACT,F,AT,2020-01-01,3.9,,
ESTAT:UNE_RT_A(1.0),29/04/26 23:00:00,A,Y55-74,PC_ACT,F,BE,2020-01-01,3.6,,
ESTAT:UNE_RT_A(1.0),29/04/26 23:00:00,A,Y55-74,PC_ACT,F,BG,2020-01-01,4.7,,
ESTAT:UNE_RT_A(1.0),29/04/26 23:00:00,A,Y55-74,PC_ACT,F,CH,2020-01-01,3.0,,
ESTAT:UNE_RT_A(1.0),29/04/26 23:00:00,A,Y55-74,PC_ACT,F,CY,2020-01-01,5.6,,
ESTAT:UNE_RT_A(1.0),29/04/26 23:00:00,A,Y55-74,PC_ACT,F,CZ,2020-01-01,2.1,,
ESTAT:UNE_RT_A(1.0),29/04/26 23:00:00,A,Y55-74,PC_ACT,F,DE,2020-01-01,2.4,b,
ESTAT:UNE_RT_A(1.0),29/04/26 23:00:00,A,Y55-74,PC_ACT,F,DK,2020-01-01,4.1,,
ESTAT:UNE_RT_A(1.0),29/04/26 23:00:00,A,Y55-74,PC_ACT,F,EA20,2020-01-01,5.4,,
ESTAT:UNE_RT_A(1.0),29/04/26 23:00:00,A,Y55-74,PC_ACT,F,EA21,2020-01-01,5.4,,
ESTAT:UNE_RT_A(1.0),29/04/26 23:00:00,A,Y55-74,PC_ACT,F,EE,2020-01-01,5.0,,
ESTAT:UNE_RT_A(1.0),29/04/26 23:00:00,A,Y55-74,PC_ACT,F,EL,2020-01-01,13.9,,
ESTAT:UNE_RT_A(1.0),29/04/26 23:00:00,A,Y55-74,PC_ACT,F,ES,2020-01-01,13.4,,
ESTAT:UNE_RT_A(1.0),29/04/26 23:00:00,A,Y55-74,PC_ACT,F,EU27_2020,2020-01-01,4.9,,
ESTAT:UNE_RT_A(1.0),29/04/26 23:00:00,A,Y55-74,PC_ACT,F,FI,2020-01-01,6.3,,
ESTAT:UNE_RT_A(1.0),29/04/26 23:00:00,A,Y55-74,PC_ACT,F,FR,2020-01-01,5.5,,
ESTAT:UNE_RT_A(1.0),29/04/26 23:00:00,A,Y55-74,PC_ACT,F,HR,2020-01-01,5.1,u,
ESTAT:UNE_RT_A(1.0),29/04/26 23:00:00,A,Y55-74,PC_ACT,F,HU,2020-01-01,2.7,,
ESTAT:UNE_RT_A(1.0),29/04/26 23:00:00,A,Y55-74,PC_ACT,F,IE,2020-01-01,3.6,u,
ESTAT:UNE_RT_A(1.0),29/04/26 23:00:00,A,Y55-74,PC_ACT,F,IS,2020-01-01,3.3,b,
ESTAT:UNE_RT_A(1.0),29/04/26 23:00:00,A,Y55-74,PC_ACT,F,IT,2020-01-01,4.7,,
ESTAT:UNE_RT_A(1.0),29/04/26 23:00:00,A,Y55-74,PC_ACT,F,LT,2020-01-01,8.0,,
ESTAT:UNE_RT_A(1.0),29/04/26 23:00:00,A,Y55-74,PC_ACT,F,LU,2020-01-01,3.1,u,
ESTAT:UNE_RT_A(1.0),29/04/26 23:00:00,A,Y55-74,PC_ACT,F,LV,2020-01-01,5.8,,
ESTAT:UNE_RT_A(1.0),29/04/26 23:00:00,A,Y55-74,PC_ACT,F,ME,2020-01-01,8.1,u,
ESTAT:UNE_RT_A(1.0),29/04/26 23:00:00,A,Y55-74,PC_ACT,F,MK,2020-01-01,9.5,,
ESTAT:UNE_RT_A(1.0),29/04/26 23:00:00,A,Y55-74,PC_ACT,F,MT,2020-01-01,4.6,u,
ESTAT:UNE_RT_A(1.0),29/04/26 23:00:00,A,Y55-74,PC_ACT,F,NL,2020-01-01,3.9,,
ESTAT:UNE_RT_A(1.0),29/04/26 23:00:00,A,Y55-74,PC_ACT,F,NO,2020-01-01,,u,
ESTAT:UNE_RT_A(1.0),29/04/26 23:00:00,A,Y55-74,PC_ACT,F,PL,2020-01-01,1.6,u,
ESTAT:UNE_RT_A(1.0),29/04/26 23:00:00,A,Y55-74,PC_ACT,F,PT,2020-01-01,4.9,,
ESTAT:UNE_RT_A(1.0),29/04/26 23:00:00,A,Y55-74,PC_ACT,F,RO,2020-01-01,4.1,,
ESTAT:UNE_RT_A(1.0),29/04/26 23:00:00,A,Y55-74,PC_ACT,F,RS,2020-01-01,4.4,,
ESTAT:UNE_RT_A(1.0),29/04/26 23:00:00,A,Y55-74,PC_ACT,F,SE,2020-01-01,4.8,,
ESTAT:UNE_RT_A(1.0),29/04/26 23:00:00,A,Y55-74,PC_ACT,F,SI,2020-01-01,3.8,u,
ESTAT:UNE_RT_A(1.0),29/04/26 23:00:00,A,Y55-74,PC_ACT,F,SK,2020-01-01,5.1,,
ESTAT:UNE_RT_A(1.0),29/04/26 23:00:00,A,Y55-74,PC_ACT,F,TR,2020-01-01,3.3,,
ESTAT:UNE_RT_A(1.0),29/04/26 23:00:00,A,Y55-74,PC_ACT,M,AT,2020-01-01,4.5,,
ESTAT:UNE_RT_A(1.0),29/04/26 23:00:00,A,Y55-74,PC_ACT,M,BE,2020-01-01,4.6,,
ESTAT:UNE_RT_A(1.0),29/04/26 23:00:00,A,Y55-74,PC_ACT,M,BG,2020-01-01,5.0,,
ESTAT:UNE_RT_A(1.0),29/04/26 23:00:00,A,Y55-74,PC_ACT,M,CH,2020-01-01,4.0,,
ESTAT:UNE_RT_A(1.0),29/04/26 23:00:00,A,Y55-74,PC_ACT,M,CY,2020-01-01,5.4,,
ESTAT:UNE_RT_A(1.0),29/04/26 23:00:00,A,Y55-74,PC_ACT,M,CZ,2020-01-01,1.5,,
ESTAT:UNE_RT_A(1.0),29/04/26 23:00:00,A,Y55-74,PC_ACT,M,DE,2020-01-01,2.8,b,
ESTAT:UNE_RT_A(1.0),29/04/26 23:00:00,A,Y55-74,PC_ACT,M,DK,2020-01-01,3.7,,
ESTAT:UNE_RT_A(1.0),29/04/26 23:00:00,A,Y55-74,PC_ACT,M,EA20,2020-01-01,5.3,,
ESTAT:UNE_RT_A(1.0),29/04/26 23:00:00,A,Y55-74,PC_ACT,M,EA21,2020-01-01,5.3,,
ESTAT:UNE_RT_A(1.0),29/04/26 23:00:00,A,Y55-74,PC_ACT,M,EE,2020-01-01,7.3,,
ESTAT:UNE_RT_A(1.0),29/04/26 23:00:00,A,Y55-74,PC_ACT,M,EL,2020-01-01,12.1,,
ESTAT:UNE_RT_A(1.0),29/04/26 23:00:00,A,Y55-74,PC_ACT,M,ES,2020-01-01,11.0,,
ESTAT:UNE_RT_A(1.0),29/04/26 23:00:00,A,Y55-74,PC_ACT,M,EU27_2020,2020-01-01,4.9,,
ESTAT:UNE_RT_A(1.0),29/04/26 23:00:00,A,Y55-74,PC_ACT,M,FI,2020-01-01,7.0,,
ESTAT:UNE_RT_A(1.0),29/04/26 23:00:00,A,Y55-74,PC_ACT,M,FR,2020-01-01,5.6,,
ESTAT:UNE_RT_A(1.0),29/04/26 23:00:00,A,Y55-74,PC_ACT,M,HR,2020-01-01,4.3,u,
ESTAT:UNE_RT_A(1.0),29/04/26 23:00:00,A,Y55-74,PC_ACT,M,HU,2020-01-01,3.0,,
ESTAT:UNE_RT_A(1.0),29/04/26 23:00:00,A,Y55-74,PC_ACT,M,IE,2020-01-01,3.9,,
ESTAT:UNE_RT_A(1.0),29/04/26 23:00:00,A,Y55-74,PC_ACT,M,IS,2020-01-01,2.9,b,
ESTAT:UNE_RT_A(1.0),29/04/26 23:00:00,A,Y55-74,PC_ACT,M,IT,2020-01-01,4.8,,
ESTAT:UNE_RT_A(1.0),29/04/26 23:00:00,A,Y55-74,PC_ACT,M,LT,2020-01-01,9.1,,
ESTAT:UNE_RT_A(1.0),29/04/26 23:00:00,A,Y55-74,PC_ACT,M,LU,2020-01-01,4.8,,
ESTAT:UNE_RT_A(1.0),29/04/26 23:00:00,A,Y55-74,PC_ACT,M,LV,2020-01-01,8.2,,
ESTAT:UNE_RT_A(1.0),29/04/26 23:00:00,A,Y55-74,PC_ACT,M,ME,2020-01-01,8.9,,
ESTAT:UNE_RT_A(1.0),29/04/26 23:00:00,A,Y55-74,PC_ACT,M,MK,2020-01-01,12.2,,
ESTAT:UNE_RT_A(1.0),29/04/26 23:00:00,A,Y55-74,PC_ACT,M,MT,2020-01-01,3.1,u,
ESTAT:UNE_RT_A(1.0),29/04/26 23:00:00,A,Y55-74,PC_ACT,M,NL,2020-01-01,3.3,,
ESTAT:UNE_RT_A(1.0),29/04/26 23:00:00,A,Y55-74,PC_ACT,M,NO,2020-01-01,2.4,u,
ESTAT:UNE_RT_A(1.0),29/04/26 23:00:00,A,Y55-74,PC_ACT,M,PL,2020-01-01,2.4,,
ESTAT:UNE_RT_A(1.0),29/04/26 23:00:00,A,Y55-74,PC_ACT,M,PT,2020-01-01,6.2,,
ESTAT:UNE_RT_A(1.0),29/04/26 23:00:00,A,Y55-74,PC_ACT,M,RO,2020-01-01,4.1,,
ESTAT:UNE_RT_A(1.0),29/04/26 23:00:00,A,Y55-74,PC_ACT,M,RS,2020-01-01,5.6,,
ESTAT:UNE_RT_A(1.0),29/04/26 23:00:00,A,Y55-74,PC_ACT,M,SE,2020-01-01,5.7,,
ESTAT:UNE_RT_A(1.0),29/04/26 23:00:00,A,Y55-74,PC_ACT,M,SI,2020-01-01,3.2,u,
ESTAT:UNE_RT_A(1.0),29/04/26 23:00:00,A,Y55-74,PC_ACT,M,SK,2020-01-01,4.0,,
ESTAT:UNE_RT_A(1.0),29/04/26 23:00:00,A,Y55-74,PC_ACT,M,TR,2020-01-01,7.5,,
ESTAT:UNE_RT_A(1.0),29/04/26 23:00:00,A,Y55-74,PC_ACT,T,AT,2020-01-01,4.2,,
ESTAT:UNE_RT_A(1.0),29/04/26 23:00:00,A,Y55-74,PC_ACT,T,BE,2020-01-01,4.2,,
ESTAT:UNE_RT_A(1.0),29/04/26 23:00:00,A,Y55-74,PC_ACT,T,BG,2020-01-01,4.9,,
ESTAT:UNE_RT_A(1.0),29/04/26 23:00:00,A,Y55-74,PC_ACT,T,CH,2020-01-01,3.5,,
ESTAT:UNE_RT_A(1.0),29/04/26 23:00:00,A,Y55-74,PC_ACT,T,CY,2020-01-01,5.5,,
ESTAT:UNE_RT_A(1.0),29/04/26 23:00:00,A,Y55-74,PC_ACT,T,CZ,2020-01-01,1.8,,
ESTAT:UNE_RT_A(1.0),29/04/26 23:00:00,A,Y55-74,PC_ACT,T,DE,2020-01-01,2.6,b,
ESTAT:UNE_RT_A(1.0),29/04/26 23:00:00,A,Y55-74,PC_ACT,T,DK,2020-01-01,3.8,,
ESTAT:UNE_RT_A(1.0),29/04/26 23:00:00,A,Y55-74,PC_ACT,T,EA20,2020-01-01,5.3,,
ESTAT:UNE_RT_A(1.0),29/04/26 23:00:00,A,Y55-74,PC_ACT,T,EA21,2020-01-01,5.3,,
ESTAT:UNE_RT_A(1.0),29/04/26 23:00:00,A,Y55-74,PC_ACT,T,EE,2020-01-01,6.0,,
ESTAT:UNE_RT_A(1.0),29/04/26 23:00:00,A,Y55-74,PC_ACT,T,EL,2020-01-01,12.8,,
ESTAT:UNE_RT_A(1.0),29/04/26 23:00:00,A,Y55-74,PC_ACT,T,ES,2020-01-01,12.1,,
ESTAT:UNE_RT_A(1.0),29/04/26 23:00:00,A,Y55-74,PC_ACT,T,EU27_2020,2020-01-01,4.9,,
ESTAT:UNE_RT_A(1.0),29/04/26 23:00:00,A,Y55-74,PC_ACT,T,FI,2020-01-01,6.6,,
ESTAT:UNE_RT_A(1.0),29/04/26 23:00:00,A,Y55-74,PC_ACT,T,FR,2020-01-01,5.6,,
ESTAT:UNE_RT_A(1.0),29/04/26 23:00:00,A,Y55-74,PC_ACT,T,HR,2020-01-01,4.7,,
ESTAT:UNE_RT_A(1.0),29/04/26 23:00:00,A,Y55-74,PC_ACT,T,HU,2020-01-01,2.9,,
ESTAT:UNE_RT_A(1.0),29/04/26 23:00:00,A,Y55-74,PC_ACT,T,IE,2020-01-01,3.8,,
ESTAT:UNE_RT_A(1.0),29/04/26 23:00:00,A,Y55-74,PC_ACT,T,IS,2020-01-01,3.1,b,
ESTAT:UNE_RT_A(1.0),29/04/26 23:00:00,A,Y55-74,PC_ACT,T,IT,2020-01-01,4.8,,
ESTAT:UNE_RT_A(1.0),29/04/26 23:00:00,A,Y55-74,PC_ACT,T,LT,2020-01-01,8.5,,
ESTAT:UNE_RT_A(1.0),29/04/26 23:00:00,A,Y55-74,PC_ACT,T,LU,2020-01-01,4.1,,
ESTAT:UNE_RT_A(1.0),29/04/26 23:00:00,A,Y55-74,PC_ACT,T,LV,2020-01-01,6.9,,
ESTAT:UNE_RT_A(1.0),29/04/26 23:00:00,A,Y55-74,PC_ACT,T,ME,2020-01-01,8.5,,
ESTAT:UNE_RT_A(1.0),29/04/26 23:00:00,A,Y55-74,PC_ACT,T,MK,2020-01-01,11.3,,
ESTAT:UNE_RT_A(1.0),29/04/26 23:00:00,A,Y55-74,PC_ACT,T,MT,2020-01-01,3.6,,
ESTAT:UNE_RT_A(1.0),29/04/26 23:00:00,A,Y55-74,PC_ACT,T,NL,2020-01-01,3.5,,
ESTAT:UNE_RT_A(1.0),29/04/26 23:00:00,A,Y55-74,PC_ACT,T,NO,2020-01-01,2.1,,
ESTAT:UNE_RT_A(1.0),29/04/26 23:00:00,A,Y55-74,PC_ACT,T,PL,2020-01-01,2.0,,
ESTAT:UNE_RT_A(1.0),29/04/26 23:00:00,A,Y55-74,PC_ACT,T,PT,2020-01-01,5.6,,
ESTAT:UNE_RT_A(1.0),29/04/26 23:00:00,A,Y55-74,PC_ACT,T,RO,2020-01-01,4.1,,
ESTAT:UNE_RT_A(1.0),29/04/26 23:00:00,A,Y55-74,PC_ACT,T,RS,2020-01-01,5.1,,
ESTAT:UNE_RT_A(1.0),29/04/26 23:00:00,A,Y55-74,PC_ACT,T,SE,2020-01-01,5.3,,
ESTAT:UNE_RT_A(1.0),29/04/26 23:00:00,A,Y55-74,PC_ACT,T,SI,2020-01-01,3.5,,
ESTAT:UNE_RT_A(1.0),29/04/26 23:00:00,A,Y55-74,PC_ACT,T,SK,2020-01-01,4.5,,
ESTAT:UNE_RT_A(1.0),29/04/26 23:00:00,A,Y55-74,PC_ACT,T,TR,2020-01-01,6.4,,
ESTAT:UNE_RT_A(1.0),29/04/26 23:00:00,A,Y15-24,PC_ACT,F,AT,2021-01-01,11.3,,
ESTAT:UNE_RT_A(1.0),29/04/26 23:00:00,A,Y15-24,PC_ACT,F,BA,2021-01-01,44.5,,
ESTAT:UNE_RT_A(1.0),29/04/26 23:00:00,A,Y15-24,PC_ACT,F,BE,2021-01-01,16.2,,
ESTAT:UNE_RT_A(1.0),29/04/26 23:00:00,A,Y15-24,PC_ACT,F,BG,2021-01-01,15.1,u,
ESTAT:UNE_RT_A(1.0),29/04/26 23:00:00,A,Y15-24,PC_ACT,F,CH,2021-01-01,8.3,,
ESTAT:UNE_RT_A(1.0),29/04/26 23:00:00,A,Y15-24,PC_ACT,F,CY,2021-01-01,16.1,,
ESTAT:UNE_RT_A(1.0),29/04/26 23:00:00,A,Y15-24,PC_ACT,F,CZ,2021-01-01,9.1,,
ESTAT:UNE_RT_A(1.0),29/04/26 23:00:00,A,Y15-24,PC_ACT,F,DE,2021-01-01,6.5,,
ESTAT:UNE_RT_A(1.0),29/04/26 23:00:00,A,Y15-24,PC_ACT,F,DK,2021-01-01,11.0,,
ESTAT:UNE_RT_A(1.0),29/04/26 23:00:00,A,Y15-24,PC_ACT,F,EA20,2021-01-01,17.0,,
ESTAT:UNE_RT_A(1.0),29/04/26 23:00:00,A,Y15-24,PC_ACT,F,EA21,2021-01-01,17.0,,
ESTAT:UNE_RT_A(1.0),29/04/26 23:00:00,A,Y15-24,PC_ACT,F,EE,2021-01-01,15.0,,
ESTAT:UNE_RT_A(1.0),29/04/26 23:00:00,A,Y15-24,PC_ACT,F,EL,2021-01-01,40.9,,
ESTAT:UNE_RT_A(1.0),29/04/26 23:00:00,A,Y15-24,PC_ACT,F,ES,2021-01-01,36.2,d,
ESTAT:UNE_RT_A(1.0),29/04/26 23:00:00,A,Y15-24,PC_ACT,F,EU27_2020,2021-01-01,16.8,,
ESTAT:UNE_RT_A(1.0),29/04/26 23:00:00,A,Y15-24,PC_ACT,F,FI,2021-01-01,16.4,,
ESTAT:UNE_RT_A(1.0),29/04/26 23:00:00,A,Y15-24,PC_ACT,F,FR,2021-01-01,18.8,d,
ESTAT:UNE_RT_A(1.0),29/04/26 23:00:00,A,Y15-24,PC_ACT,F,HR,2021-01-01,26.3,,
ESTAT:UNE_RT_A(1.0),29/04/26 23:00:00,A,Y15-24,PC_ACT,F,HU,2021-01-01,15.6,,
ESTAT:UNE_RT_A(1.0),29/04/26 23:00:00,A,Y15-24,PC_ACT,F,IE,2021-01-01,14.6,b,
ESTAT:UNE_RT_A(1.0),29/04/26 23:00:00,A,Y15-24,PC_ACT,F,IS,2021-01-01,10.9,,
ESTAT:UNE_RT_A(1.0),29/04/26 23:00:00,A,Y15-24,PC_ACT,F,IT,2021-01-01,32.8,,
ESTAT:UNE_RT_A(1.0),29/04/26 23:00:00,A,Y15-24,PC_ACT,F,LT,2021-01-01,14.7,,
ESTAT:UNE_RT_A(1.0),29/04/26 23:00:00,A,Y15-24,PC_ACT,F,LU,2021-01-01,16.1,,
ESTAT:UNE_RT_A(1.0),29/04/26 23:00:00,A,Y15-24,PC_ACT,F,LV,2021-01-01,14.6,,
ESTAT:UNE_RT_A(1.0),29/04/26 23:00:00,A,Y15-24,PC_ACT,F,MK,2021-01-01,39.7,b,
ESTAT:UNE_RT_A(1.0),29/04/26 23:00:00,A,Y15-24,PC_ACT,F,MT,2021-01-01,6.0,u,
ESTAT:UNE_RT_A(1.0),29/04/26 23:00:00,A,Y15-24,PC_ACT,F,NL,2021-01-01,9.0,,
ESTAT:UNE_RT_A(1.0),29/04/26 23:00:00,A,Y15-24,PC_ACT,F,NO,2021-01-01,11.8,,
ESTAT:UNE_RT_A(1.0),29/04/26 23:00:00,A,Y15-24,PC_ACT,F,PL,2021-01-01,12.3,,
ESTAT:UNE_RT_A(1.0),29/04/26 23:00:00,A,Y15-24,PC_ACT,F,PT,2021-01-01,26.7,,
ESTAT:UNE_RT_A(1.0),29/04/26 23:00:00,A,Y15-24,PC_ACT,F,RO,2021-01-01,21.2,,
ESTAT:UNE_RT_A(1.0),29/04/26 23:00:00,A,Y15-24,PC_ACT,F,RS,2021-01-01,28.9,,
ESTAT:UNE_RT_A(1.0),29/04/26 23:00:00,A,Y15-24,PC_ACT,F,SE,2021-01-01,24.1,,
ESTAT:UNE_RT_A(1.0),29/04/26 23:00:00,A,Y15-24,PC_ACT,F,SI,2021-01-01,14.4,u,
ESTAT:UNE_RT_A(1.0),29/04/26 23:00:00,A,Y15-24,PC_ACT,F,SK,2021-01-01,22.0,,
ESTAT:UNE_RT_A(1.0),29/04/26 23:00:00,A,Y15-24,PC_ACT,F,TR,2021-01-01,28.7,b,
ESTAT:UNE_RT_A(1.0),29/04/26 23:00:00,A,Y15-24,PC_ACT,M,AT,2021-01-01,10.7,,
ESTAT:UNE_RT_A(1.0),29/04/26 23:00:00,A,Y15-24,PC_ACT,M,BA,2021-01-01,34.5,,
ESTAT:UNE_RT_A(1.0),29/04/26 23:00:00,A,Y15-24,PC_ACT,M,BE,2021-01-01,19.9,,
ESTAT:UNE_RT_A(1.0),29/04/26 23:00:00,A,Y15-24,PC_ACT,M,BG,2021-01-01,16.2,,
ESTAT:UNE_RT_A(1.0),29/04/26 23:00:00,A,Y15-24,PC_ACT,M,CH,2021-01-01,8.4,,
ESTAT:UNE_RT_A(1.0),29/04/26 23:00:00,A,Y15-24,PC_ACT,M,CY,2021-01-01,18.4,,
ESTAT:UNE_RT_A(1.0),29/04/26 23:00:00,A,Y15-24,PC_ACT,M,CZ,2021-01-01,7.6,,
ESTAT:UNE_RT_A(1.0),29/04/26 23:00:00,A,Y15-24,PC_ACT,M,DE,2021-01-01,7.4,,
ESTAT:UNE_RT_A(1.0),29/04/26 23:00:00,A,Y15-24,PC_ACT,M,DK,2021-01-01,10.7,,
ESTAT:UNE_RT_A(1.0),29/04/26 23:00:00,A,Y15-24,PC_ACT,M,EA20,2021-01-01,16.9,,
ESTAT:UNE_RT_A(1.0),29/04/26 23:00:00,A,Y15-24,PC_ACT,M,EA21,2021-01-01,16.9,,
ESTAT:UNE_RT_A(1.0),29/04/26 23:00:00,A,Y15-24,PC_ACT,M,EE,2021-01-01,18.4,,
ESTAT:UNE_RT_A(1.0),29/04/26 23:00:00,A,Y15-24,PC_ACT,M,EL,2021-01-01,31.1,,
ESTAT:UNE_RT_A(1.0),29/04/26 23:00:00,A,Y15-24,PC_ACT,M,ES,2021-01-01,34.0,d,
ESTAT:UNE_RT_A(1.0),29/04/26 23:00:00,A,Y15-24,PC_ACT,M,EU27_2020,2021-01-01,16.6,,
ESTAT:UNE_RT_A(1.0),29/04/26 23:00:00,A,Y15-24,PC_ACT,M,FI,2021-01-01,17.8,,
ESTAT:UNE_RT_A(1.0),29/04/26 23:00:00,A,Y15-24,PC_ACT,M,FR,2021-01-01,19.0,d,
ESTAT:UNE_RT_A(1.0),29/04/26 23:00:00,A,Y15-24,PC_ACT,M,HR,2021-01-01,18.3,,
ESTAT:UNE_RT_A(1.0),29/04/26 23:00:00,A,Y15-24,PC_ACT,M,HU,2021-01-01,12.2,,
ESTAT:UNE_RT_A(1.0),29/04/26 23:00:00,A,Y15-24,PC_ACT,M,IE,2021-01-01,14.5,b,
ESTAT:UNE_RT_A(1.0),29/04/26 23:00:00,A,Y15-24,PC_ACT,M,IS,2021-01-01,13.2,,
ESTAT:UNE_RT_A(1.0),29/04/26 23:00:00,A,Y15-24,PC_ACT,M,IT,2021-01-01,27.7,,
ESTAT:UNE_RT_A(1.0),29/04/26 23:00:00,A,Y15-24,PC_ACT,M,LT,2021-01-01,14.0,,
ESTAT:UNE_RT_A(1.0),29/04/26 23:00:00,A,Y15-24,PC_ACT,M,LU,2021-01-01,17.7,,
ESTAT:UNE_RT_A(1.0),29/04/26 23:00:00,A,Y15-24,PC_ACT,M,LV,2021-01-01,14.9,,
ESTAT:UNE_RT_A(1.0),29/04/26 23:00:00,A,Y15-24,PC_ACT,M,MK,2021-01-01,34.1,b,
ESTAT:UNE_RT_A(1.0),29/04/26 23:00:00,A,Y15-24,PC_ACT,M,MT,2021-01-01,12.9,,
ESTAT:UNE_RT_A(1.0),29/04/26 23:00:00,A,Y15-24,PC_ACT,M,NL,2021-01-01,9.7,,
ESTAT:UNE_RT_A(1.0),29/04/26 23:00:00,A,Y15-24,PC_ACT,M,NO,2021-01-01,13.4,,
ESTAT:UNE_RT_A(1.0),29/04/26 23:00:00,A,Y15-24,PC_ACT,M,PL,2021-01-01,11.6,,
ESTAT:UNE_RT_A(1.0),29/04/26 23:00:00,A,Y15-24,PC_ACT,M,PT,2021-01-01,20.9,,
ESTAT:UNE_RT_A(1.0),29/04/26 23:00:00,A,Y15-24,PC_ACT,M,RO,2021-01-01,20.9,,
ESTAT:UNE_RT_A(1.0),29/04/26 23:00:00,A,Y15-24,PC_ACT,M,RS,2021-01-01,24.2,,
ESTAT:UNE_RT_A(1.0),29/04/26 23:00:00,A,Y15-24,PC_ACT,M,SE,2021-01-01,25.2,,
ESTAT:UNE_RT_A(1.0),29/04/26 23:00:00,A,Y15-24,PC_ACT,M,SI,2021-01-01,11.5,u,
ESTAT:UNE_RT_A(1.0),29/04/26 23:00:00,A,Y15-24,PC_ACT,M,SK,2021-01-01,19.8,,
ESTAT:UNE_RT_A(1.0),29/04/26 23:00:00,A,Y15-24,PC_ACT,M,TR,2021-01-01,19.5,b,
ESTAT:UNE_RT_A(1.0),29/04/26 23:00:00,A,Y15-24,PC_ACT,T,AT,2021-01-01,11.0,,
ESTAT:UNE_RT_A(1.0),29/04/26 23:00:00,A,Y15-24,PC_ACT,T,BA,2021-01-01,38.3,,
ESTAT:UNE_RT_A(1.0),29/04/26 23:00:00,A,Y15-24,PC_ACT,T,BE,2021-01-01,18.2,,
ESTAT:UNE_RT_A(1.0),29/04/26 23:00:00,A,Y15-24,PC_ACT,T,BG,2021-01-01,15.8,,
ESTAT:UNE_RT_A(1.0),29/04/26 23:00:00,A,Y15-24,PC_ACT,T,CH,2021-01-01,8.3,,
ESTAT:UNE_RT_A(1.0),29/04/26 23:00:00,A,Y15-24,PC_ACT,T,CY,2021-01-01,17.3,,
ESTAT:UNE_RT_A(1.0),29/04/26 23:00:00,A,Y15-24,PC_ACT,T,CZ,2021-01-01,8.2,,
ESTAT:UNE_RT_A(1.0),29/04/26 23:00:00,A,Y15-24,PC_ACT,T,DE,2021-01-01,7.0,,
ESTAT:UNE_RT_A(1.0),29/04/26 23:00:00,A,Y15-24,PC_ACT,T,DK,2021-01-01,10.8,,
ESTAT:UNE_RT_A(1.0),29/04/26 23:00:00,A,Y15-24,PC_ACT,T,EA20,2021-01-01,17.0,,
ESTAT:UNE_RT_A(1.0),29/04/26 23:00:00,A,Y15-24,PC_ACT,T,EA21,2021-01-01,16.9,,
ESTAT:UNE_RT_A(1.0),29/04/26 23:00:00,A,Y15-24,PC_ACT,T,EE,2021-01-01,16.7,,
ESTAT:UNE_RT_A(1.0),29/04/26 23:00:00,A,Y15-24,PC_ACT,T,EL,2021-01-01,35.5,,
ESTAT:UNE_RT_A(1.0),29/04/26 23:00:00,A,Y15-24,PC_ACT,T,ES,2021-01-01,35.0,d,
ESTAT:UNE_RT_A(1.0),29/04/26 23:00:00,A,Y15-24,PC_ACT,T,EU27_2020,2021-01-01,16.7,,
ESTAT:UNE_RT_A(1.0),29/04/26 23:00:00,A,Y15-24,PC_ACT,T,FI,2021-01-01,17.1,,
ESTAT:UNE_RT_A(1.0),29/04/26 23:00:00,A,Y15-24,PC_ACT,T,FR,2021-01-01,18.9,d,
ESTAT:UNE_RT_A(1.0),29/04/26 23:00:00,A,Y15-24,PC_ACT,T,HR,2021-01-01,21.5,,
ESTAT:UNE_RT_A(1.0),29/04/26 23:00:00,A,Y15-24,PC_ACT,T,HU,2021-01-01,13.6,,
ESTAT:UNE_RT_A(1.0),29/04/26 23:00:00,A,Y15-24,PC_ACT,T,IE,2021-01-01,14.6,b,
ESTAT:UNE_RT_A(1.0),29/04/26 23:00:00,A,Y15-24,PC_ACT,T,IS,2021-01-01,12.1,,
ESTAT:UNE_RT_A(1.0),29/04/26 23:00:00,A,Y15-24,PC_ACT,T,IT,2021-01-01,29.7,,
ESTAT:UNE_RT_A(1.0),29/04/26 23:00:00,A,Y15-24,PC_ACT,T,LT,2021-01-01,14.3,,
ESTAT:UNE_RT_A(1.0),29/04/26 23:00:00,A,Y15-24,PC_ACT,T,LU,2021-01-01,16.9,,
ESTAT:UNE_RT_A(1.0),29/04/26 23:00:00,A,Y15-24,PC_ACT,T,LV,2021-01-01,14.8,,
ESTAT:UNE_RT_A(1.0),29/04/26 23:00:00,A,Y15-24,PC_ACT,T,MK,2021-01-01,36.1,b,
ESTAT:UNE_RT_A(1.0),29/04/26 23:00:00,A,Y15-24,PC_ACT,T,MT,2021-01-01,9.9,,
ESTAT:UNE_RT_A(1.0),29/04/26 23:00:00,A,Y15-24,PC_ACT,T,NL,2021-01-01,9.3,,
ESTAT:UNE_RT_A(1.0),29/04/26 23:00:00,A,Y15-24,PC_ACT,T,NO,2021-01-01,12.6,,
ESTAT:UNE_RT_A(1.0),29/04/26 23:00:00,A,Y15-24,PC_ACT,T,PL,2021-01-01,11.9,,
ESTAT:UNE_RT_A(1.0),29/04/26 23:00:00,A,Y15-24,PC_ACT,T,PT,2021-01-01,23.4,,
ESTAT:UNE_RT_A(1.0),29/04/26 23:00:00,A,Y15-24,PC_ACT,T,RO,2021-01-01,21.0,,
ESTAT:UNE_RT_A(1.0),29/04/26 23:00:00,A,Y15-24,PC_ACT,T,RS,2021-01-01,26.0,,
ESTAT:UNE_RT_A(1.0),29/04/26 23:00:00,A,Y15-24,PC_ACT,T,SE,2021-01-01,24.7,,
ESTAT:UNE_RT_A(1.0),29/04/26 23:00:00,A,Y15-24,PC_ACT,T,SI,2021-01-01,12.8,,
ESTAT:UNE_RT_A(1.0),29/04/26 23:00:00,A,Y15-24,PC_ACT,T,SK,2021-01-01,20.6,,
ESTAT:UNE_RT_A(1.0),29/04/26 23:00:00,A,Y15-24,PC_ACT,T,TR,2021-01-01,22.7,b,
ESTAT:UNE_RT_A(1.0),29/04/26 23:00:00,A,Y15-74,PC_ACT,F,AT,2021-01-01,6.1,,
ESTAT:UNE_RT_A(1.0),29/04/26 23:00:00,A,Y15-74,PC_ACT,F,BA,2021-01-01,22.0,,
ESTAT:UNE_RT_A(1.0),29/04/26 23:00:00,A,Y15-74,PC_ACT,F,BE,2021-01-01,5.9,,
ESTAT:UNE_RT_A(1.0),29/04/26 23:00:00,A,Y15-74,PC_ACT,F,BG,2021-01-01,4.9,,
ESTAT:UNE_RT_A(1.0),29/04/26 23:00:00,A,Y15-74,PC_ACT,F,CH,2021-01-01,5.3,,
ESTAT:UNE_RT_A(1.0),29/04/26 23:00:00,A,Y15-74,PC_ACT,F,CY,2021-01-01,7.3,,
ESTAT:UNE_RT_A(1.0),29/04/26 23:00:00,A,Y15-74,PC_ACT,F,CZ,2021-01-01,3.4,,
ESTAT:UNE_RT_A(1.0),29/04/26 23:00:00,A,Y15-74,PC_ACT,F,DE,2021-01-01,3.2,,
ESTAT:UNE_RT_A(1.0),29/04/26 23:00:00,A,Y15-74,PC_ACT,F,DK,2021-01-01,5.2,,
ESTAT:UNE_RT_A(1.0),29/04/26 23:00:00,A,Y15-74,PC_ACT,F,EA20,2021-01-01,8.2,,
ESTAT:UNE_RT_A(1.0),29/04/26 23:00:00,A,Y15-74,PC_ACT,F,EA21,2021-01-01,8.1,,
ESTAT:UNE_RT_A(1.0),29/04/26 23:00:00,A,Y15-74,PC_ACT,F,EE,2021-01-01,5.6,,
ESTAT:UNE_RT_A(1.0),29/04/26 23:00:00,A,Y15-74,PC_ACT,F,EL,2021-01-01,18.9,,
ESTAT:UNE_RT_A(1.0),29/04/26 23:00:00,A,Y15-74,PC_ACT,F,ES,2021-01-01,16.8,d,
ESTAT:UNE_RT_A(1.0),29/04/26 23:00:00,A,Y15-74,PC_ACT,F,EU27_2020,2021-01-01,7.4,,
ESTAT:UNE_RT_A(1.0),29/04/26 23:00:00,A,Y15-74,PC_ACT,F,FI,2021-01-01,7.1,,
ESTAT:UNE_RT_A(1.0),29/04/26 23:00:00,A,Y15-74,PC_ACT,F,FR,2021-01-01,7.8,d,
ESTAT:UNE_RT_A(1.0),29/04/26 23:00:00,A,Y15-74,PC_ACT,F,HR,2021-01-01,8.0,,
ESTAT:UNE_RT_A(1.0),29/04/26 23:00:00,A,Y15-74,PC_ACT,F,HU,2021-01-01,4.2,,
ESTAT:UNE_RT_A(1.0),29/04/26 23:00:00,A,Y15-74,PC_ACT,F,IE,2021-01-01,6.1,b,
ESTAT:UNE_RT_A(1.0),29/04/26 23:00:00,A,Y15-74,PC_ACT,F,IS,2021-01-01,6.4,,
ESTAT:UNE_RT_A(1.0),29/04/26 23:00:00,A,Y15-74,PC_ACT,F,IT,2021-01-01,10.6,,
ESTAT:UNE_RT_A(1.0),29/04/26 23:00:00,A,Y15-74,PC_ACT,F,LT,2021-01-01,6.6,,
ESTAT:UNE_RT_A(1.0),29/04/26 23:00:00,A,Y15-74,PC_ACT,F,LU,2021-01-01,5.6,,
ESTAT:UNE_RT_A(1.0),29/04/26 23:00:00,A,Y15-74,PC_ACT,F,LV,2021-01-01,6.6,,
ESTAT:UNE_RT_A(1.0),29/04/26 23:00:00,A,Y15-74,PC_ACT,F,MK,2021-01-01,13.7,b,
ESTAT:UNE_RT_A(1.0),29/04/26 23:00:00,A,Y15-74,PC_ACT,F,MT,2021-01-01,3.6,,
ESTAT:UNE_RT_A(1.0),29/04/26 23:00:00,A,Y15-74,PC_ACT,F,NL,2021-01-01,4.5,,
ESTAT:UNE_RT_A(1.0),29/04/26 23:00:00,A,Y15-74,PC_ACT,F,NO,2021-01-01,4.2,,
ESTAT:UNE_RT_A(1.0),29/04/26 23:00:00,A,Y15-74,PC_ACT,F,PL,2021-01-01,3.4,,
ESTAT:UNE_RT_A(1.0),29/04/26 23:00:00,A,Y15-74,PC_ACT,F,PT,2021-01-01,7.0,,
ESTAT:UNE_RT_A(1.0),29/04/26 23:00:00,A,Y15-74,PC_ACT,F,RO,2021-01-01,5.1,,
ESTAT:UNE_RT_A(1.0),29/04/26 23:00:00,A,Y15-74,PC_ACT,F,RS,2021-01-01,12.2,,
ESTAT:UNE_RT_A(1.0),29/04/26 23:00:00,A,Y15-74,PC_ACT,F,SE,2021-01-01,9.2,,
ESTAT:UNE_RT_A(1.0),29/04/26 23:00:00,A,Y15-74,PC_ACT,F,SI,2021-01-01,5.3,,
ESTAT:UNE_RT_A(1.0),29/04/26 23:00:00,A,Y15-74,PC_ACT,F,SK,2021-01-01,7.0,,
ESTAT:UNE_RT_A(1.0),29/04/26 23:00:00,A,Y15-74,PC_ACT,F,TR,2021-01-01,14.7,b,
ESTAT:UNE_RT_A(1.0),29/04/26 23:00:00,A,Y15-74,PC_ACT,M,AT,2021-01-01,6.3,,
ESTAT:UNE_RT_A(1.0),29/04/26 23:00:00,A,Y15-74,PC_ACT,M,BA,2021-01-01,14.4,,
ESTAT:UNE_RT_A(1.0),29/04/26 23:00:00,A,Y15-74,PC_ACT,M,BE,2021-01-01,6.6,,
ESTAT:UNE_RT_A(1.0),29/04/26 23:00:00,A,Y15-74,PC_ACT,M,BG,2021-01-01,5.4,,
ESTAT:UNE_RT_A(1.0),29/04/26 23:00:00,A,Y15-74,PC_ACT,M,CH,2021-01-01,4.9,,
ESTAT:UNE_RT_A(1.0),29/04/26 23:00:00,A,Y15-74,PC_ACT,M,CY,2021-01-01,7.0,,
ESTAT:UNE_RT_A(1.0),29/04/26 23:00:00,A,Y15-74,PC_ACT,M,CZ,2021-01-01,2.3,,
ESTAT:UNE_RT_A(1.0),29/04/26 23:00:00,A,Y15-74,PC_ACT,M,DE,2021-01-01,3.9,,
ESTAT:UNE_RT_A(1.0),29/04/26 23:00:00,A,Y15-74,PC_ACT,M,DK,2021-01-01,5.0,,
ESTAT:UNE_RT_A(1.0),29/04/26 23:00:00,A,Y15-74,PC_ACT,M,EA20,2021-01-01,7.4,,
ESTAT:UNE_RT_A(1.0),29/04/26 23:00:00,A,Y15-74,PC_ACT,M,EA21,2021-01-01,7.4,,
ESTAT:UNE_RT_A(1.0),29/04/26 23:00:00,A,Y15-74,PC_ACT,M,EE,2021-01-01,6.8,,
ESTAT:UNE_RT_A(1.0),29/04/26 23:00:00,A,Y15-74,PC_ACT,M,EL,2021-01-01,11.4,,
ESTAT:UNE_RT_A(1.0),29/04/26 23:00:00,A,Y15-74,PC_ACT,M,ES,2021-01-01,13.2,d,
ESTAT:UNE_RT_A(1.0),29/04/26 23:00:00,A,Y15-74,PC_ACT,M,EU27_2020,2021-01-01,6.8,,
ESTAT:UNE_RT_A(1.0),29/04/26 23:00:00,A,Y15-74,PC_ACT,M,FI,2021-01-01,8.2,,
ESTAT:UNE_RT_A(1.0),29/04/26 23:00:00,A,Y15-74,PC_ACT,M,FR,2021-01-01,8.0,d,
ESTAT:UNE_RT_A(1.0),29/04/26 23:00:00,A,Y15-74,PC_ACT,M,HR,2021-01-01,7.1,,
ESTAT:UNE_RT_A(1.0),29/04/26 23:00:00,A,Y15-74,PC_ACT,M,HU,2021-01-01,3.9,,
ESTAT:UNE_RT_A(1.0),29/04/26 23:00:00,A,Y15-74,PC_ACT,M,IE,2021-01-01,6.3,b,
ESTAT:UNE_RT_A(1.0),29/04/26 23:00:00,A,Y15-74,PC_ACT,M,IS,2021-01-01,5.8,,
ESTAT:UNE_RT_A(1.0),29/04/26 23:00:00,A,Y15-74,PC_ACT,M,IT,2021-01-01,8.7,,
ESTAT:UNE_RT_A(1.0),29/04/26 23:00:00,A,Y15-74,PC_ACT,M,LT,2021-01-01,7.6,,
ESTAT:UNE_RT_A(1.0),29/04/26 23:00:00,A,Y15-74,PC_ACT,M,LU,2021-01-01,4.9,,
ESTAT:UNE_RT_A(1.0),29/04/26 23:00:00,A,Y15-74,PC_ACT,M,LV,2021-01-01,8.5,,
ESTAT:UNE_RT_A(1.0),29/04/26 23:00:00,A,Y15-74,PC_ACT,M,MK,2021-01-01,16.7,b,
ESTAT:UNE_RT_A(1.0),29/04/26 23:00:00,A,Y15-74,PC_ACT,M,MT,2021-01-01,3.9,,
ESTAT:UNE_RT_A(1.0),29/04/26 23:00:00,A,Y15-74,PC_ACT,M,NL,2021-01-01,4.0,,
ESTAT:UNE_RT_A(1.0),29/04/26 23:00:00,A,Y15-74,PC_ACT,M,NO,2021-01-01,4.6,,
ESTAT:UNE_RT_A(1.0),29/04/26 23:00:00,A,Y15-74,PC_ACT,M,PL,2021-01-01,3.4,,
ESTAT:UNE_RT_A(1.0),29/04/26 23:00:00,A,Y15-74,PC_ACT,M,PT,2021-01-01,6.5,,
ESTAT:UNE_RT_A(1.0),29/04/26 23:00:00,A,Y15-74,PC_ACT,M,RO,2021-01-01,6.0,,
ESTAT:UNE_RT_A(1.0),29/04/26 23:00:00,A,Y15-74,PC_ACT,M,RS,2021-01-01,10.3,,
ESTAT:UNE_RT_A(1.0),29/04/26 23:00:00,A,Y15-74,PC_ACT,M,SE,2021-01-01,8.6,,
ESTAT:UNE_RT_A(1.0),29/04/26 23:00:00,A,Y15-74,PC_ACT,M,SI,2021-01-01,4.3,,
ESTAT:UNE_RT_A(1.0),29/04/26 23:00:00,A,Y15-74,PC_ACT,M,SK,2021-01-01,6.7,,
ESTAT:UNE_RT_A(1.0),29/04/26 23:00:00,A,Y15-74,PC_ACT,M,TR,2021-01-01,10.7,b,
ESTAT:UNE_RT_A(1.0),29/04/26 23:00:00,A,Y15-74,PC_ACT,T,AT,2021-01-01,6.2,,
ESTAT:UNE_RT_A(1.0),29/04/26 23:00:00,A,Y15-74,PC_ACT,T,BA,2021-01-01,17.4,,
ESTAT:UNE_RT_A(1.0),29/04/26 23:00:00,A,Y15-74,PC_ACT,T,BE,2021-01-01,6.3,,
ESTAT:UNE_RT_A(1.0),29/04/26 23:00:00,A,Y15-74,PC_ACT,T,BG,2021-01-01,5.2,,
ESTAT:UNE_RT_A(1.0),29/04/26 23:00:00,A,Y15-74,PC_ACT,T,CH,2021-01-01,5.1,,
ESTAT:UNE_RT_A(1.0),29/04/26 23:00:00,A,Y15-74,PC_ACT,T,CY,2021-01-01,7.2,,
ESTAT:UNE_RT_A(1.0),29/04/26 23:00:00,A,Y15-74,PC_ACT,T,CZ,2021-01-01,2.8,,
ESTAT:UNE_RT_A(1.0),29/04/26 23:00:00,A,Y15-74,PC_ACT,T,DE,2021-01-01,3.6,,
ESTAT:UNE_RT_A(1.0),29/04/26 23:00:00,A,Y15-74,PC_ACT,T,DK,2021-01-01,5.1,,
ESTAT:UNE_RT_A(1.0),29/04/26 23:00:00,A,Y15-74,PC_ACT,T,EA20,2021-01-01,7.8,,
ESTAT:UNE_RT_A(1.0),29/04/26 23:00:00,A,Y15-74,PC_ACT,T,EA21,2021-01-01,7.7,,
ESTAT:UNE_RT_A(1.0),29/04/26 23:00:00,A,Y15-74,PC_ACT,T,EE,2021-01-01,6.2,,
ESTAT:UNE_RT_A(1.0),29/04/26 23:00:00,A,Y15-74,PC_ACT,T,EL,2021-01-01,14.7,,
ESTAT:UNE_RT_A(1.0),29/04/26 23:00:00,A,Y15-74,PC_ACT,T,ES,2021-01-01,14.9,d,
ESTAT:UNE_RT_A(1.0),29/04/26 23:00:00,A,Y15-74,PC_ACT,T,EU27_2020,2021-01-01,7.1,,
ESTAT:UNE_RT_A(1.0),29/04/26 23:00:00,A,Y15-74,PC_ACT,T,FI,2021-01-01,7.7,,
ESTAT:UNE_RT_A(1.0),29/04/26 23:00:00,A,Y15-74,PC_ACT,T,FR,2021-01-01,7.9,d,
ESTAT:UNE_RT_A(1.0),29/04/26 23:00:00,A,Y15-74,PC_ACT,T,HR,2021-01-01,7.5,,
ESTAT:UNE_RT_A(1.0),29/04/26 23:00:00,A,Y15-74,PC_ACT,T,HU,2021-01-01,4.0,,
ESTAT:UNE_RT_A(1.0),29/04/26 23:00:00,A,Y15-74,PC_ACT,T,IE,2021-01-01,6.2,b,
ESTAT:UNE_RT_A(1.0),29/04/26 23:00:00,A,Y15-74,PC_ACT,T,IS,2021-01-01,6.1,,
ESTAT:UNE_RT_A(1.0),29/04/26 23:00:00,A,Y15-74,PC_ACT,T,IT,2021-01-01,9.5,,
ESTAT:UNE_RT_A(1.0),29/04/26 23:00:00,A,Y15-74,PC_ACT,T,LT,2021-01-01,7.1,,
ESTAT:UNE_RT_A(1.0),29/04/26 23:00:00,A,Y15-74,PC_ACT,T,LU,2021-01-01,5.3,,
ESTAT:UNE_RT_A(1.0),29/04/26 23:00:00,A,Y15-74,PC_ACT,T,LV,2021-01-01,7.6,,
ESTAT:UNE_RT_A(1.0),29/04/26 23:00:00,A,Y15-74,PC_ACT,T,MK,2021-01-01,15.5,b,
ESTAT:UNE_RT_A(1.0),29/04/26 23:00:00,A,Y15-74,PC_ACT,T,MT,2021-01-01,3.8,,
ESTAT:UNE_RT_A(1.0),29/04/26 23:00:00,A,Y15-74,PC_ACT,T,NL,2021-01-01,4.2,,
ESTAT:UNE_RT_A(1.0),29/04/26 23:00:00,A,Y15-74,PC_ACT,T,NO,2021-01-01,4.4,,
ESTAT:UNE_RT_A(1.0),29/04/26 23:00:00,A,Y15-74,PC_ACT,T,PL,2021-01-01,3.4,,
ESTAT:UNE_RT_A(1.0),29/04/26 23:00:00,A,Y15-74,PC_ACT,T,PT,2021-01-01,6.7,,
ESTAT:UNE_RT_A(1.0),29/04/26 23:00:00,A,Y15-74,PC_ACT,T,RO,2021-01-01,5.6,,
ESTAT:UNE_RT_A(1.0),29/04/26 23:00:00,A,Y15-74,PC_ACT,T,RS,2021-01-01,11.2,,
ESTAT:UNE_RT_A(1.0),29/04/26 23:00:00,A,Y15-74,PC_ACT,T,SE,2021-01-01,8.9,,
ESTAT:UNE_RT_A(1.0),29/04/26 23:00:00,A,Y15-74,PC_ACT,T,SI,2021-01-01,4.8,,
ESTAT:UNE_RT_A(1.0),29/04/26 23:00:00,A,Y15-74,PC_ACT,T,SK,2021-01-01,6.8,,
ESTAT:UNE_RT_A(1.0),29/04/26 23:00:00,A,Y15-74,PC_ACT,T,TR,2021-01-01,12.0,b,
ESTAT:UNE_RT_A(1.0),29/04/26 23:00:00,A,Y25-54,PC_ACT,F,AT,2021-01-01,5.8,,
ESTAT:UNE_RT_A(1.0),29/04/26 23:00:00,A,Y25-54,PC_ACT,F,BA,2021-01-01,21.2,,
ESTAT:UNE_RT_A(1.0),29/04/26 23:00:00,A,Y25-54,PC_ACT,F,BE,2021-01-01,5.2,,
ESTAT:UNE_RT_A(1.0),29/04/26 23:00:00,A,Y25-54,PC_ACT,F,BG,2021-01-01,4.9,,
ESTAT:UNE_RT_A(1.0),29/04/26 23:00:00,A,Y25-54,PC_ACT,F,CH,2021-01-01,5.2,,
ESTAT:UNE_RT_A(1.0),29/04/26 23:00:00,A,Y25-54,PC_ACT,F,CY,2021-01-01,6.9,,
ESTAT:UNE_RT_A(1.0),29/04/26 23:00:00,A,Y25-54,PC_ACT,F,CZ,2021-01-01,3.3,,
ESTAT:UNE_RT_A(1.0),29/04/26 23:00:00,A,Y25-54,PC_ACT,F,DE,2021-01-01,2.9,,
ESTAT:UNE_RT_A(1.0),29/04/26 23:00:00,A,Y25-54,PC_ACT,F,DK,2021-01-01,4.3,,
ESTAT:UNE_RT_A(1.0),29/04/26 23:00:00,A,Y25-54,PC_ACT,F,EA20,2021-01-01,7.8,,
ESTAT:UNE_RT_A(1.0),29/04/26 23:00:00,A,Y25-54,PC_ACT,F,EA21,2021-01-01,7.7,,
ESTAT:UNE_RT_A(1.0),29/04/26 23:00:00,A,Y25-54,PC_ACT,F,EE,2021-01-01,5.0,,
ESTAT:UNE_RT_A(1.0),29/04/26 23:00:00,A,Y25-54,PC_ACT,F,EL,2021-01-01,18.8,,
ESTAT:UNE_RT_A(1.0),29/04/26 23:00:00,A,Y25-54,PC_ACT,F,ES,2021-01-01,15.7,d,
ESTAT:UNE_RT_A(1.0),29/04/26 23:00:00,A,Y25-54,PC_ACT,F,EU27_2020,2021-01-01,6.9,,
ESTAT:UNE_RT_A(1.0),29/04/26 23:00:00,A,Y25-54,PC_ACT,F,FI,2021-01-01,5.6,,
ESTAT:UNE_RT_A(1.0),29/04/26 23:00:00,A,Y25-54,PC_ACT,F,FR,2021-01-01,6.7,d,
ESTAT:UNE_RT_A(1.0),29/04/26 23:00:00,A,Y25-54,PC_ACT,F,HR,2021-01-01,7.1,,
ESTAT:UNE_RT_A(1.0),29/04/26 23:00:00,A,Y25-54,PC_ACT,F,HU,2021-01-01,3.7,,
ESTAT:UNE_RT_A(1.0),29/04/26 23:00:00,A,Y25-54,PC_ACT,F,IE,2021-01-01,4.8,b,
ESTAT:UNE_RT_A(1.0),29/04/26 23:00:00,A,Y25-54,PC_ACT,F,IS,2021-01-01,6.4,,
ESTAT:UNE_RT_A(1.0),29/04/26 23:00:00,A,Y25-54,PC_ACT,F,IT,2021-01-01,10.6,,
ESTAT:UNE_RT_A(1.0),29/04/26 23:00:00,A,Y25-54,PC_ACT,F,LT,2021-01-01,5.9,,
ESTAT:UNE_RT_A(1.0),29/04/26 23:00:00,A,Y25-54,PC_ACT,F,LU,2021-01-01,5.0,,
ESTAT:UNE_RT_A(1.0),29/04/26 23:00:00,A,Y25-54,PC_ACT,F,LV,2021-01-01,6.6,,
ESTAT:UNE_RT_A(1.0),29/04/26 23:00:00,A,Y25-54,PC_ACT,F,MK,2021-01-01,12.1,b,
ESTAT:UNE_RT_A(1.0),29/04/26 23:00:00,A,Y25-54,PC_ACT,F,MT,2021-01-01,3.0,,
ESTAT:UNE_RT_A(1.0),29/04/26 23:00:00,A,Y25-54,PC_ACT,F,NL,2021-01-01,3.5,,
ESTAT:UNE_RT_A(1.0),29/04/26 23:00:00,A,Y25-54,PC_ACT,F,NO,2021-01-01,3.3,,
ESTAT:UNE_RT_A(1.0),29/04/26 23:00:00,A,Y25-54,PC_ACT,F,PL,2021-01-01,3.0,,
ESTAT:UNE_RT_A(1.0),29/04/26 23:00:00,A,Y25-54,PC_ACT,F,PT,2021-01-01,6.1,,
ESTAT:UNE_RT_A(1.0),29/04/26 23:00:00,A,Y25-54,PC_ACT,F,RO,2021-01-01,4.2,,
ESTAT:UNE_RT_A(1.0),29/04/26 23:00:00,A,Y25-54,PC_ACT,F,RS,2021-01-01,12.2,,
ESTAT:UNE_RT_A(1.0),29/04/26 23:00:00,A,Y25-54,PC_ACT,F,SE,2021-01-01,7.7,,
ESTAT:UNE_RT_A(1.0),29/04/26 23:00:00,A,Y25-54,PC_ACT,F,SI,2021-01-01,4.9,,
ESTAT:UNE_RT_A(1.0),29/04/26 23:00:00,A,Y25-54,PC_ACT,F,SK,2021-01-01,6.6,,
ESTAT:UNE_RT_A(1.0),29/04/26 23:00:00,A,Y25-54,PC_ACT,F,TR,2021-01-01,13.0,b,
ESTAT:UNE_RT_A(1.0),29/04/26 23:00:00,A,Y25-54,PC_ACT,M,AT,2021-01-01,5.8,,
ESTAT:UNE_RT_A(1.0),29/04/26 23:00:00,A,Y25-54,PC_ACT,M,BA,2021-01-01,12.7,,
ESTAT:UNE_RT_A(1.0),29/04/26 23:00:00,A,Y25-54,PC_ACT,M,BE,2021-01-01,5.7,,
ESTAT:UNE_RT_A(1.0),29/04/26 23:00:00,A,Y25-54,PC_ACT,M,BG,2021-01-01,5.0,,
ESTAT:UNE_RT_A(1.0),29/04/26 23:00:00,A,Y25-54,PC_ACT,M,CH,2021-01-01,4.4,,
ESTAT:UNE_RT_A(1.0),29/04/26 23:00:00,A,Y25-54,PC_ACT,M,CY,2021-01-01,6.7,,
ESTAT:UNE_RT_A(1.0),29/04/26 23:00:00,A,Y25-54,PC_ACT,M,CZ,2021-01-01,2.1,,
ESTAT:UNE_RT_A(1.0),29/04/26 23:00:00,A,Y25-54,PC_ACT,M,DE,2021-01-01,3.8,,
ESTAT:UNE_RT_A(1.0),29/04/26 23:00:00,A,Y25-54,PC_ACT,M,DK,2021-01-01,4.2,,
ESTAT:UNE_RT_A(1.0),29/04/26 23:00:00,A,Y25-54,PC_ACT,M,EA20,2021-01-01,6.8,,
ESTAT:UNE_RT_A(1.0),29/04/26 23:00:00,A,Y25-54,PC_ACT,M,EA21,2021-01-01,6.8,,
ESTAT:UNE_RT_A(1.0),29/04/26 23:00:00,A,Y25-54,PC_ACT,M,EE,2021-01-01,5.8,,
ESTAT:UNE_RT_A(1.0),29/04/26 23:00:00,A,Y25-54,PC_ACT,M,EL,2021-01-01,10.9,,
ESTAT:UNE_RT_A(1.0),29/04/26 23:00:00,A,Y25-54,PC_ACT,M,ES,2021-01-01,11.9,d,
ESTAT:UNE_RT_A(1.0),29/04/26 23:00:00,A,Y25-54,PC_ACT,M,EU27_2020,2021-01-01,6.1,,
ESTAT:UNE_RT_A(1.0),29/04/26 23:00:00,A,Y25-54,PC_ACT,M,FI,2021-01-01,7.0,,
ESTAT:UNE_RT_A(1.0),29/04/26 23:00:00,A,Y25-54,PC_ACT,M,FR,2021-01-01,6.8,d,
ESTAT:UNE_RT_A(1.0),29/04/26 23:00:00,A,Y25-54,PC_ACT,M,HR,2021-01-01,6.6,,
ESTAT:UNE_RT_A(1.0),29/04/26 23:00:00,A,Y25-54,PC_ACT,M,HU,2021-01-01,3.3,,
ESTAT:UNE_RT_A(1.0),29/04/26 23:00:00,A,Y25-54,PC_ACT,M,IE,2021-01-01,5.3,b,
ESTAT:UNE_RT_A(1.0),29/04/26 23:00:00,A,Y25-54,PC_ACT,M,IS,2021-01-01,4.9,,
ESTAT:UNE_RT_A(1.0),29/04/26 23:00:00,A,Y25-54,PC_ACT,M,IT,2021-01-01,8.1,,
ESTAT:UNE_RT_A(1.0),29/04/26 23:00:00,A,Y25-54,PC_ACT,M,LT,2021-01-01,7.0,,
ESTAT:UNE_RT_A(1.0),29/04/26 23:00:00,A,Y25-54,PC_ACT,M,LU,2021-01-01,3.7,,
ESTAT:UNE_RT_A(1.0),29/04/26 23:00:00,A,Y25-54,PC_ACT,M,LV,2021-01-01,8.8,,
ESTAT:UNE_RT_A(1.0),29/04/26 23:00:00,A,Y25-54,PC_ACT,M,MK,2021-01-01,15.7,b,
ESTAT:UNE_RT_A(1.0),29/04/26 23:00:00,A,Y25-54,PC_ACT,M,MT,2021-01-01,3.0,,
ESTAT:UNE_RT_A(1.0),29/04/26 23:00:00,A,Y25-54,PC_ACT,M,NL,2021-01-01,2.7,,
ESTAT:UNE_RT_A(1.0),29/04/26 23:00:00,A,Y25-54,PC_ACT,M,NO,2021-01-01,3.8,,
ESTAT:UNE_RT_A(1.0),29/04/26 23:00:00,A,Y25-54,PC_ACT,M,PL,2021-01-01,2.9,,
ESTAT:UNE_RT_A(1.0),29/04/26 23:00:00,A,Y25-54,PC_ACT,M,PT,2021-01-01,5.3,,
ESTAT:UNE_RT_A(1.0),29/04/26 23:00:00,A,Y25-54,PC_ACT,M,RO,2021-01-01,5.0,,
ESTAT:UNE_RT_A(1.0),29/04/26 23:00:00,A,Y25-54,PC_ACT,M,RS,2021-01-01,9.9,,
ESTAT:UNE_RT_A(1.0),29/04/26 23:00:00,A,Y25-54,PC_ACT,M,SE,2021-01-01,6.5,,
ESTAT:UNE_RT_A(1.0),29/04/26 23:00:00,A,Y25-54,PC_ACT,M,SI,2021-01-01,3.7,,
ESTAT:UNE_RT_A(1.0),29/04/26 23:00:00,A,Y25-54,PC_ACT,M,SK,2021-01-01,6.1,,
ESTAT:UNE_RT_A(1.0),29/04/26 23:00:00,A,Y25-54,PC_ACT,M,TR,2021-01-01,9.5,b,
ESTAT:UNE_RT_A(1.0),29/04/26 23:00:00,A,Y25-54,PC_ACT,T,AT,2021-01-01,5.8,,
ESTAT:UNE_RT_A(1.0),29/04/26 23:00:00,A,Y25-54,PC_ACT,T,BA,2021-01-01,16.1,,
ESTAT:UNE_RT_A(1.0),29/04/26 23:00:00,A,Y25-54,PC_ACT,T,BE,2021-01-01,5.5,,
ESTAT:UNE_RT_A(1.0),29/04/26 23:00:00,A,Y25-54,PC_ACT,T,BG,2021-01-01,5.0,,
ESTAT:UNE_RT_A(1.0),29/04/26 23:00:00,A,Y25-54,PC_ACT,T,CH,2021-01-01,4.7,,
ESTAT:UNE_RT_A(1.0),29/04/26 23:00:00,A,Y25-54,PC_ACT,T,CY,2021-01-01,6.8,,
ESTAT:UNE_RT_A(1.0),29/04/26 23:00:00,A,Y25-54,PC_ACT,T,CZ,2021-01-01,2.6,,
ESTAT:UNE_RT_A(1.0),29/04/26 23:00:00,A,Y25-54,PC_ACT,T,DE,2021-01-01,3.4,,
ESTAT:UNE_RT_A(1.0),29/04/26 23:00:00,A,Y25-54,PC_ACT,T,DK,2021-01-01,4.2,,
ESTAT:UNE_RT_A(1.0),29/04/26 23:00:00,A,Y25-54,PC_ACT,T,EA20,2021-01-01,7.2,,
ESTAT:UNE_RT_A(1.0),29/04/26 23:00:00,A,Y25-54,PC_ACT,T,EA21,2021-01-01,7.2,,
ESTAT:UNE_RT_A(1.0),29/04/26 23:00:00,A,Y25-54,PC_ACT,T,EE,2021-01-01,5.4,,
ESTAT:UNE_RT_A(1.0),29/04/26 23:00:00,A,Y25-54,PC_ACT,T,EL,2021-01-01,14.4,,
ESTAT:UNE_RT_A(1.0),29/04/26 23:00:00,A,Y25-54,PC_ACT,T,ES,2021-01-01,13.7,d,
ESTAT:UNE_RT_A(1.0),29/04/26 23:00:00,A,Y25-54,PC_ACT,T,EU27_2020,2021-01-01,6.5,,
ESTAT:UNE_RT_A(1.0),29/04/26 23:00:00,A,Y25-54,PC_ACT,T,FI,2021-01-01,6.4,,
ESTAT:UNE_RT_A(1.0),29/04/26 23:00:00,A,Y25-54,PC_ACT,T,FR,2021-01-01,6.8,d,
ESTAT:UNE_RT_A(1.0),29/04/26 23:00:00,A,Y25-54,PC_ACT,T,HR,2021-01-01,6.8,,
ESTAT:UNE_RT_A(1.0),29/04/26 23:00:00,A,Y25-54,PC_ACT,T,HU,2021-01-01,3.5,,
ESTAT:UNE_RT_A(1.0),29/04/26 23:00:00,A,Y25-54,PC_ACT,T,IE,2021-01-01,5.0,b,
ESTAT:UNE_RT_A(1.0),29/04/26 23:00:00,A,Y25-54,PC_ACT,T,IS,2021-01-01,5.5,,
ESTAT:UNE_RT_A(1.0),29/04/26 23:00:00,A,Y25-54,PC_ACT,T,IT,2021-01-01,9.2,,
ESTAT:UNE_RT_A(1.0),29/04/26 23:00:00,A,Y25-54,PC_ACT,T,LT,2021-01-01,6.5,,
ESTAT:UNE_RT_A(1.0),29/04/26 23:00:00,A,Y25-54,PC_ACT,T,LU,2021-01-01,4.3,,
ESTAT:UNE_RT_A(1.0),29/04/26 23:00:00,A,Y25-54,PC_ACT,T,LV,2021-01-01,7.8,,
ESTAT:UNE_RT_A(1.0),29/04/26 23:00:00,A,Y25-54,PC_ACT,T,MK,2021-01-01,14.2,b,
ESTAT:UNE_RT_A(1.0),29/04/26 23:00:00,A,Y25-54,PC_ACT,T,MT,2021-01-01,3.0,,
ESTAT:UNE_RT_A(1.0),29/04/26 23:00:00,A,Y25-54,PC_ACT,T,NL,2021-01-01,3.1,,
ESTAT:UNE_RT_A(1.0),29/04/26 23:00:00,A,Y25-54,PC_ACT,T,NO,2021-01-01,3.6,,
ESTAT:UNE_RT_A(1.0),29/04/26 23:00:00,A,Y25-54,PC_ACT,T,PL,2021-01-01,2.9,,
ESTAT:UNE_RT_A(1.0),29/04/26 23:00:00,A,Y25-54,PC_ACT,T,PT,2021-01-01,5.7,,
ESTAT:UNE_RT_A(1.0),29/04/26 23:00:00,A,Y25-54,PC_ACT,T,RO,2021-01-01,4.6,,
ESTAT:UNE_RT_A(1.0),29/04/26 23:00:00,A,Y25-54,PC_ACT,T,RS,2021-01-01,11.0,,
ESTAT:UNE_RT_A(1.0),29/04/26 23:00:00,A,Y25-54,PC_ACT,T,SE,2021-01-01,7.1,,
ESTAT:UNE_RT_A(1.0),29/04/26 23:00:00,A,Y25-54,PC_ACT,T,SI,2021-01-01,4.2,,
ESTAT:UNE_RT_A(1.0),29/04/26 23:00:00,A,Y25-54,PC_ACT,T,SK,2021-01-01,6.3,,
ESTAT:UNE_RT_A(1.0),29/04/26 23:00:00,A,Y25-54,PC_ACT,T,TR,2021-01-01,10.7,b,
ESTAT:UNE_RT_A(1.0),29/04/26 23:00:00,A,Y55-74,PC_ACT,F,AT,2021-01-01,4.4,,
ESTAT:UNE_RT_A(1.0),29/04/26 23:00:00,A,Y55-74,PC_ACT,F,BA,2021-01-01,12.7,,
ESTAT:UNE_RT_A(1.0),29/04/26 23:00:00,A,Y55-74,PC_ACT,F,BE,2021-01-01,4.2,,
ESTAT:UNE_RT_A(1.0),29/04/26 23:00:00,A,Y55-74,PC_ACT,F,BG,2021-01-01,3.9,,
ESTAT:UNE_RT_A(1.0),29/04/26 23:00:00,A,Y55-74,PC_ACT,F,CH,2021-01-01,3.9,,
ESTAT:UNE_RT_A(1.0),29/04/26 23:00:00,A,Y55-74,PC_ACT,F,CY,2021-01-01,6.0,,
ESTAT:UNE_RT_A(1.0),29/04/26 23:00:00,A,Y55-74,PC_ACT,F,CZ,2021-01-01,2.6,,
ESTAT:UNE_RT_A(1.0),29/04/26 23:00:00,A,Y55-74,PC_ACT,F,DE,2021-01-01,2.6,,
ESTAT:UNE_RT_A(1.0),29/04/26 23:00:00,A,Y55-74,PC_ACT,F,DK,2021-01-01,3.7,,
ESTAT:UNE_RT_A(1.0),29/04/26 23:00:00,A,Y55-74,PC_ACT,F,EA20,2021-01-01,5.8,,
ESTAT:UNE_RT_A(1.0),29/04/26 23:00:00,A,Y55-74,PC_ACT,F,EA21,2021-01-01,5.8,,
ESTAT:UNE_RT_A(1.0),29/04/26 23:00:00,A,Y55-74,PC_ACT,F,EE,2021-01-01,4.5,,
ESTAT:UNE_RT_A(1.0),29/04/26 23:00:00,A,Y55-74,PC_ACT,F,EL,2021-01-01,13.7,,
ESTAT:UNE_RT_A(1.0),29/04/26 23:00:00,A,Y55-74,PC_ACT,F,ES,2021-01-01,14.8,d,
ESTAT:UNE_RT_A(1.0),29/04/26 23:00:00,A,Y55-74,PC_ACT,F,EU27_2020,2021-01-01,5.3,,
ESTAT:UNE_RT_A(1.0),29/04/26 23:00:00,A,Y55-74,PC_ACT,F,FI,2021-01-01,6.5,,
ESTAT:UNE_RT_A(1.0),29/04/26 23:00:00,A,Y55-74,PC_ACT,F,FR,2021-01-01,6.0,d,
ESTAT:UNE_RT_A(1.0),29/04/26 23:00:00,A,Y55-74,PC_ACT,F,HR,2021-01-01,4.7,u,
ESTAT:UNE_RT_A(1.0),29/04/26 23:00:00,A,Y55-74,PC_ACT,F,HU,2021-01-01,2.7,,
ESTAT:UNE_RT_A(1.0),29/04/26 23:00:00,A,Y55-74,PC_ACT,F,IE,2021-01-01,5.1,b,
ESTAT:UNE_RT_A(1.0),29/04/26 23:00:00,A,Y55-74,PC_ACT,F,IS,2021-01-01,3.2,,
ESTAT:UNE_RT_A(1.0),29/04/26 23:00:00,A,Y55-74,PC_ACT,F,IT,2021-01-01,5.1,,
ESTAT:UNE_RT_A(1.0),29/04/26 23:00:00,A,Y55-74,PC_ACT,F,LT,2021-01-01,6.6,,
ESTAT:UNE_RT_A(1.0),29/04/26 23:00:00,A,Y55-74,PC_ACT,F,LU,2021-01-01,3.2,u,
ESTAT:UNE_RT_A(1.0),29/04/26 23:00:00,A,Y55-74,PC_ACT,F,LV,2021-01-01,5.0,,
ESTAT:UNE_RT_A(1.0),29/04/26 23:00:00,A,Y55-74,PC_ACT,F,MK,2021-01-01,10.1,b,
ESTAT:UNE_RT_A(1.0),29/04/26 23:00:00,A,Y55-74,PC_ACT,F,NL,2021-01-01,3.4,,
ESTAT:UNE_RT_A(1.0),29/04/26 23:00:00,A,Y55-74,PC_ACT,F,NO,2021-01-01,,u,
ESTAT:UNE_RT_A(1.0),29/04/26 23:00:00,A,Y55-74,PC_ACT,F,PL,2021-01-01,1.9,,
ESTAT:UNE_RT_A(1.0),29/04/26 23:00:00,A,Y55-74,PC_ACT,F,PT,2021-01-01,4.7,,
ESTAT:UNE_RT_A(1.0),29/04/26 23:00:00,A,Y55-74,PC_ACT,F,RO,2021-01-01,3.3,,
ESTAT:UNE_RT_A(1.0),29/04/26 23:00:00,A,Y55-74,PC_ACT,F,RS,2021-01-01,6.4,,
ESTAT:UNE_RT_A(1.0),29/04/26 23:00:00,A,Y55-74,PC_ACT,F,SE,2021-01-01,5.8,,
ESTAT:UNE_RT_A(1.0),29/04/26 23:00:00,A,Y55-74,PC_ACT,F,SI,2021-01-01,4.0,u,
ESTAT:UNE_RT_A(1.0),29/04/26 23:00:00,A,Y55-74,PC_ACT,F,SK,2021-01-01,5.3,,
ESTAT:UNE_RT_A(1.0),29/04/26 23:00:00,A,Y55-74,PC_ACT,F,TR,2021-01-01,4.0,b,
ESTAT:UNE_RT_A(1.0),29/04/26 23:00:00,A,Y55-74,PC_ACT,M,AT,2021-01-01,5.2,,
ESTAT:UNE_RT_A(1.0),29/04/26 23:00:00,A,Y55-74,PC_ACT,M,BA,2021-01-01,10.5,,
ESTAT:UNE_RT_A(1.0),29/04/26 23:00:00,A,Y55-74,PC_ACT,M,BE,2021-01-01,4.8,,
ESTAT:UNE_RT_A(1.0),29/04/26 23:00:00,A,Y55-74,PC_ACT,M,BG,2021-01-01,4.6,,
ESTAT:UNE_RT_A(1.0),29/04/26 23:00:00,A,Y55-74,PC_ACT,M,CH,2021-01-01,4.4,,
ESTAT:UNE_RT_A(1.0),29/04/26 23:00:00,A,Y55-74,PC_ACT,M,CY,2021-01-01,4.5,,
ESTAT:UNE_RT_A(1.0),29/04/26 23:00:00,A,Y55-74,PC_ACT,M,CZ,2021-01-01,1.8,,
ESTAT:UNE_RT_A(1.0),29/04/26 23:00:00,A,Y55-74,PC_ACT,M,DE,2021-01-01,3.1,,
ESTAT:UNE_RT_A(1.0),29/04/26 23:00:00,A,Y55-74,PC_ACT,M,DK,2021-01-01,4.2,,
ESTAT:UNE_RT_A(1.0),29/04/26 23:00:00,A,Y55-74,PC_ACT,M,EA20,2021-01-01,5.5,,
ESTAT:UNE_RT_A(1.0),29/04/26 23:00:00,A,Y55-74,PC_ACT,M,EA21,2021-01-01,5.5,,
ESTAT:UNE_RT_A(1.0),29/04/26 23:00:00,A,Y55-74,PC_ACT,M,EE,2021-01-01,6.5,,
ESTAT:UNE_RT_A(1.0),29/04/26 23:00:00,A,Y55-74,PC_ACT,M,EL,2021-01-01,8.7,,
ESTAT:UNE_RT_A(1.0),29/04/26 23:00:00,A,Y55-74,PC_ACT,M,ES,2021-01-01,11.3,d,
ESTAT:UNE_RT_A(1.0),29/04/26 23:00:00,A,Y55-74,PC_ACT,M,EU27_2020,2021-01-01,5.1,,
ESTAT:UNE_RT_A(1.0),29/04/26 23:00:00,A,Y55-74,PC_ACT,M,FI,2021-01-01,7.0,,
ESTAT:UNE_RT_A(1.0),29/04/26 23:00:00,A,Y55-74,PC_ACT,M,FR,2021-01-01,6.3,d,
ESTAT:UNE_RT_A(1.0),29/04/26 23:00:00,A,Y55-74,PC_ACT,M,HR,2021-01-01,3.9,u,
ESTAT:UNE_RT_A(1.0),29/04/26 23:00:00,A,Y55-74,PC_ACT,M,HU,2021-01-01,3.1,,
ESTAT:UNE_RT_A(1.0),29/04/26 23:00:00,A,Y55-74,PC_ACT,M,IE,2021-01-01,4.9,b,
ESTAT:UNE_RT_A(1.0),29/04/26 23:00:00,A,Y55-74,PC_ACT,M,IS,2021-01-01,3.9,,
ESTAT:UNE_RT_A(1.0),29/04/26 23:00:00,A,Y55-74,PC_ACT,M,IT,2021-01-01,5.3,,
ESTAT:UNE_RT_A(1.0),29/04/26 23:00:00,A,Y55-74,PC_ACT,M,LT,2021-01-01,7.4,,
ESTAT:UNE_RT_A(1.0),29/04/26 23:00:00,A,Y55-74,PC_ACT,M,LU,2021-01-01,5.1,,
ESTAT:UNE_RT_A(1.0),29/04/26 23:00:00,A,Y55-74,PC_ACT,M,LV,2021-01-01,5.5,,
ESTAT:UNE_RT_A(1.0),29/04/26 23:00:00,A,Y55-74,PC_ACT,M,MK,2021-01-01,13.3,b,
ESTAT:UNE_RT_A(1.0),29/04/26 23:00:00,A,Y55-74,PC_ACT,M,MT,2021-01-01,2.7,u,
ESTAT:UNE_RT_A(1.0),29/04/26 23:00:00,A,Y55-74,PC_ACT,M,NL,2021-01-01,3.3,,
ESTAT:UNE_RT_A(1.0),29/04/26 23:00:00,A,Y55-74,PC_ACT,M,NO,2021-01-01,1.9,u,
ESTAT:UNE_RT_A(1.0),29/04/26 23:00:00,A,Y55-74,PC_ACT,M,PL,2021-01-01,2.4,,
ESTAT:UNE_RT_A(1.0),29/04/26 23:00:00,A,Y55-74,PC_ACT,M,PT,2021-01-01,5.5,,
ESTAT:UNE_RT_A(1.0),29/04/26 23:00:00,A,Y55-74,PC_ACT,M,RO,2021-01-01,4.1,,
ESTAT:UNE_RT_A(1.0),29/04/26 23:00:00,A,Y55-74,PC_ACT,M,RS,2021-01-01,6.4,,
ESTAT:UNE_RT_A(1.0),29/04/26 23:00:00,A,Y55-74,PC_ACT,M,SE,2021-01-01,6.9,,
ESTAT:UNE_RT_A(1.0),29/04/26 23:00:00,A,Y55-74,PC_ACT,M,SI,2021-01-01,3.8,u,
ESTAT:UNE_RT_A(1.0),29/04/26 23:00:00,A,Y55-74,PC_ACT,M,SK,2021-01-01,4.8,,
ESTAT:UNE_RT_A(1.0),29/04/26 23:00:00,A,Y55-74,PC_ACT,M,TR,2021-01-01,7.3,b,
ESTAT:UNE_RT_A(1.0),29/04/26 23:00:00,A,Y55-74,PC_ACT,T,AT,2021-01-01,4.8,,
ESTAT:UNE_RT_A(1.0),29/04/26 23:00:00,A,Y55-74,PC_ACT,T,BA,2021-01-01,11.3,,
ESTAT:UNE_RT_A(1.0),29/04/26 23:00:00,A,Y55-74,PC_ACT,T,BE,2021-01-01,4.5,,
ESTAT:UNE_RT_A(1.0),29/04/26 23:00:00,A,Y55-74,PC_ACT,T,BG,2021-01-01,4.3,,
ESTAT:UNE_RT_A(1.0),29/04/26 23:00:00,A,Y55-74,PC_ACT,T,CH,2021-01-01,4.2,,
ESTAT:UNE_RT_A(1.0),29/04/26 23:00:00,A,Y55-74,PC_ACT,T,CY,2021-01-01,5.1,,
ESTAT:UNE_RT_A(1.0),29/04/26 23:00:00,A,Y55-74,PC_ACT,T,CZ,2021-01-01,2.1,,
ESTAT:UNE_RT_A(1.0),29/04/26 23:00:00,A,Y55-74,PC_ACT,T,DE,2021-01-01,2.9,,
ESTAT:UNE_RT_A(1.0),29/04/26 23:00:00,A,Y55-74,PC_ACT,T,DK,2021-01-01,3.9,,
ESTAT:UNE_RT_A(1.0),29/04/26 23:00:00,A,Y55-74,PC_ACT,T,EA20,2021-01-01,5.7,,
ESTAT:UNE_RT_A(1.0),29/04/26 23:00:00,A,Y55-74,PC_ACT,T,EA21,2021-01-01,5.6,,
ESTAT:UNE_RT_A(1.0),29/04/26 23:00:00,A,Y55-74,PC_ACT,T,EE,2021-01-01,5.4,,
ESTAT:UNE_RT_A(1.0),29/04/26 23:00:00,A,Y55-74,PC_ACT,T,EL,2021-01-01,10.8,,
ESTAT:UNE_RT_A(1.0),29/04/26 23:00:00,A,Y55-74,PC_ACT,T,ES,2021-01-01,12.9,d,
ESTAT:UNE_RT_A(1.0),29/04/26 23:00:00,A,Y55-74,PC_ACT,T,EU27_2020,2021-01-01,5.2,,
ESTAT:UNE_RT_A(1.0),29/04/26 23:00:00,A,Y55-74,PC_ACT,T,FI,2021-01-01,6.8,,
ESTAT:UNE_RT_A(1.0),29/04/26 23:00:00,A,Y55-74,PC_ACT,T,FR,2021-01-01,6.1,d,
ESTAT:UNE_RT_A(1.0),29/04/26 23:00:00,A,Y55-74,PC_ACT,T,HR,2021-01-01,4.3,,
ESTAT:UNE_RT_A(1.0),29/04/26 23:00:00,A,Y55-74,PC_ACT,T,HU,2021-01-01,2.9,,
ESTAT:UNE_RT_A(1.0),29/04/26 23:00:00,A,Y55-74,PC_ACT,T,IE,2021-01-01,5.0,b,
ESTAT:UNE_RT_A(1.0),29/04/26 23:00:00,A,Y55-74,PC_ACT,T,IS,2021-01-01,3.6,,
ESTAT:UNE_RT_A(1.0),29/04/26 23:00:00,A,Y55-74,PC_ACT,T,IT,2021-01-01,5.2,,
ESTAT:UNE_RT_A(1.0),29/04/26 23:00:00,A,Y55-74,PC_ACT,T,LT,2021-01-01,7.0,,
ESTAT:UNE_RT_A(1.0),29/04/26 23:00:00,A,Y55-74,PC_ACT,T,LU,2021-01-01,4.3,,
ESTAT:UNE_RT_A(1.0),29/04/26 23:00:00,A,Y55-74,PC_ACT,T,LV,2021-01-01,5.2,,
ESTAT:UNE_RT_A(1.0),29/04/26 23:00:00,A,Y55-74,PC_ACT,T,MK,2021-01-01,12.2,b,
ESTAT:UNE_RT_A(1.0),29/04/26 23:00:00,A,Y55-74,PC_ACT,T,MT,2021-01-01,3.4,,
ESTAT:UNE_RT_A(1.0),29/04/26 23:00:00,A,Y55-74,PC_ACT,T,NL,2021-01-01,3.4,,
ESTAT:UNE_RT_A(1.0),29/04/26 23:00:00,A,Y55-74,PC_ACT,T,NO,2021-01-01,1.7,,
ESTAT:UNE_RT_A(1.0),29/04/26 23:00:00,A,Y55-74,PC_ACT,T,PL,2021-01-01,2.2,,
ESTAT:UNE_RT_A(1.0),29/04/26 23:00:00,A,Y55-74,PC_ACT,T,PT,2021-01-01,5.1,,
ESTAT:UNE_RT_A(1.0),29/04/26 23:00:00,A,Y55-74,PC_ACT,T,RO,2021-01-01,3.8,,
ESTAT:UNE_RT_A(1.0),29/04/26 23:00:00,A,Y55-74,PC_ACT,T,RS,2021-01-01,6.4,,
ESTAT:UNE_RT_A(1.0),29/04/26 23:00:00,A,Y55-74,PC_ACT,T,SE,2021-01-01,6.4,,
ESTAT:UNE_RT_A(1.0),29/04/26 23:00:00,A,Y55-74,PC_ACT,T,SI,2021-01-01,3.9,,
ESTAT:UNE_RT_A(1.0),29/04/26 23:00:00,A,Y55-74,PC_ACT,T,SK,2021-01-01,5.0,,
ESTAT:UNE_RT_A(1.0),29/04/26 23:00:00,A,Y55-74,PC_ACT,T,TR,2021-01-01,6.4,b,
ESTAT:UNE_RT_A(1.0),29/04/26 23:00:00,A,Y15-24,PC_ACT,F,AT,2022-01-01,9.5,,
ESTAT:UNE_RT_A(1.0),29/04/26 23:00:00,A,Y15-24,PC_ACT,F,BA,2022-01-01,42.1,,
ESTAT:UNE_RT_A(1.0),29/04/26 23:00:00,A,Y15-24,PC_ACT,F,BE,2022-01-01,14.4,,
ESTAT:UNE_RT_A(1.0),29/04/26 23:00:00,A,Y15-24,PC_ACT,F,BG,2022-01-01,10.4,u,
ESTAT:UNE_RT_A(1.0),29/04/26 23:00:00,A,Y15-24,PC_ACT,F,CH,2022-01-01,6.8,,
ESTAT:UNE_RT_A(1.0),29/04/26 23:00:00,A,Y15-24,PC_ACT,F,CY,2022-01-01,18.0,,
ESTAT:UNE_RT_A(1.0),29/04/26 23:00:00,A,Y15-24,PC_ACT,F,CZ,2022-01-01,7.9,,
ESTAT:UNE_RT_A(1.0),29/04/26 23:00:00,A,Y15-24,PC_ACT,F,DE,2022-01-01,5.5,,
ESTAT:UNE_RT_A(1.0),29/04/26 23:00:00,A,Y15-24,PC_ACT,F,DK,2022-01-01,10.5,,
ESTAT:UNE_RT_A(1.0),29/04/26 23:00:00,A,Y15-24,PC_ACT,F,EA20,2022-01-01,14.4,,
ESTAT:UNE_RT_A(1.0),29/04/26 23:00:00,A,Y15-24,PC_ACT,F,EA21,2022-01-01,14.4,,
ESTAT:UNE_RT_A(1.0),29/04/26 23:00:00,A,Y15-24,PC_ACT,F,EE,2022-01-01,16.5,,
ESTAT:UNE_RT_A(1.0),29/04/26 23:00:00,A,Y15-24,PC_ACT,F,EL,2022-01-01,38.8,,
ESTAT:UNE_RT_A(1.0),29/04/26 23:00:00,A,Y15-24,PC_ACT,F,ES,2022-01-01,30.9,d,
ESTAT:UNE_RT_A(1.0),29/04/26 23:00:00,A,Y15-24,PC_ACT,F,EU27_2020,2022-01-01,14.5,,
ESTAT:UNE_RT_A(1.0),29/04/26 23:00:00,A,Y15-24,PC_ACT,F,FI,2022-01-01,14.0,,
ESTAT:UNE_RT_A(1.0),29/04/26 23:00:00,A,Y15-24,PC_ACT,F,FR,2022-01-01,16.0,d,
ESTAT:UNE_RT_A(1.0),29/04/26 23:00:00,A,Y15-24,PC_ACT,F,HR,2022-01-01,22.1,,
ESTAT:UNE_RT_A(1.0),29/04/26 23:00:00,A,Y15-24,PC_ACT,F,HU,2022-01-01,9.6,,
ESTAT:UNE_RT_A(1.0),29/04/26 23:00:00,A,Y15-24,PC_ACT,F,IE,2022-01-01,9.9,,
ESTAT:UNE_RT_A(1.0),29/04/26 23:00:00,A,Y15-24,PC_ACT,F,IS,2022-01-01,5.6,,
ESTAT:UNE_RT_A(1.0),29/04/26 23:00:00,A,Y15-24,PC_ACT,F,IT,2022-01-01,25.8,,
ESTAT:UNE_RT_A(1.0),29/04/26 23:00:00,A,Y15-24,PC_ACT,F,LT,2022-01-01,10.4,,
ESTAT:UNE_RT_A(1.0),29/04/26 23:00:00,A,Y15-24,PC_ACT,F,LU,2022-01-01,18.5,,
ESTAT:UNE_RT_A(1.0),29/04/26 23:00:00,A,Y15-24,PC_ACT,F,LV,2022-01-01,10.2,u,
ESTAT:UNE_RT_A(1.0),29/04/26 23:00:00,A,Y15-24,PC_ACT,F,MK,2022-01-01,38.2,,
ESTAT:UNE_RT_A(1.0),29/04/26 23:00:00,A,Y15-24,PC_ACT,F,MT,2022-01-01,6.0,u,
ESTAT:UNE_RT_A(1.0),29/04/26 23:00:00,A,Y15-24,PC_ACT,F,NL,2022-01-01,8.0,,
ESTAT:UNE_RT_A(1.0),29/04/26 23:00:00,A,Y15-24,PC_ACT,F,NO,2022-01-01,8.8,,
ESTAT:UNE_RT_A(1.0),29/04/26 23:00:00,A,Y15-24,PC_ACT,F,PL,2022-01-01,11.2,,
ESTAT:UNE_RT_A(1.0),29/04/26 23:00:00,A,Y15-24,PC_ACT,F,PT,2022-01-01,20.5,,
ESTAT:UNE_RT_A(1.0),29/04/26 23:00:00,A,Y15-24,PC_ACT,F,RO,2022-01-01,24.9,,
ESTAT:UNE_RT_A(1.0),29/04/26 23:00:00,A,Y15-24,PC_ACT,F,RS,2022-01-01,26.0,,
ESTAT:UNE_RT_A(1.0),29/04/26 23:00:00,A,Y15-24,PC_ACT,F,SE,2022-01-01,23.5,,
ESTAT:UNE_RT_A(1.0),29/04/26 23:00:00,A,Y15-24,PC_ACT,F,SI,2022-01-01,12.0,u,
ESTAT:UNE_RT_A(1.0),29/04/26 23:00:00,A,Y15-24,PC_ACT,F,SK,2022-01-01,21.7,,
ESTAT:UNE_RT_A(1.0),29/04/26 23:00:00,A,Y15-24,PC_ACT,F,TR,2022-01-01,25.4,,
ESTAT:UNE_RT_A(1.0),29/04/26 23:00:00,A,Y15-24,PC_ACT,M,AT,2022-01-01,9.5,,
ESTAT:UNE_RT_A(1.0),29/04/26 23:00:00,A,Y15-24,PC_ACT,M,BA,2022-01-01,31.2,,
ESTAT:UNE_RT_A(1.0),29/04/26 23:00:00,A,Y15-24,PC_ACT,M,BE,2022-01-01,18.1,,
ESTAT:UNE_RT_A(1.0),29/04/26 23:00:00,A,Y15-24,PC_ACT,M,BG,2022-01-01,10.8,,
ESTAT:UNE_RT_A(1.0),29/04/26 23:00:00,A,Y15-24,PC_ACT,M,CH,2022-01-01,6.9,,
ESTAT:UNE_RT_A(1.0),29/04/26 23:00:00,A,Y15-24,PC_ACT,M,CY,2022-01-01,18.3,,
ESTAT:UNE_RT_A(1.0),29/04/26 23:00:00,A,Y15-24,PC_ACT,M,CZ,2022-01-01,6.0,,
ESTAT:UNE_RT_A(1.0),29/04/26 23:00:00,A,Y15-24,PC_ACT,M,DE,2022-01-01,6.4,,
ESTAT:UNE_RT_A(1.0),29/04/26 23:00:00,A,Y15-24,PC_ACT,M,DK,2022-01-01,10.6,,
ESTAT:UNE_RT_A(1.0),29/04/26 23:00:00,A,Y15-24,PC_ACT,M,EA20,2022-01-01,14.8,,
ESTAT:UNE_RT_A(1.0),29/04/26 23:00:00,A,Y15-24,PC_ACT,M,EA21,2022-01-01,14.7,,
ESTAT:UNE_RT_A(1.0),29/04/26 23:00:00,A,Y15-24,PC_ACT,M,EE,2022-01-01,21.0,,
ESTAT:UNE_RT_A(1.0),29/04/26 23:00:00,A,Y15-24,PC_ACT,M,EL,2022-01-01,25.1,,
ESTAT:UNE_RT_A(1.0),29/04/26 23:00:00,A,Y15-24,PC_ACT,M,ES,2022-01-01,28.7,d,
ESTAT:UNE_RT_A(1.0),29/04/26 23:00:00,A,Y15-24,PC_ACT,M,EU27_2020,2022-01-01,14.6,,
ESTAT:UNE_RT_A(1.0),29/04/26 23:00:00,A,Y15-24,PC_ACT,M,FI,2022-01-01,14.4,,
ESTAT:UNE_RT_A(1.0),29/04/26 23:00:00,A,Y15-24,PC_ACT,M,FR,2022-01-01,18.5,d,
ESTAT:UNE_RT_A(1.0),29/04/26 23:00:00,A,Y15-24,PC_ACT,M,HR,2022-01-01,14.7,,
ESTAT:UNE_RT_A(1.0),29/04/26 23:00:00,A,Y15-24,PC_ACT,M,HU,2022-01-01,11.4,,
ESTAT:UNE_RT_A(1.0),29/04/26 23:00:00,A,Y15-24,PC_ACT,M,IE,2022-01-01,10.2,,
ESTAT:UNE_RT_A(1.0),29/04/26 23:00:00,A,Y15-24,PC_ACT,M,IS,2022-01-01,11.6,,
ESTAT:UNE_RT_A(1.0),29/04/26 23:00:00,A,Y15-24,PC_ACT,M,IT,2022-01-01,22.3,,
ESTAT:UNE_RT_A(1.0),29/04/26 23:00:00,A,Y15-24,PC_ACT,M,LT,2022-01-01,13.4,,
ESTAT:UNE_RT_A(1.0),29/04/26 23:00:00,A,Y15-24,PC_ACT,M,LU,2022-01-01,16.7,,
ESTAT:UNE_RT_A(1.0),29/04/26 23:00:00,A,Y15-24,PC_ACT,M,LV,2022-01-01,19.4,,
ESTAT:UNE_RT_A(1.0),29/04/26 23:00:00,A,Y15-24,PC_ACT,M,MK,2022-01-01,29.7,,
ESTAT:UNE_RT_A(1.0),29/04/26 23:00:00,A,Y15-24,PC_ACT,M,MT,2022-01-01,11.6,,
ESTAT:UNE_RT_A(1.0),29/04/26 23:00:00,A,Y15-24,PC_ACT,M,NL,2022-01-01,7.3,,
ESTAT:UNE_RT_A(1.0),29/04/26 23:00:00,A,Y15-24,PC_ACT,M,NO,2022-01-01,11.2,,
ESTAT:UNE_RT_A(1.0),29/04/26 23:00:00,A,Y15-24,PC_ACT,M,PL,2022-01-01,10.5,,
ESTAT:UNE_RT_A(1.0),29/04/26 23:00:00,A,Y15-24,PC_ACT,M,PT,2022-01-01,18.1,,
ESTAT:UNE_RT_A(1.0),29/04/26 23:00:00,A,Y15-24,PC_ACT,M,RO,2022-01-01,21.6,,
ESTAT:UNE_RT_A(1.0),29/04/26 23:00:00,A,Y15-24,PC_ACT,M,RS,2022-01-01,23.3,,
ESTAT:UNE_RT_A(1.0),29/04/26 23:00:00,A,Y15-24,PC_ACT,M,SE,2022-01-01,20.2,,
ESTAT:UNE_RT_A(1.0),29/04/26 23:00:00,A,Y15-24,PC_ACT,M,SI,2022-01-01,8.6,u,
ESTAT:UNE_RT_A(1.0),29/04/26 23:00:00,A,Y15-24,PC_ACT,M,SK,2022-01-01,18.8,,
ESTAT:UNE_RT_A(1.0),29/04/26 23:00:00,A,Y15-24,PC_ACT,M,TR,2022-01-01,16.3,,
ESTAT:UNE_RT_A(1.0),29/04/26 23:00:00,A,Y15-24,PC_ACT,T,AT,2022-01-01,9.5,,
ESTAT:UNE_RT_A(1.0),29/04/26 23:00:00,A,Y15-24,PC_ACT,T,BA,2022-01-01,35.1,,
ESTAT:UNE_RT_A(1.0),29/04/26 23:00:00,A,Y15-24,PC_ACT,T,BE,2022-01-01,16.4,,
ESTAT:UNE_RT_A(1.0),29/04/26 23:00:00,A,Y15-24,PC_ACT,T,BG,2022-01-01,10.6,,
ESTAT:UNE_RT_A(1.0),29/04/26 23:00:00,A,Y15-24,PC_ACT,T,CH,2022-01-01,6.8,,
ESTAT:UNE_RT_A(1.0),29/04/26 23:00:00,A,Y15-24,PC_ACT,T,CY,2022-01-01,18.1,,
ESTAT:UNE_RT_A(1.0),29/04/26 23:00:00,A,Y15-24,PC_ACT,T,CZ,2022-01-01,6.8,,
ESTAT:UNE_RT_A(1.0),29/04/26 23:00:00,A,Y15-24,PC_ACT,T,DE,2022-01-01,6.0,,
ESTAT:UNE_RT_A(1.0),29/04/26 23:00:00,A,Y15-24,PC_ACT,T,DK,2022-01-01,10.6,,
ESTAT:UNE_RT_A(1.0),29/04/26 23:00:00,A,Y15-24,PC_ACT,T,EA20,2022-01-01,14.6,,
ESTAT:UNE_RT_A(1.0),29/04/26 23:00:00,A,Y15-24,PC_ACT,T,EA21,2022-01-01,14.6,,
ESTAT:UNE_RT_A(1.0),29/04/26 23:00:00,A,Y15-24,PC_ACT,T,EE,2022-01-01,18.6,,
ESTAT:UNE_RT_A(1.0),29/04/26 23:00:00,A,Y15-24,PC_ACT,T,EL,2022-01-01,31.4,,
ESTAT:UNE_RT_A(1.0),29/04/26 23:00:00,A,Y15-24,PC_ACT,T,ES,2022-01-01,29.7,d,
ESTAT:UNE_RT_A(1.0),29/04/26 23:00:00,A,Y15-24,PC_ACT,T,EU27_2020,2022-01-01,14.6,,
ESTAT:UNE_RT_A(1.0),29/04/26 23:00:00,A,Y15-24,PC_ACT,T,FI,2022-01-01,14.2,,
ESTAT:UNE_RT_A(1.0),29/04/26 23:00:00,A,Y15-24,PC_ACT,T,FR,2022-01-01,17.3,d,
ESTAT:UNE_RT_A(1.0),29/04/26 23:00:00,A,Y15-24,PC_ACT,T,HR,2022-01-01,17.7,,
ESTAT:UNE_RT_A(1.0),29/04/26 23:00:00,A,Y15-24,PC_ACT,T,HU,2022-01-01,10.6,,
ESTAT:UNE_RT_A(1.0),29/04/26 23:00:00,A,Y15-24,PC_ACT,T,IE,2022-01-01,10.1,,
ESTAT:UNE_RT_A(1.0),29/04/26 23:00:00,A,Y15-24,PC_ACT,T,IS,2022-01-01,8.7,,
ESTAT:UNE_RT_A(1.0),29/04/26 23:00:00,A,Y15-24,PC_ACT,T,IT,2022-01-01,23.7,,
ESTAT:UNE_RT_A(1.0),29/04/26 23:00:00,A,Y15-24,PC_ACT,T,LT,2022-01-01,11.9,,
ESTAT:UNE_RT_A(1.0),29/04/26 23:00:00,A,Y15-24,PC_ACT,T,LU,2022-01-01,17.6,,
ESTAT:UNE_RT_A(1.0),29/04/26 23:00:00,A,Y15-24,PC_ACT,T,LV,2022-01-01,15.3,,
ESTAT:UNE_RT_A(1.0),29/04/26 23:00:00,A,Y15-24,PC_ACT,T,MK,2022-01-01,32.7,,
ESTAT:UNE_RT_A(1.0),29/04/26 23:00:00,A,Y15-24,PC_ACT,T,MT,2022-01-01,9.0,,
ESTAT:UNE_RT_A(1.0),29/04/26 23:00:00,A,Y15-24,PC_ACT,T,NL,2022-01-01,7.6,,
ESTAT:UNE_RT_A(1.0),29/04/26 23:00:00,A,Y15-24,PC_ACT,T,NO,2022-01-01,10.0,,
ESTAT:UNE_RT_A(1.0),29/04/26 23:00:00,A,Y15-24,PC_ACT,T,PL,2022-01-01,10.8,,
ESTAT:UNE_RT_A(1.0),29/04/26 23:00:00,A,Y15-24,PC_ACT,T,PT,2022-01-01,19.2,,
ESTAT:UNE_RT_A(1.0),29/04/26 23:00:00,A,Y15-24,PC_ACT,T,RO,2022-01-01,22.8,,
ESTAT:UNE_RT_A(1.0),29/04/26 23:00:00,A,Y15-24,PC_ACT,T,RS,2022-01-01,24.3,,
ESTAT:UNE_RT_A(1.0),29/04/26 23:00:00,A,Y15-24,PC_ACT,T,SE,2022-01-01,21.7,,
ESTAT:UNE_RT_A(1.0),29/04/26 23:00:00,A,Y15-24,PC_ACT,T,SI,2022-01-01,10.1,,
ESTAT:UNE_RT_A(1.0),29/04/26 23:00:00,A,Y15-24,PC_ACT,T,SK,2022-01-01,19.9,,
ESTAT:UNE_RT_A(1.0),29/04/26 23:00:00,A,Y15-24,PC_ACT,T,TR,2022-01-01,19.5,,
ESTAT:UNE_RT_A(1.0),29/04/26 23:00:00,A,Y15-74,PC_ACT,F,AT,2022-01-01,4.5,,
ESTAT:UNE_RT_A(1.0),29/04/26 23:00:00,A,Y15-74,PC_ACT,F,BA,2022-01-01,19.8,,
ESTAT:UNE_RT_A(1.0),29/04/26 23:00:00,A,Y15-74,PC_ACT,F,BE,2022-01-01,5.3,,
ESTAT:UNE_RT_A(1.0),29/04/26 23:00:00,A,Y15-74,PC_ACT,F,BG,2022-01-01,3.9,,
ESTAT:UNE_RT_A(1.0),29/04/26 23:00:00,A,Y15-74,PC_ACT,F,CH,2022-01-01,4.4,,
ESTAT:UNE_RT_A(1.0),29/04/26 23:00:00,A,Y15-74,PC_ACT,F,CY,2022-01-01,6.8,,
ESTAT:UNE_RT_A(1.0),29/04/26 23:00:00,A,Y15-74,PC_ACT,F,CZ,2022-01-01,2.8,,
ESTAT:UNE_RT_A(1.0),29/04/26 23:00:00,A,Y15-74,PC_ACT,F,DE,2022-01-01,2.9,,
ESTAT:UNE_RT_A(1.0),29/04/26 23:00:00,A,Y15-74,PC_ACT,F,DK,2022-01-01,4.5,,
ESTAT:UNE_RT_A(1.0),29/04/26 23:00:00,A,Y15-74,PC_ACT,F,EA20,2022-01-01,7.2,,
ESTAT:UNE_RT_A(1.0),29/04/26 23:00:00,A,Y15-74,PC_ACT,F,EA21,2022-01-01,7.2,,
ESTAT:UNE_RT_A(1.0),29/04/26 23:00:00,A,Y15-74,PC_ACT,F,EE,2022-01-01,5.1,,
ESTAT:UNE_RT_A(1.0),29/04/26 23:00:00,A,Y15-74,PC_ACT,F,EL,2022-01-01,16.4,,
ESTAT:UNE_RT_A(1.0),29/04/26 23:00:00,A,Y15-74,PC_ACT,F,ES,2022-01-01,14.9,d,
ESTAT:UNE_RT_A(1.0),29/04/26 23:00:00,A,Y15-74,PC_ACT,F,EU27_2020,2022-01-01,6.5,,
ESTAT:UNE_RT_A(1.0),29/04/26 23:00:00,A,Y15-74,PC_ACT,F,FI,2022-01-01,6.4,,
ESTAT:UNE_RT_A(1.0),29/04/26 23:00:00,A,Y15-74,PC_ACT,F,FR,2022-01-01,7.1,d,
ESTAT:UNE_RT_A(1.0),29/04/26 23:00:00,A,Y15-74,PC_ACT,F,HR,2022-01-01,7.9,,
ESTAT:UNE_RT_A(1.0),29/04/26 23:00:00,A,Y15-74,PC_ACT,F,HU,2022-01-01,3.5,,
ESTAT:UNE_RT_A(1.0),29/04/26 23:00:00,A,Y15-74,PC_ACT,F,IE,2022-01-01,4.6,,
ESTAT:UNE_RT_A(1.0),29/04/26 23:00:00,A,Y15-74,PC_ACT,F,IS,2022-01-01,3.4,,
ESTAT:UNE_RT_A(1.0),29/04/26 23:00:00,A,Y15-74,PC_ACT,F,IT,2022-01-01,9.4,,
ESTAT:UNE_RT_A(1.0),29/04/26 23:00:00,A,Y15-74,PC_ACT,F,LT,2022-01-01,5.5,,
ESTAT:UNE_RT_A(1.0),29/04/26 23:00:00,A,Y15-74,PC_ACT,F,LU,2022-01-01,4.7,,
ESTAT:UNE_RT_A(1.0),29/04/26 23:00:00,A,Y15-74,PC_ACT,F,LV,2022-01-01,5.6,,
ESTAT:UNE_RT_A(1.0),29/04/26 23:00:00,A,Y15-74,PC_ACT,F,MK,2022-01-01,12.5,,
ESTAT:UNE_RT_A(1.0),29/04/26 23:00:00,A,Y15-74,PC_ACT,F,MT,2022-01-01,3.1,,
ESTAT:UNE_RT_A(1.0),29/04/26 23:00:00,A,Y15-74,PC_ACT,F,NL,2022-01-01,3.8,,
ESTAT:UNE_RT_A(1.0),29/04/26 23:00:00,A,Y15-74,PC_ACT,F,NO,2022-01-01,3.1,,
ESTAT:UNE_RT_A(1.0),29/04/26 23:00:00,A,Y15-74,PC_ACT,F,PL,2022-01-01,2.9,,
ESTAT:UNE_RT_A(1.0),29/04/26 23:00:00,A,Y15-74,PC_ACT,F,PT,2022-01-01,6.6,,
ESTAT:UNE_RT_A(1.0),29/04/26 23:00:00,A,Y15-74,PC_ACT,F,RO,2022-01-01,5.1,,
ESTAT:UNE_RT_A(1.0),29/04/26 23:00:00,A,Y15-74,PC_ACT,F,RS,2022-01-01,10.1,,
ESTAT:UNE_RT_A(1.0),29/04/26 23:00:00,A,Y15-74,PC_ACT,F,SE,2022-01-01,7.9,,
ESTAT:UNE_RT_A(1.0),29/04/26 23:00:00,A,Y15-74,PC_ACT,F,SI,2022-01-01,4.3,,
ESTAT:UNE_RT_A(1.0),29/04/26 23:00:00,A,Y15-74,PC_ACT,F,SK,2022-01-01,6.4,,
ESTAT:UNE_RT_A(1.0),29/04/26 23:00:00,A,Y15-74,PC_ACT,F,TR,2022-01-01,13.5,,
ESTAT:UNE_RT_A(1.0),29/04/26 23:00:00,A,Y15-74,PC_ACT,M,AT,2022-01-01,4.9,,
ESTAT:UNE_RT_A(1.0),29/04/26 23:00:00,A,Y15-74,PC_ACT,M,BA,2022-01-01,12.6,,
ESTAT:UNE_RT_A(1.0),29/04/26 23:00:00,A,Y15-74,PC_ACT,M,BE,2022-01-01,5.8,,
ESTAT:UNE_RT_A(1.0),29/04/26 23:00:00,A,Y15-74,PC_ACT,M,BG,2022-01-01,4.3,,
ESTAT:UNE_RT_A(1.0),29/04/26 23:00:00,A,Y15-74,PC_ACT,M,CH,2022-01-01,3.9,,
ESTAT:UNE_RT_A(1.0),29/04/26 23:00:00,A,Y15-74,PC_ACT,M,CY,2022-01-01,5.8,,
ESTAT:UNE_RT_A(1.0),29/04/26 23:00:00,A,Y15-74,PC_ACT,M,CZ,2022-01-01,1.8,,
ESTAT:UNE_RT_A(1.0),29/04/26 23:00:00,A,Y15-74,PC_ACT,M,DE,2022-01-01,3.4,,
ESTAT:UNE_RT_A(1.0),29/04/26 23:00:00,A,Y15-74,PC_ACT,M,DK,2022-01-01,4.4,,
ESTAT:UNE_RT_A(1.0),29/04/26 23:00:00,A,Y15-74,PC_ACT,M,EA20,2022-01-01,6.4,,
ESTAT:UNE_RT_A(1.0),29/04/26 23:00:00,A,Y15-74,PC_ACT,M,EA21,2022-01-01,6.4,,
ESTAT:UNE_RT_A(1.0),29/04/26 23:00:00,A,Y15-74,PC_ACT,M,EE,2022-01-01,6.1,,
ESTAT:UNE_RT_A(1.0),29/04/26 23:00:00,A,Y15-74,PC_ACT,M,EL,2022-01-01,9.3,,
ESTAT:UNE_RT_A(1.0),29/04/26 23:00:00,A,Y15-74,PC_ACT,M,ES,2022-01-01,11.4,d,
ESTAT:UNE_RT_A(1.0),29/04/26 23:00:00,A,Y15-74,PC_ACT,M,EU27_2020,2022-01-01,5.9,,
ESTAT:UNE_RT_A(1.0),29/04/26 23:00:00,A,Y15-74,PC_ACT,M,FI,2022-01-01,7.1,,
ESTAT:UNE_RT_A(1.0),29/04/26 23:00:00,A,Y15-74,PC_ACT,M,FR,2022-01-01,7.5,d,
ESTAT:UNE_RT_A(1.0),29/04/26 23:00:00,A,Y15-74,PC_ACT,M,HR,2022-01-01,5.9,,
ESTAT:UNE_RT_A(1.0),29/04/26 23:00:00,A,Y15-74,PC_ACT,M,HU,2022-01-01,3.7,,
ESTAT:UNE_RT_A(1.0),29/04/26 23:00:00,A,Y15-74,PC_ACT,M,IE,2022-01-01,4.4,,
ESTAT:UNE_RT_A(1.0),29/04/26 23:00:00,A,Y15-74,PC_ACT,M,IS,2022-01-01,4.2,,
ESTAT:UNE_RT_A(1.0),29/04/26 23:00:00,A,Y15-74,PC_ACT,M,IT,2022-01-01,7.1,,
ESTAT:UNE_RT_A(1.0),29/04/26 23:00:00,A,Y15-74,PC_ACT,M,LT,2022-01-01,6.5,,
ESTAT:UNE_RT_A(1.0),29/04/26 23:00:00,A,Y15-74,PC_ACT,M,LU,2022-01-01,4.5,,
ESTAT:UNE_RT_A(1.0),29/04/26 23:00:00,A,Y15-74,PC_ACT,M,LV,2022-01-01,8.1,,
ESTAT:UNE_RT_A(1.0),29/04/26 23:00:00,A,Y15-74,PC_ACT,M,MK,2022-01-01,15.7,,
ESTAT:UNE_RT_A(1.0),29/04/26 23:00:00,A,Y15-74,PC_ACT,M,MT,2022-01-01,3.7,,
ESTAT:UNE_RT_A(1.0),29/04/26 23:00:00,A,Y15-74,PC_ACT,M,NL,2022-01-01,3.3,,
ESTAT:UNE_RT_A(1.0),29/04/26 23:00:00,A,Y15-74,PC_ACT,M,NO,2022-01-01,3.4,,
ESTAT:UNE_RT_A(1.0),29/04/26 23:00:00,A,Y15-74,PC_ACT,M,PL,2022-01-01,2.8,,
ESTAT:UNE_RT_A(1.0),29/04/26 23:00:00,A,Y15-74,PC_ACT,M,PT,2022-01-01,5.8,,
ESTAT:UNE_RT_A(1.0),29/04/26 23:00:00,A,Y15-74,PC_ACT,M,RO,2022-01-01,6.0,,
ESTAT:UNE_RT_A(1.0),29/04/26 23:00:00,A,Y15-74,PC_ACT,M,RS,2022-01-01,9.1,,
ESTAT:UNE_RT_A(1.0),29/04/26 23:00:00,A,Y15-74,PC_ACT,M,SE,2022-01-01,7.1,,
ESTAT:UNE_RT_A(1.0),29/04/26 23:00:00,A,Y15-74,PC_ACT,M,SI,2022-01-01,3.8,,
ESTAT:UNE_RT_A(1.0),29/04/26 23:00:00,A,Y15-74,PC_ACT,M,SK,2022-01-01,5.9,,
ESTAT:UNE_RT_A(1.0),29/04/26 23:00:00,A,Y15-74,PC_ACT,M,TR,2022-01-01,9.0,,
ESTAT:UNE_RT_A(1.0),29/04/26 23:00:00,A,Y15-74,PC_ACT,T,AT,2022-01-01,4.8,,
ESTAT:UNE_RT_A(1.0),29/04/26 23:00:00,A,Y15-74,PC_ACT,T,BA,2022-01-01,15.4,,
ESTAT:UNE_RT_A(1.0),29/04/26 23:00:00,A,Y15-74,PC_ACT,T,BE,2022-01-01,5.6,,
ESTAT:UNE_RT_A(1.0),29/04/26 23:00:00,A,Y15-74,PC_ACT,T,BG,2022-01-01,4.2,,
ESTAT:UNE_RT_A(1.0),29/04/26 23:00:00,A,Y15-74,PC_ACT,T,CH,2022-01-01,4.1,,
ESTAT:UNE_RT_A(1.0),29/04/26 23:00:00,A,Y15-74,PC_ACT,T,CY,2022-01-01,6.3,,
ESTAT:UNE_RT_A(1.0),29/04/26 23:00:00,A,Y15-74,PC_ACT,T,CZ,2022-01-01,2.2,,
ESTAT:UNE_RT_A(1.0),29/04/26 23:00:00,A,Y15-74,PC_ACT,T,DE,2022-01-01,3.1,,
ESTAT:UNE_RT_A(1.0),29/04/26 23:00:00,A,Y15-74,PC_ACT,T,DK,2022-01-01,4.5,,
ESTAT:UNE_RT_A(1.0),29/04/26 23:00:00,A,Y15-74,PC_ACT,T,EA20,2022-01-01,6.8,,
ESTAT:UNE_RT_A(1.0),29/04/26 23:00:00,A,Y15-74,PC_ACT,T,EA21,2022-01-01,6.7,,
ESTAT:UNE_RT_A(1.0),29/04/26 23:00:00,A,Y15-74,PC_ACT,T,EE,2022-01-01,5.6,,
ESTAT:UNE_RT_A(1.0),29/04/26 23:00:00,A,Y15-74,PC_ACT,T,EL,2022-01-01,12.5,,
ESTAT:UNE_RT_A(1.0),29/04/26 23:00:00,A,Y15-74,PC_ACT,T,ES,2022-01-01,13.0,d,
ESTAT:UNE_RT_A(1.0),29/04/26 23:00:00,A,Y15-74,PC_ACT,T,EU27_2020,2022-01-01,6.2,,
ESTAT:UNE_RT_A(1.0),29/04/26 23:00:00,A,Y15-74,PC_ACT,T,FI,2022-01-01,6.8,,
ESTAT:UNE_RT_A(1.0),29/04/26 23:00:00,A,Y15-74,PC_ACT,T,FR,2022-01-01,7.3,d,
ESTAT:UNE_RT_A(1.0),29/04/26 23:00:00,A,Y15-74,PC_ACT,T,HR,2022-01-01,6.8,,
ESTAT:UNE_RT_A(1.0),29/04/26 23:00:00,A,Y15-74,PC_ACT,T,HU,2022-01-01,3.6,,
ESTAT:UNE_RT_A(1.0),29/04/26 23:00:00,A,Y15-74,PC_ACT,T,IE,2022-01-01,4.5,,
ESTAT:UNE_RT_A(1.0),29/04/26 23:00:00,A,Y15-74,PC_ACT,T,IS,2022-01-01,3.8,,
ESTAT:UNE_RT_A(1.0),29/04/26 23:00:00,A,Y15-74,PC_ACT,T,IT,2022-01-01,8.1,,
ESTAT:UNE_RT_A(1.0),29/04/26 23:00:00,A,Y15-74,PC_ACT,T,LT,2022-01-01,6.0,,
ESTAT:UNE_RT_A(1.0),29/04/26 23:00:00,A,Y15-74,PC_ACT,T,LU,2022-01-01,4.6,,
ESTAT:UNE_RT_A(1.0),29/04/26 23:00:00,A,Y15-74,PC_ACT,T,LV,2022-01-01,6.9,,
ESTAT:UNE_RT_A(1.0),29/04/26 23:00:00,A,Y15-74,PC_ACT,T,MK,2022-01-01,14.4,,
ESTAT:UNE_RT_A(1.0),29/04/26 23:00:00,A,Y15-74,PC_ACT,T,MT,2022-01-01,3.5,,
ESTAT:UNE_RT_A(1.0),29/04/26 23:00:00,A,Y15-74,PC_ACT,T,NL,2022-01-01,3.5,,
ESTAT:UNE_RT_A(1.0),29/04/26 23:00:00,A,Y15-74,PC_ACT,T,NO,2022-01-01,3.2,,
ESTAT:UNE_RT_A(1.0),29/04/26 23:00:00,A,Y15-74,PC_ACT,T,PL,2022-01-01,2.9,,
ESTAT:UNE_RT_A(1.0),29/04/26 23:00:00,A,Y15-74,PC_ACT,T,PT,2022-01-01,6.2,,
ESTAT:UNE_RT_A(1.0),29/04/26 23:00:00,A,Y15-74,PC_ACT,T,RO,2022-01-01,5.6,,
ESTAT:UNE_RT_A(1.0),29/04/26 23:00:00,A,Y15-74,PC_ACT,T,RS,2022-01-01,9.6,,
ESTAT:UNE_RT_A(1.0),29/04/26 23:00:00,A,Y15-74,PC_ACT,T,SE,2022-01-01,7.5,,
ESTAT:UNE_RT_A(1.0),29/04/26 23:00:00,A,Y15-74,PC_ACT,T,SI,2022-01-01,4.0,,
ESTAT:UNE_RT_A(1.0),29/04/26 23:00:00,A,Y15-74,PC_ACT,T,SK,2022-01-01,6.1,,
ESTAT:UNE_RT_A(1.0),29/04/26 23:00:00,A,Y15-74,PC_ACT,T,TR,2022-01-01,10.5,,
ESTAT:UNE_RT_A(1.0),29/04/26 23:00:00,A,Y25-54,PC_ACT,F,AT,2022-01-01,4.2,,
ESTAT:UNE_RT_A(1.0),29/04/26 23:00:00,A,Y25-54,PC_ACT,F,BA,2022-01-01,19.1,,
ESTAT:UNE_RT_A(1.0),29/04/26 23:00:00,A,Y25-54,PC_ACT,F,BE,2022-01-01,4.7,,
ESTAT:UNE_RT_A(1.0),29/04/26 23:00:00,A,Y25-54,PC_ACT,F,BG,2022-01-01,4.0,,
ESTAT:UNE_RT_A(1.0),29/04/26 23:00:00,A,Y25-54,PC_ACT,F,CH,2022-01-01,4.4,,
ESTAT:UNE_RT_A(1.0),29/04/26 23:00:00,A,Y25-54,PC_ACT,F,CY,2022-01-01,6.4,,
ESTAT:UNE_RT_A(1.0),29/04/26 23:00:00,A,Y25-54,PC_ACT,F,CZ,2022-01-01,2.6,,
ESTAT:UNE_RT_A(1.0),29/04/26 23:00:00,A,Y25-54,PC_ACT,F,DE,2022-01-01,2.7,,
ESTAT:UNE_RT_A(1.0),29/04/26 23:00:00,A,Y25-54,PC_ACT,F,DK,2022-01-01,3.7,,
ESTAT:UNE_RT_A(1.0),29/04/26 23:00:00,A,Y25-54,PC_ACT,F,EA20,2022-01-01,6.9,,
ESTAT:UNE_RT_A(1.0),29/04/26 23:00:00,A,Y25-54,PC_ACT,F,EA21,2022-01-01,6.9,,
ESTAT:UNE_RT_A(1.0),29/04/26 23:00:00,A,Y25-54,PC_ACT,F,EE,2022-01-01,4.3,,
ESTAT:UNE_RT_A(1.0),29/04/26 23:00:00,A,Y25-54,PC_ACT,F,EL,2022-01-01,16.1,,
ESTAT:UNE_RT_A(1.0),29/04/26 23:00:00,A,Y25-54,PC_ACT,F,ES,2022-01-01,13.9,d,
ESTAT:UNE_RT_A(1.0),29/04/26 23:00:00,A,Y25-54,PC_ACT,F,EU27_2020,2022-01-01,6.1,,
ESTAT:UNE_RT_A(1.0),29/04/26 23:00:00,A,Y25-54,PC_ACT,F,FI,2022-01-01,5.4,,
ESTAT:UNE_RT_A(1.0),29/04/26 23:00:00,A,Y25-54,PC_ACT,F,FR,2022-01-01,6.3,d,
ESTAT:UNE_RT_A(1.0),29/04/26 23:00:00,A,Y25-54,PC_ACT,F,HR,2022-01-01,7.3,,
ESTAT:UNE_RT_A(1.0),29/04/26 23:00:00,A,Y25-54,PC_ACT,F,HU,2022-01-01,3.2,,
ESTAT:UNE_RT_A(1.0),29/04/26 23:00:00,A,Y25-54,PC_ACT,F,IE,2022-01-01,3.9,,
ESTAT:UNE_RT_A(1.0),29/04/26 23:00:00,A,Y25-54,PC_ACT,F,IS,2022-01-01,3.3,,
ESTAT:UNE_RT_A(1.0),29/04/26 23:00:00,A,Y25-54,PC_ACT,F,IT,2022-01-01,9.5,,
ESTAT:UNE_RT_A(1.0),29/04/26 23:00:00,A,Y25-54,PC_ACT,F,LT,2022-01-01,5.0,,
ESTAT:UNE_RT_A(1.0),29/04/26 23:00:00,A,Y25-54,PC_ACT,F,LU,2022-01-01,3.4,,
ESTAT:UNE_RT_A(1.0),29/04/26 23:00:00,A,Y25-54,PC_ACT,F,LV,2022-01-01,5.8,,
ESTAT:UNE_RT_A(1.0),29/04/26 23:00:00,A,Y25-54,PC_ACT,F,MK,2022-01-01,11.6,,
ESTAT:UNE_RT_A(1.0),29/04/26 23:00:00,A,Y25-54,PC_ACT,F,MT,2022-01-01,3.0,,
ESTAT:UNE_RT_A(1.0),29/04/26 23:00:00,A,Y25-54,PC_ACT,F,NL,2022-01-01,2.7,,
ESTAT:UNE_RT_A(1.0),29/04/26 23:00:00,A,Y25-54,PC_ACT,F,NO,2022-01-01,2.4,,
ESTAT:UNE_RT_A(1.0),29/04/26 23:00:00,A,Y25-54,PC_ACT,F,PL,2022-01-01,2.6,,
ESTAT:UNE_RT_A(1.0),29/04/26 23:00:00,A,Y25-54,PC_ACT,F,PT,2022-01-01,5.8,,
ESTAT:UNE_RT_A(1.0),29/04/26 23:00:00,A,Y25-54,PC_ACT,F,RO,2022-01-01,4.1,,
ESTAT:UNE_RT_A(1.0),29/04/26 23:00:00,A,Y25-54,PC_ACT,F,RS,2022-01-01,9.7,,
ESTAT:UNE_RT_A(1.0),29/04/26 23:00:00,A,Y25-54,PC_ACT,F,SE,2022-01-01,6.1,,
ESTAT:UNE_RT_A(1.0),29/04/26 23:00:00,A,Y25-54,PC_ACT,F,SI,2022-01-01,3.8,,
ESTAT:UNE_RT_A(1.0),29/04/26 23:00:00,A,Y25-54,PC_ACT,F,SK,2022-01-01,6.1,,
ESTAT:UNE_RT_A(1.0),29/04/26 23:00:00,A,Y25-54,PC_ACT,F,TR,2022-01-01,12.2,,
ESTAT:UNE_RT_A(1.0),29/04/26 23:00:00,A,Y25-54,PC_ACT,M,AT,2022-01-01,4.4,,
ESTAT:UNE_RT_A(1.0),29/04/26 23:00:00,A,Y25-54,PC_ACT,M,BA,2022-01-01,11.2,,
ESTAT:UNE_RT_A(1.0),29/04/26 23:00:00,A,Y25-54,PC_ACT,M,BE,2022-01-01,5.1,,
ESTAT:UNE_RT_A(1.0),29/04/26 23:00:00,A,Y25-54,PC_ACT,M,BG,2022-01-01,4.1,,
ESTAT:UNE_RT_A(1.0),29/04/26 23:00:00,A,Y25-54,PC_ACT,M,CH,2022-01-01,3.5,,
ESTAT:UNE_RT_A(1.0),29/04/26 23:00:00,A,Y25-54,PC_ACT,M,CY,2022-01-01,5.1,,
ESTAT:UNE_RT_A(1.0),29/04/26 23:00:00,A,Y25-54,PC_ACT,M,CZ,2022-01-01,1.5,,
ESTAT:UNE_RT_A(1.0),29/04/26 23:00:00,A,Y25-54,PC_ACT,M,DE,2022-01-01,3.2,,
ESTAT:UNE_RT_A(1.0),29/04/26 23:00:00,A,Y25-54,PC_ACT,M,DK,2022-01-01,3.6,,
ESTAT:UNE_RT_A(1.0),29/04/26 23:00:00,A,Y25-54,PC_ACT,M,EA20,2022-01-01,5.8,,
ESTAT:UNE_RT_A(1.0),29/04/26 23:00:00,A,Y25-54,PC_ACT,M,EA21,2022-01-01,5.8,,
ESTAT:UNE_RT_A(1.0),29/04/26 23:00:00,A,Y25-54,PC_ACT,M,EE,2022-01-01,5.1,,
ESTAT:UNE_RT_A(1.0),29/04/26 23:00:00,A,Y25-54,PC_ACT,M,EL,2022-01-01,8.8,,
ESTAT:UNE_RT_A(1.0),29/04/26 23:00:00,A,Y25-54,PC_ACT,M,ES,2022-01-01,10.1,d,
ESTAT:UNE_RT_A(1.0),29/04/26 23:00:00,A,Y25-54,PC_ACT,M,EU27_2020,2022-01-01,5.2,,
ESTAT:UNE_RT_A(1.0),29/04/26 23:00:00,A,Y25-54,PC_ACT,M,FI,2022-01-01,5.6,,
ESTAT:UNE_RT_A(1.0),29/04/26 23:00:00,A,Y25-54,PC_ACT,M,FR,2022-01-01,6.2,d,
ESTAT:UNE_RT_A(1.0),29/04/26 23:00:00,A,Y25-54,PC_ACT,M,HR,2022-01-01,5.3,,
ESTAT:UNE_RT_A(1.0),29/04/26 23:00:00,A,Y25-54,PC_ACT,M,HU,2022-01-01,3.2,,
ESTAT:UNE_RT_A(1.0),29/04/26 23:00:00,A,Y25-54,PC_ACT,M,IE,2022-01-01,3.7,,
ESTAT:UNE_RT_A(1.0),29/04/26 23:00:00,A,Y25-54,PC_ACT,M,IS,2022-01-01,3.2,,
ESTAT:UNE_RT_A(1.0),29/04/26 23:00:00,A,Y25-54,PC_ACT,M,IT,2022-01-01,6.6,,
ESTAT:UNE_RT_A(1.0),29/04/26 23:00:00,A,Y25-54,PC_ACT,M,LT,2022-01-01,5.9,,
ESTAT:UNE_RT_A(1.0),29/04/26 23:00:00,A,Y25-54,PC_ACT,M,LU,2022-01-01,3.4,,
ESTAT:UNE_RT_A(1.0),29/04/26 23:00:00,A,Y25-54,PC_ACT,M,LV,2022-01-01,7.6,,
ESTAT:UNE_RT_A(1.0),29/04/26 23:00:00,A,Y25-54,PC_ACT,M,MK,2022-01-01,15.0,,
ESTAT:UNE_RT_A(1.0),29/04/26 23:00:00,A,Y25-54,PC_ACT,M,MT,2022-01-01,3.0,,
ESTAT:UNE_RT_A(1.0),29/04/26 23:00:00,A,Y25-54,PC_ACT,M,NL,2022-01-01,2.3,,
ESTAT:UNE_RT_A(1.0),29/04/26 23:00:00,A,Y25-54,PC_ACT,M,NO,2022-01-01,2.5,,
ESTAT:UNE_RT_A(1.0),29/04/26 23:00:00,A,Y25-54,PC_ACT,M,PL,2022-01-01,2.4,,
ESTAT:UNE_RT_A(1.0),29/04/26 23:00:00,A,Y25-54,PC_ACT,M,PT,2022-01-01,5.1,,
ESTAT:UNE_RT_A(1.0),29/04/26 23:00:00,A,Y25-54,PC_ACT,M,RO,2022-01-01,5.0,,
ESTAT:UNE_RT_A(1.0),29/04/26 23:00:00,A,Y25-54,PC_ACT,M,RS,2022-01-01,8.4,,
ESTAT:UNE_RT_A(1.0),29/04/26 23:00:00,A,Y25-54,PC_ACT,M,SE,2022-01-01,5.3,,
ESTAT:UNE_RT_A(1.0),29/04/26 23:00:00,A,Y25-54,PC_ACT,M,SI,2022-01-01,3.2,,
ESTAT:UNE_RT_A(1.0),29/04/26 23:00:00,A,Y25-54,PC_ACT,M,SK,2022-01-01,5.3,,
ESTAT:UNE_RT_A(1.0),29/04/26 23:00:00,A,Y25-54,PC_ACT,M,TR,2022-01-01,7.9,,
ESTAT:UNE_RT_A(1.0),29/04/26 23:00:00,A,Y25-54,PC_ACT,T,AT,2022-01-01,4.3,,
ESTAT:UNE_RT_A(1.0),29/04/26 23:00:00,A,Y25-54,PC_ACT,T,BA,2022-01-01,14.4,,
ESTAT:UNE_RT_A(1.0),29/04/26 23:00:00,A,Y25-54,PC_ACT,T,BE,2022-01-01,4.9,,
ESTAT:UNE_RT_A(1.0),29/04/26 23:00:00,A,Y25-54,PC_ACT,T,BG,2022-01-01,4.1,,
ESTAT:UNE_RT_A(1.0),29/04/26 23:00:00,A,Y25-54,PC_ACT,T,CH,2022-01-01,3.9,,
ESTAT:UNE_RT_A(1.0),29/04/26 23:00:00,A,Y25-54,PC_ACT,T,CY,2022-01-01,5.7,,
ESTAT:UNE_RT_A(1.0),29/04/26 23:00:00,A,Y25-54,PC_ACT,T,CZ,2022-01-01,2.0,,
ESTAT:UNE_RT_A(1.0),29/04/26 23:00:00,A,Y25-54,PC_ACT,T,DE,2022-01-01,3.0,,
ESTAT:UNE_RT_A(1.0),29/04/26 23:00:00,A,Y25-54,PC_ACT,T,DK,2022-01-01,3.6,,
ESTAT:UNE_RT_A(1.0),29/04/26 23:00:00,A,Y25-54,PC_ACT,T,EA20,2022-01-01,6.3,,
ESTAT:UNE_RT_A(1.0),29/04/26 23:00:00,A,Y25-54,PC_ACT,T,EA21,2022-01-01,6.3,,
ESTAT:UNE_RT_A(1.0),29/04/26 23:00:00,A,Y25-54,PC_ACT,T,EE,2022-01-01,4.7,,
ESTAT:UNE_RT_A(1.0),29/04/26 23:00:00,A,Y25-54,PC_ACT,T,EL,2022-01-01,12.0,,
ESTAT:UNE_RT_A(1.0),29/04/26 23:00:00,A,Y25-54,PC_ACT,T,ES,2022-01-01,11.9,d,
ESTAT:UNE_RT_A(1.0),29/04/26 23:00:00,A,Y25-54,PC_ACT,T,EU27_2020,2022-01-01,5.6,,
ESTAT:UNE_RT_A(1.0),29/04/26 23:00:00,A,Y25-54,PC_ACT,T,FI,2022-01-01,5.5,,
ESTAT:UNE_RT_A(1.0),29/04/26 23:00:00,A,Y25-54,PC_ACT,T,FR,2022-01-01,6.2,d,
ESTAT:UNE_RT_A(1.0),29/04/26 23:00:00,A,Y25-54,PC_ACT,T,HR,2022-01-01,6.2,,
ESTAT:UNE_RT_A(1.0),29/04/26 23:00:00,A,Y25-54,PC_ACT,T,HU,2022-01-01,3.2,,
ESTAT:UNE_RT_A(1.0),29/04/26 23:00:00,A,Y25-54,PC_ACT,T,IE,2022-01-01,3.8,,
ESTAT:UNE_RT_A(1.0),29/04/26 23:00:00,A,Y25-54,PC_ACT,T,IS,2022-01-01,3.3,,
ESTAT:UNE_RT_A(1.0),29/04/26 23:00:00,A,Y25-54,PC_ACT,T,IT,2022-01-01,7.9,,
ESTAT:UNE_RT_A(1.0),29/04/26 23:00:00,A,Y25-54,PC_ACT,T,LT,2022-01-01,5.4,,
ESTAT:UNE_RT_A(1.0),29/04/26 23:00:00,A,Y25-54,PC_ACT,T,LU,2022-01-01,3.4,,
ESTAT:UNE_RT_A(1.0),29/04/26 23:00:00,A,Y25-54,PC_ACT,T,LV,2022-01-01,6.7,,
ESTAT:UNE_RT_A(1.0),29/04/26 23:00:00,A,Y25-54,PC_ACT,T,MK,2022-01-01,13.6,,
ESTAT:UNE_RT_A(1.0),29/04/26 23:00:00,A,Y25-54,PC_ACT,T,MT,2022-01-01,3.0,,
ESTAT:UNE_RT_A(1.0),29/04/26 23:00:00,A,Y25-54,PC_ACT,T,NL,2022-01-01,2.5,,
ESTAT:UNE_RT_A(1.0),29/04/26 23:00:00,A,Y25-54,PC_ACT,T,NO,2022-01-01,2.4,,
ESTAT:UNE_RT_A(1.0),29/04/26 23:00:00,A,Y25-54,PC_ACT,T,PL,2022-01-01,2.5,,
ESTAT:UNE_RT_A(1.0),29/04/26 23:00:00,A,Y25-54,PC_ACT,T,PT,2022-01-01,5.5,,
ESTAT:UNE_RT_A(1.0),29/04/26 23:00:00,A,Y25-54,PC_ACT,T,RO,2022-01-01,4.6,,
ESTAT:UNE_RT_A(1.0),29/04/26 23:00:00,A,Y25-54,PC_ACT,T,RS,2022-01-01,9.0,,
ESTAT:UNE_RT_A(1.0),29/04/26 23:00:00,A,Y25-54,PC_ACT,T,SE,2022-01-01,5.7,,
ESTAT:UNE_RT_A(1.0),29/04/26 23:00:00,A,Y25-54,PC_ACT,T,SI,2022-01-01,3.5,,
ESTAT:UNE_RT_A(1.0),29/04/26 23:00:00,A,Y25-54,PC_ACT,T,SK,2022-01-01,5.7,,
ESTAT:UNE_RT_A(1.0),29/04/26 23:00:00,A,Y25-54,PC_ACT,T,TR,2022-01-01,9.4,,
ESTAT:UNE_RT_A(1.0),29/04/26 23:00:00,A,Y55-74,PC_ACT,F,AT,2022-01-01,2.8,,
ESTAT:UNE_RT_A(1.0),29/04/26 23:00:00,A,Y55-74,PC_ACT,F,BA,2022-01-01,11.6,,
ESTAT:UNE_RT_A(1.0),29/04/26 23:00:00,A,Y55-74,PC_ACT,F,BE,2022-01-01,3.4,,
ESTAT:UNE_RT_A(1.0),29/04/26 23:00:00,A,Y55-74,PC_ACT,F,BG,2022-01-01,3.0,,
ESTAT:UNE_RT_A(1.0),29/04/26 23:00:00,A,Y55-74,PC_ACT,F,CH,2022-01-01,3.2,,
ESTAT:UNE_RT_A(1.0),29/04/26 23:00:00,A,Y55-74,PC_ACT,F,CY,2022-01-01,4.1,,
ESTAT:UNE_RT_A(1.0),29/04/26 23:00:00,A,Y55-74,PC_ACT,F,CZ,2022-01-01,2.1,,
ESTAT:UNE_RT_A(1.0),29/04/26 23:00:00,A,Y55-74,PC_ACT,F,DE,2022-01-01,2.3,,
ESTAT:UNE_RT_A(1.0),29/04/26 23:00:00,A,Y55-74,PC_ACT,F,DK,2022-01-01,2.9,,
ESTAT:UNE_RT_A(1.0),29/04/26 23:00:00,A,Y55-74,PC_ACT,F,EA20,2022-01-01,5.2,,
ESTAT:UNE_RT_A(1.0),29/04/26 23:00:00,A,Y55-74,PC_ACT,F,EA21,2022-01-01,5.1,,
ESTAT:UNE_RT_A(1.0),29/04/26 23:00:00,A,Y55-74,PC_ACT,F,EE,2022-01-01,3.3,,
ESTAT:UNE_RT_A(1.0),29/04/26 23:00:00,A,Y55-74,PC_ACT,F,EL,2022-01-01,11.4,,
ESTAT:UNE_RT_A(1.0),29/04/26 23:00:00,A,Y55-74,PC_ACT,F,ES,2022-01-01,13.0,d,
ESTAT:UNE_RT_A(1.0),29/04/26 23:00:00,A,Y55-74,PC_ACT,F,EU27_2020,2022-01-01,4.7,,
ESTAT:UNE_RT_A(1.0),29/04/26 23:00:00,A,Y55-74,PC_ACT,F,FI,2022-01-01,5.3,,
ESTAT:UNE_RT_A(1.0),29/04/26 23:00:00,A,Y55-74,PC_ACT,F,FR,2022-01-01,5.5,d,
ESTAT:UNE_RT_A(1.0),29/04/26 23:00:00,A,Y55-74,PC_ACT,F,HR,2022-01-01,5.2,u,
ESTAT:UNE_RT_A(1.0),29/04/26 23:00:00,A,Y55-74,PC_ACT,F,HU,2022-01-01,2.9,,
ESTAT:UNE_RT_A(1.0),29/04/26 23:00:00,A,Y55-74,PC_ACT,F,IE,2022-01-01,3.1,u,
ESTAT:UNE_RT_A(1.0),29/04/26 23:00:00,A,Y55-74,PC_ACT,F,IS,2022-01-01,,u,
ESTAT:UNE_RT_A(1.0),29/04/26 23:00:00,A,Y55-74,PC_ACT,F,IT,2022-01-01,4.8,,
ESTAT:UNE_RT_A(1.0),29/04/26 23:00:00,A,Y55-74,PC_ACT,F,LT,2022-01-01,5.7,,
ESTAT:UNE_RT_A(1.0),29/04/26 23:00:00,A,Y55-74,PC_ACT,F,LU,2022-01-01,4.4,u,
ESTAT:UNE_RT_A(1.0),29/04/26 23:00:00,A,Y55-74,PC_ACT,F,LV,2022-01-01,4.1,,
ESTAT:UNE_RT_A(1.0),29/04/26 23:00:00,A,Y55-74,PC_ACT,F,MK,2022-01-01,6.3,,
ESTAT:UNE_RT_A(1.0),29/04/26 23:00:00,A,Y55-74,PC_ACT,F,MT,2022-01-01,,u,
ESTAT:UNE_RT_A(1.0),29/04/26 23:00:00,A,Y55-74,PC_ACT,F,NL,2022-01-01,3.5,,
ESTAT:UNE_RT_A(1.0),29/04/26 23:00:00,A,Y55-74,PC_ACT,F,NO,2022-01-01,,u,
ESTAT:UNE_RT_A(1.0),29/04/26 23:00:00,A,Y55-74,PC_ACT,F,PL,2022-01-01,1.5,u,
ESTAT:UNE_RT_A(1.0),29/04/26 23:00:00,A,Y55-74,PC_ACT,F,PT,2022-01-01,5.3,,
ESTAT:UNE_RT_A(1.0),29/04/26 23:00:00,A,Y55-74,PC_ACT,F,RO,2022-01-01,3.0,,
ESTAT:UNE_RT_A(1.0),29/04/26 23:00:00,A,Y55-74,PC_ACT,F,RS,2022-01-01,6.4,,
ESTAT:UNE_RT_A(1.0),29/04/26 23:00:00,A,Y55-74,PC_ACT,F,SE,2022-01-01,4.9,,
ESTAT:UNE_RT_A(1.0),29/04/26 23:00:00,A,Y55-74,PC_ACT,F,SI,2022-01-01,3.6,u,
ESTAT:UNE_RT_A(1.0),29/04/26 23:00:00,A,Y55-74,PC_ACT,F,SK,2022-01-01,4.5,,
ESTAT:UNE_RT_A(1.0),29/04/26 23:00:00,A,Y55-74,PC_ACT,F,TR,2022-01-01,3.7,,
ESTAT:UNE_RT_A(1.0),29/04/26 23:00:00,A,Y55-74,PC_ACT,M,AT,2022-01-01,4.0,,
ESTAT:UNE_RT_A(1.0),29/04/26 23:00:00,A,Y55-74,PC_ACT,M,BA,2022-01-01,9.7,,
ESTAT:UNE_RT_A(1.0),29/04/26 23:00:00,A,Y55-74,PC_ACT,M,BE,2022-01-01,3.7,,
ESTAT:UNE_RT_A(1.0),29/04/26 23:00:00,A,Y55-74,PC_ACT,M,BG,2022-01-01,3.8,,
ESTAT:UNE_RT_A(1.0),29/04/26 23:00:00,A,Y55-74,PC_ACT,M,CH,2022-01-01,3.5,,
ESTAT:UNE_RT_A(1.0),29/04/26 23:00:00,A,Y55-74,PC_ACT,M,CY,2022-01-01,4.4,,
ESTAT:UNE_RT_A(1.0),29/04/26 23:00:00,A,Y55-74,PC_ACT,M,CZ,2022-01-01,1.6,,
ESTAT:UNE_RT_A(1.0),29/04/26 23:00:00,A,Y55-74,PC_ACT,M,DE,2022-01-01,2.7,,
ESTAT:UNE_RT_A(1.0),29/04/26 23:00:00,A,Y55-74,PC_ACT,M,DK,2022-01-01,3.0,,
ESTAT:UNE_RT_A(1.0),29/04/26 23:00:00,A,Y55-74,PC_ACT,M,EA20,2022-01-01,4.8,,
ESTAT:UNE_RT_A(1.0),29/04/26 23:00:00,A,Y55-74,PC_ACT,M,EA21,2022-01-01,4.8,,
ESTAT:UNE_RT_A(1.0),29/04/26 23:00:00,A,Y55-74,PC_ACT,M,EE,2022-01-01,4.6,,
ESTAT:UNE_RT_A(1.0),29/04/26 23:00:00,A,Y55-74,PC_ACT,M,EL,2022-01-01,7.3,,
ESTAT:UNE_RT_A(1.0),29/04/26 23:00:00,A,Y55-74,PC_ACT,M,ES,2022-01-01,10.0,d,
ESTAT:UNE_RT_A(1.0),29/04/26 23:00:00,A,Y55-74,PC_ACT,M,EU27_2020,2022-01-01,4.4,,
ESTAT:UNE_RT_A(1.0),29/04/26 23:00:00,A,Y55-74,PC_ACT,M,FI,2022-01-01,8.0,,
ESTAT:UNE_RT_A(1.0),29/04/26 23:00:00,A,Y55-74,PC_ACT,M,FR,2022-01-01,5.6,d,
ESTAT:UNE_RT_A(1.0),29/04/26 23:00:00,A,Y55-74,PC_ACT,M,HR,2022-01-01,4.1,u,
ESTAT:UNE_RT_A(1.0),29/04/26 23:00:00,A,Y55-74,PC_ACT,M,HU,2022-01-01,3.0,,
ESTAT:UNE_RT_A(1.0),29/04/26 23:00:00,A,Y55-74,PC_ACT,M,IE,2022-01-01,3.0,,
ESTAT:UNE_RT_A(1.0),29/04/26 23:00:00,A,Y55-74,PC_ACT,M,IS,2022-01-01,2.1,,
ESTAT:UNE_RT_A(1.0),29/04/26 23:00:00,A,Y55-74,PC_ACT,M,IT,2022-01-01,4.5,,
ESTAT:UNE_RT_A(1.0),29/04/26 23:00:00,A,Y55-74,PC_ACT,M,LT,2022-01-01,6.1,,
ESTAT:UNE_RT_A(1.0),29/04/26 23:00:00,A,Y55-74,PC_ACT,M,LU,2022-01-01,4.6,,
ESTAT:UNE_RT_A(1.0),29/04/26 23:00:00,A,Y55-74,PC_ACT,M,LV,2022-01-01,6.2,,
ESTAT:UNE_RT_A(1.0),29/04/26 23:00:00,A,Y55-74,PC_ACT,M,MK,2022-01-01,12.7,,
ESTAT:UNE_RT_A(1.0),29/04/26 23:00:00,A,Y55-74,PC_ACT,M,MT,2022-01-01,2.3,u,
ESTAT:UNE_RT_A(1.0),29/04/26 23:00:00,A,Y55-74,PC_ACT,M,NL,2022-01-01,2.8,,
ESTAT:UNE_RT_A(1.0),29/04/26 23:00:00,A,Y55-74,PC_ACT,M,NO,2022-01-01,,u,
ESTAT:UNE_RT_A(1.0),29/04/26 23:00:00,A,Y55-74,PC_ACT,M,PL,2022-01-01,1.8,,
ESTAT:UNE_RT_A(1.0),29/04/26 23:00:00,A,Y55-74,PC_ACT,M,PT,2022-01-01,4.0,,
ESTAT:UNE_RT_A(1.0),29/04/26 23:00:00,A,Y55-74,PC_ACT,M,RO,2022-01-01,4.0,,
ESTAT:UNE_RT_A(1.0),29/04/26 23:00:00,A,Y55-74,PC_ACT,M,RS,2022-01-01,6.4,,
ESTAT:UNE_RT_A(1.0),29/04/26 23:00:00,A,Y55-74,PC_ACT,M,SE,2022-01-01,5.4,,
ESTAT:UNE_RT_A(1.0),29/04/26 23:00:00,A,Y55-74,PC_ACT,M,SI,2022-01-01,4.0,u,
ESTAT:UNE_RT_A(1.0),29/04/26 23:00:00,A,Y55-74,PC_ACT,M,SK,2022-01-01,4.1,,
ESTAT:UNE_RT_A(1.0),29/04/26 23:00:00,A,Y55-74,PC_ACT,M,TR,2022-01-01,6.6,,
ESTAT:UNE_RT_A(1.0),29/04/26 23:00:00,A,Y55-74,PC_ACT,T,AT,2022-01-01,3.5,,
ESTAT:UNE_RT_A(1.0),29/04/26 23:00:00,A,Y55-74,PC_ACT,T,BA,2022-01-01,10.3,,
ESTAT:UNE_RT_A(1.0),29/04/26 23:00:00,A,Y55-74,PC_ACT,T,BE,2022-01-01,3.6,,
ESTAT:UNE_RT_A(1.0),29/04/26 23:00:00,A,Y55-74,PC_ACT,T,BG,2022-01-01,3.4,,
ESTAT:UNE_RT_A(1.0),29/04/26 23:00:00,A,Y55-74,PC_ACT,T,CH,2022-01-01,3.4,,
ESTAT:UNE_RT_A(1.0),29/04/26 23:00:00,A,Y55-74,PC_ACT,T,CY,2022-01-01,4.2,,
ESTAT:UNE_RT_A(1.0),29/04/26 23:00:00,A,Y55-74,PC_ACT,T,CZ,2022-01-01,1.8,,
ESTAT:UNE_RT_A(1.0),29/04/26 23:00:00,A,Y55-74,PC_ACT,T,DE,2022-01-01,2.5,,
ESTAT:UNE_RT_A(1.0),29/04/26 23:00:00,A,Y55-74,PC_ACT,T,DK,2022-01-01,2.9,,
ESTAT:UNE_RT_A(1.0),29/04/26 23:00:00,A,Y55-74,PC_ACT,T,EA20,2022-01-01,5.0,,
ESTAT:UNE_RT_A(1.0),29/04/26 23:00:00,A,Y55-74,PC_ACT,T,EA21,2022-01-01,4.9,,
ESTAT:UNE_RT_A(1.0),29/04/26 23:00:00,A,Y55-74,PC_ACT,T,EE,2022-01-01,3.9,,
ESTAT:UNE_RT_A(1.0),29/04/26 23:00:00,A,Y55-74,PC_ACT,T,EL,2022-01-01,9.0,,
ESTAT:UNE_RT_A(1.0),29/04/26 23:00:00,A,Y55-74,PC_ACT,T,ES,2022-01-01,11.4,d,
ESTAT:UNE_RT_A(1.0),29/04/26 23:00:00,A,Y55-74,PC_ACT,T,EU27_2020,2022-01-01,4.6,,
ESTAT:UNE_RT_A(1.0),29/04/26 23:00:00,A,Y55-74,PC_ACT,T,FI,2022-01-01,6.7,,
ESTAT:UNE_RT_A(1.0),29/04/26 23:00:00,A,Y55-74,PC_ACT,T,FR,2022-01-01,5.6,d,
ESTAT:UNE_RT_A(1.0),29/04/26 23:00:00,A,Y55-74,PC_ACT,T,HR,2022-01-01,4.6,,
ESTAT:UNE_RT_A(1.0),29/04/26 23:00:00,A,Y55-74,PC_ACT,T,HU,2022-01-01,3.0,,
ESTAT:UNE_RT_A(1.0),29/04/26 23:00:00,A,Y55-74,PC_ACT,T,IE,2022-01-01,3.0,,
ESTAT:UNE_RT_A(1.0),29/04/26 23:00:00,A,Y55-74,PC_ACT,T,IS,2022-01-01,2.1,,
ESTAT:UNE_RT_A(1.0),29/04/26 23:00:00,A,Y55-74,PC_ACT,T,IT,2022-01-01,4.6,,
ESTAT:UNE_RT_A(1.0),29/04/26 23:00:00,A,Y55-74,PC_ACT,T,LT,2022-01-01,5.9,,
ESTAT:UNE_RT_A(1.0),29/04/26 23:00:00,A,Y55-74,PC_ACT,T,LU,2022-01-01,4.5,,
ESTAT:UNE_RT_A(1.0),29/04/26 23:00:00,A,Y55-74,PC_ACT,T,LV,2022-01-01,5.0,,
ESTAT:UNE_RT_A(1.0),29/04/26 23:00:00,A,Y55-74,PC_ACT,T,MK,2022-01-01,10.5,,
ESTAT:UNE_RT_A(1.0),29/04/26 23:00:00,A,Y55-74,PC_ACT,T,MT,2022-01-01,1.9,u,
ESTAT:UNE_RT_A(1.0),29/04/26 23:00:00,A,Y55-74,PC_ACT,T,NL,2022-01-01,3.1,,
ESTAT:UNE_RT_A(1.0),29/04/26 23:00:00,A,Y55-74,PC_ACT,T,NO,2022-01-01,1.2,u,
ESTAT:UNE_RT_A(1.0),29/04/26 23:00:00,A,Y55-74,PC_ACT,T,PL,2022-01-01,1.7,,
ESTAT:UNE_RT_A(1.0),29/04/26 23:00:00,A,Y55-74,PC_ACT,T,PT,2022-01-01,4.6,,
ESTAT:UNE_RT_A(1.0),29/04/26 23:00:00,A,Y55-74,PC_ACT,T,RO,2022-01-01,3.6,,
ESTAT:UNE_RT_A(1.0),29/04/26 23:00:00,A,Y55-74,PC_ACT,T,RS,2022-01-01,6.4,,
ESTAT:UNE_RT_A(1.0),29/04/26 23:00:00,A,Y55-74,PC_ACT,T,SE,2022-01-01,5.2,,
ESTAT:UNE_RT_A(1.0),29/04/26 23:00:00,A,Y55-74,PC_ACT,T,SI,2022-01-01,3.9,,
ESTAT:UNE_RT_A(1.0),29/04/26 23:00:00,A,Y55-74,PC_ACT,T,SK,2022-01-01,4.3,,
ESTAT:UNE_RT_A(1.0),29/04/26 23:00:00,A,Y55-74,PC_ACT,T,TR,2022-01-01,5.8,,
ESTAT:UNE_RT_A(1.0),29/04/26 23:00:00,A,Y15-24,PC_ACT,F,AT,2023-01-01,10.7,,
ESTAT:UNE_RT_A(1.0),29/04/26 23:00:00,A,Y15-24,PC_ACT,F,BA,2023-01-01,33.2,,
ESTAT:UNE_RT_A(1.0),29/04/26 23:00:00,A,Y15-24,PC_ACT,F,BE,2023-01-01,14.4,,
ESTAT:UNE_RT_A(1.0),29/04/26 23:00:00,A,Y15-24,PC_ACT,F,BG,2023-01-01,11.1,u,
ESTAT:UNE_RT_A(1.0),29/04/26 23:00:00,A,Y15-24,PC_ACT,F,CH,2023-01-01,7.6,,
ESTAT:UNE_RT_A(1.0),29/04/26 23:00:00,A,Y15-24,PC_ACT,F,CY,2023-01-01,14.7,,
ESTAT:UNE_RT_A(1.0),29/04/26 23:00:00,A,Y15-24,PC_ACT,F,CZ,2023-01-01,8.8,,
ESTAT:UNE_RT_A(1.0),29/04/26 23:00:00,A,Y15-24,PC_ACT,F,DE,2023-01-01,5.3,,
ESTAT:UNE_RT_A(1.0),29/04/26 23:00:00,A,Y15-24,PC_ACT,F,DK,2023-01-01,11.3,b,
ESTAT:UNE_RT_A(1.0),29/04/26 23:00:00,A,Y15-24,PC_ACT,F,EA20,2023-01-01,14.0,,
ESTAT:UNE_RT_A(1.0),29/04/26 23:00:00,A,Y15-24,PC_ACT,F,EA21,2023-01-01,14.0,,
ESTAT:UNE_RT_A(1.0),29/04/26 23:00:00,A,Y15-24,PC_ACT,F,EE,2023-01-01,16.4,,
ESTAT:UNE_RT_A(1.0),29/04/26 23:00:00,A,Y15-24,PC_ACT,F,EL,2023-01-01,29.4,,
ESTAT:UNE_RT_A(1.0),29/04/26 23:00:00,A,Y15-24,PC_ACT,F,ES,2023-01-01,28.5,d,
ESTAT:UNE_RT_A(1.0),29/04/26 23:00:00,A,Y15-24,PC_ACT,F,EU27_2020,2023-01-01,14.1,,
ESTAT:UNE_RT_A(1.0),29/04/26 23:00:00,A,Y15-24,PC_ACT,F,FI,2023-01-01,15.4,,
ESTAT:UNE_RT_A(1.0),29/04/26 23:00:00,A,Y15-24,PC_ACT,F,FR,2023-01-01,16.1,d,
ESTAT:UNE_RT_A(1.0),29/04/26 23:00:00,A,Y15-24,PC_ACT,F,HR,2023-01-01,21.9,,
ESTAT:UNE_RT_A(1.0),29/04/26 23:00:00,A,Y15-24,PC_ACT,F,HU,2023-01-01,12.3,,
ESTAT:UNE_RT_A(1.0),29/04/26 23:00:00,A,Y15-24,PC_ACT,F,IE,2023-01-01,10.6,,
ESTAT:UNE_RT_A(1.0),29/04/26 23:00:00,A,Y15-24,PC_ACT,F,IS,2023-01-01,7.2,,
ESTAT:UNE_RT_A(1.0),29/04/26 23:00:00,A,Y15-24,PC_ACT,F,IT,2023-01-01,25.2,,
ESTAT:UNE_RT_A(1.0),29/04/26 23:00:00,A,Y15-24,PC_ACT,F,LT,2023-01-01,10.2,,
ESTAT:UNE_RT_A(1.0),29/04/26 23:00:00,A,Y15-24,PC_ACT,F,LU,2023-01-01,22.7,u,
ESTAT:UNE_RT_A(1.0),29/04/26 23:00:00,A,Y15-24,PC_ACT,F,LV,2023-01-01,10.0,,
ESTAT:UNE_RT_A(1.0),29/04/26 23:00:00,A,Y15-24,PC_ACT,F,MK,2023-01-01,30.6,,
ESTAT:UNE_RT_A(1.0),29/04/26 23:00:00,A,Y15-24,PC_ACT,F,MT,2023-01-01,,u,
ESTAT:UNE_RT_A(1.0),29/04/26 23:00:00,A,Y15-24,PC_ACT,F,NL,2023-01-01,8.2,,
ESTAT:UNE_RT_A(1.0),29/04/26 23:00:00,A,Y15-24,PC_ACT,F,NO,2023-01-01,10.6,,
ESTAT:UNE_RT_A(1.0),29/04/26 23:00:00,A,Y15-24,PC_ACT,F,PL,2023-01-01,11.1,,
ESTAT:UNE_RT_A(1.0),29/04/26 23:00:00,A,Y15-24,PC_ACT,F,PT,2023-01-01,20.1,,
ESTAT:UNE_RT_A(1.0),29/04/26 23:00:00,A,Y15-24,PC_ACT,F,RO,2023-01-01,22.2,,
ESTAT:UNE_RT_A(1.0),29/04/26 23:00:00,A,Y15-24,PC_ACT,F,RS,2023-01-01,27.0,,
ESTAT:UNE_RT_A(1.0),29/04/26 23:00:00,A,Y15-24,PC_ACT,F,SE,2023-01-01,21.6,,
ESTAT:UNE_RT_A(1.0),29/04/26 23:00:00,A,Y15-24,PC_ACT,F,SI,2023-01-01,8.7,u,
ESTAT:UNE_RT_A(1.0),29/04/26 23:00:00,A,Y15-24,PC_ACT,F,SK,2023-01-01,16.0,,
ESTAT:UNE_RT_A(1.0),29/04/26 23:00:00,A,Y15-24,PC_ACT,F,TR,2023-01-01,23.4,,
ESTAT:UNE_RT_A(1.0),29/04/26 23:00:00,A,Y15-24,PC_ACT,M,AT,2023-01-01,10.2,,
ESTAT:UNE_RT_A(1.0),29/04/26 23:00:00,A,Y15-24,PC_ACT,M,BA,2023-01-01,28.5,,
ESTAT:UNE_RT_A(1.0),29/04/26 23:00:00,A,Y15-24,PC_ACT,M,BE,2023-01-01,17.6,,
ESTAT:UNE_RT_A(1.0),29/04/26 23:00:00,A,Y15-24,PC_ACT,M,BG,2023-01-01,12.8,,
ESTAT:UNE_RT_A(1.0),29/04/26 23:00:00,A,Y15-24,PC_ACT,M,CH,2023-01-01,8.1,,
ESTAT:UNE_RT_A(1.0),29/04/26 23:00:00,A,Y15-24,PC_ACT,M,CY,2023-01-01,18.3,,
ESTAT:UNE_RT_A(1.0),29/04/26 23:00:00,A,Y15-24,PC_ACT,M,CZ,2023-01-01,7.9,,
ESTAT:UNE_RT_A(1.0),29/04/26 23:00:00,A,Y15-24,PC_ACT,M,DE,2023-01-01,6.5,,
ESTAT:UNE_RT_A(1.0),29/04/26 23:00:00,A,Y15-24,PC_ACT,M,DK,2023-01-01,11.8,b,
ESTAT:UNE_RT_A(1.0),29/04/26 23:00:00,A,Y15-24,PC_ACT,M,EA20,2023-01-01,14.9,,
ESTAT:UNE_RT_A(1.0),29/04/26 23:00:00,A,Y15-24,PC_ACT,M,EA21,2023-01-01,14.9,,
ESTAT:UNE_RT_A(1.0),29/04/26 23:00:00,A,Y15-24,PC_ACT,M,EE,2023-01-01,18.4,,
ESTAT:UNE_RT_A(1.0),29/04/26 23:00:00,A,Y15-24,PC_ACT,M,EL,2023-01-01,24.4,,
ESTAT:UNE_RT_A(1.0),29/04/26 23:00:00,A,Y15-24,PC_ACT,M,ES,2023-01-01,28.8,d,
ESTAT:UNE_RT_A(1.0),29/04/26 23:00:00,A,Y15-24,PC_ACT,M,EU27_2020,2023-01-01,15.0,,
ESTAT:UNE_RT_A(1.0),29/04/26 23:00:00,A,Y15-24,PC_ACT,M,FI,2023-01-01,16.9,,
ESTAT:UNE_RT_A(1.0),29/04/26 23:00:00,A,Y15-24,PC_ACT,M,FR,2023-01-01,18.2,d,
ESTAT:UNE_RT_A(1.0),29/04/26 23:00:00,A,Y15-24,PC_ACT,M,HR,2023-01-01,17.1,,
ESTAT:UNE_RT_A(1.0),29/04/26 23:00:00,A,Y15-24,PC_ACT,M,HU,2023-01-01,13.2,,
ESTAT:UNE_RT_A(1.0),29/04/26 23:00:00,A,Y15-24,PC_ACT,M,IE,2023-01-01,10.7,,
ESTAT:UNE_RT_A(1.0),29/04/26 23:00:00,A,Y15-24,PC_ACT,M,IS,2023-01-01,10.2,,
ESTAT:UNE_RT_A(1.0),29/04/26 23:00:00,A,Y15-24,PC_ACT,M,IT,2023-01-01,21.1,,
ESTAT:UNE_RT_A(1.0),29/04/26 23:00:00,A,Y15-24,PC_ACT,M,LT,2023-01-01,17.2,,
ESTAT:UNE_RT_A(1.0),29/04/26 23:00:00,A,Y15-24,PC_ACT,M,LU,2023-01-01,15.6,u,
ESTAT:UNE_RT_A(1.0),29/04/26 23:00:00,A,Y15-24,PC_ACT,M,LV,2023-01-01,14.3,,
ESTAT:UNE_RT_A(1.0),29/04/26 23:00:00,A,Y15-24,PC_ACT,M,MK,2023-01-01,28.8,,
ESTAT:UNE_RT_A(1.0),29/04/26 23:00:00,A,Y15-24,PC_ACT,M,MT,2023-01-01,11.6,u,
ESTAT:UNE_RT_A(1.0),29/04/26 23:00:00,A,Y15-24,PC_ACT,M,NL,2023-01-01,8.3,,
ESTAT:UNE_RT_A(1.0),29/04/26 23:00:00,A,Y15-24,PC_ACT,M,NO,2023-01-01,11.4,,
ESTAT:UNE_RT_A(1.0),29/04/26 23:00:00,A,Y15-24,PC_ACT,M,PL,2023-01-01,11.6,,
ESTAT:UNE_RT_A(1.0),29/04/26 23:00:00,A,Y15-24,PC_ACT,M,PT,2023-01-01,20.8,,
ESTAT:UNE_RT_A(1.0),29/04/26 23:00:00,A,Y15-24,PC_ACT,M,RO,2023-01-01,21.5,,
ESTAT:UNE_RT_A(1.0),29/04/26 23:00:00,A,Y15-24,PC_ACT,M,RS,2023-01-01,23.8,,
ESTAT:UNE_RT_A(1.0),29/04/26 23:00:00,A,Y15-24,PC_ACT,M,SE,2023-01-01,22.5,,
ESTAT:UNE_RT_A(1.0),29/04/26 23:00:00,A,Y15-24,PC_ACT,M,SI,2023-01-01,10.6,u,
ESTAT:UNE_RT_A(1.0),29/04/26 23:00:00,A,Y15-24,PC_ACT,M,SK,2023-01-01,22.1,,
ESTAT:UNE_RT_A(1.0),29/04/26 23:00:00,A,Y15-24,PC_ACT,M,TR,2023-01-01,14.3,,
ESTAT:UNE_RT_A(1.0),29/04/26 23:00:00,A,Y15-24,PC_ACT,T,AT,2023-01-01,10.4,,
ESTAT:UNE_RT_A(1.0),29/04/26 23:00:00,A,Y15-24,PC_ACT,T,BA,2023-01-01,30.1,,
ESTAT:UNE_RT_A(1.0),29/04/26 23:00:00,A,Y15-24,PC_ACT,T,BE,2023-01-01,16.1,,
ESTAT:UNE_RT_A(1.0),29/04/26 23:00:00,A,Y15-24,PC_ACT,T,BG,2023-01-01,12.1,,
ESTAT:UNE_RT_A(1.0),29/04/26 23:00:00,A,Y15-24,PC_ACT,T,CH,2023-01-01,7.9,,
ESTAT:UNE_RT_A(1.0),29/04/26 23:00:00,A,Y15-24,PC_ACT,T,CY,2023-01-01,16.6,,
ESTAT:UNE_RT_A(1.0),29/04/26 23:00:00,A,Y15-24,PC_ACT,T,CZ,2023-01-01,8.3,,
ESTAT:UNE_RT_A(1.0),29/04/26 23:00:00,A,Y15-24,PC_ACT,T,DE,2023-01-01,5.9,,
ESTAT:UNE_RT_A(1.0),29/04/26 23:00:00,A,Y15-24,PC_ACT,T,DK,2023-01-01,11.5,b,
ESTAT:UNE_RT_A(1.0),29/04/26 23:00:00,A,Y15-24,PC_ACT,T,EA20,2023-01-01,14.5,,
ESTAT:UNE_RT_A(1.0),29/04/26 23:00:00,A,Y15-24,PC_ACT,T,EA21,2023-01-01,14.5,,
ESTAT:UNE_RT_A(1.0),29/04/26 23:00:00,A,Y15-24,PC_ACT,T,EE,2023-01-01,17.3,,
ESTAT:UNE_RT_A(1.0),29/04/26 23:00:00,A,Y15-24,PC_ACT,T,EL,2023-01-01,26.7,,
ESTAT:UNE_RT_A(1.0),29/04/26 23:00:00,A,Y15-24,PC_ACT,T,ES,2023-01-01,28.7,d,
ESTAT:UNE_RT_A(1.0),29/04/26 23:00:00,A,Y15-24,PC_ACT,T,EU27_2020,2023-01-01,14.6,,
ESTAT:UNE_RT_A(1.0),29/04/26 23:00:00,A,Y15-24,PC_ACT,T,FI,2023-01-01,16.2,,
ESTAT:UNE_RT_A(1.0),29/04/26 23:00:00,A,Y15-24,PC_ACT,T,FR,2023-01-01,17.2,d,
ESTAT:UNE_RT_A(1.0),29/04/26 23:00:00,A,Y15-24,PC_ACT,T,HR,2023-01-01,18.9,,
ESTAT:UNE_RT_A(1.0),29/04/26 23:00:00,A,Y15-24,PC_ACT,T,HU,2023-01-01,12.8,,
ESTAT:UNE_RT_A(1.0),29/04/26 23:00:00,A,Y15-24,PC_ACT,T,IE,2023-01-01,10.7,,
ESTAT:UNE_RT_A(1.0),29/04/26 23:00:00,A,Y15-24,PC_ACT,T,IS,2023-01-01,8.8,,
ESTAT:UNE_RT_A(1.0),29/04/26 23:00:00,A,Y15-24,PC_ACT,T,IT,2023-01-01,22.7,,
ESTAT:UNE_RT_A(1.0),29/04/26 23:00:00,A,Y15-24,PC_ACT,T,LT,2023-01-01,13.8,,
ESTAT:UNE_RT_A(1.0),29/04/26 23:00:00,A,Y15-24,PC_ACT,T,LU,2023-01-01,18.8,,
ESTAT:UNE_RT_A(1.0),29/04/26 23:00:00,A,Y15-24,PC_ACT,T,LV,2023-01-01,12.3,,
ESTAT:UNE_RT_A(1.0),29/04/26 23:00:00,A,Y15-24,PC_ACT,T,MK,2023-01-01,29.4,,
ESTAT:UNE_RT_A(1.0),29/04/26 23:00:00,A,Y15-24,PC_ACT,T,MT,2023-01-01,9.2,,
ESTAT:UNE_RT_A(1.0),29/04/26 23:00:00,A,Y15-24,PC_ACT,T,NL,2023-01-01,8.2,,
ESTAT:UNE_RT_A(1.0),29/04/26 23:00:00,A,Y15-24,PC_ACT,T,NO,2023-01-01,11.0,,
ESTAT:UNE_RT_A(1.0),29/04/26 23:00:00,A,Y15-24,PC_ACT,T,PL,2023-01-01,11.4,,
ESTAT:UNE_RT_A(1.0),29/04/26 23:00:00,A,Y15-24,PC_ACT,T,PT,2023-01-01,20.5,,
ESTAT:UNE_RT_A(1.0),29/04/26 23:00:00,A,Y15-24,PC_ACT,T,RO,2023-01-01,21.8,,
ESTAT:UNE_RT_A(1.0),29/04/26 23:00:00,A,Y15-24,PC_ACT,T,RS,2023-01-01,25.0,,
ESTAT:UNE_RT_A(1.0),29/04/26 23:00:00,A,Y15-24,PC_ACT,T,SE,2023-01-01,22.1,,
ESTAT:UNE_RT_A(1.0),29/04/26 23:00:00,A,Y15-24,PC_ACT,T,SI,2023-01-01,9.9,,
ESTAT:UNE_RT_A(1.0),29/04/26 23:00:00,A,Y15-24,PC_ACT,T,SK,2023-01-01,19.8,,
ESTAT:UNE_RT_A(1.0),29/04/26 23:00:00,A,Y15-24,PC_ACT,T,TR,2023-01-01,17.5,,
ESTAT:UNE_RT_A(1.0),29/04/26 23:00:00,A,Y15-74,PC_ACT,F,AT,2023-01-01,4.9,,
ESTAT:UNE_RT_A(1.0),29/04/26 23:00:00,A,Y15-74,PC_ACT,F,BA,2023-01-01,16.7,,
ESTAT:UNE_RT_A(1.0),29/04/26 23:00:00,A,Y15-74,PC_ACT,F,BE,2023-01-01,5.1,,
ESTAT:UNE_RT_A(1.0),29/04/26 23:00:00,A,Y15-74,PC_ACT,F,BG,2023-01-01,4.2,,
ESTAT:UNE_RT_A(1.0),29/04/26 23:00:00,A,Y15-74,PC_ACT,F,CH,2023-01-01,4.3,,
ESTAT:UNE_RT_A(1.0),29/04/26 23:00:00,A,Y15-74,PC_ACT,F,CY,2023-01-01,5.9,,
ESTAT:UNE_RT_A(1.0),29/04/26 23:00:00,A,Y15-74,PC_ACT,F,CZ,2023-01-01,3.1,,
ESTAT:UNE_RT_A(1.0),29/04/26 23:00:00,A,Y15-74,PC_ACT,F,DE,2023-01-01,2.8,,
ESTAT:UNE_RT_A(1.0),29/04/26 23:00:00,A,Y15-74,PC_ACT,F,DK,2023-01-01,5.3,b,
ESTAT:UNE_RT_A(1.0),29/04/26 23:00:00,A,Y15-74,PC_ACT,F,EA20,2023-01-01,6.9,,
ESTAT:UNE_RT_A(1.0),29/04/26 23:00:00,A,Y15-74,PC_ACT,F,EA21,2023-01-01,6.9,,
ESTAT:UNE_RT_A(1.0),29/04/26 23:00:00,A,Y15-74,PC_ACT,F,EE,2023-01-01,6.7,,
ESTAT:UNE_RT_A(1.0),29/04/26 23:00:00,A,Y15-74,PC_ACT,F,EL,2023-01-01,14.3,,
ESTAT:UNE_RT_A(1.0),29/04/26 23:00:00,A,Y15-74,PC_ACT,F,ES,2023-01-01,13.9,d,
ESTAT:UNE_RT_A(1.0),29/04/26 23:00:00,A,Y15-74,PC_ACT,F,EU27_2020,2023-01-01,6.4,,
ESTAT:UNE_RT_A(1.0),29/04/26 23:00:00,A,Y15-74,PC_ACT,F,FI,2023-01-01,6.5,,
ESTAT:UNE_RT_A(1.0),29/04/26 23:00:00,A,Y15-74,PC_ACT,F,FR,2023-01-01,7.2,d,
ESTAT:UNE_RT_A(1.0),29/04/26 23:00:00,A,Y15-74,PC_ACT,F,HR,2023-01-01,6.7,,
ESTAT:UNE_RT_A(1.0),29/04/26 23:00:00,A,Y15-74,PC_ACT,F,HU,2023-01-01,4.2,,
ESTAT:UNE_RT_A(1.0),29/04/26 23:00:00,A,Y15-74,PC_ACT,F,IE,2023-01-01,4.2,,
ESTAT:UNE_RT_A(1.0),29/04/26 23:00:00,A,Y15-74,PC_ACT,F,IS,2023-01-01,3.1,,
ESTAT:UNE_RT_A(1.0),29/04/26 23:00:00,A,Y15-74,PC_ACT,F,IT,2023-01-01,8.8,,
ESTAT:UNE_RT_A(1.0),29/04/26 23:00:00,A,Y15-74,PC_ACT,F,LT,2023-01-01,6.4,,
ESTAT:UNE_RT_A(1.0),29/04/26 23:00:00,A,Y15-74,PC_ACT,F,LU,2023-01-01,5.4,,
ESTAT:UNE_RT_A(1.0),29/04/26 23:00:00,A,Y15-74,PC_ACT,F,LV,2023-01-01,5.4,,
ESTAT:UNE_RT_A(1.0),29/04/26 23:00:00,A,Y15-74,PC_ACT,F,MK,2023-01-01,11.4,,
ESTAT:UNE_RT_A(1.0),29/04/26 23:00:00,A,Y15-74,PC_ACT,F,MT,2023-01-01,3.2,,
ESTAT:UNE_RT_A(1.0),29/04/26 23:00:00,A,Y15-74,PC_ACT,F,NL,2023-01-01,3.8,,
ESTAT:UNE_RT_A(1.0),29/04/26 23:00:00,A,Y15-74,PC_ACT,F,NO,2023-01-01,3.5,,
ESTAT:UNE_RT_A(1.0),29/04/26 23:00:00,A,Y15-74,PC_ACT,F,PL,2023-01-01,2.9,,
ESTAT:UNE_RT_A(1.0),29/04/26 23:00:00,A,Y15-74,PC_ACT,F,PT,2023-01-01,6.9,,
ESTAT:UNE_RT_A(1.0),29/04/26 23:00:00,A,Y15-74,PC_ACT,F,RO,2023-01-01,5.1,,
ESTAT:UNE_RT_A(1.0),29/04/26 23:00:00,A,Y15-74,PC_ACT,F,RS,2023-01-01,9.9,,
ESTAT:UNE_RT_A(1.0),29/04/26 23:00:00,A,Y15-74,PC_ACT,F,SE,2023-01-01,7.9,,
ESTAT:UNE_RT_A(1.0),29/04/26 23:00:00,A,Y15-74,PC_ACT,F,SI,2023-01-01,3.7,,
ESTAT:UNE_RT_A(1.0),29/04/26 23:00:00,A,Y15-74,PC_ACT,F,SK,2023-01-01,5.9,,
ESTAT:UNE_RT_A(1.0),29/04/26 23:00:00,A,Y15-74,PC_ACT,F,TR,2023-01-01,12.7,,
ESTAT:UNE_RT_A(1.0),29/04/26 23:00:00,A,Y15-74,PC_ACT,M,AT,2023-01-01,5.3,,
ESTAT:UNE_RT_A(1.0),29/04/26 23:00:00,A,Y15-74,PC_ACT,M,BA,2023-01-01,10.9,,
ESTAT:UNE_RT_A(1.0),29/04/26 23:00:00,A,Y15-74,PC_ACT,M,BE,2023-01-01,6.0,,
ESTAT:UNE_RT_A(1.0),29/04/26 23:00:00,A,Y15-74,PC_ACT,M,BG,2023-01-01,4.4,,
ESTAT:UNE_RT_A(1.0),29/04/26 23:00:00,A,Y15-74,PC_ACT,M,CH,2023-01-01,3.9,,
ESTAT:UNE_RT_A(1.0),29/04/26 23:00:00,A,Y15-74,PC_ACT,M,CY,2023-01-01,5.8,,
ESTAT:UNE_RT_A(1.0),29/04/26 23:00:00,A,Y15-74,PC_ACT,M,CZ,2023-01-01,2.2,,
ESTAT:UNE_RT_A(1.0),29/04/26 23:00:00,A,Y15-74,PC_ACT,M,DE,2023-01-01,3.3,,
ESTAT:UNE_RT_A(1.0),29/04/26 23:00:00,A,Y15-74,PC_ACT,M,DK,2023-01-01,5.0,b,
ESTAT:UNE_RT_A(1.0),29/04/26 23:00:00,A,Y15-74,PC_ACT,M,EA20,2023-01-01,6.3,,
ESTAT:UNE_RT_A(1.0),29/04/26 23:00:00,A,Y15-74,PC_ACT,M,EA21,2023-01-01,6.2,,
ESTAT:UNE_RT_A(1.0),29/04/26 23:00:00,A,Y15-74,PC_ACT,M,EE,2023-01-01,6.2,,
ESTAT:UNE_RT_A(1.0),29/04/26 23:00:00,A,Y15-74,PC_ACT,M,EL,2023-01-01,8.5,,
ESTAT:UNE_RT_A(1.0),29/04/26 23:00:00,A,Y15-74,PC_ACT,M,ES,2023-01-01,10.7,d,
ESTAT:UNE_RT_A(1.0),29/04/26 23:00:00,A,Y15-74,PC_ACT,M,EU27_2020,2023-01-01,5.8,,
ESTAT:UNE_RT_A(1.0),29/04/26 23:00:00,A,Y15-74,PC_ACT,M,FI,2023-01-01,7.9,,
ESTAT:UNE_RT_A(1.0),29/04/26 23:00:00,A,Y15-74,PC_ACT,M,FR,2023-01-01,7.5,d,
ESTAT:UNE_RT_A(1.0),29/04/26 23:00:00,A,Y15-74,PC_ACT,M,HR,2023-01-01,5.7,,
ESTAT:UNE_RT_A(1.0),29/04/26 23:00:00,A,Y15-74,PC_ACT,M,HU,2023-01-01,4.1,,
ESTAT:UNE_RT_A(1.0),29/04/26 23:00:00,A,Y15-74,PC_ACT,M,IE,2023-01-01,4.4,,
ESTAT:UNE_RT_A(1.0),29/04/26 23:00:00,A,Y15-74,PC_ACT,M,IS,2023-01-01,3.9,,
ESTAT:UNE_RT_A(1.0),29/04/26 23:00:00,A,Y15-74,PC_ACT,M,IT,2023-01-01,6.8,,
ESTAT:UNE_RT_A(1.0),29/04/26 23:00:00,A,Y15-74,PC_ACT,M,LT,2023-01-01,7.3,,
ESTAT:UNE_RT_A(1.0),29/04/26 23:00:00,A,Y15-74,PC_ACT,M,LU,2023-01-01,5.0,,
ESTAT:UNE_RT_A(1.0),29/04/26 23:00:00,A,Y15-74,PC_ACT,M,LV,2023-01-01,7.6,,
ESTAT:UNE_RT_A(1.0),29/04/26 23:00:00,A,Y15-74,PC_ACT,M,MK,2023-01-01,14.3,,
ESTAT:UNE_RT_A(1.0),29/04/26 23:00:00,A,Y15-74,PC_ACT,M,MT,2023-01-01,3.7,,
ESTAT:UNE_RT_A(1.0),29/04/26 23:00:00,A,Y15-74,PC_ACT,M,NL,2023-01-01,3.4,,
ESTAT:UNE_RT_A(1.0),29/04/26 23:00:00,A,Y15-74,PC_ACT,M,NO,2023-01-01,3.7,,
ESTAT:UNE_RT_A(1.0),29/04/26 23:00:00,A,Y15-74,PC_ACT,M,PL,2023-01-01,2.8,,
ESTAT:UNE_RT_A(1.0),29/04/26 23:00:00,A,Y15-74,PC_ACT,M,PT,2023-01-01,6.2,,
ESTAT:UNE_RT_A(1.0),29/04/26 23:00:00,A,Y15-74,PC_ACT,M,RO,2023-01-01,5.9,,
ESTAT:UNE_RT_A(1.0),29/04/26 23:00:00,A,Y15-74,PC_ACT,M,RS,2023-01-01,9.1,,
ESTAT:UNE_RT_A(1.0),29/04/26 23:00:00,A,Y15-74,PC_ACT,M,SE,2023-01-01,7.5,,
ESTAT:UNE_RT_A(1.0),29/04/26 23:00:00,A,Y15-74,PC_ACT,M,SI,2023-01-01,3.6,,
ESTAT:UNE_RT_A(1.0),29/04/26 23:00:00,A,Y15-74,PC_ACT,M,SK,2023-01-01,5.8,,
ESTAT:UNE_RT_A(1.0),29/04/26 23:00:00,A,Y15-74,PC_ACT,M,TR,2023-01-01,7.7,,
ESTAT:UNE_RT_A(1.0),29/04/26 23:00:00,A,Y15-74,PC_ACT,T,AT,2023-01-01,5.1,,
ESTAT:UNE_RT_A(1.0),29/04/26 23:00:00,A,Y15-74,PC_ACT,T,BA,2023-01-01,13.2,,
ESTAT:UNE_RT_A(1.0),29/04/26 23:00:00,A,Y15-74,PC_ACT,T,BE,2023-01-01,5.5,,
ESTAT:UNE_RT_A(1.0),29/04/26 23:00:00,A,Y15-74,PC_ACT,T,BG,2023-01-01,4.3,,
ESTAT:UNE_RT_A(1.0),29/04/26 23:00:00,A,Y15-74,PC_ACT,T,CH,2023-01-01,4.1,,
ESTAT:UNE_RT_A(1.0),29/04/26 23:00:00,A,Y15-74,PC_ACT,T,CY,2023-01-01,5.8,,
ESTAT:UNE_RT_A(1.0),29/04/26 23:00:00,A,Y15-74,PC_ACT,T,CZ,2023-01-01,2.6,,
ESTAT:UNE_RT_A(1.0),29/04/26 23:00:00,A,Y15-74,PC_ACT,T,DE,2023-01-01,3.1,,
ESTAT:UNE_RT_A(1.0),29/04/26 23:00:00,A,Y15-74,PC_ACT,T,DK,2023-01-01,5.1,b,
ESTAT:UNE_RT_A(1.0),29/04/26 23:00:00,A,Y15-74,PC_ACT,T,EA20,2023-01-01,6.6,,
ESTAT:UNE_RT_A(1.0),29/04/26 23:00:00,A,Y15-74,PC_ACT,T,EA21,2023-01-01,6.5,,
ESTAT:UNE_RT_A(1.0),29/04/26 23:00:00,A,Y15-74,PC_ACT,T,EE,2023-01-01,6.4,,
ESTAT:UNE_RT_A(1.0),29/04/26 23:00:00,A,Y15-74,PC_ACT,T,EL,2023-01-01,11.1,,
ESTAT:UNE_RT_A(1.0),29/04/26 23:00:00,A,Y15-74,PC_ACT,T,ES,2023-01-01,12.2,d,
ESTAT:UNE_RT_A(1.0),29/04/26 23:00:00,A,Y15-74,PC_ACT,T,EU27_2020,2023-01-01,6.1,,
ESTAT:UNE_RT_A(1.0),29/04/26 23:00:00,A,Y15-74,PC_ACT,T,FI,2023-01-01,7.2,,
ESTAT:UNE_RT_A(1.0),29/04/26 23:00:00,A,Y15-74,PC_ACT,T,FR,2023-01-01,7.3,d,
ESTAT:UNE_RT_A(1.0),29/04/26 23:00:00,A,Y15-74,PC_ACT,T,HR,2023-01-01,6.1,,
ESTAT:UNE_RT_A(1.0),29/04/26 23:00:00,A,Y15-74,PC_ACT,T,HU,2023-01-01,4.1,,
ESTAT:UNE_RT_A(1.0),29/04/26 23:00:00,A,Y15-74,PC_ACT,T,IE,2023-01-01,4.3,,
ESTAT:UNE_RT_A(1.0),29/04/26 23:00:00,A,Y15-74,PC_ACT,T,IS,2023-01-01,3.5,,
ESTAT:UNE_RT_A(1.0),29/04/26 23:00:00,A,Y15-74,PC_ACT,T,IT,2023-01-01,7.7,,
ESTAT:UNE_RT_A(1.0),29/04/26 23:00:00,A,Y15-74,PC_ACT,T,LT,2023-01-01,6.9,,
ESTAT:UNE_RT_A(1.0),29/04/26 23:00:00,A,Y15-74,PC_ACT,T,LU,2023-01-01,5.2,,
ESTAT:UNE_RT_A(1.0),29/04/26 23:00:00,A,Y15-74,PC_ACT,T,LV,2023-01-01,6.5,,
ESTAT:UNE_RT_A(1.0),29/04/26 23:00:00,A,Y15-74,PC_ACT,T,MK,2023-01-01,13.1,,
ESTAT:UNE_RT_A(1.0),29/04/26 23:00:00,A,Y15-74,PC_ACT,T,MT,2023-01-01,3.5,,
ESTAT:UNE_RT_A(1.0),29/04/26 23:00:00,A,Y15-74,PC_ACT,T,NL,2023-01-01,3.6,,
ESTAT:UNE_RT_A(1.0),29/04/26 23:00:00,A,Y15-74,PC_ACT,T,NO,2023-01-01,3.6,,
ESTAT:UNE_RT_A(1.0),29/04/26 23:00:00,A,Y15-74,PC_ACT,T,PL,2023-01-01,2.8,,
ESTAT:UNE_RT_A(1.0),29/04/26 23:00:00,A,Y15-74,PC_ACT,T,PT,2023-01-01,6.5,,
ESTAT:UNE_RT_A(1.0),29/04/26 23:00:00,A,Y15-74,PC_ACT,T,RO,2023-01-01,5.6,,
ESTAT:UNE_RT_A(1.0),29/04/26 23:00:00,A,Y15-74,PC_ACT,T,RS,2023-01-01,9.5,,
ESTAT:UNE_RT_A(1.0),29/04/26 23:00:00,A,Y15-74,PC_ACT,T,SE,2023-01-01,7.7,,
ESTAT:UNE_RT_A(1.0),29/04/26 23:00:00,A,Y15-74,PC_ACT,T,SI,2023-01-01,3.7,,
ESTAT:UNE_RT_A(1.0),29/04/26 23:00:00,A,Y15-74,PC_ACT,T,SK,2023-01-01,5.8,,
ESTAT:UNE_RT_A(1.0),29/04/26 23:00:00,A,Y15-74,PC_ACT,T,TR,2023-01-01,9.4,,
ESTAT:UNE_RT_A(1.0),29/04/26 23:00:00,A,Y25-54,PC_ACT,F,AT,2023-01-01,4.4,,
ESTAT:UNE_RT_A(1.0),29/04/26 23:00:00,A,Y25-54,PC_ACT,F,BA,2023-01-01,16.9,,
ESTAT:UNE_RT_A(1.0),29/04/26 23:00:00,A,Y25-54,PC_ACT,F,BE,2023-01-01,4.5,,
ESTAT:UNE_RT_A(1.0),29/04/26 23:00:00,A,Y25-54,PC_ACT,F,BG,2023-01-01,4.2,,
ESTAT:UNE_RT_A(1.0),29/04/26 23:00:00,A,Y25-54,PC_ACT,F,CH,2023-01-01,4.1,,
ESTAT:UNE_RT_A(1.0),29/04/26 23:00:00,A,Y25-54,PC_ACT,F,CY,2023-01-01,5.6,,
ESTAT:UNE_RT_A(1.0),29/04/26 23:00:00,A,Y25-54,PC_ACT,F,CZ,2023-01-01,2.9,,
ESTAT:UNE_RT_A(1.0),29/04/26 23:00:00,A,Y25-54,PC_ACT,F,DE,2023-01-01,2.8,,
ESTAT:UNE_RT_A(1.0),29/04/26 23:00:00,A,Y25-54,PC_ACT,F,DK,2023-01-01,4.6,b,
ESTAT:UNE_RT_A(1.0),29/04/26 23:00:00,A,Y25-54,PC_ACT,F,EA20,2023-01-01,6.7,,
ESTAT:UNE_RT_A(1.0),29/04/26 23:00:00,A,Y25-54,PC_ACT,F,EA21,2023-01-01,6.6,,
ESTAT:UNE_RT_A(1.0),29/04/26 23:00:00,A,Y25-54,PC_ACT,F,EE,2023-01-01,6.0,,
ESTAT:UNE_RT_A(1.0),29/04/26 23:00:00,A,Y25-54,PC_ACT,F,EL,2023-01-01,14.5,,
ESTAT:UNE_RT_A(1.0),29/04/26 23:00:00,A,Y25-54,PC_ACT,F,ES,2023-01-01,12.8,d,
ESTAT:UNE_RT_A(1.0),29/04/26 23:00:00,A,Y25-54,PC_ACT,F,EU27_2020,2023-01-01,6.0,,
ESTAT:UNE_RT_A(1.0),29/04/26 23:00:00,A,Y25-54,PC_ACT,F,FI,2023-01-01,5.1,,
ESTAT:UNE_RT_A(1.0),29/04/26 23:00:00,A,Y25-54,PC_ACT,F,FR,2023-01-01,6.5,d,
ESTAT:UNE_RT_A(1.0),29/04/26 23:00:00,A,Y25-54,PC_ACT,F,HR,2023-01-01,6.0,,
ESTAT:UNE_RT_A(1.0),29/04/26 23:00:00,A,Y25-54,PC_ACT,F,HU,2023-01-01,3.8,,
ESTAT:UNE_RT_A(1.0),29/04/26 23:00:00,A,Y25-54,PC_ACT,F,IE,2023-01-01,3.3,,
ESTAT:UNE_RT_A(1.0),29/04/26 23:00:00,A,Y25-54,PC_ACT,F,IS,2023-01-01,2.5,,
ESTAT:UNE_RT_A(1.0),29/04/26 23:00:00,A,Y25-54,PC_ACT,F,IT,2023-01-01,8.8,,
ESTAT:UNE_RT_A(1.0),29/04/26 23:00:00,A,Y25-54,PC_ACT,F,LT,2023-01-01,6.2,,
ESTAT:UNE_RT_A(1.0),29/04/26 23:00:00,A,Y25-54,PC_ACT,F,LU,2023-01-01,4.2,,
ESTAT:UNE_RT_A(1.0),29/04/26 23:00:00,A,Y25-54,PC_ACT,F,LV,2023-01-01,5.4,,
ESTAT:UNE_RT_A(1.0),29/04/26 23:00:00,A,Y25-54,PC_ACT,F,MK,2023-01-01,11.2,,
ESTAT:UNE_RT_A(1.0),29/04/26 23:00:00,A,Y25-54,PC_ACT,F,MT,2023-01-01,3.1,,
ESTAT:UNE_RT_A(1.0),29/04/26 23:00:00,A,Y25-54,PC_ACT,F,NL,2023-01-01,2.7,,
ESTAT:UNE_RT_A(1.0),29/04/26 23:00:00,A,Y25-54,PC_ACT,F,NO,2023-01-01,2.5,,
ESTAT:UNE_RT_A(1.0),29/04/26 23:00:00,A,Y25-54,PC_ACT,F,PL,2023-01-01,2.5,,
ESTAT:UNE_RT_A(1.0),29/04/26 23:00:00,A,Y25-54,PC_ACT,F,PT,2023-01-01,6.1,,
ESTAT:UNE_RT_A(1.0),29/04/26 23:00:00,A,Y25-54,PC_ACT,F,RO,2023-01-01,4.3,,
ESTAT:UNE_RT_A(1.0),29/04/26 23:00:00,A,Y25-54,PC_ACT,F,RS,2023-01-01,9.8,,
ESTAT:UNE_RT_A(1.0),29/04/26 23:00:00,A,Y25-54,PC_ACT,F,SE,2023-01-01,6.4,,
ESTAT:UNE_RT_A(1.0),29/04/26 23:00:00,A,Y25-54,PC_ACT,F,SI,2023-01-01,3.2,,
ESTAT:UNE_RT_A(1.0),29/04/26 23:00:00,A,Y25-54,PC_ACT,F,SK,2023-01-01,5.9,,
ESTAT:UNE_RT_A(1.0),29/04/26 23:00:00,A,Y25-54,PC_ACT,F,TR,2023-01-01,11.6,,
ESTAT:UNE_RT_A(1.0),29/04/26 23:00:00,A,Y25-54,PC_ACT,M,AT,2023-01-01,4.7,,
ESTAT:UNE_RT_A(1.0),29/04/26 23:00:00,A,Y25-54,PC_ACT,M,BA,2023-01-01,9.7,,
ESTAT:UNE_RT_A(1.0),29/04/26 23:00:00,A,Y25-54,PC_ACT,M,BE,2023-01-01,5.3,,
ESTAT:UNE_RT_A(1.0),29/04/26 23:00:00,A,Y25-54,PC_ACT,M,BG,2023-01-01,4.2,,
ESTAT:UNE_RT_A(1.0),29/04/26 23:00:00,A,Y25-54,PC_ACT,M,CH,2023-01-01,3.3,,
ESTAT:UNE_RT_A(1.0),29/04/26 23:00:00,A,Y25-54,PC_ACT,M,CY,2023-01-01,5.1,,
ESTAT:UNE_RT_A(1.0),29/04/26 23:00:00,A,Y25-54,PC_ACT,M,CZ,2023-01-01,1.9,,
ESTAT:UNE_RT_A(1.0),29/04/26 23:00:00,A,Y25-54,PC_ACT,M,DE,2023-01-01,3.1,,
ESTAT:UNE_RT_A(1.0),29/04/26 23:00:00,A,Y25-54,PC_ACT,M,DK,2023-01-01,4.2,b,
ESTAT:UNE_RT_A(1.0),29/04/26 23:00:00,A,Y25-54,PC_ACT,M,EA20,2023-01-01,5.6,,
ESTAT:UNE_RT_A(1.0),29/04/26 23:00:00,A,Y25-54,PC_ACT,M,EA21,2023-01-01,5.6,,
ESTAT:UNE_RT_A(1.0),29/04/26 23:00:00,A,Y25-54,PC_ACT,M,EE,2023-01-01,5.2,,
ESTAT:UNE_RT_A(1.0),29/04/26 23:00:00,A,Y25-54,PC_ACT,M,EL,2023-01-01,8.3,,
ESTAT:UNE_RT_A(1.0),29/04/26 23:00:00,A,Y25-54,PC_ACT,M,ES,2023-01-01,9.2,d,
ESTAT:UNE_RT_A(1.0),29/04/26 23:00:00,A,Y25-54,PC_ACT,M,EU27_2020,2023-01-01,5.1,,
ESTAT:UNE_RT_A(1.0),29/04/26 23:00:00,A,Y25-54,PC_ACT,M,FI,2023-01-01,6.4,,
ESTAT:UNE_RT_A(1.0),29/04/26 23:00:00,A,Y25-54,PC_ACT,M,FR,2023-01-01,6.3,d,
ESTAT:UNE_RT_A(1.0),29/04/26 23:00:00,A,Y25-54,PC_ACT,M,HR,2023-01-01,4.9,,
ESTAT:UNE_RT_A(1.0),29/04/26 23:00:00,A,Y25-54,PC_ACT,M,HU,2023-01-01,3.5,,
ESTAT:UNE_RT_A(1.0),29/04/26 23:00:00,A,Y25-54,PC_ACT,M,IE,2023-01-01,3.7,,
ESTAT:UNE_RT_A(1.0),29/04/26 23:00:00,A,Y25-54,PC_ACT,M,IS,2023-01-01,3.5,,
ESTAT:UNE_RT_A(1.0),29/04/26 23:00:00,A,Y25-54,PC_ACT,M,IT,2023-01-01,6.4,,
ESTAT:UNE_RT_A(1.0),29/04/26 23:00:00,A,Y25-54,PC_ACT,M,LT,2023-01-01,6.2,,
ESTAT:UNE_RT_A(1.0),29/04/26 23:00:00,A,Y25-54,PC_ACT,M,LU,2023-01-01,3.9,,
ESTAT:UNE_RT_A(1.0),29/04/26 23:00:00,A,Y25-54,PC_ACT,M,LV,2023-01-01,7.4,,
ESTAT:UNE_RT_A(1.0),29/04/26 23:00:00,A,Y25-54,PC_ACT,M,MK,2023-01-01,14.1,,
ESTAT:UNE_RT_A(1.0),29/04/26 23:00:00,A,Y25-54,PC_ACT,M,MT,2023-01-01,2.9,,
ESTAT:UNE_RT_A(1.0),29/04/26 23:00:00,A,Y25-54,PC_ACT,M,NL,2023-01-01,2.4,,
ESTAT:UNE_RT_A(1.0),29/04/26 23:00:00,A,Y25-54,PC_ACT,M,NO,2023-01-01,2.9,,
ESTAT:UNE_RT_A(1.0),29/04/26 23:00:00,A,Y25-54,PC_ACT,M,PL,2023-01-01,2.2,,
ESTAT:UNE_RT_A(1.0),29/04/26 23:00:00,A,Y25-54,PC_ACT,M,PT,2023-01-01,5.1,,
ESTAT:UNE_RT_A(1.0),29/04/26 23:00:00,A,Y25-54,PC_ACT,M,RO,2023-01-01,5.0,,
ESTAT:UNE_RT_A(1.0),29/04/26 23:00:00,A,Y25-54,PC_ACT,M,RS,2023-01-01,8.2,,
ESTAT:UNE_RT_A(1.0),29/04/26 23:00:00,A,Y25-54,PC_ACT,M,SE,2023-01-01,5.6,,
ESTAT:UNE_RT_A(1.0),29/04/26 23:00:00,A,Y25-54,PC_ACT,M,SI,2023-01-01,2.8,,
ESTAT:UNE_RT_A(1.0),29/04/26 23:00:00,A,Y25-54,PC_ACT,M,SK,2023-01-01,5.1,,
ESTAT:UNE_RT_A(1.0),29/04/26 23:00:00,A,Y25-54,PC_ACT,M,TR,2023-01-01,6.7,,
ESTAT:UNE_RT_A(1.0),29/04/26 23:00:00,A,Y25-54,PC_ACT,T,AT,2023-01-01,4.6,,
ESTAT:UNE_RT_A(1.0),29/04/26 23:00:00,A,Y25-54,PC_ACT,T,BA,2023-01-01,12.6,,
ESTAT:UNE_RT_A(1.0),29/04/26 23:00:00,A,Y25-54,PC_ACT,T,BE,2023-01-01,4.9,,
ESTAT:UNE_RT_A(1.0),29/04/26 23:00:00,A,Y25-54,PC_ACT,T,BG,2023-01-01,4.2,,
ESTAT:UNE_RT_A(1.0),29/04/26 23:00:00,A,Y25-54,PC_ACT,T,CH,2023-01-01,3.7,,
ESTAT:UNE_RT_A(1.0),29/04/26 23:00:00,A,Y25-54,PC_ACT,T,CY,2023-01-01,5.3,,
ESTAT:UNE_RT_A(1.0),29/04/26 23:00:00,A,Y25-54,PC_ACT,T,CZ,2023-01-01,2.3,,
ESTAT:UNE_RT_A(1.0),29/04/26 23:00:00,A,Y25-54,PC_ACT,T,DE,2023-01-01,3.0,,
ESTAT:UNE_RT_A(1.0),29/04/26 23:00:00,A,Y25-54,PC_ACT,T,DK,2023-01-01,4.4,b,
ESTAT:UNE_RT_A(1.0),29/04/26 23:00:00,A,Y25-54,PC_ACT,T,EA20,2023-01-01,6.1,,
ESTAT:UNE_RT_A(1.0),29/04/26 23:00:00,A,Y25-54,PC_ACT,T,EA21,2023-01-01,6.1,,
ESTAT:UNE_RT_A(1.0),29/04/26 23:00:00,A,Y25-54,PC_ACT,T,EE,2023-01-01,5.6,,
ESTAT:UNE_RT_A(1.0),29/04/26 23:00:00,A,Y25-54,PC_ACT,T,EL,2023-01-01,11.0,,
ESTAT:UNE_RT_A(1.0),29/04/26 23:00:00,A,Y25-54,PC_ACT,T,ES,2023-01-01,10.9,d,
ESTAT:UNE_RT_A(1.0),29/04/26 23:00:00,A,Y25-54,PC_ACT,T,EU27_2020,2023-01-01,5.5,,
ESTAT:UNE_RT_A(1.0),29/04/26 23:00:00,A,Y25-54,PC_ACT,T,FI,2023-01-01,5.8,,
ESTAT:UNE_RT_A(1.0),29/04/26 23:00:00,A,Y25-54,PC_ACT,T,FR,2023-01-01,6.4,d,
ESTAT:UNE_RT_A(1.0),29/04/26 23:00:00,A,Y25-54,PC_ACT,T,HR,2023-01-01,5.4,,
ESTAT:UNE_RT_A(1.0),29/04/26 23:00:00,A,Y25-54,PC_ACT,T,HU,2023-01-01,3.6,,
ESTAT:UNE_RT_A(1.0),29/04/26 23:00:00,A,Y25-54,PC_ACT,T,IE,2023-01-01,3.5,,
ESTAT:UNE_RT_A(1.0),29/04/26 23:00:00,A,Y25-54,PC_ACT,T,IS,2023-01-01,3.0,,
ESTAT:UNE_RT_A(1.0),29/04/26 23:00:00,A,Y25-54,PC_ACT,T,IT,2023-01-01,7.5,,
ESTAT:UNE_RT_A(1.0),29/04/26 23:00:00,A,Y25-54,PC_ACT,T,LT,2023-01-01,6.2,,
ESTAT:UNE_RT_A(1.0),29/04/26 23:00:00,A,Y25-54,PC_ACT,T,LU,2023-01-01,4.1,,
ESTAT:UNE_RT_A(1.0),29/04/26 23:00:00,A,Y25-54,PC_ACT,T,LV,2023-01-01,6.4,,
ESTAT:UNE_RT_A(1.0),29/04/26 23:00:00,A,Y25-54,PC_ACT,T,MK,2023-01-01,12.8,,
ESTAT:UNE_RT_A(1.0),29/04/26 23:00:00,A,Y25-54,PC_ACT,T,MT,2023-01-01,3.0,,
ESTAT:UNE_RT_A(1.0),29/04/26 23:00:00,A,Y25-54,PC_ACT,T,NL,2023-01-01,2.5,,
ESTAT:UNE_RT_A(1.0),29/04/26 23:00:00,A,Y25-54,PC_ACT,T,NO,2023-01-01,2.7,,
ESTAT:UNE_RT_A(1.0),29/04/26 23:00:00,A,Y25-54,PC_ACT,T,PL,2023-01-01,2.4,,
ESTAT:UNE_RT_A(1.0),29/04/26 23:00:00,A,Y25-54,PC_ACT,T,PT,2023-01-01,5.6,,
ESTAT:UNE_RT_A(1.0),29/04/26 23:00:00,A,Y25-54,PC_ACT,T,RO,2023-01-01,4.7,,
ESTAT:UNE_RT_A(1.0),29/04/26 23:00:00,A,Y25-54,PC_ACT,T,RS,2023-01-01,8.9,,
ESTAT:UNE_RT_A(1.0),29/04/26 23:00:00,A,Y25-54,PC_ACT,T,SE,2023-01-01,5.9,,
ESTAT:UNE_RT_A(1.0),29/04/26 23:00:00,A,Y25-54,PC_ACT,T,SI,2023-01-01,3.0,,
ESTAT:UNE_RT_A(1.0),29/04/26 23:00:00,A,Y25-54,PC_ACT,T,SK,2023-01-01,5.5,,
ESTAT:UNE_RT_A(1.0),29/04/26 23:00:00,A,Y25-54,PC_ACT,T,TR,2023-01-01,8.4,,
ESTAT:UNE_RT_A(1.0),29/04/26 23:00:00,A,Y55-74,PC_ACT,F,AT,2023-01-01,2.9,,
ESTAT:UNE_RT_A(1.0),29/04/26 23:00:00,A,Y55-74,PC_ACT,F,BA,2023-01-01,9.7,,
ESTAT:UNE_RT_A(1.0),29/04/26 23:00:00,A,Y55-74,PC_ACT,F,BE,2023-01-01,3.2,,
ESTAT:UNE_RT_A(1.0),29/04/26 23:00:00,A,Y55-74,PC_ACT,F,BG,2023-01-01,3.4,,
ESTAT:UNE_RT_A(1.0),29/04/26 23:00:00,A,Y55-74,PC_ACT,F,CH,2023-01-01,3.0,,
ESTAT:UNE_RT_A(1.0),29/04/26 23:00:00,A,Y55-74,PC_ACT,F,CY,2023-01-01,3.8,,
ESTAT:UNE_RT_A(1.0),29/04/26 23:00:00,A,Y55-74,PC_ACT,F,CZ,2023-01-01,2.1,,
ESTAT:UNE_RT_A(1.0),29/04/26 23:00:00,A,Y55-74,PC_ACT,F,DE,2023-01-01,2.0,,
ESTAT:UNE_RT_A(1.0),29/04/26 23:00:00,A,Y55-74,PC_ACT,F,DK,2023-01-01,3.1,b,
ESTAT:UNE_RT_A(1.0),29/04/26 23:00:00,A,Y55-74,PC_ACT,F,EA20,2023-01-01,4.9,,
ESTAT:UNE_RT_A(1.0),29/04/26 23:00:00,A,Y55-74,PC_ACT,F,EA21,2023-01-01,4.9,,
ESTAT:UNE_RT_A(1.0),29/04/26 23:00:00,A,Y55-74,PC_ACT,F,EE,2023-01-01,5.2,,
ESTAT:UNE_RT_A(1.0),29/04/26 23:00:00,A,Y55-74,PC_ACT,F,EL,2023-01-01,9.4,,
ESTAT:UNE_RT_A(1.0),29/04/26 23:00:00,A,Y55-74,PC_ACT,F,ES,2023-01-01,12.9,d,
ESTAT:UNE_RT_A(1.0),29/04/26 23:00:00,A,Y55-74,PC_ACT,F,EU27_2020,2023-01-01,4.5,,
ESTAT:UNE_RT_A(1.0),29/04/26 23:00:00,A,Y55-74,PC_ACT,F,FI,2023-01-01,5.6,,
ESTAT:UNE_RT_A(1.0),29/04/26 23:00:00,A,Y55-74,PC_ACT,F,FR,2023-01-01,5.0,d,
ESTAT:UNE_RT_A(1.0),29/04/26 23:00:00,A,Y55-74,PC_ACT,F,HR,2023-01-01,4.8,u,
ESTAT:UNE_RT_A(1.0),29/04/26 23:00:00,A,Y55-74,PC_ACT,F,HU,2023-01-01,3.1,,
ESTAT:UNE_RT_A(1.0),29/04/26 23:00:00,A,Y55-74,PC_ACT,F,IE,2023-01-01,2.9,u,
ESTAT:UNE_RT_A(1.0),29/04/26 23:00:00,A,Y55-74,PC_ACT,F,IS,2023-01-01,,u,
ESTAT:UNE_RT_A(1.0),29/04/26 23:00:00,A,Y55-74,PC_ACT,F,IT,2023-01-01,4.7,,
ESTAT:UNE_RT_A(1.0),29/04/26 23:00:00,A,Y55-74,PC_ACT,F,LT,2023-01-01,6.1,,
ESTAT:UNE_RT_A(1.0),29/04/26 23:00:00,A,Y55-74,PC_ACT,F,LU,2023-01-01,,u,
ESTAT:UNE_RT_A(1.0),29/04/26 23:00:00,A,Y55-74,PC_ACT,F,LV,2023-01-01,4.4,,
ESTAT:UNE_RT_A(1.0),29/04/26 23:00:00,A,Y55-74,PC_ACT,F,MK,2023-01-01,5.7,,
ESTAT:UNE_RT_A(1.0),29/04/26 23:00:00,A,Y55-74,PC_ACT,F,NL,2023-01-01,2.8,,
ESTAT:UNE_RT_A(1.0),29/04/26 23:00:00,A,Y55-74,PC_ACT,F,NO,2023-01-01,,u,
ESTAT:UNE_RT_A(1.0),29/04/26 23:00:00,A,Y55-74,PC_ACT,F,PL,2023-01-01,1.5,u,
ESTAT:UNE_RT_A(1.0),29/04/26 23:00:00,A,Y55-74,PC_ACT,F,PT,2023-01-01,5.6,,
ESTAT:UNE_RT_A(1.0),29/04/26 23:00:00,A,Y55-74,PC_ACT,F,RO,2023-01-01,3.7,,
ESTAT:UNE_RT_A(1.0),29/04/26 23:00:00,A,Y55-74,PC_ACT,F,RS,2023-01-01,5.6,,
ESTAT:UNE_RT_A(1.0),29/04/26 23:00:00,A,Y55-74,PC_ACT,F,SE,2023-01-01,5.1,,
ESTAT:UNE_RT_A(1.0),29/04/26 23:00:00,A,Y55-74,PC_ACT,F,SI,2023-01-01,3.9,u,
ESTAT:UNE_RT_A(1.0),29/04/26 23:00:00,A,Y55-74,PC_ACT,F,SK,2023-01-01,3.9,,
ESTAT:UNE_RT_A(1.0),29/04/26 23:00:00,A,Y55-74,PC_ACT,F,TR,2023-01-01,3.9,,
ESTAT:UNE_RT_A(1.0),29/04/26 23:00:00,A,Y55-74,PC_ACT,M,AT,2023-01-01,4.6,,
ESTAT:UNE_RT_A(1.0),29/04/26 23:00:00,A,Y55-74,PC_ACT,M,BA,2023-01-01,8.9,,
ESTAT:UNE_RT_A(1.0),29/04/26 23:00:00,A,Y55-74,PC_ACT,M,BE,2023-01-01,3.5,,
ESTAT:UNE_RT_A(1.0),29/04/26 23:00:00,A,Y55-74,PC_ACT,M,BG,2023-01-01,3.5,,
ESTAT:UNE_RT_A(1.0),29/04/26 23:00:00,A,Y55-74,PC_ACT,M,CH,2023-01-01,3.4,,
ESTAT:UNE_RT_A(1.0),29/04/26 23:00:00,A,Y55-74,PC_ACT,M,CY,2023-01-01,4.2,,
ESTAT:UNE_RT_A(1.0),29/04/26 23:00:00,A,Y55-74,PC_ACT,M,CZ,2023-01-01,1.9,,
ESTAT:UNE_RT_A(1.0),29/04/26 23:00:00,A,Y55-74,PC_ACT,M,DE,2023-01-01,2.4,,
ESTAT:UNE_RT_A(1.0),29/04/26 23:00:00,A,Y55-74,PC_ACT,M,DK,2023-01-01,2.9,b,
ESTAT:UNE_RT_A(1.0),29/04/26 23:00:00,A,Y55-74,PC_ACT,M,EA20,2023-01-01,4.5,,
ESTAT:UNE_RT_A(1.0),29/04/26 23:00:00,A,Y55-74,PC_ACT,M,EA21,2023-01-01,4.5,,
ESTAT:UNE_RT_A(1.0),29/04/26 23:00:00,A,Y55-74,PC_ACT,M,EE,2023-01-01,5.1,,
ESTAT:UNE_RT_A(1.0),29/04/26 23:00:00,A,Y55-74,PC_ACT,M,EL,2023-01-01,5.1,,
ESTAT:UNE_RT_A(1.0),29/04/26 23:00:00,A,Y55-74,PC_ACT,M,ES,2023-01-01,9.5,d,
ESTAT:UNE_RT_A(1.0),29/04/26 23:00:00,A,Y55-74,PC_ACT,M,EU27_2020,2023-01-01,4.2,,
ESTAT:UNE_RT_A(1.0),29/04/26 23:00:00,A,Y55-74,PC_ACT,M,FI,2023-01-01,8.0,,
ESTAT:UNE_RT_A(1.0),29/04/26 23:00:00,A,Y55-74,PC_ACT,M,FR,2023-01-01,5.4,d,
ESTAT:UNE_RT_A(1.0),29/04/26 23:00:00,A,Y55-74,PC_ACT,M,HR,2023-01-01,3.4,u,
ESTAT:UNE_RT_A(1.0),29/04/26 23:00:00,A,Y55-74,PC_ACT,M,HU,2023-01-01,3.1,,
ESTAT:UNE_RT_A(1.0),29/04/26 23:00:00,A,Y55-74,PC_ACT,M,IE,2023-01-01,2.8,u,
ESTAT:UNE_RT_A(1.0),29/04/26 23:00:00,A,Y55-74,PC_ACT,M,IS,2023-01-01,,u,
ESTAT:UNE_RT_A(1.0),29/04/26 23:00:00,A,Y55-74,PC_ACT,M,IT,2023-01-01,4.2,,
ESTAT:UNE_RT_A(1.0),29/04/26 23:00:00,A,Y55-74,PC_ACT,M,LT,2023-01-01,8.1,,
ESTAT:UNE_RT_A(1.0),29/04/26 23:00:00,A,Y55-74,PC_ACT,M,LU,2023-01-01,,u,
ESTAT:UNE_RT_A(1.0),29/04/26 23:00:00,A,Y55-74,PC_ACT,M,LV,2023-01-01,6.2,,
ESTAT:UNE_RT_A(1.0),29/04/26 23:00:00,A,Y55-74,PC_ACT,M,MK,2023-01-01,9.2,,
ESTAT:UNE_RT_A(1.0),29/04/26 23:00:00,A,Y55-74,PC_ACT,M,MT,2023-01-01,,u,
ESTAT:UNE_RT_A(1.0),29/04/26 23:00:00,A,Y55-74,PC_ACT,M,NL,2023-01-01,2.3,,
ESTAT:UNE_RT_A(1.0),29/04/26 23:00:00,A,Y55-74,PC_ACT,M,NO,2023-01-01,,u,
ESTAT:UNE_RT_A(1.0),29/04/26 23:00:00,A,Y55-74,PC_ACT,M,PL,2023-01-01,1.9,,
ESTAT:UNE_RT_A(1.0),29/04/26 23:00:00,A,Y55-74,PC_ACT,M,PT,2023-01-01,4.7,,
ESTAT:UNE_RT_A(1.0),29/04/26 23:00:00,A,Y55-74,PC_ACT,M,RO,2023-01-01,4.0,,
ESTAT:UNE_RT_A(1.0),29/04/26 23:00:00,A,Y55-74,PC_ACT,M,RS,2023-01-01,6.8,,
ESTAT:UNE_RT_A(1.0),29/04/26 23:00:00,A,Y55-74,PC_ACT,M,SE,2023-01-01,5.2,,
ESTAT:UNE_RT_A(1.0),29/04/26 23:00:00,A,Y55-74,PC_ACT,M,SI,2023-01-01,3.7,u,
ESTAT:UNE_RT_A(1.0),29/04/26 23:00:00,A,Y55-74,PC_ACT,M,SK,2023-01-01,3.3,,
ESTAT:UNE_RT_A(1.0),29/04/26 23:00:00,A,Y55-74,PC_ACT,M,TR,2023-01-01,5.4,,
ESTAT:UNE_RT_A(1.0),29/04/26 23:00:00,A,Y55-74,PC_ACT,T,AT,2023-01-01,3.9,,
ESTAT:UNE_RT_A(1.0),29/04/26 23:00:00,A,Y55-74,PC_ACT,T,BA,2023-01-01,9.2,,
ESTAT:UNE_RT_A(1.0),29/04/26 23:00:00,A,Y55-74,PC_ACT,T,BE,2023-01-01,3.4,,
ESTAT:UNE_RT_A(1.0),29/04/26 23:00:00,A,Y55-74,PC_ACT,T,BG,2023-01-01,3.4,,
ESTAT:UNE_RT_A(1.0),29/04/26 23:00:00,A,Y55-74,PC_ACT,T,CH,2023-01-01,3.2,,
ESTAT:UNE_RT_A(1.0),29/04/26 23:00:00,A,Y55-74,PC_ACT,T,CY,2023-01-01,4.0,,
ESTAT:UNE_RT_A(1.0),29/04/26 23:00:00,A,Y55-74,PC_ACT,T,CZ,2023-01-01,2.0,,
ESTAT:UNE_RT_A(1.0),29/04/26 23:00:00,A,Y55-74,PC_ACT,T,DE,2023-01-01,2.2,,
ESTAT:UNE_RT_A(1.0),29/04/26 23:00:00,A,Y55-74,PC_ACT,T,DK,2023-01-01,3.0,b,
ESTAT:UNE_RT_A(1.0),29/04/26 23:00:00,A,Y55-74,PC_ACT,T,EA20,2023-01-01,4.7,,
ESTAT:UNE_RT_A(1.0),29/04/26 23:00:00,A,Y55-74,PC_ACT,T,EA21,2023-01-01,4.7,,
ESTAT:UNE_RT_A(1.0),29/04/26 23:00:00,A,Y55-74,PC_ACT,T,EE,2023-01-01,5.2,,
ESTAT:UNE_RT_A(1.0),29/04/26 23:00:00,A,Y55-74,PC_ACT,T,EL,2023-01-01,6.9,,
ESTAT:UNE_RT_A(1.0),29/04/26 23:00:00,A,Y55-74,PC_ACT,T,ES,2023-01-01,11.1,d,
ESTAT:UNE_RT_A(1.0),29/04/26 23:00:00,A,Y55-74,PC_ACT,T,EU27_2020,2023-01-01,4.4,,
ESTAT:UNE_RT_A(1.0),29/04/26 23:00:00,A,Y55-74,PC_ACT,T,FI,2023-01-01,6.8,,
ESTAT:UNE_RT_A(1.0),29/04/26 23:00:00,A,Y55-74,PC_ACT,T,FR,2023-01-01,5.2,d,
ESTAT:UNE_RT_A(1.0),29/04/26 23:00:00,A,Y55-74,PC_ACT,T,HR,2023-01-01,4.1,,
ESTAT:UNE_RT_A(1.0),29/04/26 23:00:00,A,Y55-74,PC_ACT,T,HU,2023-01-01,3.1,,
ESTAT:UNE_RT_A(1.0),29/04/26 23:00:00,A,Y55-74,PC_ACT,T,IE,2023-01-01,2.8,,
ESTAT:UNE_RT_A(1.0),29/04/26 23:00:00,A,Y55-74,PC_ACT,T,IS,2023-01-01,1.3,,
ESTAT:UNE_RT_A(1.0),29/04/26 23:00:00,A,Y55-74,PC_ACT,T,IT,2023-01-01,4.4,,
ESTAT:UNE_RT_A(1.0),29/04/26 23:00:00,A,Y55-74,PC_ACT,T,LT,2023-01-01,7.0,,
ESTAT:UNE_RT_A(1.0),29/04/26 23:00:00,A,Y55-74,PC_ACT,T,LU,2023-01-01,,u,
ESTAT:UNE_RT_A(1.0),29/04/26 23:00:00,A,Y55-74,PC_ACT,T,LV,2023-01-01,5.2,,
ESTAT:UNE_RT_A(1.0),29/04/26 23:00:00,A,Y55-74,PC_ACT,T,MK,2023-01-01,7.9,,
ESTAT:UNE_RT_A(1.0),29/04/26 23:00:00,A,Y55-74,PC_ACT,T,MT,2023-01-01,,u,
ESTAT:UNE_RT_A(1.0),29/04/26 23:00:00,A,Y55-74,PC_ACT,T,NL,2023-01-01,2.5,,
ESTAT:UNE_RT_A(1.0),29/04/26 23:00:00,A,Y55-74,PC_ACT,T,NO,2023-01-01,1.2,u,
ESTAT:UNE_RT_A(1.0),29/04/26 23:00:00,A,Y55-74,PC_ACT,T,PL,2023-01-01,1.7,,
ESTAT:UNE_RT_A(1.0),29/04/26 23:00:00,A,Y55-74,PC_ACT,T,PT,2023-01-01,5.1,,
ESTAT:UNE_RT_A(1.0),29/04/26 23:00:00,A,Y55-74,PC_ACT,T,RO,2023-01-01,3.9,,
ESTAT:UNE_RT_A(1.0),29/04/26 23:00:00,A,Y55-74,PC_ACT,T,RS,2023-01-01,6.3,,
ESTAT:UNE_RT_A(1.0),29/04/26 23:00:00,A,Y55-74,PC_ACT,T,SE,2023-01-01,5.1,,
ESTAT:UNE_RT_A(1.0),29/04/26 23:00:00,A,Y55-74,PC_ACT,T,SI,2023-01-01,3.8,,
ESTAT:UNE_RT_A(1.0),29/04/26 23:00:00,A,Y55-74,PC_ACT,T,SK,2023-01-01,3.6,,
ESTAT:UNE_RT_A(1.0),29/04/26 23:00:00,A,Y55-74,PC_ACT,T,TR,2023-01-01,5.0,,
ESTAT:UNE_RT_A(1.0),29/04/26 23:00:00,A,Y15-24,PC_ACT,F,AT,2024-01-01,10.1,,
ESTAT:UNE_RT_A(1.0),29/04/26 23:00:00,A,Y15-24,PC_ACT,F,BA,2024-01-01,35.6,,
ESTAT:UNE_RT_A(1.0),29/04/26 23:00:00,A,Y15-24,PC_ACT,F,BE,2024-01-01,14.8,,
ESTAT:UNE_RT_A(1.0),29/04/26 23:00:00,A,Y15-24,PC_ACT,F,BG,2024-01-01,11.7,bu,
ESTAT:UNE_RT_A(1.0),29/04/26 23:00:00,A,Y15-24,PC_ACT,F,CH,2024-01-01,8.5,,
ESTAT:UNE_RT_A(1.0),29/04/26 23:00:00,A,Y15-24,PC_ACT,F,CY,2024-01-01,13.6,,
ESTAT:UNE_RT_A(1.0),29/04/26 23:00:00,A,Y15-24,PC_ACT,F,CZ,2024-01-01,9.9,,
ESTAT:UNE_RT_A(1.0),29/04/26 23:00:00,A,Y15-24,PC_ACT,F,DE,2024-01-01,5.9,,
ESTAT:UNE_RT_A(1.0),29/04/26 23:00:00,A,Y15-24,PC_ACT,F,DK,2024-01-01,14.2,,
ESTAT:UNE_RT_A(1.0),29/04/26 23:00:00,A,Y15-24,PC_ACT,F,EA20,2024-01-01,14.3,,
ESTAT:UNE_RT_A(1.0),29/04/26 23:00:00,A,Y15-24,PC_ACT,F,EA21,2024-01-01,14.3,,
ESTAT:UNE_RT_A(1.0),29/04/26 23:00:00,A,Y15-24,PC_ACT,F,EE,2024-01-01,19.3,,
ESTAT:UNE_RT_A(1.0),29/04/26 23:00:00,A,Y15-24,PC_ACT,F,EL,2024-01-01,24.1,,
ESTAT:UNE_RT_A(1.0),29/04/26 23:00:00,A,Y15-24,PC_ACT,F,ES,2024-01-01,27.1,d,
ESTAT:UNE_RT_A(1.0),29/04/26 23:00:00,A,Y15-24,PC_ACT,F,EU27_2020,2024-01-01,14.6,,
ESTAT:UNE_RT_A(1.0),29/04/26 23:00:00,A,Y15-24,PC_ACT,F,FI,2024-01-01,18.0,,
ESTAT:UNE_RT_A(1.0),29/04/26 23:00:00,A,Y15-24,PC_ACT,F,FR,2024-01-01,18.4,d,
ESTAT:UNE_RT_A(1.0),29/04/26 23:00:00,A,Y15-24,PC_ACT,F,HR,2024-01-01,18.2,u,
ESTAT:UNE_RT_A(1.0),29/04/26 23:00:00,A,Y15-24,PC_ACT,F,HU,2024-01-01,14.8,,
ESTAT:UNE_RT_A(1.0),29/04/26 23:00:00,A,Y15-24,PC_ACT,F,IE,2024-01-01,10.3,,
ESTAT:UNE_RT_A(1.0),29/04/26 23:00:00,A,Y15-24,PC_ACT,F,IS,2024-01-01,9.4,,
ESTAT:UNE_RT_A(1.0),29/04/26 23:00:00,A,Y15-24,PC_ACT,F,IT,2024-01-01,22.2,,
ESTAT:UNE_RT_A(1.0),29/04/26 23:00:00,A,Y15-24,PC_ACT,F,LT,2024-01-01,16.4,,
ESTAT:UNE_RT_A(1.0),29/04/26 23:00:00,A,Y15-24,PC_ACT,F,LU,2024-01-01,18.1,u,
ESTAT:UNE_RT_A(1.0),29/04/26 23:00:00,A,Y15-24,PC_ACT,F,LV,2024-01-01,14.1,,
ESTAT:UNE_RT_A(1.0),29/04/26 23:00:00,A,Y15-24,PC_ACT,F,MK,2024-01-01,27.8,,
ESTAT:UNE_RT_A(1.0),29/04/26 23:00:00,A,Y15-24,PC_ACT,F,MT,2024-01-01,8.2,u,
ESTAT:UNE_RT_A(1.0),29/04/26 23:00:00,A,Y15-24,PC_ACT,F,NL,2024-01-01,8.5,,
ESTAT:UNE_RT_A(1.0),29/04/26 23:00:00,A,Y15-24,PC_ACT,F,NO,2024-01-01,11.4,,
ESTAT:UNE_RT_A(1.0),29/04/26 23:00:00,A,Y15-24,PC_ACT,F,PL,2024-01-01,10.9,,
ESTAT:UNE_RT_A(1.0),29/04/26 23:00:00,A,Y15-24,PC_ACT,F,PT,2024-01-01,22.4,,
ESTAT:UNE_RT_A(1.0),29/04/26 23:00:00,A,Y15-24,PC_ACT,F,RO,2024-01-01,25.1,,
ESTAT:UNE_RT_A(1.0),29/04/26 23:00:00,A,Y15-24,PC_ACT,F,RS,2024-01-01,23.1,,
ESTAT:UNE_RT_A(1.0),29/04/26 23:00:00,A,Y15-24,PC_ACT,F,SE,2024-01-01,23.6,,
ESTAT:UNE_RT_A(1.0),29/04/26 23:00:00,A,Y15-24,PC_ACT,F,SI,2024-01-01,10.9,u,
ESTAT:UNE_RT_A(1.0),29/04/26 23:00:00,A,Y15-24,PC_ACT,F,SK,2024-01-01,18.9,,
ESTAT:UNE_RT_A(1.0),29/04/26 23:00:00,A,Y15-24,PC_ACT,F,TR,2024-01-01,22.4,,
ESTAT:UNE_RT_A(1.0),29/04/26 23:00:00,A,Y15-24,PC_ACT,M,AT,2024-01-01,10.4,,
ESTAT:UNE_RT_A(1.0),29/04/26 23:00:00,A,Y15-24,PC_ACT,M,BA,2024-01-01,27.5,,
ESTAT:UNE_RT_A(1.0),29/04/26 23:00:00,A,Y15-24,PC_ACT,M,BE,2024-01-01,19.6,,
ESTAT:UNE_RT_A(1.0),29/04/26 23:00:00,A,Y15-24,PC_ACT,M,BG,2024-01-01,12.8,b,
ESTAT:UNE_RT_A(1.0),29/04/26 23:00:00,A,Y15-24,PC_ACT,M,CH,2024-01-01,8.0,,
ESTAT:UNE_RT_A(1.0),29/04/26 23:00:00,A,Y15-24,PC_ACT,M,CY,2024-01-01,12.4,,
ESTAT:UNE_RT_A(1.0),29/04/26 23:00:00,A,Y15-24,PC_ACT,M,CZ,2024-01-01,8.6,,
ESTAT:UNE_RT_A(1.0),29/04/26 23:00:00,A,Y15-24,PC_ACT,M,DE,2024-01-01,7.1,,
ESTAT:UNE_RT_A(1.0),29/04/26 23:00:00,A,Y15-24,PC_ACT,M,DK,2024-01-01,15.0,,
ESTAT:UNE_RT_A(1.0),29/04/26 23:00:00,A,Y15-24,PC_ACT,M,EA20,2024-01-01,14.9,,
ESTAT:UNE_RT_A(1.0),29/04/26 23:00:00,A,Y15-24,PC_ACT,M,EA21,2024-01-01,14.9,,
ESTAT:UNE_RT_A(1.0),29/04/26 23:00:00,A,Y15-24,PC_ACT,M,EE,2024-01-01,18.9,,
ESTAT:UNE_RT_A(1.0),29/04/26 23:00:00,A,Y15-24,PC_ACT,M,EL,2024-01-01,21.1,,
ESTAT:UNE_RT_A(1.0),29/04/26 23:00:00,A,Y15-24,PC_ACT,M,ES,2024-01-01,26.0,d,
ESTAT:UNE_RT_A(1.0),29/04/26 23:00:00,A,Y15-24,PC_ACT,M,EU27_2020,2024-01-01,15.1,,
ESTAT:UNE_RT_A(1.0),29/04/26 23:00:00,A,Y15-24,PC_ACT,M,FI,2024-01-01,19.6,,
ESTAT:UNE_RT_A(1.0),29/04/26 23:00:00,A,Y15-24,PC_ACT,M,FR,2024-01-01,19.0,d,
ESTAT:UNE_RT_A(1.0),29/04/26 23:00:00,A,Y15-24,PC_ACT,M,HR,2024-01-01,15.9,,
ESTAT:UNE_RT_A(1.0),29/04/26 23:00:00,A,Y15-24,PC_ACT,M,HU,2024-01-01,15.4,,
ESTAT:UNE_RT_A(1.0),29/04/26 23:00:00,A,Y15-24,PC_ACT,M,IE,2024-01-01,10.9,,
ESTAT:UNE_RT_A(1.0),29/04/26 23:00:00,A,Y15-24,PC_ACT,M,IS,2024-01-01,8.8,,
ESTAT:UNE_RT_A(1.0),29/04/26 23:00:00,A,Y15-24,PC_ACT,M,IT,2024-01-01,19.2,,
ESTAT:UNE_RT_A(1.0),29/04/26 23:00:00,A,Y15-24,PC_ACT,M,LT,2024-01-01,16.0,,
ESTAT:UNE_RT_A(1.0),29/04/26 23:00:00,A,Y15-24,PC_ACT,M,LU,2024-01-01,24.4,u,
ESTAT:UNE_RT_A(1.0),29/04/26 23:00:00,A,Y15-24,PC_ACT,M,LV,2024-01-01,13.2,,
ESTAT:UNE_RT_A(1.0),29/04/26 23:00:00,A,Y15-24,PC_ACT,M,MK,2024-01-01,29.6,,
ESTAT:UNE_RT_A(1.0),29/04/26 23:00:00,A,Y15-24,PC_ACT,M,MT,2024-01-01,9.9,,
ESTAT:UNE_RT_A(1.0),29/04/26 23:00:00,A,Y15-24,PC_ACT,M,NL,2024-01-01,8.8,,
ESTAT:UNE_RT_A(1.0),29/04/26 23:00:00,A,Y15-24,PC_ACT,M,NO,2024-01-01,12.7,,
ESTAT:UNE_RT_A(1.0),29/04/26 23:00:00,A,Y15-24,PC_ACT,M,PL,2024-01-01,10.7,,
ESTAT:UNE_RT_A(1.0),29/04/26 23:00:00,A,Y15-24,PC_ACT,M,PT,2024-01-01,20.9,,
ESTAT:UNE_RT_A(1.0),29/04/26 23:00:00,A,Y15-24,PC_ACT,M,RO,2024-01-01,23.2,,
ESTAT:UNE_RT_A(1.0),29/04/26 23:00:00,A,Y15-24,PC_ACT,M,RS,2024-01-01,23.0,,
ESTAT:UNE_RT_A(1.0),29/04/26 23:00:00,A,Y15-24,PC_ACT,M,SE,2024-01-01,24.9,,
ESTAT:UNE_RT_A(1.0),29/04/26 23:00:00,A,Y15-24,PC_ACT,M,SI,2024-01-01,11.0,,
ESTAT:UNE_RT_A(1.0),29/04/26 23:00:00,A,Y15-24,PC_ACT,M,SK,2024-01-01,19.3,,
ESTAT:UNE_RT_A(1.0),29/04/26 23:00:00,A,Y15-24,PC_ACT,M,TR,2024-01-01,13.1,,
ESTAT:UNE_RT_A(1.0),29/04/26 23:00:00,A,Y15-24,PC_ACT,T,AT,2024-01-01,10.3,,
ESTAT:UNE_RT_A(1.0),29/04/26 23:00:00,A,Y15-24,PC_ACT,T,BA,2024-01-01,30.2,,
ESTAT:UNE_RT_A(1.0),29/04/26 23:00:00,A,Y15-24,PC_ACT,T,BE,2024-01-01,17.4,,
ESTAT:UNE_RT_A(1.0),29/04/26 23:00:00,A,Y15-24,PC_ACT,T,BG,2024-01-01,12.3,b,
ESTAT:UNE_RT_A(1.0),29/04/26 23:00:00,A,Y15-24,PC_ACT,T,CH,2024-01-01,8.2,,
ESTAT:UNE_RT_A(1.0),29/04/26 23:00:00,A,Y15-24,PC_ACT,T,CY,2024-01-01,13.0,,
ESTAT:UNE_RT_A(1.0),29/04/26 23:00:00,A,Y15-24,PC_ACT,T,CZ,2024-01-01,9.1,,
ESTAT:UNE_RT_A(1.0),29/04/26 23:00:00,A,Y15-24,PC_ACT,T,DE,2024-01-01,6.5,,
ESTAT:UNE_RT_A(1.0),29/04/26 23:00:00,A,Y15-24,PC_ACT,T,DK,2024-01-01,14.6,,
ESTAT:UNE_RT_A(1.0),29/04/26 23:00:00,A,Y15-24,PC_ACT,T,EA20,2024-01-01,14.6,,
ESTAT:UNE_RT_A(1.0),29/04/26 23:00:00,A,Y15-24,PC_ACT,T,EA21,2024-01-01,14.6,,
ESTAT:UNE_RT_A(1.0),29/04/26 23:00:00,A,Y15-24,PC_ACT,T,EE,2024-01-01,19.1,,
ESTAT:UNE_RT_A(1.0),29/04/26 23:00:00,A,Y15-24,PC_ACT,T,EL,2024-01-01,22.5,,
ESTAT:UNE_RT_A(1.0),29/04/26 23:00:00,A,Y15-24,PC_ACT,T,ES,2024-01-01,26.5,d,
ESTAT:UNE_RT_A(1.0),29/04/26 23:00:00,A,Y15-24,PC_ACT,T,EU27_2020,2024-01-01,14.9,,
ESTAT:UNE_RT_A(1.0),29/04/26 23:00:00,A,Y15-24,PC_ACT,T,FI,2024-01-01,18.8,,
ESTAT:UNE_RT_A(1.0),29/04/26 23:00:00,A,Y15-24,PC_ACT,T,FR,2024-01-01,18.7,d,
ESTAT:UNE_RT_A(1.0),29/04/26 23:00:00,A,Y15-24,PC_ACT,T,HR,2024-01-01,16.8,,
ESTAT:UNE_RT_A(1.0),29/04/26 23:00:00,A,Y15-24,PC_ACT,T,HU,2024-01-01,15.2,,
ESTAT:UNE_RT_A(1.0),29/04/26 23:00:00,A,Y15-24,PC_ACT,T,IE,2024-01-01,10.6,,
ESTAT:UNE_RT_A(1.0),29/04/26 23:00:00,A,Y15-24,PC_ACT,T,IS,2024-01-01,9.1,,
ESTAT:UNE_RT_A(1.0),29/04/26 23:00:00,A,Y15-24,PC_ACT,T,IT,2024-01-01,20.3,,
ESTAT:UNE_RT_A(1.0),29/04/26 23:00:00,A,Y15-24,PC_ACT,T,LT,2024-01-01,16.2,,
ESTAT:UNE_RT_A(1.0),29/04/26 23:00:00,A,Y15-24,PC_ACT,T,LU,2024-01-01,21.6,,
ESTAT:UNE_RT_A(1.0),29/04/26 23:00:00,A,Y15-24,PC_ACT,T,LV,2024-01-01,13.6,,
ESTAT:UNE_RT_A(1.0),29/04/26 23:00:00,A,Y15-24,PC_ACT,T,MK,2024-01-01,28.9,,
ESTAT:UNE_RT_A(1.0),29/04/26 23:00:00,A,Y15-24,PC_ACT,T,MT,2024-01-01,9.2,,
ESTAT:UNE_RT_A(1.0),29/04/26 23:00:00,A,Y15-24,PC_ACT,T,NL,2024-01-01,8.7,,
ESTAT:UNE_RT_A(1.0),29/04/26 23:00:00,A,Y15-24,PC_ACT,T,NO,2024-01-01,12.1,,
ESTAT:UNE_RT_A(1.0),29/04/26 23:00:00,A,Y15-24,PC_ACT,T,PL,2024-01-01,10.8,,
ESTAT:UNE_RT_A(1.0),29/04/26 23:00:00,A,Y15-24,PC_ACT,T,PT,2024-01-01,21.6,,
ESTAT:UNE_RT_A(1.0),29/04/26 23:00:00,A,Y15-24,PC_ACT,T,RO,2024-01-01,23.9,,
ESTAT:UNE_RT_A(1.0),29/04/26 23:00:00,A,Y15-24,PC_ACT,T,RS,2024-01-01,23.0,,
ESTAT:UNE_RT_A(1.0),29/04/26 23:00:00,A,Y15-24,PC_ACT,T,SE,2024-01-01,24.3,,
ESTAT:UNE_RT_A(1.0),29/04/26 23:00:00,A,Y15-24,PC_ACT,T,SI,2024-01-01,10.9,,
ESTAT:UNE_RT_A(1.0),29/04/26 23:00:00,A,Y15-24,PC_ACT,T,SK,2024-01-01,19.2,,
ESTAT:UNE_RT_A(1.0),29/04/26 23:00:00,A,Y15-24,PC_ACT,T,TR,2024-01-01,16.4,,
ESTAT:UNE_RT_A(1.0),29/04/26 23:00:00,A,Y15-74,PC_ACT,F,AT,2024-01-01,4.7,,
ESTAT:UNE_RT_A(1.0),29/04/26 23:00:00,A,Y15-74,PC_ACT,F,BA,2024-01-01,16.6,,
ESTAT:UNE_RT_A(1.0),29/04/26 23:00:00,A,Y15-74,PC_ACT,F,BE,2024-01-01,5.3,,
ESTAT:UNE_RT_A(1.0),29/04/26 23:00:00,A,Y15-74,PC_ACT,F,BG,2024-01-01,3.9,b,
ESTAT:UNE_RT_A(1.0),29/04/26 23:00:00,A,Y15-74,PC_ACT,F,CH,2024-01-01,4.6,,
ESTAT:UNE_RT_A(1.0),29/04/26 23:00:00,A,Y15-74,PC_ACT,F,CY,2024-01-01,5.1,,
ESTAT:UNE_RT_A(1.0),29/04/26 23:00:00,A,Y15-74,PC_ACT,F,CZ,2024-01-01,3.0,,
ESTAT:UNE_RT_A(1.0),29/04/26 23:00:00,A,Y15-74,PC_ACT,F,DE,2024-01-01,3.1,,
ESTAT:UNE_RT_A(1.0),29/04/26 23:00:00,A,Y15-74,PC_ACT,F,DK,2024-01-01,6.5,,
ESTAT:UNE_RT_A(1.0),29/04/26 23:00:00,A,Y15-74,PC_ACT,F,EA20,2024-01-01,6.6,,
ESTAT:UNE_RT_A(1.0),29/04/26 23:00:00,A,Y15-74,PC_ACT,F,EA21,2024-01-01,6.6,,
ESTAT:UNE_RT_A(1.0),29/04/26 23:00:00,A,Y15-74,PC_ACT,F,EE,2024-01-01,7.5,,
ESTAT:UNE_RT_A(1.0),29/04/26 23:00:00,A,Y15-74,PC_ACT,F,EL,2024-01-01,12.8,,
ESTAT:UNE_RT_A(1.0),29/04/26 23:00:00,A,Y15-74,PC_ACT,F,ES,2024-01-01,12.7,d,
ESTAT:UNE_RT_A(1.0),29/04/26 23:00:00,A,Y15-74,PC_ACT,F,EU27_2020,2024-01-01,6.2,,
ESTAT:UNE_RT_A(1.0),29/04/26 23:00:00,A,Y15-74,PC_ACT,F,FI,2024-01-01,7.6,,
ESTAT:UNE_RT_A(1.0),29/04/26 23:00:00,A,Y15-74,PC_ACT,F,FR,2024-01-01,7.2,d,
ESTAT:UNE_RT_A(1.0),29/04/26 23:00:00,A,Y15-74,PC_ACT,F,HR,2024-01-01,5.0,,
ESTAT:UNE_RT_A(1.0),29/04/26 23:00:00,A,Y15-74,PC_ACT,F,HU,2024-01-01,4.4,,
ESTAT:UNE_RT_A(1.0),29/04/26 23:00:00,A,Y15-74,PC_ACT,F,IE,2024-01-01,4.3,,
ESTAT:UNE_RT_A(1.0),29/04/26 23:00:00,A,Y15-74,PC_ACT,F,IS,2024-01-01,3.3,,
ESTAT:UNE_RT_A(1.0),29/04/26 23:00:00,A,Y15-74,PC_ACT,F,IT,2024-01-01,7.3,,
ESTAT:UNE_RT_A(1.0),29/04/26 23:00:00,A,Y15-74,PC_ACT,F,LT,2024-01-01,6.5,,
ESTAT:UNE_RT_A(1.0),29/04/26 23:00:00,A,Y15-74,PC_ACT,F,LU,2024-01-01,6.3,,
ESTAT:UNE_RT_A(1.0),29/04/26 23:00:00,A,Y15-74,PC_ACT,F,LV,2024-01-01,5.8,,
ESTAT:UNE_RT_A(1.0),29/04/26 23:00:00,A,Y15-74,PC_ACT,F,MK,2024-01-01,11.0,,
ESTAT:UNE_RT_A(1.0),29/04/26 23:00:00,A,Y15-74,PC_ACT,F,MT,2024-01-01,3.0,,
ESTAT:UNE_RT_A(1.0),29/04/26 23:00:00,A,Y15-74,PC_ACT,F,NL,2024-01-01,3.8,,
ESTAT:UNE_RT_A(1.0),29/04/26 23:00:00,A,Y15-74,PC_ACT,F,NO,2024-01-01,3.8,,
ESTAT:UNE_RT_A(1.0),29/04/26 23:00:00,A,Y15-74,PC_ACT,F,PL,2024-01-01,3.1,,
ESTAT:UNE_RT_A(1.0),29/04/26 23:00:00,A,Y15-74,PC_ACT,F,PT,2024-01-01,6.9,,
ESTAT:UNE_RT_A(1.0),29/04/26 23:00:00,A,Y15-74,PC_ACT,F,RO,2024-01-01,5.1,,
ESTAT:UNE_RT_A(1.0),29/04/26 23:00:00,A,Y15-74,PC_ACT,F,RS,2024-01-01,8.9,,
ESTAT:UNE_RT_A(1.0),29/04/26 23:00:00,A,Y15-74,PC_ACT,F,SE,2024-01-01,8.5,,
ESTAT:UNE_RT_A(1.0),29/04/26 23:00:00,A,Y15-74,PC_ACT,F,SI,2024-01-01,4.0,,
ESTAT:UNE_RT_A(1.0),29/04/26 23:00:00,A,Y15-74,PC_ACT,F,SK,2024-01-01,5.9,,
ESTAT:UNE_RT_A(1.0),29/04/26 23:00:00,A,Y15-74,PC_ACT,F,TR,2024-01-01,11.8,,
ESTAT:UNE_RT_A(1.0),29/04/26 23:00:00,A,Y15-74,PC_ACT,M,AT,2024-01-01,5.6,,
ESTAT:UNE_RT_A(1.0),29/04/26 23:00:00,A,Y15-74,PC_ACT,M,BA,2024-01-01,10.1,,
ESTAT:UNE_RT_A(1.0),29/04/26 23:00:00,A,Y15-74,PC_ACT,M,BE,2024-01-01,6.1,,
ESTAT:UNE_RT_A(1.0),29/04/26 23:00:00,A,Y15-74,PC_ACT,M,BG,2024-01-01,4.4,b,
ESTAT:UNE_RT_A(1.0),29/04/26 23:00:00,A,Y15-74,PC_ACT,M,CH,2024-01-01,4.2,,
ESTAT:UNE_RT_A(1.0),29/04/26 23:00:00,A,Y15-74,PC_ACT,M,CY,2024-01-01,4.6,,
ESTAT:UNE_RT_A(1.0),29/04/26 23:00:00,A,Y15-74,PC_ACT,M,CZ,2024-01-01,2.3,,
ESTAT:UNE_RT_A(1.0),29/04/26 23:00:00,A,Y15-74,PC_ACT,M,DE,2024-01-01,3.6,,
ESTAT:UNE_RT_A(1.0),29/04/26 23:00:00,A,Y15-74,PC_ACT,M,DK,2024-01-01,5.9,,
ESTAT:UNE_RT_A(1.0),29/04/26 23:00:00,A,Y15-74,PC_ACT,M,EA20,2024-01-01,6.1,,
ESTAT:UNE_RT_A(1.0),29/04/26 23:00:00,A,Y15-74,PC_ACT,M,EA21,2024-01-01,6.1,,
ESTAT:UNE_RT_A(1.0),29/04/26 23:00:00,A,Y15-74,PC_ACT,M,EE,2024-01-01,7.6,,
ESTAT:UNE_RT_A(1.0),29/04/26 23:00:00,A,Y15-74,PC_ACT,M,EL,2024-01-01,8.0,,
ESTAT:UNE_RT_A(1.0),29/04/26 23:00:00,A,Y15-74,PC_ACT,M,ES,2024-01-01,10.2,d,
ESTAT:UNE_RT_A(1.0),29/04/26 23:00:00,A,Y15-74,PC_ACT,M,EU27_2020,2024-01-01,5.7,,
ESTAT:UNE_RT_A(1.0),29/04/26 23:00:00,A,Y15-74,PC_ACT,M,FI,2024-01-01,9.2,,
ESTAT:UNE_RT_A(1.0),29/04/26 23:00:00,A,Y15-74,PC_ACT,M,FR,2024-01-01,7.5,d,
ESTAT:UNE_RT_A(1.0),29/04/26 23:00:00,A,Y15-74,PC_ACT,M,HR,2024-01-01,5.0,,
ESTAT:UNE_RT_A(1.0),29/04/26 23:00:00,A,Y15-74,PC_ACT,M,HU,2024-01-01,4.6,,
ESTAT:UNE_RT_A(1.0),29/04/26 23:00:00,A,Y15-74,PC_ACT,M,IE,2024-01-01,4.3,,
ESTAT:UNE_RT_A(1.0),29/04/26 23:00:00,A,Y15-74,PC_ACT,M,IS,2024-01-01,3.8,,
ESTAT:UNE_RT_A(1.0),29/04/26 23:00:00,A,Y15-74,PC_ACT,M,IT,2024-01-01,5.9,,
ESTAT:UNE_RT_A(1.0),29/04/26 23:00:00,A,Y15-74,PC_ACT,M,LT,2024-01-01,7.8,,
ESTAT:UNE_RT_A(1.0),29/04/26 23:00:00,A,Y15-74,PC_ACT,M,LU,2024-01-01,6.6,,
ESTAT:UNE_RT_A(1.0),29/04/26 23:00:00,A,Y15-74,PC_ACT,M,LV,2024-01-01,8.0,,
ESTAT:UNE_RT_A(1.0),29/04/26 23:00:00,A,Y15-74,PC_ACT,M,MK,2024-01-01,13.3,,
ESTAT:UNE_RT_A(1.0),29/04/26 23:00:00,A,Y15-74,PC_ACT,M,MT,2024-01-01,3.3,,
ESTAT:UNE_RT_A(1.0),29/04/26 23:00:00,A,Y15-74,PC_ACT,M,NL,2024-01-01,3.5,,
ESTAT:UNE_RT_A(1.0),29/04/26 23:00:00,A,Y15-74,PC_ACT,M,NO,2024-01-01,4.2,,
ESTAT:UNE_RT_A(1.0),29/04/26 23:00:00,A,Y15-74,PC_ACT,M,PL,2024-01-01,2.7,,
ESTAT:UNE_RT_A(1.0),29/04/26 23:00:00,A,Y15-74,PC_ACT,M,PT,2024-01-01,6.1,,
ESTAT:UNE_RT_A(1.0),29/04/26 23:00:00,A,Y15-74,PC_ACT,M,RO,2024-01-01,5.7,,
ESTAT:UNE_RT_A(1.0),29/04/26 23:00:00,A,Y15-74,PC_ACT,M,RS,2024-01-01,8.4,,
ESTAT:UNE_RT_A(1.0),29/04/26 23:00:00,A,Y15-74,PC_ACT,M,SE,2024-01-01,8.3,,
ESTAT:UNE_RT_A(1.0),29/04/26 23:00:00,A,Y15-74,PC_ACT,M,SI,2024-01-01,3.5,,
ESTAT:UNE_RT_A(1.0),29/04/26 23:00:00,A,Y15-74,PC_ACT,M,SK,2024-01-01,4.8,,
ESTAT:UNE_RT_A(1.0),29/04/26 23:00:00,A,Y15-74,PC_ACT,M,TR,2024-01-01,7.1,,
ESTAT:UNE_RT_A(1.0),29/04/26 23:00:00,A,Y15-74,PC_ACT,T,AT,2024-01-01,5.2,,
ESTAT:UNE_RT_A(1.0),29/04/26 23:00:00,A,Y15-74,PC_ACT,T,BA,2024-01-01,12.6,,
ESTAT:UNE_RT_A(1.0),29/04/26 23:00:00,A,Y15-74,PC_ACT,T,BE,2024-01-01,5.7,,
ESTAT:UNE_RT_A(1.0),29/04/26 23:00:00,A,Y15-74,PC_ACT,T,BG,2024-01-01,4.2,b,
ESTAT:UNE_RT_A(1.0),29/04/26 23:00:00,A,Y15-74,PC_ACT,T,CH,2024-01-01,4.4,,
ESTAT:UNE_RT_A(1.0),29/04/26 23:00:00,A,Y15-74,PC_ACT,T,CY,2024-01-01,4.9,,
ESTAT:UNE_RT_A(1.0),29/04/26 23:00:00,A,Y15-74,PC_ACT,T,CZ,2024-01-01,2.6,,
ESTAT:UNE_RT_A(1.0),29/04/26 23:00:00,A,Y15-74,PC_ACT,T,DE,2024-01-01,3.4,,
ESTAT:UNE_RT_A(1.0),29/04/26 23:00:00,A,Y15-74,PC_ACT,T,DK,2024-01-01,6.2,,
ESTAT:UNE_RT_A(1.0),29/04/26 23:00:00,A,Y15-74,PC_ACT,T,EA20,2024-01-01,6.4,,
ESTAT:UNE_RT_A(1.0),29/04/26 23:00:00,A,Y15-74,PC_ACT,T,EA21,2024-01-01,6.3,,
ESTAT:UNE_RT_A(1.0),29/04/26 23:00:00,A,Y15-74,PC_ACT,T,EE,2024-01-01,7.6,,
ESTAT:UNE_RT_A(1.0),29/04/26 23:00:00,A,Y15-74,PC_ACT,T,EL,2024-01-01,10.1,,
ESTAT:UNE_RT_A(1.0),29/04/26 23:00:00,A,Y15-74,PC_ACT,T,ES,2024-01-01,11.4,d,
ESTAT:UNE_RT_A(1.0),29/04/26 23:00:00,A,Y15-74,PC_ACT,T,EU27_2020,2024-01-01,5.9,,
ESTAT:UNE_RT_A(1.0),29/04/26 23:00:00,A,Y15-74,PC_ACT,T,FI,2024-01-01,8.4,,
ESTAT:UNE_RT_A(1.0),29/04/26 23:00:00,A,Y15-74,PC_ACT,T,FR,2024-01-01,7.4,d,
ESTAT:UNE_RT_A(1.0),29/04/26 23:00:00,A,Y15-74,PC_ACT,T,HR,2024-01-01,5.0,,
ESTAT:UNE_RT_A(1.0),29/04/26 23:00:00,A,Y15-74,PC_ACT,T,HU,2024-01-01,4.5,,
ESTAT:UNE_RT_A(1.0),29/04/26 23:00:00,A,Y15-74,PC_ACT,T,IE,2024-01-01,4.3,,
ESTAT:UNE_RT_A(1.0),29/04/26 23:00:00,A,Y15-74,PC_ACT,T,IS,2024-01-01,3.6,,
ESTAT:UNE_RT_A(1.0),29/04/26 23:00:00,A,Y15-74,PC_ACT,T,IT,2024-01-01,6.5,,
ESTAT:UNE_RT_A(1.0),29/04/26 23:00:00,A,Y15-74,PC_ACT,T,LT,2024-01-01,7.1,,
ESTAT:UNE_RT_A(1.0),29/04/26 23:00:00,A,Y15-74,PC_ACT,T,LU,2024-01-01,6.4,,
ESTAT:UNE_RT_A(1.0),29/04/26 23:00:00,A,Y15-74,PC_ACT,T,LV,2024-01-01,6.9,,
ESTAT:UNE_RT_A(1.0),29/04/26 23:00:00,A,Y15-74,PC_ACT,T,MK,2024-01-01,12.3,,
ESTAT:UNE_RT_A(1.0),29/04/26 23:00:00,A,Y15-74,PC_ACT,T,MT,2024-01-01,3.2,,
ESTAT:UNE_RT_A(1.0),29/04/26 23:00:00,A,Y15-74,PC_ACT,T,NL,2024-01-01,3.7,,
ESTAT:UNE_RT_A(1.0),29/04/26 23:00:00,A,Y15-74,PC_ACT,T,NO,2024-01-01,4.0,,
ESTAT:UNE_RT_A(1.0),29/04/26 23:00:00,A,Y15-74,PC_ACT,T,PL,2024-01-01,2.9,,
ESTAT:UNE_RT_A(1.0),29/04/26 23:00:00,A,Y15-74,PC_ACT,T,PT,2024-01-01,6.5,,
ESTAT:UNE_RT_A(1.0),29/04/26 23:00:00,A,Y15-74,PC_ACT,T,RO,2024-01-01,5.4,,
ESTAT:UNE_RT_A(1.0),29/04/26 23:00:00,A,Y15-74,PC_ACT,T,RS,2024-01-01,8.6,,
ESTAT:UNE_RT_A(1.0),29/04/26 23:00:00,A,Y15-74,PC_ACT,T,SE,2024-01-01,8.4,,
ESTAT:UNE_RT_A(1.0),29/04/26 23:00:00,A,Y15-74,PC_ACT,T,SI,2024-01-01,3.7,,
ESTAT:UNE_RT_A(1.0),29/04/26 23:00:00,A,Y15-74,PC_ACT,T,SK,2024-01-01,5.3,,
ESTAT:UNE_RT_A(1.0),29/04/26 23:00:00,A,Y15-74,PC_ACT,T,TR,2024-01-01,8.8,,
ESTAT:UNE_RT_A(1.0),29/04/26 23:00:00,A,Y25-54,PC_ACT,F,AT,2024-01-01,4.5,,
ESTAT:UNE_RT_A(1.0),29/04/26 23:00:00,A,Y25-54,PC_ACT,F,BA,2024-01-01,16.9,,
ESTAT:UNE_RT_A(1.0),29/04/26 23:00:00,A,Y25-54,PC_ACT,F,BE,2024-01-01,4.8,,
ESTAT:UNE_RT_A(1.0),29/04/26 23:00:00,A,Y25-54,PC_ACT,F,BG,2024-01-01,3.8,b,
ESTAT:UNE_RT_A(1.0),29/04/26 23:00:00,A,Y25-54,PC_ACT,F,CH,2024-01-01,4.5,,
ESTAT:UNE_RT_A(1.0),29/04/26 23:00:00,A,Y25-54,PC_ACT,F,CY,2024-01-01,4.9,,
ESTAT:UNE_RT_A(1.0),29/04/26 23:00:00,A,Y25-54,PC_ACT,F,CZ,2024-01-01,2.8,,
ESTAT:UNE_RT_A(1.0),29/04/26 23:00:00,A,Y25-54,PC_ACT,F,DE,2024-01-01,3.1,,
ESTAT:UNE_RT_A(1.0),29/04/26 23:00:00,A,Y25-54,PC_ACT,F,DK,2024-01-01,5.5,,
ESTAT:UNE_RT_A(1.0),29/04/26 23:00:00,A,Y25-54,PC_ACT,F,EA20,2024-01-01,6.3,,
ESTAT:UNE_RT_A(1.0),29/04/26 23:00:00,A,Y25-54,PC_ACT,F,EA21,2024-01-01,6.2,,
ESTAT:UNE_RT_A(1.0),29/04/26 23:00:00,A,Y25-54,PC_ACT,F,EE,2024-01-01,7.1,,
ESTAT:UNE_RT_A(1.0),29/04/26 23:00:00,A,Y25-54,PC_ACT,F,EL,2024-01-01,12.8,,
ESTAT:UNE_RT_A(1.0),29/04/26 23:00:00,A,Y25-54,PC_ACT,F,ES,2024-01-01,11.5,d,
ESTAT:UNE_RT_A(1.0),29/04/26 23:00:00,A,Y25-54,PC_ACT,F,EU27_2020,2024-01-01,5.7,,
ESTAT:UNE_RT_A(1.0),29/04/26 23:00:00,A,Y25-54,PC_ACT,F,FI,2024-01-01,6.3,,
ESTAT:UNE_RT_A(1.0),29/04/26 23:00:00,A,Y25-54,PC_ACT,F,FR,2024-01-01,6.3,d,
ESTAT:UNE_RT_A(1.0),29/04/26 23:00:00,A,Y25-54,PC_ACT,F,HR,2024-01-01,4.2,,
ESTAT:UNE_RT_A(1.0),29/04/26 23:00:00,A,Y25-54,PC_ACT,F,HU,2024-01-01,3.7,,
ESTAT:UNE_RT_A(1.0),29/04/26 23:00:00,A,Y25-54,PC_ACT,F,IE,2024-01-01,3.5,,
ESTAT:UNE_RT_A(1.0),29/04/26 23:00:00,A,Y25-54,PC_ACT,F,IS,2024-01-01,2.0,,
ESTAT:UNE_RT_A(1.0),29/04/26 23:00:00,A,Y25-54,PC_ACT,F,IT,2024-01-01,7.5,,
ESTAT:UNE_RT_A(1.0),29/04/26 23:00:00,A,Y25-54,PC_ACT,F,LT,2024-01-01,5.7,,
ESTAT:UNE_RT_A(1.0),29/04/26 23:00:00,A,Y25-54,PC_ACT,F,LU,2024-01-01,5.6,,
ESTAT:UNE_RT_A(1.0),29/04/26 23:00:00,A,Y25-54,PC_ACT,F,LV,2024-01-01,5.7,,
ESTAT:UNE_RT_A(1.0),29/04/26 23:00:00,A,Y25-54,PC_ACT,F,MK,2024-01-01,10.5,,
ESTAT:UNE_RT_A(1.0),29/04/26 23:00:00,A,Y25-54,PC_ACT,F,MT,2024-01-01,2.6,,
ESTAT:UNE_RT_A(1.0),29/04/26 23:00:00,A,Y25-54,PC_ACT,F,NL,2024-01-01,2.9,,
ESTAT:UNE_RT_A(1.0),29/04/26 23:00:00,A,Y25-54,PC_ACT,F,NO,2024-01-01,2.8,,
ESTAT:UNE_RT_A(1.0),29/04/26 23:00:00,A,Y25-54,PC_ACT,F,PL,2024-01-01,2.8,,
ESTAT:UNE_RT_A(1.0),29/04/26 23:00:00,A,Y25-54,PC_ACT,F,PT,2024-01-01,5.9,,
ESTAT:UNE_RT_A(1.0),29/04/26 23:00:00,A,Y25-54,PC_ACT,F,RO,2024-01-01,4.1,,
ESTAT:UNE_RT_A(1.0),29/04/26 23:00:00,A,Y25-54,PC_ACT,F,RS,2024-01-01,8.5,,
ESTAT:UNE_RT_A(1.0),29/04/26 23:00:00,A,Y25-54,PC_ACT,F,SE,2024-01-01,6.8,,
ESTAT:UNE_RT_A(1.0),29/04/26 23:00:00,A,Y25-54,PC_ACT,F,SI,2024-01-01,3.6,,
ESTAT:UNE_RT_A(1.0),29/04/26 23:00:00,A,Y25-54,PC_ACT,F,SK,2024-01-01,5.9,,
ESTAT:UNE_RT_A(1.0),29/04/26 23:00:00,A,Y25-54,PC_ACT,F,TR,2024-01-01,10.8,,
ESTAT:UNE_RT_A(1.0),29/04/26 23:00:00,A,Y25-54,PC_ACT,M,AT,2024-01-01,5.1,,
ESTAT:UNE_RT_A(1.0),29/04/26 23:00:00,A,Y25-54,PC_ACT,M,BA,2024-01-01,9.1,,
ESTAT:UNE_RT_A(1.0),29/04/26 23:00:00,A,Y25-54,PC_ACT,M,BE,2024-01-01,5.3,,
ESTAT:UNE_RT_A(1.0),29/04/26 23:00:00,A,Y25-54,PC_ACT,M,BG,2024-01-01,4.3,b,
ESTAT:UNE_RT_A(1.0),29/04/26 23:00:00,A,Y25-54,PC_ACT,M,CH,2024-01-01,3.7,,
ESTAT:UNE_RT_A(1.0),29/04/26 23:00:00,A,Y25-54,PC_ACT,M,CY,2024-01-01,4.5,,
ESTAT:UNE_RT_A(1.0),29/04/26 23:00:00,A,Y25-54,PC_ACT,M,CZ,2024-01-01,1.9,,
ESTAT:UNE_RT_A(1.0),29/04/26 23:00:00,A,Y25-54,PC_ACT,M,DE,2024-01-01,3.6,,
ESTAT:UNE_RT_A(1.0),29/04/26 23:00:00,A,Y25-54,PC_ACT,M,DK,2024-01-01,4.6,,
ESTAT:UNE_RT_A(1.0),29/04/26 23:00:00,A,Y25-54,PC_ACT,M,EA20,2024-01-01,5.6,,
ESTAT:UNE_RT_A(1.0),29/04/26 23:00:00,A,Y25-54,PC_ACT,M,EA21,2024-01-01,5.5,,
ESTAT:UNE_RT_A(1.0),29/04/26 23:00:00,A,Y25-54,PC_ACT,M,EE,2024-01-01,6.8,,
ESTAT:UNE_RT_A(1.0),29/04/26 23:00:00,A,Y25-54,PC_ACT,M,EL,2024-01-01,7.9,,
ESTAT:UNE_RT_A(1.0),29/04/26 23:00:00,A,Y25-54,PC_ACT,M,ES,2024-01-01,8.9,d,
ESTAT:UNE_RT_A(1.0),29/04/26 23:00:00,A,Y25-54,PC_ACT,M,EU27_2020,2024-01-01,5.1,,
ESTAT:UNE_RT_A(1.0),29/04/26 23:00:00,A,Y25-54,PC_ACT,M,FI,2024-01-01,7.7,,
ESTAT:UNE_RT_A(1.0),29/04/26 23:00:00,A,Y25-54,PC_ACT,M,FR,2024-01-01,6.3,d,
ESTAT:UNE_RT_A(1.0),29/04/26 23:00:00,A,Y25-54,PC_ACT,M,HR,2024-01-01,4.5,,
ESTAT:UNE_RT_A(1.0),29/04/26 23:00:00,A,Y25-54,PC_ACT,M,HU,2024-01-01,3.9,,
ESTAT:UNE_RT_A(1.0),29/04/26 23:00:00,A,Y25-54,PC_ACT,M,IE,2024-01-01,3.5,,
ESTAT:UNE_RT_A(1.0),29/04/26 23:00:00,A,Y25-54,PC_ACT,M,IS,2024-01-01,3.3,,
ESTAT:UNE_RT_A(1.0),29/04/26 23:00:00,A,Y25-54,PC_ACT,M,IT,2024-01-01,5.6,,
ESTAT:UNE_RT_A(1.0),29/04/26 23:00:00,A,Y25-54,PC_ACT,M,LT,2024-01-01,6.6,,
ESTAT:UNE_RT_A(1.0),29/04/26 23:00:00,A,Y25-54,PC_ACT,M,LU,2024-01-01,5.3,,
ESTAT:UNE_RT_A(1.0),29/04/26 23:00:00,A,Y25-54,PC_ACT,M,LV,2024-01-01,8.0,,
ESTAT:UNE_RT_A(1.0),29/04/26 23:00:00,A,Y25-54,PC_ACT,M,MK,2024-01-01,12.3,,
ESTAT:UNE_RT_A(1.0),29/04/26 23:00:00,A,Y25-54,PC_ACT,M,MT,2024-01-01,2.6,,
ESTAT:UNE_RT_A(1.0),29/04/26 23:00:00,A,Y25-54,PC_ACT,M,NL,2024-01-01,2.4,,
ESTAT:UNE_RT_A(1.0),29/04/26 23:00:00,A,Y25-54,PC_ACT,M,NO,2024-01-01,3.2,,
ESTAT:UNE_RT_A(1.0),29/04/26 23:00:00,A,Y25-54,PC_ACT,M,PL,2024-01-01,2.1,,
ESTAT:UNE_RT_A(1.0),29/04/26 23:00:00,A,Y25-54,PC_ACT,M,PT,2024-01-01,5.0,,
ESTAT:UNE_RT_A(1.0),29/04/26 23:00:00,A,Y25-54,PC_ACT,M,RO,2024-01-01,4.8,,
ESTAT:UNE_RT_A(1.0),29/04/26 23:00:00,A,Y25-54,PC_ACT,M,RS,2024-01-01,7.6,,
ESTAT:UNE_RT_A(1.0),29/04/26 23:00:00,A,Y25-54,PC_ACT,M,SE,2024-01-01,6.1,,
ESTAT:UNE_RT_A(1.0),29/04/26 23:00:00,A,Y25-54,PC_ACT,M,SI,2024-01-01,2.5,,
ESTAT:UNE_RT_A(1.0),29/04/26 23:00:00,A,Y25-54,PC_ACT,M,SK,2024-01-01,4.2,,
ESTAT:UNE_RT_A(1.0),29/04/26 23:00:00,A,Y25-54,PC_ACT,M,TR,2024-01-01,6.2,,
ESTAT:UNE_RT_A(1.0),29/04/26 23:00:00,A,Y25-54,PC_ACT,T,AT,2024-01-01,4.8,,
ESTAT:UNE_RT_A(1.0),29/04/26 23:00:00,A,Y25-54,PC_ACT,T,BA,2024-01-01,12.2,,
ESTAT:UNE_RT_A(1.0),29/04/26 23:00:00,A,Y25-54,PC_ACT,T,BE,2024-01-01,5.0,,
ESTAT:UNE_RT_A(1.0),29/04/26 23:00:00,A,Y25-54,PC_ACT,T,BG,2024-01-01,4.1,b,
ESTAT:UNE_RT_A(1.0),29/04/26 23:00:00,A,Y25-54,PC_ACT,T,CH,2024-01-01,4.1,,
ESTAT:UNE_RT_A(1.0),29/04/26 23:00:00,A,Y25-54,PC_ACT,T,CY,2024-01-01,4.7,,
ESTAT:UNE_RT_A(1.0),29/04/26 23:00:00,A,Y25-54,PC_ACT,T,CZ,2024-01-01,2.3,,
ESTAT:UNE_RT_A(1.0),29/04/26 23:00:00,A,Y25-54,PC_ACT,T,DE,2024-01-01,3.4,,
ESTAT:UNE_RT_A(1.0),29/04/26 23:00:00,A,Y25-54,PC_ACT,T,DK,2024-01-01,5.0,,
ESTAT:UNE_RT_A(1.0),29/04/26 23:00:00,A,Y25-54,PC_ACT,T,EA20,2024-01-01,5.9,,
ESTAT:UNE_RT_A(1.0),29/04/26 23:00:00,A,Y25-54,PC_ACT,T,EA21,2024-01-01,5.9,,
ESTAT:UNE_RT_A(1.0),29/04/26 23:00:00,A,Y25-54,PC_ACT,T,EE,2024-01-01,6.9,,
ESTAT:UNE_RT_A(1.0),29/04/26 23:00:00,A,Y25-54,PC_ACT,T,EL,2024-01-01,10.1,,
ESTAT:UNE_RT_A(1.0),29/04/26 23:00:00,A,Y25-54,PC_ACT,T,ES,2024-01-01,10.1,d,
ESTAT:UNE_RT_A(1.0),29/04/26 23:00:00,A,Y25-54,PC_ACT,T,EU27_2020,2024-01-01,5.4,,
ESTAT:UNE_RT_A(1.0),29/04/26 23:00:00,A,Y25-54,PC_ACT,T,FI,2024-01-01,7.0,,
ESTAT:UNE_RT_A(1.0),29/04/26 23:00:00,A,Y25-54,PC_ACT,T,FR,2024-01-01,6.3,d,
ESTAT:UNE_RT_A(1.0),29/04/26 23:00:00,A,Y25-54,PC_ACT,T,HR,2024-01-01,4.4,,
ESTAT:UNE_RT_A(1.0),29/04/26 23:00:00,A,Y25-54,PC_ACT,T,HU,2024-01-01,3.8,,
ESTAT:UNE_RT_A(1.0),29/04/26 23:00:00,A,Y25-54,PC_ACT,T,IE,2024-01-01,3.5,,
ESTAT:UNE_RT_A(1.0),29/04/26 23:00:00,A,Y25-54,PC_ACT,T,IS,2024-01-01,2.7,,
ESTAT:UNE_RT_A(1.0),29/04/26 23:00:00,A,Y25-54,PC_ACT,T,IT,2024-01-01,6.4,,
ESTAT:UNE_RT_A(1.0),29/04/26 23:00:00,A,Y25-54,PC_ACT,T,LT,2024-01-01,6.2,,
ESTAT:UNE_RT_A(1.0),29/04/26 23:00:00,A,Y25-54,PC_ACT,T,LU,2024-01-01,5.5,,
ESTAT:UNE_RT_A(1.0),29/04/26 23:00:00,A,Y25-54,PC_ACT,T,LV,2024-01-01,6.9,,
ESTAT:UNE_RT_A(1.0),29/04/26 23:00:00,A,Y25-54,PC_ACT,T,MK,2024-01-01,11.5,,
ESTAT:UNE_RT_A(1.0),29/04/26 23:00:00,A,Y25-54,PC_ACT,T,MT,2024-01-01,2.6,,
ESTAT:UNE_RT_A(1.0),29/04/26 23:00:00,A,Y25-54,PC_ACT,T,NL,2024-01-01,2.7,,
ESTAT:UNE_RT_A(1.0),29/04/26 23:00:00,A,Y25-54,PC_ACT,T,NO,2024-01-01,3.0,,
ESTAT:UNE_RT_A(1.0),29/04/26 23:00:00,A,Y25-54,PC_ACT,T,PL,2024-01-01,2.4,,
ESTAT:UNE_RT_A(1.0),29/04/26 23:00:00,A,Y25-54,PC_ACT,T,PT,2024-01-01,5.5,,
ESTAT:UNE_RT_A(1.0),29/04/26 23:00:00,A,Y25-54,PC_ACT,T,RO,2024-01-01,4.5,,
ESTAT:UNE_RT_A(1.0),29/04/26 23:00:00,A,Y25-54,PC_ACT,T,RS,2024-01-01,8.1,,
ESTAT:UNE_RT_A(1.0),29/04/26 23:00:00,A,Y25-54,PC_ACT,T,SE,2024-01-01,6.4,,
ESTAT:UNE_RT_A(1.0),29/04/26 23:00:00,A,Y25-54,PC_ACT,T,SI,2024-01-01,3.0,,
ESTAT:UNE_RT_A(1.0),29/04/26 23:00:00,A,Y25-54,PC_ACT,T,SK,2024-01-01,5.0,,
ESTAT:UNE_RT_A(1.0),29/04/26 23:00:00,A,Y25-54,PC_ACT,T,TR,2024-01-01,7.8,,
ESTAT:UNE_RT_A(1.0),29/04/26 23:00:00,A,Y55-74,PC_ACT,F,AT,2024-01-01,2.6,,
ESTAT:UNE_RT_A(1.0),29/04/26 23:00:00,A,Y55-74,PC_ACT,F,BA,2024-01-01,9.0,,
ESTAT:UNE_RT_A(1.0),29/04/26 23:00:00,A,Y55-74,PC_ACT,F,BE,2024-01-01,3.1,,
ESTAT:UNE_RT_A(1.0),29/04/26 23:00:00,A,Y55-74,PC_ACT,F,BG,2024-01-01,3.2,b,
ESTAT:UNE_RT_A(1.0),29/04/26 23:00:00,A,Y55-74,PC_ACT,F,CH,2024-01-01,2.8,,
ESTAT:UNE_RT_A(1.0),29/04/26 23:00:00,A,Y55-74,PC_ACT,F,CY,2024-01-01,3.1,u,
ESTAT:UNE_RT_A(1.0),29/04/26 23:00:00,A,Y55-74,PC_ACT,F,CZ,2024-01-01,2.0,,
ESTAT:UNE_RT_A(1.0),29/04/26 23:00:00,A,Y55-74,PC_ACT,F,DE,2024-01-01,2.1,,
ESTAT:UNE_RT_A(1.0),29/04/26 23:00:00,A,Y55-74,PC_ACT,F,DK,2024-01-01,3.8,,
ESTAT:UNE_RT_A(1.0),29/04/26 23:00:00,A,Y55-74,PC_ACT,F,EA20,2024-01-01,4.7,,
ESTAT:UNE_RT_A(1.0),29/04/26 23:00:00,A,Y55-74,PC_ACT,F,EA21,2024-01-01,4.6,,
ESTAT:UNE_RT_A(1.0),29/04/26 23:00:00,A,Y55-74,PC_ACT,F,EE,2024-01-01,4.9,,
ESTAT:UNE_RT_A(1.0),29/04/26 23:00:00,A,Y55-74,PC_ACT,F,EL,2024-01-01,9.7,,
ESTAT:UNE_RT_A(1.0),29/04/26 23:00:00,A,Y55-74,PC_ACT,F,ES,2024-01-01,11.9,d,
ESTAT:UNE_RT_A(1.0),29/04/26 23:00:00,A,Y55-74,PC_ACT,F,EU27_2020,2024-01-01,4.3,,
ESTAT:UNE_RT_A(1.0),29/04/26 23:00:00,A,Y55-74,PC_ACT,F,FI,2024-01-01,5.8,,
ESTAT:UNE_RT_A(1.0),29/04/26 23:00:00,A,Y55-74,PC_ACT,F,FR,2024-01-01,4.9,d,
ESTAT:UNE_RT_A(1.0),29/04/26 23:00:00,A,Y55-74,PC_ACT,F,HR,2024-01-01,4.3,u,
ESTAT:UNE_RT_A(1.0),29/04/26 23:00:00,A,Y55-74,PC_ACT,F,HU,2024-01-01,3.8,,
ESTAT:UNE_RT_A(1.0),29/04/26 23:00:00,A,Y55-74,PC_ACT,F,IE,2024-01-01,2.9,u,
ESTAT:UNE_RT_A(1.0),29/04/26 23:00:00,A,Y55-74,PC_ACT,F,IS,2024-01-01,2.6,,
ESTAT:UNE_RT_A(1.0),29/04/26 23:00:00,A,Y55-74,PC_ACT,F,IT,2024-01-01,3.9,,
ESTAT:UNE_RT_A(1.0),29/04/26 23:00:00,A,Y55-74,PC_ACT,F,LT,2024-01-01,6.0,,
ESTAT:UNE_RT_A(1.0),29/04/26 23:00:00,A,Y55-74,PC_ACT,F,LU,2024-01-01,,u,
ESTAT:UNE_RT_A(1.0),29/04/26 23:00:00,A,Y55-74,PC_ACT,F,LV,2024-01-01,4.3,,
ESTAT:UNE_RT_A(1.0),29/04/26 23:00:00,A,Y55-74,PC_ACT,F,MK,2024-01-01,6.2,,
ESTAT:UNE_RT_A(1.0),29/04/26 23:00:00,A,Y55-74,PC_ACT,F,MT,2024-01-01,,u,
ESTAT:UNE_RT_A(1.0),29/04/26 23:00:00,A,Y55-74,PC_ACT,F,NL,2024-01-01,2.3,,
ESTAT:UNE_RT_A(1.0),29/04/26 23:00:00,A,Y55-74,PC_ACT,F,NO,2024-01-01,,u,
ESTAT:UNE_RT_A(1.0),29/04/26 23:00:00,A,Y55-74,PC_ACT,F,PL,2024-01-01,1.5,u,
ESTAT:UNE_RT_A(1.0),29/04/26 23:00:00,A,Y55-74,PC_ACT,F,PT,2024-01-01,5.3,,
ESTAT:UNE_RT_A(1.0),29/04/26 23:00:00,A,Y55-74,PC_ACT,F,RO,2024-01-01,2.5,,
ESTAT:UNE_RT_A(1.0),29/04/26 23:00:00,A,Y55-74,PC_ACT,F,RS,2024-01-01,6.2,,
ESTAT:UNE_RT_A(1.0),29/04/26 23:00:00,A,Y55-74,PC_ACT,F,SE,2024-01-01,5.4,,
ESTAT:UNE_RT_A(1.0),29/04/26 23:00:00,A,Y55-74,PC_ACT,F,SI,2024-01-01,3.2,u,
ESTAT:UNE_RT_A(1.0),29/04/26 23:00:00,A,Y55-74,PC_ACT,F,SK,2024-01-01,3.5,u,
ESTAT:UNE_RT_A(1.0),29/04/26 23:00:00,A,Y55-74,PC_ACT,F,TR,2024-01-01,3.8,,
ESTAT:UNE_RT_A(1.0),29/04/26 23:00:00,A,Y55-74,PC_ACT,M,AT,2024-01-01,4.4,,
ESTAT:UNE_RT_A(1.0),29/04/26 23:00:00,A,Y55-74,PC_ACT,M,BA,2024-01-01,7.9,,
ESTAT:UNE_RT_A(1.0),29/04/26 23:00:00,A,Y55-74,PC_ACT,M,BE,2024-01-01,3.4,,
ESTAT:UNE_RT_A(1.0),29/04/26 23:00:00,A,Y55-74,PC_ACT,M,BG,2024-01-01,3.0,b,
ESTAT:UNE_RT_A(1.0),29/04/26 23:00:00,A,Y55-74,PC_ACT,M,CH,2024-01-01,3.6,,
ESTAT:UNE_RT_A(1.0),29/04/26 23:00:00,A,Y55-74,PC_ACT,M,CY,2024-01-01,2.7,,
ESTAT:UNE_RT_A(1.0),29/04/26 23:00:00,A,Y55-74,PC_ACT,M,CZ,2024-01-01,1.7,,
ESTAT:UNE_RT_A(1.0),29/04/26 23:00:00,A,Y55-74,PC_ACT,M,DE,2024-01-01,2.3,,
ESTAT:UNE_RT_A(1.0),29/04/26 23:00:00,A,Y55-74,PC_ACT,M,DK,2024-01-01,3.8,,
ESTAT:UNE_RT_A(1.0),29/04/26 23:00:00,A,Y55-74,PC_ACT,M,EA20,2024-01-01,4.2,,
ESTAT:UNE_RT_A(1.0),29/04/26 23:00:00,A,Y55-74,PC_ACT,M,EA21,2024-01-01,4.2,,
ESTAT:UNE_RT_A(1.0),29/04/26 23:00:00,A,Y55-74,PC_ACT,M,EE,2024-01-01,6.1,,
ESTAT:UNE_RT_A(1.0),29/04/26 23:00:00,A,Y55-74,PC_ACT,M,EL,2024-01-01,5.1,,
ESTAT:UNE_RT_A(1.0),29/04/26 23:00:00,A,Y55-74,PC_ACT,M,ES,2024-01-01,8.8,d,
ESTAT:UNE_RT_A(1.0),29/04/26 23:00:00,A,Y55-74,PC_ACT,M,EU27_2020,2024-01-01,4.0,,
ESTAT:UNE_RT_A(1.0),29/04/26 23:00:00,A,Y55-74,PC_ACT,M,FI,2024-01-01,8.4,,
ESTAT:UNE_RT_A(1.0),29/04/26 23:00:00,A,Y55-74,PC_ACT,M,FR,2024-01-01,5.2,d,
ESTAT:UNE_RT_A(1.0),29/04/26 23:00:00,A,Y55-74,PC_ACT,M,HR,2024-01-01,2.4,u,
ESTAT:UNE_RT_A(1.0),29/04/26 23:00:00,A,Y55-74,PC_ACT,M,HU,2024-01-01,3.3,,
ESTAT:UNE_RT_A(1.0),29/04/26 23:00:00,A,Y55-74,PC_ACT,M,IE,2024-01-01,2.7,u,
ESTAT:UNE_RT_A(1.0),29/04/26 23:00:00,A,Y55-74,PC_ACT,M,IS,2024-01-01,1.8,,
ESTAT:UNE_RT_A(1.0),29/04/26 23:00:00,A,Y55-74,PC_ACT,M,IT,2024-01-01,3.4,,
ESTAT:UNE_RT_A(1.0),29/04/26 23:00:00,A,Y55-74,PC_ACT,M,LT,2024-01-01,8.8,,
ESTAT:UNE_RT_A(1.0),29/04/26 23:00:00,A,Y55-74,PC_ACT,M,LU,2024-01-01,,u,
ESTAT:UNE_RT_A(1.0),29/04/26 23:00:00,A,Y55-74,PC_ACT,M,LV,2024-01-01,6.5,,
ESTAT:UNE_RT_A(1.0),29/04/26 23:00:00,A,Y55-74,PC_ACT,M,MK,2024-01-01,10.0,,
ESTAT:UNE_RT_A(1.0),29/04/26 23:00:00,A,Y55-74,PC_ACT,M,MT,2024-01-01,3.1,u,
ESTAT:UNE_RT_A(1.0),29/04/26 23:00:00,A,Y55-74,PC_ACT,M,NL,2024-01-01,2.4,,
ESTAT:UNE_RT_A(1.0),29/04/26 23:00:00,A,Y55-74,PC_ACT,M,NO,2024-01-01,1.8,u,
ESTAT:UNE_RT_A(1.0),29/04/26 23:00:00,A,Y55-74,PC_ACT,M,PL,2024-01-01,2.2,,
ESTAT:UNE_RT_A(1.0),29/04/26 23:00:00,A,Y55-74,PC_ACT,M,PT,2024-01-01,4.7,,
ESTAT:UNE_RT_A(1.0),29/04/26 23:00:00,A,Y55-74,PC_ACT,M,RO,2024-01-01,2.5,,
ESTAT:UNE_RT_A(1.0),29/04/26 23:00:00,A,Y55-74,PC_ACT,M,RS,2024-01-01,5.8,,
ESTAT:UNE_RT_A(1.0),29/04/26 23:00:00,A,Y55-74,PC_ACT,M,SE,2024-01-01,5.9,,
ESTAT:UNE_RT_A(1.0),29/04/26 23:00:00,A,Y55-74,PC_ACT,M,SI,2024-01-01,3.9,u,
ESTAT:UNE_RT_A(1.0),29/04/26 23:00:00,A,Y55-74,PC_ACT,M,SK,2024-01-01,2.7,u,
ESTAT:UNE_RT_A(1.0),29/04/26 23:00:00,A,Y55-74,PC_ACT,M,TR,2024-01-01,5.4,,
ESTAT:UNE_RT_A(1.0),29/04/26 23:00:00,A,Y55-74,PC_ACT,T,AT,2024-01-01,3.6,,
ESTAT:UNE_RT_A(1.0),29/04/26 23:00:00,A,Y55-74,PC_ACT,T,BA,2024-01-01,8.3,,
ESTAT:UNE_RT_A(1.0),29/04/26 23:00:00,A,Y55-74,PC_ACT,T,BE,2024-01-01,3.3,,
ESTAT:UNE_RT_A(1.0),29/04/26 23:00:00,A,Y55-74,PC_ACT,T,BG,2024-01-01,3.1,b,
ESTAT:UNE_RT_A(1.0),29/04/26 23:00:00,A,Y55-74,PC_ACT,T,CH,2024-01-01,3.2,,
ESTAT:UNE_RT_A(1.0),29/04/26 23:00:00,A,Y55-74,PC_ACT,T,CY,2024-01-01,2.9,,
ESTAT:UNE_RT_A(1.0),29/04/26 23:00:00,A,Y55-74,PC_ACT,T,CZ,2024-01-01,1.8,,
ESTAT:UNE_RT_A(1.0),29/04/26 23:00:00,A,Y55-74,PC_ACT,T,DE,2024-01-01,2.2,,
ESTAT:UNE_RT_A(1.0),29/04/26 23:00:00,A,Y55-74,PC_ACT,T,DK,2024-01-01,3.8,,
ESTAT:UNE_RT_A(1.0),29/04/26 23:00:00,A,Y55-74,PC_ACT,T,EA20,2024-01-01,4.4,,
ESTAT:UNE_RT_A(1.0),29/04/26 23:00:00,A,Y55-74,PC_ACT,T,EA21,2024-01-01,4.4,,
ESTAT:UNE_RT_A(1.0),29/04/26 23:00:00,A,Y55-74,PC_ACT,T,EE,2024-01-01,5.4,,
ESTAT:UNE_RT_A(1.0),29/04/26 23:00:00,A,Y55-74,PC_ACT,T,EL,2024-01-01,7.1,,
ESTAT:UNE_RT_A(1.0),29/04/26 23:00:00,A,Y55-74,PC_ACT,T,ES,2024-01-01,10.3,d,
ESTAT:UNE_RT_A(1.0),29/04/26 23:00:00,A,Y55-74,PC_ACT,T,EU27_2020,2024-01-01,4.1,,
ESTAT:UNE_RT_A(1.0),29/04/26 23:00:00,A,Y55-74,PC_ACT,T,FI,2024-01-01,7.1,,
ESTAT:UNE_RT_A(1.0),29/04/26 23:00:00,A,Y55-74,PC_ACT,T,FR,2024-01-01,5.1,d,
ESTAT:UNE_RT_A(1.0),29/04/26 23:00:00,A,Y55-74,PC_ACT,T,HR,2024-01-01,3.4,,
ESTAT:UNE_RT_A(1.0),29/04/26 23:00:00,A,Y55-74,PC_ACT,T,HU,2024-01-01,3.5,,
ESTAT:UNE_RT_A(1.0),29/04/26 23:00:00,A,Y55-74,PC_ACT,T,IE,2024-01-01,2.8,,
ESTAT:UNE_RT_A(1.0),29/04/26 23:00:00,A,Y55-74,PC_ACT,T,IS,2024-01-01,2.2,,
ESTAT:UNE_RT_A(1.0),29/04/26 23:00:00,A,Y55-74,PC_ACT,T,IT,2024-01-01,3.6,,
ESTAT:UNE_RT_A(1.0),29/04/26 23:00:00,A,Y55-74,PC_ACT,T,LT,2024-01-01,7.3,,
ESTAT:UNE_RT_A(1.0),29/04/26 23:00:00,A,Y55-74,PC_ACT,T,LU,2024-01-01,,u,
ESTAT:UNE_RT_A(1.0),29/04/26 23:00:00,A,Y55-74,PC_ACT,T,LV,2024-01-01,5.2,,
ESTAT:UNE_RT_A(1.0),29/04/26 23:00:00,A,Y55-74,PC_ACT,T,MK,2024-01-01,8.6,,
ESTAT:UNE_RT_A(1.0),29/04/26 23:00:00,A,Y55-74,PC_ACT,T,MT,2024-01-01,2.5,u,
ESTAT:UNE_RT_A(1.0),29/04/26 23:00:00,A,Y55-74,PC_ACT,T,NL,2024-01-01,2.4,,
ESTAT:UNE_RT_A(1.0),29/04/26 23:00:00,A,Y55-74,PC_ACT,T,NO,2024-01-01,1.6,,
ESTAT:UNE_RT_A(1.0),29/04/26 23:00:00,A,Y55-74,PC_ACT,T,PL,2024-01-01,1.9,,
ESTAT:UNE_RT_A(1.0),29/04/26 23:00:00,A,Y55-74,PC_ACT,T,PT,2024-01-01,5.0,,
ESTAT:UNE_RT_A(1.0),29/04/26 23:00:00,A,Y55-74,PC_ACT,T,RO,2024-01-01,2.5,,
ESTAT:UNE_RT_A(1.0),29/04/26 23:00:00,A,Y55-74,PC_ACT,T,RS,2024-01-01,6.0,,
ESTAT:UNE_RT_A(1.0),29/04/26 23:00:00,A,Y55-74,PC_ACT,T,SE,2024-01-01,5.7,,
ESTAT:UNE_RT_A(1.0),29/04/26 23:00:00,A,Y55-74,PC_ACT,T,SI,2024-01-01,3.6,,
ESTAT:UNE_RT_A(1.0),29/04/26 23:00:00,A,Y55-74,PC_ACT,T,SK,2024-01-01,3.1,,
ESTAT:UNE_RT_A(1.0),29/04/26 23:00:00,A,Y55-74,PC_ACT,T,TR,2024-01-01,4.9,,
