DATAFLOW,LAST UPDATE,freq,unit,sex,age,citizen,geo,TIME_PERIOD,OBS_VALUE,OBS_FLAG,CONF_STATUS
ESTAT:LFSA_ERGAN(1.0),17/04/26 11:00:00,A,PC,F,Y15-64,TOTAL,AT,2000-01-01,59.7,,
ESTAT:LFSA_ERGAN(1.0),17/04/26 11:00:00,A,PC,F,Y15-64,TOTAL,BE,2000-01-01,51.9,,
ESTAT:LFSA_ERGAN(1.0),17/04/26 11:00:00,A,PC,F,Y15-64,TOTAL,BG,2000-01-01,47.2,,
ESTAT:LFSA_ERGAN(1.0),17/04/26 11:00:00,A,PC,F,Y15-64,TOTAL,CH,2000-01-01,69.3,,
ESTAT:LFSA_ERGAN(1.0),17/04/26 11:00:00,A,PC,F,Y15-64,TOTAL,CY,2000-01-01,53.0,,
ESTAT:LFSA_ERGAN(1.0),17/04/26 11:00:00,A,PC,F,Y15-64,TOTAL,CZ,2000-01-01,56.8,,
ESTAT:LFSA_ERGAN(1.0),17/04/26 11:00:00,A,PC,F,Y15-64,TOTAL,DE,2000-01-01,57.8,,
ESTAT:LFSA_ERGAN(1.0),17/04/26 11:00:00,A,PC,F,Y15-64,TOTAL,DK,2000-01-01,72.1,,
ESTAT:LFSA_ERGAN(1.0),17/04/26 11:00:00,A,PC,F,Y15-64,TOTAL,EE,2000-01-01,58.3,b,
ESTAT:LFSA_ERGAN(1.0),17/04/26 11:00:00,A,PC,F,Y15-64,TOTAL,EL,2000-01-01,41.8,,
ESTAT:LFSA_ERGAN(1.0),17/04/26 11:00:00,A,PC,F,Y15-64,TOTAL,ES,2000-01-01,41.2,,
ESTAT:LFSA_ERGAN(1.0),17/04/26 11:00:00,A,PC,F,Y15-64,TOTAL,FI,2000-01-01,65.2,b,
ESTAT:LFSA_ERGAN(1.0),17/04/26 11:00:00,A,PC,F,Y15-64,TOTAL,FR,2000-01-01,54.8,,
ESTAT:LFSA_ERGAN(1.0),17/04/26 11:00:00,A,PC,F,Y15-64,TOTAL,HU,2000-01-01,49.4,,
ESTAT:LFSA_ERGAN(1.0),17/04/26 11:00:00,A,PC,F,Y15-64,TOTAL,IE,2000-01-01,53.2,,
ESTAT:LFSA_ERGAN(1.0),17/04/26 11:00:00,A,PC,F,Y15-64,TOTAL,IS,2000-01-01,83.8,,
ESTAT:LFSA_ERGAN(1.0),17/04/26 11:00:00,A,PC,F,Y15-64,TOTAL,IT,2000-01-01,39.3,,
ESTAT:LFSA_ERGAN(1.0),17/04/26 11:00:00,A,PC,F,Y15-64,TOTAL,LT,2000-01-01,58.2,,
ESTAT:LFSA_ERGAN(1.0),17/04/26 11:00:00,A,PC,F,Y15-64,TOTAL,LU,2000-01-01,50.0,,
ESTAT:LFSA_ERGAN(1.0),17/04/26 11:00:00,A,PC,F,Y15-64,TOTAL,LV,2000-01-01,53.3,,
ESTAT:LFSA_ERGAN(1.0),17/04/26 11:00:00,A,PC,F,Y15-64,TOTAL,MT,2000-01-01,33.4,,
ESTAT:LFSA_ERGAN(1.0),17/04/26 11:00:00,A,PC,F,Y15-64,TOTAL,NL,2000-01-01,63.4,,
ESTAT:LFSA_ERGAN(1.0),17/04/26 11:00:00,A,PC,F,Y15-64,TOTAL,NO,2000-01-01,73.9,,
ESTAT:LFSA_ERGAN(1.0),17/04/26 11:00:00,A,PC,F,Y15-64,TOTAL,PL,2000-01-01,49.3,b,
ESTAT:LFSA_ERGAN(1.0),17/04/26 11:00:00,A,PC,F,Y15-64,TOTAL,PT,2000-01-01,60.5,,
ESTAT:LFSA_ERGAN(1.0),17/04/26 11:00:00,A,PC,F,Y15-64,TOTAL,RO,2000-01-01,59.0,,
ESTAT:LFSA_ERGAN(1.0),17/04/26 11:00:00,A,PC,F,Y15-64,TOTAL,SE,2000-01-01,69.7,,
ESTAT:LFSA_ERGAN(1.0),17/04/26 11:00:00,A,PC,F,Y15-64,TOTAL,SI,2000-01-01,58.5,,
ESTAT:LFSA_ERGAN(1.0),17/04/26 11:00:00,A,PC,F,Y15-64,TOTAL,SK,2000-01-01,51.1,,
ESTAT:LFSA_ERGAN(1.0),17/04/26 11:00:00,A,PC,F,Y15-64,TOTAL,UK,2000-01-01,64.5,,
ESTAT:LFSA_ERGAN(1.0),17/04/26 11:00:00,A,PC,F,Y15-74,TOTAL,AT,2000-01-01,52.7,,
ESTAT:LFSA_ERGAN(1.0),17/04/26 11:00:00,A,PC,F,Y15-74,TOTAL,BE,2000-01-01,44.9,,
ESTAT:LFSA_ERGAN(1.0),17/04/26 11:00:00,A,PC,F,Y15-74,TOTAL,BG,2000-01-01,40.7,,
ESTAT:LFSA_ERGAN(1.0),17/04/26 11:00:00,A,PC,F,Y15-74,TOTAL,CH,2000-01-01,62.1,,
ESTAT:LFSA_ERGAN(1.0),17/04/26 11:00:00,A,PC,F,Y15-74,TOTAL,CY,2000-01-01,48.5,,
ESTAT:LFSA_ERGAN(1.0),17/04/26 11:00:00,A,PC,F,Y15-74,TOTAL,CZ,2000-01-01,50.0,,
ESTAT:LFSA_ERGAN(1.0),17/04/26 11:00:00,A,PC,F,Y15-74,TOTAL,DE,2000-01-01,50.0,,
ESTAT:LFSA_ERGAN(1.0),17/04/26 11:00:00,A,PC,F,Y15-74,TOTAL,DK,2000-01-01,63.9,,
ESTAT:LFSA_ERGAN(1.0),17/04/26 11:00:00,A,PC,F,Y15-74,TOTAL,EE,2000-01-01,51.4,b,
ESTAT:LFSA_ERGAN(1.0),17/04/26 11:00:00,A,PC,F,Y15-74,TOTAL,EL,2000-01-01,36.4,,
ESTAT:LFSA_ERGAN(1.0),17/04/26 11:00:00,A,PC,F,Y15-74,TOTAL,ES,2000-01-01,35.9,,
ESTAT:LFSA_ERGAN(1.0),17/04/26 11:00:00,A,PC,F,Y15-74,TOTAL,FI,2000-01-01,57.4,b,
ESTAT:LFSA_ERGAN(1.0),17/04/26 11:00:00,A,PC,F,Y15-74,TOTAL,FR,2000-01-01,47.9,,
ESTAT:LFSA_ERGAN(1.0),17/04/26 11:00:00,A,PC,F,Y15-74,TOTAL,HU,2000-01-01,42.9,,
ESTAT:LFSA_ERGAN(1.0),17/04/26 11:00:00,A,PC,F,Y15-74,TOTAL,IE,2000-01-01,48.8,,
ESTAT:LFSA_ERGAN(1.0),17/04/26 11:00:00,A,PC,F,Y15-74,TOTAL,IS,2000-01-01,77.7,,
ESTAT:LFSA_ERGAN(1.0),17/04/26 11:00:00,A,PC,F,Y15-74,TOTAL,IT,2000-01-01,34.0,,
ESTAT:LFSA_ERGAN(1.0),17/04/26 11:00:00,A,PC,F,Y15-74,TOTAL,LT,2000-01-01,51.3,,
ESTAT:LFSA_ERGAN(1.0),17/04/26 11:00:00,A,PC,F,Y15-74,TOTAL,LU,2000-01-01,43.9,,
ESTAT:LFSA_ERGAN(1.0),17/04/26 11:00:00,A,PC,F,Y15-74,TOTAL,LV,2000-01-01,46.4,,
ESTAT:LFSA_ERGAN(1.0),17/04/26 11:00:00,A,PC,F,Y15-74,TOTAL,MT,2000-01-01,29.8,,
ESTAT:LFSA_ERGAN(1.0),17/04/26 11:00:00,A,PC,F,Y15-74,TOTAL,NL,2000-01-01,56.9,,
ESTAT:LFSA_ERGAN(1.0),17/04/26 11:00:00,A,PC,F,Y15-74,TOTAL,NO,2000-01-01,66.9,,
ESTAT:LFSA_ERGAN(1.0),17/04/26 11:00:00,A,PC,F,Y15-74,TOTAL,PL,2000-01-01,44.0,b,
ESTAT:LFSA_ERGAN(1.0),17/04/26 11:00:00,A,PC,F,Y15-74,TOTAL,PT,2000-01-01,54.8,,
ESTAT:LFSA_ERGAN(1.0),17/04/26 11:00:00,A,PC,F,Y15-74,TOTAL,RO,2000-01-01,56.5,,
ESTAT:LFSA_ERGAN(1.0),17/04/26 11:00:00,A,PC,F,Y15-74,TOTAL,SE,2000-01-01,61.7,,
ESTAT:LFSA_ERGAN(1.0),17/04/26 11:00:00,A,PC,F,Y15-74,TOTAL,SI,2000-01-01,51.6,,
ESTAT:LFSA_ERGAN(1.0),17/04/26 11:00:00,A,PC,F,Y15-74,TOTAL,SK,2000-01-01,45.7,,
ESTAT:LFSA_ERGAN(1.0),17/04/26 11:00:00,A,PC,F,Y15-74,TOTAL,UK,2000-01-01,57.4,,
ESTAT:LFSA_ERGAN(1.0),17/04/26 11:00:00,A,PC,F,Y20-64,TOTAL,AT,2000-01-01,62.2,,
ESTAT:LFSA_ERGAN(1.0),17/04/26 11:00:00,A,PC,F,Y20-64,TOTAL,BE,2000-01-01,56.4,,
ESTAT:LFSA_ERGAN(1.0),17/04/26 11:00:00,A,PC,F,Y20-64,TOTAL,BG,2000-01-01,51.7,,
ESTAT:LFSA_ERGAN(1.0),17/04/26 11:00:00,A,PC,F,Y20-64,TOTAL,CH,2000-01-01,71.2,,
ESTAT:LFSA_ERGAN(1.0),17/04/26 11:00:00,A,PC,F,Y20-64,TOTAL,CY,2000-01-01,58.5,,
ESTAT:LFSA_ERGAN(1.0),17/04/26 11:00:00,A,PC,F,Y20-64,TOTAL,CZ,2000-01-01,61.8,,
ESTAT:LFSA_ERGAN(1.0),17/04/26 11:00:00,A,PC,F,Y20-64,TOTAL,DE,2000-01-01,60.7,,
ESTAT:LFSA_ERGAN(1.0),17/04/26 11:00:00,A,PC,F,Y20-64,TOTAL,DK,2000-01-01,73.3,,
ESTAT:LFSA_ERGAN(1.0),17/04/26 11:00:00,A,PC,F,Y20-64,TOTAL,EE,2000-01-01,64.0,b,
ESTAT:LFSA_ERGAN(1.0),17/04/26 11:00:00,A,PC,F,Y20-64,TOTAL,EL,2000-01-01,45.7,,
ESTAT:LFSA_ERGAN(1.0),17/04/26 11:00:00,A,PC,F,Y20-64,TOTAL,ES,2000-01-01,44.4,,
ESTAT:LFSA_ERGAN(1.0),17/04/26 11:00:00,A,PC,F,Y20-64,TOTAL,FI,2000-01-01,69.0,b,
ESTAT:LFSA_ERGAN(1.0),17/04/26 11:00:00,A,PC,F,Y20-64,TOTAL,FR,2000-01-01,60.0,,
ESTAT:LFSA_ERGAN(1.0),17/04/26 11:00:00,A,PC,F,Y20-64,TOTAL,HU,2000-01-01,53.6,,
ESTAT:LFSA_ERGAN(1.0),17/04/26 11:00:00,A,PC,F,Y20-64,TOTAL,IE,2000-01-01,57.5,,
ESTAT:LFSA_ERGAN(1.0),17/04/26 11:00:00,A,PC,F,Y20-64,TOTAL,IS,2000-01-01,84.6,,
ESTAT:LFSA_ERGAN(1.0),17/04/26 11:00:00,A,PC,F,Y20-64,TOTAL,IT,2000-01-01,42.0,,
ESTAT:LFSA_ERGAN(1.0),17/04/26 11:00:00,A,PC,F,Y20-64,TOTAL,LT,2000-01-01,64.4,,
ESTAT:LFSA_ERGAN(1.0),17/04/26 11:00:00,A,PC,F,Y20-64,TOTAL,LU,2000-01-01,53.8,,
ESTAT:LFSA_ERGAN(1.0),17/04/26 11:00:00,A,PC,F,Y20-64,TOTAL,LV,2000-01-01,58.7,,
ESTAT:LFSA_ERGAN(1.0),17/04/26 11:00:00,A,PC,F,Y20-64,TOTAL,MT,2000-01-01,33.5,,
ESTAT:LFSA_ERGAN(1.0),17/04/26 11:00:00,A,PC,F,Y20-64,TOTAL,NL,2000-01-01,64.0,,
ESTAT:LFSA_ERGAN(1.0),17/04/26 11:00:00,A,PC,F,Y20-64,TOTAL,NO,2000-01-01,76.4,,
ESTAT:LFSA_ERGAN(1.0),17/04/26 11:00:00,A,PC,F,Y20-64,TOTAL,PL,2000-01-01,54.5,b,
ESTAT:LFSA_ERGAN(1.0),17/04/26 11:00:00,A,PC,F,Y20-64,TOTAL,PT,2000-01-01,65.2,,
ESTAT:LFSA_ERGAN(1.0),17/04/26 11:00:00,A,PC,F,Y20-64,TOTAL,RO,2000-01-01,64.8,,
ESTAT:LFSA_ERGAN(1.0),17/04/26 11:00:00,A,PC,F,Y20-64,TOTAL,SE,2000-01-01,74.4,,
ESTAT:LFSA_ERGAN(1.0),17/04/26 11:00:00,A,PC,F,Y20-64,TOTAL,SI,2000-01-01,64.1,,
ESTAT:LFSA_ERGAN(1.0),17/04/26 11:00:00,A,PC,F,Y20-64,TOTAL,SK,2000-01-01,56.9,,
ESTAT:LFSA_ERGAN(1.0),17/04/26 11:00:00,A,PC,F,Y20-64,TOTAL,UK,2000-01-01,66.6,,
ESTAT:LFSA_ERGAN(1.0),17/04/26 11:00:00,A,PC,M,Y15-64,TOTAL,AT,2000-01-01,76.2,,
ESTAT:LFSA_ERGAN(1.0),17/04/26 11:00:00,A,PC,M,Y15-64,TOTAL,BE,2000-01-01,69.8,,
ESTAT:LFSA_ERGAN(1.0),17/04/26 11:00:00,A,PC,M,Y15-64,TOTAL,BG,2000-01-01,56.1,,
ESTAT:LFSA_ERGAN(1.0),17/04/26 11:00:00,A,PC,M,Y15-64,TOTAL,CH,2000-01-01,87.3,,
ESTAT:LFSA_ERGAN(1.0),17/04/26 11:00:00,A,PC,M,Y15-64,TOTAL,CY,2000-01-01,78.6,,
ESTAT:LFSA_ERGAN(1.0),17/04/26 11:00:00,A,PC,M,Y15-64,TOTAL,CZ,2000-01-01,73.1,,
ESTAT:LFSA_ERGAN(1.0),17/04/26 11:00:00,A,PC,M,Y15-64,TOTAL,DE,2000-01-01,72.7,,
ESTAT:LFSA_ERGAN(1.0),17/04/26 11:00:00,A,PC,M,Y15-64,TOTAL,DK,2000-01-01,80.7,,
ESTAT:LFSA_ERGAN(1.0),17/04/26 11:00:00,A,PC,M,Y15-64,TOTAL,EE,2000-01-01,63.6,b,
ESTAT:LFSA_ERGAN(1.0),17/04/26 11:00:00,A,PC,M,Y15-64,TOTAL,EL,2000-01-01,71.7,,
ESTAT:LFSA_ERGAN(1.0),17/04/26 11:00:00,A,PC,M,Y15-64,TOTAL,ES,2000-01-01,71.0,,
ESTAT:LFSA_ERGAN(1.0),17/04/26 11:00:00,A,PC,M,Y15-64,TOTAL,FI,2000-01-01,71.1,b,
ESTAT:LFSA_ERGAN(1.0),17/04/26 11:00:00,A,PC,M,Y15-64,TOTAL,FR,2000-01-01,68.8,,
ESTAT:LFSA_ERGAN(1.0),17/04/26 11:00:00,A,PC,M,Y15-64,TOTAL,HU,2000-01-01,62.7,,
ESTAT:LFSA_ERGAN(1.0),17/04/26 11:00:00,A,PC,M,Y15-64,TOTAL,IE,2000-01-01,75.7,,
ESTAT:LFSA_ERGAN(1.0),17/04/26 11:00:00,A,PC,M,Y15-64,TOTAL,IS,2000-01-01,90.4,,
ESTAT:LFSA_ERGAN(1.0),17/04/26 11:00:00,A,PC,M,Y15-64,TOTAL,IT,2000-01-01,67.6,,
ESTAT:LFSA_ERGAN(1.0),17/04/26 11:00:00,A,PC,M,Y15-64,TOTAL,LT,2000-01-01,61.1,,
ESTAT:LFSA_ERGAN(1.0),17/04/26 11:00:00,A,PC,M,Y15-64,TOTAL,LU,2000-01-01,75.0,,
ESTAT:LFSA_ERGAN(1.0),17/04/26 11:00:00,A,PC,M,Y15-64,TOTAL,LV,2000-01-01,61.9,,
ESTAT:LFSA_ERGAN(1.0),17/04/26 11:00:00,A,PC,M,Y15-64,TOTAL,MT,2000-01-01,75.3,,
ESTAT:LFSA_ERGAN(1.0),17/04/26 11:00:00,A,PC,M,Y15-64,TOTAL,NL,2000-01-01,82.1,,
ESTAT:LFSA_ERGAN(1.0),17/04/26 11:00:00,A,PC,M,Y15-64,TOTAL,NO,2000-01-01,81.8,,
ESTAT:LFSA_ERGAN(1.0),17/04/26 11:00:00,A,PC,M,Y15-64,TOTAL,PL,2000-01-01,61.2,b,
ESTAT:LFSA_ERGAN(1.0),17/04/26 11:00:00,A,PC,M,Y15-64,TOTAL,PT,2000-01-01,76.2,,
ESTAT:LFSA_ERGAN(1.0),17/04/26 11:00:00,A,PC,M,Y15-64,TOTAL,RO,2000-01-01,69.5,,
ESTAT:LFSA_ERGAN(1.0),17/04/26 11:00:00,A,PC,M,Y15-64,TOTAL,SE,2000-01-01,72.6,,
ESTAT:LFSA_ERGAN(1.0),17/04/26 11:00:00,A,PC,M,Y15-64,TOTAL,SI,2000-01-01,66.7,,
ESTAT:LFSA_ERGAN(1.0),17/04/26 11:00:00,A,PC,M,Y15-64,TOTAL,SK,2000-01-01,61.6,,
ESTAT:LFSA_ERGAN(1.0),17/04/26 11:00:00,A,PC,M,Y15-64,TOTAL,UK,2000-01-01,77.7,,
ESTAT:LFSA_ERGAN(1.0),17/04/26 11:00:00,A,PC,M,Y15-74,TOTAL,AT,2000-01-01,69.2,,
ESTAT:LFSA_ERGAN(1.0),17/04/26 11:00:00,A,PC,M,Y15-74,TOTAL,BE,2000-01-01,62.0,,
ESTAT:LFSA_ERGAN(1.0),17/04/26 11:00:00,A,PC,M,Y15-74,TOTAL,BG,2000-01-01,49.7,,
ESTAT:LFSA_ERGAN(1.0),17/04/26 11:00:00,A,PC,M,Y15-74,TOTAL,CH,2000-01-01,81.0,,
ESTAT:LFSA_ERGAN(1.0),17/04/26 11:00:00,A,PC,M,Y15-74,TOTAL,CY,2000-01-01,73.8,,
ESTAT:LFSA_ERGAN(1.0),17/04/26 11:00:00,A,PC,M,Y15-74,TOTAL,CZ,2000-01-01,67.2,,
ESTAT:LFSA_ERGAN(1.0),17/04/26 11:00:00,A,PC,M,Y15-74,TOTAL,DE,2000-01-01,64.9,,
ESTAT:LFSA_ERGAN(1.0),17/04/26 11:00:00,A,PC,M,Y15-74,TOTAL,DK,2000-01-01,73.2,,
ESTAT:LFSA_ERGAN(1.0),17/04/26 11:00:00,A,PC,M,Y15-74,TOTAL,EE,2000-01-01,58.7,b,
ESTAT:LFSA_ERGAN(1.0),17/04/26 11:00:00,A,PC,M,Y15-74,TOTAL,EL,2000-01-01,64.0,,
ESTAT:LFSA_ERGAN(1.0),17/04/26 11:00:00,A,PC,M,Y15-74,TOTAL,ES,2000-01-01,63.4,,
ESTAT:LFSA_ERGAN(1.0),17/04/26 11:00:00,A,PC,M,Y15-74,TOTAL,FI,2000-01-01,64.7,b,
ESTAT:LFSA_ERGAN(1.0),17/04/26 11:00:00,A,PC,M,Y15-74,TOTAL,FR,2000-01-01,61.5,,
ESTAT:LFSA_ERGAN(1.0),17/04/26 11:00:00,A,PC,M,Y15-74,TOTAL,HU,2000-01-01,57.0,,
ESTAT:LFSA_ERGAN(1.0),17/04/26 11:00:00,A,PC,M,Y15-74,TOTAL,IE,2000-01-01,71.1,,
ESTAT:LFSA_ERGAN(1.0),17/04/26 11:00:00,A,PC,M,Y15-74,TOTAL,IS,2000-01-01,86.7,,
ESTAT:LFSA_ERGAN(1.0),17/04/26 11:00:00,A,PC,M,Y15-74,TOTAL,IT,2000-01-01,60.4,,
ESTAT:LFSA_ERGAN(1.0),17/04/26 11:00:00,A,PC,M,Y15-74,TOTAL,LT,2000-01-01,56.6,,
ESTAT:LFSA_ERGAN(1.0),17/04/26 11:00:00,A,PC,M,Y15-74,TOTAL,LU,2000-01-01,67.5,,
ESTAT:LFSA_ERGAN(1.0),17/04/26 11:00:00,A,PC,M,Y15-74,TOTAL,LV,2000-01-01,57.2,,
ESTAT:LFSA_ERGAN(1.0),17/04/26 11:00:00,A,PC,M,Y15-74,TOTAL,MT,2000-01-01,69.6,,
ESTAT:LFSA_ERGAN(1.0),17/04/26 11:00:00,A,PC,M,Y15-74,TOTAL,NL,2000-01-01,75.2,,
ESTAT:LFSA_ERGAN(1.0),17/04/26 11:00:00,A,PC,M,Y15-74,TOTAL,NO,2000-01-01,75.5,,
ESTAT:LFSA_ERGAN(1.0),17/04/26 11:00:00,A,PC,M,Y15-74,TOTAL,PL,2000-01-01,56.9,b,
ESTAT:LFSA_ERGAN(1.0),17/04/26 11:00:00,A,PC,M,Y15-74,TOTAL,PT,2000-01-01,71.0,,
ESTAT:LFSA_ERGAN(1.0),17/04/26 11:00:00,A,PC,M,Y15-74,TOTAL,RO,2000-01-01,67.2,,
ESTAT:LFSA_ERGAN(1.0),17/04/26 11:00:00,A,PC,M,Y15-74,TOTAL,SE,2000-01-01,66.4,,
ESTAT:LFSA_ERGAN(1.0),17/04/26 11:00:00,A,PC,M,Y15-74,TOTAL,SI,2000-01-01,61.3,,
ESTAT:LFSA_ERGAN(1.0),17/04/26 11:00:00,A,PC,M,Y15-74,TOTAL,SK,2000-01-01,57.0,,
ESTAT:LFSA_ERGAN(1.0),17/04/26 11:00:00,A,PC,M,Y15-74,TOTAL,UK,2000-01-01,70.4,,
ESTAT:LFSA_ERGAN(1.0),17/04/26 11:00:00,A,PC,M,Y20-64,TOTAL,AT,2000-01-01,79.2,,
ESTAT:LFSA_ERGAN(1.0),17/04/26 11:00:00,A,PC,M,Y20-64,TOTAL,BE,2000-01-01,76.1,,
ESTAT:LFSA_ERGAN(1.0),17/04/26 11:00:00,A,PC,M,Y20-64,TOTAL,BG,2000-01-01,61.5,,
ESTAT:LFSA_ERGAN(1.0),17/04/26 11:00:00,A,PC,M,Y20-64,TOTAL,CH,2000-01-01,90.5,,
ESTAT:LFSA_ERGAN(1.0),17/04/26 11:00:00,A,PC,M,Y20-64,TOTAL,CY,2000-01-01,86.4,,
ESTAT:LFSA_ERGAN(1.0),17/04/26 11:00:00,A,PC,M,Y20-64,TOTAL,CZ,2000-01-01,80.1,,
ESTAT:LFSA_ERGAN(1.0),17/04/26 11:00:00,A,PC,M,Y20-64,TOTAL,DE,2000-01-01,76.5,,
ESTAT:LFSA_ERGAN(1.0),17/04/26 11:00:00,A,PC,M,Y20-64,TOTAL,DK,2000-01-01,82.4,,
ESTAT:LFSA_ERGAN(1.0),17/04/26 11:00:00,A,PC,M,Y20-64,TOTAL,EE,2000-01-01,71.4,b,
ESTAT:LFSA_ERGAN(1.0),17/04/26 11:00:00,A,PC,M,Y20-64,TOTAL,EL,2000-01-01,79.0,,
ESTAT:LFSA_ERGAN(1.0),17/04/26 11:00:00,A,PC,M,Y20-64,TOTAL,ES,2000-01-01,76.8,,
ESTAT:LFSA_ERGAN(1.0),17/04/26 11:00:00,A,PC,M,Y20-64,TOTAL,FI,2000-01-01,75.5,b,
ESTAT:LFSA_ERGAN(1.0),17/04/26 11:00:00,A,PC,M,Y20-64,TOTAL,FR,2000-01-01,75.2,,
ESTAT:LFSA_ERGAN(1.0),17/04/26 11:00:00,A,PC,M,Y20-64,TOTAL,HU,2000-01-01,68.6,,
ESTAT:LFSA_ERGAN(1.0),17/04/26 11:00:00,A,PC,M,Y20-64,TOTAL,IE,2000-01-01,82.6,,
ESTAT:LFSA_ERGAN(1.0),17/04/26 11:00:00,A,PC,M,Y20-64,TOTAL,IS,2000-01-01,94.2,,
ESTAT:LFSA_ERGAN(1.0),17/04/26 11:00:00,A,PC,M,Y20-64,TOTAL,IT,2000-01-01,72.4,,
ESTAT:LFSA_ERGAN(1.0),17/04/26 11:00:00,A,PC,M,Y20-64,TOTAL,LT,2000-01-01,67.9,,
ESTAT:LFSA_ERGAN(1.0),17/04/26 11:00:00,A,PC,M,Y20-64,TOTAL,LU,2000-01-01,80.8,,
ESTAT:LFSA_ERGAN(1.0),17/04/26 11:00:00,A,PC,M,Y20-64,TOTAL,LV,2000-01-01,68.6,,
ESTAT:LFSA_ERGAN(1.0),17/04/26 11:00:00,A,PC,M,Y20-64,TOTAL,MT,2000-01-01,81.6,,
ESTAT:LFSA_ERGAN(1.0),17/04/26 11:00:00,A,PC,M,Y20-64,TOTAL,NL,2000-01-01,84.2,,
ESTAT:LFSA_ERGAN(1.0),17/04/26 11:00:00,A,PC,M,Y20-64,TOTAL,NO,2000-01-01,84.9,,
ESTAT:LFSA_ERGAN(1.0),17/04/26 11:00:00,A,PC,M,Y20-64,TOTAL,PL,2000-01-01,67.9,b,
ESTAT:LFSA_ERGAN(1.0),17/04/26 11:00:00,A,PC,M,Y20-64,TOTAL,PT,2000-01-01,82.1,,
ESTAT:LFSA_ERGAN(1.0),17/04/26 11:00:00,A,PC,M,Y20-64,TOTAL,RO,2000-01-01,76.4,,
ESTAT:LFSA_ERGAN(1.0),17/04/26 11:00:00,A,PC,M,Y20-64,TOTAL,SE,2000-01-01,78.2,,
ESTAT:LFSA_ERGAN(1.0),17/04/26 11:00:00,A,PC,M,Y20-64,TOTAL,SI,2000-01-01,72.9,,
ESTAT:LFSA_ERGAN(1.0),17/04/26 11:00:00,A,PC,M,Y20-64,TOTAL,SK,2000-01-01,69.3,,
ESTAT:LFSA_ERGAN(1.0),17/04/26 11:00:00,A,PC,M,Y20-64,TOTAL,UK,2000-01-01,81.3,,
ESTAT:LFSA_ERGAN(1.0),17/04/26 11:00:00,A,PC,T,Y15-64,TOTAL,AT,2000-01-01,67.9,,
ESTAT:LFSA_ERGAN(1.0),17/04/26 11:00:00,A,PC,T,Y15-64,TOTAL,BE,2000-01-01,60.9,,
ESTAT:LFSA_ERGAN(1.0),17/04/26 11:00:00,A,PC,T,Y15-64,TOTAL,BG,2000-01-01,51.5,,
ESTAT:LFSA_ERGAN(1.0),17/04/26 11:00:00,A,PC,T,Y15-64,TOTAL,CH,2000-01-01,78.3,,
ESTAT:LFSA_ERGAN(1.0),17/04/26 11:00:00,A,PC,T,Y15-64,TOTAL,CY,2000-01-01,65.4,,
ESTAT:LFSA_ERGAN(1.0),17/04/26 11:00:00,A,PC,T,Y15-64,TOTAL,CZ,2000-01-01,64.9,,
ESTAT:LFSA_ERGAN(1.0),17/04/26 11:00:00,A,PC,T,Y15-64,TOTAL,DE,2000-01-01,65.3,,
ESTAT:LFSA_ERGAN(1.0),17/04/26 11:00:00,A,PC,T,Y15-64,TOTAL,DK,2000-01-01,76.4,,
ESTAT:LFSA_ERGAN(1.0),17/04/26 11:00:00,A,PC,T,Y15-64,TOTAL,EE,2000-01-01,60.9,b,
ESTAT:LFSA_ERGAN(1.0),17/04/26 11:00:00,A,PC,T,Y15-64,TOTAL,EL,2000-01-01,56.6,,
ESTAT:LFSA_ERGAN(1.0),17/04/26 11:00:00,A,PC,T,Y15-64,TOTAL,ES,2000-01-01,56.1,,
ESTAT:LFSA_ERGAN(1.0),17/04/26 11:00:00,A,PC,T,Y15-64,TOTAL,FI,2000-01-01,68.1,b,
ESTAT:LFSA_ERGAN(1.0),17/04/26 11:00:00,A,PC,T,Y15-64,TOTAL,FR,2000-01-01,61.7,,
ESTAT:LFSA_ERGAN(1.0),17/04/26 11:00:00,A,PC,T,Y15-64,TOTAL,HU,2000-01-01,55.9,,
ESTAT:LFSA_ERGAN(1.0),17/04/26 11:00:00,A,PC,T,Y15-64,TOTAL,IE,2000-01-01,64.5,,
ESTAT:LFSA_ERGAN(1.0),17/04/26 11:00:00,A,PC,T,Y15-64,TOTAL,IS,2000-01-01,87.1,,
ESTAT:LFSA_ERGAN(1.0),17/04/26 11:00:00,A,PC,T,Y15-64,TOTAL,IT,2000-01-01,53.4,,
ESTAT:LFSA_ERGAN(1.0),17/04/26 11:00:00,A,PC,T,Y15-64,TOTAL,LT,2000-01-01,59.6,,
ESTAT:LFSA_ERGAN(1.0),17/04/26 11:00:00,A,PC,T,Y15-64,TOTAL,LU,2000-01-01,62.7,,
ESTAT:LFSA_ERGAN(1.0),17/04/26 11:00:00,A,PC,T,Y15-64,TOTAL,LV,2000-01-01,57.4,,
ESTAT:LFSA_ERGAN(1.0),17/04/26 11:00:00,A,PC,T,Y15-64,TOTAL,MT,2000-01-01,54.5,,
ESTAT:LFSA_ERGAN(1.0),17/04/26 11:00:00,A,PC,T,Y15-64,TOTAL,NL,2000-01-01,72.9,,
ESTAT:LFSA_ERGAN(1.0),17/04/26 11:00:00,A,PC,T,Y15-64,TOTAL,NO,2000-01-01,77.9,,
ESTAT:LFSA_ERGAN(1.0),17/04/26 11:00:00,A,PC,T,Y15-64,TOTAL,PL,2000-01-01,55.1,b,
ESTAT:LFSA_ERGAN(1.0),17/04/26 11:00:00,A,PC,T,Y15-64,TOTAL,PT,2000-01-01,68.2,,
ESTAT:LFSA_ERGAN(1.0),17/04/26 11:00:00,A,PC,T,Y15-64,TOTAL,RO,2000-01-01,64.2,,
ESTAT:LFSA_ERGAN(1.0),17/04/26 11:00:00,A,PC,T,Y15-64,TOTAL,SE,2000-01-01,71.1,,
ESTAT:LFSA_ERGAN(1.0),17/04/26 11:00:00,A,PC,T,Y15-64,TOTAL,SI,2000-01-01,62.7,,
ESTAT:LFSA_ERGAN(1.0),17/04/26 11:00:00,A,PC,T,Y15-64,TOTAL,SK,2000-01-01,56.3,,
ESTAT:LFSA_ERGAN(1.0),17/04/26 11:00:00,A,PC,T,Y15-64,TOTAL,UK,2000-01-01,71.0,,
ESTAT:LFSA_ERGAN(1.0),17/04/26 11:00:00,A,PC,T,Y15-74,TOTAL,AT,2000-01-01,60.8,,
ESTAT:LFSA_ERGAN(1.0),17/04/26 11:00:00,A,PC,T,Y15-74,TOTAL,BE,2000-01-01,53.4,,
ESTAT:LFSA_ERGAN(1.0),17/04/26 11:00:00,A,PC,T,Y15-74,TOTAL,BG,2000-01-01,45.1,,
ESTAT:LFSA_ERGAN(1.0),17/04/26 11:00:00,A,PC,T,Y15-74,TOTAL,CH,2000-01-01,71.4,,
ESTAT:LFSA_ERGAN(1.0),17/04/26 11:00:00,A,PC,T,Y15-74,TOTAL,CY,2000-01-01,60.6,,
ESTAT:LFSA_ERGAN(1.0),17/04/26 11:00:00,A,PC,T,Y15-74,TOTAL,CZ,2000-01-01,58.4,,
ESTAT:LFSA_ERGAN(1.0),17/04/26 11:00:00,A,PC,T,Y15-74,TOTAL,DE,2000-01-01,57.5,,
ESTAT:LFSA_ERGAN(1.0),17/04/26 11:00:00,A,PC,T,Y15-74,TOTAL,DK,2000-01-01,68.6,,
ESTAT:LFSA_ERGAN(1.0),17/04/26 11:00:00,A,PC,T,Y15-74,TOTAL,EE,2000-01-01,54.8,b,
ESTAT:LFSA_ERGAN(1.0),17/04/26 11:00:00,A,PC,T,Y15-74,TOTAL,EL,2000-01-01,50.0,,
ESTAT:LFSA_ERGAN(1.0),17/04/26 11:00:00,A,PC,T,Y15-74,TOTAL,ES,2000-01-01,49.5,,
ESTAT:LFSA_ERGAN(1.0),17/04/26 11:00:00,A,PC,T,Y15-74,TOTAL,FI,2000-01-01,61.0,b,
ESTAT:LFSA_ERGAN(1.0),17/04/26 11:00:00,A,PC,T,Y15-74,TOTAL,FR,2000-01-01,54.5,,
ESTAT:LFSA_ERGAN(1.0),17/04/26 11:00:00,A,PC,T,Y15-74,TOTAL,HU,2000-01-01,49.7,,
ESTAT:LFSA_ERGAN(1.0),17/04/26 11:00:00,A,PC,T,Y15-74,TOTAL,IE,2000-01-01,59.9,,
ESTAT:LFSA_ERGAN(1.0),17/04/26 11:00:00,A,PC,T,Y15-74,TOTAL,IS,2000-01-01,82.2,,
ESTAT:LFSA_ERGAN(1.0),17/04/26 11:00:00,A,PC,T,Y15-74,TOTAL,IT,2000-01-01,47.0,,
ESTAT:LFSA_ERGAN(1.0),17/04/26 11:00:00,A,PC,T,Y15-74,TOTAL,LT,2000-01-01,53.7,,
ESTAT:LFSA_ERGAN(1.0),17/04/26 11:00:00,A,PC,T,Y15-74,TOTAL,LU,2000-01-01,55.7,,
ESTAT:LFSA_ERGAN(1.0),17/04/26 11:00:00,A,PC,T,Y15-74,TOTAL,LV,2000-01-01,51.4,,
ESTAT:LFSA_ERGAN(1.0),17/04/26 11:00:00,A,PC,T,Y15-74,TOTAL,MT,2000-01-01,49.5,,
ESTAT:LFSA_ERGAN(1.0),17/04/26 11:00:00,A,PC,T,Y15-74,TOTAL,NL,2000-01-01,66.1,,
ESTAT:LFSA_ERGAN(1.0),17/04/26 11:00:00,A,PC,T,Y15-74,TOTAL,NO,2000-01-01,71.2,,
ESTAT:LFSA_ERGAN(1.0),17/04/26 11:00:00,A,PC,T,Y15-74,TOTAL,PL,2000-01-01,50.3,b,
ESTAT:LFSA_ERGAN(1.0),17/04/26 11:00:00,A,PC,T,Y15-74,TOTAL,PT,2000-01-01,62.6,,
ESTAT:LFSA_ERGAN(1.0),17/04/26 11:00:00,A,PC,T,Y15-74,TOTAL,RO,2000-01-01,61.7,,
ESTAT:LFSA_ERGAN(1.0),17/04/26 11:00:00,A,PC,T,Y15-74,TOTAL,SE,2000-01-01,64.1,,
ESTAT:LFSA_ERGAN(1.0),17/04/26 11:00:00,A,PC,T,Y15-74,TOTAL,SI,2000-01-01,56.4,,
ESTAT:LFSA_ERGAN(1.0),17/04/26 11:00:00,A,PC,T,Y15-74,TOTAL,SK,2000-01-01,51.1,,
ESTAT:LFSA_ERGAN(1.0),17/04/26 11:00:00,A,PC,T,Y15-74,TOTAL,UK,2000-01-01,63.8,,
ESTAT:LFSA_ERGAN(1.0),17/04/26 11:00:00,A,PC,T,Y20-64,TOTAL,AT,2000-01-01,70.7,,
ESTAT:LFSA_ERGAN(1.0),17/04/26 11:00:00,A,PC,T,Y20-64,TOTAL,BE,2000-01-01,66.3,,
ESTAT:LFSA_ERGAN(1.0),17/04/26 11:00:00,A,PC,T,Y20-64,TOTAL,BG,2000-01-01,56.5,,
ESTAT:LFSA_ERGAN(1.0),17/04/26 11:00:00,A,PC,T,Y20-64,TOTAL,CH,2000-01-01,80.9,,
ESTAT:LFSA_ERGAN(1.0),17/04/26 11:00:00,A,PC,T,Y20-64,TOTAL,CY,2000-01-01,72.0,,
ESTAT:LFSA_ERGAN(1.0),17/04/26 11:00:00,A,PC,T,Y20-64,TOTAL,CZ,2000-01-01,70.9,,
ESTAT:LFSA_ERGAN(1.0),17/04/26 11:00:00,A,PC,T,Y20-64,TOTAL,DE,2000-01-01,68.7,,
ESTAT:LFSA_ERGAN(1.0),17/04/26 11:00:00,A,PC,T,Y20-64,TOTAL,DK,2000-01-01,77.9,,
ESTAT:LFSA_ERGAN(1.0),17/04/26 11:00:00,A,PC,T,Y20-64,TOTAL,EE,2000-01-01,67.5,b,
ESTAT:LFSA_ERGAN(1.0),17/04/26 11:00:00,A,PC,T,Y20-64,TOTAL,EL,2000-01-01,62.1,,
ESTAT:LFSA_ERGAN(1.0),17/04/26 11:00:00,A,PC,T,Y20-64,TOTAL,ES,2000-01-01,60.6,,
ESTAT:LFSA_ERGAN(1.0),17/04/26 11:00:00,A,PC,T,Y20-64,TOTAL,FI,2000-01-01,72.3,b,
ESTAT:LFSA_ERGAN(1.0),17/04/26 11:00:00,A,PC,T,Y20-64,TOTAL,FR,2000-01-01,67.4,,
ESTAT:LFSA_ERGAN(1.0),17/04/26 11:00:00,A,PC,T,Y20-64,TOTAL,HU,2000-01-01,60.9,,
ESTAT:LFSA_ERGAN(1.0),17/04/26 11:00:00,A,PC,T,Y20-64,TOTAL,IE,2000-01-01,70.1,,
ESTAT:LFSA_ERGAN(1.0),17/04/26 11:00:00,A,PC,T,Y20-64,TOTAL,IS,2000-01-01,89.4,,
ESTAT:LFSA_ERGAN(1.0),17/04/26 11:00:00,A,PC,T,Y20-64,TOTAL,IT,2000-01-01,57.1,,
ESTAT:LFSA_ERGAN(1.0),17/04/26 11:00:00,A,PC,T,Y20-64,TOTAL,LT,2000-01-01,66.1,,
ESTAT:LFSA_ERGAN(1.0),17/04/26 11:00:00,A,PC,T,Y20-64,TOTAL,LU,2000-01-01,67.5,,
ESTAT:LFSA_ERGAN(1.0),17/04/26 11:00:00,A,PC,T,Y20-64,TOTAL,LV,2000-01-01,63.4,,
ESTAT:LFSA_ERGAN(1.0),17/04/26 11:00:00,A,PC,T,Y20-64,TOTAL,MT,2000-01-01,57.5,,
ESTAT:LFSA_ERGAN(1.0),17/04/26 11:00:00,A,PC,T,Y20-64,TOTAL,NL,2000-01-01,74.2,,
ESTAT:LFSA_ERGAN(1.0),17/04/26 11:00:00,A,PC,T,Y20-64,TOTAL,NO,2000-01-01,80.7,,
ESTAT:LFSA_ERGAN(1.0),17/04/26 11:00:00,A,PC,T,Y20-64,TOTAL,PL,2000-01-01,61.1,b,
ESTAT:LFSA_ERGAN(1.0),17/04/26 11:00:00,A,PC,T,Y20-64,TOTAL,PT,2000-01-01,73.5,,
ESTAT:LFSA_ERGAN(1.0),17/04/26 11:00:00,A,PC,T,Y20-64,TOTAL,RO,2000-01-01,70.5,,
ESTAT:LFSA_ERGAN(1.0),17/04/26 11:00:00,A,PC,T,Y20-64,TOTAL,SE,2000-01-01,76.3,,
ESTAT:LFSA_ERGAN(1.0),17/04/26 11:00:00,A,PC,T,Y20-64,TOTAL,SI,2000-01-01,68.5,,
ESTAT:LFSA_ERGAN(1.0),17/04/26 11:00:00,A,PC,T,Y20-64,TOTAL,SK,2000-01-01,63.0,,
ESTAT:LFSA_ERGAN(1.0),17/04/26 11:00:00,A,PC,T,Y20-64,TOTAL,UK,2000-01-01,73.9,,
ESTAT:LFSA_ERGAN(1.0),17/04/26 11:00:00,A,PC,F,Y15-64,TOTAL,AT,2001-01-01,59.8,,
ESTAT:LFSA_ERGAN(1.0),17/04/26 11:00:00,A,PC,F,Y15-64,TOTAL,BE,2001-01-01,50.7,b,
ESTAT:LFSA_ERGAN(1.0),17/04/26 11:00:00,A,PC,F,Y15-64,TOTAL,BG,2001-01-01,47.9,b,
ESTAT:LFSA_ERGAN(1.0),17/04/26 11:00:00,A,PC,F,Y15-64,TOTAL,CH,2001-01-01,70.6,,
ESTAT:LFSA_ERGAN(1.0),17/04/26 11:00:00,A,PC,F,Y15-64,TOTAL,CY,2001-01-01,57.1,,
ESTAT:LFSA_ERGAN(1.0),17/04/26 11:00:00,A,PC,F,Y15-64,TOTAL,CZ,2001-01-01,56.9,,
ESTAT:LFSA_ERGAN(1.0),17/04/26 11:00:00,A,PC,F,Y15-64,TOTAL,DE,2001-01-01,58.7,,
ESTAT:LFSA_ERGAN(1.0),17/04/26 11:00:00,A,PC,F,Y15-64,TOTAL,DK,2001-01-01,71.4,,
ESTAT:LFSA_ERGAN(1.0),17/04/26 11:00:00,A,PC,F,Y15-64,TOTAL,EE,2001-01-01,57.5,,
ESTAT:LFSA_ERGAN(1.0),17/04/26 11:00:00,A,PC,F,Y15-64,TOTAL,EL,2001-01-01,41.8,b,
ESTAT:LFSA_ERGAN(1.0),17/04/26 11:00:00,A,PC,F,Y15-64,TOTAL,ES,2001-01-01,42.8,b,
ESTAT:LFSA_ERGAN(1.0),17/04/26 11:00:00,A,PC,F,Y15-64,TOTAL,FI,2001-01-01,66.6,,
ESTAT:LFSA_ERGAN(1.0),17/04/26 11:00:00,A,PC,F,Y15-64,TOTAL,FR,2001-01-01,55.7,,
ESTAT:LFSA_ERGAN(1.0),17/04/26 11:00:00,A,PC,F,Y15-64,TOTAL,HU,2001-01-01,49.6,b,
ESTAT:LFSA_ERGAN(1.0),17/04/26 11:00:00,A,PC,F,Y15-64,TOTAL,IE,2001-01-01,54.0,,
ESTAT:LFSA_ERGAN(1.0),17/04/26 11:00:00,A,PC,F,Y15-64,TOTAL,IS,2001-01-01,82.9,,
ESTAT:LFSA_ERGAN(1.0),17/04/26 11:00:00,A,PC,F,Y15-64,TOTAL,IT,2001-01-01,40.9,,
ESTAT:LFSA_ERGAN(1.0),17/04/26 11:00:00,A,PC,F,Y15-64,TOTAL,LT,2001-01-01,56.9,,
ESTAT:LFSA_ERGAN(1.0),17/04/26 11:00:00,A,PC,F,Y15-64,TOTAL,LU,2001-01-01,50.8,,
ESTAT:LFSA_ERGAN(1.0),17/04/26 11:00:00,A,PC,F,Y15-64,TOTAL,LV,2001-01-01,55.1,,
ESTAT:LFSA_ERGAN(1.0),17/04/26 11:00:00,A,PC,F,Y15-64,TOTAL,MT,2001-01-01,32.7,,
ESTAT:LFSA_ERGAN(1.0),17/04/26 11:00:00,A,PC,F,Y15-64,TOTAL,NL,2001-01-01,65.3,,
ESTAT:LFSA_ERGAN(1.0),17/04/26 11:00:00,A,PC,F,Y15-64,TOTAL,NO,2001-01-01,73.8,,
ESTAT:LFSA_ERGAN(1.0),17/04/26 11:00:00,A,PC,F,Y15-64,TOTAL,PL,2001-01-01,48.3,b,
ESTAT:LFSA_ERGAN(1.0),17/04/26 11:00:00,A,PC,F,Y15-64,TOTAL,PT,2001-01-01,61.2,,
ESTAT:LFSA_ERGAN(1.0),17/04/26 11:00:00,A,PC,F,Y15-64,TOTAL,RO,2001-01-01,58.2,,
ESTAT:LFSA_ERGAN(1.0),17/04/26 11:00:00,A,PC,F,Y15-64,TOTAL,SE,2001-01-01,72.6,b,
ESTAT:LFSA_ERGAN(1.0),17/04/26 11:00:00,A,PC,F,Y15-64,TOTAL,SI,2001-01-01,58.6,,
ESTAT:LFSA_ERGAN(1.0),17/04/26 11:00:00,A,PC,F,Y15-64,TOTAL,SK,2001-01-01,51.8,,
ESTAT:LFSA_ERGAN(1.0),17/04/26 11:00:00,A,PC,F,Y15-64,TOTAL,UK,2001-01-01,64.9,,
ESTAT:LFSA_ERGAN(1.0),17/04/26 11:00:00,A,PC,F,Y15-74,TOTAL,AT,2001-01-01,53.0,,
ESTAT:LFSA_ERGAN(1.0),17/04/26 11:00:00,A,PC,F,Y15-74,TOTAL,BE,2001-01-01,43.9,b,
ESTAT:LFSA_ERGAN(1.0),17/04/26 11:00:00,A,PC,F,Y15-74,TOTAL,BG,2001-01-01,41.2,b,
ESTAT:LFSA_ERGAN(1.0),17/04/26 11:00:00,A,PC,F,Y15-74,TOTAL,CH,2001-01-01,63.2,,
ESTAT:LFSA_ERGAN(1.0),17/04/26 11:00:00,A,PC,F,Y15-74,TOTAL,CY,2001-01-01,52.2,,
ESTAT:LFSA_ERGAN(1.0),17/04/26 11:00:00,A,PC,F,Y15-74,TOTAL,CZ,2001-01-01,50.2,,
ESTAT:LFSA_ERGAN(1.0),17/04/26 11:00:00,A,PC,F,Y15-74,TOTAL,DE,2001-01-01,50.9,,
ESTAT:LFSA_ERGAN(1.0),17/04/26 11:00:00,A,PC,F,Y15-74,TOTAL,DK,2001-01-01,63.5,,
ESTAT:LFSA_ERGAN(1.0),17/04/26 11:00:00,A,PC,F,Y15-74,TOTAL,EE,2001-01-01,50.3,,
ESTAT:LFSA_ERGAN(1.0),17/04/26 11:00:00,A,PC,F,Y15-74,TOTAL,EL,2001-01-01,36.3,b,
ESTAT:LFSA_ERGAN(1.0),17/04/26 11:00:00,A,PC,F,Y15-74,TOTAL,ES,2001-01-01,37.3,b,
ESTAT:LFSA_ERGAN(1.0),17/04/26 11:00:00,A,PC,F,Y15-74,TOTAL,FI,2001-01-01,58.5,,
ESTAT:LFSA_ERGAN(1.0),17/04/26 11:00:00,A,PC,F,Y15-74,TOTAL,FR,2001-01-01,48.7,,
ESTAT:LFSA_ERGAN(1.0),17/04/26 11:00:00,A,PC,F,Y15-74,TOTAL,HU,2001-01-01,43.0,b,
ESTAT:LFSA_ERGAN(1.0),17/04/26 11:00:00,A,PC,F,Y15-74,TOTAL,IE,2001-01-01,49.6,,
ESTAT:LFSA_ERGAN(1.0),17/04/26 11:00:00,A,PC,F,Y15-74,TOTAL,IS,2001-01-01,76.7,,
ESTAT:LFSA_ERGAN(1.0),17/04/26 11:00:00,A,PC,F,Y15-74,TOTAL,IT,2001-01-01,35.4,,
ESTAT:LFSA_ERGAN(1.0),17/04/26 11:00:00,A,PC,F,Y15-74,TOTAL,LT,2001-01-01,50.4,,
ESTAT:LFSA_ERGAN(1.0),17/04/26 11:00:00,A,PC,F,Y15-74,TOTAL,LU,2001-01-01,45.0,,
ESTAT:LFSA_ERGAN(1.0),17/04/26 11:00:00,A,PC,F,Y15-74,TOTAL,LV,2001-01-01,48.1,,
ESTAT:LFSA_ERGAN(1.0),17/04/26 11:00:00,A,PC,F,Y15-74,TOTAL,MT,2001-01-01,29.4,,
ESTAT:LFSA_ERGAN(1.0),17/04/26 11:00:00,A,PC,F,Y15-74,TOTAL,NL,2001-01-01,58.6,,
ESTAT:LFSA_ERGAN(1.0),17/04/26 11:00:00,A,PC,F,Y15-74,TOTAL,NO,2001-01-01,67.0,,
ESTAT:LFSA_ERGAN(1.0),17/04/26 11:00:00,A,PC,F,Y15-74,TOTAL,PL,2001-01-01,43.2,b,
ESTAT:LFSA_ERGAN(1.0),17/04/26 11:00:00,A,PC,F,Y15-74,TOTAL,PT,2001-01-01,55.4,,
ESTAT:LFSA_ERGAN(1.0),17/04/26 11:00:00,A,PC,F,Y15-74,TOTAL,RO,2001-01-01,55.7,,
ESTAT:LFSA_ERGAN(1.0),17/04/26 11:00:00,A,PC,F,Y15-74,TOTAL,SE,2001-01-01,64.5,b,
ESTAT:LFSA_ERGAN(1.0),17/04/26 11:00:00,A,PC,F,Y15-74,TOTAL,SI,2001-01-01,52.2,,
ESTAT:LFSA_ERGAN(1.0),17/04/26 11:00:00,A,PC,F,Y15-74,TOTAL,SK,2001-01-01,46.3,,
ESTAT:LFSA_ERGAN(1.0),17/04/26 11:00:00,A,PC,F,Y15-74,TOTAL,UK,2001-01-01,57.8,,
ESTAT:LFSA_ERGAN(1.0),17/04/26 11:00:00,A,PC,F,Y20-64,TOTAL,AT,2001-01-01,62.4,,
ESTAT:LFSA_ERGAN(1.0),17/04/26 11:00:00,A,PC,F,Y20-64,TOTAL,BE,2001-01-01,55.2,b,
ESTAT:LFSA_ERGAN(1.0),17/04/26 11:00:00,A,PC,F,Y20-64,TOTAL,BG,2001-01-01,52.5,b,
ESTAT:LFSA_ERGAN(1.0),17/04/26 11:00:00,A,PC,F,Y20-64,TOTAL,CH,2001-01-01,72.6,,
ESTAT:LFSA_ERGAN(1.0),17/04/26 11:00:00,A,PC,F,Y20-64,TOTAL,CY,2001-01-01,62.2,,
ESTAT:LFSA_ERGAN(1.0),17/04/26 11:00:00,A,PC,F,Y20-64,TOTAL,CZ,2001-01-01,62.2,,
ESTAT:LFSA_ERGAN(1.0),17/04/26 11:00:00,A,PC,F,Y20-64,TOTAL,DE,2001-01-01,61.6,,
ESTAT:LFSA_ERGAN(1.0),17/04/26 11:00:00,A,PC,F,Y20-64,TOTAL,DK,2001-01-01,73.2,,
ESTAT:LFSA_ERGAN(1.0),17/04/26 11:00:00,A,PC,F,Y20-64,TOTAL,EE,2001-01-01,62.6,,
ESTAT:LFSA_ERGAN(1.0),17/04/26 11:00:00,A,PC,F,Y20-64,TOTAL,EL,2001-01-01,45.5,b,
ESTAT:LFSA_ERGAN(1.0),17/04/26 11:00:00,A,PC,F,Y20-64,TOTAL,ES,2001-01-01,46.1,b,
ESTAT:LFSA_ERGAN(1.0),17/04/26 11:00:00,A,PC,F,Y20-64,TOTAL,FI,2001-01-01,70.4,,
ESTAT:LFSA_ERGAN(1.0),17/04/26 11:00:00,A,PC,F,Y20-64,TOTAL,FR,2001-01-01,60.9,,
ESTAT:LFSA_ERGAN(1.0),17/04/26 11:00:00,A,PC,F,Y20-64,TOTAL,HU,2001-01-01,53.9,b,
ESTAT:LFSA_ERGAN(1.0),17/04/26 11:00:00,A,PC,F,Y20-64,TOTAL,IE,2001-01-01,58.5,,
ESTAT:LFSA_ERGAN(1.0),17/04/26 11:00:00,A,PC,F,Y20-64,TOTAL,IS,2001-01-01,83.8,,
ESTAT:LFSA_ERGAN(1.0),17/04/26 11:00:00,A,PC,F,Y20-64,TOTAL,IT,2001-01-01,43.6,,
ESTAT:LFSA_ERGAN(1.0),17/04/26 11:00:00,A,PC,F,Y20-64,TOTAL,LT,2001-01-01,63.3,,
ESTAT:LFSA_ERGAN(1.0),17/04/26 11:00:00,A,PC,F,Y20-64,TOTAL,LU,2001-01-01,54.4,,
ESTAT:LFSA_ERGAN(1.0),17/04/26 11:00:00,A,PC,F,Y20-64,TOTAL,LV,2001-01-01,61.0,,
ESTAT:LFSA_ERGAN(1.0),17/04/26 11:00:00,A,PC,F,Y20-64,TOTAL,MT,2001-01-01,32.7,,
ESTAT:LFSA_ERGAN(1.0),17/04/26 11:00:00,A,PC,F,Y20-64,TOTAL,NL,2001-01-01,65.7,,
ESTAT:LFSA_ERGAN(1.0),17/04/26 11:00:00,A,PC,F,Y20-64,TOTAL,NO,2001-01-01,76.3,,
ESTAT:LFSA_ERGAN(1.0),17/04/26 11:00:00,A,PC,F,Y20-64,TOTAL,PL,2001-01-01,53.7,b,
ESTAT:LFSA_ERGAN(1.0),17/04/26 11:00:00,A,PC,F,Y20-64,TOTAL,PT,2001-01-01,65.7,,
ESTAT:LFSA_ERGAN(1.0),17/04/26 11:00:00,A,PC,F,Y20-64,TOTAL,RO,2001-01-01,63.6,,
ESTAT:LFSA_ERGAN(1.0),17/04/26 11:00:00,A,PC,F,Y20-64,TOTAL,SE,2001-01-01,76.6,b,
ESTAT:LFSA_ERGAN(1.0),17/04/26 11:00:00,A,PC,F,Y20-64,TOTAL,SI,2001-01-01,64.0,,
ESTAT:LFSA_ERGAN(1.0),17/04/26 11:00:00,A,PC,F,Y20-64,TOTAL,SK,2001-01-01,57.4,,
ESTAT:LFSA_ERGAN(1.0),17/04/26 11:00:00,A,PC,F,Y20-64,TOTAL,UK,2001-01-01,67.2,,
ESTAT:LFSA_ERGAN(1.0),17/04/26 11:00:00,A,PC,M,Y15-64,TOTAL,AT,2001-01-01,75.9,,
ESTAT:LFSA_ERGAN(1.0),17/04/26 11:00:00,A,PC,M,Y15-64,TOTAL,BE,2001-01-01,68.5,b,
ESTAT:LFSA_ERGAN(1.0),17/04/26 11:00:00,A,PC,M,Y15-64,TOTAL,BG,2001-01-01,53.6,b,
ESTAT:LFSA_ERGAN(1.0),17/04/26 11:00:00,A,PC,M,Y15-64,TOTAL,CH,2001-01-01,87.6,,
ESTAT:LFSA_ERGAN(1.0),17/04/26 11:00:00,A,PC,M,Y15-64,TOTAL,CY,2001-01-01,79.4,,
ESTAT:LFSA_ERGAN(1.0),17/04/26 11:00:00,A,PC,M,Y15-64,TOTAL,CZ,2001-01-01,73.1,,
ESTAT:LFSA_ERGAN(1.0),17/04/26 11:00:00,A,PC,M,Y15-64,TOTAL,DE,2001-01-01,72.6,,
ESTAT:LFSA_ERGAN(1.0),17/04/26 11:00:00,A,PC,M,Y15-64,TOTAL,DK,2001-01-01,80.2,,
ESTAT:LFSA_ERGAN(1.0),17/04/26 11:00:00,A,PC,M,Y15-64,TOTAL,EE,2001-01-01,63.7,,
ESTAT:LFSA_ERGAN(1.0),17/04/26 11:00:00,A,PC,M,Y15-64,TOTAL,EL,2001-01-01,71.5,b,
ESTAT:LFSA_ERGAN(1.0),17/04/26 11:00:00,A,PC,M,Y15-64,TOTAL,ES,2001-01-01,72.5,b,
ESTAT:LFSA_ERGAN(1.0),17/04/26 11:00:00,A,PC,M,Y15-64,TOTAL,FI,2001-01-01,71.6,,
ESTAT:LFSA_ERGAN(1.0),17/04/26 11:00:00,A,PC,M,Y15-64,TOTAL,FR,2001-01-01,69.8,,
ESTAT:LFSA_ERGAN(1.0),17/04/26 11:00:00,A,PC,M,Y15-64,TOTAL,HU,2001-01-01,62.9,b,
ESTAT:LFSA_ERGAN(1.0),17/04/26 11:00:00,A,PC,M,Y15-64,TOTAL,IE,2001-01-01,76.2,,
ESTAT:LFSA_ERGAN(1.0),17/04/26 11:00:00,A,PC,M,Y15-64,TOTAL,IS,2001-01-01,90.8,,
ESTAT:LFSA_ERGAN(1.0),17/04/26 11:00:00,A,PC,M,Y15-64,TOTAL,IT,2001-01-01,68.1,,
ESTAT:LFSA_ERGAN(1.0),17/04/26 11:00:00,A,PC,M,Y15-64,TOTAL,LT,2001-01-01,59.5,,
ESTAT:LFSA_ERGAN(1.0),17/04/26 11:00:00,A,PC,M,Y15-64,TOTAL,LU,2001-01-01,74.9,,
ESTAT:LFSA_ERGAN(1.0),17/04/26 11:00:00,A,PC,M,Y15-64,TOTAL,LV,2001-01-01,61.4,,
ESTAT:LFSA_ERGAN(1.0),17/04/26 11:00:00,A,PC,M,Y15-64,TOTAL,MT,2001-01-01,76.6,,
ESTAT:LFSA_ERGAN(1.0),17/04/26 11:00:00,A,PC,M,Y15-64,TOTAL,NL,2001-01-01,82.7,,
ESTAT:LFSA_ERGAN(1.0),17/04/26 11:00:00,A,PC,M,Y15-64,TOTAL,NO,2001-01-01,81.1,,
ESTAT:LFSA_ERGAN(1.0),17/04/26 11:00:00,A,PC,M,Y15-64,TOTAL,PL,2001-01-01,59.2,b,
ESTAT:LFSA_ERGAN(1.0),17/04/26 11:00:00,A,PC,M,Y15-64,TOTAL,PT,2001-01-01,76.9,,
ESTAT:LFSA_ERGAN(1.0),17/04/26 11:00:00,A,PC,M,Y15-64,TOTAL,RO,2001-01-01,68.6,,
ESTAT:LFSA_ERGAN(1.0),17/04/26 11:00:00,A,PC,M,Y15-64,TOTAL,SE,2001-01-01,76.1,b,
ESTAT:LFSA_ERGAN(1.0),17/04/26 11:00:00,A,PC,M,Y15-64,TOTAL,SI,2001-01-01,68.5,,
ESTAT:LFSA_ERGAN(1.0),17/04/26 11:00:00,A,PC,M,Y15-64,TOTAL,SK,2001-01-01,61.8,,
ESTAT:LFSA_ERGAN(1.0),17/04/26 11:00:00,A,PC,M,Y15-64,TOTAL,UK,2001-01-01,77.9,,
ESTAT:LFSA_ERGAN(1.0),17/04/26 11:00:00,A,PC,M,Y15-74,TOTAL,AT,2001-01-01,69.0,,
ESTAT:LFSA_ERGAN(1.0),17/04/26 11:00:00,A,PC,M,Y15-74,TOTAL,BE,2001-01-01,61.0,b,
ESTAT:LFSA_ERGAN(1.0),17/04/26 11:00:00,A,PC,M,Y15-74,TOTAL,BG,2001-01-01,47.7,b,
ESTAT:LFSA_ERGAN(1.0),17/04/26 11:00:00,A,PC,M,Y15-74,TOTAL,CH,2001-01-01,81.2,,
ESTAT:LFSA_ERGAN(1.0),17/04/26 11:00:00,A,PC,M,Y15-74,TOTAL,CY,2001-01-01,74.3,,
ESTAT:LFSA_ERGAN(1.0),17/04/26 11:00:00,A,PC,M,Y15-74,TOTAL,CZ,2001-01-01,67.2,,
ESTAT:LFSA_ERGAN(1.0),17/04/26 11:00:00,A,PC,M,Y15-74,TOTAL,DE,2001-01-01,64.5,,
ESTAT:LFSA_ERGAN(1.0),17/04/26 11:00:00,A,PC,M,Y15-74,TOTAL,DK,2001-01-01,73.1,,
ESTAT:LFSA_ERGAN(1.0),17/04/26 11:00:00,A,PC,M,Y15-74,TOTAL,EE,2001-01-01,59.0,,
ESTAT:LFSA_ERGAN(1.0),17/04/26 11:00:00,A,PC,M,Y15-74,TOTAL,EL,2001-01-01,63.7,b,
ESTAT:LFSA_ERGAN(1.0),17/04/26 11:00:00,A,PC,M,Y15-74,TOTAL,ES,2001-01-01,64.5,b,
ESTAT:LFSA_ERGAN(1.0),17/04/26 11:00:00,A,PC,M,Y15-74,TOTAL,FI,2001-01-01,65.1,,
ESTAT:LFSA_ERGAN(1.0),17/04/26 11:00:00,A,PC,M,Y15-74,TOTAL,FR,2001-01-01,62.5,,
ESTAT:LFSA_ERGAN(1.0),17/04/26 11:00:00,A,PC,M,Y15-74,TOTAL,HU,2001-01-01,57.0,b,
ESTAT:LFSA_ERGAN(1.0),17/04/26 11:00:00,A,PC,M,Y15-74,TOTAL,IE,2001-01-01,71.6,,
ESTAT:LFSA_ERGAN(1.0),17/04/26 11:00:00,A,PC,M,Y15-74,TOTAL,IS,2001-01-01,87.1,,
ESTAT:LFSA_ERGAN(1.0),17/04/26 11:00:00,A,PC,M,Y15-74,TOTAL,IT,2001-01-01,60.9,,
ESTAT:LFSA_ERGAN(1.0),17/04/26 11:00:00,A,PC,M,Y15-74,TOTAL,LT,2001-01-01,55.1,,
ESTAT:LFSA_ERGAN(1.0),17/04/26 11:00:00,A,PC,M,Y15-74,TOTAL,LU,2001-01-01,67.6,,
ESTAT:LFSA_ERGAN(1.0),17/04/26 11:00:00,A,PC,M,Y15-74,TOTAL,LV,2001-01-01,56.7,,
ESTAT:LFSA_ERGAN(1.0),17/04/26 11:00:00,A,PC,M,Y15-74,TOTAL,MT,2001-01-01,70.1,,
ESTAT:LFSA_ERGAN(1.0),17/04/26 11:00:00,A,PC,M,Y15-74,TOTAL,NL,2001-01-01,75.9,,
ESTAT:LFSA_ERGAN(1.0),17/04/26 11:00:00,A,PC,M,Y15-74,TOTAL,NO,2001-01-01,75.2,,
ESTAT:LFSA_ERGAN(1.0),17/04/26 11:00:00,A,PC,M,Y15-74,TOTAL,PL,2001-01-01,55.1,b,
ESTAT:LFSA_ERGAN(1.0),17/04/26 11:00:00,A,PC,M,Y15-74,TOTAL,PT,2001-01-01,71.8,,
ESTAT:LFSA_ERGAN(1.0),17/04/26 11:00:00,A,PC,M,Y15-74,TOTAL,RO,2001-01-01,66.1,,
ESTAT:LFSA_ERGAN(1.0),17/04/26 11:00:00,A,PC,M,Y15-74,TOTAL,SE,2001-01-01,69.5,b,
ESTAT:LFSA_ERGAN(1.0),17/04/26 11:00:00,A,PC,M,Y15-74,TOTAL,SI,2001-01-01,63.2,,
ESTAT:LFSA_ERGAN(1.0),17/04/26 11:00:00,A,PC,M,Y15-74,TOTAL,SK,2001-01-01,57.2,,
ESTAT:LFSA_ERGAN(1.0),17/04/26 11:00:00,A,PC,M,Y15-74,TOTAL,UK,2001-01-01,70.6,,
ESTAT:LFSA_ERGAN(1.0),17/04/26 11:00:00,A,PC,M,Y20-64,TOTAL,AT,2001-01-01,79.1,,
ESTAT:LFSA_ERGAN(1.0),17/04/26 11:00:00,A,PC,M,Y20-64,TOTAL,BE,2001-01-01,74.5,b,
ESTAT:LFSA_ERGAN(1.0),17/04/26 11:00:00,A,PC,M,Y20-64,TOTAL,BG,2001-01-01,59.3,b,
ESTAT:LFSA_ERGAN(1.0),17/04/26 11:00:00,A,PC,M,Y20-64,TOTAL,CH,2001-01-01,91.1,,
ESTAT:LFSA_ERGAN(1.0),17/04/26 11:00:00,A,PC,M,Y20-64,TOTAL,CY,2001-01-01,86.8,,
ESTAT:LFSA_ERGAN(1.0),17/04/26 11:00:00,A,PC,M,Y20-64,TOTAL,CZ,2001-01-01,80.3,,
ESTAT:LFSA_ERGAN(1.0),17/04/26 11:00:00,A,PC,M,Y20-64,TOTAL,DE,2001-01-01,76.4,,
ESTAT:LFSA_ERGAN(1.0),17/04/26 11:00:00,A,PC,M,Y20-64,TOTAL,DK,2001-01-01,83.0,,
ESTAT:LFSA_ERGAN(1.0),17/04/26 11:00:00,A,PC,M,Y20-64,TOTAL,EE,2001-01-01,71.4,,
ESTAT:LFSA_ERGAN(1.0),17/04/26 11:00:00,A,PC,M,Y20-64,TOTAL,EL,2001-01-01,78.5,b,
ESTAT:LFSA_ERGAN(1.0),17/04/26 11:00:00,A,PC,M,Y20-64,TOTAL,ES,2001-01-01,77.9,b,
ESTAT:LFSA_ERGAN(1.0),17/04/26 11:00:00,A,PC,M,Y20-64,TOTAL,FI,2001-01-01,76.1,,
ESTAT:LFSA_ERGAN(1.0),17/04/26 11:00:00,A,PC,M,Y20-64,TOTAL,FR,2001-01-01,76.2,,
ESTAT:LFSA_ERGAN(1.0),17/04/26 11:00:00,A,PC,M,Y20-64,TOTAL,HU,2001-01-01,68.8,b,
ESTAT:LFSA_ERGAN(1.0),17/04/26 11:00:00,A,PC,M,Y20-64,TOTAL,IE,2001-01-01,82.9,,
ESTAT:LFSA_ERGAN(1.0),17/04/26 11:00:00,A,PC,M,Y20-64,TOTAL,IS,2001-01-01,93.1,,
ESTAT:LFSA_ERGAN(1.0),17/04/26 11:00:00,A,PC,M,Y20-64,TOTAL,IT,2001-01-01,73.0,,
ESTAT:LFSA_ERGAN(1.0),17/04/26 11:00:00,A,PC,M,Y20-64,TOTAL,LT,2001-01-01,66.6,,
ESTAT:LFSA_ERGAN(1.0),17/04/26 11:00:00,A,PC,M,Y20-64,TOTAL,LU,2001-01-01,80.5,,
ESTAT:LFSA_ERGAN(1.0),17/04/26 11:00:00,A,PC,M,Y20-64,TOTAL,LV,2001-01-01,68.6,,
ESTAT:LFSA_ERGAN(1.0),17/04/26 11:00:00,A,PC,M,Y20-64,TOTAL,MT,2001-01-01,82.4,,
ESTAT:LFSA_ERGAN(1.0),17/04/26 11:00:00,A,PC,M,Y20-64,TOTAL,NL,2001-01-01,84.7,,
ESTAT:LFSA_ERGAN(1.0),17/04/26 11:00:00,A,PC,M,Y20-64,TOTAL,NO,2001-01-01,84.4,,
ESTAT:LFSA_ERGAN(1.0),17/04/26 11:00:00,A,PC,M,Y20-64,TOTAL,PL,2001-01-01,66.1,b,
ESTAT:LFSA_ERGAN(1.0),17/04/26 11:00:00,A,PC,M,Y20-64,TOTAL,PT,2001-01-01,82.6,,
ESTAT:LFSA_ERGAN(1.0),17/04/26 11:00:00,A,PC,M,Y20-64,TOTAL,RO,2001-01-01,75.5,,
ESTAT:LFSA_ERGAN(1.0),17/04/26 11:00:00,A,PC,M,Y20-64,TOTAL,SE,2001-01-01,81.1,b,
ESTAT:LFSA_ERGAN(1.0),17/04/26 11:00:00,A,PC,M,Y20-64,TOTAL,SI,2001-01-01,74.7,,
ESTAT:LFSA_ERGAN(1.0),17/04/26 11:00:00,A,PC,M,Y20-64,TOTAL,SK,2001-01-01,69.5,,
ESTAT:LFSA_ERGAN(1.0),17/04/26 11:00:00,A,PC,M,Y20-64,TOTAL,UK,2001-01-01,81.6,,
ESTAT:LFSA_ERGAN(1.0),17/04/26 11:00:00,A,PC,T,Y15-64,TOTAL,AT,2001-01-01,67.8,,
ESTAT:LFSA_ERGAN(1.0),17/04/26 11:00:00,A,PC,T,Y15-64,TOTAL,BE,2001-01-01,59.7,b,
ESTAT:LFSA_ERGAN(1.0),17/04/26 11:00:00,A,PC,T,Y15-64,TOTAL,BG,2001-01-01,50.7,b,
ESTAT:LFSA_ERGAN(1.0),17/04/26 11:00:00,A,PC,T,Y15-64,TOTAL,CH,2001-01-01,79.1,,
ESTAT:LFSA_ERGAN(1.0),17/04/26 11:00:00,A,PC,T,Y15-64,TOTAL,CY,2001-01-01,67.9,,
ESTAT:LFSA_ERGAN(1.0),17/04/26 11:00:00,A,PC,T,Y15-64,TOTAL,CZ,2001-01-01,65.0,,
ESTAT:LFSA_ERGAN(1.0),17/04/26 11:00:00,A,PC,T,Y15-64,TOTAL,DE,2001-01-01,65.7,,
ESTAT:LFSA_ERGAN(1.0),17/04/26 11:00:00,A,PC,T,Y15-64,TOTAL,DK,2001-01-01,75.9,,
ESTAT:LFSA_ERGAN(1.0),17/04/26 11:00:00,A,PC,T,Y15-64,TOTAL,EE,2001-01-01,60.6,,
ESTAT:LFSA_ERGAN(1.0),17/04/26 11:00:00,A,PC,T,Y15-64,TOTAL,EL,2001-01-01,56.5,b,
ESTAT:LFSA_ERGAN(1.0),17/04/26 11:00:00,A,PC,T,Y15-64,TOTAL,ES,2001-01-01,57.7,b,
ESTAT:LFSA_ERGAN(1.0),17/04/26 11:00:00,A,PC,T,Y15-64,TOTAL,FI,2001-01-01,69.1,,
ESTAT:LFSA_ERGAN(1.0),17/04/26 11:00:00,A,PC,T,Y15-64,TOTAL,FR,2001-01-01,62.7,,
ESTAT:LFSA_ERGAN(1.0),17/04/26 11:00:00,A,PC,T,Y15-64,TOTAL,HU,2001-01-01,56.1,b,
ESTAT:LFSA_ERGAN(1.0),17/04/26 11:00:00,A,PC,T,Y15-64,TOTAL,IE,2001-01-01,65.2,,
ESTAT:LFSA_ERGAN(1.0),17/04/26 11:00:00,A,PC,T,Y15-64,TOTAL,IS,2001-01-01,86.9,,
ESTAT:LFSA_ERGAN(1.0),17/04/26 11:00:00,A,PC,T,Y15-64,TOTAL,IT,2001-01-01,54.5,,
ESTAT:LFSA_ERGAN(1.0),17/04/26 11:00:00,A,PC,T,Y15-64,TOTAL,LT,2001-01-01,58.1,,
ESTAT:LFSA_ERGAN(1.0),17/04/26 11:00:00,A,PC,T,Y15-64,TOTAL,LU,2001-01-01,63.0,,
ESTAT:LFSA_ERGAN(1.0),17/04/26 11:00:00,A,PC,T,Y15-64,TOTAL,LV,2001-01-01,58.1,,
ESTAT:LFSA_ERGAN(1.0),17/04/26 11:00:00,A,PC,T,Y15-64,TOTAL,MT,2001-01-01,54.7,,
ESTAT:LFSA_ERGAN(1.0),17/04/26 11:00:00,A,PC,T,Y15-64,TOTAL,NL,2001-01-01,74.1,,
ESTAT:LFSA_ERGAN(1.0),17/04/26 11:00:00,A,PC,T,Y15-64,TOTAL,NO,2001-01-01,77.5,,
ESTAT:LFSA_ERGAN(1.0),17/04/26 11:00:00,A,PC,T,Y15-64,TOTAL,PL,2001-01-01,53.7,b,
ESTAT:LFSA_ERGAN(1.0),17/04/26 11:00:00,A,PC,T,Y15-64,TOTAL,PT,2001-01-01,68.9,,
ESTAT:LFSA_ERGAN(1.0),17/04/26 11:00:00,A,PC,T,Y15-64,TOTAL,RO,2001-01-01,63.3,,
ESTAT:LFSA_ERGAN(1.0),17/04/26 11:00:00,A,PC,T,Y15-64,TOTAL,SE,2001-01-01,74.4,b,
ESTAT:LFSA_ERGAN(1.0),17/04/26 11:00:00,A,PC,T,Y15-64,TOTAL,SI,2001-01-01,63.6,,
ESTAT:LFSA_ERGAN(1.0),17/04/26 11:00:00,A,PC,T,Y15-64,TOTAL,SK,2001-01-01,56.7,,
ESTAT:LFSA_ERGAN(1.0),17/04/26 11:00:00,A,PC,T,Y15-64,TOTAL,UK,2001-01-01,71.3,,
ESTAT:LFSA_ERGAN(1.0),17/04/26 11:00:00,A,PC,T,Y15-74,TOTAL,AT,2001-01-01,60.9,,
ESTAT:LFSA_ERGAN(1.0),17/04/26 11:00:00,A,PC,T,Y15-74,TOTAL,BE,2001-01-01,52.4,b,
ESTAT:LFSA_ERGAN(1.0),17/04/26 11:00:00,A,PC,T,Y15-74,TOTAL,BG,2001-01-01,44.4,b,
ESTAT:LFSA_ERGAN(1.0),17/04/26 11:00:00,A,PC,T,Y15-74,TOTAL,CH,2001-01-01,72.1,,
ESTAT:LFSA_ERGAN(1.0),17/04/26 11:00:00,A,PC,T,Y15-74,TOTAL,CY,2001-01-01,62.8,,
ESTAT:LFSA_ERGAN(1.0),17/04/26 11:00:00,A,PC,T,Y15-74,TOTAL,CZ,2001-01-01,58.5,,
ESTAT:LFSA_ERGAN(1.0),17/04/26 11:00:00,A,PC,T,Y15-74,TOTAL,DE,2001-01-01,57.7,,
ESTAT:LFSA_ERGAN(1.0),17/04/26 11:00:00,A,PC,T,Y15-74,TOTAL,DK,2001-01-01,68.3,,
ESTAT:LFSA_ERGAN(1.0),17/04/26 11:00:00,A,PC,T,Y15-74,TOTAL,EE,2001-01-01,54.4,,
ESTAT:LFSA_ERGAN(1.0),17/04/26 11:00:00,A,PC,T,Y15-74,TOTAL,EL,2001-01-01,49.8,b,
ESTAT:LFSA_ERGAN(1.0),17/04/26 11:00:00,A,PC,T,Y15-74,TOTAL,ES,2001-01-01,50.8,b,
ESTAT:LFSA_ERGAN(1.0),17/04/26 11:00:00,A,PC,T,Y15-74,TOTAL,FI,2001-01-01,61.8,,
ESTAT:LFSA_ERGAN(1.0),17/04/26 11:00:00,A,PC,T,Y15-74,TOTAL,FR,2001-01-01,55.4,,
ESTAT:LFSA_ERGAN(1.0),17/04/26 11:00:00,A,PC,T,Y15-74,TOTAL,HU,2001-01-01,49.6,b,
ESTAT:LFSA_ERGAN(1.0),17/04/26 11:00:00,A,PC,T,Y15-74,TOTAL,IE,2001-01-01,60.6,,
ESTAT:LFSA_ERGAN(1.0),17/04/26 11:00:00,A,PC,T,Y15-74,TOTAL,IS,2001-01-01,82.0,,
ESTAT:LFSA_ERGAN(1.0),17/04/26 11:00:00,A,PC,T,Y15-74,TOTAL,IT,2001-01-01,47.9,,
ESTAT:LFSA_ERGAN(1.0),17/04/26 11:00:00,A,PC,T,Y15-74,TOTAL,LT,2001-01-01,52.6,,
ESTAT:LFSA_ERGAN(1.0),17/04/26 11:00:00,A,PC,T,Y15-74,TOTAL,LU,2001-01-01,56.3,,
ESTAT:LFSA_ERGAN(1.0),17/04/26 11:00:00,A,PC,T,Y15-74,TOTAL,LV,2001-01-01,52.1,,
ESTAT:LFSA_ERGAN(1.0),17/04/26 11:00:00,A,PC,T,Y15-74,TOTAL,MT,2001-01-01,49.7,,
ESTAT:LFSA_ERGAN(1.0),17/04/26 11:00:00,A,PC,T,Y15-74,TOTAL,NL,2001-01-01,67.3,,
ESTAT:LFSA_ERGAN(1.0),17/04/26 11:00:00,A,PC,T,Y15-74,TOTAL,NO,2001-01-01,71.1,,
ESTAT:LFSA_ERGAN(1.0),17/04/26 11:00:00,A,PC,T,Y15-74,TOTAL,PL,2001-01-01,49.0,b,
ESTAT:LFSA_ERGAN(1.0),17/04/26 11:00:00,A,PC,T,Y15-74,TOTAL,PT,2001-01-01,63.4,,
ESTAT:LFSA_ERGAN(1.0),17/04/26 11:00:00,A,PC,T,Y15-74,TOTAL,RO,2001-01-01,60.8,,
ESTAT:LFSA_ERGAN(1.0),17/04/26 11:00:00,A,PC,T,Y15-74,TOTAL,SE,2001-01-01,67.0,b,
ESTAT:LFSA_ERGAN(1.0),17/04/26 11:00:00,A,PC,T,Y15-74,TOTAL,SI,2001-01-01,57.6,,
ESTAT:LFSA_ERGAN(1.0),17/04/26 11:00:00,A,PC,T,Y15-74,TOTAL,SK,2001-01-01,51.6,,
ESTAT:LFSA_ERGAN(1.0),17/04/26 11:00:00,A,PC,T,Y15-74,TOTAL,UK,2001-01-01,64.1,,
ESTAT:LFSA_ERGAN(1.0),17/04/26 11:00:00,A,PC,T,Y20-64,TOTAL,AT,2001-01-01,70.7,,
ESTAT:LFSA_ERGAN(1.0),17/04/26 11:00:00,A,PC,T,Y20-64,TOTAL,BE,2001-01-01,64.9,b,
ESTAT:LFSA_ERGAN(1.0),17/04/26 11:00:00,A,PC,T,Y20-64,TOTAL,BG,2001-01-01,55.8,b,
ESTAT:LFSA_ERGAN(1.0),17/04/26 11:00:00,A,PC,T,Y20-64,TOTAL,CH,2001-01-01,81.9,,
ESTAT:LFSA_ERGAN(1.0),17/04/26 11:00:00,A,PC,T,Y20-64,TOTAL,CY,2001-01-01,74.1,,
ESTAT:LFSA_ERGAN(1.0),17/04/26 11:00:00,A,PC,T,Y20-64,TOTAL,CZ,2001-01-01,71.2,,
ESTAT:LFSA_ERGAN(1.0),17/04/26 11:00:00,A,PC,T,Y20-64,TOTAL,DE,2001-01-01,69.1,,
ESTAT:LFSA_ERGAN(1.0),17/04/26 11:00:00,A,PC,T,Y20-64,TOTAL,DK,2001-01-01,78.2,,
ESTAT:LFSA_ERGAN(1.0),17/04/26 11:00:00,A,PC,T,Y20-64,TOTAL,EE,2001-01-01,66.8,,
ESTAT:LFSA_ERGAN(1.0),17/04/26 11:00:00,A,PC,T,Y20-64,TOTAL,EL,2001-01-01,61.8,b,
ESTAT:LFSA_ERGAN(1.0),17/04/26 11:00:00,A,PC,T,Y20-64,TOTAL,ES,2001-01-01,62.0,b,
ESTAT:LFSA_ERGAN(1.0),17/04/26 11:00:00,A,PC,T,Y20-64,TOTAL,FI,2001-01-01,73.3,,
ESTAT:LFSA_ERGAN(1.0),17/04/26 11:00:00,A,PC,T,Y20-64,TOTAL,FR,2001-01-01,68.4,,
ESTAT:LFSA_ERGAN(1.0),17/04/26 11:00:00,A,PC,T,Y20-64,TOTAL,HU,2001-01-01,61.1,b,
ESTAT:LFSA_ERGAN(1.0),17/04/26 11:00:00,A,PC,T,Y20-64,TOTAL,IE,2001-01-01,70.8,,
ESTAT:LFSA_ERGAN(1.0),17/04/26 11:00:00,A,PC,T,Y20-64,TOTAL,IS,2001-01-01,88.6,,
ESTAT:LFSA_ERGAN(1.0),17/04/26 11:00:00,A,PC,T,Y20-64,TOTAL,IT,2001-01-01,58.2,,
ESTAT:LFSA_ERGAN(1.0),17/04/26 11:00:00,A,PC,T,Y20-64,TOTAL,LT,2001-01-01,64.9,,
ESTAT:LFSA_ERGAN(1.0),17/04/26 11:00:00,A,PC,T,Y20-64,TOTAL,LU,2001-01-01,67.6,,
ESTAT:LFSA_ERGAN(1.0),17/04/26 11:00:00,A,PC,T,Y20-64,TOTAL,LV,2001-01-01,64.5,,
ESTAT:LFSA_ERGAN(1.0),17/04/26 11:00:00,A,PC,T,Y20-64,TOTAL,MT,2001-01-01,57.6,,
ESTAT:LFSA_ERGAN(1.0),17/04/26 11:00:00,A,PC,T,Y20-64,TOTAL,NL,2001-01-01,75.3,,
ESTAT:LFSA_ERGAN(1.0),17/04/26 11:00:00,A,PC,T,Y20-64,TOTAL,NO,2001-01-01,80.4,,
ESTAT:LFSA_ERGAN(1.0),17/04/26 11:00:00,A,PC,T,Y20-64,TOTAL,PL,2001-01-01,59.8,b,
ESTAT:LFSA_ERGAN(1.0),17/04/26 11:00:00,A,PC,T,Y20-64,TOTAL,PT,2001-01-01,74.0,,
ESTAT:LFSA_ERGAN(1.0),17/04/26 11:00:00,A,PC,T,Y20-64,TOTAL,RO,2001-01-01,69.4,,
ESTAT:LFSA_ERGAN(1.0),17/04/26 11:00:00,A,PC,T,Y20-64,TOTAL,SE,2001-01-01,78.9,b,
ESTAT:LFSA_ERGAN(1.0),17/04/26 11:00:00,A,PC,T,Y20-64,TOTAL,SI,2001-01-01,69.4,,
ESTAT:LFSA_ERGAN(1.0),17/04/26 11:00:00,A,PC,T,Y20-64,TOTAL,SK,2001-01-01,63.4,,
ESTAT:LFSA_ERGAN(1.0),17/04/26 11:00:00,A,PC,T,Y20-64,TOTAL,UK,2001-01-01,74.3,,
ESTAT:LFSA_ERGAN(1.0),17/04/26 11:00:00,A,PC,F,Y15-64,TOTAL,AT,2002-01-01,61.0,,
ESTAT:LFSA_ERGAN(1.0),17/04/26 11:00:00,A,PC,F,Y15-64,TOTAL,BE,2002-01-01,51.1,,
ESTAT:LFSA_ERGAN(1.0),17/04/26 11:00:00,A,PC,F,Y15-64,TOTAL,BG,2002-01-01,48.2,,
ESTAT:LFSA_ERGAN(1.0),17/04/26 11:00:00,A,PC,F,Y15-64,TOTAL,CH,2002-01-01,71.5,,
ESTAT:LFSA_ERGAN(1.0),17/04/26 11:00:00,A,PC,F,Y15-64,TOTAL,CY,2002-01-01,59.0,,
ESTAT:LFSA_ERGAN(1.0),17/04/26 11:00:00,A,PC,F,Y15-64,TOTAL,CZ,2002-01-01,57.1,,
ESTAT:LFSA_ERGAN(1.0),17/04/26 11:00:00,A,PC,F,Y15-64,TOTAL,DE,2002-01-01,58.8,,
ESTAT:LFSA_ERGAN(1.0),17/04/26 11:00:00,A,PC,F,Y15-64,TOTAL,DK,2002-01-01,72.6,,
ESTAT:LFSA_ERGAN(1.0),17/04/26 11:00:00,A,PC,F,Y15-64,TOTAL,EA21,2002-01-01,52.9,,
ESTAT:LFSA_ERGAN(1.0),17/04/26 11:00:00,A,PC,F,Y15-64,TOTAL,EE,2002-01-01,58.3,,
ESTAT:LFSA_ERGAN(1.0),17/04/26 11:00:00,A,PC,F,Y15-64,TOTAL,EL,2002-01-01,43.2,,
ESTAT:LFSA_ERGAN(1.0),17/04/26 11:00:00,A,PC,F,Y15-64,TOTAL,ES,2002-01-01,45.0,,
ESTAT:LFSA_ERGAN(1.0),17/04/26 11:00:00,A,PC,F,Y15-64,TOTAL,EU27_2020,2002-01-01,53.0,,
ESTAT:LFSA_ERGAN(1.0),17/04/26 11:00:00,A,PC,F,Y15-64,TOTAL,FI,2002-01-01,67.3,,
ESTAT:LFSA_ERGAN(1.0),17/04/26 11:00:00,A,PC,F,Y15-64,TOTAL,FR,2002-01-01,56.4,,
ESTAT:LFSA_ERGAN(1.0),17/04/26 11:00:00,A,PC,F,Y15-64,TOTAL,HR,2002-01-01,46.0,,
ESTAT:LFSA_ERGAN(1.0),17/04/26 11:00:00,A,PC,F,Y15-64,TOTAL,HU,2002-01-01,49.8,,
ESTAT:LFSA_ERGAN(1.0),17/04/26 11:00:00,A,PC,F,Y15-64,TOTAL,IE,2002-01-01,55.2,,
ESTAT:LFSA_ERGAN(1.0),17/04/26 11:00:00,A,PC,F,Y15-64,TOTAL,IS,2002-01-01,81.9,,
ESTAT:LFSA_ERGAN(1.0),17/04/26 11:00:00,A,PC,F,Y15-64,TOTAL,IT,2002-01-01,41.9,,
ESTAT:LFSA_ERGAN(1.0),17/04/26 11:00:00,A,PC,F,Y15-64,TOTAL,LT,2002-01-01,57.2,b,
ESTAT:LFSA_ERGAN(1.0),17/04/26 11:00:00,A,PC,F,Y15-64,TOTAL,LU,2002-01-01,51.5,,
ESTAT:LFSA_ERGAN(1.0),17/04/26 11:00:00,A,PC,F,Y15-64,TOTAL,LV,2002-01-01,56.5,b,
ESTAT:LFSA_ERGAN(1.0),17/04/26 11:00:00,A,PC,F,Y15-64,TOTAL,MT,2002-01-01,34.3,,
ESTAT:LFSA_ERGAN(1.0),17/04/26 11:00:00,A,PC,F,Y15-64,TOTAL,NL,2002-01-01,65.9,,
ESTAT:LFSA_ERGAN(1.0),17/04/26 11:00:00,A,PC,F,Y15-64,TOTAL,NO,2002-01-01,74.2,,
ESTAT:LFSA_ERGAN(1.0),17/04/26 11:00:00,A,PC,F,Y15-64,TOTAL,PL,2002-01-01,46.7,,
ESTAT:LFSA_ERGAN(1.0),17/04/26 11:00:00,A,PC,F,Y15-64,TOTAL,PT,2002-01-01,61.7,,
ESTAT:LFSA_ERGAN(1.0),17/04/26 11:00:00,A,PC,F,Y15-64,TOTAL,RO,2002-01-01,52.8,b,
ESTAT:LFSA_ERGAN(1.0),17/04/26 11:00:00,A,PC,F,Y15-64,TOTAL,SE,2002-01-01,72.5,,
ESTAT:LFSA_ERGAN(1.0),17/04/26 11:00:00,A,PC,F,Y15-64,TOTAL,SI,2002-01-01,59.8,,
ESTAT:LFSA_ERGAN(1.0),17/04/26 11:00:00,A,PC,F,Y15-64,TOTAL,SK,2002-01-01,51.2,,
ESTAT:LFSA_ERGAN(1.0),17/04/26 11:00:00,A,PC,F,Y15-64,TOTAL,UK,2002-01-01,65.2,,
ESTAT:LFSA_ERGAN(1.0),17/04/26 11:00:00,A,PC,F,Y15-74,TOTAL,AT,2002-01-01,54.2,,
ESTAT:LFSA_ERGAN(1.0),17/04/26 11:00:00,A,PC,F,Y15-74,TOTAL,BE,2002-01-01,44.3,,
ESTAT:LFSA_ERGAN(1.0),17/04/26 11:00:00,A,PC,F,Y15-74,TOTAL,BG,2002-01-01,41.6,,
ESTAT:LFSA_ERGAN(1.0),17/04/26 11:00:00,A,PC,F,Y15-74,TOTAL,CH,2002-01-01,64.0,,
ESTAT:LFSA_ERGAN(1.0),17/04/26 11:00:00,A,PC,F,Y15-74,TOTAL,CY,2002-01-01,53.7,,
ESTAT:LFSA_ERGAN(1.0),17/04/26 11:00:00,A,PC,F,Y15-74,TOTAL,CZ,2002-01-01,50.6,,
ESTAT:LFSA_ERGAN(1.0),17/04/26 11:00:00,A,PC,F,Y15-74,TOTAL,DE,2002-01-01,50.8,,
ESTAT:LFSA_ERGAN(1.0),17/04/26 11:00:00,A,PC,F,Y15-74,TOTAL,DK,2002-01-01,64.9,,
ESTAT:LFSA_ERGAN(1.0),17/04/26 11:00:00,A,PC,F,Y15-74,TOTAL,EA21,2002-01-01,46.2,,
ESTAT:LFSA_ERGAN(1.0),17/04/26 11:00:00,A,PC,F,Y15-74,TOTAL,EE,2002-01-01,51.8,,
ESTAT:LFSA_ERGAN(1.0),17/04/26 11:00:00,A,PC,F,Y15-74,TOTAL,EL,2002-01-01,37.4,,
ESTAT:LFSA_ERGAN(1.0),17/04/26 11:00:00,A,PC,F,Y15-74,TOTAL,ES,2002-01-01,39.4,,
ESTAT:LFSA_ERGAN(1.0),17/04/26 11:00:00,A,PC,F,Y15-74,TOTAL,EU27_2020,2002-01-01,46.6,,
ESTAT:LFSA_ERGAN(1.0),17/04/26 11:00:00,A,PC,F,Y15-74,TOTAL,FI,2002-01-01,59.2,,
ESTAT:LFSA_ERGAN(1.0),17/04/26 11:00:00,A,PC,F,Y15-74,TOTAL,FR,2002-01-01,49.4,,
ESTAT:LFSA_ERGAN(1.0),17/04/26 11:00:00,A,PC,F,Y15-74,TOTAL,HR,2002-01-01,39.9,,
ESTAT:LFSA_ERGAN(1.0),17/04/26 11:00:00,A,PC,F,Y15-74,TOTAL,HU,2002-01-01,43.2,,
ESTAT:LFSA_ERGAN(1.0),17/04/26 11:00:00,A,PC,F,Y15-74,TOTAL,IE,2002-01-01,50.7,,
ESTAT:LFSA_ERGAN(1.0),17/04/26 11:00:00,A,PC,F,Y15-74,TOTAL,IS,2002-01-01,76.2,,
ESTAT:LFSA_ERGAN(1.0),17/04/26 11:00:00,A,PC,F,Y15-74,TOTAL,IT,2002-01-01,36.2,,
ESTAT:LFSA_ERGAN(1.0),17/04/26 11:00:00,A,PC,F,Y15-74,TOTAL,LT,2002-01-01,50.4,b,
ESTAT:LFSA_ERGAN(1.0),17/04/26 11:00:00,A,PC,F,Y15-74,TOTAL,LU,2002-01-01,45.7,,
ESTAT:LFSA_ERGAN(1.0),17/04/26 11:00:00,A,PC,F,Y15-74,TOTAL,LV,2002-01-01,49.5,b,
ESTAT:LFSA_ERGAN(1.0),17/04/26 11:00:00,A,PC,F,Y15-74,TOTAL,MT,2002-01-01,30.1,,
ESTAT:LFSA_ERGAN(1.0),17/04/26 11:00:00,A,PC,F,Y15-74,TOTAL,NL,2002-01-01,59.2,,
ESTAT:LFSA_ERGAN(1.0),17/04/26 11:00:00,A,PC,F,Y15-74,TOTAL,NO,2002-01-01,67.6,,
ESTAT:LFSA_ERGAN(1.0),17/04/26 11:00:00,A,PC,F,Y15-74,TOTAL,PL,2002-01-01,41.8,,
ESTAT:LFSA_ERGAN(1.0),17/04/26 11:00:00,A,PC,F,Y15-74,TOTAL,PT,2002-01-01,55.9,,
ESTAT:LFSA_ERGAN(1.0),17/04/26 11:00:00,A,PC,F,Y15-74,TOTAL,RO,2002-01-01,49.6,b,
ESTAT:LFSA_ERGAN(1.0),17/04/26 11:00:00,A,PC,F,Y15-74,TOTAL,SE,2002-01-01,64.4,,
ESTAT:LFSA_ERGAN(1.0),17/04/26 11:00:00,A,PC,F,Y15-74,TOTAL,SI,2002-01-01,53.1,,
ESTAT:LFSA_ERGAN(1.0),17/04/26 11:00:00,A,PC,F,Y15-74,TOTAL,SK,2002-01-01,45.7,,
ESTAT:LFSA_ERGAN(1.0),17/04/26 11:00:00,A,PC,F,Y15-74,TOTAL,UK,2002-01-01,58.2,,
ESTAT:LFSA_ERGAN(1.0),17/04/26 11:00:00,A,PC,F,Y20-64,TOTAL,AT,2002-01-01,63.7,,
ESTAT:LFSA_ERGAN(1.0),17/04/26 11:00:00,A,PC,F,Y20-64,TOTAL,BE,2002-01-01,55.5,,
ESTAT:LFSA_ERGAN(1.0),17/04/26 11:00:00,A,PC,F,Y20-64,TOTAL,BG,2002-01-01,53.2,,
ESTAT:LFSA_ERGAN(1.0),17/04/26 11:00:00,A,PC,F,Y20-64,TOTAL,CH,2002-01-01,73.3,,
ESTAT:LFSA_ERGAN(1.0),17/04/26 11:00:00,A,PC,F,Y20-64,TOTAL,CY,2002-01-01,64.6,,
ESTAT:LFSA_ERGAN(1.0),17/04/26 11:00:00,A,PC,F,Y20-64,TOTAL,CZ,2002-01-01,62.4,,
ESTAT:LFSA_ERGAN(1.0),17/04/26 11:00:00,A,PC,F,Y20-64,TOTAL,DE,2002-01-01,61.8,,
ESTAT:LFSA_ERGAN(1.0),17/04/26 11:00:00,A,PC,F,Y20-64,TOTAL,DK,2002-01-01,73.9,,
ESTAT:LFSA_ERGAN(1.0),17/04/26 11:00:00,A,PC,F,Y20-64,TOTAL,EA21,2002-01-01,56.5,,
ESTAT:LFSA_ERGAN(1.0),17/04/26 11:00:00,A,PC,F,Y20-64,TOTAL,EE,2002-01-01,64.8,,
ESTAT:LFSA_ERGAN(1.0),17/04/26 11:00:00,A,PC,F,Y20-64,TOTAL,EL,2002-01-01,47.0,,
ESTAT:LFSA_ERGAN(1.0),17/04/26 11:00:00,A,PC,F,Y20-64,TOTAL,ES,2002-01-01,48.3,,
ESTAT:LFSA_ERGAN(1.0),17/04/26 11:00:00,A,PC,F,Y20-64,TOTAL,EU27_2020,2002-01-01,56.9,,
ESTAT:LFSA_ERGAN(1.0),17/04/26 11:00:00,A,PC,F,Y20-64,TOTAL,FI,2002-01-01,71.1,,
ESTAT:LFSA_ERGAN(1.0),17/04/26 11:00:00,A,PC,F,Y20-64,TOTAL,FR,2002-01-01,61.6,,
ESTAT:LFSA_ERGAN(1.0),17/04/26 11:00:00,A,PC,F,Y20-64,TOTAL,HR,2002-01-01,50.3,,
ESTAT:LFSA_ERGAN(1.0),17/04/26 11:00:00,A,PC,F,Y20-64,TOTAL,HU,2002-01-01,54.3,,
ESTAT:LFSA_ERGAN(1.0),17/04/26 11:00:00,A,PC,F,Y20-64,TOTAL,IE,2002-01-01,59.8,,
ESTAT:LFSA_ERGAN(1.0),17/04/26 11:00:00,A,PC,F,Y20-64,TOTAL,IS,2002-01-01,83.8,,
ESTAT:LFSA_ERGAN(1.0),17/04/26 11:00:00,A,PC,F,Y20-64,TOTAL,IT,2002-01-01,44.8,,
ESTAT:LFSA_ERGAN(1.0),17/04/26 11:00:00,A,PC,F,Y20-64,TOTAL,LT,2002-01-01,64.0,b,
ESTAT:LFSA_ERGAN(1.0),17/04/26 11:00:00,A,PC,F,Y20-64,TOTAL,LU,2002-01-01,55.4,,
ESTAT:LFSA_ERGAN(1.0),17/04/26 11:00:00,A,PC,F,Y20-64,TOTAL,LV,2002-01-01,62.6,b,
ESTAT:LFSA_ERGAN(1.0),17/04/26 11:00:00,A,PC,F,Y20-64,TOTAL,MT,2002-01-01,34.9,,
ESTAT:LFSA_ERGAN(1.0),17/04/26 11:00:00,A,PC,F,Y20-64,TOTAL,NL,2002-01-01,66.6,,
ESTAT:LFSA_ERGAN(1.0),17/04/26 11:00:00,A,PC,F,Y20-64,TOTAL,NO,2002-01-01,76.8,,
ESTAT:LFSA_ERGAN(1.0),17/04/26 11:00:00,A,PC,F,Y20-64,TOTAL,PL,2002-01-01,51.9,,
ESTAT:LFSA_ERGAN(1.0),17/04/26 11:00:00,A,PC,F,Y20-64,TOTAL,PT,2002-01-01,66.2,,
ESTAT:LFSA_ERGAN(1.0),17/04/26 11:00:00,A,PC,F,Y20-64,TOTAL,RO,2002-01-01,57.8,b,
ESTAT:LFSA_ERGAN(1.0),17/04/26 11:00:00,A,PC,F,Y20-64,TOTAL,SE,2002-01-01,76.9,,
ESTAT:LFSA_ERGAN(1.0),17/04/26 11:00:00,A,PC,F,Y20-64,TOTAL,SI,2002-01-01,65.1,,
ESTAT:LFSA_ERGAN(1.0),17/04/26 11:00:00,A,PC,F,Y20-64,TOTAL,SK,2002-01-01,56.9,,
ESTAT:LFSA_ERGAN(1.0),17/04/26 11:00:00,A,PC,F,Y20-64,TOTAL,UK,2002-01-01,67.5,,
ESTAT:LFSA_ERGAN(1.0),17/04/26 11:00:00,A,PC,M,Y15-64,TOTAL,AT,2002-01-01,75.3,,
ESTAT:LFSA_ERGAN(1.0),17/04/26 11:00:00,A,PC,M,Y15-64,TOTAL,BE,2002-01-01,68.1,,
ESTAT:LFSA_ERGAN(1.0),17/04/26 11:00:00,A,PC,M,Y15-64,TOTAL,BG,2002-01-01,54.1,,
ESTAT:LFSA_ERGAN(1.0),17/04/26 11:00:00,A,PC,M,Y15-64,TOTAL,CH,2002-01-01,86.2,,
ESTAT:LFSA_ERGAN(1.0),17/04/26 11:00:00,A,PC,M,Y15-64,TOTAL,CY,2002-01-01,78.8,,
ESTAT:LFSA_ERGAN(1.0),17/04/26 11:00:00,A,PC,M,Y15-64,TOTAL,CZ,2002-01-01,73.9,,
ESTAT:LFSA_ERGAN(1.0),17/04/26 11:00:00,A,PC,M,Y15-64,TOTAL,DE,2002-01-01,71.8,,
ESTAT:LFSA_ERGAN(1.0),17/04/26 11:00:00,A,PC,M,Y15-64,TOTAL,DK,2002-01-01,80.2,,
ESTAT:LFSA_ERGAN(1.0),17/04/26 11:00:00,A,PC,M,Y15-64,TOTAL,EA21,2002-01-01,70.9,,
ESTAT:LFSA_ERGAN(1.0),17/04/26 11:00:00,A,PC,M,Y15-64,TOTAL,EE,2002-01-01,64.7,,
ESTAT:LFSA_ERGAN(1.0),17/04/26 11:00:00,A,PC,M,Y15-64,TOTAL,EL,2002-01-01,72.2,,
ESTAT:LFSA_ERGAN(1.0),17/04/26 11:00:00,A,PC,M,Y15-64,TOTAL,ES,2002-01-01,72.8,,
ESTAT:LFSA_ERGAN(1.0),17/04/26 11:00:00,A,PC,M,Y15-64,TOTAL,EU27_2020,2002-01-01,69.4,,
ESTAT:LFSA_ERGAN(1.0),17/04/26 11:00:00,A,PC,M,Y15-64,TOTAL,FI,2002-01-01,70.9,,
ESTAT:LFSA_ERGAN(1.0),17/04/26 11:00:00,A,PC,M,Y15-64,TOTAL,FR,2002-01-01,69.6,,
ESTAT:LFSA_ERGAN(1.0),17/04/26 11:00:00,A,PC,M,Y15-64,TOTAL,HR,2002-01-01,60.2,,
ESTAT:LFSA_ERGAN(1.0),17/04/26 11:00:00,A,PC,M,Y15-64,TOTAL,HU,2002-01-01,62.9,,
ESTAT:LFSA_ERGAN(1.0),17/04/26 11:00:00,A,PC,M,Y15-64,TOTAL,IE,2002-01-01,75.0,,
ESTAT:LFSA_ERGAN(1.0),17/04/26 11:00:00,A,PC,M,Y15-64,TOTAL,IS,2002-01-01,88.0,,
ESTAT:LFSA_ERGAN(1.0),17/04/26 11:00:00,A,PC,M,Y15-64,TOTAL,IT,2002-01-01,68.9,,
ESTAT:LFSA_ERGAN(1.0),17/04/26 11:00:00,A,PC,M,Y15-64,TOTAL,LT,2002-01-01,64.3,b,
ESTAT:LFSA_ERGAN(1.0),17/04/26 11:00:00,A,PC,M,Y15-64,TOTAL,LU,2002-01-01,75.5,,
ESTAT:LFSA_ERGAN(1.0),17/04/26 11:00:00,A,PC,M,Y15-64,TOTAL,LV,2002-01-01,63.0,b,
ESTAT:LFSA_ERGAN(1.0),17/04/26 11:00:00,A,PC,M,Y15-64,TOTAL,MT,2002-01-01,75.6,,
ESTAT:LFSA_ERGAN(1.0),17/04/26 11:00:00,A,PC,M,Y15-64,TOTAL,NL,2002-01-01,82.9,,
ESTAT:LFSA_ERGAN(1.0),17/04/26 11:00:00,A,PC,M,Y15-64,TOTAL,NO,2002-01-01,80.3,,
ESTAT:LFSA_ERGAN(1.0),17/04/26 11:00:00,A,PC,M,Y15-64,TOTAL,PL,2002-01-01,57.0,,
ESTAT:LFSA_ERGAN(1.0),17/04/26 11:00:00,A,PC,M,Y15-64,TOTAL,PT,2002-01-01,76.9,,
ESTAT:LFSA_ERGAN(1.0),17/04/26 11:00:00,A,PC,M,Y15-64,TOTAL,RO,2002-01-01,64.5,b,
ESTAT:LFSA_ERGAN(1.0),17/04/26 11:00:00,A,PC,M,Y15-64,TOTAL,SE,2002-01-01,75.5,,
ESTAT:LFSA_ERGAN(1.0),17/04/26 11:00:00,A,PC,M,Y15-64,TOTAL,SI,2002-01-01,68.7,,
ESTAT:LFSA_ERGAN(1.0),17/04/26 11:00:00,A,PC,M,Y15-64,TOTAL,SK,2002-01-01,61.9,,
ESTAT:LFSA_ERGAN(1.0),17/04/26 11:00:00,A,PC,M,Y15-64,TOTAL,UK,2002-01-01,77.4,,
ESTAT:LFSA_ERGAN(1.0),17/04/26 11:00:00,A,PC,M,Y15-74,TOTAL,AT,2002-01-01,68.4,,
ESTAT:LFSA_ERGAN(1.0),17/04/26 11:00:00,A,PC,M,Y15-74,TOTAL,BE,2002-01-01,60.5,,
ESTAT:LFSA_ERGAN(1.0),17/04/26 11:00:00,A,PC,M,Y15-74,TOTAL,BG,2002-01-01,48.4,,
ESTAT:LFSA_ERGAN(1.0),17/04/26 11:00:00,A,PC,M,Y15-74,TOTAL,CH,2002-01-01,79.9,,
ESTAT:LFSA_ERGAN(1.0),17/04/26 11:00:00,A,PC,M,Y15-74,TOTAL,CY,2002-01-01,73.9,,
ESTAT:LFSA_ERGAN(1.0),17/04/26 11:00:00,A,PC,M,Y15-74,TOTAL,CZ,2002-01-01,68.1,,
ESTAT:LFSA_ERGAN(1.0),17/04/26 11:00:00,A,PC,M,Y15-74,TOTAL,DE,2002-01-01,63.5,,
ESTAT:LFSA_ERGAN(1.0),17/04/26 11:00:00,A,PC,M,Y15-74,TOTAL,DK,2002-01-01,73.2,,
ESTAT:LFSA_ERGAN(1.0),17/04/26 11:00:00,A,PC,M,Y15-74,TOTAL,EA21,2002-01-01,63.5,,
ESTAT:LFSA_ERGAN(1.0),17/04/26 11:00:00,A,PC,M,Y15-74,TOTAL,EE,2002-01-01,59.5,,
ESTAT:LFSA_ERGAN(1.0),17/04/26 11:00:00,A,PC,M,Y15-74,TOTAL,EL,2002-01-01,64.2,,
ESTAT:LFSA_ERGAN(1.0),17/04/26 11:00:00,A,PC,M,Y15-74,TOTAL,ES,2002-01-01,65.1,,
ESTAT:LFSA_ERGAN(1.0),17/04/26 11:00:00,A,PC,M,Y15-74,TOTAL,EU27_2020,2002-01-01,62.7,,
ESTAT:LFSA_ERGAN(1.0),17/04/26 11:00:00,A,PC,M,Y15-74,TOTAL,FI,2002-01-01,64.3,,
ESTAT:LFSA_ERGAN(1.0),17/04/26 11:00:00,A,PC,M,Y15-74,TOTAL,FR,2002-01-01,62.3,,
ESTAT:LFSA_ERGAN(1.0),17/04/26 11:00:00,A,PC,M,Y15-74,TOTAL,HR,2002-01-01,53.8,,
ESTAT:LFSA_ERGAN(1.0),17/04/26 11:00:00,A,PC,M,Y15-74,TOTAL,HU,2002-01-01,57.0,,
ESTAT:LFSA_ERGAN(1.0),17/04/26 11:00:00,A,PC,M,Y15-74,TOTAL,IE,2002-01-01,70.5,,
ESTAT:LFSA_ERGAN(1.0),17/04/26 11:00:00,A,PC,M,Y15-74,TOTAL,IS,2002-01-01,84.4,,
ESTAT:LFSA_ERGAN(1.0),17/04/26 11:00:00,A,PC,M,Y15-74,TOTAL,IT,2002-01-01,61.6,,
ESTAT:LFSA_ERGAN(1.0),17/04/26 11:00:00,A,PC,M,Y15-74,TOTAL,LT,2002-01-01,59.2,b,
ESTAT:LFSA_ERGAN(1.0),17/04/26 11:00:00,A,PC,M,Y15-74,TOTAL,LU,2002-01-01,68.4,,
ESTAT:LFSA_ERGAN(1.0),17/04/26 11:00:00,A,PC,M,Y15-74,TOTAL,LV,2002-01-01,58.5,b,
ESTAT:LFSA_ERGAN(1.0),17/04/26 11:00:00,A,PC,M,Y15-74,TOTAL,MT,2002-01-01,69.1,,
ESTAT:LFSA_ERGAN(1.0),17/04/26 11:00:00,A,PC,M,Y15-74,TOTAL,NL,2002-01-01,76.2,,
ESTAT:LFSA_ERGAN(1.0),17/04/26 11:00:00,A,PC,M,Y15-74,TOTAL,NO,2002-01-01,74.6,,
ESTAT:LFSA_ERGAN(1.0),17/04/26 11:00:00,A,PC,M,Y15-74,TOTAL,PL,2002-01-01,52.9,,
ESTAT:LFSA_ERGAN(1.0),17/04/26 11:00:00,A,PC,M,Y15-74,TOTAL,PT,2002-01-01,71.6,,
ESTAT:LFSA_ERGAN(1.0),17/04/26 11:00:00,A,PC,M,Y15-74,TOTAL,RO,2002-01-01,61.0,b,
ESTAT:LFSA_ERGAN(1.0),17/04/26 11:00:00,A,PC,M,Y15-74,TOTAL,SE,2002-01-01,69.1,,
ESTAT:LFSA_ERGAN(1.0),17/04/26 11:00:00,A,PC,M,Y15-74,TOTAL,SI,2002-01-01,63.0,,
ESTAT:LFSA_ERGAN(1.0),17/04/26 11:00:00,A,PC,M,Y15-74,TOTAL,SK,2002-01-01,57.4,,
ESTAT:LFSA_ERGAN(1.0),17/04/26 11:00:00,A,PC,M,Y15-74,TOTAL,UK,2002-01-01,70.2,,
ESTAT:LFSA_ERGAN(1.0),17/04/26 11:00:00,A,PC,M,Y20-64,TOTAL,AT,2002-01-01,78.3,,
ESTAT:LFSA_ERGAN(1.0),17/04/26 11:00:00,A,PC,M,Y20-64,TOTAL,BE,2002-01-01,73.8,,
ESTAT:LFSA_ERGAN(1.0),17/04/26 11:00:00,A,PC,M,Y20-64,TOTAL,BG,2002-01-01,59.8,,
ESTAT:LFSA_ERGAN(1.0),17/04/26 11:00:00,A,PC,M,Y20-64,TOTAL,CH,2002-01-01,89.1,,
ESTAT:LFSA_ERGAN(1.0),17/04/26 11:00:00,A,PC,M,Y20-64,TOTAL,CY,2002-01-01,86.2,,
ESTAT:LFSA_ERGAN(1.0),17/04/26 11:00:00,A,PC,M,Y20-64,TOTAL,CZ,2002-01-01,81.0,,
ESTAT:LFSA_ERGAN(1.0),17/04/26 11:00:00,A,PC,M,Y20-64,TOTAL,DE,2002-01-01,75.6,,
ESTAT:LFSA_ERGAN(1.0),17/04/26 11:00:00,A,PC,M,Y20-64,TOTAL,DK,2002-01-01,82.6,,
ESTAT:LFSA_ERGAN(1.0),17/04/26 11:00:00,A,PC,M,Y20-64,TOTAL,EA21,2002-01-01,75.8,,
ESTAT:LFSA_ERGAN(1.0),17/04/26 11:00:00,A,PC,M,Y20-64,TOTAL,EE,2002-01-01,72.2,,
ESTAT:LFSA_ERGAN(1.0),17/04/26 11:00:00,A,PC,M,Y20-64,TOTAL,EL,2002-01-01,78.8,,
ESTAT:LFSA_ERGAN(1.0),17/04/26 11:00:00,A,PC,M,Y20-64,TOTAL,ES,2002-01-01,78.0,,
ESTAT:LFSA_ERGAN(1.0),17/04/26 11:00:00,A,PC,M,Y20-64,TOTAL,EU27_2020,2002-01-01,74.7,,
ESTAT:LFSA_ERGAN(1.0),17/04/26 11:00:00,A,PC,M,Y20-64,TOTAL,FI,2002-01-01,75.3,,
ESTAT:LFSA_ERGAN(1.0),17/04/26 11:00:00,A,PC,M,Y20-64,TOTAL,FR,2002-01-01,75.8,,
ESTAT:LFSA_ERGAN(1.0),17/04/26 11:00:00,A,PC,M,Y20-64,TOTAL,HR,2002-01-01,65.8,,
ESTAT:LFSA_ERGAN(1.0),17/04/26 11:00:00,A,PC,M,Y20-64,TOTAL,HU,2002-01-01,68.9,,
ESTAT:LFSA_ERGAN(1.0),17/04/26 11:00:00,A,PC,M,Y20-64,TOTAL,IE,2002-01-01,81.7,,
ESTAT:LFSA_ERGAN(1.0),17/04/26 11:00:00,A,PC,M,Y20-64,TOTAL,IS,2002-01-01,91.6,,
ESTAT:LFSA_ERGAN(1.0),17/04/26 11:00:00,A,PC,M,Y20-64,TOTAL,IT,2002-01-01,73.7,,
ESTAT:LFSA_ERGAN(1.0),17/04/26 11:00:00,A,PC,M,Y20-64,TOTAL,LT,2002-01-01,72.4,b,
ESTAT:LFSA_ERGAN(1.0),17/04/26 11:00:00,A,PC,M,Y20-64,TOTAL,LU,2002-01-01,81.2,,
ESTAT:LFSA_ERGAN(1.0),17/04/26 11:00:00,A,PC,M,Y20-64,TOTAL,LV,2002-01-01,70.4,b,
ESTAT:LFSA_ERGAN(1.0),17/04/26 11:00:00,A,PC,M,Y20-64,TOTAL,MT,2002-01-01,81.2,,
ESTAT:LFSA_ERGAN(1.0),17/04/26 11:00:00,A,PC,M,Y20-64,TOTAL,NL,2002-01-01,84.9,,
ESTAT:LFSA_ERGAN(1.0),17/04/26 11:00:00,A,PC,M,Y20-64,TOTAL,NO,2002-01-01,83.8,,
ESTAT:LFSA_ERGAN(1.0),17/04/26 11:00:00,A,PC,M,Y20-64,TOTAL,PL,2002-01-01,63.7,,
ESTAT:LFSA_ERGAN(1.0),17/04/26 11:00:00,A,PC,M,Y20-64,TOTAL,PT,2002-01-01,82.4,,
ESTAT:LFSA_ERGAN(1.0),17/04/26 11:00:00,A,PC,M,Y20-64,TOTAL,RO,2002-01-01,70.9,b,
ESTAT:LFSA_ERGAN(1.0),17/04/26 11:00:00,A,PC,M,Y20-64,TOTAL,SE,2002-01-01,80.7,,
ESTAT:LFSA_ERGAN(1.0),17/04/26 11:00:00,A,PC,M,Y20-64,TOTAL,SI,2002-01-01,74.8,,
ESTAT:LFSA_ERGAN(1.0),17/04/26 11:00:00,A,PC,M,Y20-64,TOTAL,SK,2002-01-01,69.7,,
ESTAT:LFSA_ERGAN(1.0),17/04/26 11:00:00,A,PC,M,Y20-64,TOTAL,UK,2002-01-01,81.3,,
ESTAT:LFSA_ERGAN(1.0),17/04/26 11:00:00,A,PC,T,Y15-64,TOTAL,AT,2002-01-01,68.1,,
ESTAT:LFSA_ERGAN(1.0),17/04/26 11:00:00,A,PC,T,Y15-64,TOTAL,BE,2002-01-01,59.7,,
ESTAT:LFSA_ERGAN(1.0),17/04/26 11:00:00,A,PC,T,Y15-64,TOTAL,BG,2002-01-01,51.1,,
ESTAT:LFSA_ERGAN(1.0),17/04/26 11:00:00,A,PC,T,Y15-64,TOTAL,CH,2002-01-01,78.9,,
ESTAT:LFSA_ERGAN(1.0),17/04/26 11:00:00,A,PC,T,Y15-64,TOTAL,CY,2002-01-01,68.5,,
ESTAT:LFSA_ERGAN(1.0),17/04/26 11:00:00,A,PC,T,Y15-64,TOTAL,CZ,2002-01-01,65.5,,
ESTAT:LFSA_ERGAN(1.0),17/04/26 11:00:00,A,PC,T,Y15-64,TOTAL,DE,2002-01-01,65.4,,
ESTAT:LFSA_ERGAN(1.0),17/04/26 11:00:00,A,PC,T,Y15-64,TOTAL,DK,2002-01-01,76.4,,
ESTAT:LFSA_ERGAN(1.0),17/04/26 11:00:00,A,PC,T,Y15-64,TOTAL,EA21,2002-01-01,61.9,,
ESTAT:LFSA_ERGAN(1.0),17/04/26 11:00:00,A,PC,T,Y15-64,TOTAL,EE,2002-01-01,61.4,,
ESTAT:LFSA_ERGAN(1.0),17/04/26 11:00:00,A,PC,T,Y15-64,TOTAL,EL,2002-01-01,57.6,,
ESTAT:LFSA_ERGAN(1.0),17/04/26 11:00:00,A,PC,T,Y15-64,TOTAL,ES,2002-01-01,59.0,,
ESTAT:LFSA_ERGAN(1.0),17/04/26 11:00:00,A,PC,T,Y15-64,TOTAL,EU27_2020,2002-01-01,61.2,,
ESTAT:LFSA_ERGAN(1.0),17/04/26 11:00:00,A,PC,T,Y15-64,TOTAL,FI,2002-01-01,69.1,,
ESTAT:LFSA_ERGAN(1.0),17/04/26 11:00:00,A,PC,T,Y15-64,TOTAL,FR,2002-01-01,62.9,,
ESTAT:LFSA_ERGAN(1.0),17/04/26 11:00:00,A,PC,T,Y15-64,TOTAL,HR,2002-01-01,52.9,,
ESTAT:LFSA_ERGAN(1.0),17/04/26 11:00:00,A,PC,T,Y15-64,TOTAL,HU,2002-01-01,56.2,,
ESTAT:LFSA_ERGAN(1.0),17/04/26 11:00:00,A,PC,T,Y15-64,TOTAL,IE,2002-01-01,65.1,,
ESTAT:LFSA_ERGAN(1.0),17/04/26 11:00:00,A,PC,T,Y15-64,TOTAL,IS,2002-01-01,85.0,,
ESTAT:LFSA_ERGAN(1.0),17/04/26 11:00:00,A,PC,T,Y15-64,TOTAL,IT,2002-01-01,55.4,,
ESTAT:LFSA_ERGAN(1.0),17/04/26 11:00:00,A,PC,T,Y15-64,TOTAL,LT,2002-01-01,60.6,b,
ESTAT:LFSA_ERGAN(1.0),17/04/26 11:00:00,A,PC,T,Y15-64,TOTAL,LU,2002-01-01,63.6,,
ESTAT:LFSA_ERGAN(1.0),17/04/26 11:00:00,A,PC,T,Y15-64,TOTAL,LV,2002-01-01,59.6,b,
ESTAT:LFSA_ERGAN(1.0),17/04/26 11:00:00,A,PC,T,Y15-64,TOTAL,MT,2002-01-01,55.0,,
ESTAT:LFSA_ERGAN(1.0),17/04/26 11:00:00,A,PC,T,Y15-64,TOTAL,NL,2002-01-01,74.5,,
ESTAT:LFSA_ERGAN(1.0),17/04/26 11:00:00,A,PC,T,Y15-64,TOTAL,NO,2002-01-01,77.3,,
ESTAT:LFSA_ERGAN(1.0),17/04/26 11:00:00,A,PC,T,Y15-64,TOTAL,PL,2002-01-01,51.7,,
ESTAT:LFSA_ERGAN(1.0),17/04/26 11:00:00,A,PC,T,Y15-64,TOTAL,PT,2002-01-01,69.1,,
ESTAT:LFSA_ERGAN(1.0),17/04/26 11:00:00,A,PC,T,Y15-64,TOTAL,RO,2002-01-01,58.6,b,
ESTAT:LFSA_ERGAN(1.0),17/04/26 11:00:00,A,PC,T,Y15-64,TOTAL,SE,2002-01-01,74.0,,
ESTAT:LFSA_ERGAN(1.0),17/04/26 11:00:00,A,PC,T,Y15-64,TOTAL,SI,2002-01-01,64.3,,
ESTAT:LFSA_ERGAN(1.0),17/04/26 11:00:00,A,PC,T,Y15-64,TOTAL,SK,2002-01-01,56.5,,
ESTAT:LFSA_ERGAN(1.0),17/04/26 11:00:00,A,PC,T,Y15-64,TOTAL,UK,2002-01-01,71.2,,
ESTAT:LFSA_ERGAN(1.0),17/04/26 11:00:00,A,PC,T,Y15-74,TOTAL,AT,2002-01-01,61.1,,
ESTAT:LFSA_ERGAN(1.0),17/04/26 11:00:00,A,PC,T,Y15-74,TOTAL,BE,2002-01-01,52.4,,
ESTAT:LFSA_ERGAN(1.0),17/04/26 11:00:00,A,PC,T,Y15-74,TOTAL,BG,2002-01-01,44.9,,
ESTAT:LFSA_ERGAN(1.0),17/04/26 11:00:00,A,PC,T,Y15-74,TOTAL,CH,2002-01-01,71.8,,
ESTAT:LFSA_ERGAN(1.0),17/04/26 11:00:00,A,PC,T,Y15-74,TOTAL,CY,2002-01-01,63.4,,
ESTAT:LFSA_ERGAN(1.0),17/04/26 11:00:00,A,PC,T,Y15-74,TOTAL,CZ,2002-01-01,59.1,,
ESTAT:LFSA_ERGAN(1.0),17/04/26 11:00:00,A,PC,T,Y15-74,TOTAL,DE,2002-01-01,57.2,,
ESTAT:LFSA_ERGAN(1.0),17/04/26 11:00:00,A,PC,T,Y15-74,TOTAL,DK,2002-01-01,69.1,,
ESTAT:LFSA_ERGAN(1.0),17/04/26 11:00:00,A,PC,T,Y15-74,TOTAL,EA21,2002-01-01,54.8,,
ESTAT:LFSA_ERGAN(1.0),17/04/26 11:00:00,A,PC,T,Y15-74,TOTAL,EE,2002-01-01,55.4,,
ESTAT:LFSA_ERGAN(1.0),17/04/26 11:00:00,A,PC,T,Y15-74,TOTAL,EL,2002-01-01,50.7,,
ESTAT:LFSA_ERGAN(1.0),17/04/26 11:00:00,A,PC,T,Y15-74,TOTAL,ES,2002-01-01,52.1,,
ESTAT:LFSA_ERGAN(1.0),17/04/26 11:00:00,A,PC,T,Y15-74,TOTAL,EU27_2020,2002-01-01,54.5,,
ESTAT:LFSA_ERGAN(1.0),17/04/26 11:00:00,A,PC,T,Y15-74,TOTAL,FI,2002-01-01,61.7,,
ESTAT:LFSA_ERGAN(1.0),17/04/26 11:00:00,A,PC,T,Y15-74,TOTAL,FR,2002-01-01,55.7,,
ESTAT:LFSA_ERGAN(1.0),17/04/26 11:00:00,A,PC,T,Y15-74,TOTAL,HR,2002-01-01,46.6,,
ESTAT:LFSA_ERGAN(1.0),17/04/26 11:00:00,A,PC,T,Y15-74,TOTAL,HU,2002-01-01,49.8,,
ESTAT:LFSA_ERGAN(1.0),17/04/26 11:00:00,A,PC,T,Y15-74,TOTAL,IE,2002-01-01,60.6,,
ESTAT:LFSA_ERGAN(1.0),17/04/26 11:00:00,A,PC,T,Y15-74,TOTAL,IS,2002-01-01,80.3,,
ESTAT:LFSA_ERGAN(1.0),17/04/26 11:00:00,A,PC,T,Y15-74,TOTAL,IT,2002-01-01,48.7,,
ESTAT:LFSA_ERGAN(1.0),17/04/26 11:00:00,A,PC,T,Y15-74,TOTAL,LT,2002-01-01,54.5,b,
ESTAT:LFSA_ERGAN(1.0),17/04/26 11:00:00,A,PC,T,Y15-74,TOTAL,LU,2002-01-01,57.0,,
ESTAT:LFSA_ERGAN(1.0),17/04/26 11:00:00,A,PC,T,Y15-74,TOTAL,LV,2002-01-01,53.6,b,
ESTAT:LFSA_ERGAN(1.0),17/04/26 11:00:00,A,PC,T,Y15-74,TOTAL,MT,2002-01-01,49.3,,
ESTAT:LFSA_ERGAN(1.0),17/04/26 11:00:00,A,PC,T,Y15-74,TOTAL,NL,2002-01-01,67.7,,
ESTAT:LFSA_ERGAN(1.0),17/04/26 11:00:00,A,PC,T,Y15-74,TOTAL,NO,2002-01-01,71.1,,
ESTAT:LFSA_ERGAN(1.0),17/04/26 11:00:00,A,PC,T,Y15-74,TOTAL,PL,2002-01-01,47.2,,
ESTAT:LFSA_ERGAN(1.0),17/04/26 11:00:00,A,PC,T,Y15-74,TOTAL,PT,2002-01-01,63.5,,
ESTAT:LFSA_ERGAN(1.0),17/04/26 11:00:00,A,PC,T,Y15-74,TOTAL,RO,2002-01-01,55.2,b,
ESTAT:LFSA_ERGAN(1.0),17/04/26 11:00:00,A,PC,T,Y15-74,TOTAL,SE,2002-01-01,66.8,,
ESTAT:LFSA_ERGAN(1.0),17/04/26 11:00:00,A,PC,T,Y15-74,TOTAL,SI,2002-01-01,58.1,,
ESTAT:LFSA_ERGAN(1.0),17/04/26 11:00:00,A,PC,T,Y15-74,TOTAL,SK,2002-01-01,51.4,,
ESTAT:LFSA_ERGAN(1.0),17/04/26 11:00:00,A,PC,T,Y15-74,TOTAL,UK,2002-01-01,64.1,,
ESTAT:LFSA_ERGAN(1.0),17/04/26 11:00:00,A,PC,T,Y20-64,TOTAL,AT,2002-01-01,70.9,,
ESTAT:LFSA_ERGAN(1.0),17/04/26 11:00:00,A,PC,T,Y20-64,TOTAL,BE,2002-01-01,64.7,,
ESTAT:LFSA_ERGAN(1.0),17/04/26 11:00:00,A,PC,T,Y20-64,TOTAL,BG,2002-01-01,56.5,,
ESTAT:LFSA_ERGAN(1.0),17/04/26 11:00:00,A,PC,T,Y20-64,TOTAL,CH,2002-01-01,81.2,,
ESTAT:LFSA_ERGAN(1.0),17/04/26 11:00:00,A,PC,T,Y20-64,TOTAL,CY,2002-01-01,75.1,,
ESTAT:LFSA_ERGAN(1.0),17/04/26 11:00:00,A,PC,T,Y20-64,TOTAL,CZ,2002-01-01,71.7,,
ESTAT:LFSA_ERGAN(1.0),17/04/26 11:00:00,A,PC,T,Y20-64,TOTAL,DE,2002-01-01,68.8,,
ESTAT:LFSA_ERGAN(1.0),17/04/26 11:00:00,A,PC,T,Y20-64,TOTAL,DK,2002-01-01,78.3,,
ESTAT:LFSA_ERGAN(1.0),17/04/26 11:00:00,A,PC,T,Y20-64,TOTAL,EA21,2002-01-01,66.1,,
ESTAT:LFSA_ERGAN(1.0),17/04/26 11:00:00,A,PC,T,Y20-64,TOTAL,EE,2002-01-01,68.3,,
ESTAT:LFSA_ERGAN(1.0),17/04/26 11:00:00,A,PC,T,Y20-64,TOTAL,EL,2002-01-01,62.8,,
ESTAT:LFSA_ERGAN(1.0),17/04/26 11:00:00,A,PC,T,Y20-64,TOTAL,ES,2002-01-01,63.2,,
ESTAT:LFSA_ERGAN(1.0),17/04/26 11:00:00,A,PC,T,Y20-64,TOTAL,EU27_2020,2002-01-01,65.7,,
ESTAT:LFSA_ERGAN(1.0),17/04/26 11:00:00,A,PC,T,Y20-64,TOTAL,FI,2002-01-01,73.2,,
ESTAT:LFSA_ERGAN(1.0),17/04/26 11:00:00,A,PC,T,Y20-64,TOTAL,FR,2002-01-01,68.6,,
ESTAT:LFSA_ERGAN(1.0),17/04/26 11:00:00,A,PC,T,Y20-64,TOTAL,HR,2002-01-01,57.9,,
ESTAT:LFSA_ERGAN(1.0),17/04/26 11:00:00,A,PC,T,Y20-64,TOTAL,HU,2002-01-01,61.4,,
ESTAT:LFSA_ERGAN(1.0),17/04/26 11:00:00,A,PC,T,Y20-64,TOTAL,IE,2002-01-01,70.8,,
ESTAT:LFSA_ERGAN(1.0),17/04/26 11:00:00,A,PC,T,Y20-64,TOTAL,IS,2002-01-01,87.8,,
ESTAT:LFSA_ERGAN(1.0),17/04/26 11:00:00,A,PC,T,Y20-64,TOTAL,IT,2002-01-01,59.2,,
ESTAT:LFSA_ERGAN(1.0),17/04/26 11:00:00,A,PC,T,Y20-64,TOTAL,LT,2002-01-01,68.0,b,
ESTAT:LFSA_ERGAN(1.0),17/04/26 11:00:00,A,PC,T,Y20-64,TOTAL,LU,2002-01-01,68.4,,
ESTAT:LFSA_ERGAN(1.0),17/04/26 11:00:00,A,PC,T,Y20-64,TOTAL,LV,2002-01-01,66.3,b,
ESTAT:LFSA_ERGAN(1.0),17/04/26 11:00:00,A,PC,T,Y20-64,TOTAL,MT,2002-01-01,58.2,,
ESTAT:LFSA_ERGAN(1.0),17/04/26 11:00:00,A,PC,T,Y20-64,TOTAL,NL,2002-01-01,75.8,,
ESTAT:LFSA_ERGAN(1.0),17/04/26 11:00:00,A,PC,T,Y20-64,TOTAL,NO,2002-01-01,80.3,,
ESTAT:LFSA_ERGAN(1.0),17/04/26 11:00:00,A,PC,T,Y20-64,TOTAL,PL,2002-01-01,57.7,,
ESTAT:LFSA_ERGAN(1.0),17/04/26 11:00:00,A,PC,T,Y20-64,TOTAL,PT,2002-01-01,74.1,,
ESTAT:LFSA_ERGAN(1.0),17/04/26 11:00:00,A,PC,T,Y20-64,TOTAL,RO,2002-01-01,64.3,b,
ESTAT:LFSA_ERGAN(1.0),17/04/26 11:00:00,A,PC,T,Y20-64,TOTAL,SE,2002-01-01,78.8,,
ESTAT:LFSA_ERGAN(1.0),17/04/26 11:00:00,A,PC,T,Y20-64,TOTAL,SI,2002-01-01,70.0,,
ESTAT:LFSA_ERGAN(1.0),17/04/26 11:00:00,A,PC,T,Y20-64,TOTAL,SK,2002-01-01,63.2,,
ESTAT:LFSA_ERGAN(1.0),17/04/26 11:00:00,A,PC,T,Y20-64,TOTAL,UK,2002-01-01,74.3,,
ESTAT:LFSA_ERGAN(1.0),17/04/26 11:00:00,A,PC,F,Y15-64,TOTAL,AT,2003-01-01,61.1,,
ESTAT:LFSA_ERGAN(1.0),17/04/26 11:00:00,A,PC,F,Y15-64,TOTAL,BE,2003-01-01,51.4,,
ESTAT:LFSA_ERGAN(1.0),17/04/26 11:00:00,A,PC,F,Y15-64,TOTAL,BG,2003-01-01,49.5,b,
ESTAT:LFSA_ERGAN(1.0),17/04/26 11:00:00,A,PC,F,Y15-64,TOTAL,CH,2003-01-01,70.7,,
ESTAT:LFSA_ERGAN(1.0),17/04/26 11:00:00,A,PC,F,Y15-64,TOTAL,CY,2003-01-01,60.2,,
ESTAT:LFSA_ERGAN(1.0),17/04/26 11:00:00,A,PC,F,Y15-64,TOTAL,CZ,2003-01-01,56.6,,
ESTAT:LFSA_ERGAN(1.0),17/04/26 11:00:00,A,PC,F,Y15-64,TOTAL,DE,2003-01-01,58.9,,
ESTAT:LFSA_ERGAN(1.0),17/04/26 11:00:00,A,PC,F,Y15-64,TOTAL,DK,2003-01-01,70.5,,
ESTAT:LFSA_ERGAN(1.0),17/04/26 11:00:00,A,PC,F,Y15-64,TOTAL,EA21,2003-01-01,53.8,,
ESTAT:LFSA_ERGAN(1.0),17/04/26 11:00:00,A,PC,F,Y15-64,TOTAL,EE,2003-01-01,59.1,,
ESTAT:LFSA_ERGAN(1.0),17/04/26 11:00:00,A,PC,F,Y15-64,TOTAL,EL,2003-01-01,44.6,,
ESTAT:LFSA_ERGAN(1.0),17/04/26 11:00:00,A,PC,F,Y15-64,TOTAL,ES,2003-01-01,46.8,,
ESTAT:LFSA_ERGAN(1.0),17/04/26 11:00:00,A,PC,F,Y15-64,TOTAL,EU27_2020,2003-01-01,53.6,,
ESTAT:LFSA_ERGAN(1.0),17/04/26 11:00:00,A,PC,F,Y15-64,TOTAL,FI,2003-01-01,67.1,,
ESTAT:LFSA_ERGAN(1.0),17/04/26 11:00:00,A,PC,F,Y15-64,TOTAL,FR,2003-01-01,58.3,b,
ESTAT:LFSA_ERGAN(1.0),17/04/26 11:00:00,A,PC,F,Y15-64,TOTAL,HR,2003-01-01,46.3,b,
ESTAT:LFSA_ERGAN(1.0),17/04/26 11:00:00,A,PC,F,Y15-64,TOTAL,HU,2003-01-01,50.9,,
ESTAT:LFSA_ERGAN(1.0),17/04/26 11:00:00,A,PC,F,Y15-64,TOTAL,IE,2003-01-01,55.3,,
ESTAT:LFSA_ERGAN(1.0),17/04/26 11:00:00,A,PC,F,Y15-64,TOTAL,IS,2003-01-01,80.9,b,
ESTAT:LFSA_ERGAN(1.0),17/04/26 11:00:00,A,PC,F,Y15-64,TOTAL,IT,2003-01-01,42.8,,
ESTAT:LFSA_ERGAN(1.0),17/04/26 11:00:00,A,PC,F,Y15-64,TOTAL,LT,2003-01-01,60.0,,
ESTAT:LFSA_ERGAN(1.0),17/04/26 11:00:00,A,PC,F,Y15-64,TOTAL,LU,2003-01-01,50.9,b,
ESTAT:LFSA_ERGAN(1.0),17/04/26 11:00:00,A,PC,F,Y15-64,TOTAL,LV,2003-01-01,56.8,,
ESTAT:LFSA_ERGAN(1.0),17/04/26 11:00:00,A,PC,F,Y15-64,TOTAL,MT,2003-01-01,33.4,,
ESTAT:LFSA_ERGAN(1.0),17/04/26 11:00:00,A,PC,F,Y15-64,TOTAL,NL,2003-01-01,66.0,,
ESTAT:LFSA_ERGAN(1.0),17/04/26 11:00:00,A,PC,F,Y15-64,TOTAL,NO,2003-01-01,72.5,,
ESTAT:LFSA_ERGAN(1.0),17/04/26 11:00:00,A,PC,F,Y15-64,TOTAL,PL,2003-01-01,46.4,b,
ESTAT:LFSA_ERGAN(1.0),17/04/26 11:00:00,A,PC,F,Y15-64,TOTAL,PT,2003-01-01,61.4,,
ESTAT:LFSA_ERGAN(1.0),17/04/26 11:00:00,A,PC,F,Y15-64,TOTAL,RO,2003-01-01,52.8,b,
ESTAT:LFSA_ERGAN(1.0),17/04/26 11:00:00,A,PC,F,Y15-64,TOTAL,SE,2003-01-01,72.2,,
ESTAT:LFSA_ERGAN(1.0),17/04/26 11:00:00,A,PC,F,Y15-64,TOTAL,SI,2003-01-01,57.7,,
ESTAT:LFSA_ERGAN(1.0),17/04/26 11:00:00,A,PC,F,Y15-64,TOTAL,SK,2003-01-01,52.3,b,
ESTAT:LFSA_ERGAN(1.0),17/04/26 11:00:00,A,PC,F,Y15-64,TOTAL,UK,2003-01-01,65.3,,
ESTAT:LFSA_ERGAN(1.0),17/04/26 11:00:00,A,PC,F,Y15-74,TOTAL,AT,2003-01-01,54.4,,
ESTAT:LFSA_ERGAN(1.0),17/04/26 11:00:00,A,PC,F,Y15-74,TOTAL,BE,2003-01-01,44.6,,
ESTAT:LFSA_ERGAN(1.0),17/04/26 11:00:00,A,PC,F,Y15-74,TOTAL,BG,2003-01-01,42.6,b,
ESTAT:LFSA_ERGAN(1.0),17/04/26 11:00:00,A,PC,F,Y15-74,TOTAL,CH,2003-01-01,63.3,,
ESTAT:LFSA_ERGAN(1.0),17/04/26 11:00:00,A,PC,F,Y15-74,TOTAL,CY,2003-01-01,54.9,,
ESTAT:LFSA_ERGAN(1.0),17/04/26 11:00:00,A,PC,F,Y15-74,TOTAL,CZ,2003-01-01,50.2,,
ESTAT:LFSA_ERGAN(1.0),17/04/26 11:00:00,A,PC,F,Y15-74,TOTAL,DE,2003-01-01,50.7,,
ESTAT:LFSA_ERGAN(1.0),17/04/26 11:00:00,A,PC,F,Y15-74,TOTAL,DK,2003-01-01,63.2,,
ESTAT:LFSA_ERGAN(1.0),17/04/26 11:00:00,A,PC,F,Y15-74,TOTAL,EA21,2003-01-01,46.9,,
ESTAT:LFSA_ERGAN(1.0),17/04/26 11:00:00,A,PC,F,Y15-74,TOTAL,EE,2003-01-01,52.2,,
ESTAT:LFSA_ERGAN(1.0),17/04/26 11:00:00,A,PC,F,Y15-74,TOTAL,EL,2003-01-01,38.6,,
ESTAT:LFSA_ERGAN(1.0),17/04/26 11:00:00,A,PC,F,Y15-74,TOTAL,ES,2003-01-01,41.0,,
ESTAT:LFSA_ERGAN(1.0),17/04/26 11:00:00,A,PC,F,Y15-74,TOTAL,EU27_2020,2003-01-01,47.1,,
ESTAT:LFSA_ERGAN(1.0),17/04/26 11:00:00,A,PC,F,Y15-74,TOTAL,FI,2003-01-01,59.0,,
ESTAT:LFSA_ERGAN(1.0),17/04/26 11:00:00,A,PC,F,Y15-74,TOTAL,FR,2003-01-01,51.1,b,
ESTAT:LFSA_ERGAN(1.0),17/04/26 11:00:00,A,PC,F,Y15-74,TOTAL,HR,2003-01-01,39.7,b,
ESTAT:LFSA_ERGAN(1.0),17/04/26 11:00:00,A,PC,F,Y15-74,TOTAL,HU,2003-01-01,44.2,,
ESTAT:LFSA_ERGAN(1.0),17/04/26 11:00:00,A,PC,F,Y15-74,TOTAL,IE,2003-01-01,50.9,,
ESTAT:LFSA_ERGAN(1.0),17/04/26 11:00:00,A,PC,F,Y15-74,TOTAL,IS,2003-01-01,75.6,b,
ESTAT:LFSA_ERGAN(1.0),17/04/26 11:00:00,A,PC,F,Y15-74,TOTAL,IT,2003-01-01,37.0,,
ESTAT:LFSA_ERGAN(1.0),17/04/26 11:00:00,A,PC,F,Y15-74,TOTAL,LT,2003-01-01,52.6,,
ESTAT:LFSA_ERGAN(1.0),17/04/26 11:00:00,A,PC,F,Y15-74,TOTAL,LU,2003-01-01,45.0,b,
ESTAT:LFSA_ERGAN(1.0),17/04/26 11:00:00,A,PC,F,Y15-74,TOTAL,LV,2003-01-01,49.5,,
ESTAT:LFSA_ERGAN(1.0),17/04/26 11:00:00,A,PC,F,Y15-74,TOTAL,MT,2003-01-01,29.7,,
ESTAT:LFSA_ERGAN(1.0),17/04/26 11:00:00,A,PC,F,Y15-74,TOTAL,NL,2003-01-01,59.3,,
ESTAT:LFSA_ERGAN(1.0),17/04/26 11:00:00,A,PC,F,Y15-74,TOTAL,NO,2003-01-01,66.4,,
ESTAT:LFSA_ERGAN(1.0),17/04/26 11:00:00,A,PC,F,Y15-74,TOTAL,PL,2003-01-01,41.5,b,
ESTAT:LFSA_ERGAN(1.0),17/04/26 11:00:00,A,PC,F,Y15-74,TOTAL,PT,2003-01-01,55.6,,
ESTAT:LFSA_ERGAN(1.0),17/04/26 11:00:00,A,PC,F,Y15-74,TOTAL,RO,2003-01-01,49.5,b,
ESTAT:LFSA_ERGAN(1.0),17/04/26 11:00:00,A,PC,F,Y15-74,TOTAL,SE,2003-01-01,64.3,,
ESTAT:LFSA_ERGAN(1.0),17/04/26 11:00:00,A,PC,F,Y15-74,TOTAL,SI,2003-01-01,51.2,,
ESTAT:LFSA_ERGAN(1.0),17/04/26 11:00:00,A,PC,F,Y15-74,TOTAL,SK,2003-01-01,46.8,b,
ESTAT:LFSA_ERGAN(1.0),17/04/26 11:00:00,A,PC,F,Y15-74,TOTAL,UK,2003-01-01,58.3,,
ESTAT:LFSA_ERGAN(1.0),17/04/26 11:00:00,A,PC,F,Y20-64,TOTAL,AT,2003-01-01,64.1,,
ESTAT:LFSA_ERGAN(1.0),17/04/26 11:00:00,A,PC,F,Y20-64,TOTAL,BE,2003-01-01,55.8,,
ESTAT:LFSA_ERGAN(1.0),17/04/26 11:00:00,A,PC,F,Y20-64,TOTAL,BG,2003-01-01,54.7,b,
ESTAT:LFSA_ERGAN(1.0),17/04/26 11:00:00,A,PC,F,Y20-64,TOTAL,CH,2003-01-01,72.5,,
ESTAT:LFSA_ERGAN(1.0),17/04/26 11:00:00,A,PC,F,Y20-64,TOTAL,CY,2003-01-01,65.7,,
ESTAT:LFSA_ERGAN(1.0),17/04/26 11:00:00,A,PC,F,Y20-64,TOTAL,CZ,2003-01-01,61.8,,
ESTAT:LFSA_ERGAN(1.0),17/04/26 11:00:00,A,PC,F,Y20-64,TOTAL,DE,2003-01-01,62.0,,
ESTAT:LFSA_ERGAN(1.0),17/04/26 11:00:00,A,PC,F,Y20-64,TOTAL,DK,2003-01-01,72.4,,
ESTAT:LFSA_ERGAN(1.0),17/04/26 11:00:00,A,PC,F,Y20-64,TOTAL,EA21,2003-01-01,57.5,,
ESTAT:LFSA_ERGAN(1.0),17/04/26 11:00:00,A,PC,F,Y20-64,TOTAL,EE,2003-01-01,65.4,,
ESTAT:LFSA_ERGAN(1.0),17/04/26 11:00:00,A,PC,F,Y20-64,TOTAL,EL,2003-01-01,48.4,,
ESTAT:LFSA_ERGAN(1.0),17/04/26 11:00:00,A,PC,F,Y20-64,TOTAL,ES,2003-01-01,50.1,,
ESTAT:LFSA_ERGAN(1.0),17/04/26 11:00:00,A,PC,F,Y20-64,TOTAL,EU27_2020,2003-01-01,57.6,,
ESTAT:LFSA_ERGAN(1.0),17/04/26 11:00:00,A,PC,F,Y20-64,TOTAL,FI,2003-01-01,71.1,,
ESTAT:LFSA_ERGAN(1.0),17/04/26 11:00:00,A,PC,F,Y20-64,TOTAL,FR,2003-01-01,63.7,b,
ESTAT:LFSA_ERGAN(1.0),17/04/26 11:00:00,A,PC,F,Y20-64,TOTAL,HR,2003-01-01,50.5,b,
ESTAT:LFSA_ERGAN(1.0),17/04/26 11:00:00,A,PC,F,Y20-64,TOTAL,HU,2003-01-01,55.5,,
ESTAT:LFSA_ERGAN(1.0),17/04/26 11:00:00,A,PC,F,Y20-64,TOTAL,IE,2003-01-01,59.7,,
ESTAT:LFSA_ERGAN(1.0),17/04/26 11:00:00,A,PC,F,Y20-64,TOTAL,IS,2003-01-01,82.4,b,
ESTAT:LFSA_ERGAN(1.0),17/04/26 11:00:00,A,PC,F,Y20-64,TOTAL,IT,2003-01-01,45.8,,
ESTAT:LFSA_ERGAN(1.0),17/04/26 11:00:00,A,PC,F,Y20-64,TOTAL,LT,2003-01-01,67.2,,
ESTAT:LFSA_ERGAN(1.0),17/04/26 11:00:00,A,PC,F,Y20-64,TOTAL,LU,2003-01-01,55.1,b,
ESTAT:LFSA_ERGAN(1.0),17/04/26 11:00:00,A,PC,F,Y20-64,TOTAL,LV,2003-01-01,63.4,,
ESTAT:LFSA_ERGAN(1.0),17/04/26 11:00:00,A,PC,F,Y20-64,TOTAL,MT,2003-01-01,34.3,,
ESTAT:LFSA_ERGAN(1.0),17/04/26 11:00:00,A,PC,F,Y20-64,TOTAL,NL,2003-01-01,66.7,,
ESTAT:LFSA_ERGAN(1.0),17/04/26 11:00:00,A,PC,F,Y20-64,TOTAL,NO,2003-01-01,75.1,,
ESTAT:LFSA_ERGAN(1.0),17/04/26 11:00:00,A,PC,F,Y20-64,TOTAL,PL,2003-01-01,51.8,b,
ESTAT:LFSA_ERGAN(1.0),17/04/26 11:00:00,A,PC,F,Y20-64,TOTAL,PT,2003-01-01,66.0,,
ESTAT:LFSA_ERGAN(1.0),17/04/26 11:00:00,A,PC,F,Y20-64,TOTAL,RO,2003-01-01,58.3,b,
ESTAT:LFSA_ERGAN(1.0),17/04/26 11:00:00,A,PC,F,Y20-64,TOTAL,SE,2003-01-01,76.6,,
ESTAT:LFSA_ERGAN(1.0),17/04/26 11:00:00,A,PC,F,Y20-64,TOTAL,SI,2003-01-01,62.9,,
ESTAT:LFSA_ERGAN(1.0),17/04/26 11:00:00,A,PC,F,Y20-64,TOTAL,SK,2003-01-01,58.4,b,
ESTAT:LFSA_ERGAN(1.0),17/04/26 11:00:00,A,PC,F,Y20-64,TOTAL,UK,2003-01-01,67.8,,
ESTAT:LFSA_ERGAN(1.0),17/04/26 11:00:00,A,PC,M,Y15-64,TOTAL,AT,2003-01-01,75.4,,
ESTAT:LFSA_ERGAN(1.0),17/04/26 11:00:00,A,PC,M,Y15-64,TOTAL,BE,2003-01-01,67.1,,
ESTAT:LFSA_ERGAN(1.0),17/04/26 11:00:00,A,PC,M,Y15-64,TOTAL,BG,2003-01-01,56.7,b,
ESTAT:LFSA_ERGAN(1.0),17/04/26 11:00:00,A,PC,M,Y15-64,TOTAL,CH,2003-01-01,85.1,,
ESTAT:LFSA_ERGAN(1.0),17/04/26 11:00:00,A,PC,M,Y15-64,TOTAL,CY,2003-01-01,78.8,,
ESTAT:LFSA_ERGAN(1.0),17/04/26 11:00:00,A,PC,M,Y15-64,TOTAL,CZ,2003-01-01,73.2,,
ESTAT:LFSA_ERGAN(1.0),17/04/26 11:00:00,A,PC,M,Y15-64,TOTAL,DE,2003-01-01,70.9,,
ESTAT:LFSA_ERGAN(1.0),17/04/26 11:00:00,A,PC,M,Y15-64,TOTAL,DK,2003-01-01,79.7,,
ESTAT:LFSA_ERGAN(1.0),17/04/26 11:00:00,A,PC,M,Y15-64,TOTAL,EA21,2003-01-01,70.8,,
ESTAT:LFSA_ERGAN(1.0),17/04/26 11:00:00,A,PC,M,Y15-64,TOTAL,EE,2003-01-01,65.9,,
ESTAT:LFSA_ERGAN(1.0),17/04/26 11:00:00,A,PC,M,Y15-64,TOTAL,EL,2003-01-01,72.9,,
ESTAT:LFSA_ERGAN(1.0),17/04/26 11:00:00,A,PC,M,Y15-64,TOTAL,ES,2003-01-01,73.2,,
ESTAT:LFSA_ERGAN(1.0),17/04/26 11:00:00,A,PC,M,Y15-64,TOTAL,EU27_2020,2003-01-01,69.3,,
ESTAT:LFSA_ERGAN(1.0),17/04/26 11:00:00,A,PC,M,Y15-64,TOTAL,FI,2003-01-01,70.3,,
ESTAT:LFSA_ERGAN(1.0),17/04/26 11:00:00,A,PC,M,Y15-64,TOTAL,FR,2003-01-01,69.8,b,
ESTAT:LFSA_ERGAN(1.0),17/04/26 11:00:00,A,PC,M,Y15-64,TOTAL,HR,2003-01-01,60.7,b,
ESTAT:LFSA_ERGAN(1.0),17/04/26 11:00:00,A,PC,M,Y15-64,TOTAL,HU,2003-01-01,63.5,,
ESTAT:LFSA_ERGAN(1.0),17/04/26 11:00:00,A,PC,M,Y15-64,TOTAL,IE,2003-01-01,74.7,,
ESTAT:LFSA_ERGAN(1.0),17/04/26 11:00:00,A,PC,M,Y15-64,TOTAL,IS,2003-01-01,87.7,b,
ESTAT:LFSA_ERGAN(1.0),17/04/26 11:00:00,A,PC,M,Y15-64,TOTAL,IT,2003-01-01,69.5,,
ESTAT:LFSA_ERGAN(1.0),17/04/26 11:00:00,A,PC,M,Y15-64,TOTAL,LT,2003-01-01,65.8,,
ESTAT:LFSA_ERGAN(1.0),17/04/26 11:00:00,A,PC,M,Y15-64,TOTAL,LU,2003-01-01,73.3,b,
ESTAT:LFSA_ERGAN(1.0),17/04/26 11:00:00,A,PC,M,Y15-64,TOTAL,LV,2003-01-01,64.2,,
ESTAT:LFSA_ERGAN(1.0),17/04/26 11:00:00,A,PC,M,Y15-64,TOTAL,MT,2003-01-01,75.6,,
ESTAT:LFSA_ERGAN(1.0),17/04/26 11:00:00,A,PC,M,Y15-64,TOTAL,NL,2003-01-01,81.4,,
ESTAT:LFSA_ERGAN(1.0),17/04/26 11:00:00,A,PC,M,Y15-64,TOTAL,NO,2003-01-01,78.6,,
ESTAT:LFSA_ERGAN(1.0),17/04/26 11:00:00,A,PC,M,Y15-64,TOTAL,PL,2003-01-01,56.4,b,
ESTAT:LFSA_ERGAN(1.0),17/04/26 11:00:00,A,PC,M,Y15-64,TOTAL,PT,2003-01-01,75.0,,
ESTAT:LFSA_ERGAN(1.0),17/04/26 11:00:00,A,PC,M,Y15-64,TOTAL,RO,2003-01-01,64.7,b,
ESTAT:LFSA_ERGAN(1.0),17/04/26 11:00:00,A,PC,M,Y15-64,TOTAL,SE,2003-01-01,74.9,,
ESTAT:LFSA_ERGAN(1.0),17/04/26 11:00:00,A,PC,M,Y15-64,TOTAL,SI,2003-01-01,67.2,,
ESTAT:LFSA_ERGAN(1.0),17/04/26 11:00:00,A,PC,M,Y15-64,TOTAL,SK,2003-01-01,63.5,b,
ESTAT:LFSA_ERGAN(1.0),17/04/26 11:00:00,A,PC,M,Y15-64,TOTAL,UK,2003-01-01,77.6,,
ESTAT:LFSA_ERGAN(1.0),17/04/26 11:00:00,A,PC,M,Y15-74,TOTAL,AT,2003-01-01,68.6,,
ESTAT:LFSA_ERGAN(1.0),17/04/26 11:00:00,A,PC,M,Y15-74,TOTAL,BE,2003-01-01,59.8,,
ESTAT:LFSA_ERGAN(1.0),17/04/26 11:00:00,A,PC,M,Y15-74,TOTAL,BG,2003-01-01,50.6,b,
ESTAT:LFSA_ERGAN(1.0),17/04/26 11:00:00,A,PC,M,Y15-74,TOTAL,CH,2003-01-01,79.0,,
ESTAT:LFSA_ERGAN(1.0),17/04/26 11:00:00,A,PC,M,Y15-74,TOTAL,CY,2003-01-01,74.0,,
ESTAT:LFSA_ERGAN(1.0),17/04/26 11:00:00,A,PC,M,Y15-74,TOTAL,CZ,2003-01-01,67.5,,
ESTAT:LFSA_ERGAN(1.0),17/04/26 11:00:00,A,PC,M,Y15-74,TOTAL,DE,2003-01-01,62.4,,
ESTAT:LFSA_ERGAN(1.0),17/04/26 11:00:00,A,PC,M,Y15-74,TOTAL,DK,2003-01-01,73.0,,
ESTAT:LFSA_ERGAN(1.0),17/04/26 11:00:00,A,PC,M,Y15-74,TOTAL,EA21,2003-01-01,63.4,,
ESTAT:LFSA_ERGAN(1.0),17/04/26 11:00:00,A,PC,M,Y15-74,TOTAL,EE,2003-01-01,61.3,,
ESTAT:LFSA_ERGAN(1.0),17/04/26 11:00:00,A,PC,M,Y15-74,TOTAL,EL,2003-01-01,64.9,,
ESTAT:LFSA_ERGAN(1.0),17/04/26 11:00:00,A,PC,M,Y15-74,TOTAL,ES,2003-01-01,65.7,,
ESTAT:LFSA_ERGAN(1.0),17/04/26 11:00:00,A,PC,M,Y15-74,TOTAL,EU27_2020,2003-01-01,62.5,,
ESTAT:LFSA_ERGAN(1.0),17/04/26 11:00:00,A,PC,M,Y15-74,TOTAL,FI,2003-01-01,63.9,,
ESTAT:LFSA_ERGAN(1.0),17/04/26 11:00:00,A,PC,M,Y15-74,TOTAL,FR,2003-01-01,62.6,b,
ESTAT:LFSA_ERGAN(1.0),17/04/26 11:00:00,A,PC,M,Y15-74,TOTAL,HR,2003-01-01,53.7,b,
ESTAT:LFSA_ERGAN(1.0),17/04/26 11:00:00,A,PC,M,Y15-74,TOTAL,HU,2003-01-01,57.7,,
ESTAT:LFSA_ERGAN(1.0),17/04/26 11:00:00,A,PC,M,Y15-74,TOTAL,IE,2003-01-01,70.2,,
ESTAT:LFSA_ERGAN(1.0),17/04/26 11:00:00,A,PC,M,Y15-74,TOTAL,IS,2003-01-01,83.8,b,
ESTAT:LFSA_ERGAN(1.0),17/04/26 11:00:00,A,PC,M,Y15-74,TOTAL,IT,2003-01-01,62.1,,
ESTAT:LFSA_ERGAN(1.0),17/04/26 11:00:00,A,PC,M,Y15-74,TOTAL,LT,2003-01-01,60.7,,
ESTAT:LFSA_ERGAN(1.0),17/04/26 11:00:00,A,PC,M,Y15-74,TOTAL,LU,2003-01-01,66.3,b,
ESTAT:LFSA_ERGAN(1.0),17/04/26 11:00:00,A,PC,M,Y15-74,TOTAL,LV,2003-01-01,59.4,,
ESTAT:LFSA_ERGAN(1.0),17/04/26 11:00:00,A,PC,M,Y15-74,TOTAL,MT,2003-01-01,68.8,,
ESTAT:LFSA_ERGAN(1.0),17/04/26 11:00:00,A,PC,M,Y15-74,TOTAL,NL,2003-01-01,74.5,,
ESTAT:LFSA_ERGAN(1.0),17/04/26 11:00:00,A,PC,M,Y15-74,TOTAL,NO,2003-01-01,73.1,,
ESTAT:LFSA_ERGAN(1.0),17/04/26 11:00:00,A,PC,M,Y15-74,TOTAL,PL,2003-01-01,52.3,b,
ESTAT:LFSA_ERGAN(1.0),17/04/26 11:00:00,A,PC,M,Y15-74,TOTAL,PT,2003-01-01,69.9,,
ESTAT:LFSA_ERGAN(1.0),17/04/26 11:00:00,A,PC,M,Y15-74,TOTAL,RO,2003-01-01,61.5,b,
ESTAT:LFSA_ERGAN(1.0),17/04/26 11:00:00,A,PC,M,Y15-74,TOTAL,SE,2003-01-01,68.5,,
ESTAT:LFSA_ERGAN(1.0),17/04/26 11:00:00,A,PC,M,Y15-74,TOTAL,SI,2003-01-01,61.7,,
ESTAT:LFSA_ERGAN(1.0),17/04/26 11:00:00,A,PC,M,Y15-74,TOTAL,SK,2003-01-01,58.9,b,
ESTAT:LFSA_ERGAN(1.0),17/04/26 11:00:00,A,PC,M,Y15-74,TOTAL,UK,2003-01-01,70.6,,
ESTAT:LFSA_ERGAN(1.0),17/04/26 11:00:00,A,PC,M,Y20-64,TOTAL,AT,2003-01-01,78.6,,
ESTAT:LFSA_ERGAN(1.0),17/04/26 11:00:00,A,PC,M,Y20-64,TOTAL,BE,2003-01-01,73.0,,
ESTAT:LFSA_ERGAN(1.0),17/04/26 11:00:00,A,PC,M,Y20-64,TOTAL,BG,2003-01-01,62.8,b,
ESTAT:LFSA_ERGAN(1.0),17/04/26 11:00:00,A,PC,M,Y20-64,TOTAL,CH,2003-01-01,87.9,,
ESTAT:LFSA_ERGAN(1.0),17/04/26 11:00:00,A,PC,M,Y20-64,TOTAL,CY,2003-01-01,85.7,,
ESTAT:LFSA_ERGAN(1.0),17/04/26 11:00:00,A,PC,M,Y20-64,TOTAL,CZ,2003-01-01,80.2,,
ESTAT:LFSA_ERGAN(1.0),17/04/26 11:00:00,A,PC,M,Y20-64,TOTAL,DE,2003-01-01,74.8,,
ESTAT:LFSA_ERGAN(1.0),17/04/26 11:00:00,A,PC,M,Y20-64,TOTAL,DK,2003-01-01,82.3,,
ESTAT:LFSA_ERGAN(1.0),17/04/26 11:00:00,A,PC,M,Y20-64,TOTAL,EA21,2003-01-01,75.8,,
ESTAT:LFSA_ERGAN(1.0),17/04/26 11:00:00,A,PC,M,Y20-64,TOTAL,EE,2003-01-01,73.1,,
ESTAT:LFSA_ERGAN(1.0),17/04/26 11:00:00,A,PC,M,Y20-64,TOTAL,EL,2003-01-01,79.3,,
ESTAT:LFSA_ERGAN(1.0),17/04/26 11:00:00,A,PC,M,Y20-64,TOTAL,ES,2003-01-01,78.4,,
ESTAT:LFSA_ERGAN(1.0),17/04/26 11:00:00,A,PC,M,Y20-64,TOTAL,EU27_2020,2003-01-01,74.6,,
ESTAT:LFSA_ERGAN(1.0),17/04/26 11:00:00,A,PC,M,Y20-64,TOTAL,FI,2003-01-01,74.7,,
ESTAT:LFSA_ERGAN(1.0),17/04/26 11:00:00,A,PC,M,Y20-64,TOTAL,FR,2003-01-01,76.0,b,
ESTAT:LFSA_ERGAN(1.0),17/04/26 11:00:00,A,PC,M,Y20-64,TOTAL,HR,2003-01-01,66.6,b,
ESTAT:LFSA_ERGAN(1.0),17/04/26 11:00:00,A,PC,M,Y20-64,TOTAL,HU,2003-01-01,69.7,,
ESTAT:LFSA_ERGAN(1.0),17/04/26 11:00:00,A,PC,M,Y20-64,TOTAL,IE,2003-01-01,81.1,,
ESTAT:LFSA_ERGAN(1.0),17/04/26 11:00:00,A,PC,M,Y20-64,TOTAL,IS,2003-01-01,89.6,b,
ESTAT:LFSA_ERGAN(1.0),17/04/26 11:00:00,A,PC,M,Y20-64,TOTAL,IT,2003-01-01,74.4,,
ESTAT:LFSA_ERGAN(1.0),17/04/26 11:00:00,A,PC,M,Y20-64,TOTAL,LT,2003-01-01,74.6,,
ESTAT:LFSA_ERGAN(1.0),17/04/26 11:00:00,A,PC,M,Y20-64,TOTAL,LU,2003-01-01,79.1,b,
ESTAT:LFSA_ERGAN(1.0),17/04/26 11:00:00,A,PC,M,Y20-64,TOTAL,LV,2003-01-01,71.9,,
ESTAT:LFSA_ERGAN(1.0),17/04/26 11:00:00,A,PC,M,Y20-64,TOTAL,MT,2003-01-01,81.3,,
ESTAT:LFSA_ERGAN(1.0),17/04/26 11:00:00,A,PC,M,Y20-64,TOTAL,NL,2003-01-01,83.7,,
ESTAT:LFSA_ERGAN(1.0),17/04/26 11:00:00,A,PC,M,Y20-64,TOTAL,NO,2003-01-01,82.1,,
ESTAT:LFSA_ERGAN(1.0),17/04/26 11:00:00,A,PC,M,Y20-64,TOTAL,PL,2003-01-01,62.9,b,
ESTAT:LFSA_ERGAN(1.0),17/04/26 11:00:00,A,PC,M,Y20-64,TOTAL,PT,2003-01-01,80.4,,
ESTAT:LFSA_ERGAN(1.0),17/04/26 11:00:00,A,PC,M,Y20-64,TOTAL,RO,2003-01-01,71.4,b,
ESTAT:LFSA_ERGAN(1.0),17/04/26 11:00:00,A,PC,M,Y20-64,TOTAL,SE,2003-01-01,80.2,,
ESTAT:LFSA_ERGAN(1.0),17/04/26 11:00:00,A,PC,M,Y20-64,TOTAL,SI,2003-01-01,73.2,,
ESTAT:LFSA_ERGAN(1.0),17/04/26 11:00:00,A,PC,M,Y20-64,TOTAL,SK,2003-01-01,71.7,b,
ESTAT:LFSA_ERGAN(1.0),17/04/26 11:00:00,A,PC,M,Y20-64,TOTAL,UK,2003-01-01,81.8,,
ESTAT:LFSA_ERGAN(1.0),17/04/26 11:00:00,A,PC,T,Y15-64,TOTAL,AT,2003-01-01,68.2,,
ESTAT:LFSA_ERGAN(1.0),17/04/26 11:00:00,A,PC,T,Y15-64,TOTAL,BE,2003-01-01,59.3,,
ESTAT:LFSA_ERGAN(1.0),17/04/26 11:00:00,A,PC,T,Y15-64,TOTAL,BG,2003-01-01,53.1,b,
ESTAT:LFSA_ERGAN(1.0),17/04/26 11:00:00,A,PC,T,Y15-64,TOTAL,CH,2003-01-01,77.9,,
ESTAT:LFSA_ERGAN(1.0),17/04/26 11:00:00,A,PC,T,Y15-64,TOTAL,CY,2003-01-01,69.2,,
ESTAT:LFSA_ERGAN(1.0),17/04/26 11:00:00,A,PC,T,Y15-64,TOTAL,CZ,2003-01-01,64.9,,
ESTAT:LFSA_ERGAN(1.0),17/04/26 11:00:00,A,PC,T,Y15-64,TOTAL,DE,2003-01-01,64.9,,
ESTAT:LFSA_ERGAN(1.0),17/04/26 11:00:00,A,PC,T,Y15-64,TOTAL,DK,2003-01-01,75.1,,
ESTAT:LFSA_ERGAN(1.0),17/04/26 11:00:00,A,PC,T,Y15-64,TOTAL,EA21,2003-01-01,62.3,,
ESTAT:LFSA_ERGAN(1.0),17/04/26 11:00:00,A,PC,T,Y15-64,TOTAL,EE,2003-01-01,62.4,,
ESTAT:LFSA_ERGAN(1.0),17/04/26 11:00:00,A,PC,T,Y15-64,TOTAL,EL,2003-01-01,58.7,,
ESTAT:LFSA_ERGAN(1.0),17/04/26 11:00:00,A,PC,T,Y15-64,TOTAL,ES,2003-01-01,60.1,,
ESTAT:LFSA_ERGAN(1.0),17/04/26 11:00:00,A,PC,T,Y15-64,TOTAL,EU27_2020,2003-01-01,61.4,,
ESTAT:LFSA_ERGAN(1.0),17/04/26 11:00:00,A,PC,T,Y15-64,TOTAL,FI,2003-01-01,68.7,,
ESTAT:LFSA_ERGAN(1.0),17/04/26 11:00:00,A,PC,T,Y15-64,TOTAL,FR,2003-01-01,64.0,b,
ESTAT:LFSA_ERGAN(1.0),17/04/26 11:00:00,A,PC,T,Y15-64,TOTAL,HR,2003-01-01,53.4,b,
ESTAT:LFSA_ERGAN(1.0),17/04/26 11:00:00,A,PC,T,Y15-64,TOTAL,HU,2003-01-01,57.0,,
ESTAT:LFSA_ERGAN(1.0),17/04/26 11:00:00,A,PC,T,Y15-64,TOTAL,IE,2003-01-01,65.1,,
ESTAT:LFSA_ERGAN(1.0),17/04/26 11:00:00,A,PC,T,Y15-64,TOTAL,IS,2003-01-01,84.3,b,
ESTAT:LFSA_ERGAN(1.0),17/04/26 11:00:00,A,PC,T,Y15-64,TOTAL,IT,2003-01-01,56.1,,
ESTAT:LFSA_ERGAN(1.0),17/04/26 11:00:00,A,PC,T,Y15-64,TOTAL,LT,2003-01-01,62.8,,
ESTAT:LFSA_ERGAN(1.0),17/04/26 11:00:00,A,PC,T,Y15-64,TOTAL,LU,2003-01-01,62.2,b,
ESTAT:LFSA_ERGAN(1.0),17/04/26 11:00:00,A,PC,T,Y15-64,TOTAL,LV,2003-01-01,60.3,,
ESTAT:LFSA_ERGAN(1.0),17/04/26 11:00:00,A,PC,T,Y15-64,TOTAL,MT,2003-01-01,54.6,,
ESTAT:LFSA_ERGAN(1.0),17/04/26 11:00:00,A,PC,T,Y15-64,TOTAL,NL,2003-01-01,73.8,,
ESTAT:LFSA_ERGAN(1.0),17/04/26 11:00:00,A,PC,T,Y15-64,TOTAL,NO,2003-01-01,75.6,,
ESTAT:LFSA_ERGAN(1.0),17/04/26 11:00:00,A,PC,T,Y15-64,TOTAL,PL,2003-01-01,51.4,b,
ESTAT:LFSA_ERGAN(1.0),17/04/26 11:00:00,A,PC,T,Y15-64,TOTAL,PT,2003-01-01,68.1,,
ESTAT:LFSA_ERGAN(1.0),17/04/26 11:00:00,A,PC,T,Y15-64,TOTAL,RO,2003-01-01,58.7,b,
ESTAT:LFSA_ERGAN(1.0),17/04/26 11:00:00,A,PC,T,Y15-64,TOTAL,SE,2003-01-01,73.6,,
ESTAT:LFSA_ERGAN(1.0),17/04/26 11:00:00,A,PC,T,Y15-64,TOTAL,SI,2003-01-01,62.5,,
ESTAT:LFSA_ERGAN(1.0),17/04/26 11:00:00,A,PC,T,Y15-64,TOTAL,SK,2003-01-01,57.9,b,
ESTAT:LFSA_ERGAN(1.0),17/04/26 11:00:00,A,PC,T,Y15-64,TOTAL,UK,2003-01-01,71.4,,
ESTAT:LFSA_ERGAN(1.0),17/04/26 11:00:00,A,PC,T,Y15-74,TOTAL,AT,2003-01-01,61.4,,
ESTAT:LFSA_ERGAN(1.0),17/04/26 11:00:00,A,PC,T,Y15-74,TOTAL,BE,2003-01-01,52.2,,
ESTAT:LFSA_ERGAN(1.0),17/04/26 11:00:00,A,PC,T,Y15-74,TOTAL,BG,2003-01-01,46.5,b,
ESTAT:LFSA_ERGAN(1.0),17/04/26 11:00:00,A,PC,T,Y15-74,TOTAL,CH,2003-01-01,71.0,,
ESTAT:LFSA_ERGAN(1.0),17/04/26 11:00:00,A,PC,T,Y15-74,TOTAL,CY,2003-01-01,64.1,,
ESTAT:LFSA_ERGAN(1.0),17/04/26 11:00:00,A,PC,T,Y15-74,TOTAL,CZ,2003-01-01,58.7,,
ESTAT:LFSA_ERGAN(1.0),17/04/26 11:00:00,A,PC,T,Y15-74,TOTAL,DE,2003-01-01,56.5,,
ESTAT:LFSA_ERGAN(1.0),17/04/26 11:00:00,A,PC,T,Y15-74,TOTAL,DK,2003-01-01,68.1,,
ESTAT:LFSA_ERGAN(1.0),17/04/26 11:00:00,A,PC,T,Y15-74,TOTAL,EA21,2003-01-01,55.1,,
ESTAT:LFSA_ERGAN(1.0),17/04/26 11:00:00,A,PC,T,Y15-74,TOTAL,EE,2003-01-01,56.5,,
ESTAT:LFSA_ERGAN(1.0),17/04/26 11:00:00,A,PC,T,Y15-74,TOTAL,EL,2003-01-01,51.6,,
ESTAT:LFSA_ERGAN(1.0),17/04/26 11:00:00,A,PC,T,Y15-74,TOTAL,ES,2003-01-01,53.3,,
ESTAT:LFSA_ERGAN(1.0),17/04/26 11:00:00,A,PC,T,Y15-74,TOTAL,EU27_2020,2003-01-01,54.7,,
ESTAT:LFSA_ERGAN(1.0),17/04/26 11:00:00,A,PC,T,Y15-74,TOTAL,FI,2003-01-01,61.4,,
ESTAT:LFSA_ERGAN(1.0),17/04/26 11:00:00,A,PC,T,Y15-74,TOTAL,FR,2003-01-01,56.7,b,
ESTAT:LFSA_ERGAN(1.0),17/04/26 11:00:00,A,PC,T,Y15-74,TOTAL,HR,2003-01-01,46.5,b,
ESTAT:LFSA_ERGAN(1.0),17/04/26 11:00:00,A,PC,T,Y15-74,TOTAL,HU,2003-01-01,50.6,,
ESTAT:LFSA_ERGAN(1.0),17/04/26 11:00:00,A,PC,T,Y15-74,TOTAL,IE,2003-01-01,60.6,,
ESTAT:LFSA_ERGAN(1.0),17/04/26 11:00:00,A,PC,T,Y15-74,TOTAL,IS,2003-01-01,79.8,b,
ESTAT:LFSA_ERGAN(1.0),17/04/26 11:00:00,A,PC,T,Y15-74,TOTAL,IT,2003-01-01,49.4,,
ESTAT:LFSA_ERGAN(1.0),17/04/26 11:00:00,A,PC,T,Y15-74,TOTAL,LT,2003-01-01,56.4,,
ESTAT:LFSA_ERGAN(1.0),17/04/26 11:00:00,A,PC,T,Y15-74,TOTAL,LU,2003-01-01,55.6,b,
ESTAT:LFSA_ERGAN(1.0),17/04/26 11:00:00,A,PC,T,Y15-74,TOTAL,LV,2003-01-01,54.1,,
ESTAT:LFSA_ERGAN(1.0),17/04/26 11:00:00,A,PC,T,Y15-74,TOTAL,MT,2003-01-01,49.2,,
ESTAT:LFSA_ERGAN(1.0),17/04/26 11:00:00,A,PC,T,Y15-74,TOTAL,NL,2003-01-01,66.9,,
ESTAT:LFSA_ERGAN(1.0),17/04/26 11:00:00,A,PC,T,Y15-74,TOTAL,NO,2003-01-01,69.7,,
ESTAT:LFSA_ERGAN(1.0),17/04/26 11:00:00,A,PC,T,Y15-74,TOTAL,PL,2003-01-01,46.7,b,
ESTAT:LFSA_ERGAN(1.0),17/04/26 11:00:00,A,PC,T,Y15-74,TOTAL,PT,2003-01-01,62.5,,
ESTAT:LFSA_ERGAN(1.0),17/04/26 11:00:00,A,PC,T,Y15-74,TOTAL,RO,2003-01-01,55.4,b,
ESTAT:LFSA_ERGAN(1.0),17/04/26 11:00:00,A,PC,T,Y15-74,TOTAL,SE,2003-01-01,66.4,,
ESTAT:LFSA_ERGAN(1.0),17/04/26 11:00:00,A,PC,T,Y15-74,TOTAL,SI,2003-01-01,56.4,,
ESTAT:LFSA_ERGAN(1.0),17/04/26 11:00:00,A,PC,T,Y15-74,TOTAL,SK,2003-01-01,52.7,b,
ESTAT:LFSA_ERGAN(1.0),17/04/26 11:00:00,A,PC,T,Y15-74,TOTAL,UK,2003-01-01,64.3,,
ESTAT:LFSA_ERGAN(1.0),17/04/26 11:00:00,A,PC,T,Y20-64,TOTAL,AT,2003-01-01,71.3,,
ESTAT:LFSA_ERGAN(1.0),17/04/26 11:00:00,A,PC,T,Y20-64,TOTAL,BE,2003-01-01,64.5,,
ESTAT:LFSA_ERGAN(1.0),17/04/26 11:00:00,A,PC,T,Y20-64,TOTAL,BG,2003-01-01,58.7,b,
ESTAT:LFSA_ERGAN(1.0),17/04/26 11:00:00,A,PC,T,Y20-64,TOTAL,CH,2003-01-01,80.2,,
ESTAT:LFSA_ERGAN(1.0),17/04/26 11:00:00,A,PC,T,Y20-64,TOTAL,CY,2003-01-01,75.4,,
ESTAT:LFSA_ERGAN(1.0),17/04/26 11:00:00,A,PC,T,Y20-64,TOTAL,CZ,2003-01-01,71.0,,
ESTAT:LFSA_ERGAN(1.0),17/04/26 11:00:00,A,PC,T,Y20-64,TOTAL,DE,2003-01-01,68.4,,
ESTAT:LFSA_ERGAN(1.0),17/04/26 11:00:00,A,PC,T,Y20-64,TOTAL,DK,2003-01-01,77.4,,
ESTAT:LFSA_ERGAN(1.0),17/04/26 11:00:00,A,PC,T,Y20-64,TOTAL,EA21,2003-01-01,66.6,,
ESTAT:LFSA_ERGAN(1.0),17/04/26 11:00:00,A,PC,T,Y20-64,TOTAL,EE,2003-01-01,69.1,,
ESTAT:LFSA_ERGAN(1.0),17/04/26 11:00:00,A,PC,T,Y20-64,TOTAL,EL,2003-01-01,63.8,,
ESTAT:LFSA_ERGAN(1.0),17/04/26 11:00:00,A,PC,T,Y20-64,TOTAL,ES,2003-01-01,64.3,,
ESTAT:LFSA_ERGAN(1.0),17/04/26 11:00:00,A,PC,T,Y20-64,TOTAL,EU27_2020,2003-01-01,66.1,,
ESTAT:LFSA_ERGAN(1.0),17/04/26 11:00:00,A,PC,T,Y20-64,TOTAL,FI,2003-01-01,72.9,,
ESTAT:LFSA_ERGAN(1.0),17/04/26 11:00:00,A,PC,T,Y20-64,TOTAL,FR,2003-01-01,69.7,b,
ESTAT:LFSA_ERGAN(1.0),17/04/26 11:00:00,A,PC,T,Y20-64,TOTAL,HR,2003-01-01,58.4,b,
ESTAT:LFSA_ERGAN(1.0),17/04/26 11:00:00,A,PC,T,Y20-64,TOTAL,HU,2003-01-01,62.4,,
ESTAT:LFSA_ERGAN(1.0),17/04/26 11:00:00,A,PC,T,Y20-64,TOTAL,IE,2003-01-01,70.4,,
ESTAT:LFSA_ERGAN(1.0),17/04/26 11:00:00,A,PC,T,Y20-64,TOTAL,IS,2003-01-01,86.0,b,
ESTAT:LFSA_ERGAN(1.0),17/04/26 11:00:00,A,PC,T,Y20-64,TOTAL,IT,2003-01-01,60.1,,
ESTAT:LFSA_ERGAN(1.0),17/04/26 11:00:00,A,PC,T,Y20-64,TOTAL,LT,2003-01-01,70.7,,
ESTAT:LFSA_ERGAN(1.0),17/04/26 11:00:00,A,PC,T,Y20-64,TOTAL,LU,2003-01-01,67.2,b,
ESTAT:LFSA_ERGAN(1.0),17/04/26 11:00:00,A,PC,T,Y20-64,TOTAL,LV,2003-01-01,67.4,,
ESTAT:LFSA_ERGAN(1.0),17/04/26 11:00:00,A,PC,T,Y20-64,TOTAL,MT,2003-01-01,57.8,,
ESTAT:LFSA_ERGAN(1.0),17/04/26 11:00:00,A,PC,T,Y20-64,TOTAL,NL,2003-01-01,75.3,,
ESTAT:LFSA_ERGAN(1.0),17/04/26 11:00:00,A,PC,T,Y20-64,TOTAL,NO,2003-01-01,78.6,,
ESTAT:LFSA_ERGAN(1.0),17/04/26 11:00:00,A,PC,T,Y20-64,TOTAL,PL,2003-01-01,57.3,b,
ESTAT:LFSA_ERGAN(1.0),17/04/26 11:00:00,A,PC,T,Y20-64,TOTAL,PT,2003-01-01,73.0,,
ESTAT:LFSA_ERGAN(1.0),17/04/26 11:00:00,A,PC,T,Y20-64,TOTAL,RO,2003-01-01,64.8,b,
ESTAT:LFSA_ERGAN(1.0),17/04/26 11:00:00,A,PC,T,Y20-64,TOTAL,SE,2003-01-01,78.5,,
ESTAT:LFSA_ERGAN(1.0),17/04/26 11:00:00,A,PC,T,Y20-64,TOTAL,SI,2003-01-01,68.1,,
ESTAT:LFSA_ERGAN(1.0),17/04/26 11:00:00,A,PC,T,Y20-64,TOTAL,SK,2003-01-01,65.0,b,
ESTAT:LFSA_ERGAN(1.0),17/04/26 11:00:00,A,PC,T,Y20-64,TOTAL,UK,2003-01-01,74.7,,
ESTAT:LFSA_ERGAN(1.0),17/04/26 11:00:00,A,PC,F,Y15-64,TOTAL,AT,2004-01-01,59.2,b,
ESTAT:LFSA_ERGAN(1.0),17/04/26 11:00:00,A,PC,F,Y15-64,TOTAL,BE,2004-01-01,53.0,,
ESTAT:LFSA_ERGAN(1.0),17/04/26 11:00:00,A,PC,F,Y15-64,TOTAL,BG,2004-01-01,51.6,,
ESTAT:LFSA_ERGAN(1.0),17/04/26 11:00:00,A,PC,F,Y15-64,TOTAL,CH,2004-01-01,70.3,,
ESTAT:LFSA_ERGAN(1.0),17/04/26 11:00:00,A,PC,F,Y15-64,TOTAL,CY,2004-01-01,59.7,,
ESTAT:LFSA_ERGAN(1.0),17/04/26 11:00:00,A,PC,F,Y15-64,TOTAL,CZ,2004-01-01,56.1,,
ESTAT:LFSA_ERGAN(1.0),17/04/26 11:00:00,A,PC,F,Y15-64,TOTAL,DE,2004-01-01,58.5,,
ESTAT:LFSA_ERGAN(1.0),17/04/26 11:00:00,A,PC,F,Y15-64,TOTAL,DK,2004-01-01,72.0,,
ESTAT:LFSA_ERGAN(1.0),17/04/26 11:00:00,A,PC,F,Y15-64,TOTAL,EA21,2004-01-01,54.3,,
ESTAT:LFSA_ERGAN(1.0),17/04/26 11:00:00,A,PC,F,Y15-64,TOTAL,EE,2004-01-01,61.3,,
ESTAT:LFSA_ERGAN(1.0),17/04/26 11:00:00,A,PC,F,Y15-64,TOTAL,EL,2004-01-01,45.5,b,
ESTAT:LFSA_ERGAN(1.0),17/04/26 11:00:00,A,PC,F,Y15-64,TOTAL,ES,2004-01-01,48.5,,
ESTAT:LFSA_ERGAN(1.0),17/04/26 11:00:00,A,PC,F,Y15-64,TOTAL,EU27_2020,2004-01-01,54.0,,
ESTAT:LFSA_ERGAN(1.0),17/04/26 11:00:00,A,PC,F,Y15-64,TOTAL,FI,2004-01-01,66.2,,
ESTAT:LFSA_ERGAN(1.0),17/04/26 11:00:00,A,PC,F,Y15-64,TOTAL,FR,2004-01-01,57.7,,
ESTAT:LFSA_ERGAN(1.0),17/04/26 11:00:00,A,PC,F,Y15-64,TOTAL,HR,2004-01-01,47.8,,
ESTAT:LFSA_ERGAN(1.0),17/04/26 11:00:00,A,PC,F,Y15-64,TOTAL,HU,2004-01-01,50.5,,
ESTAT:LFSA_ERGAN(1.0),17/04/26 11:00:00,A,PC,F,Y15-64,TOTAL,IE,2004-01-01,55.8,,
ESTAT:LFSA_ERGAN(1.0),17/04/26 11:00:00,A,PC,F,Y15-64,TOTAL,IS,2004-01-01,80.0,,
ESTAT:LFSA_ERGAN(1.0),17/04/26 11:00:00,A,PC,F,Y15-64,TOTAL,IT,2004-01-01,45.4,b,
ESTAT:LFSA_ERGAN(1.0),17/04/26 11:00:00,A,PC,F,Y15-64,TOTAL,LT,2004-01-01,58.3,,
ESTAT:LFSA_ERGAN(1.0),17/04/26 11:00:00,A,PC,F,Y15-64,TOTAL,LU,2004-01-01,51.9,,
ESTAT:LFSA_ERGAN(1.0),17/04/26 11:00:00,A,PC,F,Y15-64,TOTAL,LV,2004-01-01,56.0,,
ESTAT:LFSA_ERGAN(1.0),17/04/26 11:00:00,A,PC,F,Y15-64,TOTAL,MT,2004-01-01,31.6,b,
ESTAT:LFSA_ERGAN(1.0),17/04/26 11:00:00,A,PC,F,Y15-64,TOTAL,NL,2004-01-01,65.7,,
ESTAT:LFSA_ERGAN(1.0),17/04/26 11:00:00,A,PC,F,Y15-64,TOTAL,NO,2004-01-01,72.5,,
ESTAT:LFSA_ERGAN(1.0),17/04/26 11:00:00,A,PC,F,Y15-64,TOTAL,PL,2004-01-01,46.1,b,
ESTAT:LFSA_ERGAN(1.0),17/04/26 11:00:00,A,PC,F,Y15-64,TOTAL,PT,2004-01-01,61.5,,
ESTAT:LFSA_ERGAN(1.0),17/04/26 11:00:00,A,PC,F,Y15-64,TOTAL,RO,2004-01-01,53.5,,
ESTAT:LFSA_ERGAN(1.0),17/04/26 11:00:00,A,PC,F,Y15-64,TOTAL,SE,2004-01-01,70.8,,
ESTAT:LFSA_ERGAN(1.0),17/04/26 11:00:00,A,PC,F,Y15-64,TOTAL,SI,2004-01-01,61.3,,
ESTAT:LFSA_ERGAN(1.0),17/04/26 11:00:00,A,PC,F,Y15-64,TOTAL,SK,2004-01-01,50.6,,
ESTAT:LFSA_ERGAN(1.0),17/04/26 11:00:00,A,PC,F,Y15-64,TOTAL,UK,2004-01-01,65.5,b,
ESTAT:LFSA_ERGAN(1.0),17/04/26 11:00:00,A,PC,F,Y15-74,TOTAL,AT,2004-01-01,52.7,b,
ESTAT:LFSA_ERGAN(1.0),17/04/26 11:00:00,A,PC,F,Y15-74,TOTAL,BE,2004-01-01,46.0,,
ESTAT:LFSA_ERGAN(1.0),17/04/26 11:00:00,A,PC,F,Y15-74,TOTAL,BG,2004-01-01,44.2,,
ESTAT:LFSA_ERGAN(1.0),17/04/26 11:00:00,A,PC,F,Y15-74,TOTAL,CH,2004-01-01,62.8,,
ESTAT:LFSA_ERGAN(1.0),17/04/26 11:00:00,A,PC,F,Y15-74,TOTAL,CY,2004-01-01,54.4,,
ESTAT:LFSA_ERGAN(1.0),17/04/26 11:00:00,A,PC,F,Y15-74,TOTAL,CZ,2004-01-01,49.7,,
ESTAT:LFSA_ERGAN(1.0),17/04/26 11:00:00,A,PC,F,Y15-74,TOTAL,DE,2004-01-01,50.0,,
ESTAT:LFSA_ERGAN(1.0),17/04/26 11:00:00,A,PC,F,Y15-74,TOTAL,DK,2004-01-01,64.1,,
ESTAT:LFSA_ERGAN(1.0),17/04/26 11:00:00,A,PC,F,Y15-74,TOTAL,EA21,2004-01-01,47.3,,
ESTAT:LFSA_ERGAN(1.0),17/04/26 11:00:00,A,PC,F,Y15-74,TOTAL,EE,2004-01-01,54.2,,
ESTAT:LFSA_ERGAN(1.0),17/04/26 11:00:00,A,PC,F,Y15-74,TOTAL,EL,2004-01-01,39.3,b,
ESTAT:LFSA_ERGAN(1.0),17/04/26 11:00:00,A,PC,F,Y15-74,TOTAL,ES,2004-01-01,42.6,,
ESTAT:LFSA_ERGAN(1.0),17/04/26 11:00:00,A,PC,F,Y15-74,TOTAL,EU27_2020,2004-01-01,47.4,,
ESTAT:LFSA_ERGAN(1.0),17/04/26 11:00:00,A,PC,F,Y15-74,TOTAL,FI,2004-01-01,58.2,,
ESTAT:LFSA_ERGAN(1.0),17/04/26 11:00:00,A,PC,F,Y15-74,TOTAL,FR,2004-01-01,50.6,,
ESTAT:LFSA_ERGAN(1.0),17/04/26 11:00:00,A,PC,F,Y15-74,TOTAL,HR,2004-01-01,41.0,,
ESTAT:LFSA_ERGAN(1.0),17/04/26 11:00:00,A,PC,F,Y15-74,TOTAL,HU,2004-01-01,44.0,,
ESTAT:LFSA_ERGAN(1.0),17/04/26 11:00:00,A,PC,F,Y15-74,TOTAL,IE,2004-01-01,51.3,,
ESTAT:LFSA_ERGAN(1.0),17/04/26 11:00:00,A,PC,F,Y15-74,TOTAL,IS,2004-01-01,74.7,,
ESTAT:LFSA_ERGAN(1.0),17/04/26 11:00:00,A,PC,F,Y15-74,TOTAL,IT,2004-01-01,39.2,b,
ESTAT:LFSA_ERGAN(1.0),17/04/26 11:00:00,A,PC,F,Y15-74,TOTAL,LT,2004-01-01,50.6,,
ESTAT:LFSA_ERGAN(1.0),17/04/26 11:00:00,A,PC,F,Y15-74,TOTAL,LU,2004-01-01,45.5,,
ESTAT:LFSA_ERGAN(1.0),17/04/26 11:00:00,A,PC,F,Y15-74,TOTAL,LV,2004-01-01,49.5,,
ESTAT:LFSA_ERGAN(1.0),17/04/26 11:00:00,A,PC,F,Y15-74,TOTAL,MT,2004-01-01,28.3,b,
ESTAT:LFSA_ERGAN(1.0),17/04/26 11:00:00,A,PC,F,Y15-74,TOTAL,NL,2004-01-01,59.1,,
ESTAT:LFSA_ERGAN(1.0),17/04/26 11:00:00,A,PC,F,Y15-74,TOTAL,NO,2004-01-01,66.4,,
ESTAT:LFSA_ERGAN(1.0),17/04/26 11:00:00,A,PC,F,Y15-74,TOTAL,PL,2004-01-01,41.2,b,
ESTAT:LFSA_ERGAN(1.0),17/04/26 11:00:00,A,PC,F,Y15-74,TOTAL,PT,2004-01-01,55.5,,
ESTAT:LFSA_ERGAN(1.0),17/04/26 11:00:00,A,PC,F,Y15-74,TOTAL,RO,2004-01-01,49.4,,
ESTAT:LFSA_ERGAN(1.0),17/04/26 11:00:00,A,PC,F,Y15-74,TOTAL,SE,2004-01-01,63.1,,
ESTAT:LFSA_ERGAN(1.0),17/04/26 11:00:00,A,PC,F,Y15-74,TOTAL,SI,2004-01-01,54.0,,
ESTAT:LFSA_ERGAN(1.0),17/04/26 11:00:00,A,PC,F,Y15-74,TOTAL,SK,2004-01-01,45.5,,
ESTAT:LFSA_ERGAN(1.0),17/04/26 11:00:00,A,PC,F,Y15-74,TOTAL,UK,2004-01-01,58.6,b,
ESTAT:LFSA_ERGAN(1.0),17/04/26 11:00:00,A,PC,F,Y20-64,TOTAL,AT,2004-01-01,62.2,b,
ESTAT:LFSA_ERGAN(1.0),17/04/26 11:00:00,A,PC,F,Y20-64,TOTAL,BE,2004-01-01,57.6,,
ESTAT:LFSA_ERGAN(1.0),17/04/26 11:00:00,A,PC,F,Y20-64,TOTAL,BG,2004-01-01,57.2,,
ESTAT:LFSA_ERGAN(1.0),17/04/26 11:00:00,A,PC,F,Y20-64,TOTAL,CH,2004-01-01,72.4,,
ESTAT:LFSA_ERGAN(1.0),17/04/26 11:00:00,A,PC,F,Y20-64,TOTAL,CY,2004-01-01,65.2,,
ESTAT:LFSA_ERGAN(1.0),17/04/26 11:00:00,A,PC,F,Y20-64,TOTAL,CZ,2004-01-01,61.2,,
ESTAT:LFSA_ERGAN(1.0),17/04/26 11:00:00,A,PC,F,Y20-64,TOTAL,DE,2004-01-01,61.8,,
ESTAT:LFSA_ERGAN(1.0),17/04/26 11:00:00,A,PC,F,Y20-64,TOTAL,DK,2004-01-01,73.6,,
ESTAT:LFSA_ERGAN(1.0),17/04/26 11:00:00,A,PC,F,Y20-64,TOTAL,EA21,2004-01-01,58.1,,
ESTAT:LFSA_ERGAN(1.0),17/04/26 11:00:00,A,PC,F,Y20-64,TOTAL,EE,2004-01-01,67.8,,
ESTAT:LFSA_ERGAN(1.0),17/04/26 11:00:00,A,PC,F,Y20-64,TOTAL,EL,2004-01-01,49.3,b,
ESTAT:LFSA_ERGAN(1.0),17/04/26 11:00:00,A,PC,F,Y20-64,TOTAL,ES,2004-01-01,51.9,,
ESTAT:LFSA_ERGAN(1.0),17/04/26 11:00:00,A,PC,F,Y20-64,TOTAL,EU27_2020,2004-01-01,58.0,,
ESTAT:LFSA_ERGAN(1.0),17/04/26 11:00:00,A,PC,F,Y20-64,TOTAL,FI,2004-01-01,70.1,,
ESTAT:LFSA_ERGAN(1.0),17/04/26 11:00:00,A,PC,F,Y20-64,TOTAL,FR,2004-01-01,63.0,,
ESTAT:LFSA_ERGAN(1.0),17/04/26 11:00:00,A,PC,F,Y20-64,TOTAL,HR,2004-01-01,51.9,,
ESTAT:LFSA_ERGAN(1.0),17/04/26 11:00:00,A,PC,F,Y20-64,TOTAL,HU,2004-01-01,55.1,,
ESTAT:LFSA_ERGAN(1.0),17/04/26 11:00:00,A,PC,F,Y20-64,TOTAL,IE,2004-01-01,60.4,,
ESTAT:LFSA_ERGAN(1.0),17/04/26 11:00:00,A,PC,F,Y20-64,TOTAL,IS,2004-01-01,80.9,,
ESTAT:LFSA_ERGAN(1.0),17/04/26 11:00:00,A,PC,F,Y20-64,TOTAL,IT,2004-01-01,48.4,b,
ESTAT:LFSA_ERGAN(1.0),17/04/26 11:00:00,A,PC,F,Y20-64,TOTAL,LT,2004-01-01,65.3,,
ESTAT:LFSA_ERGAN(1.0),17/04/26 11:00:00,A,PC,F,Y20-64,TOTAL,LU,2004-01-01,56.2,,
ESTAT:LFSA_ERGAN(1.0),17/04/26 11:00:00,A,PC,F,Y20-64,TOTAL,LV,2004-01-01,62.2,,
ESTAT:LFSA_ERGAN(1.0),17/04/26 11:00:00,A,PC,F,Y20-64,TOTAL,MT,2004-01-01,33.2,b,
ESTAT:LFSA_ERGAN(1.0),17/04/26 11:00:00,A,PC,F,Y20-64,TOTAL,NL,2004-01-01,66.8,,
ESTAT:LFSA_ERGAN(1.0),17/04/26 11:00:00,A,PC,F,Y20-64,TOTAL,NO,2004-01-01,75.0,,
ESTAT:LFSA_ERGAN(1.0),17/04/26 11:00:00,A,PC,F,Y20-64,TOTAL,PL,2004-01-01,51.1,b,
ESTAT:LFSA_ERGAN(1.0),17/04/26 11:00:00,A,PC,F,Y20-64,TOTAL,PT,2004-01-01,66.0,,
ESTAT:LFSA_ERGAN(1.0),17/04/26 11:00:00,A,PC,F,Y20-64,TOTAL,RO,2004-01-01,58.9,,
ESTAT:LFSA_ERGAN(1.0),17/04/26 11:00:00,A,PC,F,Y20-64,TOTAL,SE,2004-01-01,75.7,,
ESTAT:LFSA_ERGAN(1.0),17/04/26 11:00:00,A,PC,F,Y20-64,TOTAL,SI,2004-01-01,66.5,,
ESTAT:LFSA_ERGAN(1.0),17/04/26 11:00:00,A,PC,F,Y20-64,TOTAL,SK,2004-01-01,56.5,,
ESTAT:LFSA_ERGAN(1.0),17/04/26 11:00:00,A,PC,F,Y20-64,TOTAL,UK,2004-01-01,68.1,b,
ESTAT:LFSA_ERGAN(1.0),17/04/26 11:00:00,A,PC,M,Y15-64,TOTAL,AT,2004-01-01,71.6,b,
ESTAT:LFSA_ERGAN(1.0),17/04/26 11:00:00,A,PC,M,Y15-64,TOTAL,BE,2004-01-01,67.9,,
ESTAT:LFSA_ERGAN(1.0),17/04/26 11:00:00,A,PC,M,Y15-64,TOTAL,BG,2004-01-01,58.7,,
ESTAT:LFSA_ERGAN(1.0),17/04/26 11:00:00,A,PC,M,Y15-64,TOTAL,CH,2004-01-01,84.4,,
ESTAT:LFSA_ERGAN(1.0),17/04/26 11:00:00,A,PC,M,Y15-64,TOTAL,CY,2004-01-01,79.9,,
ESTAT:LFSA_ERGAN(1.0),17/04/26 11:00:00,A,PC,M,Y15-64,TOTAL,CZ,2004-01-01,72.1,,
ESTAT:LFSA_ERGAN(1.0),17/04/26 11:00:00,A,PC,M,Y15-64,TOTAL,DE,2004-01-01,70.0,,
ESTAT:LFSA_ERGAN(1.0),17/04/26 11:00:00,A,PC,M,Y15-64,TOTAL,DK,2004-01-01,79.9,,
ESTAT:LFSA_ERGAN(1.0),17/04/26 11:00:00,A,PC,M,Y15-64,TOTAL,EA21,2004-01-01,70.7,,
ESTAT:LFSA_ERGAN(1.0),17/04/26 11:00:00,A,PC,M,Y15-64,TOTAL,EE,2004-01-01,65.1,,
ESTAT:LFSA_ERGAN(1.0),17/04/26 11:00:00,A,PC,M,Y15-64,TOTAL,EL,2004-01-01,73.3,b,
ESTAT:LFSA_ERGAN(1.0),17/04/26 11:00:00,A,PC,M,Y15-64,TOTAL,ES,2004-01-01,73.4,,
ESTAT:LFSA_ERGAN(1.0),17/04/26 11:00:00,A,PC,M,Y15-64,TOTAL,EU27_2020,2004-01-01,69.1,,
ESTAT:LFSA_ERGAN(1.0),17/04/26 11:00:00,A,PC,M,Y15-64,TOTAL,FI,2004-01-01,70.3,,
ESTAT:LFSA_ERGAN(1.0),17/04/26 11:00:00,A,PC,M,Y15-64,TOTAL,FR,2004-01-01,69.4,,
ESTAT:LFSA_ERGAN(1.0),17/04/26 11:00:00,A,PC,M,Y15-64,TOTAL,HR,2004-01-01,62.3,,
ESTAT:LFSA_ERGAN(1.0),17/04/26 11:00:00,A,PC,M,Y15-64,TOTAL,HU,2004-01-01,63.1,,
ESTAT:LFSA_ERGAN(1.0),17/04/26 11:00:00,A,PC,M,Y15-64,TOTAL,IE,2004-01-01,75.2,,
ESTAT:LFSA_ERGAN(1.0),17/04/26 11:00:00,A,PC,M,Y15-64,TOTAL,IS,2004-01-01,86.4,,
ESTAT:LFSA_ERGAN(1.0),17/04/26 11:00:00,A,PC,M,Y15-64,TOTAL,IT,2004-01-01,70.4,b,
ESTAT:LFSA_ERGAN(1.0),17/04/26 11:00:00,A,PC,M,Y15-64,TOTAL,LT,2004-01-01,65.7,,
ESTAT:LFSA_ERGAN(1.0),17/04/26 11:00:00,A,PC,M,Y15-64,TOTAL,LU,2004-01-01,72.8,,
ESTAT:LFSA_ERGAN(1.0),17/04/26 11:00:00,A,PC,M,Y15-64,TOTAL,LV,2004-01-01,65.5,,
ESTAT:LFSA_ERGAN(1.0),17/04/26 11:00:00,A,PC,M,Y15-64,TOTAL,MT,2004-01-01,75.0,b,
ESTAT:LFSA_ERGAN(1.0),17/04/26 11:00:00,A,PC,M,Y15-64,TOTAL,NL,2004-01-01,80.2,,
ESTAT:LFSA_ERGAN(1.0),17/04/26 11:00:00,A,PC,M,Y15-64,TOTAL,NO,2004-01-01,78.0,,
ESTAT:LFSA_ERGAN(1.0),17/04/26 11:00:00,A,PC,M,Y15-64,TOTAL,PL,2004-01-01,56.8,b,
ESTAT:LFSA_ERGAN(1.0),17/04/26 11:00:00,A,PC,M,Y15-64,TOTAL,PT,2004-01-01,74.3,,
ESTAT:LFSA_ERGAN(1.0),17/04/26 11:00:00,A,PC,M,Y15-64,TOTAL,RO,2004-01-01,64.1,,
ESTAT:LFSA_ERGAN(1.0),17/04/26 11:00:00,A,PC,M,Y15-64,TOTAL,SE,2004-01-01,74.0,,
ESTAT:LFSA_ERGAN(1.0),17/04/26 11:00:00,A,PC,M,Y15-64,TOTAL,SI,2004-01-01,69.9,,
ESTAT:LFSA_ERGAN(1.0),17/04/26 11:00:00,A,PC,M,Y15-64,TOTAL,SK,2004-01-01,62.9,,
ESTAT:LFSA_ERGAN(1.0),17/04/26 11:00:00,A,PC,M,Y15-64,TOTAL,UK,2004-01-01,77.7,b,
ESTAT:LFSA_ERGAN(1.0),17/04/26 11:00:00,A,PC,M,Y15-74,TOTAL,AT,2004-01-01,65.1,b,
ESTAT:LFSA_ERGAN(1.0),17/04/26 11:00:00,A,PC,M,Y15-74,TOTAL,BE,2004-01-01,60.5,,
ESTAT:LFSA_ERGAN(1.0),17/04/26 11:00:00,A,PC,M,Y15-74,TOTAL,BG,2004-01-01,52.6,,
ESTAT:LFSA_ERGAN(1.0),17/04/26 11:00:00,A,PC,M,Y15-74,TOTAL,CH,2004-01-01,78.2,,
ESTAT:LFSA_ERGAN(1.0),17/04/26 11:00:00,A,PC,M,Y15-74,TOTAL,CY,2004-01-01,74.5,,
ESTAT:LFSA_ERGAN(1.0),17/04/26 11:00:00,A,PC,M,Y15-74,TOTAL,CZ,2004-01-01,66.5,,
ESTAT:LFSA_ERGAN(1.0),17/04/26 11:00:00,A,PC,M,Y15-74,TOTAL,DE,2004-01-01,61.3,,
ESTAT:LFSA_ERGAN(1.0),17/04/26 11:00:00,A,PC,M,Y15-74,TOTAL,DK,2004-01-01,73.2,,
ESTAT:LFSA_ERGAN(1.0),17/04/26 11:00:00,A,PC,M,Y15-74,TOTAL,EA21,2004-01-01,63.2,,
ESTAT:LFSA_ERGAN(1.0),17/04/26 11:00:00,A,PC,M,Y15-74,TOTAL,EE,2004-01-01,61.0,,
ESTAT:LFSA_ERGAN(1.0),17/04/26 11:00:00,A,PC,M,Y15-74,TOTAL,EL,2004-01-01,65.1,b,
ESTAT:LFSA_ERGAN(1.0),17/04/26 11:00:00,A,PC,M,Y15-74,TOTAL,ES,2004-01-01,66.0,,
ESTAT:LFSA_ERGAN(1.0),17/04/26 11:00:00,A,PC,M,Y15-74,TOTAL,EU27_2020,2004-01-01,62.3,,
ESTAT:LFSA_ERGAN(1.0),17/04/26 11:00:00,A,PC,M,Y15-74,TOTAL,FI,2004-01-01,63.7,,
ESTAT:LFSA_ERGAN(1.0),17/04/26 11:00:00,A,PC,M,Y15-74,TOTAL,FR,2004-01-01,62.2,,
ESTAT:LFSA_ERGAN(1.0),17/04/26 11:00:00,A,PC,M,Y15-74,TOTAL,HR,2004-01-01,55.2,,
ESTAT:LFSA_ERGAN(1.0),17/04/26 11:00:00,A,PC,M,Y15-74,TOTAL,HU,2004-01-01,57.6,,
ESTAT:LFSA_ERGAN(1.0),17/04/26 11:00:00,A,PC,M,Y15-74,TOTAL,IE,2004-01-01,70.5,,
ESTAT:LFSA_ERGAN(1.0),17/04/26 11:00:00,A,PC,M,Y15-74,TOTAL,IS,2004-01-01,82.4,,
ESTAT:LFSA_ERGAN(1.0),17/04/26 11:00:00,A,PC,M,Y15-74,TOTAL,IT,2004-01-01,62.7,b,
ESTAT:LFSA_ERGAN(1.0),17/04/26 11:00:00,A,PC,M,Y15-74,TOTAL,LT,2004-01-01,60.1,,
ESTAT:LFSA_ERGAN(1.0),17/04/26 11:00:00,A,PC,M,Y15-74,TOTAL,LU,2004-01-01,65.6,,
ESTAT:LFSA_ERGAN(1.0),17/04/26 11:00:00,A,PC,M,Y15-74,TOTAL,LV,2004-01-01,60.8,,
ESTAT:LFSA_ERGAN(1.0),17/04/26 11:00:00,A,PC,M,Y15-74,TOTAL,MT,2004-01-01,68.6,b,
ESTAT:LFSA_ERGAN(1.0),17/04/26 11:00:00,A,PC,M,Y15-74,TOTAL,NL,2004-01-01,73.7,,
ESTAT:LFSA_ERGAN(1.0),17/04/26 11:00:00,A,PC,M,Y15-74,TOTAL,NO,2004-01-01,72.5,,
ESTAT:LFSA_ERGAN(1.0),17/04/26 11:00:00,A,PC,M,Y15-74,TOTAL,PL,2004-01-01,52.7,b,
ESTAT:LFSA_ERGAN(1.0),17/04/26 11:00:00,A,PC,M,Y15-74,TOTAL,PT,2004-01-01,69.3,,
ESTAT:LFSA_ERGAN(1.0),17/04/26 11:00:00,A,PC,M,Y15-74,TOTAL,RO,2004-01-01,60.3,,
ESTAT:LFSA_ERGAN(1.0),17/04/26 11:00:00,A,PC,M,Y15-74,TOTAL,SE,2004-01-01,67.6,,
ESTAT:LFSA_ERGAN(1.0),17/04/26 11:00:00,A,PC,M,Y15-74,TOTAL,SI,2004-01-01,64.3,,
ESTAT:LFSA_ERGAN(1.0),17/04/26 11:00:00,A,PC,M,Y15-74,TOTAL,SK,2004-01-01,58.5,,
ESTAT:LFSA_ERGAN(1.0),17/04/26 11:00:00,A,PC,M,Y15-74,TOTAL,UK,2004-01-01,70.7,b,
ESTAT:LFSA_ERGAN(1.0),17/04/26 11:00:00,A,PC,M,Y20-64,TOTAL,AT,2004-01-01,74.6,b,
ESTAT:LFSA_ERGAN(1.0),17/04/26 11:00:00,A,PC,M,Y20-64,TOTAL,BE,2004-01-01,74.0,,
ESTAT:LFSA_ERGAN(1.0),17/04/26 11:00:00,A,PC,M,Y20-64,TOTAL,BG,2004-01-01,65.3,,
ESTAT:LFSA_ERGAN(1.0),17/04/26 11:00:00,A,PC,M,Y20-64,TOTAL,CH,2004-01-01,87.5,,
ESTAT:LFSA_ERGAN(1.0),17/04/26 11:00:00,A,PC,M,Y20-64,TOTAL,CY,2004-01-01,86.9,,
ESTAT:LFSA_ERGAN(1.0),17/04/26 11:00:00,A,PC,M,Y20-64,TOTAL,CZ,2004-01-01,79.0,,
ESTAT:LFSA_ERGAN(1.0),17/04/26 11:00:00,A,PC,M,Y20-64,TOTAL,DE,2004-01-01,74.0,,
ESTAT:LFSA_ERGAN(1.0),17/04/26 11:00:00,A,PC,M,Y20-64,TOTAL,DK,2004-01-01,82.4,,
ESTAT:LFSA_ERGAN(1.0),17/04/26 11:00:00,A,PC,M,Y20-64,TOTAL,EA21,2004-01-01,75.7,,
ESTAT:LFSA_ERGAN(1.0),17/04/26 11:00:00,A,PC,M,Y20-64,TOTAL,EE,2004-01-01,72.8,,
ESTAT:LFSA_ERGAN(1.0),17/04/26 11:00:00,A,PC,M,Y20-64,TOTAL,EL,2004-01-01,79.6,b,
ESTAT:LFSA_ERGAN(1.0),17/04/26 11:00:00,A,PC,M,Y20-64,TOTAL,ES,2004-01-01,78.3,,
ESTAT:LFSA_ERGAN(1.0),17/04/26 11:00:00,A,PC,M,Y20-64,TOTAL,EU27_2020,2004-01-01,74.4,,
ESTAT:LFSA_ERGAN(1.0),17/04/26 11:00:00,A,PC,M,Y20-64,TOTAL,FI,2004-01-01,74.9,,
ESTAT:LFSA_ERGAN(1.0),17/04/26 11:00:00,A,PC,M,Y20-64,TOTAL,FR,2004-01-01,75.7,,
ESTAT:LFSA_ERGAN(1.0),17/04/26 11:00:00,A,PC,M,Y20-64,TOTAL,HR,2004-01-01,67.8,,
ESTAT:LFSA_ERGAN(1.0),17/04/26 11:00:00,A,PC,M,Y20-64,TOTAL,HU,2004-01-01,69.3,,
ESTAT:LFSA_ERGAN(1.0),17/04/26 11:00:00,A,PC,M,Y20-64,TOTAL,IE,2004-01-01,81.6,,
ESTAT:LFSA_ERGAN(1.0),17/04/26 11:00:00,A,PC,M,Y20-64,TOTAL,IS,2004-01-01,88.8,,
ESTAT:LFSA_ERGAN(1.0),17/04/26 11:00:00,A,PC,M,Y20-64,TOTAL,IT,2004-01-01,75.2,b,
ESTAT:LFSA_ERGAN(1.0),17/04/26 11:00:00,A,PC,M,Y20-64,TOTAL,LT,2004-01-01,74.3,,
ESTAT:LFSA_ERGAN(1.0),17/04/26 11:00:00,A,PC,M,Y20-64,TOTAL,LU,2004-01-01,78.9,,
ESTAT:LFSA_ERGAN(1.0),17/04/26 11:00:00,A,PC,M,Y20-64,TOTAL,LV,2004-01-01,73.3,,
ESTAT:LFSA_ERGAN(1.0),17/04/26 11:00:00,A,PC,M,Y20-64,TOTAL,MT,2004-01-01,81.2,b,
ESTAT:LFSA_ERGAN(1.0),17/04/26 11:00:00,A,PC,M,Y20-64,TOTAL,NL,2004-01-01,82.8,,
ESTAT:LFSA_ERGAN(1.0),17/04/26 11:00:00,A,PC,M,Y20-64,TOTAL,NO,2004-01-01,81.8,,
ESTAT:LFSA_ERGAN(1.0),17/04/26 11:00:00,A,PC,M,Y20-64,TOTAL,PL,2004-01-01,63.1,b,
ESTAT:LFSA_ERGAN(1.0),17/04/26 11:00:00,A,PC,M,Y20-64,TOTAL,PT,2004-01-01,79.5,,
ESTAT:LFSA_ERGAN(1.0),17/04/26 11:00:00,A,PC,M,Y20-64,TOTAL,RO,2004-01-01,70.6,,
ESTAT:LFSA_ERGAN(1.0),17/04/26 11:00:00,A,PC,M,Y20-64,TOTAL,SE,2004-01-01,79.8,,
ESTAT:LFSA_ERGAN(1.0),17/04/26 11:00:00,A,PC,M,Y20-64,TOTAL,SI,2004-01-01,75.5,,
ESTAT:LFSA_ERGAN(1.0),17/04/26 11:00:00,A,PC,M,Y20-64,TOTAL,SK,2004-01-01,70.8,,
ESTAT:LFSA_ERGAN(1.0),17/04/26 11:00:00,A,PC,M,Y20-64,TOTAL,UK,2004-01-01,81.9,b,
ESTAT:LFSA_ERGAN(1.0),17/04/26 11:00:00,A,PC,T,Y15-64,TOTAL,AT,2004-01-01,65.3,b,
ESTAT:LFSA_ERGAN(1.0),17/04/26 11:00:00,A,PC,T,Y15-64,TOTAL,BE,2004-01-01,60.5,,
ESTAT:LFSA_ERGAN(1.0),17/04/26 11:00:00,A,PC,T,Y15-64,TOTAL,BG,2004-01-01,55.1,,
ESTAT:LFSA_ERGAN(1.0),17/04/26 11:00:00,A,PC,T,Y15-64,TOTAL,CH,2004-01-01,77.4,,
ESTAT:LFSA_ERGAN(1.0),17/04/26 11:00:00,A,PC,T,Y15-64,TOTAL,CY,2004-01-01,69.4,,
ESTAT:LFSA_ERGAN(1.0),17/04/26 11:00:00,A,PC,T,Y15-64,TOTAL,CZ,2004-01-01,64.1,,
ESTAT:LFSA_ERGAN(1.0),17/04/26 11:00:00,A,PC,T,Y15-64,TOTAL,DE,2004-01-01,64.3,,
ESTAT:LFSA_ERGAN(1.0),17/04/26 11:00:00,A,PC,T,Y15-64,TOTAL,DK,2004-01-01,76.0,,
ESTAT:LFSA_ERGAN(1.0),17/04/26 11:00:00,A,PC,T,Y15-64,TOTAL,EA21,2004-01-01,62.5,,
ESTAT:LFSA_ERGAN(1.0),17/04/26 11:00:00,A,PC,T,Y15-64,TOTAL,EE,2004-01-01,63.2,,
ESTAT:LFSA_ERGAN(1.0),17/04/26 11:00:00,A,PC,T,Y15-64,TOTAL,EL,2004-01-01,59.3,b,
ESTAT:LFSA_ERGAN(1.0),17/04/26 11:00:00,A,PC,T,Y15-64,TOTAL,ES,2004-01-01,61.1,,
ESTAT:LFSA_ERGAN(1.0),17/04/26 11:00:00,A,PC,T,Y15-64,TOTAL,EU27_2020,2004-01-01,61.5,,
ESTAT:LFSA_ERGAN(1.0),17/04/26 11:00:00,A,PC,T,Y15-64,TOTAL,FI,2004-01-01,68.3,,
ESTAT:LFSA_ERGAN(1.0),17/04/26 11:00:00,A,PC,T,Y15-64,TOTAL,FR,2004-01-01,63.4,,
ESTAT:LFSA_ERGAN(1.0),17/04/26 11:00:00,A,PC,T,Y15-64,TOTAL,HR,2004-01-01,54.9,,
ESTAT:LFSA_ERGAN(1.0),17/04/26 11:00:00,A,PC,T,Y15-64,TOTAL,HU,2004-01-01,56.6,,
ESTAT:LFSA_ERGAN(1.0),17/04/26 11:00:00,A,PC,T,Y15-64,TOTAL,IE,2004-01-01,65.5,,
ESTAT:LFSA_ERGAN(1.0),17/04/26 11:00:00,A,PC,T,Y15-64,TOTAL,IS,2004-01-01,83.2,,
ESTAT:LFSA_ERGAN(1.0),17/04/26 11:00:00,A,PC,T,Y15-64,TOTAL,IT,2004-01-01,57.8,b,
ESTAT:LFSA_ERGAN(1.0),17/04/26 11:00:00,A,PC,T,Y15-64,TOTAL,LT,2004-01-01,61.8,,
ESTAT:LFSA_ERGAN(1.0),17/04/26 11:00:00,A,PC,T,Y15-64,TOTAL,LU,2004-01-01,62.5,,
ESTAT:LFSA_ERGAN(1.0),17/04/26 11:00:00,A,PC,T,Y15-64,TOTAL,LV,2004-01-01,60.5,,
ESTAT:LFSA_ERGAN(1.0),17/04/26 11:00:00,A,PC,T,Y15-64,TOTAL,MT,2004-01-01,53.4,b,
ESTAT:LFSA_ERGAN(1.0),17/04/26 11:00:00,A,PC,T,Y15-64,TOTAL,NL,2004-01-01,73.1,,
ESTAT:LFSA_ERGAN(1.0),17/04/26 11:00:00,A,PC,T,Y15-64,TOTAL,NO,2004-01-01,75.3,,
ESTAT:LFSA_ERGAN(1.0),17/04/26 11:00:00,A,PC,T,Y15-64,TOTAL,PL,2004-01-01,51.4,b,
ESTAT:LFSA_ERGAN(1.0),17/04/26 11:00:00,A,PC,T,Y15-64,TOTAL,PT,2004-01-01,67.8,,
ESTAT:LFSA_ERGAN(1.0),17/04/26 11:00:00,A,PC,T,Y15-64,TOTAL,RO,2004-01-01,58.7,,
ESTAT:LFSA_ERGAN(1.0),17/04/26 11:00:00,A,PC,T,Y15-64,TOTAL,SE,2004-01-01,72.4,,
ESTAT:LFSA_ERGAN(1.0),17/04/26 11:00:00,A,PC,T,Y15-64,TOTAL,SI,2004-01-01,65.6,,
ESTAT:LFSA_ERGAN(1.0),17/04/26 11:00:00,A,PC,T,Y15-64,TOTAL,SK,2004-01-01,56.7,,
ESTAT:LFSA_ERGAN(1.0),17/04/26 11:00:00,A,PC,T,Y15-64,TOTAL,UK,2004-01-01,71.6,b,
ESTAT:LFSA_ERGAN(1.0),17/04/26 11:00:00,A,PC,T,Y15-74,TOTAL,AT,2004-01-01,58.8,b,
ESTAT:LFSA_ERGAN(1.0),17/04/26 11:00:00,A,PC,T,Y15-74,TOTAL,BE,2004-01-01,53.2,,
ESTAT:LFSA_ERGAN(1.0),17/04/26 11:00:00,A,PC,T,Y15-74,TOTAL,BG,2004-01-01,48.3,,
ESTAT:LFSA_ERGAN(1.0),17/04/26 11:00:00,A,PC,T,Y15-74,TOTAL,CH,2004-01-01,70.4,,
ESTAT:LFSA_ERGAN(1.0),17/04/26 11:00:00,A,PC,T,Y15-74,TOTAL,CY,2004-01-01,64.1,,
ESTAT:LFSA_ERGAN(1.0),17/04/26 11:00:00,A,PC,T,Y15-74,TOTAL,CZ,2004-01-01,58.0,,
ESTAT:LFSA_ERGAN(1.0),17/04/26 11:00:00,A,PC,T,Y15-74,TOTAL,DE,2004-01-01,55.7,,
ESTAT:LFSA_ERGAN(1.0),17/04/26 11:00:00,A,PC,T,Y15-74,TOTAL,DK,2004-01-01,68.7,,
ESTAT:LFSA_ERGAN(1.0),17/04/26 11:00:00,A,PC,T,Y15-74,TOTAL,EA21,2004-01-01,55.2,,
ESTAT:LFSA_ERGAN(1.0),17/04/26 11:00:00,A,PC,T,Y15-74,TOTAL,EE,2004-01-01,57.4,,
ESTAT:LFSA_ERGAN(1.0),17/04/26 11:00:00,A,PC,T,Y15-74,TOTAL,EL,2004-01-01,52.0,b,
ESTAT:LFSA_ERGAN(1.0),17/04/26 11:00:00,A,PC,T,Y15-74,TOTAL,ES,2004-01-01,54.3,,
ESTAT:LFSA_ERGAN(1.0),17/04/26 11:00:00,A,PC,T,Y15-74,TOTAL,EU27_2020,2004-01-01,54.7,,
ESTAT:LFSA_ERGAN(1.0),17/04/26 11:00:00,A,PC,T,Y15-74,TOTAL,FI,2004-01-01,60.9,,
ESTAT:LFSA_ERGAN(1.0),17/04/26 11:00:00,A,PC,T,Y15-74,TOTAL,FR,2004-01-01,56.3,,
ESTAT:LFSA_ERGAN(1.0),17/04/26 11:00:00,A,PC,T,Y15-74,TOTAL,HR,2004-01-01,47.9,,
ESTAT:LFSA_ERGAN(1.0),17/04/26 11:00:00,A,PC,T,Y15-74,TOTAL,HU,2004-01-01,50.4,,
ESTAT:LFSA_ERGAN(1.0),17/04/26 11:00:00,A,PC,T,Y15-74,TOTAL,IE,2004-01-01,60.9,,
ESTAT:LFSA_ERGAN(1.0),17/04/26 11:00:00,A,PC,T,Y15-74,TOTAL,IS,2004-01-01,78.6,,
ESTAT:LFSA_ERGAN(1.0),17/04/26 11:00:00,A,PC,T,Y15-74,TOTAL,IT,2004-01-01,50.7,b,
ESTAT:LFSA_ERGAN(1.0),17/04/26 11:00:00,A,PC,T,Y15-74,TOTAL,LT,2004-01-01,55.1,,
ESTAT:LFSA_ERGAN(1.0),17/04/26 11:00:00,A,PC,T,Y15-74,TOTAL,LU,2004-01-01,55.5,,
ESTAT:LFSA_ERGAN(1.0),17/04/26 11:00:00,A,PC,T,Y15-74,TOTAL,LV,2004-01-01,54.7,,
ESTAT:LFSA_ERGAN(1.0),17/04/26 11:00:00,A,PC,T,Y15-74,TOTAL,MT,2004-01-01,48.3,b,
ESTAT:LFSA_ERGAN(1.0),17/04/26 11:00:00,A,PC,T,Y15-74,TOTAL,NL,2004-01-01,66.4,,
ESTAT:LFSA_ERGAN(1.0),17/04/26 11:00:00,A,PC,T,Y15-74,TOTAL,NO,2004-01-01,69.5,,
ESTAT:LFSA_ERGAN(1.0),17/04/26 11:00:00,A,PC,T,Y15-74,TOTAL,PL,2004-01-01,46.8,b,
ESTAT:LFSA_ERGAN(1.0),17/04/26 11:00:00,A,PC,T,Y15-74,TOTAL,PT,2004-01-01,62.2,,
ESTAT:LFSA_ERGAN(1.0),17/04/26 11:00:00,A,PC,T,Y15-74,TOTAL,RO,2004-01-01,54.8,,
ESTAT:LFSA_ERGAN(1.0),17/04/26 11:00:00,A,PC,T,Y15-74,TOTAL,SE,2004-01-01,65.4,,
ESTAT:LFSA_ERGAN(1.0),17/04/26 11:00:00,A,PC,T,Y15-74,TOTAL,SI,2004-01-01,59.1,,
ESTAT:LFSA_ERGAN(1.0),17/04/26 11:00:00,A,PC,T,Y15-74,TOTAL,SK,2004-01-01,51.8,,
ESTAT:LFSA_ERGAN(1.0),17/04/26 11:00:00,A,PC,T,Y15-74,TOTAL,UK,2004-01-01,64.5,b,
ESTAT:LFSA_ERGAN(1.0),17/04/26 11:00:00,A,PC,T,Y20-64,TOTAL,AT,2004-01-01,68.4,b,
ESTAT:LFSA_ERGAN(1.0),17/04/26 11:00:00,A,PC,T,Y20-64,TOTAL,BE,2004-01-01,65.8,,
ESTAT:LFSA_ERGAN(1.0),17/04/26 11:00:00,A,PC,T,Y20-64,TOTAL,BG,2004-01-01,61.2,,
ESTAT:LFSA_ERGAN(1.0),17/04/26 11:00:00,A,PC,T,Y20-64,TOTAL,CH,2004-01-01,80.0,,
ESTAT:LFSA_ERGAN(1.0),17/04/26 11:00:00,A,PC,T,Y20-64,TOTAL,CY,2004-01-01,75.7,,
ESTAT:LFSA_ERGAN(1.0),17/04/26 11:00:00,A,PC,T,Y20-64,TOTAL,CZ,2004-01-01,70.1,,
ESTAT:LFSA_ERGAN(1.0),17/04/26 11:00:00,A,PC,T,Y20-64,TOTAL,DE,2004-01-01,67.9,,
ESTAT:LFSA_ERGAN(1.0),17/04/26 11:00:00,A,PC,T,Y20-64,TOTAL,DK,2004-01-01,78.1,,
ESTAT:LFSA_ERGAN(1.0),17/04/26 11:00:00,A,PC,T,Y20-64,TOTAL,EA21,2004-01-01,66.8,,
ESTAT:LFSA_ERGAN(1.0),17/04/26 11:00:00,A,PC,T,Y20-64,TOTAL,EE,2004-01-01,70.2,,
ESTAT:LFSA_ERGAN(1.0),17/04/26 11:00:00,A,PC,T,Y20-64,TOTAL,EL,2004-01-01,64.3,b,
ESTAT:LFSA_ERGAN(1.0),17/04/26 11:00:00,A,PC,T,Y20-64,TOTAL,ES,2004-01-01,65.2,,
ESTAT:LFSA_ERGAN(1.0),17/04/26 11:00:00,A,PC,T,Y20-64,TOTAL,EU27_2020,2004-01-01,66.2,,
ESTAT:LFSA_ERGAN(1.0),17/04/26 11:00:00,A,PC,T,Y20-64,TOTAL,FI,2004-01-01,72.5,,
ESTAT:LFSA_ERGAN(1.0),17/04/26 11:00:00,A,PC,T,Y20-64,TOTAL,FR,2004-01-01,69.2,,
ESTAT:LFSA_ERGAN(1.0),17/04/26 11:00:00,A,PC,T,Y20-64,TOTAL,HR,2004-01-01,59.7,,
ESTAT:LFSA_ERGAN(1.0),17/04/26 11:00:00,A,PC,T,Y20-64,TOTAL,HU,2004-01-01,62.0,,
ESTAT:LFSA_ERGAN(1.0),17/04/26 11:00:00,A,PC,T,Y20-64,TOTAL,IE,2004-01-01,71.0,,
ESTAT:LFSA_ERGAN(1.0),17/04/26 11:00:00,A,PC,T,Y20-64,TOTAL,IS,2004-01-01,84.9,,
ESTAT:LFSA_ERGAN(1.0),17/04/26 11:00:00,A,PC,T,Y20-64,TOTAL,IT,2004-01-01,61.7,b,
ESTAT:LFSA_ERGAN(1.0),17/04/26 11:00:00,A,PC,T,Y20-64,TOTAL,LT,2004-01-01,69.6,,
ESTAT:LFSA_ERGAN(1.0),17/04/26 11:00:00,A,PC,T,Y20-64,TOTAL,LU,2004-01-01,67.7,,
ESTAT:LFSA_ERGAN(1.0),17/04/26 11:00:00,A,PC,T,Y20-64,TOTAL,LV,2004-01-01,67.4,,
ESTAT:LFSA_ERGAN(1.0),17/04/26 11:00:00,A,PC,T,Y20-64,TOTAL,MT,2004-01-01,57.3,b,
ESTAT:LFSA_ERGAN(1.0),17/04/26 11:00:00,A,PC,T,Y20-64,TOTAL,NL,2004-01-01,74.9,,
ESTAT:LFSA_ERGAN(1.0),17/04/26 11:00:00,A,PC,T,Y20-64,TOTAL,NO,2004-01-01,78.4,,
ESTAT:LFSA_ERGAN(1.0),17/04/26 11:00:00,A,PC,T,Y20-64,TOTAL,PL,2004-01-01,57.0,b,
ESTAT:LFSA_ERGAN(1.0),17/04/26 11:00:00,A,PC,T,Y20-64,TOTAL,PT,2004-01-01,72.6,,
ESTAT:LFSA_ERGAN(1.0),17/04/26 11:00:00,A,PC,T,Y20-64,TOTAL,RO,2004-01-01,64.7,,
ESTAT:LFSA_ERGAN(1.0),17/04/26 11:00:00,A,PC,T,Y20-64,TOTAL,SE,2004-01-01,77.8,,
ESTAT:LFSA_ERGAN(1.0),17/04/26 11:00:00,A,PC,T,Y20-64,TOTAL,SI,2004-01-01,71.0,,
ESTAT:LFSA_ERGAN(1.0),17/04/26 11:00:00,A,PC,T,Y20-64,TOTAL,SK,2004-01-01,63.5,,
ESTAT:LFSA_ERGAN(1.0),17/04/26 11:00:00,A,PC,T,Y20-64,TOTAL,UK,2004-01-01,74.9,b,
ESTAT:LFSA_ERGAN(1.0),17/04/26 11:00:00,A,PC,F,Y15-64,TOTAL,AT,2005-01-01,61.1,b,
ESTAT:LFSA_ERGAN(1.0),17/04/26 11:00:00,A,PC,F,Y15-64,TOTAL,BE,2005-01-01,53.8,b,
ESTAT:LFSA_ERGAN(1.0),17/04/26 11:00:00,A,PC,F,Y15-64,TOTAL,BG,2005-01-01,51.7,b,
ESTAT:LFSA_ERGAN(1.0),17/04/26 11:00:00,A,PC,F,Y15-64,TOTAL,CH,2005-01-01,70.4,b,
ESTAT:LFSA_ERGAN(1.0),17/04/26 11:00:00,A,PC,F,Y15-64,TOTAL,CY,2005-01-01,58.4,b,
ESTAT:LFSA_ERGAN(1.0),17/04/26 11:00:00,A,PC,F,Y15-64,TOTAL,CZ,2005-01-01,56.3,b,
ESTAT:LFSA_ERGAN(1.0),17/04/26 11:00:00,A,PC,F,Y15-64,TOTAL,DE,2005-01-01,59.6,b,
ESTAT:LFSA_ERGAN(1.0),17/04/26 11:00:00,A,PC,F,Y15-64,TOTAL,DK,2005-01-01,71.9,b,
ESTAT:LFSA_ERGAN(1.0),17/04/26 11:00:00,A,PC,F,Y15-64,TOTAL,EA21,2005-01-01,55.2,b,
ESTAT:LFSA_ERGAN(1.0),17/04/26 11:00:00,A,PC,F,Y15-64,TOTAL,EE,2005-01-01,63.1,b,
ESTAT:LFSA_ERGAN(1.0),17/04/26 11:00:00,A,PC,F,Y15-64,TOTAL,EL,2005-01-01,46.0,b,
ESTAT:LFSA_ERGAN(1.0),17/04/26 11:00:00,A,PC,F,Y15-64,TOTAL,ES,2005-01-01,51.8,b,
ESTAT:LFSA_ERGAN(1.0),17/04/26 11:00:00,A,PC,F,Y15-64,TOTAL,EU27_2020,2005-01-01,54.6,b,
ESTAT:LFSA_ERGAN(1.0),17/04/26 11:00:00,A,PC,F,Y15-64,TOTAL,FI,2005-01-01,66.5,b,
ESTAT:LFSA_ERGAN(1.0),17/04/26 11:00:00,A,PC,F,Y15-64,TOTAL,FR,2005-01-01,58.4,b,
ESTAT:LFSA_ERGAN(1.0),17/04/26 11:00:00,A,PC,F,Y15-64,TOTAL,HR,2005-01-01,48.6,b,
ESTAT:LFSA_ERGAN(1.0),17/04/26 11:00:00,A,PC,F,Y15-64,TOTAL,HU,2005-01-01,51.0,b,
ESTAT:LFSA_ERGAN(1.0),17/04/26 11:00:00,A,PC,F,Y15-64,TOTAL,IE,2005-01-01,58.3,b,
ESTAT:LFSA_ERGAN(1.0),17/04/26 11:00:00,A,PC,F,Y15-64,TOTAL,IS,2005-01-01,80.5,b,
ESTAT:LFSA_ERGAN(1.0),17/04/26 11:00:00,A,PC,F,Y15-64,TOTAL,IT,2005-01-01,45.4,b,
ESTAT:LFSA_ERGAN(1.0),17/04/26 11:00:00,A,PC,F,Y15-64,TOTAL,LT,2005-01-01,59.6,b,
ESTAT:LFSA_ERGAN(1.0),17/04/26 11:00:00,A,PC,F,Y15-64,TOTAL,LU,2005-01-01,53.7,b,
ESTAT:LFSA_ERGAN(1.0),17/04/26 11:00:00,A,PC,F,Y15-64,TOTAL,LV,2005-01-01,58.2,b,
ESTAT:LFSA_ERGAN(1.0),17/04/26 11:00:00,A,PC,F,Y15-64,TOTAL,MT,2005-01-01,33.4,b,
ESTAT:LFSA_ERGAN(1.0),17/04/26 11:00:00,A,PC,F,Y15-64,TOTAL,NL,2005-01-01,63.0,b,
ESTAT:LFSA_ERGAN(1.0),17/04/26 11:00:00,A,PC,F,Y15-64,TOTAL,NO,2005-01-01,71.7,b,
ESTAT:LFSA_ERGAN(1.0),17/04/26 11:00:00,A,PC,F,Y15-64,TOTAL,PL,2005-01-01,46.8,b,
ESTAT:LFSA_ERGAN(1.0),17/04/26 11:00:00,A,PC,F,Y15-64,TOTAL,PT,2005-01-01,61.6,b,
ESTAT:LFSA_ERGAN(1.0),17/04/26 11:00:00,A,PC,F,Y15-64,TOTAL,RO,2005-01-01,51.5,b,
ESTAT:LFSA_ERGAN(1.0),17/04/26 11:00:00,A,PC,F,Y15-64,TOTAL,SE,2005-01-01,70.2,b,
ESTAT:LFSA_ERGAN(1.0),17/04/26 11:00:00,A,PC,F,Y15-64,TOTAL,SI,2005-01-01,61.3,b,
ESTAT:LFSA_ERGAN(1.0),17/04/26 11:00:00,A,PC,F,Y15-64,TOTAL,SK,2005-01-01,50.9,b,
ESTAT:LFSA_ERGAN(1.0),17/04/26 11:00:00,A,PC,F,Y15-64,TOTAL,UK,2005-01-01,65.8,b,
ESTAT:LFSA_ERGAN(1.0),17/04/26 11:00:00,A,PC,F,Y15-74,TOTAL,AT,2005-01-01,54.1,b,
ESTAT:LFSA_ERGAN(1.0),17/04/26 11:00:00,A,PC,F,Y15-74,TOTAL,BE,2005-01-01,46.8,b,
ESTAT:LFSA_ERGAN(1.0),17/04/26 11:00:00,A,PC,F,Y15-74,TOTAL,BG,2005-01-01,44.2,b,
ESTAT:LFSA_ERGAN(1.0),17/04/26 11:00:00,A,PC,F,Y15-74,TOTAL,CH,2005-01-01,62.9,b,
ESTAT:LFSA_ERGAN(1.0),17/04/26 11:00:00,A,PC,F,Y15-74,TOTAL,CY,2005-01-01,53.3,b,
ESTAT:LFSA_ERGAN(1.0),17/04/26 11:00:00,A,PC,F,Y15-74,TOTAL,CZ,2005-01-01,50.1,b,
ESTAT:LFSA_ERGAN(1.0),17/04/26 11:00:00,A,PC,F,Y15-74,TOTAL,DE,2005-01-01,51.1,b,
ESTAT:LFSA_ERGAN(1.0),17/04/26 11:00:00,A,PC,F,Y15-74,TOTAL,DK,2005-01-01,64.1,b,
ESTAT:LFSA_ERGAN(1.0),17/04/26 11:00:00,A,PC,F,Y15-74,TOTAL,EA21,2005-01-01,48.1,b,
ESTAT:LFSA_ERGAN(1.0),17/04/26 11:00:00,A,PC,F,Y15-74,TOTAL,EE,2005-01-01,55.8,b,
ESTAT:LFSA_ERGAN(1.0),17/04/26 11:00:00,A,PC,F,Y15-74,TOTAL,EL,2005-01-01,39.8,b,
ESTAT:LFSA_ERGAN(1.0),17/04/26 11:00:00,A,PC,F,Y15-74,TOTAL,ES,2005-01-01,45.6,b,
ESTAT:LFSA_ERGAN(1.0),17/04/26 11:00:00,A,PC,F,Y15-74,TOTAL,EU27_2020,2005-01-01,48.0,b,
ESTAT:LFSA_ERGAN(1.0),17/04/26 11:00:00,A,PC,F,Y15-74,TOTAL,FI,2005-01-01,58.6,b,
ESTAT:LFSA_ERGAN(1.0),17/04/26 11:00:00,A,PC,F,Y15-74,TOTAL,FR,2005-01-01,51.5,b,
ESTAT:LFSA_ERGAN(1.0),17/04/26 11:00:00,A,PC,F,Y15-74,TOTAL,HR,2005-01-01,41.1,b,
ESTAT:LFSA_ERGAN(1.0),17/04/26 11:00:00,A,PC,F,Y15-74,TOTAL,HU,2005-01-01,44.2,b,
ESTAT:LFSA_ERGAN(1.0),17/04/26 11:00:00,A,PC,F,Y15-74,TOTAL,IE,2005-01-01,53.7,b,
ESTAT:LFSA_ERGAN(1.0),17/04/26 11:00:00,A,PC,F,Y15-74,TOTAL,IS,2005-01-01,75.2,b,
ESTAT:LFSA_ERGAN(1.0),17/04/26 11:00:00,A,PC,F,Y15-74,TOTAL,IT,2005-01-01,39.0,b,
ESTAT:LFSA_ERGAN(1.0),17/04/26 11:00:00,A,PC,F,Y15-74,TOTAL,LT,2005-01-01,51.6,b,
ESTAT:LFSA_ERGAN(1.0),17/04/26 11:00:00,A,PC,F,Y15-74,TOTAL,LU,2005-01-01,47.1,b,
ESTAT:LFSA_ERGAN(1.0),17/04/26 11:00:00,A,PC,F,Y15-74,TOTAL,LV,2005-01-01,50.8,b,
ESTAT:LFSA_ERGAN(1.0),17/04/26 11:00:00,A,PC,F,Y15-74,TOTAL,MT,2005-01-01,29.7,b,
ESTAT:LFSA_ERGAN(1.0),17/04/26 11:00:00,A,PC,F,Y15-74,TOTAL,NL,2005-01-01,56.6,b,
ESTAT:LFSA_ERGAN(1.0),17/04/26 11:00:00,A,PC,F,Y15-74,TOTAL,NO,2005-01-01,65.6,b,
ESTAT:LFSA_ERGAN(1.0),17/04/26 11:00:00,A,PC,F,Y15-74,TOTAL,PL,2005-01-01,41.9,b,
ESTAT:LFSA_ERGAN(1.0),17/04/26 11:00:00,A,PC,F,Y15-74,TOTAL,PT,2005-01-01,55.7,b,
ESTAT:LFSA_ERGAN(1.0),17/04/26 11:00:00,A,PC,F,Y15-74,TOTAL,RO,2005-01-01,47.6,b,
ESTAT:LFSA_ERGAN(1.0),17/04/26 11:00:00,A,PC,F,Y15-74,TOTAL,SE,2005-01-01,62.5,b,
ESTAT:LFSA_ERGAN(1.0),17/04/26 11:00:00,A,PC,F,Y15-74,TOTAL,SI,2005-01-01,54.1,b,
ESTAT:LFSA_ERGAN(1.0),17/04/26 11:00:00,A,PC,F,Y15-74,TOTAL,SK,2005-01-01,45.9,b,
ESTAT:LFSA_ERGAN(1.0),17/04/26 11:00:00,A,PC,F,Y15-74,TOTAL,UK,2005-01-01,59.0,b,
ESTAT:LFSA_ERGAN(1.0),17/04/26 11:00:00,A,PC,F,Y20-64,TOTAL,AT,2005-01-01,64.0,b,
ESTAT:LFSA_ERGAN(1.0),17/04/26 11:00:00,A,PC,F,Y20-64,TOTAL,BE,2005-01-01,58.6,b,
ESTAT:LFSA_ERGAN(1.0),17/04/26 11:00:00,A,PC,F,Y20-64,TOTAL,BG,2005-01-01,57.1,b,
ESTAT:LFSA_ERGAN(1.0),17/04/26 11:00:00,A,PC,F,Y20-64,TOTAL,CH,2005-01-01,72.7,b,
ESTAT:LFSA_ERGAN(1.0),17/04/26 11:00:00,A,PC,F,Y20-64,TOTAL,CY,2005-01-01,63.8,b,
ESTAT:LFSA_ERGAN(1.0),17/04/26 11:00:00,A,PC,F,Y20-64,TOTAL,CZ,2005-01-01,61.3,b,
ESTAT:LFSA_ERGAN(1.0),17/04/26 11:00:00,A,PC,F,Y20-64,TOTAL,DE,2005-01-01,63.1,b,
ESTAT:LFSA_ERGAN(1.0),17/04/26 11:00:00,A,PC,F,Y20-64,TOTAL,DK,2005-01-01,73.7,b,
ESTAT:LFSA_ERGAN(1.0),17/04/26 11:00:00,A,PC,F,Y20-64,TOTAL,EA21,2005-01-01,59.0,b,
ESTAT:LFSA_ERGAN(1.0),17/04/26 11:00:00,A,PC,F,Y20-64,TOTAL,EE,2005-01-01,69.7,b,
ESTAT:LFSA_ERGAN(1.0),17/04/26 11:00:00,A,PC,F,Y20-64,TOTAL,EL,2005-01-01,49.7,b,
ESTAT:LFSA_ERGAN(1.0),17/04/26 11:00:00,A,PC,F,Y20-64,TOTAL,ES,2005-01-01,55.1,b,
ESTAT:LFSA_ERGAN(1.0),17/04/26 11:00:00,A,PC,F,Y20-64,TOTAL,EU27_2020,2005-01-01,58.7,b,
ESTAT:LFSA_ERGAN(1.0),17/04/26 11:00:00,A,PC,F,Y20-64,TOTAL,FI,2005-01-01,70.8,b,
ESTAT:LFSA_ERGAN(1.0),17/04/26 11:00:00,A,PC,F,Y20-64,TOTAL,FR,2005-01-01,63.7,b,
ESTAT:LFSA_ERGAN(1.0),17/04/26 11:00:00,A,PC,F,Y20-64,TOTAL,HR,2005-01-01,52.8,b,
ESTAT:LFSA_ERGAN(1.0),17/04/26 11:00:00,A,PC,F,Y20-64,TOTAL,HU,2005-01-01,55.6,b,
ESTAT:LFSA_ERGAN(1.0),17/04/26 11:00:00,A,PC,F,Y20-64,TOTAL,IE,2005-01-01,62.4,b,
ESTAT:LFSA_ERGAN(1.0),17/04/26 11:00:00,A,PC,F,Y20-64,TOTAL,IS,2005-01-01,81.2,b,
ESTAT:LFSA_ERGAN(1.0),17/04/26 11:00:00,A,PC,F,Y20-64,TOTAL,IT,2005-01-01,48.5,b,
ESTAT:LFSA_ERGAN(1.0),17/04/26 11:00:00,A,PC,F,Y20-64,TOTAL,LT,2005-01-01,66.6,b,
ESTAT:LFSA_ERGAN(1.0),17/04/26 11:00:00,A,PC,F,Y20-64,TOTAL,LU,2005-01-01,58.4,b,
ESTAT:LFSA_ERGAN(1.0),17/04/26 11:00:00,A,PC,F,Y20-64,TOTAL,LV,2005-01-01,64.5,b,
ESTAT:LFSA_ERGAN(1.0),17/04/26 11:00:00,A,PC,F,Y20-64,TOTAL,MT,2005-01-01,34.8,b,
ESTAT:LFSA_ERGAN(1.0),17/04/26 11:00:00,A,PC,F,Y20-64,TOTAL,NL,2005-01-01,64.4,b,
ESTAT:LFSA_ERGAN(1.0),17/04/26 11:00:00,A,PC,F,Y20-64,TOTAL,NO,2005-01-01,74.6,b,
ESTAT:LFSA_ERGAN(1.0),17/04/26 11:00:00,A,PC,F,Y20-64,TOTAL,PL,2005-01-01,51.7,b,
ESTAT:LFSA_ERGAN(1.0),17/04/26 11:00:00,A,PC,F,Y20-64,TOTAL,PT,2005-01-01,66.0,b,
ESTAT:LFSA_ERGAN(1.0),17/04/26 11:00:00,A,PC,F,Y20-64,TOTAL,RO,2005-01-01,56.9,b,
ESTAT:LFSA_ERGAN(1.0),17/04/26 11:00:00,A,PC,F,Y20-64,TOTAL,SE,2005-01-01,75.2,b,
ESTAT:LFSA_ERGAN(1.0),17/04/26 11:00:00,A,PC,F,Y20-64,TOTAL,SI,2005-01-01,66.2,b,
ESTAT:LFSA_ERGAN(1.0),17/04/26 11:00:00,A,PC,F,Y20-64,TOTAL,SK,2005-01-01,56.7,b,
ESTAT:LFSA_ERGAN(1.0),17/04/26 11:00:00,A,PC,F,Y20-64,TOTAL,UK,2005-01-01,68.5,b,
ESTAT:LFSA_ERGAN(1.0),17/04/26 11:00:00,A,PC,M,Y15-64,TOTAL,AT,2005-01-01,73.7,b,
ESTAT:LFSA_ERGAN(1.0),17/04/26 11:00:00,A,PC,M,Y15-64,TOTAL,BE,2005-01-01,68.3,b,
ESTAT:LFSA_ERGAN(1.0),17/04/26 11:00:00,A,PC,M,Y15-64,TOTAL,BG,2005-01-01,60.0,b,
ESTAT:LFSA_ERGAN(1.0),17/04/26 11:00:00,A,PC,M,Y15-64,TOTAL,CH,2005-01-01,83.9,b,
ESTAT:LFSA_ERGAN(1.0),17/04/26 11:00:00,A,PC,M,Y15-64,TOTAL,CY,2005-01-01,79.2,b,
ESTAT:LFSA_ERGAN(1.0),17/04/26 11:00:00,A,PC,M,Y15-64,TOTAL,CZ,2005-01-01,73.3,b,
ESTAT:LFSA_ERGAN(1.0),17/04/26 11:00:00,A,PC,M,Y15-64,TOTAL,DE,2005-01-01,71.3,b,
ESTAT:LFSA_ERGAN(1.0),17/04/26 11:00:00,A,PC,M,Y15-64,TOTAL,DK,2005-01-01,79.8,b,
ESTAT:LFSA_ERGAN(1.0),17/04/26 11:00:00,A,PC,M,Y15-64,TOTAL,EA21,2005-01-01,71.1,b,
ESTAT:LFSA_ERGAN(1.0),17/04/26 11:00:00,A,PC,M,Y15-64,TOTAL,EE,2005-01-01,66.7,b,
ESTAT:LFSA_ERGAN(1.0),17/04/26 11:00:00,A,PC,M,Y15-64,TOTAL,EL,2005-01-01,73.4,b,
ESTAT:LFSA_ERGAN(1.0),17/04/26 11:00:00,A,PC,M,Y15-64,TOTAL,ES,2005-01-01,75.1,b,
ESTAT:LFSA_ERGAN(1.0),17/04/26 11:00:00,A,PC,M,Y15-64,TOTAL,EU27_2020,2005-01-01,69.7,b,
ESTAT:LFSA_ERGAN(1.0),17/04/26 11:00:00,A,PC,M,Y15-64,TOTAL,FI,2005-01-01,70.3,b,
ESTAT:LFSA_ERGAN(1.0),17/04/26 11:00:00,A,PC,M,Y15-64,TOTAL,FR,2005-01-01,69.3,b,
ESTAT:LFSA_ERGAN(1.0),17/04/26 11:00:00,A,PC,M,Y15-64,TOTAL,HR,2005-01-01,61.7,b,
ESTAT:LFSA_ERGAN(1.0),17/04/26 11:00:00,A,PC,M,Y15-64,TOTAL,HU,2005-01-01,63.1,b,
ESTAT:LFSA_ERGAN(1.0),17/04/26 11:00:00,A,PC,M,Y15-64,TOTAL,IE,2005-01-01,76.9,b,
ESTAT:LFSA_ERGAN(1.0),17/04/26 11:00:00,A,PC,M,Y15-64,TOTAL,IS,2005-01-01,86.9,b,
ESTAT:LFSA_ERGAN(1.0),17/04/26 11:00:00,A,PC,M,Y15-64,TOTAL,IT,2005-01-01,69.9,b,
ESTAT:LFSA_ERGAN(1.0),17/04/26 11:00:00,A,PC,M,Y15-64,TOTAL,LT,2005-01-01,66.4,b,
ESTAT:LFSA_ERGAN(1.0),17/04/26 11:00:00,A,PC,M,Y15-64,TOTAL,LU,2005-01-01,73.3,b,
ESTAT:LFSA_ERGAN(1.0),17/04/26 11:00:00,A,PC,M,Y15-64,TOTAL,LV,2005-01-01,66.4,b,
ESTAT:LFSA_ERGAN(1.0),17/04/26 11:00:00,A,PC,M,Y15-64,TOTAL,MT,2005-01-01,73.5,b,
ESTAT:LFSA_ERGAN(1.0),17/04/26 11:00:00,A,PC,M,Y15-64,TOTAL,NL,2005-01-01,78.1,b,
ESTAT:LFSA_ERGAN(1.0),17/04/26 11:00:00,A,PC,M,Y15-64,TOTAL,NO,2005-01-01,77.8,b,
ESTAT:LFSA_ERGAN(1.0),17/04/26 11:00:00,A,PC,M,Y15-64,TOTAL,PL,2005-01-01,58.9,b,
ESTAT:LFSA_ERGAN(1.0),17/04/26 11:00:00,A,PC,M,Y15-64,TOTAL,PT,2005-01-01,73.3,b,
ESTAT:LFSA_ERGAN(1.0),17/04/26 11:00:00,A,PC,M,Y15-64,TOTAL,RO,2005-01-01,63.7,b,
ESTAT:LFSA_ERGAN(1.0),17/04/26 11:00:00,A,PC,M,Y15-64,TOTAL,SE,2005-01-01,74.3,b,
ESTAT:LFSA_ERGAN(1.0),17/04/26 11:00:00,A,PC,M,Y15-64,TOTAL,SI,2005-01-01,70.4,b,
ESTAT:LFSA_ERGAN(1.0),17/04/26 11:00:00,A,PC,M,Y15-64,TOTAL,SK,2005-01-01,64.6,b,
ESTAT:LFSA_ERGAN(1.0),17/04/26 11:00:00,A,PC,M,Y15-64,TOTAL,UK,2005-01-01,77.8,b,
ESTAT:LFSA_ERGAN(1.0),17/04/26 11:00:00,A,PC,M,Y15-74,TOTAL,AT,2005-01-01,66.8,b,
ESTAT:LFSA_ERGAN(1.0),17/04/26 11:00:00,A,PC,M,Y15-74,TOTAL,BE,2005-01-01,61.0,b,
ESTAT:LFSA_ERGAN(1.0),17/04/26 11:00:00,A,PC,M,Y15-74,TOTAL,BG,2005-01-01,53.3,b,
ESTAT:LFSA_ERGAN(1.0),17/04/26 11:00:00,A,PC,M,Y15-74,TOTAL,CH,2005-01-01,77.5,b,
ESTAT:LFSA_ERGAN(1.0),17/04/26 11:00:00,A,PC,M,Y15-74,TOTAL,CY,2005-01-01,74.1,b,
ESTAT:LFSA_ERGAN(1.0),17/04/26 11:00:00,A,PC,M,Y15-74,TOTAL,CZ,2005-01-01,67.6,b,
ESTAT:LFSA_ERGAN(1.0),17/04/26 11:00:00,A,PC,M,Y15-74,TOTAL,DE,2005-01-01,62.6,b,
ESTAT:LFSA_ERGAN(1.0),17/04/26 11:00:00,A,PC,M,Y15-74,TOTAL,DK,2005-01-01,73.0,b,
ESTAT:LFSA_ERGAN(1.0),17/04/26 11:00:00,A,PC,M,Y15-74,TOTAL,EA21,2005-01-01,63.7,b,
ESTAT:LFSA_ERGAN(1.0),17/04/26 11:00:00,A,PC,M,Y15-74,TOTAL,EE,2005-01-01,61.8,b,
ESTAT:LFSA_ERGAN(1.0),17/04/26 11:00:00,A,PC,M,Y15-74,TOTAL,EL,2005-01-01,65.3,b,
ESTAT:LFSA_ERGAN(1.0),17/04/26 11:00:00,A,PC,M,Y15-74,TOTAL,ES,2005-01-01,67.8,b,
ESTAT:LFSA_ERGAN(1.0),17/04/26 11:00:00,A,PC,M,Y15-74,TOTAL,EU27_2020,2005-01-01,62.9,b,
ESTAT:LFSA_ERGAN(1.0),17/04/26 11:00:00,A,PC,M,Y15-74,TOTAL,FI,2005-01-01,63.6,b,
ESTAT:LFSA_ERGAN(1.0),17/04/26 11:00:00,A,PC,M,Y15-74,TOTAL,FR,2005-01-01,62.2,b,
ESTAT:LFSA_ERGAN(1.0),17/04/26 11:00:00,A,PC,M,Y15-74,TOTAL,HR,2005-01-01,54.1,b,
ESTAT:LFSA_ERGAN(1.0),17/04/26 11:00:00,A,PC,M,Y15-74,TOTAL,HU,2005-01-01,57.4,b,
ESTAT:LFSA_ERGAN(1.0),17/04/26 11:00:00,A,PC,M,Y15-74,TOTAL,IE,2005-01-01,72.2,b,
ESTAT:LFSA_ERGAN(1.0),17/04/26 11:00:00,A,PC,M,Y15-74,TOTAL,IS,2005-01-01,83.3,b,
ESTAT:LFSA_ERGAN(1.0),17/04/26 11:00:00,A,PC,M,Y15-74,TOTAL,IT,2005-01-01,62.1,b,
ESTAT:LFSA_ERGAN(1.0),17/04/26 11:00:00,A,PC,M,Y15-74,TOTAL,LT,2005-01-01,60.7,b,
ESTAT:LFSA_ERGAN(1.0),17/04/26 11:00:00,A,PC,M,Y15-74,TOTAL,LU,2005-01-01,65.9,b,
ESTAT:LFSA_ERGAN(1.0),17/04/26 11:00:00,A,PC,M,Y15-74,TOTAL,LV,2005-01-01,61.7,b,
ESTAT:LFSA_ERGAN(1.0),17/04/26 11:00:00,A,PC,M,Y15-74,TOTAL,MT,2005-01-01,67.3,b,
ESTAT:LFSA_ERGAN(1.0),17/04/26 11:00:00,A,PC,M,Y15-74,TOTAL,NL,2005-01-01,71.6,b,
ESTAT:LFSA_ERGAN(1.0),17/04/26 11:00:00,A,PC,M,Y15-74,TOTAL,NO,2005-01-01,72.4,b,
ESTAT:LFSA_ERGAN(1.0),17/04/26 11:00:00,A,PC,M,Y15-74,TOTAL,PL,2005-01-01,54.8,b,
ESTAT:LFSA_ERGAN(1.0),17/04/26 11:00:00,A,PC,M,Y15-74,TOTAL,PT,2005-01-01,68.2,b,
ESTAT:LFSA_ERGAN(1.0),17/04/26 11:00:00,A,PC,M,Y15-74,TOTAL,RO,2005-01-01,59.8,b,
ESTAT:LFSA_ERGAN(1.0),17/04/26 11:00:00,A,PC,M,Y15-74,TOTAL,SE,2005-01-01,67.7,b,
ESTAT:LFSA_ERGAN(1.0),17/04/26 11:00:00,A,PC,M,Y15-74,TOTAL,SI,2005-01-01,64.7,b,
ESTAT:LFSA_ERGAN(1.0),17/04/26 11:00:00,A,PC,M,Y15-74,TOTAL,SK,2005-01-01,60.2,b,
ESTAT:LFSA_ERGAN(1.0),17/04/26 11:00:00,A,PC,M,Y15-74,TOTAL,UK,2005-01-01,70.8,b,
ESTAT:LFSA_ERGAN(1.0),17/04/26 11:00:00,A,PC,M,Y20-64,TOTAL,AT,2005-01-01,76.9,b,
ESTAT:LFSA_ERGAN(1.0),17/04/26 11:00:00,A,PC,M,Y20-64,TOTAL,BE,2005-01-01,74.3,b,
ESTAT:LFSA_ERGAN(1.0),17/04/26 11:00:00,A,PC,M,Y20-64,TOTAL,BG,2005-01-01,66.8,b,
ESTAT:LFSA_ERGAN(1.0),17/04/26 11:00:00,A,PC,M,Y20-64,TOTAL,CH,2005-01-01,87.1,b,
ESTAT:LFSA_ERGAN(1.0),17/04/26 11:00:00,A,PC,M,Y20-64,TOTAL,CY,2005-01-01,85.5,b,
ESTAT:LFSA_ERGAN(1.0),17/04/26 11:00:00,A,PC,M,Y20-64,TOTAL,CZ,2005-01-01,80.1,b,
ESTAT:LFSA_ERGAN(1.0),17/04/26 11:00:00,A,PC,M,Y20-64,TOTAL,DE,2005-01-01,75.6,b,
ESTAT:LFSA_ERGAN(1.0),17/04/26 11:00:00,A,PC,M,Y20-64,TOTAL,DK,2005-01-01,82.3,b,
ESTAT:LFSA_ERGAN(1.0),17/04/26 11:00:00,A,PC,M,Y20-64,TOTAL,EA21,2005-01-01,76.2,b,
ESTAT:LFSA_ERGAN(1.0),17/04/26 11:00:00,A,PC,M,Y20-64,TOTAL,EE,2005-01-01,74.6,b,
ESTAT:LFSA_ERGAN(1.0),17/04/26 11:00:00,A,PC,M,Y20-64,TOTAL,EL,2005-01-01,79.3,b,
ESTAT:LFSA_ERGAN(1.0),17/04/26 11:00:00,A,PC,M,Y20-64,TOTAL,ES,2005-01-01,79.8,b,
ESTAT:LFSA_ERGAN(1.0),17/04/26 11:00:00,A,PC,M,Y20-64,TOTAL,EU27_2020,2005-01-01,75.0,b,
ESTAT:LFSA_ERGAN(1.0),17/04/26 11:00:00,A,PC,M,Y20-64,TOTAL,FI,2005-01-01,75.1,b,
ESTAT:LFSA_ERGAN(1.0),17/04/26 11:00:00,A,PC,M,Y20-64,TOTAL,FR,2005-01-01,75.4,b,
ESTAT:LFSA_ERGAN(1.0),17/04/26 11:00:00,A,PC,M,Y20-64,TOTAL,HR,2005-01-01,67.5,b,
ESTAT:LFSA_ERGAN(1.0),17/04/26 11:00:00,A,PC,M,Y20-64,TOTAL,HU,2005-01-01,69.2,b,
ESTAT:LFSA_ERGAN(1.0),17/04/26 11:00:00,A,PC,M,Y20-64,TOTAL,IE,2005-01-01,82.8,b,
ESTAT:LFSA_ERGAN(1.0),17/04/26 11:00:00,A,PC,M,Y20-64,TOTAL,IS,2005-01-01,89.6,b,
ESTAT:LFSA_ERGAN(1.0),17/04/26 11:00:00,A,PC,M,Y20-64,TOTAL,IT,2005-01-01,74.8,b,
ESTAT:LFSA_ERGAN(1.0),17/04/26 11:00:00,A,PC,M,Y20-64,TOTAL,LT,2005-01-01,75.0,b,
ESTAT:LFSA_ERGAN(1.0),17/04/26 11:00:00,A,PC,M,Y20-64,TOTAL,LU,2005-01-01,79.4,b,
ESTAT:LFSA_ERGAN(1.0),17/04/26 11:00:00,A,PC,M,Y20-64,TOTAL,LV,2005-01-01,74.3,b,
ESTAT:LFSA_ERGAN(1.0),17/04/26 11:00:00,A,PC,M,Y20-64,TOTAL,MT,2005-01-01,79.7,b,
ESTAT:LFSA_ERGAN(1.0),17/04/26 11:00:00,A,PC,M,Y20-64,TOTAL,NL,2005-01-01,80.9,b,
ESTAT:LFSA_ERGAN(1.0),17/04/26 11:00:00,A,PC,M,Y20-64,TOTAL,NO,2005-01-01,81.6,b,
ESTAT:LFSA_ERGAN(1.0),17/04/26 11:00:00,A,PC,M,Y20-64,TOTAL,PL,2005-01-01,65.1,b,
ESTAT:LFSA_ERGAN(1.0),17/04/26 11:00:00,A,PC,M,Y20-64,TOTAL,PT,2005-01-01,78.7,b,
ESTAT:LFSA_ERGAN(1.0),17/04/26 11:00:00,A,PC,M,Y20-64,TOTAL,RO,2005-01-01,70.4,b,
ESTAT:LFSA_ERGAN(1.0),17/04/26 11:00:00,A,PC,M,Y20-64,TOTAL,SE,2005-01-01,80.5,b,
ESTAT:LFSA_ERGAN(1.0),17/04/26 11:00:00,A,PC,M,Y20-64,TOTAL,SI,2005-01-01,75.8,b,
ESTAT:LFSA_ERGAN(1.0),17/04/26 11:00:00,A,PC,M,Y20-64,TOTAL,SK,2005-01-01,72.5,b,
ESTAT:LFSA_ERGAN(1.0),17/04/26 11:00:00,A,PC,M,Y20-64,TOTAL,UK,2005-01-01,82.0,b,
ESTAT:LFSA_ERGAN(1.0),17/04/26 11:00:00,A,PC,T,Y15-64,TOTAL,AT,2005-01-01,67.4,b,
ESTAT:LFSA_ERGAN(1.0),17/04/26 11:00:00,A,PC,T,Y15-64,TOTAL,BE,2005-01-01,61.1,b,
ESTAT:LFSA_ERGAN(1.0),17/04/26 11:00:00,A,PC,T,Y15-64,TOTAL,BG,2005-01-01,55.8,b,
ESTAT:LFSA_ERGAN(1.0),17/04/26 11:00:00,A,PC,T,Y15-64,TOTAL,CH,2005-01-01,77.2,b,
ESTAT:LFSA_ERGAN(1.0),17/04/26 11:00:00,A,PC,T,Y15-64,TOTAL,CY,2005-01-01,68.5,b,
ESTAT:LFSA_ERGAN(1.0),17/04/26 11:00:00,A,PC,T,Y15-64,TOTAL,CZ,2005-01-01,64.8,b,
ESTAT:LFSA_ERGAN(1.0),17/04/26 11:00:00,A,PC,T,Y15-64,TOTAL,DE,2005-01-01,65.5,b,
ESTAT:LFSA_ERGAN(1.0),17/04/26 11:00:00,A,PC,T,Y15-64,TOTAL,DK,2005-01-01,75.9,b,
ESTAT:LFSA_ERGAN(1.0),17/04/26 11:00:00,A,PC,T,Y15-64,TOTAL,EA21,2005-01-01,63.1,b,
ESTAT:LFSA_ERGAN(1.0),17/04/26 11:00:00,A,PC,T,Y15-64,TOTAL,EE,2005-01-01,64.8,b,
ESTAT:LFSA_ERGAN(1.0),17/04/26 11:00:00,A,PC,T,Y15-64,TOTAL,EL,2005-01-01,59.6,b,
ESTAT:LFSA_ERGAN(1.0),17/04/26 11:00:00,A,PC,T,Y15-64,TOTAL,ES,2005-01-01,63.6,b,
ESTAT:LFSA_ERGAN(1.0),17/04/26 11:00:00,A,PC,T,Y15-64,TOTAL,EU27_2020,2005-01-01,62.1,b,
ESTAT:LFSA_ERGAN(1.0),17/04/26 11:00:00,A,PC,T,Y15-64,TOTAL,FI,2005-01-01,68.4,b,
ESTAT:LFSA_ERGAN(1.0),17/04/26 11:00:00,A,PC,T,Y15-64,TOTAL,FR,2005-01-01,63.8,b,
ESTAT:LFSA_ERGAN(1.0),17/04/26 11:00:00,A,PC,T,Y15-64,TOTAL,HR,2005-01-01,55.0,b,
ESTAT:LFSA_ERGAN(1.0),17/04/26 11:00:00,A,PC,T,Y15-64,TOTAL,HU,2005-01-01,56.9,b,
ESTAT:LFSA_ERGAN(1.0),17/04/26 11:00:00,A,PC,T,Y15-64,TOTAL,IE,2005-01-01,67.6,b,
ESTAT:LFSA_ERGAN(1.0),17/04/26 11:00:00,A,PC,T,Y15-64,TOTAL,IS,2005-01-01,83.8,b,
ESTAT:LFSA_ERGAN(1.0),17/04/26 11:00:00,A,PC,T,Y15-64,TOTAL,IT,2005-01-01,57.6,b,
ESTAT:LFSA_ERGAN(1.0),17/04/26 11:00:00,A,PC,T,Y15-64,TOTAL,LT,2005-01-01,62.9,b,
ESTAT:LFSA_ERGAN(1.0),17/04/26 11:00:00,A,PC,T,Y15-64,TOTAL,LU,2005-01-01,63.6,b,
ESTAT:LFSA_ERGAN(1.0),17/04/26 11:00:00,A,PC,T,Y15-64,TOTAL,LV,2005-01-01,62.1,b,
ESTAT:LFSA_ERGAN(1.0),17/04/26 11:00:00,A,PC,T,Y15-64,TOTAL,MT,2005-01-01,53.6,b,
ESTAT:LFSA_ERGAN(1.0),17/04/26 11:00:00,A,PC,T,Y15-64,TOTAL,NL,2005-01-01,70.6,b,
ESTAT:LFSA_ERGAN(1.0),17/04/26 11:00:00,A,PC,T,Y15-64,TOTAL,NO,2005-01-01,74.8,b,
ESTAT:LFSA_ERGAN(1.0),17/04/26 11:00:00,A,PC,T,Y15-64,TOTAL,PL,2005-01-01,52.8,b,
ESTAT:LFSA_ERGAN(1.0),17/04/26 11:00:00,A,PC,T,Y15-64,TOTAL,PT,2005-01-01,67.3,b,
ESTAT:LFSA_ERGAN(1.0),17/04/26 11:00:00,A,PC,T,Y15-64,TOTAL,RO,2005-01-01,57.6,b,
ESTAT:LFSA_ERGAN(1.0),17/04/26 11:00:00,A,PC,T,Y15-64,TOTAL,SE,2005-01-01,72.3,b,
ESTAT:LFSA_ERGAN(1.0),17/04/26 11:00:00,A,PC,T,Y15-64,TOTAL,SI,2005-01-01,66.0,b,
ESTAT:LFSA_ERGAN(1.0),17/04/26 11:00:00,A,PC,T,Y15-64,TOTAL,SK,2005-01-01,57.7,b,
ESTAT:LFSA_ERGAN(1.0),17/04/26 11:00:00,A,PC,T,Y15-64,TOTAL,UK,2005-01-01,71.8,b,
ESTAT:LFSA_ERGAN(1.0),17/04/26 11:00:00,A,PC,T,Y15-74,TOTAL,AT,2005-01-01,60.4,b,
ESTAT:LFSA_ERGAN(1.0),17/04/26 11:00:00,A,PC,T,Y15-74,TOTAL,BE,2005-01-01,53.9,b,
ESTAT:LFSA_ERGAN(1.0),17/04/26 11:00:00,A,PC,T,Y15-74,TOTAL,BG,2005-01-01,48.7,b,
ESTAT:LFSA_ERGAN(1.0),17/04/26 11:00:00,A,PC,T,Y15-74,TOTAL,CH,2005-01-01,70.1,b,
ESTAT:LFSA_ERGAN(1.0),17/04/26 11:00:00,A,PC,T,Y15-74,TOTAL,CY,2005-01-01,63.3,b,
ESTAT:LFSA_ERGAN(1.0),17/04/26 11:00:00,A,PC,T,Y15-74,TOTAL,CZ,2005-01-01,58.7,b,
ESTAT:LFSA_ERGAN(1.0),17/04/26 11:00:00,A,PC,T,Y15-74,TOTAL,DE,2005-01-01,56.8,b,
ESTAT:LFSA_ERGAN(1.0),17/04/26 11:00:00,A,PC,T,Y15-74,TOTAL,DK,2005-01-01,68.6,b,
ESTAT:LFSA_ERGAN(1.0),17/04/26 11:00:00,A,PC,T,Y15-74,TOTAL,EA21,2005-01-01,55.8,b,
ESTAT:LFSA_ERGAN(1.0),17/04/26 11:00:00,A,PC,T,Y15-74,TOTAL,EE,2005-01-01,58.6,b,
ESTAT:LFSA_ERGAN(1.0),17/04/26 11:00:00,A,PC,T,Y15-74,TOTAL,EL,2005-01-01,52.3,b,
ESTAT:LFSA_ERGAN(1.0),17/04/26 11:00:00,A,PC,T,Y15-74,TOTAL,ES,2005-01-01,56.7,b,
ESTAT:LFSA_ERGAN(1.0),17/04/26 11:00:00,A,PC,T,Y15-74,TOTAL,EU27_2020,2005-01-01,55.3,b,
ESTAT:LFSA_ERGAN(1.0),17/04/26 11:00:00,A,PC,T,Y15-74,TOTAL,FI,2005-01-01,61.1,b,
ESTAT:LFSA_ERGAN(1.0),17/04/26 11:00:00,A,PC,T,Y15-74,TOTAL,FR,2005-01-01,56.7,b,
ESTAT:LFSA_ERGAN(1.0),17/04/26 11:00:00,A,PC,T,Y15-74,TOTAL,HR,2005-01-01,47.4,b,
ESTAT:LFSA_ERGAN(1.0),17/04/26 11:00:00,A,PC,T,Y15-74,TOTAL,HU,2005-01-01,50.5,b,
ESTAT:LFSA_ERGAN(1.0),17/04/26 11:00:00,A,PC,T,Y15-74,TOTAL,IE,2005-01-01,63.0,b,
ESTAT:LFSA_ERGAN(1.0),17/04/26 11:00:00,A,PC,T,Y15-74,TOTAL,IS,2005-01-01,79.3,b,
ESTAT:LFSA_ERGAN(1.0),17/04/26 11:00:00,A,PC,T,Y15-74,TOTAL,IT,2005-01-01,50.4,b,
ESTAT:LFSA_ERGAN(1.0),17/04/26 11:00:00,A,PC,T,Y15-74,TOTAL,LT,2005-01-01,55.9,b,
ESTAT:LFSA_ERGAN(1.0),17/04/26 11:00:00,A,PC,T,Y15-74,TOTAL,LU,2005-01-01,56.5,b,
ESTAT:LFSA_ERGAN(1.0),17/04/26 11:00:00,A,PC,T,Y15-74,TOTAL,LV,2005-01-01,55.9,b,
ESTAT:LFSA_ERGAN(1.0),17/04/26 11:00:00,A,PC,T,Y15-74,TOTAL,MT,2005-01-01,48.5,b,
ESTAT:LFSA_ERGAN(1.0),17/04/26 11:00:00,A,PC,T,Y15-74,TOTAL,NL,2005-01-01,64.1,b,
ESTAT:LFSA_ERGAN(1.0),17/04/26 11:00:00,A,PC,T,Y15-74,TOTAL,NO,2005-01-01,69.0,b,
ESTAT:LFSA_ERGAN(1.0),17/04/26 11:00:00,A,PC,T,Y15-74,TOTAL,PL,2005-01-01,48.2,b,
ESTAT:LFSA_ERGAN(1.0),17/04/26 11:00:00,A,PC,T,Y15-74,TOTAL,PT,2005-01-01,61.8,b,
ESTAT:LFSA_ERGAN(1.0),17/04/26 11:00:00,A,PC,T,Y15-74,TOTAL,RO,2005-01-01,53.6,b,
ESTAT:LFSA_ERGAN(1.0),17/04/26 11:00:00,A,PC,T,Y15-74,TOTAL,SE,2005-01-01,65.1,b,
ESTAT:LFSA_ERGAN(1.0),17/04/26 11:00:00,A,PC,T,Y15-74,TOTAL,SI,2005-01-01,59.4,b,
ESTAT:LFSA_ERGAN(1.0),17/04/26 11:00:00,A,PC,T,Y15-74,TOTAL,SK,2005-01-01,52.9,b,
ESTAT:LFSA_ERGAN(1.0),17/04/26 11:00:00,A,PC,T,Y15-74,TOTAL,UK,2005-01-01,64.8,b,
ESTAT:LFSA_ERGAN(1.0),17/04/26 11:00:00,A,PC,T,Y20-64,TOTAL,AT,2005-01-01,70.4,b,
ESTAT:LFSA_ERGAN(1.0),17/04/26 11:00:00,A,PC,T,Y20-64,TOTAL,BE,2005-01-01,66.5,b,
ESTAT:LFSA_ERGAN(1.0),17/04/26 11:00:00,A,PC,T,Y20-64,TOTAL,BG,2005-01-01,61.9,b,
ESTAT:LFSA_ERGAN(1.0),17/04/26 11:00:00,A,PC,T,Y20-64,TOTAL,CH,2005-01-01,79.9,b,
ESTAT:LFSA_ERGAN(1.0),17/04/26 11:00:00,A,PC,T,Y20-64,TOTAL,CY,2005-01-01,74.4,b,
ESTAT:LFSA_ERGAN(1.0),17/04/26 11:00:00,A,PC,T,Y20-64,TOTAL,CZ,2005-01-01,70.7,b,
ESTAT:LFSA_ERGAN(1.0),17/04/26 11:00:00,A,PC,T,Y20-64,TOTAL,DE,2005-01-01,69.4,b,
ESTAT:LFSA_ERGAN(1.0),17/04/26 11:00:00,A,PC,T,Y20-64,TOTAL,DK,2005-01-01,78.0,b,
ESTAT:LFSA_ERGAN(1.0),17/04/26 11:00:00,A,PC,T,Y20-64,TOTAL,EA21,2005-01-01,67.6,b,
ESTAT:LFSA_ERGAN(1.0),17/04/26 11:00:00,A,PC,T,Y20-64,TOTAL,EE,2005-01-01,72.0,b,
ESTAT:LFSA_ERGAN(1.0),17/04/26 11:00:00,A,PC,T,Y20-64,TOTAL,EL,2005-01-01,64.4,b,
ESTAT:LFSA_ERGAN(1.0),17/04/26 11:00:00,A,PC,T,Y20-64,TOTAL,ES,2005-01-01,67.5,b,
ESTAT:LFSA_ERGAN(1.0),17/04/26 11:00:00,A,PC,T,Y20-64,TOTAL,EU27_2020,2005-01-01,66.8,b,
ESTAT:LFSA_ERGAN(1.0),17/04/26 11:00:00,A,PC,T,Y20-64,TOTAL,FI,2005-01-01,73.0,b,
ESTAT:LFSA_ERGAN(1.0),17/04/26 11:00:00,A,PC,T,Y20-64,TOTAL,FR,2005-01-01,69.4,b,
ESTAT:LFSA_ERGAN(1.0),17/04/26 11:00:00,A,PC,T,Y20-64,TOTAL,HR,2005-01-01,60.0,b,
ESTAT:LFSA_ERGAN(1.0),17/04/26 11:00:00,A,PC,T,Y20-64,TOTAL,HU,2005-01-01,62.2,b,
ESTAT:LFSA_ERGAN(1.0),17/04/26 11:00:00,A,PC,T,Y20-64,TOTAL,IE,2005-01-01,72.6,b,
ESTAT:LFSA_ERGAN(1.0),17/04/26 11:00:00,A,PC,T,Y20-64,TOTAL,IS,2005-01-01,85.5,b,
ESTAT:LFSA_ERGAN(1.0),17/04/26 11:00:00,A,PC,T,Y20-64,TOTAL,IT,2005-01-01,61.5,b,
ESTAT:LFSA_ERGAN(1.0),17/04/26 11:00:00,A,PC,T,Y20-64,TOTAL,LT,2005-01-01,70.7,b,
ESTAT:LFSA_ERGAN(1.0),17/04/26 11:00:00,A,PC,T,Y20-64,TOTAL,LU,2005-01-01,69.0,b,
ESTAT:LFSA_ERGAN(1.0),17/04/26 11:00:00,A,PC,T,Y20-64,TOTAL,LV,2005-01-01,69.1,b,
ESTAT:LFSA_ERGAN(1.0),17/04/26 11:00:00,A,PC,T,Y20-64,TOTAL,MT,2005-01-01,57.4,b,
ESTAT:LFSA_ERGAN(1.0),17/04/26 11:00:00,A,PC,T,Y20-64,TOTAL,NL,2005-01-01,72.7,b,
ESTAT:LFSA_ERGAN(1.0),17/04/26 11:00:00,A,PC,T,Y20-64,TOTAL,NO,2005-01-01,78.2,b,
ESTAT:LFSA_ERGAN(1.0),17/04/26 11:00:00,A,PC,T,Y20-64,TOTAL,PL,2005-01-01,58.3,b,
ESTAT:LFSA_ERGAN(1.0),17/04/26 11:00:00,A,PC,T,Y20-64,TOTAL,PT,2005-01-01,72.2,b,
ESTAT:LFSA_ERGAN(1.0),17/04/26 11:00:00,A,PC,T,Y20-64,TOTAL,RO,2005-01-01,63.6,b,
ESTAT:LFSA_ERGAN(1.0),17/04/26 11:00:00,A,PC,T,Y20-64,TOTAL,SE,2005-01-01,77.9,b,
ESTAT:LFSA_ERGAN(1.0),17/04/26 11:00:00,A,PC,T,Y20-64,TOTAL,SI,2005-01-01,71.1,b,
ESTAT:LFSA_ERGAN(1.0),17/04/26 11:00:00,A,PC,T,Y20-64,TOTAL,SK,2005-01-01,64.5,b,
ESTAT:LFSA_ERGAN(1.0),17/04/26 11:00:00,A,PC,T,Y20-64,TOTAL,UK,2005-01-01,75.2,b,
ESTAT:LFSA_ERGAN(1.0),17/04/26 11:00:00,A,PC,F,Y15-64,TOTAL,AT,2006-01-01,62.2,,
ESTAT:LFSA_ERGAN(1.0),17/04/26 11:00:00,A,PC,F,Y15-64,TOTAL,BE,2006-01-01,54.0,,
ESTAT:LFSA_ERGAN(1.0),17/04/26 11:00:00,A,PC,F,Y15-64,TOTAL,BG,2006-01-01,54.6,,
ESTAT:LFSA_ERGAN(1.0),17/04/26 11:00:00,A,PC,F,Y15-64,TOTAL,CH,2006-01-01,71.1,,
ESTAT:LFSA_ERGAN(1.0),17/04/26 11:00:00,A,PC,F,Y15-64,TOTAL,CY,2006-01-01,60.3,,
ESTAT:LFSA_ERGAN(1.0),17/04/26 11:00:00,A,PC,F,Y15-64,TOTAL,CZ,2006-01-01,56.8,,
ESTAT:LFSA_ERGAN(1.0),17/04/26 11:00:00,A,PC,F,Y15-64,TOTAL,DE,2006-01-01,61.5,b,
ESTAT:LFSA_ERGAN(1.0),17/04/26 11:00:00,A,PC,F,Y15-64,TOTAL,DK,2006-01-01,73.4,,
ESTAT:LFSA_ERGAN(1.0),17/04/26 11:00:00,A,PC,F,Y15-64,TOTAL,EA21,2006-01-01,56.4,,
ESTAT:LFSA_ERGAN(1.0),17/04/26 11:00:00,A,PC,F,Y15-64,TOTAL,EE,2006-01-01,65.6,,
ESTAT:LFSA_ERGAN(1.0),17/04/26 11:00:00,A,PC,F,Y15-64,TOTAL,EL,2006-01-01,47.3,,
ESTAT:LFSA_ERGAN(1.0),17/04/26 11:00:00,A,PC,F,Y15-64,TOTAL,ES,2006-01-01,53.8,b,
ESTAT:LFSA_ERGAN(1.0),17/04/26 11:00:00,A,PC,F,Y15-64,TOTAL,EU27_2020,2006-01-01,55.8,,
ESTAT:LFSA_ERGAN(1.0),17/04/26 11:00:00,A,PC,F,Y15-64,TOTAL,FI,2006-01-01,67.3,,
ESTAT:LFSA_ERGAN(1.0),17/04/26 11:00:00,A,PC,F,Y15-64,TOTAL,FR,2006-01-01,58.6,b,
ESTAT:LFSA_ERGAN(1.0),17/04/26 11:00:00,A,PC,F,Y15-64,TOTAL,HR,2006-01-01,49.4,b,
ESTAT:LFSA_ERGAN(1.0),17/04/26 11:00:00,A,PC,F,Y15-64,TOTAL,HU,2006-01-01,51.1,,
ESTAT:LFSA_ERGAN(1.0),17/04/26 11:00:00,A,PC,F,Y15-64,TOTAL,IE,2006-01-01,59.3,,
ESTAT:LFSA_ERGAN(1.0),17/04/26 11:00:00,A,PC,F,Y15-64,TOTAL,IS,2006-01-01,80.8,,
ESTAT:LFSA_ERGAN(1.0),17/04/26 11:00:00,A,PC,F,Y15-64,TOTAL,IT,2006-01-01,46.3,,
ESTAT:LFSA_ERGAN(1.0),17/04/26 11:00:00,A,PC,F,Y15-64,TOTAL,LT,2006-01-01,61.0,,
ESTAT:LFSA_ERGAN(1.0),17/04/26 11:00:00,A,PC,F,Y15-64,TOTAL,LU,2006-01-01,54.6,,
ESTAT:LFSA_ERGAN(1.0),17/04/26 11:00:00,A,PC,F,Y15-64,TOTAL,LV,2006-01-01,61.8,,
ESTAT:LFSA_ERGAN(1.0),17/04/26 11:00:00,A,PC,F,Y15-64,TOTAL,MK,2006-01-01,30.7,,
ESTAT:LFSA_ERGAN(1.0),17/04/26 11:00:00,A,PC,F,Y15-64,TOTAL,MT,2006-01-01,33.7,,
ESTAT:LFSA_ERGAN(1.0),17/04/26 11:00:00,A,PC,F,Y15-64,TOTAL,NL,2006-01-01,64.2,b,
ESTAT:LFSA_ERGAN(1.0),17/04/26 11:00:00,A,PC,F,Y15-64,TOTAL,NO,2006-01-01,72.2,b,
ESTAT:LFSA_ERGAN(1.0),17/04/26 11:00:00,A,PC,F,Y15-64,TOTAL,PL,2006-01-01,48.2,,
ESTAT:LFSA_ERGAN(1.0),17/04/26 11:00:00,A,PC,F,Y15-64,TOTAL,PT,2006-01-01,61.8,,
ESTAT:LFSA_ERGAN(1.0),17/04/26 11:00:00,A,PC,F,Y15-64,TOTAL,RO,2006-01-01,53.0,,
ESTAT:LFSA_ERGAN(1.0),17/04/26 11:00:00,A,PC,F,Y15-64,TOTAL,SE,2006-01-01,70.7,,
ESTAT:LFSA_ERGAN(1.0),17/04/26 11:00:00,A,PC,F,Y15-64,TOTAL,SI,2006-01-01,61.8,,
ESTAT:LFSA_ERGAN(1.0),17/04/26 11:00:00,A,PC,F,Y15-64,TOTAL,SK,2006-01-01,51.9,,
ESTAT:LFSA_ERGAN(1.0),17/04/26 11:00:00,A,PC,F,Y15-64,TOTAL,TR,2006-01-01,22.7,,
ESTAT:LFSA_ERGAN(1.0),17/04/26 11:00:00,A,PC,F,Y15-64,TOTAL,UK,2006-01-01,65.8,,
ESTAT:LFSA_ERGAN(1.0),17/04/26 11:00:00,A,PC,F,Y15-74,TOTAL,AT,2006-01-01,55.0,,
ESTAT:LFSA_ERGAN(1.0),17/04/26 11:00:00,A,PC,F,Y15-74,TOTAL,BE,2006-01-01,47.3,,
ESTAT:LFSA_ERGAN(1.0),17/04/26 11:00:00,A,PC,F,Y15-74,TOTAL,BG,2006-01-01,46.8,,
ESTAT:LFSA_ERGAN(1.0),17/04/26 11:00:00,A,PC,F,Y15-74,TOTAL,CH,2006-01-01,63.7,,
ESTAT:LFSA_ERGAN(1.0),17/04/26 11:00:00,A,PC,F,Y15-74,TOTAL,CY,2006-01-01,55.0,,
ESTAT:LFSA_ERGAN(1.0),17/04/26 11:00:00,A,PC,F,Y15-74,TOTAL,CZ,2006-01-01,50.6,,
ESTAT:LFSA_ERGAN(1.0),17/04/26 11:00:00,A,PC,F,Y15-74,TOTAL,DE,2006-01-01,52.5,b,
ESTAT:LFSA_ERGAN(1.0),17/04/26 11:00:00,A,PC,F,Y15-74,TOTAL,DK,2006-01-01,65.3,,
ESTAT:LFSA_ERGAN(1.0),17/04/26 11:00:00,A,PC,F,Y15-74,TOTAL,EA21,2006-01-01,49.2,,
ESTAT:LFSA_ERGAN(1.0),17/04/26 11:00:00,A,PC,F,Y15-74,TOTAL,EE,2006-01-01,58.1,,
ESTAT:LFSA_ERGAN(1.0),17/04/26 11:00:00,A,PC,F,Y15-74,TOTAL,EL,2006-01-01,41.0,,
ESTAT:LFSA_ERGAN(1.0),17/04/26 11:00:00,A,PC,F,Y15-74,TOTAL,ES,2006-01-01,47.5,b,
ESTAT:LFSA_ERGAN(1.0),17/04/26 11:00:00,A,PC,F,Y15-74,TOTAL,EU27_2020,2006-01-01,49.0,,
ESTAT:LFSA_ERGAN(1.0),17/04/26 11:00:00,A,PC,F,Y15-74,TOTAL,FI,2006-01-01,59.4,,
ESTAT:LFSA_ERGAN(1.0),17/04/26 11:00:00,A,PC,F,Y15-74,TOTAL,FR,2006-01-01,51.8,b,
ESTAT:LFSA_ERGAN(1.0),17/04/26 11:00:00,A,PC,F,Y15-74,TOTAL,HR,2006-01-01,41.9,b,
ESTAT:LFSA_ERGAN(1.0),17/04/26 11:00:00,A,PC,F,Y15-74,TOTAL,HU,2006-01-01,44.4,,
ESTAT:LFSA_ERGAN(1.0),17/04/26 11:00:00,A,PC,F,Y15-74,TOTAL,IE,2006-01-01,54.8,,
ESTAT:LFSA_ERGAN(1.0),17/04/26 11:00:00,A,PC,F,Y15-74,TOTAL,IS,2006-01-01,75.4,,
ESTAT:LFSA_ERGAN(1.0),17/04/26 11:00:00,A,PC,F,Y15-74,TOTAL,IT,2006-01-01,39.9,,
ESTAT:LFSA_ERGAN(1.0),17/04/26 11:00:00,A,PC,F,Y15-74,TOTAL,LT,2006-01-01,52.9,,
ESTAT:LFSA_ERGAN(1.0),17/04/26 11:00:00,A,PC,F,Y15-74,TOTAL,LU,2006-01-01,49.2,,
ESTAT:LFSA_ERGAN(1.0),17/04/26 11:00:00,A,PC,F,Y15-74,TOTAL,LV,2006-01-01,54.5,,
ESTAT:LFSA_ERGAN(1.0),17/04/26 11:00:00,A,PC,F,Y15-74,TOTAL,MK,2006-01-01,27.8,,
ESTAT:LFSA_ERGAN(1.0),17/04/26 11:00:00,A,PC,F,Y15-74,TOTAL,MT,2006-01-01,30.0,,
ESTAT:LFSA_ERGAN(1.0),17/04/26 11:00:00,A,PC,F,Y15-74,TOTAL,NL,2006-01-01,57.7,b,
ESTAT:LFSA_ERGAN(1.0),17/04/26 11:00:00,A,PC,F,Y15-74,TOTAL,NO,2006-01-01,66.0,b,
ESTAT:LFSA_ERGAN(1.0),17/04/26 11:00:00,A,PC,F,Y15-74,TOTAL,PL,2006-01-01,43.2,,
ESTAT:LFSA_ERGAN(1.0),17/04/26 11:00:00,A,PC,F,Y15-74,TOTAL,PT,2006-01-01,55.8,,
ESTAT:LFSA_ERGAN(1.0),17/04/26 11:00:00,A,PC,F,Y15-74,TOTAL,RO,2006-01-01,48.8,,
ESTAT:LFSA_ERGAN(1.0),17/04/26 11:00:00,A,PC,F,Y15-74,TOTAL,SE,2006-01-01,63.0,,
ESTAT:LFSA_ERGAN(1.0),17/04/26 11:00:00,A,PC,F,Y15-74,TOTAL,SI,2006-01-01,54.5,,
ESTAT:LFSA_ERGAN(1.0),17/04/26 11:00:00,A,PC,F,Y15-74,TOTAL,SK,2006-01-01,46.8,,
ESTAT:LFSA_ERGAN(1.0),17/04/26 11:00:00,A,PC,F,Y15-74,TOTAL,TR,2006-01-01,21.7,,
ESTAT:LFSA_ERGAN(1.0),17/04/26 11:00:00,A,PC,F,Y15-74,TOTAL,UK,2006-01-01,59.1,,
ESTAT:LFSA_ERGAN(1.0),17/04/26 11:00:00,A,PC,F,Y20-64,TOTAL,AT,2006-01-01,65.2,,
ESTAT:LFSA_ERGAN(1.0),17/04/26 11:00:00,A,PC,F,Y20-64,TOTAL,BE,2006-01-01,58.8,,
ESTAT:LFSA_ERGAN(1.0),17/04/26 11:00:00,A,PC,F,Y20-64,TOTAL,BG,2006-01-01,60.4,,
ESTAT:LFSA_ERGAN(1.0),17/04/26 11:00:00,A,PC,F,Y20-64,TOTAL,CH,2006-01-01,73.2,,
ESTAT:LFSA_ERGAN(1.0),17/04/26 11:00:00,A,PC,F,Y20-64,TOTAL,CY,2006-01-01,65.9,,
ESTAT:LFSA_ERGAN(1.0),17/04/26 11:00:00,A,PC,F,Y20-64,TOTAL,CZ,2006-01-01,61.8,,
ESTAT:LFSA_ERGAN(1.0),17/04/26 11:00:00,A,PC,F,Y20-64,TOTAL,DE,2006-01-01,65.0,b,
ESTAT:LFSA_ERGAN(1.0),17/04/26 11:00:00,A,PC,F,Y20-64,TOTAL,DK,2006-01-01,74.8,,
ESTAT:LFSA_ERGAN(1.0),17/04/26 11:00:00,A,PC,F,Y20-64,TOTAL,EA21,2006-01-01,60.3,,
ESTAT:LFSA_ERGAN(1.0),17/04/26 11:00:00,A,PC,F,Y20-64,TOTAL,EE,2006-01-01,72.5,,
ESTAT:LFSA_ERGAN(1.0),17/04/26 11:00:00,A,PC,F,Y20-64,TOTAL,EL,2006-01-01,51.3,,
ESTAT:LFSA_ERGAN(1.0),17/04/26 11:00:00,A,PC,F,Y20-64,TOTAL,ES,2006-01-01,57.1,b,
ESTAT:LFSA_ERGAN(1.0),17/04/26 11:00:00,A,PC,F,Y20-64,TOTAL,EU27_2020,2006-01-01,60.0,,
ESTAT:LFSA_ERGAN(1.0),17/04/26 11:00:00,A,PC,F,Y20-64,TOTAL,FI,2006-01-01,71.5,,
ESTAT:LFSA_ERGAN(1.0),17/04/26 11:00:00,A,PC,F,Y20-64,TOTAL,FR,2006-01-01,63.9,b,
ESTAT:LFSA_ERGAN(1.0),17/04/26 11:00:00,A,PC,F,Y20-64,TOTAL,HR,2006-01-01,53.7,b,
ESTAT:LFSA_ERGAN(1.0),17/04/26 11:00:00,A,PC,F,Y20-64,TOTAL,HU,2006-01-01,55.6,,
ESTAT:LFSA_ERGAN(1.0),17/04/26 11:00:00,A,PC,F,Y20-64,TOTAL,IE,2006-01-01,63.3,,
ESTAT:LFSA_ERGAN(1.0),17/04/26 11:00:00,A,PC,F,Y20-64,TOTAL,IS,2006-01-01,81.8,,
ESTAT:LFSA_ERGAN(1.0),17/04/26 11:00:00,A,PC,F,Y20-64,TOTAL,IT,2006-01-01,49.6,,
ESTAT:LFSA_ERGAN(1.0),17/04/26 11:00:00,A,PC,F,Y20-64,TOTAL,LT,2006-01-01,68.0,,
ESTAT:LFSA_ERGAN(1.0),17/04/26 11:00:00,A,PC,F,Y20-64,TOTAL,LU,2006-01-01,59.4,,
ESTAT:LFSA_ERGAN(1.0),17/04/26 11:00:00,A,PC,F,Y20-64,TOTAL,LV,2006-01-01,68.4,,
ESTAT:LFSA_ERGAN(1.0),17/04/26 11:00:00,A,PC,F,Y20-64,TOTAL,MK,2006-01-01,34.0,,
ESTAT:LFSA_ERGAN(1.0),17/04/26 11:00:00,A,PC,F,Y20-64,TOTAL,MT,2006-01-01,35.7,,
ESTAT:LFSA_ERGAN(1.0),17/04/26 11:00:00,A,PC,F,Y20-64,TOTAL,NL,2006-01-01,65.7,b,
ESTAT:LFSA_ERGAN(1.0),17/04/26 11:00:00,A,PC,F,Y20-64,TOTAL,NO,2006-01-01,75.7,b,
ESTAT:LFSA_ERGAN(1.0),17/04/26 11:00:00,A,PC,F,Y20-64,TOTAL,PL,2006-01-01,53.1,,
ESTAT:LFSA_ERGAN(1.0),17/04/26 11:00:00,A,PC,F,Y20-64,TOTAL,PT,2006-01-01,66.3,,
ESTAT:LFSA_ERGAN(1.0),17/04/26 11:00:00,A,PC,F,Y20-64,TOTAL,RO,2006-01-01,58.5,,
ESTAT:LFSA_ERGAN(1.0),17/04/26 11:00:00,A,PC,F,Y20-64,TOTAL,SE,2006-01-01,75.8,,
ESTAT:LFSA_ERGAN(1.0),17/04/26 11:00:00,A,PC,F,Y20-64,TOTAL,SI,2006-01-01,66.5,,
ESTAT:LFSA_ERGAN(1.0),17/04/26 11:00:00,A,PC,F,Y20-64,TOTAL,SK,2006-01-01,57.5,,
ESTAT:LFSA_ERGAN(1.0),17/04/26 11:00:00,A,PC,F,Y20-64,TOTAL,TR,2006-01-01,24.0,,
ESTAT:LFSA_ERGAN(1.0),17/04/26 11:00:00,A,PC,F,Y20-64,TOTAL,UK,2006-01-01,68.6,,
ESTAT:LFSA_ERGAN(1.0),17/04/26 11:00:00,A,PC,M,Y15-64,TOTAL,AT,2006-01-01,74.9,,
ESTAT:LFSA_ERGAN(1.0),17/04/26 11:00:00,A,PC,M,Y15-64,TOTAL,BE,2006-01-01,67.9,,
ESTAT:LFSA_ERGAN(1.0),17/04/26 11:00:00,A,PC,M,Y15-64,TOTAL,BG,2006-01-01,62.8,,
ESTAT:LFSA_ERGAN(1.0),17/04/26 11:00:00,A,PC,M,Y15-64,TOTAL,CH,2006-01-01,84.7,,
ESTAT:LFSA_ERGAN(1.0),17/04/26 11:00:00,A,PC,M,Y15-64,TOTAL,CY,2006-01-01,79.4,,
ESTAT:LFSA_ERGAN(1.0),17/04/26 11:00:00,A,PC,M,Y15-64,TOTAL,CZ,2006-01-01,73.7,,
ESTAT:LFSA_ERGAN(1.0),17/04/26 11:00:00,A,PC,M,Y15-64,TOTAL,DE,2006-01-01,72.8,b,
ESTAT:LFSA_ERGAN(1.0),17/04/26 11:00:00,A,PC,M,Y15-64,TOTAL,DK,2006-01-01,81.2,,
ESTAT:LFSA_ERGAN(1.0),17/04/26 11:00:00,A,PC,M,Y15-64,TOTAL,EA21,2006-01-01,71.9,,
ESTAT:LFSA_ERGAN(1.0),17/04/26 11:00:00,A,PC,M,Y15-64,TOTAL,EE,2006-01-01,71.4,,
ESTAT:LFSA_ERGAN(1.0),17/04/26 11:00:00,A,PC,M,Y15-64,TOTAL,EL,2006-01-01,73.9,,
ESTAT:LFSA_ERGAN(1.0),17/04/26 11:00:00,A,PC,M,Y15-64,TOTAL,ES,2006-01-01,76.1,b,
ESTAT:LFSA_ERGAN(1.0),17/04/26 11:00:00,A,PC,M,Y15-64,TOTAL,EU27_2020,2006-01-01,70.6,,
ESTAT:LFSA_ERGAN(1.0),17/04/26 11:00:00,A,PC,M,Y15-64,TOTAL,FI,2006-01-01,71.4,,
ESTAT:LFSA_ERGAN(1.0),17/04/26 11:00:00,A,PC,M,Y15-64,TOTAL,FR,2006-01-01,69.0,b,
ESTAT:LFSA_ERGAN(1.0),17/04/26 11:00:00,A,PC,M,Y15-64,TOTAL,HR,2006-01-01,62.0,b,
ESTAT:LFSA_ERGAN(1.0),17/04/26 11:00:00,A,PC,M,Y15-64,TOTAL,HU,2006-01-01,63.9,,
ESTAT:LFSA_ERGAN(1.0),17/04/26 11:00:00,A,PC,M,Y15-64,TOTAL,IE,2006-01-01,77.9,,
ESTAT:LFSA_ERGAN(1.0),17/04/26 11:00:00,A,PC,M,Y15-64,TOTAL,IS,2006-01-01,88.1,,
ESTAT:LFSA_ERGAN(1.0),17/04/26 11:00:00,A,PC,M,Y15-64,TOTAL,IT,2006-01-01,70.4,,
ESTAT:LFSA_ERGAN(1.0),17/04/26 11:00:00,A,PC,M,Y15-64,TOTAL,LT,2006-01-01,66.4,,
ESTAT:LFSA_ERGAN(1.0),17/04/26 11:00:00,A,PC,M,Y15-64,TOTAL,LU,2006-01-01,72.6,,
ESTAT:LFSA_ERGAN(1.0),17/04/26 11:00:00,A,PC,M,Y15-64,TOTAL,LV,2006-01-01,70.4,,
ESTAT:LFSA_ERGAN(1.0),17/04/26 11:00:00,A,PC,M,Y15-64,TOTAL,MK,2006-01-01,48.3,,
ESTAT:LFSA_ERGAN(1.0),17/04/26 11:00:00,A,PC,M,Y15-64,TOTAL,MT,2006-01-01,73.6,,
ESTAT:LFSA_ERGAN(1.0),17/04/26 11:00:00,A,PC,M,Y15-64,TOTAL,NL,2006-01-01,78.8,b,
ESTAT:LFSA_ERGAN(1.0),17/04/26 11:00:00,A,PC,M,Y15-64,TOTAL,NO,2006-01-01,78.4,b,
ESTAT:LFSA_ERGAN(1.0),17/04/26 11:00:00,A,PC,M,Y15-64,TOTAL,PL,2006-01-01,60.9,,
ESTAT:LFSA_ERGAN(1.0),17/04/26 11:00:00,A,PC,M,Y15-64,TOTAL,PT,2006-01-01,73.7,,
ESTAT:LFSA_ERGAN(1.0),17/04/26 11:00:00,A,PC,M,Y15-64,TOTAL,RO,2006-01-01,64.6,,
ESTAT:LFSA_ERGAN(1.0),17/04/26 11:00:00,A,PC,M,Y15-64,TOTAL,SE,2006-01-01,75.5,,
ESTAT:LFSA_ERGAN(1.0),17/04/26 11:00:00,A,PC,M,Y15-64,TOTAL,SI,2006-01-01,71.1,,
ESTAT:LFSA_ERGAN(1.0),17/04/26 11:00:00,A,PC,M,Y15-64,TOTAL,SK,2006-01-01,67.0,,
ESTAT:LFSA_ERGAN(1.0),17/04/26 11:00:00,A,PC,M,Y15-64,TOTAL,TR,2006-01-01,66.9,,
ESTAT:LFSA_ERGAN(1.0),17/04/26 11:00:00,A,PC,M,Y15-64,TOTAL,UK,2006-01-01,77.6,,
ESTAT:LFSA_ERGAN(1.0),17/04/26 11:00:00,A,PC,M,Y15-74,TOTAL,AT,2006-01-01,67.6,,
ESTAT:LFSA_ERGAN(1.0),17/04/26 11:00:00,A,PC,M,Y15-74,TOTAL,BE,2006-01-01,60.8,,
ESTAT:LFSA_ERGAN(1.0),17/04/26 11:00:00,A,PC,M,Y15-74,TOTAL,BG,2006-01-01,55.8,,
ESTAT:LFSA_ERGAN(1.0),17/04/26 11:00:00,A,PC,M,Y15-74,TOTAL,CH,2006-01-01,78.2,,
ESTAT:LFSA_ERGAN(1.0),17/04/26 11:00:00,A,PC,M,Y15-74,TOTAL,CY,2006-01-01,74.1,,
ESTAT:LFSA_ERGAN(1.0),17/04/26 11:00:00,A,PC,M,Y15-74,TOTAL,CZ,2006-01-01,68.0,,
ESTAT:LFSA_ERGAN(1.0),17/04/26 11:00:00,A,PC,M,Y15-74,TOTAL,DE,2006-01-01,63.6,b,
ESTAT:LFSA_ERGAN(1.0),17/04/26 11:00:00,A,PC,M,Y15-74,TOTAL,DK,2006-01-01,73.9,,
ESTAT:LFSA_ERGAN(1.0),17/04/26 11:00:00,A,PC,M,Y15-74,TOTAL,EA21,2006-01-01,64.4,,
ESTAT:LFSA_ERGAN(1.0),17/04/26 11:00:00,A,PC,M,Y15-74,TOTAL,EE,2006-01-01,66.7,,
ESTAT:LFSA_ERGAN(1.0),17/04/26 11:00:00,A,PC,M,Y15-74,TOTAL,EL,2006-01-01,65.9,,
ESTAT:LFSA_ERGAN(1.0),17/04/26 11:00:00,A,PC,M,Y15-74,TOTAL,ES,2006-01-01,68.9,b,
ESTAT:LFSA_ERGAN(1.0),17/04/26 11:00:00,A,PC,M,Y15-74,TOTAL,EU27_2020,2006-01-01,63.7,,
ESTAT:LFSA_ERGAN(1.0),17/04/26 11:00:00,A,PC,M,Y15-74,TOTAL,FI,2006-01-01,64.6,,
ESTAT:LFSA_ERGAN(1.0),17/04/26 11:00:00,A,PC,M,Y15-74,TOTAL,FR,2006-01-01,62.1,b,
ESTAT:LFSA_ERGAN(1.0),17/04/26 11:00:00,A,PC,M,Y15-74,TOTAL,HR,2006-01-01,54.3,b,
ESTAT:LFSA_ERGAN(1.0),17/04/26 11:00:00,A,PC,M,Y15-74,TOTAL,HU,2006-01-01,58.0,,
ESTAT:LFSA_ERGAN(1.0),17/04/26 11:00:00,A,PC,M,Y15-74,TOTAL,IE,2006-01-01,73.2,,
ESTAT:LFSA_ERGAN(1.0),17/04/26 11:00:00,A,PC,M,Y15-74,TOTAL,IS,2006-01-01,84.6,,
ESTAT:LFSA_ERGAN(1.0),17/04/26 11:00:00,A,PC,M,Y15-74,TOTAL,IT,2006-01-01,62.5,,
ESTAT:LFSA_ERGAN(1.0),17/04/26 11:00:00,A,PC,M,Y15-74,TOTAL,LT,2006-01-01,60.7,,
ESTAT:LFSA_ERGAN(1.0),17/04/26 11:00:00,A,PC,M,Y15-74,TOTAL,LU,2006-01-01,63.2,,
ESTAT:LFSA_ERGAN(1.0),17/04/26 11:00:00,A,PC,M,Y15-74,TOTAL,LV,2006-01-01,65.7,,
ESTAT:LFSA_ERGAN(1.0),17/04/26 11:00:00,A,PC,M,Y15-74,TOTAL,MK,2006-01-01,44.6,,
ESTAT:LFSA_ERGAN(1.0),17/04/26 11:00:00,A,PC,M,Y15-74,TOTAL,MT,2006-01-01,67.3,,
ESTAT:LFSA_ERGAN(1.0),17/04/26 11:00:00,A,PC,M,Y15-74,TOTAL,NL,2006-01-01,72.2,b,
ESTAT:LFSA_ERGAN(1.0),17/04/26 11:00:00,A,PC,M,Y15-74,TOTAL,NO,2006-01-01,72.8,b,
ESTAT:LFSA_ERGAN(1.0),17/04/26 11:00:00,A,PC,M,Y15-74,TOTAL,PL,2006-01-01,56.6,,
ESTAT:LFSA_ERGAN(1.0),17/04/26 11:00:00,A,PC,M,Y15-74,TOTAL,PT,2006-01-01,68.6,,
ESTAT:LFSA_ERGAN(1.0),17/04/26 11:00:00,A,PC,M,Y15-74,TOTAL,RO,2006-01-01,60.7,,
ESTAT:LFSA_ERGAN(1.0),17/04/26 11:00:00,A,PC,M,Y15-74,TOTAL,SE,2006-01-01,68.7,,
ESTAT:LFSA_ERGAN(1.0),17/04/26 11:00:00,A,PC,M,Y15-74,TOTAL,SI,2006-01-01,65.4,,
ESTAT:LFSA_ERGAN(1.0),17/04/26 11:00:00,A,PC,M,Y15-74,TOTAL,SK,2006-01-01,62.4,,
ESTAT:LFSA_ERGAN(1.0),17/04/26 11:00:00,A,PC,M,Y15-74,TOTAL,TR,2006-01-01,64.4,,
ESTAT:LFSA_ERGAN(1.0),17/04/26 11:00:00,A,PC,M,Y15-74,TOTAL,UK,2006-01-01,70.8,,
ESTAT:LFSA_ERGAN(1.0),17/04/26 11:00:00,A,PC,M,Y20-64,TOTAL,AT,2006-01-01,78.1,,
ESTAT:LFSA_ERGAN(1.0),17/04/26 11:00:00,A,PC,M,Y20-64,TOTAL,BE,2006-01-01,74.0,,
ESTAT:LFSA_ERGAN(1.0),17/04/26 11:00:00,A,PC,M,Y20-64,TOTAL,BG,2006-01-01,69.9,,
ESTAT:LFSA_ERGAN(1.0),17/04/26 11:00:00,A,PC,M,Y20-64,TOTAL,CH,2006-01-01,87.8,,
ESTAT:LFSA_ERGAN(1.0),17/04/26 11:00:00,A,PC,M,Y20-64,TOTAL,CY,2006-01-01,86.2,,
ESTAT:LFSA_ERGAN(1.0),17/04/26 11:00:00,A,PC,M,Y20-64,TOTAL,CZ,2006-01-01,80.4,,
ESTAT:LFSA_ERGAN(1.0),17/04/26 11:00:00,A,PC,M,Y20-64,TOTAL,DE,2006-01-01,77.2,b,
ESTAT:LFSA_ERGAN(1.0),17/04/26 11:00:00,A,PC,M,Y20-64,TOTAL,DK,2006-01-01,83.8,,
ESTAT:LFSA_ERGAN(1.0),17/04/26 11:00:00,A,PC,M,Y20-64,TOTAL,EA21,2006-01-01,77.0,,
ESTAT:LFSA_ERGAN(1.0),17/04/26 11:00:00,A,PC,M,Y20-64,TOTAL,EE,2006-01-01,79.5,,
ESTAT:LFSA_ERGAN(1.0),17/04/26 11:00:00,A,PC,M,Y20-64,TOTAL,EL,2006-01-01,79.9,,
ESTAT:LFSA_ERGAN(1.0),17/04/26 11:00:00,A,PC,M,Y20-64,TOTAL,ES,2006-01-01,80.7,b,
ESTAT:LFSA_ERGAN(1.0),17/04/26 11:00:00,A,PC,M,Y20-64,TOTAL,EU27_2020,2006-01-01,76.0,,
ESTAT:LFSA_ERGAN(1.0),17/04/26 11:00:00,A,PC,M,Y20-64,TOTAL,FI,2006-01-01,76.3,,
ESTAT:LFSA_ERGAN(1.0),17/04/26 11:00:00,A,PC,M,Y20-64,TOTAL,FR,2006-01-01,75.1,b,
ESTAT:LFSA_ERGAN(1.0),17/04/26 11:00:00,A,PC,M,Y20-64,TOTAL,HR,2006-01-01,67.6,b,
ESTAT:LFSA_ERGAN(1.0),17/04/26 11:00:00,A,PC,M,Y20-64,TOTAL,HU,2006-01-01,70.1,,
ESTAT:LFSA_ERGAN(1.0),17/04/26 11:00:00,A,PC,M,Y20-64,TOTAL,IE,2006-01-01,83.4,,
ESTAT:LFSA_ERGAN(1.0),17/04/26 11:00:00,A,PC,M,Y20-64,TOTAL,IS,2006-01-01,90.6,,
ESTAT:LFSA_ERGAN(1.0),17/04/26 11:00:00,A,PC,M,Y20-64,TOTAL,IT,2006-01-01,75.4,,
ESTAT:LFSA_ERGAN(1.0),17/04/26 11:00:00,A,PC,M,Y20-64,TOTAL,LT,2006-01-01,74.9,,
ESTAT:LFSA_ERGAN(1.0),17/04/26 11:00:00,A,PC,M,Y20-64,TOTAL,LU,2006-01-01,78.9,,
ESTAT:LFSA_ERGAN(1.0),17/04/26 11:00:00,A,PC,M,Y20-64,TOTAL,LV,2006-01-01,78.4,,
ESTAT:LFSA_ERGAN(1.0),17/04/26 11:00:00,A,PC,M,Y20-64,TOTAL,MK,2006-01-01,53.6,,
ESTAT:LFSA_ERGAN(1.0),17/04/26 11:00:00,A,PC,M,Y20-64,TOTAL,MT,2006-01-01,79.6,,
ESTAT:LFSA_ERGAN(1.0),17/04/26 11:00:00,A,PC,M,Y20-64,TOTAL,NL,2006-01-01,81.6,b,
ESTAT:LFSA_ERGAN(1.0),17/04/26 11:00:00,A,PC,M,Y20-64,TOTAL,NO,2006-01-01,83.2,b,
ESTAT:LFSA_ERGAN(1.0),17/04/26 11:00:00,A,PC,M,Y20-64,TOTAL,PL,2006-01-01,67.3,,
ESTAT:LFSA_ERGAN(1.0),17/04/26 11:00:00,A,PC,M,Y20-64,TOTAL,PT,2006-01-01,79.2,,
ESTAT:LFSA_ERGAN(1.0),17/04/26 11:00:00,A,PC,M,Y20-64,TOTAL,RO,2006-01-01,71.2,,
ESTAT:LFSA_ERGAN(1.0),17/04/26 11:00:00,A,PC,M,Y20-64,TOTAL,SE,2006-01-01,81.7,,
ESTAT:LFSA_ERGAN(1.0),17/04/26 11:00:00,A,PC,M,Y20-64,TOTAL,SI,2006-01-01,76.3,,
ESTAT:LFSA_ERGAN(1.0),17/04/26 11:00:00,A,PC,M,Y20-64,TOTAL,SK,2006-01-01,74.6,,
ESTAT:LFSA_ERGAN(1.0),17/04/26 11:00:00,A,PC,M,Y20-64,TOTAL,TR,2006-01-01,73.2,,
ESTAT:LFSA_ERGAN(1.0),17/04/26 11:00:00,A,PC,M,Y20-64,TOTAL,UK,2006-01-01,82.1,,
ESTAT:LFSA_ERGAN(1.0),17/04/26 11:00:00,A,PC,T,Y15-64,TOTAL,AT,2006-01-01,68.6,,
ESTAT:LFSA_ERGAN(1.0),17/04/26 11:00:00,A,PC,T,Y15-64,TOTAL,BE,2006-01-01,61.0,,
ESTAT:LFSA_ERGAN(1.0),17/04/26 11:00:00,A,PC,T,Y15-64,TOTAL,BG,2006-01-01,58.6,,
ESTAT:LFSA_ERGAN(1.0),17/04/26 11:00:00,A,PC,T,Y15-64,TOTAL,CH,2006-01-01,77.9,,
ESTAT:LFSA_ERGAN(1.0),17/04/26 11:00:00,A,PC,T,Y15-64,TOTAL,CY,2006-01-01,69.6,,
ESTAT:LFSA_ERGAN(1.0),17/04/26 11:00:00,A,PC,T,Y15-64,TOTAL,CZ,2006-01-01,65.3,,
ESTAT:LFSA_ERGAN(1.0),17/04/26 11:00:00,A,PC,T,Y15-64,TOTAL,DE,2006-01-01,67.2,b,
ESTAT:LFSA_ERGAN(1.0),17/04/26 11:00:00,A,PC,T,Y15-64,TOTAL,DK,2006-01-01,77.4,,
ESTAT:LFSA_ERGAN(1.0),17/04/26 11:00:00,A,PC,T,Y15-64,TOTAL,EA21,2006-01-01,64.2,,
ESTAT:LFSA_ERGAN(1.0),17/04/26 11:00:00,A,PC,T,Y15-64,TOTAL,EE,2006-01-01,68.4,,
ESTAT:LFSA_ERGAN(1.0),17/04/26 11:00:00,A,PC,T,Y15-64,TOTAL,EL,2006-01-01,60.6,,
ESTAT:LFSA_ERGAN(1.0),17/04/26 11:00:00,A,PC,T,Y15-64,TOTAL,ES,2006-01-01,65.0,b,
ESTAT:LFSA_ERGAN(1.0),17/04/26 11:00:00,A,PC,T,Y15-64,TOTAL,EU27_2020,2006-01-01,63.2,,
ESTAT:LFSA_ERGAN(1.0),17/04/26 11:00:00,A,PC,T,Y15-64,TOTAL,FI,2006-01-01,69.3,,
ESTAT:LFSA_ERGAN(1.0),17/04/26 11:00:00,A,PC,T,Y15-64,TOTAL,FR,2006-01-01,63.7,b,
ESTAT:LFSA_ERGAN(1.0),17/04/26 11:00:00,A,PC,T,Y15-64,TOTAL,HR,2006-01-01,55.6,b,
ESTAT:LFSA_ERGAN(1.0),17/04/26 11:00:00,A,PC,T,Y15-64,TOTAL,HU,2006-01-01,57.4,,
ESTAT:LFSA_ERGAN(1.0),17/04/26 11:00:00,A,PC,T,Y15-64,TOTAL,IE,2006-01-01,68.7,,
ESTAT:LFSA_ERGAN(1.0),17/04/26 11:00:00,A,PC,T,Y15-64,TOTAL,IS,2006-01-01,84.6,,
ESTAT:LFSA_ERGAN(1.0),17/04/26 11:00:00,A,PC,T,Y15-64,TOTAL,IT,2006-01-01,58.3,,
ESTAT:LFSA_ERGAN(1.0),17/04/26 11:00:00,A,PC,T,Y15-64,TOTAL,LT,2006-01-01,63.6,,
ESTAT:LFSA_ERGAN(1.0),17/04/26 11:00:00,A,PC,T,Y15-64,TOTAL,LU,2006-01-01,63.6,,
ESTAT:LFSA_ERGAN(1.0),17/04/26 11:00:00,A,PC,T,Y15-64,TOTAL,LV,2006-01-01,65.9,,
ESTAT:LFSA_ERGAN(1.0),17/04/26 11:00:00,A,PC,T,Y15-64,TOTAL,MK,2006-01-01,39.6,,
ESTAT:LFSA_ERGAN(1.0),17/04/26 11:00:00,A,PC,T,Y15-64,TOTAL,MT,2006-01-01,53.9,,
ESTAT:LFSA_ERGAN(1.0),17/04/26 11:00:00,A,PC,T,Y15-64,TOTAL,NL,2006-01-01,71.6,b,
ESTAT:LFSA_ERGAN(1.0),17/04/26 11:00:00,A,PC,T,Y15-64,TOTAL,NO,2006-01-01,75.4,b,
ESTAT:LFSA_ERGAN(1.0),17/04/26 11:00:00,A,PC,T,Y15-64,TOTAL,PL,2006-01-01,54.5,,
ESTAT:LFSA_ERGAN(1.0),17/04/26 11:00:00,A,PC,T,Y15-64,TOTAL,PT,2006-01-01,67.6,,
ESTAT:LFSA_ERGAN(1.0),17/04/26 11:00:00,A,PC,T,Y15-64,TOTAL,RO,2006-01-01,58.8,,
ESTAT:LFSA_ERGAN(1.0),17/04/26 11:00:00,A,PC,T,Y15-64,TOTAL,SE,2006-01-01,73.1,,
ESTAT:LFSA_ERGAN(1.0),17/04/26 11:00:00,A,PC,T,Y15-64,TOTAL,SI,2006-01-01,66.6,,
ESTAT:LFSA_ERGAN(1.0),17/04/26 11:00:00,A,PC,T,Y15-64,TOTAL,SK,2006-01-01,59.4,,
ESTAT:LFSA_ERGAN(1.0),17/04/26 11:00:00,A,PC,T,Y15-64,TOTAL,TR,2006-01-01,44.6,,
ESTAT:LFSA_ERGAN(1.0),17/04/26 11:00:00,A,PC,T,Y15-64,TOTAL,UK,2006-01-01,71.6,,
ESTAT:LFSA_ERGAN(1.0),17/04/26 11:00:00,A,PC,T,Y15-74,TOTAL,AT,2006-01-01,61.2,,
ESTAT:LFSA_ERGAN(1.0),17/04/26 11:00:00,A,PC,T,Y15-74,TOTAL,BE,2006-01-01,54.0,,
ESTAT:LFSA_ERGAN(1.0),17/04/26 11:00:00,A,PC,T,Y15-74,TOTAL,BG,2006-01-01,51.2,,
ESTAT:LFSA_ERGAN(1.0),17/04/26 11:00:00,A,PC,T,Y15-74,TOTAL,CH,2006-01-01,70.9,,
ESTAT:LFSA_ERGAN(1.0),17/04/26 11:00:00,A,PC,T,Y15-74,TOTAL,CY,2006-01-01,64.3,,
ESTAT:LFSA_ERGAN(1.0),17/04/26 11:00:00,A,PC,T,Y15-74,TOTAL,CZ,2006-01-01,59.2,,
ESTAT:LFSA_ERGAN(1.0),17/04/26 11:00:00,A,PC,T,Y15-74,TOTAL,DE,2006-01-01,58.0,b,
ESTAT:LFSA_ERGAN(1.0),17/04/26 11:00:00,A,PC,T,Y15-74,TOTAL,DK,2006-01-01,69.6,,
ESTAT:LFSA_ERGAN(1.0),17/04/26 11:00:00,A,PC,T,Y15-74,TOTAL,EA21,2006-01-01,56.7,,
ESTAT:LFSA_ERGAN(1.0),17/04/26 11:00:00,A,PC,T,Y15-74,TOTAL,EE,2006-01-01,62.2,,
ESTAT:LFSA_ERGAN(1.0),17/04/26 11:00:00,A,PC,T,Y15-74,TOTAL,EL,2006-01-01,53.3,,
ESTAT:LFSA_ERGAN(1.0),17/04/26 11:00:00,A,PC,T,Y15-74,TOTAL,ES,2006-01-01,58.2,b,
ESTAT:LFSA_ERGAN(1.0),17/04/26 11:00:00,A,PC,T,Y15-74,TOTAL,EU27_2020,2006-01-01,56.2,,
ESTAT:LFSA_ERGAN(1.0),17/04/26 11:00:00,A,PC,T,Y15-74,TOTAL,FI,2006-01-01,62.0,,
ESTAT:LFSA_ERGAN(1.0),17/04/26 11:00:00,A,PC,T,Y15-74,TOTAL,FR,2006-01-01,56.8,b,
ESTAT:LFSA_ERGAN(1.0),17/04/26 11:00:00,A,PC,T,Y15-74,TOTAL,HR,2006-01-01,47.9,b,
ESTAT:LFSA_ERGAN(1.0),17/04/26 11:00:00,A,PC,T,Y15-74,TOTAL,HU,2006-01-01,50.9,,
ESTAT:LFSA_ERGAN(1.0),17/04/26 11:00:00,A,PC,T,Y15-74,TOTAL,IE,2006-01-01,64.1,,
ESTAT:LFSA_ERGAN(1.0),17/04/26 11:00:00,A,PC,T,Y15-74,TOTAL,IS,2006-01-01,80.1,,
ESTAT:LFSA_ERGAN(1.0),17/04/26 11:00:00,A,PC,T,Y15-74,TOTAL,IT,2006-01-01,51.0,,
ESTAT:LFSA_ERGAN(1.0),17/04/26 11:00:00,A,PC,T,Y15-74,TOTAL,LT,2006-01-01,56.6,,
ESTAT:LFSA_ERGAN(1.0),17/04/26 11:00:00,A,PC,T,Y15-74,TOTAL,LU,2006-01-01,56.3,,
ESTAT:LFSA_ERGAN(1.0),17/04/26 11:00:00,A,PC,T,Y15-74,TOTAL,LV,2006-01-01,59.7,,
ESTAT:LFSA_ERGAN(1.0),17/04/26 11:00:00,A,PC,T,Y15-74,TOTAL,MK,2006-01-01,36.2,,
ESTAT:LFSA_ERGAN(1.0),17/04/26 11:00:00,A,PC,T,Y15-74,TOTAL,MT,2006-01-01,48.7,,
ESTAT:LFSA_ERGAN(1.0),17/04/26 11:00:00,A,PC,T,Y15-74,TOTAL,NL,2006-01-01,65.0,b,
ESTAT:LFSA_ERGAN(1.0),17/04/26 11:00:00,A,PC,T,Y15-74,TOTAL,NO,2006-01-01,69.4,b,
ESTAT:LFSA_ERGAN(1.0),17/04/26 11:00:00,A,PC,T,Y15-74,TOTAL,PL,2006-01-01,49.7,,
ESTAT:LFSA_ERGAN(1.0),17/04/26 11:00:00,A,PC,T,Y15-74,TOTAL,PT,2006-01-01,62.0,,
ESTAT:LFSA_ERGAN(1.0),17/04/26 11:00:00,A,PC,T,Y15-74,TOTAL,RO,2006-01-01,54.6,,
ESTAT:LFSA_ERGAN(1.0),17/04/26 11:00:00,A,PC,T,Y15-74,TOTAL,SE,2006-01-01,65.9,,
ESTAT:LFSA_ERGAN(1.0),17/04/26 11:00:00,A,PC,T,Y15-74,TOTAL,SI,2006-01-01,59.9,,
ESTAT:LFSA_ERGAN(1.0),17/04/26 11:00:00,A,PC,T,Y15-74,TOTAL,SK,2006-01-01,54.4,,
ESTAT:LFSA_ERGAN(1.0),17/04/26 11:00:00,A,PC,T,Y15-74,TOTAL,TR,2006-01-01,42.7,,
ESTAT:LFSA_ERGAN(1.0),17/04/26 11:00:00,A,PC,T,Y15-74,TOTAL,UK,2006-01-01,64.9,,
ESTAT:LFSA_ERGAN(1.0),17/04/26 11:00:00,A,PC,T,Y20-64,TOTAL,AT,2006-01-01,71.6,,
ESTAT:LFSA_ERGAN(1.0),17/04/26 11:00:00,A,PC,T,Y20-64,TOTAL,BE,2006-01-01,66.5,,
ESTAT:LFSA_ERGAN(1.0),17/04/26 11:00:00,A,PC,T,Y20-64,TOTAL,BG,2006-01-01,65.1,,
ESTAT:LFSA_ERGAN(1.0),17/04/26 11:00:00,A,PC,T,Y20-64,TOTAL,CH,2006-01-01,80.5,,
ESTAT:LFSA_ERGAN(1.0),17/04/26 11:00:00,A,PC,T,Y20-64,TOTAL,CY,2006-01-01,75.8,,
ESTAT:LFSA_ERGAN(1.0),17/04/26 11:00:00,A,PC,T,Y20-64,TOTAL,CZ,2006-01-01,71.2,,
ESTAT:LFSA_ERGAN(1.0),17/04/26 11:00:00,A,PC,T,Y20-64,TOTAL,DE,2006-01-01,71.1,b,
ESTAT:LFSA_ERGAN(1.0),17/04/26 11:00:00,A,PC,T,Y20-64,TOTAL,DK,2006-01-01,79.4,,
ESTAT:LFSA_ERGAN(1.0),17/04/26 11:00:00,A,PC,T,Y20-64,TOTAL,EA21,2006-01-01,68.6,,
ESTAT:LFSA_ERGAN(1.0),17/04/26 11:00:00,A,PC,T,Y20-64,TOTAL,EE,2006-01-01,75.9,,
ESTAT:LFSA_ERGAN(1.0),17/04/26 11:00:00,A,PC,T,Y20-64,TOTAL,EL,2006-01-01,65.6,,
ESTAT:LFSA_ERGAN(1.0),17/04/26 11:00:00,A,PC,T,Y20-64,TOTAL,ES,2006-01-01,69.0,b,
ESTAT:LFSA_ERGAN(1.0),17/04/26 11:00:00,A,PC,T,Y20-64,TOTAL,EU27_2020,2006-01-01,67.9,,
ESTAT:LFSA_ERGAN(1.0),17/04/26 11:00:00,A,PC,T,Y20-64,TOTAL,FI,2006-01-01,73.9,,
ESTAT:LFSA_ERGAN(1.0),17/04/26 11:00:00,A,PC,T,Y20-64,TOTAL,FR,2006-01-01,69.4,b,
ESTAT:LFSA_ERGAN(1.0),17/04/26 11:00:00,A,PC,T,Y20-64,TOTAL,HR,2006-01-01,60.6,b,
ESTAT:LFSA_ERGAN(1.0),17/04/26 11:00:00,A,PC,T,Y20-64,TOTAL,HU,2006-01-01,62.6,,
ESTAT:LFSA_ERGAN(1.0),17/04/26 11:00:00,A,PC,T,Y20-64,TOTAL,IE,2006-01-01,73.4,,
ESTAT:LFSA_ERGAN(1.0),17/04/26 11:00:00,A,PC,T,Y20-64,TOTAL,IS,2006-01-01,86.3,,
ESTAT:LFSA_ERGAN(1.0),17/04/26 11:00:00,A,PC,T,Y20-64,TOTAL,IT,2006-01-01,62.4,,
ESTAT:LFSA_ERGAN(1.0),17/04/26 11:00:00,A,PC,T,Y20-64,TOTAL,LT,2006-01-01,71.3,,
ESTAT:LFSA_ERGAN(1.0),17/04/26 11:00:00,A,PC,T,Y20-64,TOTAL,LU,2006-01-01,69.1,,
ESTAT:LFSA_ERGAN(1.0),17/04/26 11:00:00,A,PC,T,Y20-64,TOTAL,LV,2006-01-01,73.2,,
ESTAT:LFSA_ERGAN(1.0),17/04/26 11:00:00,A,PC,T,Y20-64,TOTAL,MK,2006-01-01,43.9,,
ESTAT:LFSA_ERGAN(1.0),17/04/26 11:00:00,A,PC,T,Y20-64,TOTAL,MT,2006-01-01,57.9,,
ESTAT:LFSA_ERGAN(1.0),17/04/26 11:00:00,A,PC,T,Y20-64,TOTAL,NL,2006-01-01,73.7,b,
ESTAT:LFSA_ERGAN(1.0),17/04/26 11:00:00,A,PC,T,Y20-64,TOTAL,NO,2006-01-01,79.5,b,
ESTAT:LFSA_ERGAN(1.0),17/04/26 11:00:00,A,PC,T,Y20-64,TOTAL,PL,2006-01-01,60.1,,
ESTAT:LFSA_ERGAN(1.0),17/04/26 11:00:00,A,PC,T,Y20-64,TOTAL,PT,2006-01-01,72.6,,
ESTAT:LFSA_ERGAN(1.0),17/04/26 11:00:00,A,PC,T,Y20-64,TOTAL,RO,2006-01-01,64.8,,
ESTAT:LFSA_ERGAN(1.0),17/04/26 11:00:00,A,PC,T,Y20-64,TOTAL,SE,2006-01-01,78.8,,
ESTAT:LFSA_ERGAN(1.0),17/04/26 11:00:00,A,PC,T,Y20-64,TOTAL,SI,2006-01-01,71.5,,
ESTAT:LFSA_ERGAN(1.0),17/04/26 11:00:00,A,PC,T,Y20-64,TOTAL,SK,2006-01-01,66.0,,
ESTAT:LFSA_ERGAN(1.0),17/04/26 11:00:00,A,PC,T,Y20-64,TOTAL,TR,2006-01-01,48.2,,
ESTAT:LFSA_ERGAN(1.0),17/04/26 11:00:00,A,PC,T,Y20-64,TOTAL,UK,2006-01-01,75.2,,
ESTAT:LFSA_ERGAN(1.0),17/04/26 11:00:00,A,PC,F,Y15-64,TOTAL,AT,2007-01-01,63.5,b,
ESTAT:LFSA_ERGAN(1.0),17/04/26 11:00:00,A,PC,F,Y15-64,TOTAL,BE,2007-01-01,55.3,,
ESTAT:LFSA_ERGAN(1.0),17/04/26 11:00:00,A,PC,F,Y15-64,TOTAL,BG,2007-01-01,57.6,,
ESTAT:LFSA_ERGAN(1.0),17/04/26 11:00:00,A,PC,F,Y15-64,TOTAL,CH,2007-01-01,71.6,,
ESTAT:LFSA_ERGAN(1.0),17/04/26 11:00:00,A,PC,F,Y15-64,TOTAL,CY,2007-01-01,62.4,,
ESTAT:LFSA_ERGAN(1.0),17/04/26 11:00:00,A,PC,F,Y15-64,TOTAL,CZ,2007-01-01,57.3,,
ESTAT:LFSA_ERGAN(1.0),17/04/26 11:00:00,A,PC,F,Y15-64,TOTAL,DE,2007-01-01,63.2,,
ESTAT:LFSA_ERGAN(1.0),17/04/26 11:00:00,A,PC,F,Y15-64,TOTAL,DK,2007-01-01,73.2,,
ESTAT:LFSA_ERGAN(1.0),17/04/26 11:00:00,A,PC,F,Y15-64,TOTAL,EA21,2007-01-01,57.6,,
ESTAT:LFSA_ERGAN(1.0),17/04/26 11:00:00,A,PC,F,Y15-64,TOTAL,EE,2007-01-01,66.2,,
ESTAT:LFSA_ERGAN(1.0),17/04/26 11:00:00,A,PC,F,Y15-64,TOTAL,EL,2007-01-01,47.7,,
ESTAT:LFSA_ERGAN(1.0),17/04/26 11:00:00,A,PC,F,Y15-64,TOTAL,ES,2007-01-01,55.3,,
ESTAT:LFSA_ERGAN(1.0),17/04/26 11:00:00,A,PC,F,Y15-64,TOTAL,EU27_2020,2007-01-01,57.0,,
ESTAT:LFSA_ERGAN(1.0),17/04/26 11:00:00,A,PC,F,Y15-64,TOTAL,FI,2007-01-01,68.5,b,
ESTAT:LFSA_ERGAN(1.0),17/04/26 11:00:00,A,PC,F,Y15-64,TOTAL,FR,2007-01-01,59.6,,
ESTAT:LFSA_ERGAN(1.0),17/04/26 11:00:00,A,PC,F,Y15-64,TOTAL,HR,2007-01-01,52.0,b,
ESTAT:LFSA_ERGAN(1.0),17/04/26 11:00:00,A,PC,F,Y15-64,TOTAL,HU,2007-01-01,50.7,,
ESTAT:LFSA_ERGAN(1.0),17/04/26 11:00:00,A,PC,F,Y15-64,TOTAL,IE,2007-01-01,62.9,b,
ESTAT:LFSA_ERGAN(1.0),17/04/26 11:00:00,A,PC,F,Y15-64,TOTAL,IS,2007-01-01,80.8,,
ESTAT:LFSA_ERGAN(1.0),17/04/26 11:00:00,A,PC,F,Y15-64,TOTAL,IT,2007-01-01,46.6,,
ESTAT:LFSA_ERGAN(1.0),17/04/26 11:00:00,A,PC,F,Y15-64,TOTAL,LT,2007-01-01,62.0,,
ESTAT:LFSA_ERGAN(1.0),17/04/26 11:00:00,A,PC,F,Y15-64,TOTAL,LU,2007-01-01,56.1,b,
ESTAT:LFSA_ERGAN(1.0),17/04/26 11:00:00,A,PC,F,Y15-64,TOTAL,LV,2007-01-01,63.9,,
ESTAT:LFSA_ERGAN(1.0),17/04/26 11:00:00,A,PC,F,Y15-64,TOTAL,MK,2007-01-01,32.3,,
ESTAT:LFSA_ERGAN(1.0),17/04/26 11:00:00,A,PC,F,Y15-64,TOTAL,MT,2007-01-01,36.0,,
ESTAT:LFSA_ERGAN(1.0),17/04/26 11:00:00,A,PC,F,Y15-64,TOTAL,NL,2007-01-01,66.5,,
ESTAT:LFSA_ERGAN(1.0),17/04/26 11:00:00,A,PC,F,Y15-64,TOTAL,NO,2007-01-01,74.0,,
ESTAT:LFSA_ERGAN(1.0),17/04/26 11:00:00,A,PC,F,Y15-64,TOTAL,PL,2007-01-01,50.6,,
ESTAT:LFSA_ERGAN(1.0),17/04/26 11:00:00,A,PC,F,Y15-64,TOTAL,PT,2007-01-01,61.8,,
ESTAT:LFSA_ERGAN(1.0),17/04/26 11:00:00,A,PC,F,Y15-64,TOTAL,RO,2007-01-01,52.8,,
ESTAT:LFSA_ERGAN(1.0),17/04/26 11:00:00,A,PC,F,Y15-64,TOTAL,SE,2007-01-01,71.8,,
ESTAT:LFSA_ERGAN(1.0),17/04/26 11:00:00,A,PC,F,Y15-64,TOTAL,SI,2007-01-01,62.6,,
ESTAT:LFSA_ERGAN(1.0),17/04/26 11:00:00,A,PC,F,Y15-64,TOTAL,SK,2007-01-01,53.0,,
ESTAT:LFSA_ERGAN(1.0),17/04/26 11:00:00,A,PC,F,Y15-64,TOTAL,TR,2007-01-01,22.8,,
ESTAT:LFSA_ERGAN(1.0),17/04/26 11:00:00,A,PC,F,Y15-64,TOTAL,UK,2007-01-01,65.5,b,
ESTAT:LFSA_ERGAN(1.0),17/04/26 11:00:00,A,PC,F,Y15-74,TOTAL,AT,2007-01-01,56.1,b,
ESTAT:LFSA_ERGAN(1.0),17/04/26 11:00:00,A,PC,F,Y15-74,TOTAL,BE,2007-01-01,48.6,,
ESTAT:LFSA_ERGAN(1.0),17/04/26 11:00:00,A,PC,F,Y15-74,TOTAL,BG,2007-01-01,49.2,,
ESTAT:LFSA_ERGAN(1.0),17/04/26 11:00:00,A,PC,F,Y15-74,TOTAL,CH,2007-01-01,63.9,,
ESTAT:LFSA_ERGAN(1.0),17/04/26 11:00:00,A,PC,F,Y15-74,TOTAL,CY,2007-01-01,56.8,,
ESTAT:LFSA_ERGAN(1.0),17/04/26 11:00:00,A,PC,F,Y15-74,TOTAL,CZ,2007-01-01,51.1,,
ESTAT:LFSA_ERGAN(1.0),17/04/26 11:00:00,A,PC,F,Y15-74,TOTAL,DE,2007-01-01,53.7,,
ESTAT:LFSA_ERGAN(1.0),17/04/26 11:00:00,A,PC,F,Y15-74,TOTAL,DK,2007-01-01,65.0,,
ESTAT:LFSA_ERGAN(1.0),17/04/26 11:00:00,A,PC,F,Y15-74,TOTAL,EA21,2007-01-01,50.3,,
ESTAT:LFSA_ERGAN(1.0),17/04/26 11:00:00,A,PC,F,Y15-74,TOTAL,EE,2007-01-01,58.7,,
ESTAT:LFSA_ERGAN(1.0),17/04/26 11:00:00,A,PC,F,Y15-74,TOTAL,EL,2007-01-01,41.5,,
ESTAT:LFSA_ERGAN(1.0),17/04/26 11:00:00,A,PC,F,Y15-74,TOTAL,ES,2007-01-01,49.1,,
ESTAT:LFSA_ERGAN(1.0),17/04/26 11:00:00,A,PC,F,Y15-74,TOTAL,EU27_2020,2007-01-01,50.1,,
ESTAT:LFSA_ERGAN(1.0),17/04/26 11:00:00,A,PC,F,Y15-74,TOTAL,FI,2007-01-01,60.4,b,
ESTAT:LFSA_ERGAN(1.0),17/04/26 11:00:00,A,PC,F,Y15-74,TOTAL,FR,2007-01-01,52.9,,
ESTAT:LFSA_ERGAN(1.0),17/04/26 11:00:00,A,PC,F,Y15-74,TOTAL,HR,2007-01-01,45.1,b,
ESTAT:LFSA_ERGAN(1.0),17/04/26 11:00:00,A,PC,F,Y15-74,TOTAL,HU,2007-01-01,44.1,,
ESTAT:LFSA_ERGAN(1.0),17/04/26 11:00:00,A,PC,F,Y15-74,TOTAL,IE,2007-01-01,58.3,b,
ESTAT:LFSA_ERGAN(1.0),17/04/26 11:00:00,A,PC,F,Y15-74,TOTAL,IS,2007-01-01,76.0,,
ESTAT:LFSA_ERGAN(1.0),17/04/26 11:00:00,A,PC,F,Y15-74,TOTAL,IT,2007-01-01,40.1,,
ESTAT:LFSA_ERGAN(1.0),17/04/26 11:00:00,A,PC,F,Y15-74,TOTAL,LT,2007-01-01,53.8,,
ESTAT:LFSA_ERGAN(1.0),17/04/26 11:00:00,A,PC,F,Y15-74,TOTAL,LU,2007-01-01,50.8,b,
ESTAT:LFSA_ERGAN(1.0),17/04/26 11:00:00,A,PC,F,Y15-74,TOTAL,LV,2007-01-01,56.3,,
ESTAT:LFSA_ERGAN(1.0),17/04/26 11:00:00,A,PC,F,Y15-74,TOTAL,MK,2007-01-01,29.3,,
ESTAT:LFSA_ERGAN(1.0),17/04/26 11:00:00,A,PC,F,Y15-74,TOTAL,MT,2007-01-01,32.1,,
ESTAT:LFSA_ERGAN(1.0),17/04/26 11:00:00,A,PC,F,Y15-74,TOTAL,NL,2007-01-01,59.6,,
ESTAT:LFSA_ERGAN(1.0),17/04/26 11:00:00,A,PC,F,Y15-74,TOTAL,NO,2007-01-01,67.7,,
ESTAT:LFSA_ERGAN(1.0),17/04/26 11:00:00,A,PC,F,Y15-74,TOTAL,PL,2007-01-01,45.3,,
ESTAT:LFSA_ERGAN(1.0),17/04/26 11:00:00,A,PC,F,Y15-74,TOTAL,PT,2007-01-01,56.0,,
ESTAT:LFSA_ERGAN(1.0),17/04/26 11:00:00,A,PC,F,Y15-74,TOTAL,RO,2007-01-01,49.0,,
ESTAT:LFSA_ERGAN(1.0),17/04/26 11:00:00,A,PC,F,Y15-74,TOTAL,SE,2007-01-01,63.9,,
ESTAT:LFSA_ERGAN(1.0),17/04/26 11:00:00,A,PC,F,Y15-74,TOTAL,SI,2007-01-01,55.4,,
ESTAT:LFSA_ERGAN(1.0),17/04/26 11:00:00,A,PC,F,Y15-74,TOTAL,SK,2007-01-01,47.9,,
ESTAT:LFSA_ERGAN(1.0),17/04/26 11:00:00,A,PC,F,Y15-74,TOTAL,TR,2007-01-01,21.8,,
ESTAT:LFSA_ERGAN(1.0),17/04/26 11:00:00,A,PC,F,Y15-74,TOTAL,UK,2007-01-01,58.8,b,
ESTAT:LFSA_ERGAN(1.0),17/04/26 11:00:00,A,PC,F,Y20-64,TOTAL,AT,2007-01-01,66.2,b,
ESTAT:LFSA_ERGAN(1.0),17/04/26 11:00:00,A,PC,F,Y20-64,TOTAL,BE,2007-01-01,60.3,,
ESTAT:LFSA_ERGAN(1.0),17/04/26 11:00:00,A,PC,F,Y20-64,TOTAL,BG,2007-01-01,63.5,,
ESTAT:LFSA_ERGAN(1.0),17/04/26 11:00:00,A,PC,F,Y20-64,TOTAL,CH,2007-01-01,73.9,,
ESTAT:LFSA_ERGAN(1.0),17/04/26 11:00:00,A,PC,F,Y20-64,TOTAL,CY,2007-01-01,67.7,,
ESTAT:LFSA_ERGAN(1.0),17/04/26 11:00:00,A,PC,F,Y20-64,TOTAL,CZ,2007-01-01,62.4,,
ESTAT:LFSA_ERGAN(1.0),17/04/26 11:00:00,A,PC,F,Y20-64,TOTAL,DE,2007-01-01,66.7,,
ESTAT:LFSA_ERGAN(1.0),17/04/26 11:00:00,A,PC,F,Y20-64,TOTAL,DK,2007-01-01,74.7,,
ESTAT:LFSA_ERGAN(1.0),17/04/26 11:00:00,A,PC,F,Y20-64,TOTAL,EA21,2007-01-01,61.5,,
ESTAT:LFSA_ERGAN(1.0),17/04/26 11:00:00,A,PC,F,Y20-64,TOTAL,EE,2007-01-01,72.6,,
ESTAT:LFSA_ERGAN(1.0),17/04/26 11:00:00,A,PC,F,Y20-64,TOTAL,EL,2007-01-01,51.7,,
ESTAT:LFSA_ERGAN(1.0),17/04/26 11:00:00,A,PC,F,Y20-64,TOTAL,ES,2007-01-01,58.6,,
ESTAT:LFSA_ERGAN(1.0),17/04/26 11:00:00,A,PC,F,Y20-64,TOTAL,EU27_2020,2007-01-01,61.1,,
ESTAT:LFSA_ERGAN(1.0),17/04/26 11:00:00,A,PC,F,Y20-64,TOTAL,FI,2007-01-01,72.5,b,
ESTAT:LFSA_ERGAN(1.0),17/04/26 11:00:00,A,PC,F,Y20-64,TOTAL,FR,2007-01-01,64.9,,
ESTAT:LFSA_ERGAN(1.0),17/04/26 11:00:00,A,PC,F,Y20-64,TOTAL,HR,2007-01-01,56.3,b,
ESTAT:LFSA_ERGAN(1.0),17/04/26 11:00:00,A,PC,F,Y20-64,TOTAL,HU,2007-01-01,55.2,,
ESTAT:LFSA_ERGAN(1.0),17/04/26 11:00:00,A,PC,F,Y20-64,TOTAL,IE,2007-01-01,65.8,b,
ESTAT:LFSA_ERGAN(1.0),17/04/26 11:00:00,A,PC,F,Y20-64,TOTAL,IS,2007-01-01,81.4,,
ESTAT:LFSA_ERGAN(1.0),17/04/26 11:00:00,A,PC,F,Y20-64,TOTAL,IT,2007-01-01,49.9,,
ESTAT:LFSA_ERGAN(1.0),17/04/26 11:00:00,A,PC,F,Y20-64,TOTAL,LT,2007-01-01,69.1,,
ESTAT:LFSA_ERGAN(1.0),17/04/26 11:00:00,A,PC,F,Y20-64,TOTAL,LU,2007-01-01,61.0,b,
ESTAT:LFSA_ERGAN(1.0),17/04/26 11:00:00,A,PC,F,Y20-64,TOTAL,LV,2007-01-01,70.3,,
ESTAT:LFSA_ERGAN(1.0),17/04/26 11:00:00,A,PC,F,Y20-64,TOTAL,MK,2007-01-01,35.8,,
ESTAT:LFSA_ERGAN(1.0),17/04/26 11:00:00,A,PC,F,Y20-64,TOTAL,MT,2007-01-01,37.7,,
ESTAT:LFSA_ERGAN(1.0),17/04/26 11:00:00,A,PC,F,Y20-64,TOTAL,NL,2007-01-01,67.7,,
ESTAT:LFSA_ERGAN(1.0),17/04/26 11:00:00,A,PC,F,Y20-64,TOTAL,NO,2007-01-01,77.5,,
ESTAT:LFSA_ERGAN(1.0),17/04/26 11:00:00,A,PC,F,Y20-64,TOTAL,PL,2007-01-01,55.5,,
ESTAT:LFSA_ERGAN(1.0),17/04/26 11:00:00,A,PC,F,Y20-64,TOTAL,PT,2007-01-01,66.3,,
ESTAT:LFSA_ERGAN(1.0),17/04/26 11:00:00,A,PC,F,Y20-64,TOTAL,RO,2007-01-01,57.9,,
ESTAT:LFSA_ERGAN(1.0),17/04/26 11:00:00,A,PC,F,Y20-64,TOTAL,SE,2007-01-01,77.1,,
ESTAT:LFSA_ERGAN(1.0),17/04/26 11:00:00,A,PC,F,Y20-64,TOTAL,SI,2007-01-01,67.1,,
ESTAT:LFSA_ERGAN(1.0),17/04/26 11:00:00,A,PC,F,Y20-64,TOTAL,SK,2007-01-01,58.7,,
ESTAT:LFSA_ERGAN(1.0),17/04/26 11:00:00,A,PC,F,Y20-64,TOTAL,TR,2007-01-01,24.2,,
ESTAT:LFSA_ERGAN(1.0),17/04/26 11:00:00,A,PC,F,Y20-64,TOTAL,UK,2007-01-01,68.4,b,
ESTAT:LFSA_ERGAN(1.0),17/04/26 11:00:00,A,PC,M,Y15-64,TOTAL,AT,2007-01-01,76.3,b,
ESTAT:LFSA_ERGAN(1.0),17/04/26 11:00:00,A,PC,M,Y15-64,TOTAL,BE,2007-01-01,68.7,,
ESTAT:LFSA_ERGAN(1.0),17/04/26 11:00:00,A,PC,M,Y15-64,TOTAL,BG,2007-01-01,66.0,,
ESTAT:LFSA_ERGAN(1.0),17/04/26 11:00:00,A,PC,M,Y15-64,TOTAL,CH,2007-01-01,85.6,,
ESTAT:LFSA_ERGAN(1.0),17/04/26 11:00:00,A,PC,M,Y15-64,TOTAL,CY,2007-01-01,80.0,,
ESTAT:LFSA_ERGAN(1.0),17/04/26 11:00:00,A,PC,M,Y15-64,TOTAL,CZ,2007-01-01,74.8,,
ESTAT:LFSA_ERGAN(1.0),17/04/26 11:00:00,A,PC,M,Y15-64,TOTAL,DE,2007-01-01,74.7,,
ESTAT:LFSA_ERGAN(1.0),17/04/26 11:00:00,A,PC,M,Y15-64,TOTAL,DK,2007-01-01,80.8,,
ESTAT:LFSA_ERGAN(1.0),17/04/26 11:00:00,A,PC,M,Y15-64,TOTAL,EA21,2007-01-01,72.9,,
ESTAT:LFSA_ERGAN(1.0),17/04/26 11:00:00,A,PC,M,Y15-64,TOTAL,EE,2007-01-01,73.5,,
ESTAT:LFSA_ERGAN(1.0),17/04/26 11:00:00,A,PC,M,Y15-64,TOTAL,EL,2007-01-01,74.2,,
ESTAT:LFSA_ERGAN(1.0),17/04/26 11:00:00,A,PC,M,Y15-64,TOTAL,ES,2007-01-01,76.1,,
ESTAT:LFSA_ERGAN(1.0),17/04/26 11:00:00,A,PC,M,Y15-64,TOTAL,EU27_2020,2007-01-01,71.6,,
ESTAT:LFSA_ERGAN(1.0),17/04/26 11:00:00,A,PC,M,Y15-64,TOTAL,FI,2007-01-01,72.1,b,
ESTAT:LFSA_ERGAN(1.0),17/04/26 11:00:00,A,PC,M,Y15-64,TOTAL,FR,2007-01-01,69.2,,
ESTAT:LFSA_ERGAN(1.0),17/04/26 11:00:00,A,PC,M,Y15-64,TOTAL,HR,2007-01-01,66.7,b,
ESTAT:LFSA_ERGAN(1.0),17/04/26 11:00:00,A,PC,M,Y15-64,TOTAL,HU,2007-01-01,63.7,,
ESTAT:LFSA_ERGAN(1.0),17/04/26 11:00:00,A,PC,M,Y15-64,TOTAL,IE,2007-01-01,80.4,b,
ESTAT:LFSA_ERGAN(1.0),17/04/26 11:00:00,A,PC,M,Y15-64,TOTAL,IS,2007-01-01,89.1,,
ESTAT:LFSA_ERGAN(1.0),17/04/26 11:00:00,A,PC,M,Y15-64,TOTAL,IT,2007-01-01,70.6,,
ESTAT:LFSA_ERGAN(1.0),17/04/26 11:00:00,A,PC,M,Y15-64,TOTAL,LT,2007-01-01,68.2,,
ESTAT:LFSA_ERGAN(1.0),17/04/26 11:00:00,A,PC,M,Y15-64,TOTAL,LU,2007-01-01,72.3,b,
ESTAT:LFSA_ERGAN(1.0),17/04/26 11:00:00,A,PC,M,Y15-64,TOTAL,LV,2007-01-01,72.7,,
ESTAT:LFSA_ERGAN(1.0),17/04/26 11:00:00,A,PC,M,Y15-64,TOTAL,MK,2007-01-01,48.8,,
ESTAT:LFSA_ERGAN(1.0),17/04/26 11:00:00,A,PC,M,Y15-64,TOTAL,MT,2007-01-01,73.5,,
ESTAT:LFSA_ERGAN(1.0),17/04/26 11:00:00,A,PC,M,Y15-64,TOTAL,NL,2007-01-01,80.4,,
ESTAT:LFSA_ERGAN(1.0),17/04/26 11:00:00,A,PC,M,Y15-64,TOTAL,NO,2007-01-01,79.5,,
ESTAT:LFSA_ERGAN(1.0),17/04/26 11:00:00,A,PC,M,Y15-64,TOTAL,PL,2007-01-01,63.6,,
ESTAT:LFSA_ERGAN(1.0),17/04/26 11:00:00,A,PC,M,Y15-64,TOTAL,PT,2007-01-01,73.6,,
ESTAT:LFSA_ERGAN(1.0),17/04/26 11:00:00,A,PC,M,Y15-64,TOTAL,RO,2007-01-01,64.8,,
ESTAT:LFSA_ERGAN(1.0),17/04/26 11:00:00,A,PC,M,Y15-64,TOTAL,SE,2007-01-01,76.5,,
ESTAT:LFSA_ERGAN(1.0),17/04/26 11:00:00,A,PC,M,Y15-64,TOTAL,SI,2007-01-01,72.7,,
ESTAT:LFSA_ERGAN(1.0),17/04/26 11:00:00,A,PC,M,Y15-64,TOTAL,SK,2007-01-01,68.4,,
ESTAT:LFSA_ERGAN(1.0),17/04/26 11:00:00,A,PC,M,Y15-64,TOTAL,TR,2007-01-01,66.8,,
ESTAT:LFSA_ERGAN(1.0),17/04/26 11:00:00,A,PC,M,Y15-64,TOTAL,UK,2007-01-01,77.6,b,
ESTAT:LFSA_ERGAN(1.0),17/04/26 11:00:00,A,PC,M,Y15-74,TOTAL,AT,2007-01-01,68.7,b,
ESTAT:LFSA_ERGAN(1.0),17/04/26 11:00:00,A,PC,M,Y15-74,TOTAL,BE,2007-01-01,61.7,,
ESTAT:LFSA_ERGAN(1.0),17/04/26 11:00:00,A,PC,M,Y15-74,TOTAL,BG,2007-01-01,58.8,,
ESTAT:LFSA_ERGAN(1.0),17/04/26 11:00:00,A,PC,M,Y15-74,TOTAL,CH,2007-01-01,79.2,,
ESTAT:LFSA_ERGAN(1.0),17/04/26 11:00:00,A,PC,M,Y15-74,TOTAL,CY,2007-01-01,74.7,,
ESTAT:LFSA_ERGAN(1.0),17/04/26 11:00:00,A,PC,M,Y15-74,TOTAL,CZ,2007-01-01,69.1,,
ESTAT:LFSA_ERGAN(1.0),17/04/26 11:00:00,A,PC,M,Y15-74,TOTAL,DE,2007-01-01,65.0,,
ESTAT:LFSA_ERGAN(1.0),17/04/26 11:00:00,A,PC,M,Y15-74,TOTAL,DK,2007-01-01,73.5,,
ESTAT:LFSA_ERGAN(1.0),17/04/26 11:00:00,A,PC,M,Y15-74,TOTAL,EA21,2007-01-01,65.2,,
ESTAT:LFSA_ERGAN(1.0),17/04/26 11:00:00,A,PC,M,Y15-74,TOTAL,EE,2007-01-01,68.1,,
ESTAT:LFSA_ERGAN(1.0),17/04/26 11:00:00,A,PC,M,Y15-74,TOTAL,EL,2007-01-01,66.3,,
ESTAT:LFSA_ERGAN(1.0),17/04/26 11:00:00,A,PC,M,Y15-74,TOTAL,ES,2007-01-01,69.2,,
ESTAT:LFSA_ERGAN(1.0),17/04/26 11:00:00,A,PC,M,Y15-74,TOTAL,EU27_2020,2007-01-01,64.6,,
ESTAT:LFSA_ERGAN(1.0),17/04/26 11:00:00,A,PC,M,Y15-74,TOTAL,FI,2007-01-01,65.4,b,
ESTAT:LFSA_ERGAN(1.0),17/04/26 11:00:00,A,PC,M,Y15-74,TOTAL,FR,2007-01-01,62.5,,
ESTAT:LFSA_ERGAN(1.0),17/04/26 11:00:00,A,PC,M,Y15-74,TOTAL,HR,2007-01-01,59.6,b,
ESTAT:LFSA_ERGAN(1.0),17/04/26 11:00:00,A,PC,M,Y15-74,TOTAL,HU,2007-01-01,57.8,,
ESTAT:LFSA_ERGAN(1.0),17/04/26 11:00:00,A,PC,M,Y15-74,TOTAL,IE,2007-01-01,75.8,b,
ESTAT:LFSA_ERGAN(1.0),17/04/26 11:00:00,A,PC,M,Y15-74,TOTAL,IS,2007-01-01,85.3,,
ESTAT:LFSA_ERGAN(1.0),17/04/26 11:00:00,A,PC,M,Y15-74,TOTAL,IT,2007-01-01,62.6,,
ESTAT:LFSA_ERGAN(1.0),17/04/26 11:00:00,A,PC,M,Y15-74,TOTAL,LT,2007-01-01,62.6,,
ESTAT:LFSA_ERGAN(1.0),17/04/26 11:00:00,A,PC,M,Y15-74,TOTAL,LU,2007-01-01,63.9,b,
ESTAT:LFSA_ERGAN(1.0),17/04/26 11:00:00,A,PC,M,Y15-74,TOTAL,LV,2007-01-01,67.8,,
ESTAT:LFSA_ERGAN(1.0),17/04/26 11:00:00,A,PC,M,Y15-74,TOTAL,MK,2007-01-01,45.1,,
ESTAT:LFSA_ERGAN(1.0),17/04/26 11:00:00,A,PC,M,Y15-74,TOTAL,MT,2007-01-01,67.2,,
ESTAT:LFSA_ERGAN(1.0),17/04/26 11:00:00,A,PC,M,Y15-74,TOTAL,NL,2007-01-01,73.6,,
ESTAT:LFSA_ERGAN(1.0),17/04/26 11:00:00,A,PC,M,Y15-74,TOTAL,NO,2007-01-01,73.9,,
ESTAT:LFSA_ERGAN(1.0),17/04/26 11:00:00,A,PC,M,Y15-74,TOTAL,PL,2007-01-01,59.1,,
ESTAT:LFSA_ERGAN(1.0),17/04/26 11:00:00,A,PC,M,Y15-74,TOTAL,PT,2007-01-01,68.6,,
ESTAT:LFSA_ERGAN(1.0),17/04/26 11:00:00,A,PC,M,Y15-74,TOTAL,RO,2007-01-01,61.4,,
ESTAT:LFSA_ERGAN(1.0),17/04/26 11:00:00,A,PC,M,Y15-74,TOTAL,SE,2007-01-01,69.6,,
ESTAT:LFSA_ERGAN(1.0),17/04/26 11:00:00,A,PC,M,Y15-74,TOTAL,SI,2007-01-01,66.7,,
ESTAT:LFSA_ERGAN(1.0),17/04/26 11:00:00,A,PC,M,Y15-74,TOTAL,SK,2007-01-01,63.7,,
ESTAT:LFSA_ERGAN(1.0),17/04/26 11:00:00,A,PC,M,Y15-74,TOTAL,TR,2007-01-01,64.3,,
ESTAT:LFSA_ERGAN(1.0),17/04/26 11:00:00,A,PC,M,Y15-74,TOTAL,UK,2007-01-01,70.9,b,
ESTAT:LFSA_ERGAN(1.0),17/04/26 11:00:00,A,PC,M,Y20-64,TOTAL,AT,2007-01-01,79.5,b,
ESTAT:LFSA_ERGAN(1.0),17/04/26 11:00:00,A,PC,M,Y20-64,TOTAL,BE,2007-01-01,75.0,,
ESTAT:LFSA_ERGAN(1.0),17/04/26 11:00:00,A,PC,M,Y20-64,TOTAL,BG,2007-01-01,73.4,,
ESTAT:LFSA_ERGAN(1.0),17/04/26 11:00:00,A,PC,M,Y20-64,TOTAL,CH,2007-01-01,88.7,,
ESTAT:LFSA_ERGAN(1.0),17/04/26 11:00:00,A,PC,M,Y20-64,TOTAL,CY,2007-01-01,86.4,,
ESTAT:LFSA_ERGAN(1.0),17/04/26 11:00:00,A,PC,M,Y20-64,TOTAL,CZ,2007-01-01,81.5,,
ESTAT:LFSA_ERGAN(1.0),17/04/26 11:00:00,A,PC,M,Y20-64,TOTAL,DE,2007-01-01,79.1,,
ESTAT:LFSA_ERGAN(1.0),17/04/26 11:00:00,A,PC,M,Y20-64,TOTAL,DK,2007-01-01,83.2,,
ESTAT:LFSA_ERGAN(1.0),17/04/26 11:00:00,A,PC,M,Y20-64,TOTAL,EA21,2007-01-01,77.9,,
ESTAT:LFSA_ERGAN(1.0),17/04/26 11:00:00,A,PC,M,Y20-64,TOTAL,EE,2007-01-01,81.4,,
ESTAT:LFSA_ERGAN(1.0),17/04/26 11:00:00,A,PC,M,Y20-64,TOTAL,EL,2007-01-01,80.1,,
ESTAT:LFSA_ERGAN(1.0),17/04/26 11:00:00,A,PC,M,Y20-64,TOTAL,ES,2007-01-01,80.6,,
ESTAT:LFSA_ERGAN(1.0),17/04/26 11:00:00,A,PC,M,Y20-64,TOTAL,EU27_2020,2007-01-01,77.0,,
ESTAT:LFSA_ERGAN(1.0),17/04/26 11:00:00,A,PC,M,Y20-64,TOTAL,FI,2007-01-01,77.2,b,
ESTAT:LFSA_ERGAN(1.0),17/04/26 11:00:00,A,PC,M,Y20-64,TOTAL,FR,2007-01-01,75.1,,
ESTAT:LFSA_ERGAN(1.0),17/04/26 11:00:00,A,PC,M,Y20-64,TOTAL,HR,2007-01-01,72.3,b,
ESTAT:LFSA_ERGAN(1.0),17/04/26 11:00:00,A,PC,M,Y20-64,TOTAL,HU,2007-01-01,69.8,,
ESTAT:LFSA_ERGAN(1.0),17/04/26 11:00:00,A,PC,M,Y20-64,TOTAL,IE,2007-01-01,84.2,b,
ESTAT:LFSA_ERGAN(1.0),17/04/26 11:00:00,A,PC,M,Y20-64,TOTAL,IS,2007-01-01,91.5,,
ESTAT:LFSA_ERGAN(1.0),17/04/26 11:00:00,A,PC,M,Y20-64,TOTAL,IT,2007-01-01,75.7,,
ESTAT:LFSA_ERGAN(1.0),17/04/26 11:00:00,A,PC,M,Y20-64,TOTAL,LT,2007-01-01,76.6,,
ESTAT:LFSA_ERGAN(1.0),17/04/26 11:00:00,A,PC,M,Y20-64,TOTAL,LU,2007-01-01,78.3,b,
ESTAT:LFSA_ERGAN(1.0),17/04/26 11:00:00,A,PC,M,Y20-64,TOTAL,LV,2007-01-01,80.5,,
ESTAT:LFSA_ERGAN(1.0),17/04/26 11:00:00,A,PC,M,Y20-64,TOTAL,MK,2007-01-01,54.0,,
ESTAT:LFSA_ERGAN(1.0),17/04/26 11:00:00,A,PC,M,Y20-64,TOTAL,MT,2007-01-01,79.0,,
ESTAT:LFSA_ERGAN(1.0),17/04/26 11:00:00,A,PC,M,Y20-64,TOTAL,NL,2007-01-01,83.2,,
ESTAT:LFSA_ERGAN(1.0),17/04/26 11:00:00,A,PC,M,Y20-64,TOTAL,NO,2007-01-01,84.3,,
ESTAT:LFSA_ERGAN(1.0),17/04/26 11:00:00,A,PC,M,Y20-64,TOTAL,PL,2007-01-01,70.2,,
ESTAT:LFSA_ERGAN(1.0),17/04/26 11:00:00,A,PC,M,Y20-64,TOTAL,PT,2007-01-01,79.1,,
ESTAT:LFSA_ERGAN(1.0),17/04/26 11:00:00,A,PC,M,Y20-64,TOTAL,RO,2007-01-01,71.0,,
ESTAT:LFSA_ERGAN(1.0),17/04/26 11:00:00,A,PC,M,Y20-64,TOTAL,SE,2007-01-01,83.1,,
ESTAT:LFSA_ERGAN(1.0),17/04/26 11:00:00,A,PC,M,Y20-64,TOTAL,SI,2007-01-01,77.5,,
ESTAT:LFSA_ERGAN(1.0),17/04/26 11:00:00,A,PC,M,Y20-64,TOTAL,SK,2007-01-01,76.0,,
ESTAT:LFSA_ERGAN(1.0),17/04/26 11:00:00,A,PC,M,Y20-64,TOTAL,TR,2007-01-01,73.0,,
ESTAT:LFSA_ERGAN(1.0),17/04/26 11:00:00,A,PC,M,Y20-64,TOTAL,UK,2007-01-01,82.2,b,
ESTAT:LFSA_ERGAN(1.0),17/04/26 11:00:00,A,PC,T,Y15-64,TOTAL,AT,2007-01-01,69.9,b,
ESTAT:LFSA_ERGAN(1.0),17/04/26 11:00:00,A,PC,T,Y15-64,TOTAL,BE,2007-01-01,62.0,,
ESTAT:LFSA_ERGAN(1.0),17/04/26 11:00:00,A,PC,T,Y15-64,TOTAL,BG,2007-01-01,61.7,,
ESTAT:LFSA_ERGAN(1.0),17/04/26 11:00:00,A,PC,T,Y15-64,TOTAL,CH,2007-01-01,78.6,,
ESTAT:LFSA_ERGAN(1.0),17/04/26 11:00:00,A,PC,T,Y15-64,TOTAL,CY,2007-01-01,71.0,,
ESTAT:LFSA_ERGAN(1.0),17/04/26 11:00:00,A,PC,T,Y15-64,TOTAL,CZ,2007-01-01,66.1,,
ESTAT:LFSA_ERGAN(1.0),17/04/26 11:00:00,A,PC,T,Y15-64,TOTAL,DE,2007-01-01,69.0,,
ESTAT:LFSA_ERGAN(1.0),17/04/26 11:00:00,A,PC,T,Y15-64,TOTAL,DK,2007-01-01,77.0,,
ESTAT:LFSA_ERGAN(1.0),17/04/26 11:00:00,A,PC,T,Y15-64,TOTAL,EA21,2007-01-01,65.2,,
ESTAT:LFSA_ERGAN(1.0),17/04/26 11:00:00,A,PC,T,Y15-64,TOTAL,EE,2007-01-01,69.8,,
ESTAT:LFSA_ERGAN(1.0),17/04/26 11:00:00,A,PC,T,Y15-64,TOTAL,EL,2007-01-01,60.9,,
ESTAT:LFSA_ERGAN(1.0),17/04/26 11:00:00,A,PC,T,Y15-64,TOTAL,ES,2007-01-01,65.8,,
ESTAT:LFSA_ERGAN(1.0),17/04/26 11:00:00,A,PC,T,Y15-64,TOTAL,EU27_2020,2007-01-01,64.3,,
ESTAT:LFSA_ERGAN(1.0),17/04/26 11:00:00,A,PC,T,Y15-64,TOTAL,FI,2007-01-01,70.3,b,
ESTAT:LFSA_ERGAN(1.0),17/04/26 11:00:00,A,PC,T,Y15-64,TOTAL,FR,2007-01-01,64.3,,
ESTAT:LFSA_ERGAN(1.0),17/04/26 11:00:00,A,PC,T,Y15-64,TOTAL,HR,2007-01-01,59.3,b,
ESTAT:LFSA_ERGAN(1.0),17/04/26 11:00:00,A,PC,T,Y15-64,TOTAL,HU,2007-01-01,57.0,,
ESTAT:LFSA_ERGAN(1.0),17/04/26 11:00:00,A,PC,T,Y15-64,TOTAL,IE,2007-01-01,71.7,b,
ESTAT:LFSA_ERGAN(1.0),17/04/26 11:00:00,A,PC,T,Y15-64,TOTAL,IS,2007-01-01,85.1,,
ESTAT:LFSA_ERGAN(1.0),17/04/26 11:00:00,A,PC,T,Y15-64,TOTAL,IT,2007-01-01,58.6,,
ESTAT:LFSA_ERGAN(1.0),17/04/26 11:00:00,A,PC,T,Y15-64,TOTAL,LT,2007-01-01,65.0,,
ESTAT:LFSA_ERGAN(1.0),17/04/26 11:00:00,A,PC,T,Y15-64,TOTAL,LU,2007-01-01,64.2,b,
ESTAT:LFSA_ERGAN(1.0),17/04/26 11:00:00,A,PC,T,Y15-64,TOTAL,LV,2007-01-01,68.1,,
ESTAT:LFSA_ERGAN(1.0),17/04/26 11:00:00,A,PC,T,Y15-64,TOTAL,MK,2007-01-01,40.7,,
ESTAT:LFSA_ERGAN(1.0),17/04/26 11:00:00,A,PC,T,Y15-64,TOTAL,MT,2007-01-01,55.0,,
ESTAT:LFSA_ERGAN(1.0),17/04/26 11:00:00,A,PC,T,Y15-64,TOTAL,NL,2007-01-01,73.5,,
ESTAT:LFSA_ERGAN(1.0),17/04/26 11:00:00,A,PC,T,Y15-64,TOTAL,NO,2007-01-01,76.8,,
ESTAT:LFSA_ERGAN(1.0),17/04/26 11:00:00,A,PC,T,Y15-64,TOTAL,PL,2007-01-01,57.0,,
ESTAT:LFSA_ERGAN(1.0),17/04/26 11:00:00,A,PC,T,Y15-64,TOTAL,PT,2007-01-01,67.6,,
ESTAT:LFSA_ERGAN(1.0),17/04/26 11:00:00,A,PC,T,Y15-64,TOTAL,RO,2007-01-01,58.8,,
ESTAT:LFSA_ERGAN(1.0),17/04/26 11:00:00,A,PC,T,Y15-64,TOTAL,SE,2007-01-01,74.2,,
ESTAT:LFSA_ERGAN(1.0),17/04/26 11:00:00,A,PC,T,Y15-64,TOTAL,SI,2007-01-01,67.8,,
ESTAT:LFSA_ERGAN(1.0),17/04/26 11:00:00,A,PC,T,Y15-64,TOTAL,SK,2007-01-01,60.7,,
ESTAT:LFSA_ERGAN(1.0),17/04/26 11:00:00,A,PC,T,Y15-64,TOTAL,TR,2007-01-01,44.6,,
ESTAT:LFSA_ERGAN(1.0),17/04/26 11:00:00,A,PC,T,Y15-64,TOTAL,UK,2007-01-01,71.5,b,
ESTAT:LFSA_ERGAN(1.0),17/04/26 11:00:00,A,PC,T,Y15-74,TOTAL,AT,2007-01-01,62.3,b,
ESTAT:LFSA_ERGAN(1.0),17/04/26 11:00:00,A,PC,T,Y15-74,TOTAL,BE,2007-01-01,55.1,,
ESTAT:LFSA_ERGAN(1.0),17/04/26 11:00:00,A,PC,T,Y15-74,TOTAL,BG,2007-01-01,53.9,,
ESTAT:LFSA_ERGAN(1.0),17/04/26 11:00:00,A,PC,T,Y15-74,TOTAL,CH,2007-01-01,71.5,,
ESTAT:LFSA_ERGAN(1.0),17/04/26 11:00:00,A,PC,T,Y15-74,TOTAL,CY,2007-01-01,65.5,,
ESTAT:LFSA_ERGAN(1.0),17/04/26 11:00:00,A,PC,T,Y15-74,TOTAL,CZ,2007-01-01,60.0,,
ESTAT:LFSA_ERGAN(1.0),17/04/26 11:00:00,A,PC,T,Y15-74,TOTAL,DE,2007-01-01,59.3,,
ESTAT:LFSA_ERGAN(1.0),17/04/26 11:00:00,A,PC,T,Y15-74,TOTAL,DK,2007-01-01,69.3,,
ESTAT:LFSA_ERGAN(1.0),17/04/26 11:00:00,A,PC,T,Y15-74,TOTAL,EA21,2007-01-01,57.7,,
ESTAT:LFSA_ERGAN(1.0),17/04/26 11:00:00,A,PC,T,Y15-74,TOTAL,EE,2007-01-01,63.1,,
ESTAT:LFSA_ERGAN(1.0),17/04/26 11:00:00,A,PC,T,Y15-74,TOTAL,EL,2007-01-01,53.7,,
ESTAT:LFSA_ERGAN(1.0),17/04/26 11:00:00,A,PC,T,Y15-74,TOTAL,ES,2007-01-01,59.2,,
ESTAT:LFSA_ERGAN(1.0),17/04/26 11:00:00,A,PC,T,Y15-74,TOTAL,EU27_2020,2007-01-01,57.3,,
ESTAT:LFSA_ERGAN(1.0),17/04/26 11:00:00,A,PC,T,Y15-74,TOTAL,FI,2007-01-01,62.9,b,
ESTAT:LFSA_ERGAN(1.0),17/04/26 11:00:00,A,PC,T,Y15-74,TOTAL,FR,2007-01-01,57.6,,
ESTAT:LFSA_ERGAN(1.0),17/04/26 11:00:00,A,PC,T,Y15-74,TOTAL,HR,2007-01-01,52.2,b,
ESTAT:LFSA_ERGAN(1.0),17/04/26 11:00:00,A,PC,T,Y15-74,TOTAL,HU,2007-01-01,50.7,,
ESTAT:LFSA_ERGAN(1.0),17/04/26 11:00:00,A,PC,T,Y15-74,TOTAL,IE,2007-01-01,67.1,b,
ESTAT:LFSA_ERGAN(1.0),17/04/26 11:00:00,A,PC,T,Y15-74,TOTAL,IS,2007-01-01,80.8,,
ESTAT:LFSA_ERGAN(1.0),17/04/26 11:00:00,A,PC,T,Y15-74,TOTAL,IT,2007-01-01,51.2,,
ESTAT:LFSA_ERGAN(1.0),17/04/26 11:00:00,A,PC,T,Y15-74,TOTAL,LT,2007-01-01,57.9,,
ESTAT:LFSA_ERGAN(1.0),17/04/26 11:00:00,A,PC,T,Y15-74,TOTAL,LU,2007-01-01,57.4,b,
ESTAT:LFSA_ERGAN(1.0),17/04/26 11:00:00,A,PC,T,Y15-74,TOTAL,LV,2007-01-01,61.6,,
ESTAT:LFSA_ERGAN(1.0),17/04/26 11:00:00,A,PC,T,Y15-74,TOTAL,MK,2007-01-01,37.2,,
ESTAT:LFSA_ERGAN(1.0),17/04/26 11:00:00,A,PC,T,Y15-74,TOTAL,MT,2007-01-01,49.7,,
ESTAT:LFSA_ERGAN(1.0),17/04/26 11:00:00,A,PC,T,Y15-74,TOTAL,NL,2007-01-01,66.6,,
ESTAT:LFSA_ERGAN(1.0),17/04/26 11:00:00,A,PC,T,Y15-74,TOTAL,NO,2007-01-01,70.8,,
ESTAT:LFSA_ERGAN(1.0),17/04/26 11:00:00,A,PC,T,Y15-74,TOTAL,PL,2007-01-01,52.0,,
ESTAT:LFSA_ERGAN(1.0),17/04/26 11:00:00,A,PC,T,Y15-74,TOTAL,PT,2007-01-01,62.1,,
ESTAT:LFSA_ERGAN(1.0),17/04/26 11:00:00,A,PC,T,Y15-74,TOTAL,RO,2007-01-01,55.1,,
ESTAT:LFSA_ERGAN(1.0),17/04/26 11:00:00,A,PC,T,Y15-74,TOTAL,SE,2007-01-01,66.8,,
ESTAT:LFSA_ERGAN(1.0),17/04/26 11:00:00,A,PC,T,Y15-74,TOTAL,SI,2007-01-01,61.1,,
ESTAT:LFSA_ERGAN(1.0),17/04/26 11:00:00,A,PC,T,Y15-74,TOTAL,SK,2007-01-01,55.6,,
ESTAT:LFSA_ERGAN(1.0),17/04/26 11:00:00,A,PC,T,Y15-74,TOTAL,TR,2007-01-01,42.7,,
ESTAT:LFSA_ERGAN(1.0),17/04/26 11:00:00,A,PC,T,Y15-74,TOTAL,UK,2007-01-01,64.8,b,
ESTAT:LFSA_ERGAN(1.0),17/04/26 11:00:00,A,PC,T,Y20-64,TOTAL,AT,2007-01-01,72.8,b,
ESTAT:LFSA_ERGAN(1.0),17/04/26 11:00:00,A,PC,T,Y20-64,TOTAL,BE,2007-01-01,67.7,,
ESTAT:LFSA_ERGAN(1.0),17/04/26 11:00:00,A,PC,T,Y20-64,TOTAL,BG,2007-01-01,68.4,,
ESTAT:LFSA_ERGAN(1.0),17/04/26 11:00:00,A,PC,T,Y20-64,TOTAL,CH,2007-01-01,81.3,,
ESTAT:LFSA_ERGAN(1.0),17/04/26 11:00:00,A,PC,T,Y20-64,TOTAL,CY,2007-01-01,76.8,,
ESTAT:LFSA_ERGAN(1.0),17/04/26 11:00:00,A,PC,T,Y20-64,TOTAL,CZ,2007-01-01,72.0,,
ESTAT:LFSA_ERGAN(1.0),17/04/26 11:00:00,A,PC,T,Y20-64,TOTAL,DE,2007-01-01,72.9,,
ESTAT:LFSA_ERGAN(1.0),17/04/26 11:00:00,A,PC,T,Y20-64,TOTAL,DK,2007-01-01,79.0,,
ESTAT:LFSA_ERGAN(1.0),17/04/26 11:00:00,A,PC,T,Y20-64,TOTAL,EA21,2007-01-01,69.7,,
ESTAT:LFSA_ERGAN(1.0),17/04/26 11:00:00,A,PC,T,Y20-64,TOTAL,EE,2007-01-01,76.9,,
ESTAT:LFSA_ERGAN(1.0),17/04/26 11:00:00,A,PC,T,Y20-64,TOTAL,EL,2007-01-01,65.8,,
ESTAT:LFSA_ERGAN(1.0),17/04/26 11:00:00,A,PC,T,Y20-64,TOTAL,ES,2007-01-01,69.7,,
ESTAT:LFSA_ERGAN(1.0),17/04/26 11:00:00,A,PC,T,Y20-64,TOTAL,EU27_2020,2007-01-01,69.0,,
ESTAT:LFSA_ERGAN(1.0),17/04/26 11:00:00,A,PC,T,Y20-64,TOTAL,FI,2007-01-01,74.8,b,
ESTAT:LFSA_ERGAN(1.0),17/04/26 11:00:00,A,PC,T,Y20-64,TOTAL,FR,2007-01-01,69.9,,
ESTAT:LFSA_ERGAN(1.0),17/04/26 11:00:00,A,PC,T,Y20-64,TOTAL,HR,2007-01-01,64.2,b,
ESTAT:LFSA_ERGAN(1.0),17/04/26 11:00:00,A,PC,T,Y20-64,TOTAL,HU,2007-01-01,62.3,,
ESTAT:LFSA_ERGAN(1.0),17/04/26 11:00:00,A,PC,T,Y20-64,TOTAL,IE,2007-01-01,75.1,b,
ESTAT:LFSA_ERGAN(1.0),17/04/26 11:00:00,A,PC,T,Y20-64,TOTAL,IS,2007-01-01,86.7,,
ESTAT:LFSA_ERGAN(1.0),17/04/26 11:00:00,A,PC,T,Y20-64,TOTAL,IT,2007-01-01,62.7,,
ESTAT:LFSA_ERGAN(1.0),17/04/26 11:00:00,A,PC,T,Y20-64,TOTAL,LT,2007-01-01,72.7,,
ESTAT:LFSA_ERGAN(1.0),17/04/26 11:00:00,A,PC,T,Y20-64,TOTAL,LU,2007-01-01,69.6,b,
ESTAT:LFSA_ERGAN(1.0),17/04/26 11:00:00,A,PC,T,Y20-64,TOTAL,LV,2007-01-01,75.2,,
ESTAT:LFSA_ERGAN(1.0),17/04/26 11:00:00,A,PC,T,Y20-64,TOTAL,MK,2007-01-01,45.0,,
ESTAT:LFSA_ERGAN(1.0),17/04/26 11:00:00,A,PC,T,Y20-64,TOTAL,MT,2007-01-01,58.6,,
ESTAT:LFSA_ERGAN(1.0),17/04/26 11:00:00,A,PC,T,Y20-64,TOTAL,NL,2007-01-01,75.5,,
ESTAT:LFSA_ERGAN(1.0),17/04/26 11:00:00,A,PC,T,Y20-64,TOTAL,NO,2007-01-01,80.9,,
ESTAT:LFSA_ERGAN(1.0),17/04/26 11:00:00,A,PC,T,Y20-64,TOTAL,PL,2007-01-01,62.7,,
ESTAT:LFSA_ERGAN(1.0),17/04/26 11:00:00,A,PC,T,Y20-64,TOTAL,PT,2007-01-01,72.5,,
ESTAT:LFSA_ERGAN(1.0),17/04/26 11:00:00,A,PC,T,Y20-64,TOTAL,RO,2007-01-01,64.4,,
ESTAT:LFSA_ERGAN(1.0),17/04/26 11:00:00,A,PC,T,Y20-64,TOTAL,SE,2007-01-01,80.1,,
ESTAT:LFSA_ERGAN(1.0),17/04/26 11:00:00,A,PC,T,Y20-64,TOTAL,SI,2007-01-01,72.4,,
ESTAT:LFSA_ERGAN(1.0),17/04/26 11:00:00,A,PC,T,Y20-64,TOTAL,SK,2007-01-01,67.2,,
ESTAT:LFSA_ERGAN(1.0),17/04/26 11:00:00,A,PC,T,Y20-64,TOTAL,TR,2007-01-01,48.2,,
ESTAT:LFSA_ERGAN(1.0),17/04/26 11:00:00,A,PC,T,Y20-64,TOTAL,UK,2007-01-01,75.2,b,
ESTAT:LFSA_ERGAN(1.0),17/04/26 11:00:00,A,PC,F,Y15-64,TOTAL,AT,2008-01-01,64.8,,
ESTAT:LFSA_ERGAN(1.0),17/04/26 11:00:00,A,PC,F,Y15-64,TOTAL,BE,2008-01-01,56.2,,
ESTAT:LFSA_ERGAN(1.0),17/04/26 11:00:00,A,PC,F,Y15-64,TOTAL,BG,2008-01-01,59.5,b,
ESTAT:LFSA_ERGAN(1.0),17/04/26 11:00:00,A,PC,F,Y15-64,TOTAL,CH,2008-01-01,73.5,,
ESTAT:LFSA_ERGAN(1.0),17/04/26 11:00:00,A,PC,F,Y15-64,TOTAL,CY,2008-01-01,62.9,,
ESTAT:LFSA_ERGAN(1.0),17/04/26 11:00:00,A,PC,F,Y15-64,TOTAL,CZ,2008-01-01,57.6,,
ESTAT:LFSA_ERGAN(1.0),17/04/26 11:00:00,A,PC,F,Y15-64,TOTAL,DE,2008-01-01,64.3,,
ESTAT:LFSA_ERGAN(1.0),17/04/26 11:00:00,A,PC,F,Y15-64,TOTAL,DK,2008-01-01,72.4,b,
ESTAT:LFSA_ERGAN(1.0),17/04/26 11:00:00,A,PC,F,Y15-64,TOTAL,EA21,2008-01-01,58.4,,
ESTAT:LFSA_ERGAN(1.0),17/04/26 11:00:00,A,PC,F,Y15-64,TOTAL,EE,2008-01-01,66.6,,
ESTAT:LFSA_ERGAN(1.0),17/04/26 11:00:00,A,PC,F,Y15-64,TOTAL,EL,2008-01-01,48.6,,
ESTAT:LFSA_ERGAN(1.0),17/04/26 11:00:00,A,PC,F,Y15-64,TOTAL,ES,2008-01-01,55.4,,
ESTAT:LFSA_ERGAN(1.0),17/04/26 11:00:00,A,PC,F,Y15-64,TOTAL,EU27_2020,2008-01-01,57.8,,
ESTAT:LFSA_ERGAN(1.0),17/04/26 11:00:00,A,PC,F,Y15-64,TOTAL,FI,2008-01-01,69.0,b,
ESTAT:LFSA_ERGAN(1.0),17/04/26 11:00:00,A,PC,F,Y15-64,TOTAL,FR,2008-01-01,60.3,,
ESTAT:LFSA_ERGAN(1.0),17/04/26 11:00:00,A,PC,F,Y15-64,TOTAL,HR,2008-01-01,53.0,,
ESTAT:LFSA_ERGAN(1.0),17/04/26 11:00:00,A,PC,F,Y15-64,TOTAL,HU,2008-01-01,50.3,,
ESTAT:LFSA_ERGAN(1.0),17/04/26 11:00:00,A,PC,F,Y15-64,TOTAL,IE,2008-01-01,62.2,,
ESTAT:LFSA_ERGAN(1.0),17/04/26 11:00:00,A,PC,F,Y15-64,TOTAL,IS,2008-01-01,79.6,,
ESTAT:LFSA_ERGAN(1.0),17/04/26 11:00:00,A,PC,F,Y15-64,TOTAL,IT,2008-01-01,47.2,,
ESTAT:LFSA_ERGAN(1.0),17/04/26 11:00:00,A,PC,F,Y15-64,TOTAL,LT,2008-01-01,61.8,,
ESTAT:LFSA_ERGAN(1.0),17/04/26 11:00:00,A,PC,F,Y15-64,TOTAL,LU,2008-01-01,55.1,,
ESTAT:LFSA_ERGAN(1.0),17/04/26 11:00:00,A,PC,F,Y15-64,TOTAL,LV,2008-01-01,65.2,,
ESTAT:LFSA_ERGAN(1.0),17/04/26 11:00:00,A,PC,F,Y15-64,TOTAL,MK,2008-01-01,32.9,,
ESTAT:LFSA_ERGAN(1.0),17/04/26 11:00:00,A,PC,F,Y15-64,TOTAL,MT,2008-01-01,37.7,,
ESTAT:LFSA_ERGAN(1.0),17/04/26 11:00:00,A,PC,F,Y15-64,TOTAL,NL,2008-01-01,68.1,,
ESTAT:LFSA_ERGAN(1.0),17/04/26 11:00:00,A,PC,F,Y15-64,TOTAL,NO,2008-01-01,75.4,,
ESTAT:LFSA_ERGAN(1.0),17/04/26 11:00:00,A,PC,F,Y15-64,TOTAL,PL,2008-01-01,52.4,,
ESTAT:LFSA_ERGAN(1.0),17/04/26 11:00:00,A,PC,F,Y15-64,TOTAL,PT,2008-01-01,62.5,,
ESTAT:LFSA_ERGAN(1.0),17/04/26 11:00:00,A,PC,F,Y15-64,TOTAL,RO,2008-01-01,52.5,,
ESTAT:LFSA_ERGAN(1.0),17/04/26 11:00:00,A,PC,F,Y15-64,TOTAL,SE,2008-01-01,71.8,,
ESTAT:LFSA_ERGAN(1.0),17/04/26 11:00:00,A,PC,F,Y15-64,TOTAL,SI,2008-01-01,64.2,,
ESTAT:LFSA_ERGAN(1.0),17/04/26 11:00:00,A,PC,F,Y15-64,TOTAL,SK,2008-01-01,54.6,,
ESTAT:LFSA_ERGAN(1.0),17/04/26 11:00:00,A,PC,F,Y15-64,TOTAL,TR,2008-01-01,23.5,,
ESTAT:LFSA_ERGAN(1.0),17/04/26 11:00:00,A,PC,F,Y15-64,TOTAL,UK,2008-01-01,65.7,b,
ESTAT:LFSA_ERGAN(1.0),17/04/26 11:00:00,A,PC,F,Y15-74,TOTAL,AT,2008-01-01,57.1,,
ESTAT:LFSA_ERGAN(1.0),17/04/26 11:00:00,A,PC,F,Y15-74,TOTAL,BE,2008-01-01,49.5,,
ESTAT:LFSA_ERGAN(1.0),17/04/26 11:00:00,A,PC,F,Y15-74,TOTAL,BG,2008-01-01,51.1,b,
ESTAT:LFSA_ERGAN(1.0),17/04/26 11:00:00,A,PC,F,Y15-74,TOTAL,CH,2008-01-01,65.7,,
ESTAT:LFSA_ERGAN(1.0),17/04/26 11:00:00,A,PC,F,Y15-74,TOTAL,CY,2008-01-01,57.2,,
ESTAT:LFSA_ERGAN(1.0),17/04/26 11:00:00,A,PC,F,Y15-74,TOTAL,CZ,2008-01-01,51.3,,
ESTAT:LFSA_ERGAN(1.0),17/04/26 11:00:00,A,PC,F,Y15-74,TOTAL,DE,2008-01-01,54.5,,
ESTAT:LFSA_ERGAN(1.0),17/04/26 11:00:00,A,PC,F,Y15-74,TOTAL,DK,2008-01-01,64.2,b,
ESTAT:LFSA_ERGAN(1.0),17/04/26 11:00:00,A,PC,F,Y15-74,TOTAL,EA21,2008-01-01,51.0,,
ESTAT:LFSA_ERGAN(1.0),17/04/26 11:00:00,A,PC,F,Y15-74,TOTAL,EE,2008-01-01,58.8,,
ESTAT:LFSA_ERGAN(1.0),17/04/26 11:00:00,A,PC,F,Y15-74,TOTAL,EL,2008-01-01,42.4,,
ESTAT:LFSA_ERGAN(1.0),17/04/26 11:00:00,A,PC,F,Y15-74,TOTAL,ES,2008-01-01,49.3,,
ESTAT:LFSA_ERGAN(1.0),17/04/26 11:00:00,A,PC,F,Y15-74,TOTAL,EU27_2020,2008-01-01,50.8,,
ESTAT:LFSA_ERGAN(1.0),17/04/26 11:00:00,A,PC,F,Y15-74,TOTAL,FI,2008-01-01,60.8,b,
ESTAT:LFSA_ERGAN(1.0),17/04/26 11:00:00,A,PC,F,Y15-74,TOTAL,FR,2008-01-01,53.6,,
ESTAT:LFSA_ERGAN(1.0),17/04/26 11:00:00,A,PC,F,Y15-74,TOTAL,HR,2008-01-01,46.2,,
ESTAT:LFSA_ERGAN(1.0),17/04/26 11:00:00,A,PC,F,Y15-74,TOTAL,HU,2008-01-01,43.8,,
ESTAT:LFSA_ERGAN(1.0),17/04/26 11:00:00,A,PC,F,Y15-74,TOTAL,IE,2008-01-01,57.6,,
ESTAT:LFSA_ERGAN(1.0),17/04/26 11:00:00,A,PC,F,Y15-74,TOTAL,IS,2008-01-01,75.0,,
ESTAT:LFSA_ERGAN(1.0),17/04/26 11:00:00,A,PC,F,Y15-74,TOTAL,IT,2008-01-01,40.7,,
ESTAT:LFSA_ERGAN(1.0),17/04/26 11:00:00,A,PC,F,Y15-74,TOTAL,LT,2008-01-01,53.6,,
ESTAT:LFSA_ERGAN(1.0),17/04/26 11:00:00,A,PC,F,Y15-74,TOTAL,LU,2008-01-01,48.7,,
ESTAT:LFSA_ERGAN(1.0),17/04/26 11:00:00,A,PC,F,Y15-74,TOTAL,LV,2008-01-01,57.5,,
ESTAT:LFSA_ERGAN(1.0),17/04/26 11:00:00,A,PC,F,Y15-74,TOTAL,MK,2008-01-01,29.8,,
ESTAT:LFSA_ERGAN(1.0),17/04/26 11:00:00,A,PC,F,Y15-74,TOTAL,MT,2008-01-01,33.7,,
ESTAT:LFSA_ERGAN(1.0),17/04/26 11:00:00,A,PC,F,Y15-74,TOTAL,NL,2008-01-01,61.2,,
ESTAT:LFSA_ERGAN(1.0),17/04/26 11:00:00,A,PC,F,Y15-74,TOTAL,NO,2008-01-01,68.9,,
ESTAT:LFSA_ERGAN(1.0),17/04/26 11:00:00,A,PC,F,Y15-74,TOTAL,PL,2008-01-01,47.1,,
ESTAT:LFSA_ERGAN(1.0),17/04/26 11:00:00,A,PC,F,Y15-74,TOTAL,PT,2008-01-01,56.6,,
ESTAT:LFSA_ERGAN(1.0),17/04/26 11:00:00,A,PC,F,Y15-74,TOTAL,RO,2008-01-01,48.8,,
ESTAT:LFSA_ERGAN(1.0),17/04/26 11:00:00,A,PC,F,Y15-74,TOTAL,SE,2008-01-01,63.8,,
ESTAT:LFSA_ERGAN(1.0),17/04/26 11:00:00,A,PC,F,Y15-74,TOTAL,SI,2008-01-01,56.5,,
ESTAT:LFSA_ERGAN(1.0),17/04/26 11:00:00,A,PC,F,Y15-74,TOTAL,SK,2008-01-01,49.3,,
ESTAT:LFSA_ERGAN(1.0),17/04/26 11:00:00,A,PC,F,Y15-74,TOTAL,TR,2008-01-01,22.4,,
ESTAT:LFSA_ERGAN(1.0),17/04/26 11:00:00,A,PC,F,Y15-74,TOTAL,UK,2008-01-01,59.1,b,
ESTAT:LFSA_ERGAN(1.0),17/04/26 11:00:00,A,PC,F,Y20-64,TOTAL,AT,2008-01-01,67.6,,
ESTAT:LFSA_ERGAN(1.0),17/04/26 11:00:00,A,PC,F,Y20-64,TOTAL,BE,2008-01-01,61.3,,
ESTAT:LFSA_ERGAN(1.0),17/04/26 11:00:00,A,PC,F,Y20-64,TOTAL,BG,2008-01-01,65.4,b,
ESTAT:LFSA_ERGAN(1.0),17/04/26 11:00:00,A,PC,F,Y20-64,TOTAL,CH,2008-01-01,76.0,,
ESTAT:LFSA_ERGAN(1.0),17/04/26 11:00:00,A,PC,F,Y20-64,TOTAL,CY,2008-01-01,68.2,,
ESTAT:LFSA_ERGAN(1.0),17/04/26 11:00:00,A,PC,F,Y20-64,TOTAL,CZ,2008-01-01,62.5,,
ESTAT:LFSA_ERGAN(1.0),17/04/26 11:00:00,A,PC,F,Y20-64,TOTAL,DE,2008-01-01,67.8,,
ESTAT:LFSA_ERGAN(1.0),17/04/26 11:00:00,A,PC,F,Y20-64,TOTAL,DK,2008-01-01,74.3,b,
ESTAT:LFSA_ERGAN(1.0),17/04/26 11:00:00,A,PC,F,Y20-64,TOTAL,EA21,2008-01-01,62.3,,
ESTAT:LFSA_ERGAN(1.0),17/04/26 11:00:00,A,PC,F,Y20-64,TOTAL,EE,2008-01-01,72.9,,
ESTAT:LFSA_ERGAN(1.0),17/04/26 11:00:00,A,PC,F,Y20-64,TOTAL,EL,2008-01-01,52.6,,
ESTAT:LFSA_ERGAN(1.0),17/04/26 11:00:00,A,PC,F,Y20-64,TOTAL,ES,2008-01-01,58.9,,
ESTAT:LFSA_ERGAN(1.0),17/04/26 11:00:00,A,PC,F,Y20-64,TOTAL,EU27_2020,2008-01-01,61.9,,
ESTAT:LFSA_ERGAN(1.0),17/04/26 11:00:00,A,PC,F,Y20-64,TOTAL,FI,2008-01-01,73.1,b,
ESTAT:LFSA_ERGAN(1.0),17/04/26 11:00:00,A,PC,F,Y20-64,TOTAL,FR,2008-01-01,65.5,,
ESTAT:LFSA_ERGAN(1.0),17/04/26 11:00:00,A,PC,F,Y20-64,TOTAL,HR,2008-01-01,57.2,,
ESTAT:LFSA_ERGAN(1.0),17/04/26 11:00:00,A,PC,F,Y20-64,TOTAL,HU,2008-01-01,54.8,,
ESTAT:LFSA_ERGAN(1.0),17/04/26 11:00:00,A,PC,F,Y20-64,TOTAL,IE,2008-01-01,65.4,,
ESTAT:LFSA_ERGAN(1.0),17/04/26 11:00:00,A,PC,F,Y20-64,TOTAL,IS,2008-01-01,80.4,,
ESTAT:LFSA_ERGAN(1.0),17/04/26 11:00:00,A,PC,F,Y20-64,TOTAL,IT,2008-01-01,50.6,,
ESTAT:LFSA_ERGAN(1.0),17/04/26 11:00:00,A,PC,F,Y20-64,TOTAL,LT,2008-01-01,68.7,,
ESTAT:LFSA_ERGAN(1.0),17/04/26 11:00:00,A,PC,F,Y20-64,TOTAL,LU,2008-01-01,60.1,,
ESTAT:LFSA_ERGAN(1.0),17/04/26 11:00:00,A,PC,F,Y20-64,TOTAL,LV,2008-01-01,71.9,,
ESTAT:LFSA_ERGAN(1.0),17/04/26 11:00:00,A,PC,F,Y20-64,TOTAL,MK,2008-01-01,36.2,,
ESTAT:LFSA_ERGAN(1.0),17/04/26 11:00:00,A,PC,F,Y20-64,TOTAL,MT,2008-01-01,39.4,,
ESTAT:LFSA_ERGAN(1.0),17/04/26 11:00:00,A,PC,F,Y20-64,TOTAL,NL,2008-01-01,69.4,,
ESTAT:LFSA_ERGAN(1.0),17/04/26 11:00:00,A,PC,F,Y20-64,TOTAL,NO,2008-01-01,78.6,,
ESTAT:LFSA_ERGAN(1.0),17/04/26 11:00:00,A,PC,F,Y20-64,TOTAL,PL,2008-01-01,57.3,,
ESTAT:LFSA_ERGAN(1.0),17/04/26 11:00:00,A,PC,F,Y20-64,TOTAL,PT,2008-01-01,67.1,,
ESTAT:LFSA_ERGAN(1.0),17/04/26 11:00:00,A,PC,F,Y20-64,TOTAL,RO,2008-01-01,57.3,,
ESTAT:LFSA_ERGAN(1.0),17/04/26 11:00:00,A,PC,F,Y20-64,TOTAL,SE,2008-01-01,77.2,,
ESTAT:LFSA_ERGAN(1.0),17/04/26 11:00:00,A,PC,F,Y20-64,TOTAL,SI,2008-01-01,68.5,,
ESTAT:LFSA_ERGAN(1.0),17/04/26 11:00:00,A,PC,F,Y20-64,TOTAL,SK,2008-01-01,60.3,,
ESTAT:LFSA_ERGAN(1.0),17/04/26 11:00:00,A,PC,F,Y20-64,TOTAL,TR,2008-01-01,24.9,,
ESTAT:LFSA_ERGAN(1.0),17/04/26 11:00:00,A,PC,F,Y20-64,TOTAL,UK,2008-01-01,68.8,b,
ESTAT:LFSA_ERGAN(1.0),17/04/26 11:00:00,A,PC,M,Y15-64,TOTAL,AT,2008-01-01,76.8,,
ESTAT:LFSA_ERGAN(1.0),17/04/26 11:00:00,A,PC,M,Y15-64,TOTAL,BE,2008-01-01,68.6,,
ESTAT:LFSA_ERGAN(1.0),17/04/26 11:00:00,A,PC,M,Y15-64,TOTAL,BG,2008-01-01,68.5,b,
ESTAT:LFSA_ERGAN(1.0),17/04/26 11:00:00,A,PC,M,Y15-64,TOTAL,CH,2008-01-01,85.4,,
ESTAT:LFSA_ERGAN(1.0),17/04/26 11:00:00,A,PC,M,Y15-64,TOTAL,CY,2008-01-01,79.2,,
ESTAT:LFSA_ERGAN(1.0),17/04/26 11:00:00,A,PC,M,Y15-64,TOTAL,CZ,2008-01-01,75.4,,
ESTAT:LFSA_ERGAN(1.0),17/04/26 11:00:00,A,PC,M,Y15-64,TOTAL,DE,2008-01-01,75.8,,
ESTAT:LFSA_ERGAN(1.0),17/04/26 11:00:00,A,PC,M,Y15-64,TOTAL,DK,2008-01-01,80.2,b,
ESTAT:LFSA_ERGAN(1.0),17/04/26 11:00:00,A,PC,M,Y15-64,TOTAL,EA21,2008-01-01,72.9,,
ESTAT:LFSA_ERGAN(1.0),17/04/26 11:00:00,A,PC,M,Y15-64,TOTAL,EE,2008-01-01,73.7,,
ESTAT:LFSA_ERGAN(1.0),17/04/26 11:00:00,A,PC,M,Y15-64,TOTAL,EL,2008-01-01,74.4,,
ESTAT:LFSA_ERGAN(1.0),17/04/26 11:00:00,A,PC,M,Y15-64,TOTAL,ES,2008-01-01,73.3,,
ESTAT:LFSA_ERGAN(1.0),17/04/26 11:00:00,A,PC,M,Y15-64,TOTAL,EU27_2020,2008-01-01,71.9,,
ESTAT:LFSA_ERGAN(1.0),17/04/26 11:00:00,A,PC,M,Y15-64,TOTAL,FI,2008-01-01,73.1,b,
ESTAT:LFSA_ERGAN(1.0),17/04/26 11:00:00,A,PC,M,Y15-64,TOTAL,FR,2008-01-01,69.7,,
ESTAT:LFSA_ERGAN(1.0),17/04/26 11:00:00,A,PC,M,Y15-64,TOTAL,HR,2008-01-01,67.3,,
ESTAT:LFSA_ERGAN(1.0),17/04/26 11:00:00,A,PC,M,Y15-64,TOTAL,HU,2008-01-01,62.7,,
ESTAT:LFSA_ERGAN(1.0),17/04/26 11:00:00,A,PC,M,Y15-64,TOTAL,IE,2008-01-01,77.0,,
ESTAT:LFSA_ERGAN(1.0),17/04/26 11:00:00,A,PC,M,Y15-64,TOTAL,IS,2008-01-01,87.3,,
ESTAT:LFSA_ERGAN(1.0),17/04/26 11:00:00,A,PC,M,Y15-64,TOTAL,IT,2008-01-01,70.1,,
ESTAT:LFSA_ERGAN(1.0),17/04/26 11:00:00,A,PC,M,Y15-64,TOTAL,LT,2008-01-01,67.2,,
ESTAT:LFSA_ERGAN(1.0),17/04/26 11:00:00,A,PC,M,Y15-64,TOTAL,LU,2008-01-01,71.5,,
ESTAT:LFSA_ERGAN(1.0),17/04/26 11:00:00,A,PC,M,Y15-64,TOTAL,LV,2008-01-01,71.5,,
ESTAT:LFSA_ERGAN(1.0),17/04/26 11:00:00,A,PC,M,Y15-64,TOTAL,MK,2008-01-01,50.7,,
ESTAT:LFSA_ERGAN(1.0),17/04/26 11:00:00,A,PC,M,Y15-64,TOTAL,MT,2008-01-01,72.9,,
ESTAT:LFSA_ERGAN(1.0),17/04/26 11:00:00,A,PC,M,Y15-64,TOTAL,NL,2008-01-01,81.7,,
ESTAT:LFSA_ERGAN(1.0),17/04/26 11:00:00,A,PC,M,Y15-64,TOTAL,NO,2008-01-01,80.5,,
ESTAT:LFSA_ERGAN(1.0),17/04/26 11:00:00,A,PC,M,Y15-64,TOTAL,PL,2008-01-01,66.3,,
ESTAT:LFSA_ERGAN(1.0),17/04/26 11:00:00,A,PC,M,Y15-64,TOTAL,PT,2008-01-01,73.8,,
ESTAT:LFSA_ERGAN(1.0),17/04/26 11:00:00,A,PC,M,Y15-64,TOTAL,RO,2008-01-01,65.7,,
ESTAT:LFSA_ERGAN(1.0),17/04/26 11:00:00,A,PC,M,Y15-64,TOTAL,SE,2008-01-01,76.7,,
ESTAT:LFSA_ERGAN(1.0),17/04/26 11:00:00,A,PC,M,Y15-64,TOTAL,SI,2008-01-01,72.7,,
ESTAT:LFSA_ERGAN(1.0),17/04/26 11:00:00,A,PC,M,Y15-64,TOTAL,SK,2008-01-01,70.0,,
ESTAT:LFSA_ERGAN(1.0),17/04/26 11:00:00,A,PC,M,Y15-64,TOTAL,TR,2008-01-01,66.6,,
ESTAT:LFSA_ERGAN(1.0),17/04/26 11:00:00,A,PC,M,Y15-64,TOTAL,UK,2008-01-01,77.4,b,
ESTAT:LFSA_ERGAN(1.0),17/04/26 11:00:00,A,PC,M,Y15-74,TOTAL,AT,2008-01-01,69.2,,
ESTAT:LFSA_ERGAN(1.0),17/04/26 11:00:00,A,PC,M,Y15-74,TOTAL,BE,2008-01-01,61.7,,
ESTAT:LFSA_ERGAN(1.0),17/04/26 11:00:00,A,PC,M,Y15-74,TOTAL,BG,2008-01-01,61.2,b,
ESTAT:LFSA_ERGAN(1.0),17/04/26 11:00:00,A,PC,M,Y15-74,TOTAL,CH,2008-01-01,79.0,,
ESTAT:LFSA_ERGAN(1.0),17/04/26 11:00:00,A,PC,M,Y15-74,TOTAL,CY,2008-01-01,74.2,,
ESTAT:LFSA_ERGAN(1.0),17/04/26 11:00:00,A,PC,M,Y15-74,TOTAL,CZ,2008-01-01,69.5,,
ESTAT:LFSA_ERGAN(1.0),17/04/26 11:00:00,A,PC,M,Y15-74,TOTAL,DE,2008-01-01,66.0,,
ESTAT:LFSA_ERGAN(1.0),17/04/26 11:00:00,A,PC,M,Y15-74,TOTAL,DK,2008-01-01,73.0,b,
ESTAT:LFSA_ERGAN(1.0),17/04/26 11:00:00,A,PC,M,Y15-74,TOTAL,EA21,2008-01-01,65.3,,
ESTAT:LFSA_ERGAN(1.0),17/04/26 11:00:00,A,PC,M,Y15-74,TOTAL,EE,2008-01-01,68.4,,
ESTAT:LFSA_ERGAN(1.0),17/04/26 11:00:00,A,PC,M,Y15-74,TOTAL,EL,2008-01-01,66.6,,
ESTAT:LFSA_ERGAN(1.0),17/04/26 11:00:00,A,PC,M,Y15-74,TOTAL,ES,2008-01-01,66.7,,
ESTAT:LFSA_ERGAN(1.0),17/04/26 11:00:00,A,PC,M,Y15-74,TOTAL,EU27_2020,2008-01-01,64.9,,
ESTAT:LFSA_ERGAN(1.0),17/04/26 11:00:00,A,PC,M,Y15-74,TOTAL,FI,2008-01-01,66.4,b,
ESTAT:LFSA_ERGAN(1.0),17/04/26 11:00:00,A,PC,M,Y15-74,TOTAL,FR,2008-01-01,62.9,,
ESTAT:LFSA_ERGAN(1.0),17/04/26 11:00:00,A,PC,M,Y15-74,TOTAL,HR,2008-01-01,60.5,,
ESTAT:LFSA_ERGAN(1.0),17/04/26 11:00:00,A,PC,M,Y15-74,TOTAL,HU,2008-01-01,56.9,,
ESTAT:LFSA_ERGAN(1.0),17/04/26 11:00:00,A,PC,M,Y15-74,TOTAL,IE,2008-01-01,72.6,,
ESTAT:LFSA_ERGAN(1.0),17/04/26 11:00:00,A,PC,M,Y15-74,TOTAL,IS,2008-01-01,83.7,,
ESTAT:LFSA_ERGAN(1.0),17/04/26 11:00:00,A,PC,M,Y15-74,TOTAL,IT,2008-01-01,62.3,,
ESTAT:LFSA_ERGAN(1.0),17/04/26 11:00:00,A,PC,M,Y15-74,TOTAL,LT,2008-01-01,61.8,,
ESTAT:LFSA_ERGAN(1.0),17/04/26 11:00:00,A,PC,M,Y15-74,TOTAL,LU,2008-01-01,64.5,,
ESTAT:LFSA_ERGAN(1.0),17/04/26 11:00:00,A,PC,M,Y15-74,TOTAL,LV,2008-01-01,67.1,,
ESTAT:LFSA_ERGAN(1.0),17/04/26 11:00:00,A,PC,M,Y15-74,TOTAL,MK,2008-01-01,46.8,,
ESTAT:LFSA_ERGAN(1.0),17/04/26 11:00:00,A,PC,M,Y15-74,TOTAL,MT,2008-01-01,66.6,,
ESTAT:LFSA_ERGAN(1.0),17/04/26 11:00:00,A,PC,M,Y15-74,TOTAL,NL,2008-01-01,74.6,,
ESTAT:LFSA_ERGAN(1.0),17/04/26 11:00:00,A,PC,M,Y15-74,TOTAL,NO,2008-01-01,74.8,,
ESTAT:LFSA_ERGAN(1.0),17/04/26 11:00:00,A,PC,M,Y15-74,TOTAL,PL,2008-01-01,61.8,,
ESTAT:LFSA_ERGAN(1.0),17/04/26 11:00:00,A,PC,M,Y15-74,TOTAL,PT,2008-01-01,68.5,,
ESTAT:LFSA_ERGAN(1.0),17/04/26 11:00:00,A,PC,M,Y15-74,TOTAL,RO,2008-01-01,62.1,,
ESTAT:LFSA_ERGAN(1.0),17/04/26 11:00:00,A,PC,M,Y15-74,TOTAL,SE,2008-01-01,69.7,,
ESTAT:LFSA_ERGAN(1.0),17/04/26 11:00:00,A,PC,M,Y15-74,TOTAL,SI,2008-01-01,66.3,,
ESTAT:LFSA_ERGAN(1.0),17/04/26 11:00:00,A,PC,M,Y15-74,TOTAL,SK,2008-01-01,65.3,,
ESTAT:LFSA_ERGAN(1.0),17/04/26 11:00:00,A,PC,M,Y15-74,TOTAL,TR,2008-01-01,64.2,,
ESTAT:LFSA_ERGAN(1.0),17/04/26 11:00:00,A,PC,M,Y15-74,TOTAL,UK,2008-01-01,70.7,b,
ESTAT:LFSA_ERGAN(1.0),17/04/26 11:00:00,A,PC,M,Y20-64,TOTAL,AT,2008-01-01,80.1,,
ESTAT:LFSA_ERGAN(1.0),17/04/26 11:00:00,A,PC,M,Y20-64,TOTAL,BE,2008-01-01,74.7,,
ESTAT:LFSA_ERGAN(1.0),17/04/26 11:00:00,A,PC,M,Y20-64,TOTAL,BG,2008-01-01,76.1,b,
ESTAT:LFSA_ERGAN(1.0),17/04/26 11:00:00,A,PC,M,Y20-64,TOTAL,CH,2008-01-01,88.5,,
ESTAT:LFSA_ERGAN(1.0),17/04/26 11:00:00,A,PC,M,Y20-64,TOTAL,CY,2008-01-01,85.2,,
ESTAT:LFSA_ERGAN(1.0),17/04/26 11:00:00,A,PC,M,Y20-64,TOTAL,CZ,2008-01-01,82.0,,
ESTAT:LFSA_ERGAN(1.0),17/04/26 11:00:00,A,PC,M,Y20-64,TOTAL,DE,2008-01-01,80.1,,
ESTAT:LFSA_ERGAN(1.0),17/04/26 11:00:00,A,PC,M,Y20-64,TOTAL,DK,2008-01-01,83.0,b,
ESTAT:LFSA_ERGAN(1.0),17/04/26 11:00:00,A,PC,M,Y20-64,TOTAL,EA21,2008-01-01,77.9,,
ESTAT:LFSA_ERGAN(1.0),17/04/26 11:00:00,A,PC,M,Y20-64,TOTAL,EE,2008-01-01,81.5,,
ESTAT:LFSA_ERGAN(1.0),17/04/26 11:00:00,A,PC,M,Y20-64,TOTAL,EL,2008-01-01,80.1,,
ESTAT:LFSA_ERGAN(1.0),17/04/26 11:00:00,A,PC,M,Y20-64,TOTAL,ES,2008-01-01,77.9,,
ESTAT:LFSA_ERGAN(1.0),17/04/26 11:00:00,A,PC,M,Y20-64,TOTAL,EU27_2020,2008-01-01,77.3,,
ESTAT:LFSA_ERGAN(1.0),17/04/26 11:00:00,A,PC,M,Y20-64,TOTAL,FI,2008-01-01,78.4,b,
ESTAT:LFSA_ERGAN(1.0),17/04/26 11:00:00,A,PC,M,Y20-64,TOTAL,FR,2008-01-01,75.6,,
ESTAT:LFSA_ERGAN(1.0),17/04/26 11:00:00,A,PC,M,Y20-64,TOTAL,HR,2008-01-01,73.0,,
ESTAT:LFSA_ERGAN(1.0),17/04/26 11:00:00,A,PC,M,Y20-64,TOTAL,HU,2008-01-01,68.7,,
ESTAT:LFSA_ERGAN(1.0),17/04/26 11:00:00,A,PC,M,Y20-64,TOTAL,IE,2008-01-01,81.4,,
ESTAT:LFSA_ERGAN(1.0),17/04/26 11:00:00,A,PC,M,Y20-64,TOTAL,IS,2008-01-01,89.9,,
ESTAT:LFSA_ERGAN(1.0),17/04/26 11:00:00,A,PC,M,Y20-64,TOTAL,IT,2008-01-01,75.3,,
ESTAT:LFSA_ERGAN(1.0),17/04/26 11:00:00,A,PC,M,Y20-64,TOTAL,LT,2008-01-01,75.6,,
ESTAT:LFSA_ERGAN(1.0),17/04/26 11:00:00,A,PC,M,Y20-64,TOTAL,LU,2008-01-01,77.2,,
ESTAT:LFSA_ERGAN(1.0),17/04/26 11:00:00,A,PC,M,Y20-64,TOTAL,LV,2008-01-01,79.3,,
ESTAT:LFSA_ERGAN(1.0),17/04/26 11:00:00,A,PC,M,Y20-64,TOTAL,MK,2008-01-01,56.2,,
ESTAT:LFSA_ERGAN(1.0),17/04/26 11:00:00,A,PC,M,Y20-64,TOTAL,MT,2008-01-01,78.5,,
ESTAT:LFSA_ERGAN(1.0),17/04/26 11:00:00,A,PC,M,Y20-64,TOTAL,NL,2008-01-01,84.4,,
ESTAT:LFSA_ERGAN(1.0),17/04/26 11:00:00,A,PC,M,Y20-64,TOTAL,NO,2008-01-01,84.8,,
ESTAT:LFSA_ERGAN(1.0),17/04/26 11:00:00,A,PC,M,Y20-64,TOTAL,PL,2008-01-01,73.0,,
ESTAT:LFSA_ERGAN(1.0),17/04/26 11:00:00,A,PC,M,Y20-64,TOTAL,PT,2008-01-01,79.4,,
ESTAT:LFSA_ERGAN(1.0),17/04/26 11:00:00,A,PC,M,Y20-64,TOTAL,RO,2008-01-01,71.6,,
ESTAT:LFSA_ERGAN(1.0),17/04/26 11:00:00,A,PC,M,Y20-64,TOTAL,SE,2008-01-01,83.5,,
ESTAT:LFSA_ERGAN(1.0),17/04/26 11:00:00,A,PC,M,Y20-64,TOTAL,SI,2008-01-01,77.4,,
ESTAT:LFSA_ERGAN(1.0),17/04/26 11:00:00,A,PC,M,Y20-64,TOTAL,SK,2008-01-01,77.4,,
ESTAT:LFSA_ERGAN(1.0),17/04/26 11:00:00,A,PC,M,Y20-64,TOTAL,TR,2008-01-01,72.7,,
ESTAT:LFSA_ERGAN(1.0),17/04/26 11:00:00,A,PC,M,Y20-64,TOTAL,UK,2008-01-01,81.9,b,
ESTAT:LFSA_ERGAN(1.0),17/04/26 11:00:00,A,PC,T,Y15-64,TOTAL,AT,2008-01-01,70.8,,
ESTAT:LFSA_ERGAN(1.0),17/04/26 11:00:00,A,PC,T,Y15-64,TOTAL,BE,2008-01-01,62.4,,
ESTAT:LFSA_ERGAN(1.0),17/04/26 11:00:00,A,PC,T,Y15-64,TOTAL,BG,2008-01-01,64.0,b,
ESTAT:LFSA_ERGAN(1.0),17/04/26 11:00:00,A,PC,T,Y15-64,TOTAL,CH,2008-01-01,79.5,,
ESTAT:LFSA_ERGAN(1.0),17/04/26 11:00:00,A,PC,T,Y15-64,TOTAL,CY,2008-01-01,70.9,,
ESTAT:LFSA_ERGAN(1.0),17/04/26 11:00:00,A,PC,T,Y15-64,TOTAL,CZ,2008-01-01,66.6,,
ESTAT:LFSA_ERGAN(1.0),17/04/26 11:00:00,A,PC,T,Y15-64,TOTAL,DE,2008-01-01,70.1,,
ESTAT:LFSA_ERGAN(1.0),17/04/26 11:00:00,A,PC,T,Y15-64,TOTAL,DK,2008-01-01,76.3,b,
ESTAT:LFSA_ERGAN(1.0),17/04/26 11:00:00,A,PC,T,Y15-64,TOTAL,EA21,2008-01-01,65.6,,
ESTAT:LFSA_ERGAN(1.0),17/04/26 11:00:00,A,PC,T,Y15-64,TOTAL,EE,2008-01-01,70.1,,
ESTAT:LFSA_ERGAN(1.0),17/04/26 11:00:00,A,PC,T,Y15-64,TOTAL,EL,2008-01-01,61.4,,
ESTAT:LFSA_ERGAN(1.0),17/04/26 11:00:00,A,PC,T,Y15-64,TOTAL,ES,2008-01-01,64.5,,
ESTAT:LFSA_ERGAN(1.0),17/04/26 11:00:00,A,PC,T,Y15-64,TOTAL,EU27_2020,2008-01-01,64.8,,
ESTAT:LFSA_ERGAN(1.0),17/04/26 11:00:00,A,PC,T,Y15-64,TOTAL,FI,2008-01-01,71.1,b,
ESTAT:LFSA_ERGAN(1.0),17/04/26 11:00:00,A,PC,T,Y15-64,TOTAL,FR,2008-01-01,64.9,,
ESTAT:LFSA_ERGAN(1.0),17/04/26 11:00:00,A,PC,T,Y15-64,TOTAL,HR,2008-01-01,60.1,,
ESTAT:LFSA_ERGAN(1.0),17/04/26 11:00:00,A,PC,T,Y15-64,TOTAL,HU,2008-01-01,56.4,,
ESTAT:LFSA_ERGAN(1.0),17/04/26 11:00:00,A,PC,T,Y15-64,TOTAL,IE,2008-01-01,69.7,,
ESTAT:LFSA_ERGAN(1.0),17/04/26 11:00:00,A,PC,T,Y15-64,TOTAL,IS,2008-01-01,83.6,,
ESTAT:LFSA_ERGAN(1.0),17/04/26 11:00:00,A,PC,T,Y15-64,TOTAL,IT,2008-01-01,58.6,,
ESTAT:LFSA_ERGAN(1.0),17/04/26 11:00:00,A,PC,T,Y15-64,TOTAL,LT,2008-01-01,64.4,,
ESTAT:LFSA_ERGAN(1.0),17/04/26 11:00:00,A,PC,T,Y15-64,TOTAL,LU,2008-01-01,63.4,,
ESTAT:LFSA_ERGAN(1.0),17/04/26 11:00:00,A,PC,T,Y15-64,TOTAL,LV,2008-01-01,68.2,,
ESTAT:LFSA_ERGAN(1.0),17/04/26 11:00:00,A,PC,T,Y15-64,TOTAL,MK,2008-01-01,41.9,,
ESTAT:LFSA_ERGAN(1.0),17/04/26 11:00:00,A,PC,T,Y15-64,TOTAL,MT,2008-01-01,55.5,,
ESTAT:LFSA_ERGAN(1.0),17/04/26 11:00:00,A,PC,T,Y15-64,TOTAL,NL,2008-01-01,74.9,,
ESTAT:LFSA_ERGAN(1.0),17/04/26 11:00:00,A,PC,T,Y15-64,TOTAL,NO,2008-01-01,78.0,,
ESTAT:LFSA_ERGAN(1.0),17/04/26 11:00:00,A,PC,T,Y15-64,TOTAL,PL,2008-01-01,59.2,,
ESTAT:LFSA_ERGAN(1.0),17/04/26 11:00:00,A,PC,T,Y15-64,TOTAL,PT,2008-01-01,68.0,,
ESTAT:LFSA_ERGAN(1.0),17/04/26 11:00:00,A,PC,T,Y15-64,TOTAL,RO,2008-01-01,59.0,,
ESTAT:LFSA_ERGAN(1.0),17/04/26 11:00:00,A,PC,T,Y15-64,TOTAL,SE,2008-01-01,74.3,,
ESTAT:LFSA_ERGAN(1.0),17/04/26 11:00:00,A,PC,T,Y15-64,TOTAL,SI,2008-01-01,68.6,,
ESTAT:LFSA_ERGAN(1.0),17/04/26 11:00:00,A,PC,T,Y15-64,TOTAL,SK,2008-01-01,62.3,,
ESTAT:LFSA_ERGAN(1.0),17/04/26 11:00:00,A,PC,T,Y15-64,TOTAL,TR,2008-01-01,44.9,,
ESTAT:LFSA_ERGAN(1.0),17/04/26 11:00:00,A,PC,T,Y15-64,TOTAL,UK,2008-01-01,71.5,b,
ESTAT:LFSA_ERGAN(1.0),17/04/26 11:00:00,A,PC,T,Y15-74,TOTAL,AT,2008-01-01,63.1,,
ESTAT:LFSA_ERGAN(1.0),17/04/26 11:00:00,A,PC,T,Y15-74,TOTAL,BE,2008-01-01,55.6,,
ESTAT:LFSA_ERGAN(1.0),17/04/26 11:00:00,A,PC,T,Y15-74,TOTAL,BG,2008-01-01,56.0,b,
ESTAT:LFSA_ERGAN(1.0),17/04/26 11:00:00,A,PC,T,Y15-74,TOTAL,CH,2008-01-01,72.3,,
ESTAT:LFSA_ERGAN(1.0),17/04/26 11:00:00,A,PC,T,Y15-74,TOTAL,CY,2008-01-01,65.5,,
ESTAT:LFSA_ERGAN(1.0),17/04/26 11:00:00,A,PC,T,Y15-74,TOTAL,CZ,2008-01-01,60.4,,
ESTAT:LFSA_ERGAN(1.0),17/04/26 11:00:00,A,PC,T,Y15-74,TOTAL,DE,2008-01-01,60.2,,
ESTAT:LFSA_ERGAN(1.0),17/04/26 11:00:00,A,PC,T,Y15-74,TOTAL,DK,2008-01-01,68.6,b,
ESTAT:LFSA_ERGAN(1.0),17/04/26 11:00:00,A,PC,T,Y15-74,TOTAL,EA21,2008-01-01,58.1,,
ESTAT:LFSA_ERGAN(1.0),17/04/26 11:00:00,A,PC,T,Y15-74,TOTAL,EE,2008-01-01,63.3,,
ESTAT:LFSA_ERGAN(1.0),17/04/26 11:00:00,A,PC,T,Y15-74,TOTAL,EL,2008-01-01,54.3,,
ESTAT:LFSA_ERGAN(1.0),17/04/26 11:00:00,A,PC,T,Y15-74,TOTAL,ES,2008-01-01,58.0,,
ESTAT:LFSA_ERGAN(1.0),17/04/26 11:00:00,A,PC,T,Y15-74,TOTAL,EU27_2020,2008-01-01,57.8,,
ESTAT:LFSA_ERGAN(1.0),17/04/26 11:00:00,A,PC,T,Y15-74,TOTAL,FI,2008-01-01,63.6,b,
ESTAT:LFSA_ERGAN(1.0),17/04/26 11:00:00,A,PC,T,Y15-74,TOTAL,FR,2008-01-01,58.1,,
ESTAT:LFSA_ERGAN(1.0),17/04/26 11:00:00,A,PC,T,Y15-74,TOTAL,HR,2008-01-01,53.2,,
ESTAT:LFSA_ERGAN(1.0),17/04/26 11:00:00,A,PC,T,Y15-74,TOTAL,HU,2008-01-01,50.0,,
ESTAT:LFSA_ERGAN(1.0),17/04/26 11:00:00,A,PC,T,Y15-74,TOTAL,IE,2008-01-01,65.1,,
ESTAT:LFSA_ERGAN(1.0),17/04/26 11:00:00,A,PC,T,Y15-74,TOTAL,IS,2008-01-01,79.5,,
ESTAT:LFSA_ERGAN(1.0),17/04/26 11:00:00,A,PC,T,Y15-74,TOTAL,IT,2008-01-01,51.3,,
ESTAT:LFSA_ERGAN(1.0),17/04/26 11:00:00,A,PC,T,Y15-74,TOTAL,LT,2008-01-01,57.5,,
ESTAT:LFSA_ERGAN(1.0),17/04/26 11:00:00,A,PC,T,Y15-74,TOTAL,LU,2008-01-01,56.6,,
ESTAT:LFSA_ERGAN(1.0),17/04/26 11:00:00,A,PC,T,Y15-74,TOTAL,LV,2008-01-01,62.0,,
ESTAT:LFSA_ERGAN(1.0),17/04/26 11:00:00,A,PC,T,Y15-74,TOTAL,MK,2008-01-01,38.3,,
ESTAT:LFSA_ERGAN(1.0),17/04/26 11:00:00,A,PC,T,Y15-74,TOTAL,MT,2008-01-01,50.2,,
ESTAT:LFSA_ERGAN(1.0),17/04/26 11:00:00,A,PC,T,Y15-74,TOTAL,NL,2008-01-01,67.9,,
ESTAT:LFSA_ERGAN(1.0),17/04/26 11:00:00,A,PC,T,Y15-74,TOTAL,NO,2008-01-01,71.9,,
ESTAT:LFSA_ERGAN(1.0),17/04/26 11:00:00,A,PC,T,Y15-74,TOTAL,PL,2008-01-01,54.2,,
ESTAT:LFSA_ERGAN(1.0),17/04/26 11:00:00,A,PC,T,Y15-74,TOTAL,PT,2008-01-01,62.4,,
ESTAT:LFSA_ERGAN(1.0),17/04/26 11:00:00,A,PC,T,Y15-74,TOTAL,RO,2008-01-01,55.3,,
ESTAT:LFSA_ERGAN(1.0),17/04/26 11:00:00,A,PC,T,Y15-74,TOTAL,SE,2008-01-01,66.8,,
ESTAT:LFSA_ERGAN(1.0),17/04/26 11:00:00,A,PC,T,Y15-74,TOTAL,SI,2008-01-01,61.5,,
ESTAT:LFSA_ERGAN(1.0),17/04/26 11:00:00,A,PC,T,Y15-74,TOTAL,SK,2008-01-01,57.1,,
ESTAT:LFSA_ERGAN(1.0),17/04/26 11:00:00,A,PC,T,Y15-74,TOTAL,TR,2008-01-01,43.0,,
ESTAT:LFSA_ERGAN(1.0),17/04/26 11:00:00,A,PC,T,Y15-74,TOTAL,UK,2008-01-01,64.8,b,
ESTAT:LFSA_ERGAN(1.0),17/04/26 11:00:00,A,PC,T,Y20-64,TOTAL,AT,2008-01-01,73.8,,
ESTAT:LFSA_ERGAN(1.0),17/04/26 11:00:00,A,PC,T,Y20-64,TOTAL,BE,2008-01-01,68.0,,
ESTAT:LFSA_ERGAN(1.0),17/04/26 11:00:00,A,PC,T,Y20-64,TOTAL,BG,2008-01-01,70.7,b,
ESTAT:LFSA_ERGAN(1.0),17/04/26 11:00:00,A,PC,T,Y20-64,TOTAL,CH,2008-01-01,82.3,,
ESTAT:LFSA_ERGAN(1.0),17/04/26 11:00:00,A,PC,T,Y20-64,TOTAL,CY,2008-01-01,76.5,,
ESTAT:LFSA_ERGAN(1.0),17/04/26 11:00:00,A,PC,T,Y20-64,TOTAL,CZ,2008-01-01,72.4,,
ESTAT:LFSA_ERGAN(1.0),17/04/26 11:00:00,A,PC,T,Y20-64,TOTAL,DE,2008-01-01,74.0,,
ESTAT:LFSA_ERGAN(1.0),17/04/26 11:00:00,A,PC,T,Y20-64,TOTAL,DK,2008-01-01,78.7,b,
ESTAT:LFSA_ERGAN(1.0),17/04/26 11:00:00,A,PC,T,Y20-64,TOTAL,EA21,2008-01-01,70.1,,
ESTAT:LFSA_ERGAN(1.0),17/04/26 11:00:00,A,PC,T,Y20-64,TOTAL,EE,2008-01-01,77.1,,
ESTAT:LFSA_ERGAN(1.0),17/04/26 11:00:00,A,PC,T,Y20-64,TOTAL,EL,2008-01-01,66.3,,
ESTAT:LFSA_ERGAN(1.0),17/04/26 11:00:00,A,PC,T,Y20-64,TOTAL,ES,2008-01-01,68.5,,
ESTAT:LFSA_ERGAN(1.0),17/04/26 11:00:00,A,PC,T,Y20-64,TOTAL,EU27_2020,2008-01-01,69.5,,
ESTAT:LFSA_ERGAN(1.0),17/04/26 11:00:00,A,PC,T,Y20-64,TOTAL,FI,2008-01-01,75.8,b,
ESTAT:LFSA_ERGAN(1.0),17/04/26 11:00:00,A,PC,T,Y20-64,TOTAL,FR,2008-01-01,70.5,,
ESTAT:LFSA_ERGAN(1.0),17/04/26 11:00:00,A,PC,T,Y20-64,TOTAL,HR,2008-01-01,65.1,,
ESTAT:LFSA_ERGAN(1.0),17/04/26 11:00:00,A,PC,T,Y20-64,TOTAL,HU,2008-01-01,61.5,,
ESTAT:LFSA_ERGAN(1.0),17/04/26 11:00:00,A,PC,T,Y20-64,TOTAL,IE,2008-01-01,73.5,,
ESTAT:LFSA_ERGAN(1.0),17/04/26 11:00:00,A,PC,T,Y20-64,TOTAL,IS,2008-01-01,85.3,,
ESTAT:LFSA_ERGAN(1.0),17/04/26 11:00:00,A,PC,T,Y20-64,TOTAL,IT,2008-01-01,62.9,,
ESTAT:LFSA_ERGAN(1.0),17/04/26 11:00:00,A,PC,T,Y20-64,TOTAL,LT,2008-01-01,72.0,,
ESTAT:LFSA_ERGAN(1.0),17/04/26 11:00:00,A,PC,T,Y20-64,TOTAL,LU,2008-01-01,68.8,,
ESTAT:LFSA_ERGAN(1.0),17/04/26 11:00:00,A,PC,T,Y20-64,TOTAL,LV,2008-01-01,75.4,,
ESTAT:LFSA_ERGAN(1.0),17/04/26 11:00:00,A,PC,T,Y20-64,TOTAL,MK,2008-01-01,46.3,,
ESTAT:LFSA_ERGAN(1.0),17/04/26 11:00:00,A,PC,T,Y20-64,TOTAL,MT,2008-01-01,59.2,,
ESTAT:LFSA_ERGAN(1.0),17/04/26 11:00:00,A,PC,T,Y20-64,TOTAL,NL,2008-01-01,76.9,,
ESTAT:LFSA_ERGAN(1.0),17/04/26 11:00:00,A,PC,T,Y20-64,TOTAL,NO,2008-01-01,81.8,,
ESTAT:LFSA_ERGAN(1.0),17/04/26 11:00:00,A,PC,T,Y20-64,TOTAL,PL,2008-01-01,65.0,,
ESTAT:LFSA_ERGAN(1.0),17/04/26 11:00:00,A,PC,T,Y20-64,TOTAL,PT,2008-01-01,73.1,,
ESTAT:LFSA_ERGAN(1.0),17/04/26 11:00:00,A,PC,T,Y20-64,TOTAL,RO,2008-01-01,64.4,,
ESTAT:LFSA_ERGAN(1.0),17/04/26 11:00:00,A,PC,T,Y20-64,TOTAL,SE,2008-01-01,80.4,,
ESTAT:LFSA_ERGAN(1.0),17/04/26 11:00:00,A,PC,T,Y20-64,TOTAL,SI,2008-01-01,73.0,,
ESTAT:LFSA_ERGAN(1.0),17/04/26 11:00:00,A,PC,T,Y20-64,TOTAL,SK,2008-01-01,68.8,,
ESTAT:LFSA_ERGAN(1.0),17/04/26 11:00:00,A,PC,T,Y20-64,TOTAL,TR,2008-01-01,48.4,,
ESTAT:LFSA_ERGAN(1.0),17/04/26 11:00:00,A,PC,T,Y20-64,TOTAL,UK,2008-01-01,75.2,b,
ESTAT:LFSA_ERGAN(1.0),17/04/26 11:00:00,A,PC,F,Y15-64,TOTAL,AT,2009-01-01,65.2,,
ESTAT:LFSA_ERGAN(1.0),17/04/26 11:00:00,A,PC,F,Y15-64,TOTAL,BE,2009-01-01,56.0,,
ESTAT:LFSA_ERGAN(1.0),17/04/26 11:00:00,A,PC,F,Y15-64,TOTAL,BG,2009-01-01,58.3,,
ESTAT:LFSA_ERGAN(1.0),17/04/26 11:00:00,A,PC,F,Y15-64,TOTAL,CH,2009-01-01,73.6,,
ESTAT:LFSA_ERGAN(1.0),17/04/26 11:00:00,A,PC,F,Y15-64,TOTAL,CY,2009-01-01,62.3,b,
ESTAT:LFSA_ERGAN(1.0),17/04/26 11:00:00,A,PC,F,Y15-64,TOTAL,CZ,2009-01-01,56.7,,
ESTAT:LFSA_ERGAN(1.0),17/04/26 11:00:00,A,PC,F,Y15-64,TOTAL,DE,2009-01-01,65.2,,
ESTAT:LFSA_ERGAN(1.0),17/04/26 11:00:00,A,PC,F,Y15-64,TOTAL,DK,2009-01-01,70.9,,
ESTAT:LFSA_ERGAN(1.0),17/04/26 11:00:00,A,PC,F,Y15-64,TOTAL,EA21,2009-01-01,57.9,,
ESTAT:LFSA_ERGAN(1.0),17/04/26 11:00:00,A,PC,F,Y15-64,TOTAL,EE,2009-01-01,63.2,,
ESTAT:LFSA_ERGAN(1.0),17/04/26 11:00:00,A,PC,F,Y15-64,TOTAL,EL,2009-01-01,48.9,b,
ESTAT:LFSA_ERGAN(1.0),17/04/26 11:00:00,A,PC,F,Y15-64,TOTAL,ES,2009-01-01,53.3,,
ESTAT:LFSA_ERGAN(1.0),17/04/26 11:00:00,A,PC,F,Y15-64,TOTAL,EU27_2020,2009-01-01,57.3,,
ESTAT:LFSA_ERGAN(1.0),17/04/26 11:00:00,A,PC,F,Y15-64,TOTAL,FI,2009-01-01,67.9,,
ESTAT:LFSA_ERGAN(1.0),17/04/26 11:00:00,A,PC,F,Y15-64,TOTAL,FR,2009-01-01,59.9,,
ESTAT:LFSA_ERGAN(1.0),17/04/26 11:00:00,A,PC,F,Y15-64,TOTAL,HR,2009-01-01,53.5,,
ESTAT:LFSA_ERGAN(1.0),17/04/26 11:00:00,A,PC,F,Y15-64,TOTAL,HU,2009-01-01,49.6,,
ESTAT:LFSA_ERGAN(1.0),17/04/26 11:00:00,A,PC,F,Y15-64,TOTAL,IE,2009-01-01,59.0,,
ESTAT:LFSA_ERGAN(1.0),17/04/26 11:00:00,A,PC,F,Y15-64,TOTAL,IS,2009-01-01,76.5,,
ESTAT:LFSA_ERGAN(1.0),17/04/26 11:00:00,A,PC,F,Y15-64,TOTAL,IT,2009-01-01,46.4,,
ESTAT:LFSA_ERGAN(1.0),17/04/26 11:00:00,A,PC,F,Y15-64,TOTAL,LT,2009-01-01,60.4,,
ESTAT:LFSA_ERGAN(1.0),17/04/26 11:00:00,A,PC,F,Y15-64,TOTAL,LU,2009-01-01,57.0,b,
ESTAT:LFSA_ERGAN(1.0),17/04/26 11:00:00,A,PC,F,Y15-64,TOTAL,LV,2009-01-01,60.4,,
ESTAT:LFSA_ERGAN(1.0),17/04/26 11:00:00,A,PC,F,Y15-64,TOTAL,MK,2009-01-01,33.5,,
ESTAT:LFSA_ERGAN(1.0),17/04/26 11:00:00,A,PC,F,Y15-64,TOTAL,MT,2009-01-01,38.0,,
ESTAT:LFSA_ERGAN(1.0),17/04/26 11:00:00,A,PC,F,Y15-64,TOTAL,NL,2009-01-01,68.5,,
ESTAT:LFSA_ERGAN(1.0),17/04/26 11:00:00,A,PC,F,Y15-64,TOTAL,NO,2009-01-01,74.4,,
ESTAT:LFSA_ERGAN(1.0),17/04/26 11:00:00,A,PC,F,Y15-64,TOTAL,PL,2009-01-01,52.8,,
ESTAT:LFSA_ERGAN(1.0),17/04/26 11:00:00,A,PC,F,Y15-64,TOTAL,PT,2009-01-01,61.5,,
ESTAT:LFSA_ERGAN(1.0),17/04/26 11:00:00,A,PC,F,Y15-64,TOTAL,RO,2009-01-01,52.0,,
ESTAT:LFSA_ERGAN(1.0),17/04/26 11:00:00,A,PC,F,Y15-64,TOTAL,SE,2009-01-01,70.2,,
ESTAT:LFSA_ERGAN(1.0),17/04/26 11:00:00,A,PC,F,Y15-64,TOTAL,SI,2009-01-01,63.8,,
ESTAT:LFSA_ERGAN(1.0),17/04/26 11:00:00,A,PC,F,Y15-64,TOTAL,SK,2009-01-01,52.8,,
ESTAT:LFSA_ERGAN(1.0),17/04/26 11:00:00,A,PC,F,Y15-64,TOTAL,TR,2009-01-01,24.2,,
ESTAT:LFSA_ERGAN(1.0),17/04/26 11:00:00,A,PC,F,Y15-64,TOTAL,UK,2009-01-01,64.9,,
ESTAT:LFSA_ERGAN(1.0),17/04/26 11:00:00,A,PC,F,Y15-74,TOTAL,AT,2009-01-01,57.4,,
ESTAT:LFSA_ERGAN(1.0),17/04/26 11:00:00,A,PC,F,Y15-74,TOTAL,BE,2009-01-01,49.4,,
ESTAT:LFSA_ERGAN(1.0),17/04/26 11:00:00,A,PC,F,Y15-74,TOTAL,BG,2009-01-01,50.0,,
ESTAT:LFSA_ERGAN(1.0),17/04/26 11:00:00,A,PC,F,Y15-74,TOTAL,CH,2009-01-01,65.7,,
ESTAT:LFSA_ERGAN(1.0),17/04/26 11:00:00,A,PC,F,Y15-74,TOTAL,CY,2009-01-01,57.2,b,
ESTAT:LFSA_ERGAN(1.0),17/04/26 11:00:00,A,PC,F,Y15-74,TOTAL,CZ,2009-01-01,50.4,,
ESTAT:LFSA_ERGAN(1.0),17/04/26 11:00:00,A,PC,F,Y15-74,TOTAL,DE,2009-01-01,55.2,,
ESTAT:LFSA_ERGAN(1.0),17/04/26 11:00:00,A,PC,F,Y15-74,TOTAL,DK,2009-01-01,62.8,,
ESTAT:LFSA_ERGAN(1.0),17/04/26 11:00:00,A,PC,F,Y15-74,TOTAL,EA21,2009-01-01,50.6,,
ESTAT:LFSA_ERGAN(1.0),17/04/26 11:00:00,A,PC,F,Y15-74,TOTAL,EE,2009-01-01,55.7,,
ESTAT:LFSA_ERGAN(1.0),17/04/26 11:00:00,A,PC,F,Y15-74,TOTAL,EL,2009-01-01,42.8,b,
ESTAT:LFSA_ERGAN(1.0),17/04/26 11:00:00,A,PC,F,Y15-74,TOTAL,ES,2009-01-01,47.4,,
ESTAT:LFSA_ERGAN(1.0),17/04/26 11:00:00,A,PC,F,Y15-74,TOTAL,EU27_2020,2009-01-01,50.4,,
ESTAT:LFSA_ERGAN(1.0),17/04/26 11:00:00,A,PC,F,Y15-74,TOTAL,FI,2009-01-01,59.8,,
ESTAT:LFSA_ERGAN(1.0),17/04/26 11:00:00,A,PC,F,Y15-74,TOTAL,FR,2009-01-01,53.2,,
ESTAT:LFSA_ERGAN(1.0),17/04/26 11:00:00,A,PC,F,Y15-74,TOTAL,HR,2009-01-01,46.8,,
ESTAT:LFSA_ERGAN(1.0),17/04/26 11:00:00,A,PC,F,Y15-74,TOTAL,HU,2009-01-01,43.1,,
ESTAT:LFSA_ERGAN(1.0),17/04/26 11:00:00,A,PC,F,Y15-74,TOTAL,IE,2009-01-01,54.6,,
ESTAT:LFSA_ERGAN(1.0),17/04/26 11:00:00,A,PC,F,Y15-74,TOTAL,IS,2009-01-01,72.1,,
ESTAT:LFSA_ERGAN(1.0),17/04/26 11:00:00,A,PC,F,Y15-74,TOTAL,IT,2009-01-01,40.0,,
ESTAT:LFSA_ERGAN(1.0),17/04/26 11:00:00,A,PC,F,Y15-74,TOTAL,LT,2009-01-01,52.6,,
ESTAT:LFSA_ERGAN(1.0),17/04/26 11:00:00,A,PC,F,Y15-74,TOTAL,LU,2009-01-01,50.1,b,
ESTAT:LFSA_ERGAN(1.0),17/04/26 11:00:00,A,PC,F,Y15-74,TOTAL,LV,2009-01-01,52.9,,
ESTAT:LFSA_ERGAN(1.0),17/04/26 11:00:00,A,PC,F,Y15-74,TOTAL,MK,2009-01-01,30.3,,
ESTAT:LFSA_ERGAN(1.0),17/04/26 11:00:00,A,PC,F,Y15-74,TOTAL,MT,2009-01-01,34.0,,
ESTAT:LFSA_ERGAN(1.0),17/04/26 11:00:00,A,PC,F,Y15-74,TOTAL,NL,2009-01-01,61.4,,
ESTAT:LFSA_ERGAN(1.0),17/04/26 11:00:00,A,PC,F,Y15-74,TOTAL,NO,2009-01-01,67.9,,
ESTAT:LFSA_ERGAN(1.0),17/04/26 11:00:00,A,PC,F,Y15-74,TOTAL,PL,2009-01-01,47.5,,
ESTAT:LFSA_ERGAN(1.0),17/04/26 11:00:00,A,PC,F,Y15-74,TOTAL,PT,2009-01-01,55.7,,
ESTAT:LFSA_ERGAN(1.0),17/04/26 11:00:00,A,PC,F,Y15-74,TOTAL,RO,2009-01-01,48.2,,
ESTAT:LFSA_ERGAN(1.0),17/04/26 11:00:00,A,PC,F,Y15-74,TOTAL,SE,2009-01-01,62.2,,
ESTAT:LFSA_ERGAN(1.0),17/04/26 11:00:00,A,PC,F,Y15-74,TOTAL,SI,2009-01-01,56.2,,
ESTAT:LFSA_ERGAN(1.0),17/04/26 11:00:00,A,PC,F,Y15-74,TOTAL,SK,2009-01-01,47.6,,
ESTAT:LFSA_ERGAN(1.0),17/04/26 11:00:00,A,PC,F,Y15-74,TOTAL,TR,2009-01-01,23.2,,
ESTAT:LFSA_ERGAN(1.0),17/04/26 11:00:00,A,PC,F,Y15-74,TOTAL,UK,2009-01-01,58.4,,
ESTAT:LFSA_ERGAN(1.0),17/04/26 11:00:00,A,PC,F,Y20-64,TOTAL,AT,2009-01-01,68.2,,
ESTAT:LFSA_ERGAN(1.0),17/04/26 11:00:00,A,PC,F,Y20-64,TOTAL,BE,2009-01-01,61.0,,
ESTAT:LFSA_ERGAN(1.0),17/04/26 11:00:00,A,PC,F,Y20-64,TOTAL,BG,2009-01-01,64.0,,
ESTAT:LFSA_ERGAN(1.0),17/04/26 11:00:00,A,PC,F,Y20-64,TOTAL,CH,2009-01-01,75.6,,
ESTAT:LFSA_ERGAN(1.0),17/04/26 11:00:00,A,PC,F,Y20-64,TOTAL,CY,2009-01-01,68.3,b,
ESTAT:LFSA_ERGAN(1.0),17/04/26 11:00:00,A,PC,F,Y20-64,TOTAL,CZ,2009-01-01,61.4,,
ESTAT:LFSA_ERGAN(1.0),17/04/26 11:00:00,A,PC,F,Y20-64,TOTAL,DE,2009-01-01,68.7,,
ESTAT:LFSA_ERGAN(1.0),17/04/26 11:00:00,A,PC,F,Y20-64,TOTAL,DK,2009-01-01,73.1,,
ESTAT:LFSA_ERGAN(1.0),17/04/26 11:00:00,A,PC,F,Y20-64,TOTAL,EA21,2009-01-01,61.8,,
ESTAT:LFSA_ERGAN(1.0),17/04/26 11:00:00,A,PC,F,Y20-64,TOTAL,EE,2009-01-01,69.0,,
ESTAT:LFSA_ERGAN(1.0),17/04/26 11:00:00,A,PC,F,Y20-64,TOTAL,EL,2009-01-01,52.9,b,
ESTAT:LFSA_ERGAN(1.0),17/04/26 11:00:00,A,PC,F,Y20-64,TOTAL,ES,2009-01-01,56.8,,
ESTAT:LFSA_ERGAN(1.0),17/04/26 11:00:00,A,PC,F,Y20-64,TOTAL,EU27_2020,2009-01-01,61.4,,
ESTAT:LFSA_ERGAN(1.0),17/04/26 11:00:00,A,PC,F,Y20-64,TOTAL,FI,2009-01-01,72.4,,
ESTAT:LFSA_ERGAN(1.0),17/04/26 11:00:00,A,PC,F,Y20-64,TOTAL,FR,2009-01-01,65.0,,
ESTAT:LFSA_ERGAN(1.0),17/04/26 11:00:00,A,PC,F,Y20-64,TOTAL,HR,2009-01-01,57.9,,
ESTAT:LFSA_ERGAN(1.0),17/04/26 11:00:00,A,PC,F,Y20-64,TOTAL,HU,2009-01-01,54.0,,
ESTAT:LFSA_ERGAN(1.0),17/04/26 11:00:00,A,PC,F,Y20-64,TOTAL,IE,2009-01-01,62.9,,
ESTAT:LFSA_ERGAN(1.0),17/04/26 11:00:00,A,PC,F,Y20-64,TOTAL,IS,2009-01-01,77.8,,
ESTAT:LFSA_ERGAN(1.0),17/04/26 11:00:00,A,PC,F,Y20-64,TOTAL,IT,2009-01-01,49.7,,
ESTAT:LFSA_ERGAN(1.0),17/04/26 11:00:00,A,PC,F,Y20-64,TOTAL,LT,2009-01-01,67.2,,
ESTAT:LFSA_ERGAN(1.0),17/04/26 11:00:00,A,PC,F,Y20-64,TOTAL,LU,2009-01-01,61.5,b,
ESTAT:LFSA_ERGAN(1.0),17/04/26 11:00:00,A,PC,F,Y20-64,TOTAL,LV,2009-01-01,66.5,,
ESTAT:LFSA_ERGAN(1.0),17/04/26 11:00:00,A,PC,F,Y20-64,TOTAL,MK,2009-01-01,37.1,,
ESTAT:LFSA_ERGAN(1.0),17/04/26 11:00:00,A,PC,F,Y20-64,TOTAL,MT,2009-01-01,40.0,,
ESTAT:LFSA_ERGAN(1.0),17/04/26 11:00:00,A,PC,F,Y20-64,TOTAL,NL,2009-01-01,69.9,,
ESTAT:LFSA_ERGAN(1.0),17/04/26 11:00:00,A,PC,F,Y20-64,TOTAL,NO,2009-01-01,77.9,,
ESTAT:LFSA_ERGAN(1.0),17/04/26 11:00:00,A,PC,F,Y20-64,TOTAL,PL,2009-01-01,57.6,,
ESTAT:LFSA_ERGAN(1.0),17/04/26 11:00:00,A,PC,F,Y20-64,TOTAL,PT,2009-01-01,66.1,,
ESTAT:LFSA_ERGAN(1.0),17/04/26 11:00:00,A,PC,F,Y20-64,TOTAL,RO,2009-01-01,56.3,,
ESTAT:LFSA_ERGAN(1.0),17/04/26 11:00:00,A,PC,F,Y20-64,TOTAL,SE,2009-01-01,75.7,,
ESTAT:LFSA_ERGAN(1.0),17/04/26 11:00:00,A,PC,F,Y20-64,TOTAL,SI,2009-01-01,67.9,,
ESTAT:LFSA_ERGAN(1.0),17/04/26 11:00:00,A,PC,F,Y20-64,TOTAL,SK,2009-01-01,58.2,,
ESTAT:LFSA_ERGAN(1.0),17/04/26 11:00:00,A,PC,F,Y20-64,TOTAL,TR,2009-01-01,25.8,,
ESTAT:LFSA_ERGAN(1.0),17/04/26 11:00:00,A,PC,F,Y20-64,TOTAL,UK,2009-01-01,68.2,,
ESTAT:LFSA_ERGAN(1.0),17/04/26 11:00:00,A,PC,M,Y15-64,TOTAL,AT,2009-01-01,75.5,,
ESTAT:LFSA_ERGAN(1.0),17/04/26 11:00:00,A,PC,M,Y15-64,TOTAL,BE,2009-01-01,67.2,,
ESTAT:LFSA_ERGAN(1.0),17/04/26 11:00:00,A,PC,M,Y15-64,TOTAL,BG,2009-01-01,66.9,,
ESTAT:LFSA_ERGAN(1.0),17/04/26 11:00:00,A,PC,M,Y15-64,TOTAL,CH,2009-01-01,84.4,,
ESTAT:LFSA_ERGAN(1.0),17/04/26 11:00:00,A,PC,M,Y15-64,TOTAL,CY,2009-01-01,76.3,b,
ESTAT:LFSA_ERGAN(1.0),17/04/26 11:00:00,A,PC,M,Y15-64,TOTAL,CZ,2009-01-01,73.8,,
ESTAT:LFSA_ERGAN(1.0),17/04/26 11:00:00,A,PC,M,Y15-64,TOTAL,DE,2009-01-01,75.4,,
ESTAT:LFSA_ERGAN(1.0),17/04/26 11:00:00,A,PC,M,Y15-64,TOTAL,DK,2009-01-01,76.1,,
ESTAT:LFSA_ERGAN(1.0),17/04/26 11:00:00,A,PC,M,Y15-64,TOTAL,EA21,2009-01-01,70.6,,
ESTAT:LFSA_ERGAN(1.0),17/04/26 11:00:00,A,PC,M,Y15-64,TOTAL,EE,2009-01-01,64.3,,
ESTAT:LFSA_ERGAN(1.0),17/04/26 11:00:00,A,PC,M,Y15-64,TOTAL,EL,2009-01-01,73.0,b,
ESTAT:LFSA_ERGAN(1.0),17/04/26 11:00:00,A,PC,M,Y15-64,TOTAL,ES,2009-01-01,66.5,,
ESTAT:LFSA_ERGAN(1.0),17/04/26 11:00:00,A,PC,M,Y15-64,TOTAL,EU27_2020,2009-01-01,69.9,,
ESTAT:LFSA_ERGAN(1.0),17/04/26 11:00:00,A,PC,M,Y15-64,TOTAL,FI,2009-01-01,69.5,,
ESTAT:LFSA_ERGAN(1.0),17/04/26 11:00:00,A,PC,M,Y15-64,TOTAL,FR,2009-01-01,68.4,,
ESTAT:LFSA_ERGAN(1.0),17/04/26 11:00:00,A,PC,M,Y15-64,TOTAL,HR,2009-01-01,65.2,,
ESTAT:LFSA_ERGAN(1.0),17/04/26 11:00:00,A,PC,M,Y15-64,TOTAL,HU,2009-01-01,60.7,,
ESTAT:LFSA_ERGAN(1.0),17/04/26 11:00:00,A,PC,M,Y15-64,TOTAL,IE,2009-01-01,68.2,,
ESTAT:LFSA_ERGAN(1.0),17/04/26 11:00:00,A,PC,M,Y15-64,TOTAL,IS,2009-01-01,80.0,,
ESTAT:LFSA_ERGAN(1.0),17/04/26 11:00:00,A,PC,M,Y15-64,TOTAL,IT,2009-01-01,68.5,,
ESTAT:LFSA_ERGAN(1.0),17/04/26 11:00:00,A,PC,M,Y15-64,TOTAL,LT,2009-01-01,59.3,,
ESTAT:LFSA_ERGAN(1.0),17/04/26 11:00:00,A,PC,M,Y15-64,TOTAL,LU,2009-01-01,73.2,b,
ESTAT:LFSA_ERGAN(1.0),17/04/26 11:00:00,A,PC,M,Y15-64,TOTAL,LV,2009-01-01,60.3,,
ESTAT:LFSA_ERGAN(1.0),17/04/26 11:00:00,A,PC,M,Y15-64,TOTAL,MK,2009-01-01,52.8,,
ESTAT:LFSA_ERGAN(1.0),17/04/26 11:00:00,A,PC,M,Y15-64,TOTAL,MT,2009-01-01,71.9,,
ESTAT:LFSA_ERGAN(1.0),17/04/26 11:00:00,A,PC,M,Y15-64,TOTAL,NL,2009-01-01,80.7,,
ESTAT:LFSA_ERGAN(1.0),17/04/26 11:00:00,A,PC,M,Y15-64,TOTAL,NO,2009-01-01,78.3,,
ESTAT:LFSA_ERGAN(1.0),17/04/26 11:00:00,A,PC,M,Y15-64,TOTAL,PL,2009-01-01,66.1,,
ESTAT:LFSA_ERGAN(1.0),17/04/26 11:00:00,A,PC,M,Y15-64,TOTAL,PT,2009-01-01,70.8,,
ESTAT:LFSA_ERGAN(1.0),17/04/26 11:00:00,A,PC,M,Y15-64,TOTAL,RO,2009-01-01,65.2,,
ESTAT:LFSA_ERGAN(1.0),17/04/26 11:00:00,A,PC,M,Y15-64,TOTAL,SE,2009-01-01,74.2,,
ESTAT:LFSA_ERGAN(1.0),17/04/26 11:00:00,A,PC,M,Y15-64,TOTAL,SI,2009-01-01,71.0,,
ESTAT:LFSA_ERGAN(1.0),17/04/26 11:00:00,A,PC,M,Y15-64,TOTAL,SK,2009-01-01,67.6,,
ESTAT:LFSA_ERGAN(1.0),17/04/26 11:00:00,A,PC,M,Y15-64,TOTAL,TR,2009-01-01,64.5,,
ESTAT:LFSA_ERGAN(1.0),17/04/26 11:00:00,A,PC,M,Y15-64,TOTAL,UK,2009-01-01,74.9,,
ESTAT:LFSA_ERGAN(1.0),17/04/26 11:00:00,A,PC,M,Y15-74,TOTAL,AT,2009-01-01,67.9,,
ESTAT:LFSA_ERGAN(1.0),17/04/26 11:00:00,A,PC,M,Y15-74,TOTAL,BE,2009-01-01,60.5,,
ESTAT:LFSA_ERGAN(1.0),17/04/26 11:00:00,A,PC,M,Y15-74,TOTAL,BG,2009-01-01,59.7,,
ESTAT:LFSA_ERGAN(1.0),17/04/26 11:00:00,A,PC,M,Y15-74,TOTAL,CH,2009-01-01,77.9,,
ESTAT:LFSA_ERGAN(1.0),17/04/26 11:00:00,A,PC,M,Y15-74,TOTAL,CY,2009-01-01,71.3,b,
ESTAT:LFSA_ERGAN(1.0),17/04/26 11:00:00,A,PC,M,Y15-74,TOTAL,CZ,2009-01-01,67.9,,
ESTAT:LFSA_ERGAN(1.0),17/04/26 11:00:00,A,PC,M,Y15-74,TOTAL,DE,2009-01-01,65.5,,
ESTAT:LFSA_ERGAN(1.0),17/04/26 11:00:00,A,PC,M,Y15-74,TOTAL,DK,2009-01-01,69.1,,
ESTAT:LFSA_ERGAN(1.0),17/04/26 11:00:00,A,PC,M,Y15-74,TOTAL,EA21,2009-01-01,63.2,,
ESTAT:LFSA_ERGAN(1.0),17/04/26 11:00:00,A,PC,M,Y15-74,TOTAL,EE,2009-01-01,59.8,,
ESTAT:LFSA_ERGAN(1.0),17/04/26 11:00:00,A,PC,M,Y15-74,TOTAL,EL,2009-01-01,65.4,b,
ESTAT:LFSA_ERGAN(1.0),17/04/26 11:00:00,A,PC,M,Y15-74,TOTAL,ES,2009-01-01,60.5,,
ESTAT:LFSA_ERGAN(1.0),17/04/26 11:00:00,A,PC,M,Y15-74,TOTAL,EU27_2020,2009-01-01,63.1,,
ESTAT:LFSA_ERGAN(1.0),17/04/26 11:00:00,A,PC,M,Y15-74,TOTAL,FI,2009-01-01,62.9,,
ESTAT:LFSA_ERGAN(1.0),17/04/26 11:00:00,A,PC,M,Y15-74,TOTAL,FR,2009-01-01,61.7,,
ESTAT:LFSA_ERGAN(1.0),17/04/26 11:00:00,A,PC,M,Y15-74,TOTAL,HR,2009-01-01,58.8,,
ESTAT:LFSA_ERGAN(1.0),17/04/26 11:00:00,A,PC,M,Y15-74,TOTAL,HU,2009-01-01,55.1,,
ESTAT:LFSA_ERGAN(1.0),17/04/26 11:00:00,A,PC,M,Y15-74,TOTAL,IE,2009-01-01,64.2,,
ESTAT:LFSA_ERGAN(1.0),17/04/26 11:00:00,A,PC,M,Y15-74,TOTAL,IS,2009-01-01,76.9,,
ESTAT:LFSA_ERGAN(1.0),17/04/26 11:00:00,A,PC,M,Y15-74,TOTAL,IT,2009-01-01,60.8,,
ESTAT:LFSA_ERGAN(1.0),17/04/26 11:00:00,A,PC,M,Y15-74,TOTAL,LT,2009-01-01,54.4,,
ESTAT:LFSA_ERGAN(1.0),17/04/26 11:00:00,A,PC,M,Y15-74,TOTAL,LU,2009-01-01,66.3,b,
ESTAT:LFSA_ERGAN(1.0),17/04/26 11:00:00,A,PC,M,Y15-74,TOTAL,LV,2009-01-01,55.9,,
ESTAT:LFSA_ERGAN(1.0),17/04/26 11:00:00,A,PC,M,Y15-74,TOTAL,MK,2009-01-01,48.7,,
ESTAT:LFSA_ERGAN(1.0),17/04/26 11:00:00,A,PC,M,Y15-74,TOTAL,MT,2009-01-01,65.7,,
ESTAT:LFSA_ERGAN(1.0),17/04/26 11:00:00,A,PC,M,Y15-74,TOTAL,NL,2009-01-01,73.8,,
ESTAT:LFSA_ERGAN(1.0),17/04/26 11:00:00,A,PC,M,Y15-74,TOTAL,NO,2009-01-01,72.8,,
ESTAT:LFSA_ERGAN(1.0),17/04/26 11:00:00,A,PC,M,Y15-74,TOTAL,PL,2009-01-01,61.7,,
ESTAT:LFSA_ERGAN(1.0),17/04/26 11:00:00,A,PC,M,Y15-74,TOTAL,PT,2009-01-01,65.8,,
ESTAT:LFSA_ERGAN(1.0),17/04/26 11:00:00,A,PC,M,Y15-74,TOTAL,RO,2009-01-01,61.6,,
ESTAT:LFSA_ERGAN(1.0),17/04/26 11:00:00,A,PC,M,Y15-74,TOTAL,SE,2009-01-01,67.2,,
ESTAT:LFSA_ERGAN(1.0),17/04/26 11:00:00,A,PC,M,Y15-74,TOTAL,SI,2009-01-01,64.8,,
ESTAT:LFSA_ERGAN(1.0),17/04/26 11:00:00,A,PC,M,Y15-74,TOTAL,SK,2009-01-01,63.0,,
ESTAT:LFSA_ERGAN(1.0),17/04/26 11:00:00,A,PC,M,Y15-74,TOTAL,TR,2009-01-01,62.4,,
ESTAT:LFSA_ERGAN(1.0),17/04/26 11:00:00,A,PC,M,Y15-74,TOTAL,UK,2009-01-01,68.4,,
ESTAT:LFSA_ERGAN(1.0),17/04/26 11:00:00,A,PC,M,Y20-64,TOTAL,AT,2009-01-01,78.7,,
ESTAT:LFSA_ERGAN(1.0),17/04/26 11:00:00,A,PC,M,Y20-64,TOTAL,BE,2009-01-01,73.2,,
ESTAT:LFSA_ERGAN(1.0),17/04/26 11:00:00,A,PC,M,Y20-64,TOTAL,BG,2009-01-01,73.8,,
ESTAT:LFSA_ERGAN(1.0),17/04/26 11:00:00,A,PC,M,Y20-64,TOTAL,CH,2009-01-01,87.7,,
ESTAT:LFSA_ERGAN(1.0),17/04/26 11:00:00,A,PC,M,Y20-64,TOTAL,CY,2009-01-01,82.8,b,
ESTAT:LFSA_ERGAN(1.0),17/04/26 11:00:00,A,PC,M,Y20-64,TOTAL,CZ,2009-01-01,80.2,,
ESTAT:LFSA_ERGAN(1.0),17/04/26 11:00:00,A,PC,M,Y20-64,TOTAL,DE,2009-01-01,79.6,,
ESTAT:LFSA_ERGAN(1.0),17/04/26 11:00:00,A,PC,M,Y20-64,TOTAL,DK,2009-01-01,79.1,,
ESTAT:LFSA_ERGAN(1.0),17/04/26 11:00:00,A,PC,M,Y20-64,TOTAL,EA21,2009-01-01,75.5,,
ESTAT:LFSA_ERGAN(1.0),17/04/26 11:00:00,A,PC,M,Y20-64,TOTAL,EE,2009-01-01,71.0,,
ESTAT:LFSA_ERGAN(1.0),17/04/26 11:00:00,A,PC,M,Y20-64,TOTAL,EL,2009-01-01,78.5,b,
ESTAT:LFSA_ERGAN(1.0),17/04/26 11:00:00,A,PC,M,Y20-64,TOTAL,ES,2009-01-01,71.0,,
ESTAT:LFSA_ERGAN(1.0),17/04/26 11:00:00,A,PC,M,Y20-64,TOTAL,EU27_2020,2009-01-01,75.1,,
ESTAT:LFSA_ERGAN(1.0),17/04/26 11:00:00,A,PC,M,Y20-64,TOTAL,FI,2009-01-01,74.7,,
ESTAT:LFSA_ERGAN(1.0),17/04/26 11:00:00,A,PC,M,Y20-64,TOTAL,FR,2009-01-01,74.3,,
ESTAT:LFSA_ERGAN(1.0),17/04/26 11:00:00,A,PC,M,Y20-64,TOTAL,HR,2009-01-01,70.6,,
ESTAT:LFSA_ERGAN(1.0),17/04/26 11:00:00,A,PC,M,Y20-64,TOTAL,HU,2009-01-01,66.5,,
ESTAT:LFSA_ERGAN(1.0),17/04/26 11:00:00,A,PC,M,Y20-64,TOTAL,IE,2009-01-01,73.1,,
ESTAT:LFSA_ERGAN(1.0),17/04/26 11:00:00,A,PC,M,Y20-64,TOTAL,IS,2009-01-01,83.2,,
ESTAT:LFSA_ERGAN(1.0),17/04/26 11:00:00,A,PC,M,Y20-64,TOTAL,IT,2009-01-01,73.7,,
ESTAT:LFSA_ERGAN(1.0),17/04/26 11:00:00,A,PC,M,Y20-64,TOTAL,LT,2009-01-01,66.8,,
ESTAT:LFSA_ERGAN(1.0),17/04/26 11:00:00,A,PC,M,Y20-64,TOTAL,LU,2009-01-01,79.0,b,
ESTAT:LFSA_ERGAN(1.0),17/04/26 11:00:00,A,PC,M,Y20-64,TOTAL,LV,2009-01-01,66.8,,
ESTAT:LFSA_ERGAN(1.0),17/04/26 11:00:00,A,PC,M,Y20-64,TOTAL,MK,2009-01-01,58.4,,
ESTAT:LFSA_ERGAN(1.0),17/04/26 11:00:00,A,PC,M,Y20-64,TOTAL,MT,2009-01-01,77.5,,
ESTAT:LFSA_ERGAN(1.0),17/04/26 11:00:00,A,PC,M,Y20-64,TOTAL,NL,2009-01-01,83.6,,
ESTAT:LFSA_ERGAN(1.0),17/04/26 11:00:00,A,PC,M,Y20-64,TOTAL,NO,2009-01-01,83.1,,
ESTAT:LFSA_ERGAN(1.0),17/04/26 11:00:00,A,PC,M,Y20-64,TOTAL,PL,2009-01-01,72.6,,
ESTAT:LFSA_ERGAN(1.0),17/04/26 11:00:00,A,PC,M,Y20-64,TOTAL,PT,2009-01-01,76.4,,
ESTAT:LFSA_ERGAN(1.0),17/04/26 11:00:00,A,PC,M,Y20-64,TOTAL,RO,2009-01-01,70.7,,
ESTAT:LFSA_ERGAN(1.0),17/04/26 11:00:00,A,PC,M,Y20-64,TOTAL,SE,2009-01-01,80.9,,
ESTAT:LFSA_ERGAN(1.0),17/04/26 11:00:00,A,PC,M,Y20-64,TOTAL,SI,2009-01-01,75.6,,
ESTAT:LFSA_ERGAN(1.0),17/04/26 11:00:00,A,PC,M,Y20-64,TOTAL,SK,2009-01-01,74.6,,
ESTAT:LFSA_ERGAN(1.0),17/04/26 11:00:00,A,PC,M,Y20-64,TOTAL,TR,2009-01-01,70.4,,
ESTAT:LFSA_ERGAN(1.0),17/04/26 11:00:00,A,PC,M,Y20-64,TOTAL,UK,2009-01-01,79.7,,
ESTAT:LFSA_ERGAN(1.0),17/04/26 11:00:00,A,PC,T,Y15-64,TOTAL,AT,2009-01-01,70.3,,
ESTAT:LFSA_ERGAN(1.0),17/04/26 11:00:00,A,PC,T,Y15-64,TOTAL,BE,2009-01-01,61.6,,
ESTAT:LFSA_ERGAN(1.0),17/04/26 11:00:00,A,PC,T,Y15-64,TOTAL,BG,2009-01-01,62.6,,
ESTAT:LFSA_ERGAN(1.0),17/04/26 11:00:00,A,PC,T,Y15-64,TOTAL,CH,2009-01-01,79.0,,
ESTAT:LFSA_ERGAN(1.0),17/04/26 11:00:00,A,PC,T,Y15-64,TOTAL,CY,2009-01-01,69.0,b,
ESTAT:LFSA_ERGAN(1.0),17/04/26 11:00:00,A,PC,T,Y15-64,TOTAL,CZ,2009-01-01,65.4,,
ESTAT:LFSA_ERGAN(1.0),17/04/26 11:00:00,A,PC,T,Y15-64,TOTAL,DE,2009-01-01,70.3,,
ESTAT:LFSA_ERGAN(1.0),17/04/26 11:00:00,A,PC,T,Y15-64,TOTAL,DK,2009-01-01,73.5,,
ESTAT:LFSA_ERGAN(1.0),17/04/26 11:00:00,A,PC,T,Y15-64,TOTAL,EA21,2009-01-01,64.2,,
ESTAT:LFSA_ERGAN(1.0),17/04/26 11:00:00,A,PC,T,Y15-64,TOTAL,EE,2009-01-01,63.8,,
ESTAT:LFSA_ERGAN(1.0),17/04/26 11:00:00,A,PC,T,Y15-64,TOTAL,EL,2009-01-01,60.8,b,
ESTAT:LFSA_ERGAN(1.0),17/04/26 11:00:00,A,PC,T,Y15-64,TOTAL,ES,2009-01-01,60.0,,
ESTAT:LFSA_ERGAN(1.0),17/04/26 11:00:00,A,PC,T,Y15-64,TOTAL,EU27_2020,2009-01-01,63.6,,
ESTAT:LFSA_ERGAN(1.0),17/04/26 11:00:00,A,PC,T,Y15-64,TOTAL,FI,2009-01-01,68.7,,
ESTAT:LFSA_ERGAN(1.0),17/04/26 11:00:00,A,PC,T,Y15-64,TOTAL,FR,2009-01-01,64.1,,
ESTAT:LFSA_ERGAN(1.0),17/04/26 11:00:00,A,PC,T,Y15-64,TOTAL,HR,2009-01-01,59.3,,
ESTAT:LFSA_ERGAN(1.0),17/04/26 11:00:00,A,PC,T,Y15-64,TOTAL,HU,2009-01-01,55.0,,
ESTAT:LFSA_ERGAN(1.0),17/04/26 11:00:00,A,PC,T,Y15-64,TOTAL,IE,2009-01-01,63.6,,
ESTAT:LFSA_ERGAN(1.0),17/04/26 11:00:00,A,PC,T,Y15-64,TOTAL,IS,2009-01-01,78.3,,
ESTAT:LFSA_ERGAN(1.0),17/04/26 11:00:00,A,PC,T,Y15-64,TOTAL,IT,2009-01-01,57.4,,
ESTAT:LFSA_ERGAN(1.0),17/04/26 11:00:00,A,PC,T,Y15-64,TOTAL,LT,2009-01-01,59.9,,
ESTAT:LFSA_ERGAN(1.0),17/04/26 11:00:00,A,PC,T,Y15-64,TOTAL,LU,2009-01-01,65.2,b,
ESTAT:LFSA_ERGAN(1.0),17/04/26 11:00:00,A,PC,T,Y15-64,TOTAL,LV,2009-01-01,60.3,,
ESTAT:LFSA_ERGAN(1.0),17/04/26 11:00:00,A,PC,T,Y15-64,TOTAL,MK,2009-01-01,43.3,,
ESTAT:LFSA_ERGAN(1.0),17/04/26 11:00:00,A,PC,T,Y15-64,TOTAL,MT,2009-01-01,55.3,,
ESTAT:LFSA_ERGAN(1.0),17/04/26 11:00:00,A,PC,T,Y15-64,TOTAL,NL,2009-01-01,74.6,,
ESTAT:LFSA_ERGAN(1.0),17/04/26 11:00:00,A,PC,T,Y15-64,TOTAL,NO,2009-01-01,76.4,,
ESTAT:LFSA_ERGAN(1.0),17/04/26 11:00:00,A,PC,T,Y15-64,TOTAL,PL,2009-01-01,59.3,,
ESTAT:LFSA_ERGAN(1.0),17/04/26 11:00:00,A,PC,T,Y15-64,TOTAL,PT,2009-01-01,66.1,,
ESTAT:LFSA_ERGAN(1.0),17/04/26 11:00:00,A,PC,T,Y15-64,TOTAL,RO,2009-01-01,58.6,,
ESTAT:LFSA_ERGAN(1.0),17/04/26 11:00:00,A,PC,T,Y15-64,TOTAL,SE,2009-01-01,72.2,,
ESTAT:LFSA_ERGAN(1.0),17/04/26 11:00:00,A,PC,T,Y15-64,TOTAL,SI,2009-01-01,67.5,,
ESTAT:LFSA_ERGAN(1.0),17/04/26 11:00:00,A,PC,T,Y15-64,TOTAL,SK,2009-01-01,60.2,,
ESTAT:LFSA_ERGAN(1.0),17/04/26 11:00:00,A,PC,T,Y15-64,TOTAL,TR,2009-01-01,44.3,,
ESTAT:LFSA_ERGAN(1.0),17/04/26 11:00:00,A,PC,T,Y15-64,TOTAL,UK,2009-01-01,69.9,,
ESTAT:LFSA_ERGAN(1.0),17/04/26 11:00:00,A,PC,T,Y15-74,TOTAL,AT,2009-01-01,62.6,,
ESTAT:LFSA_ERGAN(1.0),17/04/26 11:00:00,A,PC,T,Y15-74,TOTAL,BE,2009-01-01,54.9,,
ESTAT:LFSA_ERGAN(1.0),17/04/26 11:00:00,A,PC,T,Y15-74,TOTAL,BG,2009-01-01,54.7,,
ESTAT:LFSA_ERGAN(1.0),17/04/26 11:00:00,A,PC,T,Y15-74,TOTAL,CH,2009-01-01,71.8,,
ESTAT:LFSA_ERGAN(1.0),17/04/26 11:00:00,A,PC,T,Y15-74,TOTAL,CY,2009-01-01,63.9,b,
ESTAT:LFSA_ERGAN(1.0),17/04/26 11:00:00,A,PC,T,Y15-74,TOTAL,CZ,2009-01-01,59.1,,
ESTAT:LFSA_ERGAN(1.0),17/04/26 11:00:00,A,PC,T,Y15-74,TOTAL,DE,2009-01-01,60.4,,
ESTAT:LFSA_ERGAN(1.0),17/04/26 11:00:00,A,PC,T,Y15-74,TOTAL,DK,2009-01-01,66.0,,
ESTAT:LFSA_ERGAN(1.0),17/04/26 11:00:00,A,PC,T,Y15-74,TOTAL,EA21,2009-01-01,56.8,,
ESTAT:LFSA_ERGAN(1.0),17/04/26 11:00:00,A,PC,T,Y15-74,TOTAL,EE,2009-01-01,57.7,,
ESTAT:LFSA_ERGAN(1.0),17/04/26 11:00:00,A,PC,T,Y15-74,TOTAL,EL,2009-01-01,53.9,b,
ESTAT:LFSA_ERGAN(1.0),17/04/26 11:00:00,A,PC,T,Y15-74,TOTAL,ES,2009-01-01,54.0,,
ESTAT:LFSA_ERGAN(1.0),17/04/26 11:00:00,A,PC,T,Y15-74,TOTAL,EU27_2020,2009-01-01,56.7,,
ESTAT:LFSA_ERGAN(1.0),17/04/26 11:00:00,A,PC,T,Y15-74,TOTAL,FI,2009-01-01,61.3,,
ESTAT:LFSA_ERGAN(1.0),17/04/26 11:00:00,A,PC,T,Y15-74,TOTAL,FR,2009-01-01,57.4,,
ESTAT:LFSA_ERGAN(1.0),17/04/26 11:00:00,A,PC,T,Y15-74,TOTAL,HR,2009-01-01,52.7,,
ESTAT:LFSA_ERGAN(1.0),17/04/26 11:00:00,A,PC,T,Y15-74,TOTAL,HU,2009-01-01,48.8,,
ESTAT:LFSA_ERGAN(1.0),17/04/26 11:00:00,A,PC,T,Y15-74,TOTAL,IE,2009-01-01,59.4,,
ESTAT:LFSA_ERGAN(1.0),17/04/26 11:00:00,A,PC,T,Y15-74,TOTAL,IS,2009-01-01,74.5,,
ESTAT:LFSA_ERGAN(1.0),17/04/26 11:00:00,A,PC,T,Y15-74,TOTAL,IT,2009-01-01,50.2,,
ESTAT:LFSA_ERGAN(1.0),17/04/26 11:00:00,A,PC,T,Y15-74,TOTAL,LT,2009-01-01,53.4,,
ESTAT:LFSA_ERGAN(1.0),17/04/26 11:00:00,A,PC,T,Y15-74,TOTAL,LU,2009-01-01,58.2,b,
ESTAT:LFSA_ERGAN(1.0),17/04/26 11:00:00,A,PC,T,Y15-74,TOTAL,LV,2009-01-01,54.3,,
ESTAT:LFSA_ERGAN(1.0),17/04/26 11:00:00,A,PC,T,Y15-74,TOTAL,MK,2009-01-01,39.6,,
ESTAT:LFSA_ERGAN(1.0),17/04/26 11:00:00,A,PC,T,Y15-74,TOTAL,MT,2009-01-01,50.0,,
ESTAT:LFSA_ERGAN(1.0),17/04/26 11:00:00,A,PC,T,Y15-74,TOTAL,NL,2009-01-01,67.6,,
ESTAT:LFSA_ERGAN(1.0),17/04/26 11:00:00,A,PC,T,Y15-74,TOTAL,NO,2009-01-01,70.4,,
ESTAT:LFSA_ERGAN(1.0),17/04/26 11:00:00,A,PC,T,Y15-74,TOTAL,PL,2009-01-01,54.4,,
ESTAT:LFSA_ERGAN(1.0),17/04/26 11:00:00,A,PC,T,Y15-74,TOTAL,PT,2009-01-01,60.6,,
ESTAT:LFSA_ERGAN(1.0),17/04/26 11:00:00,A,PC,T,Y15-74,TOTAL,RO,2009-01-01,54.7,,
ESTAT:LFSA_ERGAN(1.0),17/04/26 11:00:00,A,PC,T,Y15-74,TOTAL,SE,2009-01-01,64.7,,
ESTAT:LFSA_ERGAN(1.0),17/04/26 11:00:00,A,PC,T,Y15-74,TOTAL,SI,2009-01-01,60.6,,
ESTAT:LFSA_ERGAN(1.0),17/04/26 11:00:00,A,PC,T,Y15-74,TOTAL,SK,2009-01-01,55.1,,
ESTAT:LFSA_ERGAN(1.0),17/04/26 11:00:00,A,PC,T,Y15-74,TOTAL,TR,2009-01-01,42.6,,
ESTAT:LFSA_ERGAN(1.0),17/04/26 11:00:00,A,PC,T,Y15-74,TOTAL,UK,2009-01-01,63.3,,
ESTAT:LFSA_ERGAN(1.0),17/04/26 11:00:00,A,PC,T,Y20-64,TOTAL,AT,2009-01-01,73.4,,
ESTAT:LFSA_ERGAN(1.0),17/04/26 11:00:00,A,PC,T,Y20-64,TOTAL,BE,2009-01-01,67.1,,
ESTAT:LFSA_ERGAN(1.0),17/04/26 11:00:00,A,PC,T,Y20-64,TOTAL,BG,2009-01-01,68.8,,
ESTAT:LFSA_ERGAN(1.0),17/04/26 11:00:00,A,PC,T,Y20-64,TOTAL,CH,2009-01-01,81.7,,
ESTAT:LFSA_ERGAN(1.0),17/04/26 11:00:00,A,PC,T,Y20-64,TOTAL,CY,2009-01-01,75.3,b,
ESTAT:LFSA_ERGAN(1.0),17/04/26 11:00:00,A,PC,T,Y20-64,TOTAL,CZ,2009-01-01,70.9,,
ESTAT:LFSA_ERGAN(1.0),17/04/26 11:00:00,A,PC,T,Y20-64,TOTAL,DE,2009-01-01,74.2,,
ESTAT:LFSA_ERGAN(1.0),17/04/26 11:00:00,A,PC,T,Y20-64,TOTAL,DK,2009-01-01,76.1,,
ESTAT:LFSA_ERGAN(1.0),17/04/26 11:00:00,A,PC,T,Y20-64,TOTAL,EA21,2009-01-01,68.6,,
ESTAT:LFSA_ERGAN(1.0),17/04/26 11:00:00,A,PC,T,Y20-64,TOTAL,EE,2009-01-01,70.0,,
ESTAT:LFSA_ERGAN(1.0),17/04/26 11:00:00,A,PC,T,Y20-64,TOTAL,EL,2009-01-01,65.6,b,
ESTAT:LFSA_ERGAN(1.0),17/04/26 11:00:00,A,PC,T,Y20-64,TOTAL,ES,2009-01-01,64.0,,
ESTAT:LFSA_ERGAN(1.0),17/04/26 11:00:00,A,PC,T,Y20-64,TOTAL,EU27_2020,2009-01-01,68.2,,
ESTAT:LFSA_ERGAN(1.0),17/04/26 11:00:00,A,PC,T,Y20-64,TOTAL,FI,2009-01-01,73.5,,
ESTAT:LFSA_ERGAN(1.0),17/04/26 11:00:00,A,PC,T,Y20-64,TOTAL,FR,2009-01-01,69.5,,
ESTAT:LFSA_ERGAN(1.0),17/04/26 11:00:00,A,PC,T,Y20-64,TOTAL,HR,2009-01-01,64.2,,
ESTAT:LFSA_ERGAN(1.0),17/04/26 11:00:00,A,PC,T,Y20-64,TOTAL,HU,2009-01-01,60.1,,
ESTAT:LFSA_ERGAN(1.0),17/04/26 11:00:00,A,PC,T,Y20-64,TOTAL,IE,2009-01-01,68.0,,
ESTAT:LFSA_ERGAN(1.0),17/04/26 11:00:00,A,PC,T,Y20-64,TOTAL,IS,2009-01-01,80.6,,
ESTAT:LFSA_ERGAN(1.0),17/04/26 11:00:00,A,PC,T,Y20-64,TOTAL,IT,2009-01-01,61.6,,
ESTAT:LFSA_ERGAN(1.0),17/04/26 11:00:00,A,PC,T,Y20-64,TOTAL,LT,2009-01-01,67.0,,
ESTAT:LFSA_ERGAN(1.0),17/04/26 11:00:00,A,PC,T,Y20-64,TOTAL,LU,2009-01-01,70.4,b,
ESTAT:LFSA_ERGAN(1.0),17/04/26 11:00:00,A,PC,T,Y20-64,TOTAL,LV,2009-01-01,66.6,,
ESTAT:LFSA_ERGAN(1.0),17/04/26 11:00:00,A,PC,T,Y20-64,TOTAL,MK,2009-01-01,47.9,,
ESTAT:LFSA_ERGAN(1.0),17/04/26 11:00:00,A,PC,T,Y20-64,TOTAL,MT,2009-01-01,59.0,,
ESTAT:LFSA_ERGAN(1.0),17/04/26 11:00:00,A,PC,T,Y20-64,TOTAL,NL,2009-01-01,76.8,,
ESTAT:LFSA_ERGAN(1.0),17/04/26 11:00:00,A,PC,T,Y20-64,TOTAL,NO,2009-01-01,80.6,,
ESTAT:LFSA_ERGAN(1.0),17/04/26 11:00:00,A,PC,T,Y20-64,TOTAL,PL,2009-01-01,64.9,,
ESTAT:LFSA_ERGAN(1.0),17/04/26 11:00:00,A,PC,T,Y20-64,TOTAL,PT,2009-01-01,71.1,,
ESTAT:LFSA_ERGAN(1.0),17/04/26 11:00:00,A,PC,T,Y20-64,TOTAL,RO,2009-01-01,63.5,,
ESTAT:LFSA_ERGAN(1.0),17/04/26 11:00:00,A,PC,T,Y20-64,TOTAL,SE,2009-01-01,78.3,,
ESTAT:LFSA_ERGAN(1.0),17/04/26 11:00:00,A,PC,T,Y20-64,TOTAL,SI,2009-01-01,71.9,,
ESTAT:LFSA_ERGAN(1.0),17/04/26 11:00:00,A,PC,T,Y20-64,TOTAL,SK,2009-01-01,66.4,,
ESTAT:LFSA_ERGAN(1.0),17/04/26 11:00:00,A,PC,T,Y20-64,TOTAL,TR,2009-01-01,47.8,,
ESTAT:LFSA_ERGAN(1.0),17/04/26 11:00:00,A,PC,T,Y20-64,TOTAL,UK,2009-01-01,73.9,,
ESTAT:LFSA_ERGAN(1.0),17/04/26 11:00:00,A,PC,F,Y15-64,TOTAL,AT,2010-01-01,65.7,,
ESTAT:LFSA_ERGAN(1.0),17/04/26 11:00:00,A,PC,F,Y15-64,TOTAL,BE,2010-01-01,56.5,,
ESTAT:LFSA_ERGAN(1.0),17/04/26 11:00:00,A,PC,F,Y15-64,TOTAL,BG,2010-01-01,56.2,b,
ESTAT:LFSA_ERGAN(1.0),17/04/26 11:00:00,A,PC,F,Y15-64,TOTAL,CH,2010-01-01,71.3,b,
ESTAT:LFSA_ERGAN(1.0),17/04/26 11:00:00,A,PC,F,Y15-64,TOTAL,CY,2010-01-01,63.0,,
ESTAT:LFSA_ERGAN(1.0),17/04/26 11:00:00,A,PC,F,Y15-64,TOTAL,CZ,2010-01-01,56.3,,
ESTAT:LFSA_ERGAN(1.0),17/04/26 11:00:00,A,PC,F,Y15-64,TOTAL,DE,2010-01-01,66.2,b,
ESTAT:LFSA_ERGAN(1.0),17/04/26 11:00:00,A,PC,F,Y15-64,TOTAL,DK,2010-01-01,69.5,,
ESTAT:LFSA_ERGAN(1.0),17/04/26 11:00:00,A,PC,F,Y15-64,TOTAL,EA21,2010-01-01,57.8,,
ESTAT:LFSA_ERGAN(1.0),17/04/26 11:00:00,A,PC,F,Y15-64,TOTAL,EE,2010-01-01,60.8,,
ESTAT:LFSA_ERGAN(1.0),17/04/26 11:00:00,A,PC,F,Y15-64,TOTAL,EL,2010-01-01,48.0,,
ESTAT:LFSA_ERGAN(1.0),17/04/26 11:00:00,A,PC,F,Y15-64,TOTAL,ES,2010-01-01,52.8,,
ESTAT:LFSA_ERGAN(1.0),17/04/26 11:00:00,A,PC,F,Y15-64,TOTAL,EU27_2020,2010-01-01,57.3,,
ESTAT:LFSA_ERGAN(1.0),17/04/26 11:00:00,A,PC,F,Y15-64,TOTAL,FI,2010-01-01,66.9,,
ESTAT:LFSA_ERGAN(1.0),17/04/26 11:00:00,A,PC,F,Y15-64,TOTAL,FR,2010-01-01,59.8,,
ESTAT:LFSA_ERGAN(1.0),17/04/26 11:00:00,A,PC,F,Y15-64,TOTAL,HR,2010-01-01,51.8,,
ESTAT:LFSA_ERGAN(1.0),17/04/26 11:00:00,A,PC,F,Y15-64,TOTAL,HU,2010-01-01,50.2,,
ESTAT:LFSA_ERGAN(1.0),17/04/26 11:00:00,A,PC,F,Y15-64,TOTAL,IE,2010-01-01,57.1,,
ESTAT:LFSA_ERGAN(1.0),17/04/26 11:00:00,A,PC,F,Y15-64,TOTAL,IS,2010-01-01,76.2,,
ESTAT:LFSA_ERGAN(1.0),17/04/26 11:00:00,A,PC,F,Y15-64,TOTAL,IT,2010-01-01,46.1,,
ESTAT:LFSA_ERGAN(1.0),17/04/26 11:00:00,A,PC,F,Y15-64,TOTAL,LT,2010-01-01,58.5,,
ESTAT:LFSA_ERGAN(1.0),17/04/26 11:00:00,A,PC,F,Y15-64,TOTAL,LU,2010-01-01,57.2,,
ESTAT:LFSA_ERGAN(1.0),17/04/26 11:00:00,A,PC,F,Y15-64,TOTAL,LV,2010-01-01,59.0,,
ESTAT:LFSA_ERGAN(1.0),17/04/26 11:00:00,A,PC,F,Y15-64,TOTAL,MK,2010-01-01,34.0,,
ESTAT:LFSA_ERGAN(1.0),17/04/26 11:00:00,A,PC,F,Y15-64,TOTAL,MT,2010-01-01,39.5,,
ESTAT:LFSA_ERGAN(1.0),17/04/26 11:00:00,A,PC,F,Y15-64,TOTAL,NL,2010-01-01,68.3,,
ESTAT:LFSA_ERGAN(1.0),17/04/26 11:00:00,A,PC,F,Y15-64,TOTAL,NO,2010-01-01,73.3,,
ESTAT:LFSA_ERGAN(1.0),17/04/26 11:00:00,A,PC,F,Y15-64,TOTAL,PL,2010-01-01,52.6,b,
ESTAT:LFSA_ERGAN(1.0),17/04/26 11:00:00,A,PC,F,Y15-64,TOTAL,PT,2010-01-01,61.0,,
ESTAT:LFSA_ERGAN(1.0),17/04/26 11:00:00,A,PC,F,Y15-64,TOTAL,RO,2010-01-01,52.5,b,
ESTAT:LFSA_ERGAN(1.0),17/04/26 11:00:00,A,PC,F,Y15-64,TOTAL,RS,2010-01-01,40.1,,
ESTAT:LFSA_ERGAN(1.0),17/04/26 11:00:00,A,PC,F,Y15-64,TOTAL,SE,2010-01-01,69.7,,
ESTAT:LFSA_ERGAN(1.0),17/04/26 11:00:00,A,PC,F,Y15-64,TOTAL,SI,2010-01-01,62.6,,
ESTAT:LFSA_ERGAN(1.0),17/04/26 11:00:00,A,PC,F,Y15-64,TOTAL,SK,2010-01-01,52.3,,
ESTAT:LFSA_ERGAN(1.0),17/04/26 11:00:00,A,PC,F,Y15-64,TOTAL,TR,2010-01-01,26.2,,
ESTAT:LFSA_ERGAN(1.0),17/04/26 11:00:00,A,PC,F,Y15-64,TOTAL,UK,2010-01-01,64.5,,
ESTAT:LFSA_ERGAN(1.0),17/04/26 11:00:00,A,PC,F,Y15-74,TOTAL,AT,2010-01-01,57.7,,
ESTAT:LFSA_ERGAN(1.0),17/04/26 11:00:00,A,PC,F,Y15-74,TOTAL,BE,2010-01-01,49.9,,
ESTAT:LFSA_ERGAN(1.0),17/04/26 11:00:00,A,PC,F,Y15-74,TOTAL,BG,2010-01-01,48.5,b,
ESTAT:LFSA_ERGAN(1.0),17/04/26 11:00:00,A,PC,F,Y15-74,TOTAL,CH,2010-01-01,63.7,b,
ESTAT:LFSA_ERGAN(1.0),17/04/26 11:00:00,A,PC,F,Y15-74,TOTAL,CY,2010-01-01,57.7,,
ESTAT:LFSA_ERGAN(1.0),17/04/26 11:00:00,A,PC,F,Y15-74,TOTAL,CZ,2010-01-01,49.7,,
ESTAT:LFSA_ERGAN(1.0),17/04/26 11:00:00,A,PC,F,Y15-74,TOTAL,DE,2010-01-01,56.2,b,
ESTAT:LFSA_ERGAN(1.0),17/04/26 11:00:00,A,PC,F,Y15-74,TOTAL,DK,2010-01-01,61.2,,
ESTAT:LFSA_ERGAN(1.0),17/04/26 11:00:00,A,PC,F,Y15-74,TOTAL,EA21,2010-01-01,50.6,,
ESTAT:LFSA_ERGAN(1.0),17/04/26 11:00:00,A,PC,F,Y15-74,TOTAL,EE,2010-01-01,53.9,,
ESTAT:LFSA_ERGAN(1.0),17/04/26 11:00:00,A,PC,F,Y15-74,TOTAL,EL,2010-01-01,42.0,,
ESTAT:LFSA_ERGAN(1.0),17/04/26 11:00:00,A,PC,F,Y15-74,TOTAL,ES,2010-01-01,47.0,,
ESTAT:LFSA_ERGAN(1.0),17/04/26 11:00:00,A,PC,F,Y15-74,TOTAL,EU27_2020,2010-01-01,50.3,,
ESTAT:LFSA_ERGAN(1.0),17/04/26 11:00:00,A,PC,F,Y15-74,TOTAL,FI,2010-01-01,58.8,,
ESTAT:LFSA_ERGAN(1.0),17/04/26 11:00:00,A,PC,F,Y15-74,TOTAL,FR,2010-01-01,53.2,,
ESTAT:LFSA_ERGAN(1.0),17/04/26 11:00:00,A,PC,F,Y15-74,TOTAL,HR,2010-01-01,45.4,,
ESTAT:LFSA_ERGAN(1.0),17/04/26 11:00:00,A,PC,F,Y15-74,TOTAL,HU,2010-01-01,43.6,,
ESTAT:LFSA_ERGAN(1.0),17/04/26 11:00:00,A,PC,F,Y15-74,TOTAL,IE,2010-01-01,52.7,,
ESTAT:LFSA_ERGAN(1.0),17/04/26 11:00:00,A,PC,F,Y15-74,TOTAL,IS,2010-01-01,71.6,,
ESTAT:LFSA_ERGAN(1.0),17/04/26 11:00:00,A,PC,F,Y15-74,TOTAL,IT,2010-01-01,39.9,,
ESTAT:LFSA_ERGAN(1.0),17/04/26 11:00:00,A,PC,F,Y15-74,TOTAL,LT,2010-01-01,50.9,,
ESTAT:LFSA_ERGAN(1.0),17/04/26 11:00:00,A,PC,F,Y15-74,TOTAL,LU,2010-01-01,50.5,,
ESTAT:LFSA_ERGAN(1.0),17/04/26 11:00:00,A,PC,F,Y15-74,TOTAL,LV,2010-01-01,51.1,,
ESTAT:LFSA_ERGAN(1.0),17/04/26 11:00:00,A,PC,F,Y15-74,TOTAL,MK,2010-01-01,30.9,,
ESTAT:LFSA_ERGAN(1.0),17/04/26 11:00:00,A,PC,F,Y15-74,TOTAL,MT,2010-01-01,35.0,,
ESTAT:LFSA_ERGAN(1.0),17/04/26 11:00:00,A,PC,F,Y15-74,TOTAL,NL,2010-01-01,61.0,,
ESTAT:LFSA_ERGAN(1.0),17/04/26 11:00:00,A,PC,F,Y15-74,TOTAL,NO,2010-01-01,66.6,,
ESTAT:LFSA_ERGAN(1.0),17/04/26 11:00:00,A,PC,F,Y15-74,TOTAL,PL,2010-01-01,47.3,b,
ESTAT:LFSA_ERGAN(1.0),17/04/26 11:00:00,A,PC,F,Y15-74,TOTAL,PT,2010-01-01,55.1,,
ESTAT:LFSA_ERGAN(1.0),17/04/26 11:00:00,A,PC,F,Y15-74,TOTAL,RO,2010-01-01,48.3,b,
ESTAT:LFSA_ERGAN(1.0),17/04/26 11:00:00,A,PC,F,Y15-74,TOTAL,RS,2010-01-01,34.9,,
ESTAT:LFSA_ERGAN(1.0),17/04/26 11:00:00,A,PC,F,Y15-74,TOTAL,SE,2010-01-01,61.4,,
ESTAT:LFSA_ERGAN(1.0),17/04/26 11:00:00,A,PC,F,Y15-74,TOTAL,SI,2010-01-01,55.2,,
ESTAT:LFSA_ERGAN(1.0),17/04/26 11:00:00,A,PC,F,Y15-74,TOTAL,SK,2010-01-01,47.1,,
ESTAT:LFSA_ERGAN(1.0),17/04/26 11:00:00,A,PC,F,Y15-74,TOTAL,TR,2010-01-01,25.0,,
ESTAT:LFSA_ERGAN(1.0),17/04/26 11:00:00,A,PC,F,Y15-74,TOTAL,UK,2010-01-01,58.1,,
ESTAT:LFSA_ERGAN(1.0),17/04/26 11:00:00,A,PC,F,Y20-64,TOTAL,AT,2010-01-01,68.8,,
ESTAT:LFSA_ERGAN(1.0),17/04/26 11:00:00,A,PC,F,Y20-64,TOTAL,BE,2010-01-01,61.6,,
ESTAT:LFSA_ERGAN(1.0),17/04/26 11:00:00,A,PC,F,Y20-64,TOTAL,BG,2010-01-01,60.8,b,
ESTAT:LFSA_ERGAN(1.0),17/04/26 11:00:00,A,PC,F,Y20-64,TOTAL,CH,2010-01-01,73.2,b,
ESTAT:LFSA_ERGAN(1.0),17/04/26 11:00:00,A,PC,F,Y20-64,TOTAL,CY,2010-01-01,68.8,,
ESTAT:LFSA_ERGAN(1.0),17/04/26 11:00:00,A,PC,F,Y20-64,TOTAL,CZ,2010-01-01,60.9,,
ESTAT:LFSA_ERGAN(1.0),17/04/26 11:00:00,A,PC,F,Y20-64,TOTAL,DE,2010-01-01,69.7,b,
ESTAT:LFSA_ERGAN(1.0),17/04/26 11:00:00,A,PC,F,Y20-64,TOTAL,DK,2010-01-01,72.0,,
ESTAT:LFSA_ERGAN(1.0),17/04/26 11:00:00,A,PC,F,Y20-64,TOTAL,EA21,2010-01-01,61.7,,
ESTAT:LFSA_ERGAN(1.0),17/04/26 11:00:00,A,PC,F,Y20-64,TOTAL,EE,2010-01-01,65.9,,
ESTAT:LFSA_ERGAN(1.0),17/04/26 11:00:00,A,PC,F,Y20-64,TOTAL,EL,2010-01-01,51.8,,
ESTAT:LFSA_ERGAN(1.0),17/04/26 11:00:00,A,PC,F,Y20-64,TOTAL,ES,2010-01-01,56.3,,
ESTAT:LFSA_ERGAN(1.0),17/04/26 11:00:00,A,PC,F,Y20-64,TOTAL,EU27_2020,2010-01-01,61.2,,
ESTAT:LFSA_ERGAN(1.0),17/04/26 11:00:00,A,PC,F,Y20-64,TOTAL,FI,2010-01-01,71.5,,
ESTAT:LFSA_ERGAN(1.0),17/04/26 11:00:00,A,PC,F,Y20-64,TOTAL,FR,2010-01-01,64.9,,
ESTAT:LFSA_ERGAN(1.0),17/04/26 11:00:00,A,PC,F,Y20-64,TOTAL,HR,2010-01-01,56.1,,
ESTAT:LFSA_ERGAN(1.0),17/04/26 11:00:00,A,PC,F,Y20-64,TOTAL,HU,2010-01-01,54.6,,
ESTAT:LFSA_ERGAN(1.0),17/04/26 11:00:00,A,PC,F,Y20-64,TOTAL,IE,2010-01-01,61.1,,
ESTAT:LFSA_ERGAN(1.0),17/04/26 11:00:00,A,PC,F,Y20-64,TOTAL,IS,2010-01-01,77.6,,
ESTAT:LFSA_ERGAN(1.0),17/04/26 11:00:00,A,PC,F,Y20-64,TOTAL,IT,2010-01-01,49.5,,
ESTAT:LFSA_ERGAN(1.0),17/04/26 11:00:00,A,PC,F,Y20-64,TOTAL,LT,2010-01-01,65.0,,
ESTAT:LFSA_ERGAN(1.0),17/04/26 11:00:00,A,PC,F,Y20-64,TOTAL,LU,2010-01-01,62.0,,
ESTAT:LFSA_ERGAN(1.0),17/04/26 11:00:00,A,PC,F,Y20-64,TOTAL,LV,2010-01-01,64.5,,
ESTAT:LFSA_ERGAN(1.0),17/04/26 11:00:00,A,PC,F,Y20-64,TOTAL,MK,2010-01-01,37.5,,
ESTAT:LFSA_ERGAN(1.0),17/04/26 11:00:00,A,PC,F,Y20-64,TOTAL,MT,2010-01-01,41.6,,
ESTAT:LFSA_ERGAN(1.0),17/04/26 11:00:00,A,PC,F,Y20-64,TOTAL,NL,2010-01-01,69.8,,
ESTAT:LFSA_ERGAN(1.0),17/04/26 11:00:00,A,PC,F,Y20-64,TOTAL,NO,2010-01-01,76.9,,
ESTAT:LFSA_ERGAN(1.0),17/04/26 11:00:00,A,PC,F,Y20-64,TOTAL,PL,2010-01-01,57.3,b,
ESTAT:LFSA_ERGAN(1.0),17/04/26 11:00:00,A,PC,F,Y20-64,TOTAL,PT,2010-01-01,65.6,,
ESTAT:LFSA_ERGAN(1.0),17/04/26 11:00:00,A,PC,F,Y20-64,TOTAL,RO,2010-01-01,56.5,b,
ESTAT:LFSA_ERGAN(1.0),17/04/26 11:00:00,A,PC,F,Y20-64,TOTAL,RS,2010-01-01,43.5,,
ESTAT:LFSA_ERGAN(1.0),17/04/26 11:00:00,A,PC,F,Y20-64,TOTAL,SE,2010-01-01,75.0,,
ESTAT:LFSA_ERGAN(1.0),17/04/26 11:00:00,A,PC,F,Y20-64,TOTAL,SI,2010-01-01,66.5,,
ESTAT:LFSA_ERGAN(1.0),17/04/26 11:00:00,A,PC,F,Y20-64,TOTAL,SK,2010-01-01,57.4,,
ESTAT:LFSA_ERGAN(1.0),17/04/26 11:00:00,A,PC,F,Y20-64,TOTAL,TR,2010-01-01,28.0,,
ESTAT:LFSA_ERGAN(1.0),17/04/26 11:00:00,A,PC,F,Y20-64,TOTAL,UK,2010-01-01,67.9,,
ESTAT:LFSA_ERGAN(1.0),17/04/26 11:00:00,A,PC,M,Y15-64,TOTAL,AT,2010-01-01,76.0,,
ESTAT:LFSA_ERGAN(1.0),17/04/26 11:00:00,A,PC,M,Y15-64,TOTAL,BE,2010-01-01,67.4,,
ESTAT:LFSA_ERGAN(1.0),17/04/26 11:00:00,A,PC,M,Y15-64,TOTAL,BG,2010-01-01,63.3,b,
ESTAT:LFSA_ERGAN(1.0),17/04/26 11:00:00,A,PC,M,Y15-64,TOTAL,CH,2010-01-01,83.2,b,
ESTAT:LFSA_ERGAN(1.0),17/04/26 11:00:00,A,PC,M,Y15-64,TOTAL,CY,2010-01-01,75.3,,
ESTAT:LFSA_ERGAN(1.0),17/04/26 11:00:00,A,PC,M,Y15-64,TOTAL,CZ,2010-01-01,73.5,,
ESTAT:LFSA_ERGAN(1.0),17/04/26 11:00:00,A,PC,M,Y15-64,TOTAL,DE,2010-01-01,76.3,b,
ESTAT:LFSA_ERGAN(1.0),17/04/26 11:00:00,A,PC,M,Y15-64,TOTAL,DK,2010-01-01,74.1,,
ESTAT:LFSA_ERGAN(1.0),17/04/26 11:00:00,A,PC,M,Y15-64,TOTAL,EA21,2010-01-01,69.9,,
ESTAT:LFSA_ERGAN(1.0),17/04/26 11:00:00,A,PC,M,Y15-64,TOTAL,EE,2010-01-01,61.7,,
ESTAT:LFSA_ERGAN(1.0),17/04/26 11:00:00,A,PC,M,Y15-64,TOTAL,EL,2010-01-01,70.3,,
ESTAT:LFSA_ERGAN(1.0),17/04/26 11:00:00,A,PC,M,Y15-64,TOTAL,ES,2010-01-01,64.8,,
ESTAT:LFSA_ERGAN(1.0),17/04/26 11:00:00,A,PC,M,Y15-64,TOTAL,EU27_2020,2010-01-01,69.4,,
ESTAT:LFSA_ERGAN(1.0),17/04/26 11:00:00,A,PC,M,Y15-64,TOTAL,FI,2010-01-01,69.4,,
ESTAT:LFSA_ERGAN(1.0),17/04/26 11:00:00,A,PC,M,Y15-64,TOTAL,FR,2010-01-01,68.3,,
ESTAT:LFSA_ERGAN(1.0),17/04/26 11:00:00,A,PC,M,Y15-64,TOTAL,HR,2010-01-01,62.6,,
ESTAT:LFSA_ERGAN(1.0),17/04/26 11:00:00,A,PC,M,Y15-64,TOTAL,HU,2010-01-01,59.9,,
ESTAT:LFSA_ERGAN(1.0),17/04/26 11:00:00,A,PC,M,Y15-64,TOTAL,IE,2010-01-01,64.9,,
ESTAT:LFSA_ERGAN(1.0),17/04/26 11:00:00,A,PC,M,Y15-64,TOTAL,IS,2010-01-01,80.1,,
ESTAT:LFSA_ERGAN(1.0),17/04/26 11:00:00,A,PC,M,Y15-64,TOTAL,IT,2010-01-01,67.5,,
ESTAT:LFSA_ERGAN(1.0),17/04/26 11:00:00,A,PC,M,Y15-64,TOTAL,LT,2010-01-01,56.5,,
ESTAT:LFSA_ERGAN(1.0),17/04/26 11:00:00,A,PC,M,Y15-64,TOTAL,LU,2010-01-01,73.1,,
ESTAT:LFSA_ERGAN(1.0),17/04/26 11:00:00,A,PC,M,Y15-64,TOTAL,LV,2010-01-01,57.9,,
ESTAT:LFSA_ERGAN(1.0),17/04/26 11:00:00,A,PC,M,Y15-64,TOTAL,MK,2010-01-01,52.8,,
ESTAT:LFSA_ERGAN(1.0),17/04/26 11:00:00,A,PC,M,Y15-64,TOTAL,MT,2010-01-01,72.5,,
ESTAT:LFSA_ERGAN(1.0),17/04/26 11:00:00,A,PC,M,Y15-64,TOTAL,NL,2010-01-01,79.5,,
ESTAT:LFSA_ERGAN(1.0),17/04/26 11:00:00,A,PC,M,Y15-64,TOTAL,NO,2010-01-01,77.3,,
ESTAT:LFSA_ERGAN(1.0),17/04/26 11:00:00,A,PC,M,Y15-64,TOTAL,PL,2010-01-01,65.3,b,
ESTAT:LFSA_ERGAN(1.0),17/04/26 11:00:00,A,PC,M,Y15-64,TOTAL,PT,2010-01-01,69.8,,
ESTAT:LFSA_ERGAN(1.0),17/04/26 11:00:00,A,PC,M,Y15-64,TOTAL,RO,2010-01-01,67.9,b,
ESTAT:LFSA_ERGAN(1.0),17/04/26 11:00:00,A,PC,M,Y15-64,TOTAL,RS,2010-01-01,54.7,,
ESTAT:LFSA_ERGAN(1.0),17/04/26 11:00:00,A,PC,M,Y15-64,TOTAL,SE,2010-01-01,74.6,,
ESTAT:LFSA_ERGAN(1.0),17/04/26 11:00:00,A,PC,M,Y15-64,TOTAL,SI,2010-01-01,69.6,,
ESTAT:LFSA_ERGAN(1.0),17/04/26 11:00:00,A,PC,M,Y15-64,TOTAL,SK,2010-01-01,65.2,,
ESTAT:LFSA_ERGAN(1.0),17/04/26 11:00:00,A,PC,M,Y15-64,TOTAL,TR,2010-01-01,66.7,,
ESTAT:LFSA_ERGAN(1.0),17/04/26 11:00:00,A,PC,M,Y15-64,TOTAL,UK,2010-01-01,74.4,,
ESTAT:LFSA_ERGAN(1.0),17/04/26 11:00:00,A,PC,M,Y15-74,TOTAL,AT,2010-01-01,68.1,,
ESTAT:LFSA_ERGAN(1.0),17/04/26 11:00:00,A,PC,M,Y15-74,TOTAL,BE,2010-01-01,60.7,,
ESTAT:LFSA_ERGAN(1.0),17/04/26 11:00:00,A,PC,M,Y15-74,TOTAL,BG,2010-01-01,57.1,b,
ESTAT:LFSA_ERGAN(1.0),17/04/26 11:00:00,A,PC,M,Y15-74,TOTAL,CH,2010-01-01,76.5,b,
ESTAT:LFSA_ERGAN(1.0),17/04/26 11:00:00,A,PC,M,Y15-74,TOTAL,CY,2010-01-01,70.3,,
ESTAT:LFSA_ERGAN(1.0),17/04/26 11:00:00,A,PC,M,Y15-74,TOTAL,CZ,2010-01-01,67.3,,
ESTAT:LFSA_ERGAN(1.0),17/04/26 11:00:00,A,PC,M,Y15-74,TOTAL,DE,2010-01-01,66.3,b,
ESTAT:LFSA_ERGAN(1.0),17/04/26 11:00:00,A,PC,M,Y15-74,TOTAL,DK,2010-01-01,67.1,,
ESTAT:LFSA_ERGAN(1.0),17/04/26 11:00:00,A,PC,M,Y15-74,TOTAL,EA21,2010-01-01,62.6,,
ESTAT:LFSA_ERGAN(1.0),17/04/26 11:00:00,A,PC,M,Y15-74,TOTAL,EE,2010-01-01,57.2,,
ESTAT:LFSA_ERGAN(1.0),17/04/26 11:00:00,A,PC,M,Y15-74,TOTAL,EL,2010-01-01,63.0,,
ESTAT:LFSA_ERGAN(1.0),17/04/26 11:00:00,A,PC,M,Y15-74,TOTAL,ES,2010-01-01,58.8,,
ESTAT:LFSA_ERGAN(1.0),17/04/26 11:00:00,A,PC,M,Y15-74,TOTAL,EU27_2020,2010-01-01,62.6,,
ESTAT:LFSA_ERGAN(1.0),17/04/26 11:00:00,A,PC,M,Y15-74,TOTAL,FI,2010-01-01,62.8,,
ESTAT:LFSA_ERGAN(1.0),17/04/26 11:00:00,A,PC,M,Y15-74,TOTAL,FR,2010-01-01,61.6,,
ESTAT:LFSA_ERGAN(1.0),17/04/26 11:00:00,A,PC,M,Y15-74,TOTAL,HR,2010-01-01,56.6,,
ESTAT:LFSA_ERGAN(1.0),17/04/26 11:00:00,A,PC,M,Y15-74,TOTAL,HU,2010-01-01,54.2,,
ESTAT:LFSA_ERGAN(1.0),17/04/26 11:00:00,A,PC,M,Y15-74,TOTAL,IE,2010-01-01,61.0,,
ESTAT:LFSA_ERGAN(1.0),17/04/26 11:00:00,A,PC,M,Y15-74,TOTAL,IS,2010-01-01,77.0,,
ESTAT:LFSA_ERGAN(1.0),17/04/26 11:00:00,A,PC,M,Y15-74,TOTAL,IT,2010-01-01,59.9,,
ESTAT:LFSA_ERGAN(1.0),17/04/26 11:00:00,A,PC,M,Y15-74,TOTAL,LT,2010-01-01,51.9,,
ESTAT:LFSA_ERGAN(1.0),17/04/26 11:00:00,A,PC,M,Y15-74,TOTAL,LU,2010-01-01,66.1,,
ESTAT:LFSA_ERGAN(1.0),17/04/26 11:00:00,A,PC,M,Y15-74,TOTAL,LV,2010-01-01,53.0,,
ESTAT:LFSA_ERGAN(1.0),17/04/26 11:00:00,A,PC,M,Y15-74,TOTAL,MK,2010-01-01,48.8,,
ESTAT:LFSA_ERGAN(1.0),17/04/26 11:00:00,A,PC,M,Y15-74,TOTAL,MT,2010-01-01,65.9,,
ESTAT:LFSA_ERGAN(1.0),17/04/26 11:00:00,A,PC,M,Y15-74,TOTAL,NL,2010-01-01,72.3,,
ESTAT:LFSA_ERGAN(1.0),17/04/26 11:00:00,A,PC,M,Y15-74,TOTAL,NO,2010-01-01,71.8,,
ESTAT:LFSA_ERGAN(1.0),17/04/26 11:00:00,A,PC,M,Y15-74,TOTAL,PL,2010-01-01,60.9,b,
ESTAT:LFSA_ERGAN(1.0),17/04/26 11:00:00,A,PC,M,Y15-74,TOTAL,PT,2010-01-01,64.7,,
ESTAT:LFSA_ERGAN(1.0),17/04/26 11:00:00,A,PC,M,Y15-74,TOTAL,RO,2010-01-01,63.6,b,
ESTAT:LFSA_ERGAN(1.0),17/04/26 11:00:00,A,PC,M,Y15-74,TOTAL,RS,2010-01-01,49.2,,
ESTAT:LFSA_ERGAN(1.0),17/04/26 11:00:00,A,PC,M,Y15-74,TOTAL,SE,2010-01-01,67.5,,
ESTAT:LFSA_ERGAN(1.0),17/04/26 11:00:00,A,PC,M,Y15-74,TOTAL,SI,2010-01-01,64.0,,
ESTAT:LFSA_ERGAN(1.0),17/04/26 11:00:00,A,PC,M,Y15-74,TOTAL,SK,2010-01-01,60.7,,
ESTAT:LFSA_ERGAN(1.0),17/04/26 11:00:00,A,PC,M,Y15-74,TOTAL,TR,2010-01-01,64.4,,
ESTAT:LFSA_ERGAN(1.0),17/04/26 11:00:00,A,PC,M,Y15-74,TOTAL,UK,2010-01-01,68.0,,
ESTAT:LFSA_ERGAN(1.0),17/04/26 11:00:00,A,PC,M,Y20-64,TOTAL,AT,2010-01-01,79.0,,
ESTAT:LFSA_ERGAN(1.0),17/04/26 11:00:00,A,PC,M,Y20-64,TOTAL,BE,2010-01-01,73.5,,
ESTAT:LFSA_ERGAN(1.0),17/04/26 11:00:00,A,PC,M,Y20-64,TOTAL,BG,2010-01-01,68.6,b,
ESTAT:LFSA_ERGAN(1.0),17/04/26 11:00:00,A,PC,M,Y20-64,TOTAL,CH,2010-01-01,86.1,b,
ESTAT:LFSA_ERGAN(1.0),17/04/26 11:00:00,A,PC,M,Y20-64,TOTAL,CY,2010-01-01,81.7,,
ESTAT:LFSA_ERGAN(1.0),17/04/26 11:00:00,A,PC,M,Y20-64,TOTAL,CZ,2010-01-01,79.6,,
ESTAT:LFSA_ERGAN(1.0),17/04/26 11:00:00,A,PC,M,Y20-64,TOTAL,DE,2010-01-01,80.4,b,
ESTAT:LFSA_ERGAN(1.0),17/04/26 11:00:00,A,PC,M,Y20-64,TOTAL,DK,2010-01-01,77.7,,
ESTAT:LFSA_ERGAN(1.0),17/04/26 11:00:00,A,PC,M,Y20-64,TOTAL,EA21,2010-01-01,74.8,,
ESTAT:LFSA_ERGAN(1.0),17/04/26 11:00:00,A,PC,M,Y20-64,TOTAL,EE,2010-01-01,67.8,,
ESTAT:LFSA_ERGAN(1.0),17/04/26 11:00:00,A,PC,M,Y20-64,TOTAL,EL,2010-01-01,76.0,,
ESTAT:LFSA_ERGAN(1.0),17/04/26 11:00:00,A,PC,M,Y20-64,TOTAL,ES,2010-01-01,69.2,,
ESTAT:LFSA_ERGAN(1.0),17/04/26 11:00:00,A,PC,M,Y20-64,TOTAL,EU27_2020,2010-01-01,74.5,,
ESTAT:LFSA_ERGAN(1.0),17/04/26 11:00:00,A,PC,M,Y20-64,TOTAL,FI,2010-01-01,74.5,,
ESTAT:LFSA_ERGAN(1.0),17/04/26 11:00:00,A,PC,M,Y20-64,TOTAL,FR,2010-01-01,74.0,,
ESTAT:LFSA_ERGAN(1.0),17/04/26 11:00:00,A,PC,M,Y20-64,TOTAL,HR,2010-01-01,67.9,,
ESTAT:LFSA_ERGAN(1.0),17/04/26 11:00:00,A,PC,M,Y20-64,TOTAL,HU,2010-01-01,65.5,,
ESTAT:LFSA_ERGAN(1.0),17/04/26 11:00:00,A,PC,M,Y20-64,TOTAL,IE,2010-01-01,69.9,,
ESTAT:LFSA_ERGAN(1.0),17/04/26 11:00:00,A,PC,M,Y20-64,TOTAL,IS,2010-01-01,83.1,,
ESTAT:LFSA_ERGAN(1.0),17/04/26 11:00:00,A,PC,M,Y20-64,TOTAL,IT,2010-01-01,72.7,,
ESTAT:LFSA_ERGAN(1.0),17/04/26 11:00:00,A,PC,M,Y20-64,TOTAL,LT,2010-01-01,63.5,,
ESTAT:LFSA_ERGAN(1.0),17/04/26 11:00:00,A,PC,M,Y20-64,TOTAL,LU,2010-01-01,79.2,,
ESTAT:LFSA_ERGAN(1.0),17/04/26 11:00:00,A,PC,M,Y20-64,TOTAL,LV,2010-01-01,64.0,,
ESTAT:LFSA_ERGAN(1.0),17/04/26 11:00:00,A,PC,M,Y20-64,TOTAL,MK,2010-01-01,58.4,,
ESTAT:LFSA_ERGAN(1.0),17/04/26 11:00:00,A,PC,M,Y20-64,TOTAL,MT,2010-01-01,78.2,,
ESTAT:LFSA_ERGAN(1.0),17/04/26 11:00:00,A,PC,M,Y20-64,TOTAL,NL,2010-01-01,82.5,,
ESTAT:LFSA_ERGAN(1.0),17/04/26 11:00:00,A,PC,M,Y20-64,TOTAL,NO,2010-01-01,82.1,,
ESTAT:LFSA_ERGAN(1.0),17/04/26 11:00:00,A,PC,M,Y20-64,TOTAL,PL,2010-01-01,71.3,b,
ESTAT:LFSA_ERGAN(1.0),17/04/26 11:00:00,A,PC,M,Y20-64,TOTAL,PT,2010-01-01,75.4,,
ESTAT:LFSA_ERGAN(1.0),17/04/26 11:00:00,A,PC,M,Y20-64,TOTAL,RO,2010-01-01,73.1,b,
ESTAT:LFSA_ERGAN(1.0),17/04/26 11:00:00,A,PC,M,Y20-64,TOTAL,RS,2010-01-01,59.5,,
ESTAT:LFSA_ERGAN(1.0),17/04/26 11:00:00,A,PC,M,Y20-64,TOTAL,SE,2010-01-01,81.1,,
ESTAT:LFSA_ERGAN(1.0),17/04/26 11:00:00,A,PC,M,Y20-64,TOTAL,SI,2010-01-01,74.0,,
ESTAT:LFSA_ERGAN(1.0),17/04/26 11:00:00,A,PC,M,Y20-64,TOTAL,SK,2010-01-01,71.9,,
ESTAT:LFSA_ERGAN(1.0),17/04/26 11:00:00,A,PC,M,Y20-64,TOTAL,TR,2010-01-01,72.7,,
ESTAT:LFSA_ERGAN(1.0),17/04/26 11:00:00,A,PC,M,Y20-64,TOTAL,UK,2010-01-01,79.3,,
ESTAT:LFSA_ERGAN(1.0),17/04/26 11:00:00,A,PC,T,Y15-64,TOTAL,AT,2010-01-01,70.8,,
ESTAT:LFSA_ERGAN(1.0),17/04/26 11:00:00,A,PC,T,Y15-64,TOTAL,BE,2010-01-01,62.0,,
ESTAT:LFSA_ERGAN(1.0),17/04/26 11:00:00,A,PC,T,Y15-64,TOTAL,BG,2010-01-01,59.8,b,
ESTAT:LFSA_ERGAN(1.0),17/04/26 11:00:00,A,PC,T,Y15-64,TOTAL,CH,2010-01-01,77.3,b,
ESTAT:LFSA_ERGAN(1.0),17/04/26 11:00:00,A,PC,T,Y15-64,TOTAL,CY,2010-01-01,68.9,,
ESTAT:LFSA_ERGAN(1.0),17/04/26 11:00:00,A,PC,T,Y15-64,TOTAL,CZ,2010-01-01,65.0,,
ESTAT:LFSA_ERGAN(1.0),17/04/26 11:00:00,A,PC,T,Y15-64,TOTAL,DE,2010-01-01,71.3,b,
ESTAT:LFSA_ERGAN(1.0),17/04/26 11:00:00,A,PC,T,Y15-64,TOTAL,DK,2010-01-01,71.8,,
ESTAT:LFSA_ERGAN(1.0),17/04/26 11:00:00,A,PC,T,Y15-64,TOTAL,EA21,2010-01-01,63.8,,
ESTAT:LFSA_ERGAN(1.0),17/04/26 11:00:00,A,PC,T,Y15-64,TOTAL,EE,2010-01-01,61.2,,
ESTAT:LFSA_ERGAN(1.0),17/04/26 11:00:00,A,PC,T,Y15-64,TOTAL,EL,2010-01-01,59.1,,
ESTAT:LFSA_ERGAN(1.0),17/04/26 11:00:00,A,PC,T,Y15-64,TOTAL,ES,2010-01-01,58.8,,
ESTAT:LFSA_ERGAN(1.0),17/04/26 11:00:00,A,PC,T,Y15-64,TOTAL,EU27_2020,2010-01-01,63.3,,
ESTAT:LFSA_ERGAN(1.0),17/04/26 11:00:00,A,PC,T,Y15-64,TOTAL,FI,2010-01-01,68.1,,
ESTAT:LFSA_ERGAN(1.0),17/04/26 11:00:00,A,PC,T,Y15-64,TOTAL,FR,2010-01-01,64.0,,
ESTAT:LFSA_ERGAN(1.0),17/04/26 11:00:00,A,PC,T,Y15-64,TOTAL,HR,2010-01-01,57.2,,
ESTAT:LFSA_ERGAN(1.0),17/04/26 11:00:00,A,PC,T,Y15-64,TOTAL,HU,2010-01-01,54.9,,
ESTAT:LFSA_ERGAN(1.0),17/04/26 11:00:00,A,PC,T,Y15-64,TOTAL,IE,2010-01-01,61.0,,
ESTAT:LFSA_ERGAN(1.0),17/04/26 11:00:00,A,PC,T,Y15-64,TOTAL,IS,2010-01-01,78.2,,
ESTAT:LFSA_ERGAN(1.0),17/04/26 11:00:00,A,PC,T,Y15-64,TOTAL,IT,2010-01-01,56.8,,
ESTAT:LFSA_ERGAN(1.0),17/04/26 11:00:00,A,PC,T,Y15-64,TOTAL,LT,2010-01-01,57.6,,
ESTAT:LFSA_ERGAN(1.0),17/04/26 11:00:00,A,PC,T,Y15-64,TOTAL,LU,2010-01-01,65.2,,
ESTAT:LFSA_ERGAN(1.0),17/04/26 11:00:00,A,PC,T,Y15-64,TOTAL,LV,2010-01-01,58.5,,
ESTAT:LFSA_ERGAN(1.0),17/04/26 11:00:00,A,PC,T,Y15-64,TOTAL,MK,2010-01-01,43.5,,
ESTAT:LFSA_ERGAN(1.0),17/04/26 11:00:00,A,PC,T,Y15-64,TOTAL,MT,2010-01-01,56.2,,
ESTAT:LFSA_ERGAN(1.0),17/04/26 11:00:00,A,PC,T,Y15-64,TOTAL,NL,2010-01-01,73.9,,
ESTAT:LFSA_ERGAN(1.0),17/04/26 11:00:00,A,PC,T,Y15-64,TOTAL,NO,2010-01-01,75.3,,
ESTAT:LFSA_ERGAN(1.0),17/04/26 11:00:00,A,PC,T,Y15-64,TOTAL,PL,2010-01-01,58.9,b,
ESTAT:LFSA_ERGAN(1.0),17/04/26 11:00:00,A,PC,T,Y15-64,TOTAL,PT,2010-01-01,65.3,,
ESTAT:LFSA_ERGAN(1.0),17/04/26 11:00:00,A,PC,T,Y15-64,TOTAL,RO,2010-01-01,60.2,b,
ESTAT:LFSA_ERGAN(1.0),17/04/26 11:00:00,A,PC,T,Y15-64,TOTAL,RS,2010-01-01,47.3,,
ESTAT:LFSA_ERGAN(1.0),17/04/26 11:00:00,A,PC,T,Y15-64,TOTAL,SE,2010-01-01,72.1,,
ESTAT:LFSA_ERGAN(1.0),17/04/26 11:00:00,A,PC,T,Y15-64,TOTAL,SI,2010-01-01,66.2,,
ESTAT:LFSA_ERGAN(1.0),17/04/26 11:00:00,A,PC,T,Y15-64,TOTAL,SK,2010-01-01,58.8,,
ESTAT:LFSA_ERGAN(1.0),17/04/26 11:00:00,A,PC,T,Y15-64,TOTAL,TR,2010-01-01,46.3,,
ESTAT:LFSA_ERGAN(1.0),17/04/26 11:00:00,A,PC,T,Y15-64,TOTAL,UK,2010-01-01,69.4,,
ESTAT:LFSA_ERGAN(1.0),17/04/26 11:00:00,A,PC,T,Y15-74,TOTAL,AT,2010-01-01,62.9,,
ESTAT:LFSA_ERGAN(1.0),17/04/26 11:00:00,A,PC,T,Y15-74,TOTAL,BE,2010-01-01,55.3,,
ESTAT:LFSA_ERGAN(1.0),17/04/26 11:00:00,A,PC,T,Y15-74,TOTAL,BG,2010-01-01,52.7,b,
ESTAT:LFSA_ERGAN(1.0),17/04/26 11:00:00,A,PC,T,Y15-74,TOTAL,CH,2010-01-01,70.1,b,
ESTAT:LFSA_ERGAN(1.0),17/04/26 11:00:00,A,PC,T,Y15-74,TOTAL,CY,2010-01-01,63.7,,
ESTAT:LFSA_ERGAN(1.0),17/04/26 11:00:00,A,PC,T,Y15-74,TOTAL,CZ,2010-01-01,58.5,,
ESTAT:LFSA_ERGAN(1.0),17/04/26 11:00:00,A,PC,T,Y15-74,TOTAL,DE,2010-01-01,61.2,b,
ESTAT:LFSA_ERGAN(1.0),17/04/26 11:00:00,A,PC,T,Y15-74,TOTAL,DK,2010-01-01,64.1,,
ESTAT:LFSA_ERGAN(1.0),17/04/26 11:00:00,A,PC,T,Y15-74,TOTAL,EA21,2010-01-01,56.5,,
ESTAT:LFSA_ERGAN(1.0),17/04/26 11:00:00,A,PC,T,Y15-74,TOTAL,EE,2010-01-01,55.5,,
ESTAT:LFSA_ERGAN(1.0),17/04/26 11:00:00,A,PC,T,Y15-74,TOTAL,EL,2010-01-01,52.3,,
ESTAT:LFSA_ERGAN(1.0),17/04/26 11:00:00,A,PC,T,Y15-74,TOTAL,ES,2010-01-01,52.9,,
ESTAT:LFSA_ERGAN(1.0),17/04/26 11:00:00,A,PC,T,Y15-74,TOTAL,EU27_2020,2010-01-01,56.4,,
ESTAT:LFSA_ERGAN(1.0),17/04/26 11:00:00,A,PC,T,Y15-74,TOTAL,FI,2010-01-01,60.8,,
ESTAT:LFSA_ERGAN(1.0),17/04/26 11:00:00,A,PC,T,Y15-74,TOTAL,FR,2010-01-01,57.3,,
ESTAT:LFSA_ERGAN(1.0),17/04/26 11:00:00,A,PC,T,Y15-74,TOTAL,HR,2010-01-01,50.9,,
ESTAT:LFSA_ERGAN(1.0),17/04/26 11:00:00,A,PC,T,Y15-74,TOTAL,HU,2010-01-01,48.7,,
ESTAT:LFSA_ERGAN(1.0),17/04/26 11:00:00,A,PC,T,Y15-74,TOTAL,IE,2010-01-01,56.8,,
ESTAT:LFSA_ERGAN(1.0),17/04/26 11:00:00,A,PC,T,Y15-74,TOTAL,IS,2010-01-01,74.3,,
ESTAT:LFSA_ERGAN(1.0),17/04/26 11:00:00,A,PC,T,Y15-74,TOTAL,IT,2010-01-01,49.7,,
ESTAT:LFSA_ERGAN(1.0),17/04/26 11:00:00,A,PC,T,Y15-74,TOTAL,LT,2010-01-01,51.4,,
ESTAT:LFSA_ERGAN(1.0),17/04/26 11:00:00,A,PC,T,Y15-74,TOTAL,LU,2010-01-01,58.3,,
ESTAT:LFSA_ERGAN(1.0),17/04/26 11:00:00,A,PC,T,Y15-74,TOTAL,LV,2010-01-01,52.0,,
ESTAT:LFSA_ERGAN(1.0),17/04/26 11:00:00,A,PC,T,Y15-74,TOTAL,MK,2010-01-01,39.9,,
ESTAT:LFSA_ERGAN(1.0),17/04/26 11:00:00,A,PC,T,Y15-74,TOTAL,MT,2010-01-01,50.6,,
ESTAT:LFSA_ERGAN(1.0),17/04/26 11:00:00,A,PC,T,Y15-74,TOTAL,NL,2010-01-01,66.7,,
ESTAT:LFSA_ERGAN(1.0),17/04/26 11:00:00,A,PC,T,Y15-74,TOTAL,NO,2010-01-01,69.3,,
ESTAT:LFSA_ERGAN(1.0),17/04/26 11:00:00,A,PC,T,Y15-74,TOTAL,PL,2010-01-01,53.9,b,
ESTAT:LFSA_ERGAN(1.0),17/04/26 11:00:00,A,PC,T,Y15-74,TOTAL,PT,2010-01-01,59.7,,
ESTAT:LFSA_ERGAN(1.0),17/04/26 11:00:00,A,PC,T,Y15-74,TOTAL,RO,2010-01-01,55.8,b,
ESTAT:LFSA_ERGAN(1.0),17/04/26 11:00:00,A,PC,T,Y15-74,TOTAL,RS,2010-01-01,41.9,,
ESTAT:LFSA_ERGAN(1.0),17/04/26 11:00:00,A,PC,T,Y15-74,TOTAL,SE,2010-01-01,64.5,,
ESTAT:LFSA_ERGAN(1.0),17/04/26 11:00:00,A,PC,T,Y15-74,TOTAL,SI,2010-01-01,59.6,,
ESTAT:LFSA_ERGAN(1.0),17/04/26 11:00:00,A,PC,T,Y15-74,TOTAL,SK,2010-01-01,53.8,,
ESTAT:LFSA_ERGAN(1.0),17/04/26 11:00:00,A,PC,T,Y15-74,TOTAL,TR,2010-01-01,44.5,,
ESTAT:LFSA_ERGAN(1.0),17/04/26 11:00:00,A,PC,T,Y15-74,TOTAL,UK,2010-01-01,63.0,,
ESTAT:LFSA_ERGAN(1.0),17/04/26 11:00:00,A,PC,T,Y20-64,TOTAL,AT,2010-01-01,73.9,,
ESTAT:LFSA_ERGAN(1.0),17/04/26 11:00:00,A,PC,T,Y20-64,TOTAL,BE,2010-01-01,67.6,,
ESTAT:LFSA_ERGAN(1.0),17/04/26 11:00:00,A,PC,T,Y20-64,TOTAL,BG,2010-01-01,64.7,b,
ESTAT:LFSA_ERGAN(1.0),17/04/26 11:00:00,A,PC,T,Y20-64,TOTAL,CH,2010-01-01,79.7,b,
ESTAT:LFSA_ERGAN(1.0),17/04/26 11:00:00,A,PC,T,Y20-64,TOTAL,CY,2010-01-01,75.0,,
ESTAT:LFSA_ERGAN(1.0),17/04/26 11:00:00,A,PC,T,Y20-64,TOTAL,CZ,2010-01-01,70.4,,
ESTAT:LFSA_ERGAN(1.0),17/04/26 11:00:00,A,PC,T,Y20-64,TOTAL,DE,2010-01-01,75.0,b,
ESTAT:LFSA_ERGAN(1.0),17/04/26 11:00:00,A,PC,T,Y20-64,TOTAL,DK,2010-01-01,74.9,,
ESTAT:LFSA_ERGAN(1.0),17/04/26 11:00:00,A,PC,T,Y20-64,TOTAL,EA21,2010-01-01,68.2,,
ESTAT:LFSA_ERGAN(1.0),17/04/26 11:00:00,A,PC,T,Y20-64,TOTAL,EE,2010-01-01,66.8,,
ESTAT:LFSA_ERGAN(1.0),17/04/26 11:00:00,A,PC,T,Y20-64,TOTAL,EL,2010-01-01,63.8,,
ESTAT:LFSA_ERGAN(1.0),17/04/26 11:00:00,A,PC,T,Y20-64,TOTAL,ES,2010-01-01,62.8,,
ESTAT:LFSA_ERGAN(1.0),17/04/26 11:00:00,A,PC,T,Y20-64,TOTAL,EU27_2020,2010-01-01,67.8,,
ESTAT:LFSA_ERGAN(1.0),17/04/26 11:00:00,A,PC,T,Y20-64,TOTAL,FI,2010-01-01,73.0,,
ESTAT:LFSA_ERGAN(1.0),17/04/26 11:00:00,A,PC,T,Y20-64,TOTAL,FR,2010-01-01,69.3,,
ESTAT:LFSA_ERGAN(1.0),17/04/26 11:00:00,A,PC,T,Y20-64,TOTAL,HR,2010-01-01,62.0,,
ESTAT:LFSA_ERGAN(1.0),17/04/26 11:00:00,A,PC,T,Y20-64,TOTAL,HU,2010-01-01,59.9,,
ESTAT:LFSA_ERGAN(1.0),17/04/26 11:00:00,A,PC,T,Y20-64,TOTAL,IE,2010-01-01,65.5,,
ESTAT:LFSA_ERGAN(1.0),17/04/26 11:00:00,A,PC,T,Y20-64,TOTAL,IS,2010-01-01,80.4,,
ESTAT:LFSA_ERGAN(1.0),17/04/26 11:00:00,A,PC,T,Y20-64,TOTAL,IT,2010-01-01,61.0,,
ESTAT:LFSA_ERGAN(1.0),17/04/26 11:00:00,A,PC,T,Y20-64,TOTAL,LT,2010-01-01,64.3,,
ESTAT:LFSA_ERGAN(1.0),17/04/26 11:00:00,A,PC,T,Y20-64,TOTAL,LU,2010-01-01,70.7,,
ESTAT:LFSA_ERGAN(1.0),17/04/26 11:00:00,A,PC,T,Y20-64,TOTAL,LV,2010-01-01,64.3,,
ESTAT:LFSA_ERGAN(1.0),17/04/26 11:00:00,A,PC,T,Y20-64,TOTAL,MK,2010-01-01,48.1,,
ESTAT:LFSA_ERGAN(1.0),17/04/26 11:00:00,A,PC,T,Y20-64,TOTAL,MT,2010-01-01,60.1,,
ESTAT:LFSA_ERGAN(1.0),17/04/26 11:00:00,A,PC,T,Y20-64,TOTAL,NL,2010-01-01,76.2,,
ESTAT:LFSA_ERGAN(1.0),17/04/26 11:00:00,A,PC,T,Y20-64,TOTAL,NO,2010-01-01,79.6,,
ESTAT:LFSA_ERGAN(1.0),17/04/26 11:00:00,A,PC,T,Y20-64,TOTAL,PL,2010-01-01,64.3,b,
ESTAT:LFSA_ERGAN(1.0),17/04/26 11:00:00,A,PC,T,Y20-64,TOTAL,PT,2010-01-01,70.3,,
ESTAT:LFSA_ERGAN(1.0),17/04/26 11:00:00,A,PC,T,Y20-64,TOTAL,RO,2010-01-01,64.8,b,
ESTAT:LFSA_ERGAN(1.0),17/04/26 11:00:00,A,PC,T,Y20-64,TOTAL,RS,2010-01-01,51.4,,
ESTAT:LFSA_ERGAN(1.0),17/04/26 11:00:00,A,PC,T,Y20-64,TOTAL,SE,2010-01-01,78.1,,
ESTAT:LFSA_ERGAN(1.0),17/04/26 11:00:00,A,PC,T,Y20-64,TOTAL,SI,2010-01-01,70.3,,
ESTAT:LFSA_ERGAN(1.0),17/04/26 11:00:00,A,PC,T,Y20-64,TOTAL,SK,2010-01-01,64.6,,
ESTAT:LFSA_ERGAN(1.0),17/04/26 11:00:00,A,PC,T,Y20-64,TOTAL,TR,2010-01-01,50.0,,
ESTAT:LFSA_ERGAN(1.0),17/04/26 11:00:00,A,PC,T,Y20-64,TOTAL,UK,2010-01-01,73.5,,
ESTAT:LFSA_ERGAN(1.0),17/04/26 11:00:00,A,PC,F,Y15-64,TOTAL,AT,2011-01-01,66.1,,
ESTAT:LFSA_ERGAN(1.0),17/04/26 11:00:00,A,PC,F,Y15-64,TOTAL,BE,2011-01-01,56.7,b,
ESTAT:LFSA_ERGAN(1.0),17/04/26 11:00:00,A,PC,F,Y15-64,TOTAL,BG,2011-01-01,55.6,b,
ESTAT:LFSA_ERGAN(1.0),17/04/26 11:00:00,A,PC,F,Y15-64,TOTAL,CH,2011-01-01,72.5,,
ESTAT:LFSA_ERGAN(1.0),17/04/26 11:00:00,A,PC,F,Y15-64,TOTAL,CY,2011-01-01,62.1,,
ESTAT:LFSA_ERGAN(1.0),17/04/26 11:00:00,A,PC,F,Y15-64,TOTAL,CZ,2011-01-01,57.2,b,
ESTAT:LFSA_ERGAN(1.0),17/04/26 11:00:00,A,PC,F,Y15-64,TOTAL,DE,2011-01-01,67.8,b,
ESTAT:LFSA_ERGAN(1.0),17/04/26 11:00:00,A,PC,F,Y15-64,TOTAL,DK,2011-01-01,68.8,,
ESTAT:LFSA_ERGAN(1.0),17/04/26 11:00:00,A,PC,F,Y15-64,TOTAL,EA21,2011-01-01,58.1,,
ESTAT:LFSA_ERGAN(1.0),17/04/26 11:00:00,A,PC,F,Y15-64,TOTAL,EE,2011-01-01,63.0,,
ESTAT:LFSA_ERGAN(1.0),17/04/26 11:00:00,A,PC,F,Y15-64,TOTAL,EL,2011-01-01,45.0,,
ESTAT:LFSA_ERGAN(1.0),17/04/26 11:00:00,A,PC,F,Y15-64,TOTAL,ES,2011-01-01,52.6,,
ESTAT:LFSA_ERGAN(1.0),17/04/26 11:00:00,A,PC,F,Y15-64,TOTAL,EU27_2020,2011-01-01,57.5,,
ESTAT:LFSA_ERGAN(1.0),17/04/26 11:00:00,A,PC,F,Y15-64,TOTAL,FI,2011-01-01,67.4,,
ESTAT:LFSA_ERGAN(1.0),17/04/26 11:00:00,A,PC,F,Y15-64,TOTAL,FR,2011-01-01,59.7,,
ESTAT:LFSA_ERGAN(1.0),17/04/26 11:00:00,A,PC,F,Y15-64,TOTAL,HR,2011-01-01,49.6,,
ESTAT:LFSA_ERGAN(1.0),17/04/26 11:00:00,A,PC,F,Y15-64,TOTAL,HU,2011-01-01,50.3,,
ESTAT:LFSA_ERGAN(1.0),17/04/26 11:00:00,A,PC,F,Y15-64,TOTAL,IE,2011-01-01,56.3,,
ESTAT:LFSA_ERGAN(1.0),17/04/26 11:00:00,A,PC,F,Y15-64,TOTAL,IS,2011-01-01,76.6,,
ESTAT:LFSA_ERGAN(1.0),17/04/26 11:00:00,A,PC,F,Y15-64,TOTAL,IT,2011-01-01,46.5,,
ESTAT:LFSA_ERGAN(1.0),17/04/26 11:00:00,A,PC,F,Y15-64,TOTAL,LT,2011-01-01,60.2,,
ESTAT:LFSA_ERGAN(1.0),17/04/26 11:00:00,A,PC,F,Y15-64,TOTAL,LU,2011-01-01,56.9,,
ESTAT:LFSA_ERGAN(1.0),17/04/26 11:00:00,A,PC,F,Y15-64,TOTAL,LV,2011-01-01,60.2,,
ESTAT:LFSA_ERGAN(1.0),17/04/26 11:00:00,A,PC,F,Y15-64,TOTAL,ME,2011-01-01,40.2,,
ESTAT:LFSA_ERGAN(1.0),17/04/26 11:00:00,A,PC,F,Y15-64,TOTAL,MK,2011-01-01,35.3,,
ESTAT:LFSA_ERGAN(1.0),17/04/26 11:00:00,A,PC,F,Y15-64,TOTAL,MT,2011-01-01,41.5,,
ESTAT:LFSA_ERGAN(1.0),17/04/26 11:00:00,A,PC,F,Y15-64,TOTAL,NL,2011-01-01,68.9,,
ESTAT:LFSA_ERGAN(1.0),17/04/26 11:00:00,A,PC,F,Y15-64,TOTAL,NO,2011-01-01,73.4,,
ESTAT:LFSA_ERGAN(1.0),17/04/26 11:00:00,A,PC,F,Y15-64,TOTAL,PL,2011-01-01,52.7,,
ESTAT:LFSA_ERGAN(1.0),17/04/26 11:00:00,A,PC,F,Y15-64,TOTAL,PT,2011-01-01,60.0,b,
ESTAT:LFSA_ERGAN(1.0),17/04/26 11:00:00,A,PC,F,Y15-64,TOTAL,RO,2011-01-01,52.3,,
ESTAT:LFSA_ERGAN(1.0),17/04/26 11:00:00,A,PC,F,Y15-64,TOTAL,RS,2011-01-01,38.3,,
ESTAT:LFSA_ERGAN(1.0),17/04/26 11:00:00,A,PC,F,Y15-64,TOTAL,SE,2011-01-01,71.3,,
ESTAT:LFSA_ERGAN(1.0),17/04/26 11:00:00,A,PC,F,Y15-64,TOTAL,SI,2011-01-01,60.9,,
ESTAT:LFSA_ERGAN(1.0),17/04/26 11:00:00,A,PC,F,Y15-64,TOTAL,SK,2011-01-01,52.5,b,
ESTAT:LFSA_ERGAN(1.0),17/04/26 11:00:00,A,PC,F,Y15-64,TOTAL,TR,2011-01-01,27.8,,
ESTAT:LFSA_ERGAN(1.0),17/04/26 11:00:00,A,PC,F,Y15-64,TOTAL,UK,2011-01-01,64.4,,
ESTAT:LFSA_ERGAN(1.0),17/04/26 11:00:00,A,PC,F,Y15-74,TOTAL,AT,2011-01-01,58.1,,
ESTAT:LFSA_ERGAN(1.0),17/04/26 11:00:00,A,PC,F,Y15-74,TOTAL,BE,2011-01-01,50.0,b,
ESTAT:LFSA_ERGAN(1.0),17/04/26 11:00:00,A,PC,F,Y15-74,TOTAL,BG,2011-01-01,47.8,b,
ESTAT:LFSA_ERGAN(1.0),17/04/26 11:00:00,A,PC,F,Y15-74,TOTAL,CH,2011-01-01,64.6,,
ESTAT:LFSA_ERGAN(1.0),17/04/26 11:00:00,A,PC,F,Y15-74,TOTAL,CY,2011-01-01,56.8,,
ESTAT:LFSA_ERGAN(1.0),17/04/26 11:00:00,A,PC,F,Y15-74,TOTAL,CZ,2011-01-01,50.3,b,
ESTAT:LFSA_ERGAN(1.0),17/04/26 11:00:00,A,PC,F,Y15-74,TOTAL,DE,2011-01-01,58.0,b,
ESTAT:LFSA_ERGAN(1.0),17/04/26 11:00:00,A,PC,F,Y15-74,TOTAL,DK,2011-01-01,60.4,,
ESTAT:LFSA_ERGAN(1.0),17/04/26 11:00:00,A,PC,F,Y15-74,TOTAL,EA21,2011-01-01,50.8,,
ESTAT:LFSA_ERGAN(1.0),17/04/26 11:00:00,A,PC,F,Y15-74,TOTAL,EE,2011-01-01,56.3,,
ESTAT:LFSA_ERGAN(1.0),17/04/26 11:00:00,A,PC,F,Y15-74,TOTAL,EL,2011-01-01,39.3,,
ESTAT:LFSA_ERGAN(1.0),17/04/26 11:00:00,A,PC,F,Y15-74,TOTAL,ES,2011-01-01,46.8,,
ESTAT:LFSA_ERGAN(1.0),17/04/26 11:00:00,A,PC,F,Y15-74,TOTAL,EU27_2020,2011-01-01,50.6,,
ESTAT:LFSA_ERGAN(1.0),17/04/26 11:00:00,A,PC,F,Y15-74,TOTAL,FI,2011-01-01,59.0,,
ESTAT:LFSA_ERGAN(1.0),17/04/26 11:00:00,A,PC,F,Y15-74,TOTAL,FR,2011-01-01,53.0,,
ESTAT:LFSA_ERGAN(1.0),17/04/26 11:00:00,A,PC,F,Y15-74,TOTAL,HR,2011-01-01,43.6,,
ESTAT:LFSA_ERGAN(1.0),17/04/26 11:00:00,A,PC,F,Y15-74,TOTAL,HU,2011-01-01,43.7,,
ESTAT:LFSA_ERGAN(1.0),17/04/26 11:00:00,A,PC,F,Y15-74,TOTAL,IE,2011-01-01,51.9,,
ESTAT:LFSA_ERGAN(1.0),17/04/26 11:00:00,A,PC,F,Y15-74,TOTAL,IS,2011-01-01,71.7,,
ESTAT:LFSA_ERGAN(1.0),17/04/26 11:00:00,A,PC,F,Y15-74,TOTAL,IT,2011-01-01,40.2,,
ESTAT:LFSA_ERGAN(1.0),17/04/26 11:00:00,A,PC,F,Y15-74,TOTAL,LT,2011-01-01,52.5,,
ESTAT:LFSA_ERGAN(1.0),17/04/26 11:00:00,A,PC,F,Y15-74,TOTAL,LU,2011-01-01,50.0,,
ESTAT:LFSA_ERGAN(1.0),17/04/26 11:00:00,A,PC,F,Y15-74,TOTAL,LV,2011-01-01,52.1,,
ESTAT:LFSA_ERGAN(1.0),17/04/26 11:00:00,A,PC,F,Y15-74,TOTAL,ME,2011-01-01,35.9,,
ESTAT:LFSA_ERGAN(1.0),17/04/26 11:00:00,A,PC,F,Y15-74,TOTAL,MK,2011-01-01,32.1,,
ESTAT:LFSA_ERGAN(1.0),17/04/26 11:00:00,A,PC,F,Y15-74,TOTAL,MT,2011-01-01,36.4,,
ESTAT:LFSA_ERGAN(1.0),17/04/26 11:00:00,A,PC,F,Y15-74,TOTAL,NL,2011-01-01,61.3,,
ESTAT:LFSA_ERGAN(1.0),17/04/26 11:00:00,A,PC,F,Y15-74,TOTAL,NO,2011-01-01,66.6,,
ESTAT:LFSA_ERGAN(1.0),17/04/26 11:00:00,A,PC,F,Y15-74,TOTAL,PL,2011-01-01,47.3,,
ESTAT:LFSA_ERGAN(1.0),17/04/26 11:00:00,A,PC,F,Y15-74,TOTAL,PT,2011-01-01,53.6,b,
ESTAT:LFSA_ERGAN(1.0),17/04/26 11:00:00,A,PC,F,Y15-74,TOTAL,RO,2011-01-01,48.1,,
ESTAT:LFSA_ERGAN(1.0),17/04/26 11:00:00,A,PC,F,Y15-74,TOTAL,RS,2011-01-01,33.0,,
ESTAT:LFSA_ERGAN(1.0),17/04/26 11:00:00,A,PC,F,Y15-74,TOTAL,SE,2011-01-01,62.6,,
ESTAT:LFSA_ERGAN(1.0),17/04/26 11:00:00,A,PC,F,Y15-74,TOTAL,SI,2011-01-01,53.7,,
ESTAT:LFSA_ERGAN(1.0),17/04/26 11:00:00,A,PC,F,Y15-74,TOTAL,SK,2011-01-01,47.2,b,
ESTAT:LFSA_ERGAN(1.0),17/04/26 11:00:00,A,PC,F,Y15-74,TOTAL,TR,2011-01-01,26.6,,
ESTAT:LFSA_ERGAN(1.0),17/04/26 11:00:00,A,PC,F,Y15-74,TOTAL,UK,2011-01-01,57.9,,
ESTAT:LFSA_ERGAN(1.0),17/04/26 11:00:00,A,PC,F,Y20-64,TOTAL,AT,2011-01-01,69.2,,
ESTAT:LFSA_ERGAN(1.0),17/04/26 11:00:00,A,PC,F,Y20-64,TOTAL,BE,2011-01-01,61.5,b,
ESTAT:LFSA_ERGAN(1.0),17/04/26 11:00:00,A,PC,F,Y20-64,TOTAL,BG,2011-01-01,59.8,b,
ESTAT:LFSA_ERGAN(1.0),17/04/26 11:00:00,A,PC,F,Y20-64,TOTAL,CH,2011-01-01,74.6,,
ESTAT:LFSA_ERGAN(1.0),17/04/26 11:00:00,A,PC,F,Y20-64,TOTAL,CY,2011-01-01,67.7,,
ESTAT:LFSA_ERGAN(1.0),17/04/26 11:00:00,A,PC,F,Y20-64,TOTAL,CZ,2011-01-01,61.7,b,
ESTAT:LFSA_ERGAN(1.0),17/04/26 11:00:00,A,PC,F,Y20-64,TOTAL,DE,2011-01-01,71.3,b,
ESTAT:LFSA_ERGAN(1.0),17/04/26 11:00:00,A,PC,F,Y20-64,TOTAL,DK,2011-01-01,71.4,,
ESTAT:LFSA_ERGAN(1.0),17/04/26 11:00:00,A,PC,F,Y20-64,TOTAL,EA21,2011-01-01,61.9,,
ESTAT:LFSA_ERGAN(1.0),17/04/26 11:00:00,A,PC,F,Y20-64,TOTAL,EE,2011-01-01,67.8,,
ESTAT:LFSA_ERGAN(1.0),17/04/26 11:00:00,A,PC,F,Y20-64,TOTAL,EL,2011-01-01,48.7,,
ESTAT:LFSA_ERGAN(1.0),17/04/26 11:00:00,A,PC,F,Y20-64,TOTAL,ES,2011-01-01,56.1,,
ESTAT:LFSA_ERGAN(1.0),17/04/26 11:00:00,A,PC,F,Y20-64,TOTAL,EU27_2020,2011-01-01,61.4,,
ESTAT:LFSA_ERGAN(1.0),17/04/26 11:00:00,A,PC,F,Y20-64,TOTAL,FI,2011-01-01,71.9,,
ESTAT:LFSA_ERGAN(1.0),17/04/26 11:00:00,A,PC,F,Y20-64,TOTAL,FR,2011-01-01,64.7,,
ESTAT:LFSA_ERGAN(1.0),17/04/26 11:00:00,A,PC,F,Y20-64,TOTAL,HR,2011-01-01,53.7,,
ESTAT:LFSA_ERGAN(1.0),17/04/26 11:00:00,A,PC,F,Y20-64,TOTAL,HU,2011-01-01,54.7,,
ESTAT:LFSA_ERGAN(1.0),17/04/26 11:00:00,A,PC,F,Y20-64,TOTAL,IE,2011-01-01,60.2,,
ESTAT:LFSA_ERGAN(1.0),17/04/26 11:00:00,A,PC,F,Y20-64,TOTAL,IS,2011-01-01,77.9,,
ESTAT:LFSA_ERGAN(1.0),17/04/26 11:00:00,A,PC,F,Y20-64,TOTAL,IT,2011-01-01,49.9,,
ESTAT:LFSA_ERGAN(1.0),17/04/26 11:00:00,A,PC,F,Y20-64,TOTAL,LT,2011-01-01,66.6,,
ESTAT:LFSA_ERGAN(1.0),17/04/26 11:00:00,A,PC,F,Y20-64,TOTAL,LU,2011-01-01,61.9,,
ESTAT:LFSA_ERGAN(1.0),17/04/26 11:00:00,A,PC,F,Y20-64,TOTAL,LV,2011-01-01,65.3,,
ESTAT:LFSA_ERGAN(1.0),17/04/26 11:00:00,A,PC,F,Y20-64,TOTAL,ME,2011-01-01,44.4,,
ESTAT:LFSA_ERGAN(1.0),17/04/26 11:00:00,A,PC,F,Y20-64,TOTAL,MK,2011-01-01,38.8,,
ESTAT:LFSA_ERGAN(1.0),17/04/26 11:00:00,A,PC,F,Y20-64,TOTAL,MT,2011-01-01,43.8,,
ESTAT:LFSA_ERGAN(1.0),17/04/26 11:00:00,A,PC,F,Y20-64,TOTAL,NL,2011-01-01,70.4,,
ESTAT:LFSA_ERGAN(1.0),17/04/26 11:00:00,A,PC,F,Y20-64,TOTAL,NO,2011-01-01,77.1,,
ESTAT:LFSA_ERGAN(1.0),17/04/26 11:00:00,A,PC,F,Y20-64,TOTAL,PL,2011-01-01,57.2,,
ESTAT:LFSA_ERGAN(1.0),17/04/26 11:00:00,A,PC,F,Y20-64,TOTAL,PT,2011-01-01,64.6,b,
ESTAT:LFSA_ERGAN(1.0),17/04/26 11:00:00,A,PC,F,Y20-64,TOTAL,RO,2011-01-01,56.2,,
ESTAT:LFSA_ERGAN(1.0),17/04/26 11:00:00,A,PC,F,Y20-64,TOTAL,RS,2011-01-01,41.7,,
ESTAT:LFSA_ERGAN(1.0),17/04/26 11:00:00,A,PC,F,Y20-64,TOTAL,SE,2011-01-01,76.5,,
ESTAT:LFSA_ERGAN(1.0),17/04/26 11:00:00,A,PC,F,Y20-64,TOTAL,SI,2011-01-01,64.8,,
ESTAT:LFSA_ERGAN(1.0),17/04/26 11:00:00,A,PC,F,Y20-64,TOTAL,SK,2011-01-01,57.4,b,
ESTAT:LFSA_ERGAN(1.0),17/04/26 11:00:00,A,PC,F,Y20-64,TOTAL,TR,2011-01-01,29.7,,
ESTAT:LFSA_ERGAN(1.0),17/04/26 11:00:00,A,PC,F,Y20-64,TOTAL,UK,2011-01-01,67.8,,
ESTAT:LFSA_ERGAN(1.0),17/04/26 11:00:00,A,PC,M,Y15-64,TOTAL,AT,2011-01-01,76.2,,
ESTAT:LFSA_ERGAN(1.0),17/04/26 11:00:00,A,PC,M,Y15-64,TOTAL,BE,2011-01-01,67.1,b,
ESTAT:LFSA_ERGAN(1.0),17/04/26 11:00:00,A,PC,M,Y15-64,TOTAL,BG,2011-01-01,61.2,b,
ESTAT:LFSA_ERGAN(1.0),17/04/26 11:00:00,A,PC,M,Y15-64,TOTAL,CH,2011-01-01,84.1,,
ESTAT:LFSA_ERGAN(1.0),17/04/26 11:00:00,A,PC,M,Y15-64,TOTAL,CY,2011-01-01,73.7,,
ESTAT:LFSA_ERGAN(1.0),17/04/26 11:00:00,A,PC,M,Y15-64,TOTAL,CZ,2011-01-01,74.0,b,
ESTAT:LFSA_ERGAN(1.0),17/04/26 11:00:00,A,PC,M,Y15-64,TOTAL,DE,2011-01-01,77.6,b,
ESTAT:LFSA_ERGAN(1.0),17/04/26 11:00:00,A,PC,M,Y15-64,TOTAL,DK,2011-01-01,74.4,,
ESTAT:LFSA_ERGAN(1.0),17/04/26 11:00:00,A,PC,M,Y15-64,TOTAL,EA21,2011-01-01,69.8,,
ESTAT:LFSA_ERGAN(1.0),17/04/26 11:00:00,A,PC,M,Y15-64,TOTAL,EE,2011-01-01,67.8,,
ESTAT:LFSA_ERGAN(1.0),17/04/26 11:00:00,A,PC,M,Y15-64,TOTAL,EL,2011-01-01,65.4,,
ESTAT:LFSA_ERGAN(1.0),17/04/26 11:00:00,A,PC,M,Y15-64,TOTAL,ES,2011-01-01,63.4,,
ESTAT:LFSA_ERGAN(1.0),17/04/26 11:00:00,A,PC,M,Y15-64,TOTAL,EU27_2020,2011-01-01,69.3,,
ESTAT:LFSA_ERGAN(1.0),17/04/26 11:00:00,A,PC,M,Y15-64,TOTAL,FI,2011-01-01,70.6,,
ESTAT:LFSA_ERGAN(1.0),17/04/26 11:00:00,A,PC,M,Y15-64,TOTAL,FR,2011-01-01,68.2,,
ESTAT:LFSA_ERGAN(1.0),17/04/26 11:00:00,A,PC,M,Y15-64,TOTAL,HR,2011-01-01,61.2,,
ESTAT:LFSA_ERGAN(1.0),17/04/26 11:00:00,A,PC,M,Y15-64,TOTAL,HU,2011-01-01,60.7,,
ESTAT:LFSA_ERGAN(1.0),17/04/26 11:00:00,A,PC,M,Y15-64,TOTAL,IE,2011-01-01,63.8,,
ESTAT:LFSA_ERGAN(1.0),17/04/26 11:00:00,A,PC,M,Y15-64,TOTAL,IS,2011-01-01,80.3,,
ESTAT:LFSA_ERGAN(1.0),17/04/26 11:00:00,A,PC,M,Y15-64,TOTAL,IT,2011-01-01,67.3,,
ESTAT:LFSA_ERGAN(1.0),17/04/26 11:00:00,A,PC,M,Y15-64,TOTAL,LT,2011-01-01,60.1,,
ESTAT:LFSA_ERGAN(1.0),17/04/26 11:00:00,A,PC,M,Y15-64,TOTAL,LU,2011-01-01,72.1,,
ESTAT:LFSA_ERGAN(1.0),17/04/26 11:00:00,A,PC,M,Y15-64,TOTAL,LV,2011-01-01,61.5,,
ESTAT:LFSA_ERGAN(1.0),17/04/26 11:00:00,A,PC,M,Y15-64,TOTAL,ME,2011-01-01,51.4,,
ESTAT:LFSA_ERGAN(1.0),17/04/26 11:00:00,A,PC,M,Y15-64,TOTAL,MK,2011-01-01,52.3,,
ESTAT:LFSA_ERGAN(1.0),17/04/26 11:00:00,A,PC,M,Y15-64,TOTAL,MT,2011-01-01,73.8,,
ESTAT:LFSA_ERGAN(1.0),17/04/26 11:00:00,A,PC,M,Y15-64,TOTAL,NL,2011-01-01,79.3,,
ESTAT:LFSA_ERGAN(1.0),17/04/26 11:00:00,A,PC,M,Y15-64,TOTAL,NO,2011-01-01,77.1,,
ESTAT:LFSA_ERGAN(1.0),17/04/26 11:00:00,A,PC,M,Y15-64,TOTAL,PL,2011-01-01,66.0,,
ESTAT:LFSA_ERGAN(1.0),17/04/26 11:00:00,A,PC,M,Y15-64,TOTAL,PT,2011-01-01,67.7,b,
ESTAT:LFSA_ERGAN(1.0),17/04/26 11:00:00,A,PC,M,Y15-64,TOTAL,RO,2011-01-01,66.3,,
ESTAT:LFSA_ERGAN(1.0),17/04/26 11:00:00,A,PC,M,Y15-64,TOTAL,RS,2011-01-01,52.5,,
ESTAT:LFSA_ERGAN(1.0),17/04/26 11:00:00,A,PC,M,Y15-64,TOTAL,SE,2011-01-01,75.8,,
ESTAT:LFSA_ERGAN(1.0),17/04/26 11:00:00,A,PC,M,Y15-64,TOTAL,SI,2011-01-01,67.7,,
ESTAT:LFSA_ERGAN(1.0),17/04/26 11:00:00,A,PC,M,Y15-64,TOTAL,SK,2011-01-01,66.1,b,
ESTAT:LFSA_ERGAN(1.0),17/04/26 11:00:00,A,PC,M,Y15-64,TOTAL,TR,2011-01-01,69.2,,
ESTAT:LFSA_ERGAN(1.0),17/04/26 11:00:00,A,PC,M,Y15-64,TOTAL,UK,2011-01-01,74.3,,
ESTAT:LFSA_ERGAN(1.0),17/04/26 11:00:00,A,PC,M,Y15-74,TOTAL,AT,2011-01-01,68.4,,
ESTAT:LFSA_ERGAN(1.0),17/04/26 11:00:00,A,PC,M,Y15-74,TOTAL,BE,2011-01-01,60.3,b,
ESTAT:LFSA_ERGAN(1.0),17/04/26 11:00:00,A,PC,M,Y15-74,TOTAL,BG,2011-01-01,55.1,b,
ESTAT:LFSA_ERGAN(1.0),17/04/26 11:00:00,A,PC,M,Y15-74,TOTAL,CH,2011-01-01,77.2,,
ESTAT:LFSA_ERGAN(1.0),17/04/26 11:00:00,A,PC,M,Y15-74,TOTAL,CY,2011-01-01,68.3,,
ESTAT:LFSA_ERGAN(1.0),17/04/26 11:00:00,A,PC,M,Y15-74,TOTAL,CZ,2011-01-01,67.4,b,
ESTAT:LFSA_ERGAN(1.0),17/04/26 11:00:00,A,PC,M,Y15-74,TOTAL,DE,2011-01-01,68.1,b,
ESTAT:LFSA_ERGAN(1.0),17/04/26 11:00:00,A,PC,M,Y15-74,TOTAL,DK,2011-01-01,67.0,,
ESTAT:LFSA_ERGAN(1.0),17/04/26 11:00:00,A,PC,M,Y15-74,TOTAL,EA21,2011-01-01,62.5,,
ESTAT:LFSA_ERGAN(1.0),17/04/26 11:00:00,A,PC,M,Y15-74,TOTAL,EE,2011-01-01,62.7,,
ESTAT:LFSA_ERGAN(1.0),17/04/26 11:00:00,A,PC,M,Y15-74,TOTAL,EL,2011-01-01,58.4,,
ESTAT:LFSA_ERGAN(1.0),17/04/26 11:00:00,A,PC,M,Y15-74,TOTAL,ES,2011-01-01,57.4,,
ESTAT:LFSA_ERGAN(1.0),17/04/26 11:00:00,A,PC,M,Y15-74,TOTAL,EU27_2020,2011-01-01,62.5,,
ESTAT:LFSA_ERGAN(1.0),17/04/26 11:00:00,A,PC,M,Y15-74,TOTAL,FI,2011-01-01,63.5,,
ESTAT:LFSA_ERGAN(1.0),17/04/26 11:00:00,A,PC,M,Y15-74,TOTAL,FR,2011-01-01,61.4,,
ESTAT:LFSA_ERGAN(1.0),17/04/26 11:00:00,A,PC,M,Y15-74,TOTAL,HR,2011-01-01,55.4,,
ESTAT:LFSA_ERGAN(1.0),17/04/26 11:00:00,A,PC,M,Y15-74,TOTAL,HU,2011-01-01,55.0,,
ESTAT:LFSA_ERGAN(1.0),17/04/26 11:00:00,A,PC,M,Y15-74,TOTAL,IE,2011-01-01,59.8,,
ESTAT:LFSA_ERGAN(1.0),17/04/26 11:00:00,A,PC,M,Y15-74,TOTAL,IS,2011-01-01,76.7,,
ESTAT:LFSA_ERGAN(1.0),17/04/26 11:00:00,A,PC,M,Y15-74,TOTAL,IT,2011-01-01,59.7,,
ESTAT:LFSA_ERGAN(1.0),17/04/26 11:00:00,A,PC,M,Y15-74,TOTAL,LT,2011-01-01,55.2,,
ESTAT:LFSA_ERGAN(1.0),17/04/26 11:00:00,A,PC,M,Y15-74,TOTAL,LU,2011-01-01,65.3,,
ESTAT:LFSA_ERGAN(1.0),17/04/26 11:00:00,A,PC,M,Y15-74,TOTAL,LV,2011-01-01,56.2,,
ESTAT:LFSA_ERGAN(1.0),17/04/26 11:00:00,A,PC,M,Y15-74,TOTAL,ME,2011-01-01,47.6,,
ESTAT:LFSA_ERGAN(1.0),17/04/26 11:00:00,A,PC,M,Y15-74,TOTAL,MK,2011-01-01,48.2,,
ESTAT:LFSA_ERGAN(1.0),17/04/26 11:00:00,A,PC,M,Y15-74,TOTAL,MT,2011-01-01,66.7,,
ESTAT:LFSA_ERGAN(1.0),17/04/26 11:00:00,A,PC,M,Y15-74,TOTAL,NL,2011-01-01,71.7,,
ESTAT:LFSA_ERGAN(1.0),17/04/26 11:00:00,A,PC,M,Y15-74,TOTAL,NO,2011-01-01,71.4,,
ESTAT:LFSA_ERGAN(1.0),17/04/26 11:00:00,A,PC,M,Y15-74,TOTAL,PL,2011-01-01,61.4,,
ESTAT:LFSA_ERGAN(1.0),17/04/26 11:00:00,A,PC,M,Y15-74,TOTAL,PT,2011-01-01,62.8,b,
ESTAT:LFSA_ERGAN(1.0),17/04/26 11:00:00,A,PC,M,Y15-74,TOTAL,RO,2011-01-01,62.0,,
ESTAT:LFSA_ERGAN(1.0),17/04/26 11:00:00,A,PC,M,Y15-74,TOTAL,RS,2011-01-01,47.1,,
ESTAT:LFSA_ERGAN(1.0),17/04/26 11:00:00,A,PC,M,Y15-74,TOTAL,SE,2011-01-01,68.1,,
ESTAT:LFSA_ERGAN(1.0),17/04/26 11:00:00,A,PC,M,Y15-74,TOTAL,SI,2011-01-01,62.1,,
ESTAT:LFSA_ERGAN(1.0),17/04/26 11:00:00,A,PC,M,Y15-74,TOTAL,SK,2011-01-01,61.4,b,
ESTAT:LFSA_ERGAN(1.0),17/04/26 11:00:00,A,PC,M,Y15-74,TOTAL,TR,2011-01-01,66.9,,
ESTAT:LFSA_ERGAN(1.0),17/04/26 11:00:00,A,PC,M,Y15-74,TOTAL,UK,2011-01-01,67.8,,
ESTAT:LFSA_ERGAN(1.0),17/04/26 11:00:00,A,PC,M,Y20-64,TOTAL,AT,2011-01-01,79.2,,
ESTAT:LFSA_ERGAN(1.0),17/04/26 11:00:00,A,PC,M,Y20-64,TOTAL,BE,2011-01-01,73.0,b,
ESTAT:LFSA_ERGAN(1.0),17/04/26 11:00:00,A,PC,M,Y20-64,TOTAL,BG,2011-01-01,66.0,b,
ESTAT:LFSA_ERGAN(1.0),17/04/26 11:00:00,A,PC,M,Y20-64,TOTAL,CH,2011-01-01,86.8,,
ESTAT:LFSA_ERGAN(1.0),17/04/26 11:00:00,A,PC,M,Y20-64,TOTAL,CY,2011-01-01,79.6,,
ESTAT:LFSA_ERGAN(1.0),17/04/26 11:00:00,A,PC,M,Y20-64,TOTAL,CZ,2011-01-01,79.9,b,
ESTAT:LFSA_ERGAN(1.0),17/04/26 11:00:00,A,PC,M,Y20-64,TOTAL,DE,2011-01-01,81.7,b,
ESTAT:LFSA_ERGAN(1.0),17/04/26 11:00:00,A,PC,M,Y20-64,TOTAL,DK,2011-01-01,78.3,,
ESTAT:LFSA_ERGAN(1.0),17/04/26 11:00:00,A,PC,M,Y20-64,TOTAL,EA21,2011-01-01,74.6,,
ESTAT:LFSA_ERGAN(1.0),17/04/26 11:00:00,A,PC,M,Y20-64,TOTAL,EE,2011-01-01,73.5,,
ESTAT:LFSA_ERGAN(1.0),17/04/26 11:00:00,A,PC,M,Y20-64,TOTAL,EL,2011-01-01,70.8,,
ESTAT:LFSA_ERGAN(1.0),17/04/26 11:00:00,A,PC,M,Y20-64,TOTAL,ES,2011-01-01,67.7,,
ESTAT:LFSA_ERGAN(1.0),17/04/26 11:00:00,A,PC,M,Y20-64,TOTAL,EU27_2020,2011-01-01,74.3,,
ESTAT:LFSA_ERGAN(1.0),17/04/26 11:00:00,A,PC,M,Y20-64,TOTAL,FI,2011-01-01,75.6,,
ESTAT:LFSA_ERGAN(1.0),17/04/26 11:00:00,A,PC,M,Y20-64,TOTAL,FR,2011-01-01,74.0,,
ESTAT:LFSA_ERGAN(1.0),17/04/26 11:00:00,A,PC,M,Y20-64,TOTAL,HR,2011-01-01,66.5,,
ESTAT:LFSA_ERGAN(1.0),17/04/26 11:00:00,A,PC,M,Y20-64,TOTAL,HU,2011-01-01,66.4,,
ESTAT:LFSA_ERGAN(1.0),17/04/26 11:00:00,A,PC,M,Y20-64,TOTAL,IE,2011-01-01,68.9,,
ESTAT:LFSA_ERGAN(1.0),17/04/26 11:00:00,A,PC,M,Y20-64,TOTAL,IS,2011-01-01,83.3,,
ESTAT:LFSA_ERGAN(1.0),17/04/26 11:00:00,A,PC,M,Y20-64,TOTAL,IT,2011-01-01,72.5,,
ESTAT:LFSA_ERGAN(1.0),17/04/26 11:00:00,A,PC,M,Y20-64,TOTAL,LT,2011-01-01,67.2,,
ESTAT:LFSA_ERGAN(1.0),17/04/26 11:00:00,A,PC,M,Y20-64,TOTAL,LU,2011-01-01,78.1,,
ESTAT:LFSA_ERGAN(1.0),17/04/26 11:00:00,A,PC,M,Y20-64,TOTAL,LV,2011-01-01,67.5,,
ESTAT:LFSA_ERGAN(1.0),17/04/26 11:00:00,A,PC,M,Y20-64,TOTAL,ME,2011-01-01,57.0,,
ESTAT:LFSA_ERGAN(1.0),17/04/26 11:00:00,A,PC,M,Y20-64,TOTAL,MK,2011-01-01,57.8,,
ESTAT:LFSA_ERGAN(1.0),17/04/26 11:00:00,A,PC,M,Y20-64,TOTAL,MT,2011-01-01,79.0,,
ESTAT:LFSA_ERGAN(1.0),17/04/26 11:00:00,A,PC,M,Y20-64,TOTAL,NL,2011-01-01,82.4,,
ESTAT:LFSA_ERGAN(1.0),17/04/26 11:00:00,A,PC,M,Y20-64,TOTAL,NO,2011-01-01,82.1,,
ESTAT:LFSA_ERGAN(1.0),17/04/26 11:00:00,A,PC,M,Y20-64,TOTAL,PL,2011-01-01,71.9,,
ESTAT:LFSA_ERGAN(1.0),17/04/26 11:00:00,A,PC,M,Y20-64,TOTAL,PT,2011-01-01,73.2,b,
ESTAT:LFSA_ERGAN(1.0),17/04/26 11:00:00,A,PC,M,Y20-64,TOTAL,RO,2011-01-01,71.5,,
ESTAT:LFSA_ERGAN(1.0),17/04/26 11:00:00,A,PC,M,Y20-64,TOTAL,RS,2011-01-01,57.0,,
ESTAT:LFSA_ERGAN(1.0),17/04/26 11:00:00,A,PC,M,Y20-64,TOTAL,SE,2011-01-01,82.1,,
ESTAT:LFSA_ERGAN(1.0),17/04/26 11:00:00,A,PC,M,Y20-64,TOTAL,SI,2011-01-01,71.8,,
ESTAT:LFSA_ERGAN(1.0),17/04/26 11:00:00,A,PC,M,Y20-64,TOTAL,SK,2011-01-01,72.5,b,
ESTAT:LFSA_ERGAN(1.0),17/04/26 11:00:00,A,PC,M,Y20-64,TOTAL,TR,2011-01-01,75.1,,
ESTAT:LFSA_ERGAN(1.0),17/04/26 11:00:00,A,PC,M,Y20-64,TOTAL,UK,2011-01-01,79.3,,
ESTAT:LFSA_ERGAN(1.0),17/04/26 11:00:00,A,PC,T,Y15-64,TOTAL,AT,2011-01-01,71.1,,
ESTAT:LFSA_ERGAN(1.0),17/04/26 11:00:00,A,PC,T,Y15-64,TOTAL,BE,2011-01-01,61.9,b,
ESTAT:LFSA_ERGAN(1.0),17/04/26 11:00:00,A,PC,T,Y15-64,TOTAL,BG,2011-01-01,58.4,b,
ESTAT:LFSA_ERGAN(1.0),17/04/26 11:00:00,A,PC,T,Y15-64,TOTAL,CH,2011-01-01,78.3,,
ESTAT:LFSA_ERGAN(1.0),17/04/26 11:00:00,A,PC,T,Y15-64,TOTAL,CY,2011-01-01,67.6,,
ESTAT:LFSA_ERGAN(1.0),17/04/26 11:00:00,A,PC,T,Y15-64,TOTAL,CZ,2011-01-01,65.7,b,
ESTAT:LFSA_ERGAN(1.0),17/04/26 11:00:00,A,PC,T,Y15-64,TOTAL,DE,2011-01-01,72.7,b,
ESTAT:LFSA_ERGAN(1.0),17/04/26 11:00:00,A,PC,T,Y15-64,TOTAL,DK,2011-01-01,71.6,,
ESTAT:LFSA_ERGAN(1.0),17/04/26 11:00:00,A,PC,T,Y15-64,TOTAL,EA21,2011-01-01,63.9,,
ESTAT:LFSA_ERGAN(1.0),17/04/26 11:00:00,A,PC,T,Y15-64,TOTAL,EE,2011-01-01,65.3,,
ESTAT:LFSA_ERGAN(1.0),17/04/26 11:00:00,A,PC,T,Y15-64,TOTAL,EL,2011-01-01,55.1,,
ESTAT:LFSA_ERGAN(1.0),17/04/26 11:00:00,A,PC,T,Y15-64,TOTAL,ES,2011-01-01,58.0,,
ESTAT:LFSA_ERGAN(1.0),17/04/26 11:00:00,A,PC,T,Y15-64,TOTAL,EU27_2020,2011-01-01,63.4,,
ESTAT:LFSA_ERGAN(1.0),17/04/26 11:00:00,A,PC,T,Y15-64,TOTAL,FI,2011-01-01,69.0,,
ESTAT:LFSA_ERGAN(1.0),17/04/26 11:00:00,A,PC,T,Y15-64,TOTAL,FR,2011-01-01,63.9,,
ESTAT:LFSA_ERGAN(1.0),17/04/26 11:00:00,A,PC,T,Y15-64,TOTAL,HR,2011-01-01,55.4,,
ESTAT:LFSA_ERGAN(1.0),17/04/26 11:00:00,A,PC,T,Y15-64,TOTAL,HU,2011-01-01,55.4,,
ESTAT:LFSA_ERGAN(1.0),17/04/26 11:00:00,A,PC,T,Y15-64,TOTAL,IE,2011-01-01,60.0,,
ESTAT:LFSA_ERGAN(1.0),17/04/26 11:00:00,A,PC,T,Y15-64,TOTAL,IS,2011-01-01,78.5,,
ESTAT:LFSA_ERGAN(1.0),17/04/26 11:00:00,A,PC,T,Y15-64,TOTAL,IT,2011-01-01,56.8,,
ESTAT:LFSA_ERGAN(1.0),17/04/26 11:00:00,A,PC,T,Y15-64,TOTAL,LT,2011-01-01,60.2,,
ESTAT:LFSA_ERGAN(1.0),17/04/26 11:00:00,A,PC,T,Y15-64,TOTAL,LU,2011-01-01,64.6,,
ESTAT:LFSA_ERGAN(1.0),17/04/26 11:00:00,A,PC,T,Y15-64,TOTAL,LV,2011-01-01,60.8,,
ESTAT:LFSA_ERGAN(1.0),17/04/26 11:00:00,A,PC,T,Y15-64,TOTAL,ME,2011-01-01,45.8,,
ESTAT:LFSA_ERGAN(1.0),17/04/26 11:00:00,A,PC,T,Y15-64,TOTAL,MK,2011-01-01,43.9,,
ESTAT:LFSA_ERGAN(1.0),17/04/26 11:00:00,A,PC,T,Y15-64,TOTAL,MT,2011-01-01,57.9,,
ESTAT:LFSA_ERGAN(1.0),17/04/26 11:00:00,A,PC,T,Y15-64,TOTAL,NL,2011-01-01,74.2,,
ESTAT:LFSA_ERGAN(1.0),17/04/26 11:00:00,A,PC,T,Y15-64,TOTAL,NO,2011-01-01,75.3,,
ESTAT:LFSA_ERGAN(1.0),17/04/26 11:00:00,A,PC,T,Y15-64,TOTAL,PL,2011-01-01,59.3,,
ESTAT:LFSA_ERGAN(1.0),17/04/26 11:00:00,A,PC,T,Y15-64,TOTAL,PT,2011-01-01,63.8,b,
ESTAT:LFSA_ERGAN(1.0),17/04/26 11:00:00,A,PC,T,Y15-64,TOTAL,RO,2011-01-01,59.3,,
ESTAT:LFSA_ERGAN(1.0),17/04/26 11:00:00,A,PC,T,Y15-64,TOTAL,RS,2011-01-01,45.4,,
ESTAT:LFSA_ERGAN(1.0),17/04/26 11:00:00,A,PC,T,Y15-64,TOTAL,SE,2011-01-01,73.6,,
ESTAT:LFSA_ERGAN(1.0),17/04/26 11:00:00,A,PC,T,Y15-64,TOTAL,SI,2011-01-01,64.4,,
ESTAT:LFSA_ERGAN(1.0),17/04/26 11:00:00,A,PC,T,Y15-64,TOTAL,SK,2011-01-01,59.3,b,
ESTAT:LFSA_ERGAN(1.0),17/04/26 11:00:00,A,PC,T,Y15-64,TOTAL,TR,2011-01-01,48.4,,
ESTAT:LFSA_ERGAN(1.0),17/04/26 11:00:00,A,PC,T,Y15-64,TOTAL,UK,2011-01-01,69.3,,
ESTAT:LFSA_ERGAN(1.0),17/04/26 11:00:00,A,PC,T,Y15-74,TOTAL,AT,2011-01-01,63.1,,
ESTAT:LFSA_ERGAN(1.0),17/04/26 11:00:00,A,PC,T,Y15-74,TOTAL,BE,2011-01-01,55.1,b,
ESTAT:LFSA_ERGAN(1.0),17/04/26 11:00:00,A,PC,T,Y15-74,TOTAL,BG,2011-01-01,51.4,b,
ESTAT:LFSA_ERGAN(1.0),17/04/26 11:00:00,A,PC,T,Y15-74,TOTAL,CH,2011-01-01,70.9,,
ESTAT:LFSA_ERGAN(1.0),17/04/26 11:00:00,A,PC,T,Y15-74,TOTAL,CY,2011-01-01,62.3,,
ESTAT:LFSA_ERGAN(1.0),17/04/26 11:00:00,A,PC,T,Y15-74,TOTAL,CZ,2011-01-01,58.8,b,
ESTAT:LFSA_ERGAN(1.0),17/04/26 11:00:00,A,PC,T,Y15-74,TOTAL,DE,2011-01-01,63.0,b,
ESTAT:LFSA_ERGAN(1.0),17/04/26 11:00:00,A,PC,T,Y15-74,TOTAL,DK,2011-01-01,63.7,,
ESTAT:LFSA_ERGAN(1.0),17/04/26 11:00:00,A,PC,T,Y15-74,TOTAL,EA21,2011-01-01,56.6,,
ESTAT:LFSA_ERGAN(1.0),17/04/26 11:00:00,A,PC,T,Y15-74,TOTAL,EE,2011-01-01,59.3,,
ESTAT:LFSA_ERGAN(1.0),17/04/26 11:00:00,A,PC,T,Y15-74,TOTAL,EL,2011-01-01,48.7,,
ESTAT:LFSA_ERGAN(1.0),17/04/26 11:00:00,A,PC,T,Y15-74,TOTAL,ES,2011-01-01,52.1,,
ESTAT:LFSA_ERGAN(1.0),17/04/26 11:00:00,A,PC,T,Y15-74,TOTAL,EU27_2020,2011-01-01,56.5,,
ESTAT:LFSA_ERGAN(1.0),17/04/26 11:00:00,A,PC,T,Y15-74,TOTAL,FI,2011-01-01,61.3,,
ESTAT:LFSA_ERGAN(1.0),17/04/26 11:00:00,A,PC,T,Y15-74,TOTAL,FR,2011-01-01,57.1,,
ESTAT:LFSA_ERGAN(1.0),17/04/26 11:00:00,A,PC,T,Y15-74,TOTAL,HR,2011-01-01,49.4,,
ESTAT:LFSA_ERGAN(1.0),17/04/26 11:00:00,A,PC,T,Y15-74,TOTAL,HU,2011-01-01,49.1,,
ESTAT:LFSA_ERGAN(1.0),17/04/26 11:00:00,A,PC,T,Y15-74,TOTAL,IE,2011-01-01,55.8,,
ESTAT:LFSA_ERGAN(1.0),17/04/26 11:00:00,A,PC,T,Y15-74,TOTAL,IS,2011-01-01,74.2,,
ESTAT:LFSA_ERGAN(1.0),17/04/26 11:00:00,A,PC,T,Y15-74,TOTAL,IT,2011-01-01,49.8,,
ESTAT:LFSA_ERGAN(1.0),17/04/26 11:00:00,A,PC,T,Y15-74,TOTAL,LT,2011-01-01,53.8,,
ESTAT:LFSA_ERGAN(1.0),17/04/26 11:00:00,A,PC,T,Y15-74,TOTAL,LU,2011-01-01,57.7,,
ESTAT:LFSA_ERGAN(1.0),17/04/26 11:00:00,A,PC,T,Y15-74,TOTAL,LV,2011-01-01,54.0,,
ESTAT:LFSA_ERGAN(1.0),17/04/26 11:00:00,A,PC,T,Y15-74,TOTAL,ME,2011-01-01,41.6,,
ESTAT:LFSA_ERGAN(1.0),17/04/26 11:00:00,A,PC,T,Y15-74,TOTAL,MK,2011-01-01,40.2,,
ESTAT:LFSA_ERGAN(1.0),17/04/26 11:00:00,A,PC,T,Y15-74,TOTAL,MT,2011-01-01,51.6,,
ESTAT:LFSA_ERGAN(1.0),17/04/26 11:00:00,A,PC,T,Y15-74,TOTAL,NL,2011-01-01,66.5,,
ESTAT:LFSA_ERGAN(1.0),17/04/26 11:00:00,A,PC,T,Y15-74,TOTAL,NO,2011-01-01,69.0,,
ESTAT:LFSA_ERGAN(1.0),17/04/26 11:00:00,A,PC,T,Y15-74,TOTAL,PL,2011-01-01,54.3,,
ESTAT:LFSA_ERGAN(1.0),17/04/26 11:00:00,A,PC,T,Y15-74,TOTAL,PT,2011-01-01,58.1,b,
ESTAT:LFSA_ERGAN(1.0),17/04/26 11:00:00,A,PC,T,Y15-74,TOTAL,RO,2011-01-01,54.9,,
ESTAT:LFSA_ERGAN(1.0),17/04/26 11:00:00,A,PC,T,Y15-74,TOTAL,RS,2011-01-01,39.9,,
ESTAT:LFSA_ERGAN(1.0),17/04/26 11:00:00,A,PC,T,Y15-74,TOTAL,SE,2011-01-01,65.4,,
ESTAT:LFSA_ERGAN(1.0),17/04/26 11:00:00,A,PC,T,Y15-74,TOTAL,SI,2011-01-01,57.9,,
ESTAT:LFSA_ERGAN(1.0),17/04/26 11:00:00,A,PC,T,Y15-74,TOTAL,SK,2011-01-01,54.2,b,
ESTAT:LFSA_ERGAN(1.0),17/04/26 11:00:00,A,PC,T,Y15-74,TOTAL,TR,2011-01-01,46.5,,
ESTAT:LFSA_ERGAN(1.0),17/04/26 11:00:00,A,PC,T,Y15-74,TOTAL,UK,2011-01-01,62.8,,
ESTAT:LFSA_ERGAN(1.0),17/04/26 11:00:00,A,PC,T,Y20-64,TOTAL,AT,2011-01-01,74.2,,
ESTAT:LFSA_ERGAN(1.0),17/04/26 11:00:00,A,PC,T,Y20-64,TOTAL,BE,2011-01-01,67.3,b,
ESTAT:LFSA_ERGAN(1.0),17/04/26 11:00:00,A,PC,T,Y20-64,TOTAL,BG,2011-01-01,62.9,b,
ESTAT:LFSA_ERGAN(1.0),17/04/26 11:00:00,A,PC,T,Y20-64,TOTAL,CH,2011-01-01,80.8,,
ESTAT:LFSA_ERGAN(1.0),17/04/26 11:00:00,A,PC,T,Y20-64,TOTAL,CY,2011-01-01,73.4,,
ESTAT:LFSA_ERGAN(1.0),17/04/26 11:00:00,A,PC,T,Y20-64,TOTAL,CZ,2011-01-01,70.9,b,
ESTAT:LFSA_ERGAN(1.0),17/04/26 11:00:00,A,PC,T,Y20-64,TOTAL,DE,2011-01-01,76.5,b,
ESTAT:LFSA_ERGAN(1.0),17/04/26 11:00:00,A,PC,T,Y20-64,TOTAL,DK,2011-01-01,74.8,,
ESTAT:LFSA_ERGAN(1.0),17/04/26 11:00:00,A,PC,T,Y20-64,TOTAL,EA21,2011-01-01,68.2,,
ESTAT:LFSA_ERGAN(1.0),17/04/26 11:00:00,A,PC,T,Y20-64,TOTAL,EE,2011-01-01,70.6,,
ESTAT:LFSA_ERGAN(1.0),17/04/26 11:00:00,A,PC,T,Y20-64,TOTAL,EL,2011-01-01,59.6,,
ESTAT:LFSA_ERGAN(1.0),17/04/26 11:00:00,A,PC,T,Y20-64,TOTAL,ES,2011-01-01,62.0,,
ESTAT:LFSA_ERGAN(1.0),17/04/26 11:00:00,A,PC,T,Y20-64,TOTAL,EU27_2020,2011-01-01,67.9,,
ESTAT:LFSA_ERGAN(1.0),17/04/26 11:00:00,A,PC,T,Y20-64,TOTAL,FI,2011-01-01,73.8,,
ESTAT:LFSA_ERGAN(1.0),17/04/26 11:00:00,A,PC,T,Y20-64,TOTAL,FR,2011-01-01,69.2,,
ESTAT:LFSA_ERGAN(1.0),17/04/26 11:00:00,A,PC,T,Y20-64,TOTAL,HR,2011-01-01,60.0,,
ESTAT:LFSA_ERGAN(1.0),17/04/26 11:00:00,A,PC,T,Y20-64,TOTAL,HU,2011-01-01,60.4,,
ESTAT:LFSA_ERGAN(1.0),17/04/26 11:00:00,A,PC,T,Y20-64,TOTAL,IE,2011-01-01,64.6,,
ESTAT:LFSA_ERGAN(1.0),17/04/26 11:00:00,A,PC,T,Y20-64,TOTAL,IS,2011-01-01,80.6,,
ESTAT:LFSA_ERGAN(1.0),17/04/26 11:00:00,A,PC,T,Y20-64,TOTAL,IT,2011-01-01,61.0,,
ESTAT:LFSA_ERGAN(1.0),17/04/26 11:00:00,A,PC,T,Y20-64,TOTAL,LT,2011-01-01,66.9,,
ESTAT:LFSA_ERGAN(1.0),17/04/26 11:00:00,A,PC,T,Y20-64,TOTAL,LU,2011-01-01,70.1,,
ESTAT:LFSA_ERGAN(1.0),17/04/26 11:00:00,A,PC,T,Y20-64,TOTAL,LV,2011-01-01,66.3,,
ESTAT:LFSA_ERGAN(1.0),17/04/26 11:00:00,A,PC,T,Y20-64,TOTAL,ME,2011-01-01,50.7,,
ESTAT:LFSA_ERGAN(1.0),17/04/26 11:00:00,A,PC,T,Y20-64,TOTAL,MK,2011-01-01,48.4,,
ESTAT:LFSA_ERGAN(1.0),17/04/26 11:00:00,A,PC,T,Y20-64,TOTAL,MT,2011-01-01,61.6,,
ESTAT:LFSA_ERGAN(1.0),17/04/26 11:00:00,A,PC,T,Y20-64,TOTAL,NL,2011-01-01,76.4,,
ESTAT:LFSA_ERGAN(1.0),17/04/26 11:00:00,A,PC,T,Y20-64,TOTAL,NO,2011-01-01,79.6,,
ESTAT:LFSA_ERGAN(1.0),17/04/26 11:00:00,A,PC,T,Y20-64,TOTAL,PL,2011-01-01,64.5,,
ESTAT:LFSA_ERGAN(1.0),17/04/26 11:00:00,A,PC,T,Y20-64,TOTAL,PT,2011-01-01,68.8,b,
ESTAT:LFSA_ERGAN(1.0),17/04/26 11:00:00,A,PC,T,Y20-64,TOTAL,RO,2011-01-01,63.8,,
ESTAT:LFSA_ERGAN(1.0),17/04/26 11:00:00,A,PC,T,Y20-64,TOTAL,RS,2011-01-01,49.3,,
ESTAT:LFSA_ERGAN(1.0),17/04/26 11:00:00,A,PC,T,Y20-64,TOTAL,SE,2011-01-01,79.4,,
ESTAT:LFSA_ERGAN(1.0),17/04/26 11:00:00,A,PC,T,Y20-64,TOTAL,SI,2011-01-01,68.4,,
ESTAT:LFSA_ERGAN(1.0),17/04/26 11:00:00,A,PC,T,Y20-64,TOTAL,SK,2011-01-01,65.0,b,
ESTAT:LFSA_ERGAN(1.0),17/04/26 11:00:00,A,PC,T,Y20-64,TOTAL,TR,2011-01-01,52.2,,
ESTAT:LFSA_ERGAN(1.0),17/04/26 11:00:00,A,PC,T,Y20-64,TOTAL,UK,2011-01-01,73.5,,
ESTAT:LFSA_ERGAN(1.0),17/04/26 11:00:00,A,PC,F,Y15-64,TOTAL,AT,2012-01-01,66.7,,
ESTAT:LFSA_ERGAN(1.0),17/04/26 11:00:00,A,PC,F,Y15-64,TOTAL,BE,2012-01-01,56.8,,
ESTAT:LFSA_ERGAN(1.0),17/04/26 11:00:00,A,PC,F,Y15-64,TOTAL,BG,2012-01-01,56.3,,
ESTAT:LFSA_ERGAN(1.0),17/04/26 11:00:00,A,PC,F,Y15-64,TOTAL,CH,2012-01-01,73.0,,
ESTAT:LFSA_ERGAN(1.0),17/04/26 11:00:00,A,PC,F,Y15-64,TOTAL,CY,2012-01-01,59.4,,
ESTAT:LFSA_ERGAN(1.0),17/04/26 11:00:00,A,PC,F,Y15-64,TOTAL,CZ,2012-01-01,58.2,,
ESTAT:LFSA_ERGAN(1.0),17/04/26 11:00:00,A,PC,F,Y15-64,TOTAL,DE,2012-01-01,68.1,b,
ESTAT:LFSA_ERGAN(1.0),17/04/26 11:00:00,A,PC,F,Y15-64,TOTAL,DK,2012-01-01,68.5,,
ESTAT:LFSA_ERGAN(1.0),17/04/26 11:00:00,A,PC,F,Y15-64,TOTAL,EA21,2012-01-01,58.1,,
ESTAT:LFSA_ERGAN(1.0),17/04/26 11:00:00,A,PC,F,Y15-64,TOTAL,EE,2012-01-01,64.7,,
ESTAT:LFSA_ERGAN(1.0),17/04/26 11:00:00,A,PC,F,Y15-64,TOTAL,EL,2012-01-01,41.7,,
ESTAT:LFSA_ERGAN(1.0),17/04/26 11:00:00,A,PC,F,Y15-64,TOTAL,ES,2012-01-01,51.2,,
ESTAT:LFSA_ERGAN(1.0),17/04/26 11:00:00,A,PC,F,Y15-64,TOTAL,EU27_2020,2012-01-01,57.6,,
ESTAT:LFSA_ERGAN(1.0),17/04/26 11:00:00,A,PC,F,Y15-64,TOTAL,FI,2012-01-01,68.2,,
ESTAT:LFSA_ERGAN(1.0),17/04/26 11:00:00,A,PC,F,Y15-64,TOTAL,FR,2012-01-01,60.1,,
ESTAT:LFSA_ERGAN(1.0),17/04/26 11:00:00,A,PC,F,Y15-64,TOTAL,HR,2012-01-01,48.6,,
ESTAT:LFSA_ERGAN(1.0),17/04/26 11:00:00,A,PC,F,Y15-64,TOTAL,HU,2012-01-01,51.9,,
ESTAT:LFSA_ERGAN(1.0),17/04/26 11:00:00,A,PC,F,Y15-64,TOTAL,IE,2012-01-01,56.2,,
ESTAT:LFSA_ERGAN(1.0),17/04/26 11:00:00,A,PC,F,Y15-64,TOTAL,IS,2012-01-01,77.8,,
ESTAT:LFSA_ERGAN(1.0),17/04/26 11:00:00,A,PC,F,Y15-64,TOTAL,IT,2012-01-01,47.1,,
ESTAT:LFSA_ERGAN(1.0),17/04/26 11:00:00,A,PC,F,Y15-64,TOTAL,LT,2012-01-01,61.8,,
ESTAT:LFSA_ERGAN(1.0),17/04/26 11:00:00,A,PC,F,Y15-64,TOTAL,LU,2012-01-01,59.0,,
ESTAT:LFSA_ERGAN(1.0),17/04/26 11:00:00,A,PC,F,Y15-64,TOTAL,LV,2012-01-01,61.7,,
ESTAT:LFSA_ERGAN(1.0),17/04/26 11:00:00,A,PC,F,Y15-64,TOTAL,ME,2012-01-01,41.9,,
ESTAT:LFSA_ERGAN(1.0),17/04/26 11:00:00,A,PC,F,Y15-64,TOTAL,MK,2012-01-01,35.3,,
ESTAT:LFSA_ERGAN(1.0),17/04/26 11:00:00,A,PC,F,Y15-64,TOTAL,MT,2012-01-01,45.3,,
ESTAT:LFSA_ERGAN(1.0),17/04/26 11:00:00,A,PC,F,Y15-64,TOTAL,NL,2012-01-01,69.4,,
ESTAT:LFSA_ERGAN(1.0),17/04/26 11:00:00,A,PC,F,Y15-64,TOTAL,NO,2012-01-01,73.8,,
ESTAT:LFSA_ERGAN(1.0),17/04/26 11:00:00,A,PC,F,Y15-64,TOTAL,PL,2012-01-01,53.1,,
ESTAT:LFSA_ERGAN(1.0),17/04/26 11:00:00,A,PC,F,Y15-64,TOTAL,PT,2012-01-01,58.5,,
ESTAT:LFSA_ERGAN(1.0),17/04/26 11:00:00,A,PC,F,Y15-64,TOTAL,RO,2012-01-01,52.8,,
ESTAT:LFSA_ERGAN(1.0),17/04/26 11:00:00,A,PC,F,Y15-64,TOTAL,RS,2012-01-01,38.2,,
ESTAT:LFSA_ERGAN(1.0),17/04/26 11:00:00,A,PC,F,Y15-64,TOTAL,SE,2012-01-01,71.8,,
ESTAT:LFSA_ERGAN(1.0),17/04/26 11:00:00,A,PC,F,Y15-64,TOTAL,SI,2012-01-01,60.5,,
ESTAT:LFSA_ERGAN(1.0),17/04/26 11:00:00,A,PC,F,Y15-64,TOTAL,SK,2012-01-01,52.7,,
ESTAT:LFSA_ERGAN(1.0),17/04/26 11:00:00,A,PC,F,Y15-64,TOTAL,TR,2012-01-01,28.7,,
ESTAT:LFSA_ERGAN(1.0),17/04/26 11:00:00,A,PC,F,Y15-64,TOTAL,UK,2012-01-01,64.9,,
ESTAT:LFSA_ERGAN(1.0),17/04/26 11:00:00,A,PC,F,Y15-74,TOTAL,AT,2012-01-01,58.4,,
ESTAT:LFSA_ERGAN(1.0),17/04/26 11:00:00,A,PC,F,Y15-74,TOTAL,BE,2012-01-01,50.0,,
ESTAT:LFSA_ERGAN(1.0),17/04/26 11:00:00,A,PC,F,Y15-74,TOTAL,BG,2012-01-01,48.2,,
ESTAT:LFSA_ERGAN(1.0),17/04/26 11:00:00,A,PC,F,Y15-74,TOTAL,CH,2012-01-01,64.9,,
ESTAT:LFSA_ERGAN(1.0),17/04/26 11:00:00,A,PC,F,Y15-74,TOTAL,CY,2012-01-01,54.3,,
ESTAT:LFSA_ERGAN(1.0),17/04/26 11:00:00,A,PC,F,Y15-74,TOTAL,CZ,2012-01-01,50.7,,
ESTAT:LFSA_ERGAN(1.0),17/04/26 11:00:00,A,PC,F,Y15-74,TOTAL,DE,2012-01-01,58.5,b,
ESTAT:LFSA_ERGAN(1.0),17/04/26 11:00:00,A,PC,F,Y15-74,TOTAL,DK,2012-01-01,59.8,,
ESTAT:LFSA_ERGAN(1.0),17/04/26 11:00:00,A,PC,F,Y15-74,TOTAL,EA21,2012-01-01,50.8,,
ESTAT:LFSA_ERGAN(1.0),17/04/26 11:00:00,A,PC,F,Y15-74,TOTAL,EE,2012-01-01,57.9,,
ESTAT:LFSA_ERGAN(1.0),17/04/26 11:00:00,A,PC,F,Y15-74,TOTAL,EL,2012-01-01,36.3,,
ESTAT:LFSA_ERGAN(1.0),17/04/26 11:00:00,A,PC,F,Y15-74,TOTAL,ES,2012-01-01,45.4,,
ESTAT:LFSA_ERGAN(1.0),17/04/26 11:00:00,A,PC,F,Y15-74,TOTAL,EU27_2020,2012-01-01,50.6,,
ESTAT:LFSA_ERGAN(1.0),17/04/26 11:00:00,A,PC,F,Y15-74,TOTAL,FI,2012-01-01,59.3,,
ESTAT:LFSA_ERGAN(1.0),17/04/26 11:00:00,A,PC,F,Y15-74,TOTAL,FR,2012-01-01,53.1,,
ESTAT:LFSA_ERGAN(1.0),17/04/26 11:00:00,A,PC,F,Y15-74,TOTAL,HR,2012-01-01,42.6,,
ESTAT:LFSA_ERGAN(1.0),17/04/26 11:00:00,A,PC,F,Y15-74,TOTAL,HU,2012-01-01,44.9,,
ESTAT:LFSA_ERGAN(1.0),17/04/26 11:00:00,A,PC,F,Y15-74,TOTAL,IE,2012-01-01,51.6,,
ESTAT:LFSA_ERGAN(1.0),17/04/26 11:00:00,A,PC,F,Y15-74,TOTAL,IS,2012-01-01,72.7,,
ESTAT:LFSA_ERGAN(1.0),17/04/26 11:00:00,A,PC,F,Y15-74,TOTAL,IT,2012-01-01,40.6,,
ESTAT:LFSA_ERGAN(1.0),17/04/26 11:00:00,A,PC,F,Y15-74,TOTAL,LT,2012-01-01,54.0,,
ESTAT:LFSA_ERGAN(1.0),17/04/26 11:00:00,A,PC,F,Y15-74,TOTAL,LU,2012-01-01,52.1,,
ESTAT:LFSA_ERGAN(1.0),17/04/26 11:00:00,A,PC,F,Y15-74,TOTAL,LV,2012-01-01,53.5,,
ESTAT:LFSA_ERGAN(1.0),17/04/26 11:00:00,A,PC,F,Y15-74,TOTAL,ME,2012-01-01,37.5,,
ESTAT:LFSA_ERGAN(1.0),17/04/26 11:00:00,A,PC,F,Y15-74,TOTAL,MK,2012-01-01,32.0,,
ESTAT:LFSA_ERGAN(1.0),17/04/26 11:00:00,A,PC,F,Y15-74,TOTAL,MT,2012-01-01,39.6,,
ESTAT:LFSA_ERGAN(1.0),17/04/26 11:00:00,A,PC,F,Y15-74,TOTAL,NL,2012-01-01,61.3,,
ESTAT:LFSA_ERGAN(1.0),17/04/26 11:00:00,A,PC,F,Y15-74,TOTAL,NO,2012-01-01,66.6,,
ESTAT:LFSA_ERGAN(1.0),17/04/26 11:00:00,A,PC,F,Y15-74,TOTAL,PL,2012-01-01,47.5,,
ESTAT:LFSA_ERGAN(1.0),17/04/26 11:00:00,A,PC,F,Y15-74,TOTAL,PT,2012-01-01,52.2,,
ESTAT:LFSA_ERGAN(1.0),17/04/26 11:00:00,A,PC,F,Y15-74,TOTAL,RO,2012-01-01,48.5,,
ESTAT:LFSA_ERGAN(1.0),17/04/26 11:00:00,A,PC,F,Y15-74,TOTAL,RS,2012-01-01,32.7,,
ESTAT:LFSA_ERGAN(1.0),17/04/26 11:00:00,A,PC,F,Y15-74,TOTAL,SE,2012-01-01,63.0,,
ESTAT:LFSA_ERGAN(1.0),17/04/26 11:00:00,A,PC,F,Y15-74,TOTAL,SI,2012-01-01,53.3,,
ESTAT:LFSA_ERGAN(1.0),17/04/26 11:00:00,A,PC,F,Y15-74,TOTAL,SK,2012-01-01,47.2,,
ESTAT:LFSA_ERGAN(1.0),17/04/26 11:00:00,A,PC,F,Y15-74,TOTAL,TR,2012-01-01,27.4,,
ESTAT:LFSA_ERGAN(1.0),17/04/26 11:00:00,A,PC,F,Y15-74,TOTAL,UK,2012-01-01,58.1,,
ESTAT:LFSA_ERGAN(1.0),17/04/26 11:00:00,A,PC,F,Y20-64,TOTAL,AT,2012-01-01,69.6,,
ESTAT:LFSA_ERGAN(1.0),17/04/26 11:00:00,A,PC,F,Y20-64,TOTAL,BE,2012-01-01,61.7,,
ESTAT:LFSA_ERGAN(1.0),17/04/26 11:00:00,A,PC,F,Y20-64,TOTAL,BG,2012-01-01,60.2,,
ESTAT:LFSA_ERGAN(1.0),17/04/26 11:00:00,A,PC,F,Y20-64,TOTAL,CH,2012-01-01,75.3,,
ESTAT:LFSA_ERGAN(1.0),17/04/26 11:00:00,A,PC,F,Y20-64,TOTAL,CY,2012-01-01,64.8,,
ESTAT:LFSA_ERGAN(1.0),17/04/26 11:00:00,A,PC,F,Y20-64,TOTAL,CZ,2012-01-01,62.5,,
ESTAT:LFSA_ERGAN(1.0),17/04/26 11:00:00,A,PC,F,Y20-64,TOTAL,DE,2012-01-01,71.6,b,
ESTAT:LFSA_ERGAN(1.0),17/04/26 11:00:00,A,PC,F,Y20-64,TOTAL,DK,2012-01-01,71.1,,
ESTAT:LFSA_ERGAN(1.0),17/04/26 11:00:00,A,PC,F,Y20-64,TOTAL,EA21,2012-01-01,61.9,,
ESTAT:LFSA_ERGAN(1.0),17/04/26 11:00:00,A,PC,F,Y20-64,TOTAL,EE,2012-01-01,69.4,,
ESTAT:LFSA_ERGAN(1.0),17/04/26 11:00:00,A,PC,F,Y20-64,TOTAL,EL,2012-01-01,45.2,,
ESTAT:LFSA_ERGAN(1.0),17/04/26 11:00:00,A,PC,F,Y20-64,TOTAL,ES,2012-01-01,54.6,,
ESTAT:LFSA_ERGAN(1.0),17/04/26 11:00:00,A,PC,F,Y20-64,TOTAL,EU27_2020,2012-01-01,61.5,,
ESTAT:LFSA_ERGAN(1.0),17/04/26 11:00:00,A,PC,F,Y20-64,TOTAL,FI,2012-01-01,72.5,,
ESTAT:LFSA_ERGAN(1.0),17/04/26 11:00:00,A,PC,F,Y20-64,TOTAL,FR,2012-01-01,65.1,,
ESTAT:LFSA_ERGAN(1.0),17/04/26 11:00:00,A,PC,F,Y20-64,TOTAL,HR,2012-01-01,52.6,,
ESTAT:LFSA_ERGAN(1.0),17/04/26 11:00:00,A,PC,F,Y20-64,TOTAL,HU,2012-01-01,56.2,,
ESTAT:LFSA_ERGAN(1.0),17/04/26 11:00:00,A,PC,F,Y20-64,TOTAL,IE,2012-01-01,60.2,,
ESTAT:LFSA_ERGAN(1.0),17/04/26 11:00:00,A,PC,F,Y20-64,TOTAL,IS,2012-01-01,79.1,,
ESTAT:LFSA_ERGAN(1.0),17/04/26 11:00:00,A,PC,F,Y20-64,TOTAL,IT,2012-01-01,50.5,,
ESTAT:LFSA_ERGAN(1.0),17/04/26 11:00:00,A,PC,F,Y20-64,TOTAL,LT,2012-01-01,67.9,,
ESTAT:LFSA_ERGAN(1.0),17/04/26 11:00:00,A,PC,F,Y20-64,TOTAL,LU,2012-01-01,64.1,,
ESTAT:LFSA_ERGAN(1.0),17/04/26 11:00:00,A,PC,F,Y20-64,TOTAL,LV,2012-01-01,66.4,,
ESTAT:LFSA_ERGAN(1.0),17/04/26 11:00:00,A,PC,F,Y20-64,TOTAL,ME,2012-01-01,46.2,,
ESTAT:LFSA_ERGAN(1.0),17/04/26 11:00:00,A,PC,F,Y20-64,TOTAL,MK,2012-01-01,38.7,,
ESTAT:LFSA_ERGAN(1.0),17/04/26 11:00:00,A,PC,F,Y20-64,TOTAL,MT,2012-01-01,48.0,,
ESTAT:LFSA_ERGAN(1.0),17/04/26 11:00:00,A,PC,F,Y20-64,TOTAL,NL,2012-01-01,71.0,,
ESTAT:LFSA_ERGAN(1.0),17/04/26 11:00:00,A,PC,F,Y20-64,TOTAL,NO,2012-01-01,77.3,,
ESTAT:LFSA_ERGAN(1.0),17/04/26 11:00:00,A,PC,F,Y20-64,TOTAL,PL,2012-01-01,57.5,,
ESTAT:LFSA_ERGAN(1.0),17/04/26 11:00:00,A,PC,F,Y20-64,TOTAL,PT,2012-01-01,62.9,,
ESTAT:LFSA_ERGAN(1.0),17/04/26 11:00:00,A,PC,F,Y20-64,TOTAL,RO,2012-01-01,56.7,,
ESTAT:LFSA_ERGAN(1.0),17/04/26 11:00:00,A,PC,F,Y20-64,TOTAL,RS,2012-01-01,41.2,,
ESTAT:LFSA_ERGAN(1.0),17/04/26 11:00:00,A,PC,F,Y20-64,TOTAL,SE,2012-01-01,76.8,,
ESTAT:LFSA_ERGAN(1.0),17/04/26 11:00:00,A,PC,F,Y20-64,TOTAL,SI,2012-01-01,64.6,,
ESTAT:LFSA_ERGAN(1.0),17/04/26 11:00:00,A,PC,F,Y20-64,TOTAL,SK,2012-01-01,57.3,,
ESTAT:LFSA_ERGAN(1.0),17/04/26 11:00:00,A,PC,F,Y20-64,TOTAL,TR,2012-01-01,30.9,,
ESTAT:LFSA_ERGAN(1.0),17/04/26 11:00:00,A,PC,F,Y20-64,TOTAL,UK,2012-01-01,68.4,,
ESTAT:LFSA_ERGAN(1.0),17/04/26 11:00:00,A,PC,M,Y15-64,TOTAL,AT,2012-01-01,76.2,,
ESTAT:LFSA_ERGAN(1.0),17/04/26 11:00:00,A,PC,M,Y15-64,TOTAL,BE,2012-01-01,66.9,,
ESTAT:LFSA_ERGAN(1.0),17/04/26 11:00:00,A,PC,M,Y15-64,TOTAL,BG,2012-01-01,61.3,,
ESTAT:LFSA_ERGAN(1.0),17/04/26 11:00:00,A,PC,M,Y15-64,TOTAL,CH,2012-01-01,83.9,,
ESTAT:LFSA_ERGAN(1.0),17/04/26 11:00:00,A,PC,M,Y15-64,TOTAL,CY,2012-01-01,70.4,,
ESTAT:LFSA_ERGAN(1.0),17/04/26 11:00:00,A,PC,M,Y15-64,TOTAL,CZ,2012-01-01,74.6,,
ESTAT:LFSA_ERGAN(1.0),17/04/26 11:00:00,A,PC,M,Y15-64,TOTAL,DE,2012-01-01,77.9,b,
ESTAT:LFSA_ERGAN(1.0),17/04/26 11:00:00,A,PC,M,Y15-64,TOTAL,DK,2012-01-01,73.6,,
ESTAT:LFSA_ERGAN(1.0),17/04/26 11:00:00,A,PC,M,Y15-64,TOTAL,EA21,2012-01-01,69.0,,
ESTAT:LFSA_ERGAN(1.0),17/04/26 11:00:00,A,PC,M,Y15-64,TOTAL,EE,2012-01-01,69.7,,
ESTAT:LFSA_ERGAN(1.0),17/04/26 11:00:00,A,PC,M,Y15-64,TOTAL,EL,2012-01-01,60.1,,
ESTAT:LFSA_ERGAN(1.0),17/04/26 11:00:00,A,PC,M,Y15-64,TOTAL,ES,2012-01-01,60.3,,
ESTAT:LFSA_ERGAN(1.0),17/04/26 11:00:00,A,PC,M,Y15-64,TOTAL,EU27_2020,2012-01-01,68.8,,
ESTAT:LFSA_ERGAN(1.0),17/04/26 11:00:00,A,PC,M,Y15-64,TOTAL,FI,2012-01-01,70.5,,
ESTAT:LFSA_ERGAN(1.0),17/04/26 11:00:00,A,PC,M,Y15-64,TOTAL,FR,2012-01-01,68.1,,
ESTAT:LFSA_ERGAN(1.0),17/04/26 11:00:00,A,PC,M,Y15-64,TOTAL,HR,2012-01-01,58.4,,
ESTAT:LFSA_ERGAN(1.0),17/04/26 11:00:00,A,PC,M,Y15-64,TOTAL,HU,2012-01-01,61.6,,
ESTAT:LFSA_ERGAN(1.0),17/04/26 11:00:00,A,PC,M,Y15-64,TOTAL,IE,2012-01-01,63.7,,
ESTAT:LFSA_ERGAN(1.0),17/04/26 11:00:00,A,PC,M,Y15-64,TOTAL,IS,2012-01-01,81.5,,
ESTAT:LFSA_ERGAN(1.0),17/04/26 11:00:00,A,PC,M,Y15-64,TOTAL,IT,2012-01-01,66.3,,
ESTAT:LFSA_ERGAN(1.0),17/04/26 11:00:00,A,PC,M,Y15-64,TOTAL,LT,2012-01-01,62.2,,
ESTAT:LFSA_ERGAN(1.0),17/04/26 11:00:00,A,PC,M,Y15-64,TOTAL,LU,2012-01-01,72.5,,
ESTAT:LFSA_ERGAN(1.0),17/04/26 11:00:00,A,PC,M,Y15-64,TOTAL,LV,2012-01-01,64.4,,
ESTAT:LFSA_ERGAN(1.0),17/04/26 11:00:00,A,PC,M,Y15-64,TOTAL,ME,2012-01-01,52.1,,
ESTAT:LFSA_ERGAN(1.0),17/04/26 11:00:00,A,PC,M,Y15-64,TOTAL,MK,2012-01-01,52.4,,
ESTAT:LFSA_ERGAN(1.0),17/04/26 11:00:00,A,PC,M,Y15-64,TOTAL,MT,2012-01-01,74.0,,
ESTAT:LFSA_ERGAN(1.0),17/04/26 11:00:00,A,PC,M,Y15-64,TOTAL,NL,2012-01-01,79.3,,
ESTAT:LFSA_ERGAN(1.0),17/04/26 11:00:00,A,PC,M,Y15-64,TOTAL,NO,2012-01-01,77.6,,
ESTAT:LFSA_ERGAN(1.0),17/04/26 11:00:00,A,PC,M,Y15-64,TOTAL,PL,2012-01-01,66.3,,
ESTAT:LFSA_ERGAN(1.0),17/04/26 11:00:00,A,PC,M,Y15-64,TOTAL,PT,2012-01-01,64.5,,
ESTAT:LFSA_ERGAN(1.0),17/04/26 11:00:00,A,PC,M,Y15-64,TOTAL,RO,2012-01-01,67.6,,
ESTAT:LFSA_ERGAN(1.0),17/04/26 11:00:00,A,PC,M,Y15-64,TOTAL,RS,2012-01-01,52.6,,
ESTAT:LFSA_ERGAN(1.0),17/04/26 11:00:00,A,PC,M,Y15-64,TOTAL,SE,2012-01-01,75.6,,
ESTAT:LFSA_ERGAN(1.0),17/04/26 11:00:00,A,PC,M,Y15-64,TOTAL,SI,2012-01-01,67.4,,
ESTAT:LFSA_ERGAN(1.0),17/04/26 11:00:00,A,PC,M,Y15-64,TOTAL,SK,2012-01-01,66.7,,
ESTAT:LFSA_ERGAN(1.0),17/04/26 11:00:00,A,PC,M,Y15-64,TOTAL,TR,2012-01-01,69.2,,
ESTAT:LFSA_ERGAN(1.0),17/04/26 11:00:00,A,PC,M,Y15-64,TOTAL,UK,2012-01-01,75.0,,
ESTAT:LFSA_ERGAN(1.0),17/04/26 11:00:00,A,PC,M,Y15-74,TOTAL,AT,2012-01-01,68.2,,
ESTAT:LFSA_ERGAN(1.0),17/04/26 11:00:00,A,PC,M,Y15-74,TOTAL,BE,2012-01-01,60.0,,
ESTAT:LFSA_ERGAN(1.0),17/04/26 11:00:00,A,PC,M,Y15-74,TOTAL,BG,2012-01-01,54.8,,
ESTAT:LFSA_ERGAN(1.0),17/04/26 11:00:00,A,PC,M,Y15-74,TOTAL,CH,2012-01-01,77.0,,
ESTAT:LFSA_ERGAN(1.0),17/04/26 11:00:00,A,PC,M,Y15-74,TOTAL,CY,2012-01-01,65.2,,
ESTAT:LFSA_ERGAN(1.0),17/04/26 11:00:00,A,PC,M,Y15-74,TOTAL,CZ,2012-01-01,67.5,,
ESTAT:LFSA_ERGAN(1.0),17/04/26 11:00:00,A,PC,M,Y15-74,TOTAL,DE,2012-01-01,68.6,b,
ESTAT:LFSA_ERGAN(1.0),17/04/26 11:00:00,A,PC,M,Y15-74,TOTAL,DK,2012-01-01,66.2,,
ESTAT:LFSA_ERGAN(1.0),17/04/26 11:00:00,A,PC,M,Y15-74,TOTAL,EA21,2012-01-01,61.8,,
ESTAT:LFSA_ERGAN(1.0),17/04/26 11:00:00,A,PC,M,Y15-74,TOTAL,EE,2012-01-01,64.7,,
ESTAT:LFSA_ERGAN(1.0),17/04/26 11:00:00,A,PC,M,Y15-74,TOTAL,EL,2012-01-01,53.4,,
ESTAT:LFSA_ERGAN(1.0),17/04/26 11:00:00,A,PC,M,Y15-74,TOTAL,ES,2012-01-01,54.5,,
ESTAT:LFSA_ERGAN(1.0),17/04/26 11:00:00,A,PC,M,Y15-74,TOTAL,EU27_2020,2012-01-01,62.0,,
ESTAT:LFSA_ERGAN(1.0),17/04/26 11:00:00,A,PC,M,Y15-74,TOTAL,FI,2012-01-01,63.2,,
ESTAT:LFSA_ERGAN(1.0),17/04/26 11:00:00,A,PC,M,Y15-74,TOTAL,FR,2012-01-01,61.1,,
ESTAT:LFSA_ERGAN(1.0),17/04/26 11:00:00,A,PC,M,Y15-74,TOTAL,HR,2012-01-01,52.9,,
ESTAT:LFSA_ERGAN(1.0),17/04/26 11:00:00,A,PC,M,Y15-74,TOTAL,HU,2012-01-01,55.7,,
ESTAT:LFSA_ERGAN(1.0),17/04/26 11:00:00,A,PC,M,Y15-74,TOTAL,IE,2012-01-01,59.5,,
ESTAT:LFSA_ERGAN(1.0),17/04/26 11:00:00,A,PC,M,Y15-74,TOTAL,IS,2012-01-01,77.4,,
ESTAT:LFSA_ERGAN(1.0),17/04/26 11:00:00,A,PC,M,Y15-74,TOTAL,IT,2012-01-01,58.9,,
ESTAT:LFSA_ERGAN(1.0),17/04/26 11:00:00,A,PC,M,Y15-74,TOTAL,LT,2012-01-01,57.3,,
ESTAT:LFSA_ERGAN(1.0),17/04/26 11:00:00,A,PC,M,Y15-74,TOTAL,LU,2012-01-01,65.9,,
ESTAT:LFSA_ERGAN(1.0),17/04/26 11:00:00,A,PC,M,Y15-74,TOTAL,LV,2012-01-01,59.2,,
ESTAT:LFSA_ERGAN(1.0),17/04/26 11:00:00,A,PC,M,Y15-74,TOTAL,ME,2012-01-01,48.0,,
ESTAT:LFSA_ERGAN(1.0),17/04/26 11:00:00,A,PC,M,Y15-74,TOTAL,MK,2012-01-01,48.4,,
ESTAT:LFSA_ERGAN(1.0),17/04/26 11:00:00,A,PC,M,Y15-74,TOTAL,MT,2012-01-01,66.4,,
ESTAT:LFSA_ERGAN(1.0),17/04/26 11:00:00,A,PC,M,Y15-74,TOTAL,NL,2012-01-01,71.5,,
ESTAT:LFSA_ERGAN(1.0),17/04/26 11:00:00,A,PC,M,Y15-74,TOTAL,NO,2012-01-01,71.6,,
ESTAT:LFSA_ERGAN(1.0),17/04/26 11:00:00,A,PC,M,Y15-74,TOTAL,PL,2012-01-01,61.5,,
ESTAT:LFSA_ERGAN(1.0),17/04/26 11:00:00,A,PC,M,Y15-74,TOTAL,PT,2012-01-01,60.0,,
ESTAT:LFSA_ERGAN(1.0),17/04/26 11:00:00,A,PC,M,Y15-74,TOTAL,RO,2012-01-01,63.2,,
ESTAT:LFSA_ERGAN(1.0),17/04/26 11:00:00,A,PC,M,Y15-74,TOTAL,RS,2012-01-01,46.8,,
ESTAT:LFSA_ERGAN(1.0),17/04/26 11:00:00,A,PC,M,Y15-74,TOTAL,SE,2012-01-01,67.9,,
ESTAT:LFSA_ERGAN(1.0),17/04/26 11:00:00,A,PC,M,Y15-74,TOTAL,SI,2012-01-01,61.4,,
ESTAT:LFSA_ERGAN(1.0),17/04/26 11:00:00,A,PC,M,Y15-74,TOTAL,SK,2012-01-01,61.8,,
ESTAT:LFSA_ERGAN(1.0),17/04/26 11:00:00,A,PC,M,Y15-74,TOTAL,TR,2012-01-01,66.8,,
ESTAT:LFSA_ERGAN(1.0),17/04/26 11:00:00,A,PC,M,Y15-74,TOTAL,UK,2012-01-01,68.2,,
ESTAT:LFSA_ERGAN(1.0),17/04/26 11:00:00,A,PC,M,Y20-64,TOTAL,AT,2012-01-01,79.3,,
ESTAT:LFSA_ERGAN(1.0),17/04/26 11:00:00,A,PC,M,Y20-64,TOTAL,BE,2012-01-01,72.7,,
ESTAT:LFSA_ERGAN(1.0),17/04/26 11:00:00,A,PC,M,Y20-64,TOTAL,BG,2012-01-01,65.8,,
ESTAT:LFSA_ERGAN(1.0),17/04/26 11:00:00,A,PC,M,Y20-64,TOTAL,CH,2012-01-01,86.7,,
ESTAT:LFSA_ERGAN(1.0),17/04/26 11:00:00,A,PC,M,Y20-64,TOTAL,CY,2012-01-01,76.1,,
ESTAT:LFSA_ERGAN(1.0),17/04/26 11:00:00,A,PC,M,Y20-64,TOTAL,CZ,2012-01-01,80.2,,
ESTAT:LFSA_ERGAN(1.0),17/04/26 11:00:00,A,PC,M,Y20-64,TOTAL,DE,2012-01-01,82.1,b,
ESTAT:LFSA_ERGAN(1.0),17/04/26 11:00:00,A,PC,M,Y20-64,TOTAL,DK,2012-01-01,77.5,,
ESTAT:LFSA_ERGAN(1.0),17/04/26 11:00:00,A,PC,M,Y20-64,TOTAL,EA21,2012-01-01,73.8,,
ESTAT:LFSA_ERGAN(1.0),17/04/26 11:00:00,A,PC,M,Y20-64,TOTAL,EE,2012-01-01,75.1,,
ESTAT:LFSA_ERGAN(1.0),17/04/26 11:00:00,A,PC,M,Y20-64,TOTAL,EL,2012-01-01,65.0,,
ESTAT:LFSA_ERGAN(1.0),17/04/26 11:00:00,A,PC,M,Y20-64,TOTAL,ES,2012-01-01,64.6,,
ESTAT:LFSA_ERGAN(1.0),17/04/26 11:00:00,A,PC,M,Y20-64,TOTAL,EU27_2020,2012-01-01,73.8,,
ESTAT:LFSA_ERGAN(1.0),17/04/26 11:00:00,A,PC,M,Y20-64,TOTAL,FI,2012-01-01,75.5,,
ESTAT:LFSA_ERGAN(1.0),17/04/26 11:00:00,A,PC,M,Y20-64,TOTAL,FR,2012-01-01,73.9,,
ESTAT:LFSA_ERGAN(1.0),17/04/26 11:00:00,A,PC,M,Y20-64,TOTAL,HR,2012-01-01,63.6,,
ESTAT:LFSA_ERGAN(1.0),17/04/26 11:00:00,A,PC,M,Y20-64,TOTAL,HU,2012-01-01,67.3,,
ESTAT:LFSA_ERGAN(1.0),17/04/26 11:00:00,A,PC,M,Y20-64,TOTAL,IE,2012-01-01,68.8,,
ESTAT:LFSA_ERGAN(1.0),17/04/26 11:00:00,A,PC,M,Y20-64,TOTAL,IS,2012-01-01,84.4,,
ESTAT:LFSA_ERGAN(1.0),17/04/26 11:00:00,A,PC,M,Y20-64,TOTAL,IT,2012-01-01,71.5,,
ESTAT:LFSA_ERGAN(1.0),17/04/26 11:00:00,A,PC,M,Y20-64,TOTAL,LT,2012-01-01,69.1,,
ESTAT:LFSA_ERGAN(1.0),17/04/26 11:00:00,A,PC,M,Y20-64,TOTAL,LU,2012-01-01,78.5,,
ESTAT:LFSA_ERGAN(1.0),17/04/26 11:00:00,A,PC,M,Y20-64,TOTAL,LV,2012-01-01,70.0,,
ESTAT:LFSA_ERGAN(1.0),17/04/26 11:00:00,A,PC,M,Y20-64,TOTAL,ME,2012-01-01,57.9,,
ESTAT:LFSA_ERGAN(1.0),17/04/26 11:00:00,A,PC,M,Y20-64,TOTAL,MK,2012-01-01,57.5,,
ESTAT:LFSA_ERGAN(1.0),17/04/26 11:00:00,A,PC,M,Y20-64,TOTAL,MT,2012-01-01,79.4,,
ESTAT:LFSA_ERGAN(1.0),17/04/26 11:00:00,A,PC,M,Y20-64,TOTAL,NL,2012-01-01,82.3,,
ESTAT:LFSA_ERGAN(1.0),17/04/26 11:00:00,A,PC,M,Y20-64,TOTAL,NO,2012-01-01,82.4,,
ESTAT:LFSA_ERGAN(1.0),17/04/26 11:00:00,A,PC,M,Y20-64,TOTAL,PL,2012-01-01,72.0,,
ESTAT:LFSA_ERGAN(1.0),17/04/26 11:00:00,A,PC,M,Y20-64,TOTAL,PT,2012-01-01,69.8,,
ESTAT:LFSA_ERGAN(1.0),17/04/26 11:00:00,A,PC,M,Y20-64,TOTAL,RO,2012-01-01,72.8,,
ESTAT:LFSA_ERGAN(1.0),17/04/26 11:00:00,A,PC,M,Y20-64,TOTAL,RS,2012-01-01,56.9,,
ESTAT:LFSA_ERGAN(1.0),17/04/26 11:00:00,A,PC,M,Y20-64,TOTAL,SE,2012-01-01,81.9,,
ESTAT:LFSA_ERGAN(1.0),17/04/26 11:00:00,A,PC,M,Y20-64,TOTAL,SI,2012-01-01,71.8,,
ESTAT:LFSA_ERGAN(1.0),17/04/26 11:00:00,A,PC,M,Y20-64,TOTAL,SK,2012-01-01,72.8,,
ESTAT:LFSA_ERGAN(1.0),17/04/26 11:00:00,A,PC,M,Y20-64,TOTAL,TR,2012-01-01,75.0,,
ESTAT:LFSA_ERGAN(1.0),17/04/26 11:00:00,A,PC,M,Y20-64,TOTAL,UK,2012-01-01,80.0,,
ESTAT:LFSA_ERGAN(1.0),17/04/26 11:00:00,A,PC,T,Y15-64,TOTAL,AT,2012-01-01,71.4,,
ESTAT:LFSA_ERGAN(1.0),17/04/26 11:00:00,A,PC,T,Y15-64,TOTAL,BE,2012-01-01,61.8,,
ESTAT:LFSA_ERGAN(1.0),17/04/26 11:00:00,A,PC,T,Y15-64,TOTAL,BG,2012-01-01,58.8,,
ESTAT:LFSA_ERGAN(1.0),17/04/26 11:00:00,A,PC,T,Y15-64,TOTAL,CH,2012-01-01,78.5,,
ESTAT:LFSA_ERGAN(1.0),17/04/26 11:00:00,A,PC,T,Y15-64,TOTAL,CY,2012-01-01,64.6,,
ESTAT:LFSA_ERGAN(1.0),17/04/26 11:00:00,A,PC,T,Y15-64,TOTAL,CZ,2012-01-01,66.5,,
ESTAT:LFSA_ERGAN(1.0),17/04/26 11:00:00,A,PC,T,Y15-64,TOTAL,DE,2012-01-01,73.0,b,
ESTAT:LFSA_ERGAN(1.0),17/04/26 11:00:00,A,PC,T,Y15-64,TOTAL,DK,2012-01-01,71.0,,
ESTAT:LFSA_ERGAN(1.0),17/04/26 11:00:00,A,PC,T,Y15-64,TOTAL,EA21,2012-01-01,63.5,,
ESTAT:LFSA_ERGAN(1.0),17/04/26 11:00:00,A,PC,T,Y15-64,TOTAL,EE,2012-01-01,67.1,,
ESTAT:LFSA_ERGAN(1.0),17/04/26 11:00:00,A,PC,T,Y15-64,TOTAL,EL,2012-01-01,50.8,,
ESTAT:LFSA_ERGAN(1.0),17/04/26 11:00:00,A,PC,T,Y15-64,TOTAL,ES,2012-01-01,55.8,,
ESTAT:LFSA_ERGAN(1.0),17/04/26 11:00:00,A,PC,T,Y15-64,TOTAL,EU27_2020,2012-01-01,63.2,,
ESTAT:LFSA_ERGAN(1.0),17/04/26 11:00:00,A,PC,T,Y15-64,TOTAL,FI,2012-01-01,69.4,,
ESTAT:LFSA_ERGAN(1.0),17/04/26 11:00:00,A,PC,T,Y15-64,TOTAL,FR,2012-01-01,64.0,,
ESTAT:LFSA_ERGAN(1.0),17/04/26 11:00:00,A,PC,T,Y15-64,TOTAL,HR,2012-01-01,53.5,,
ESTAT:LFSA_ERGAN(1.0),17/04/26 11:00:00,A,PC,T,Y15-64,TOTAL,HU,2012-01-01,56.7,,
ESTAT:LFSA_ERGAN(1.0),17/04/26 11:00:00,A,PC,T,Y15-64,TOTAL,IE,2012-01-01,59.9,,
ESTAT:LFSA_ERGAN(1.0),17/04/26 11:00:00,A,PC,T,Y15-64,TOTAL,IS,2012-01-01,79.7,,
ESTAT:LFSA_ERGAN(1.0),17/04/26 11:00:00,A,PC,T,Y15-64,TOTAL,IT,2012-01-01,56.6,,
ESTAT:LFSA_ERGAN(1.0),17/04/26 11:00:00,A,PC,T,Y15-64,TOTAL,LT,2012-01-01,62.0,,
ESTAT:LFSA_ERGAN(1.0),17/04/26 11:00:00,A,PC,T,Y15-64,TOTAL,LU,2012-01-01,65.8,,
ESTAT:LFSA_ERGAN(1.0),17/04/26 11:00:00,A,PC,T,Y15-64,TOTAL,LV,2012-01-01,63.0,,
ESTAT:LFSA_ERGAN(1.0),17/04/26 11:00:00,A,PC,T,Y15-64,TOTAL,ME,2012-01-01,47.0,,
ESTAT:LFSA_ERGAN(1.0),17/04/26 11:00:00,A,PC,T,Y15-64,TOTAL,MK,2012-01-01,44.0,,
ESTAT:LFSA_ERGAN(1.0),17/04/26 11:00:00,A,PC,T,Y15-64,TOTAL,MT,2012-01-01,59.9,,
ESTAT:LFSA_ERGAN(1.0),17/04/26 11:00:00,A,PC,T,Y15-64,TOTAL,NL,2012-01-01,74.4,,
ESTAT:LFSA_ERGAN(1.0),17/04/26 11:00:00,A,PC,T,Y15-64,TOTAL,NO,2012-01-01,75.7,,
ESTAT:LFSA_ERGAN(1.0),17/04/26 11:00:00,A,PC,T,Y15-64,TOTAL,PL,2012-01-01,59.7,,
ESTAT:LFSA_ERGAN(1.0),17/04/26 11:00:00,A,PC,T,Y15-64,TOTAL,PT,2012-01-01,61.4,,
ESTAT:LFSA_ERGAN(1.0),17/04/26 11:00:00,A,PC,T,Y15-64,TOTAL,RO,2012-01-01,60.2,,
ESTAT:LFSA_ERGAN(1.0),17/04/26 11:00:00,A,PC,T,Y15-64,TOTAL,RS,2012-01-01,45.4,,
ESTAT:LFSA_ERGAN(1.0),17/04/26 11:00:00,A,PC,T,Y15-64,TOTAL,SE,2012-01-01,73.8,,
ESTAT:LFSA_ERGAN(1.0),17/04/26 11:00:00,A,PC,T,Y15-64,TOTAL,SI,2012-01-01,64.1,,
ESTAT:LFSA_ERGAN(1.0),17/04/26 11:00:00,A,PC,T,Y15-64,TOTAL,SK,2012-01-01,59.7,,
ESTAT:LFSA_ERGAN(1.0),17/04/26 11:00:00,A,PC,T,Y15-64,TOTAL,TR,2012-01-01,48.9,,
ESTAT:LFSA_ERGAN(1.0),17/04/26 11:00:00,A,PC,T,Y15-64,TOTAL,UK,2012-01-01,69.9,,
ESTAT:LFSA_ERGAN(1.0),17/04/26 11:00:00,A,PC,T,Y15-74,TOTAL,AT,2012-01-01,63.2,,
ESTAT:LFSA_ERGAN(1.0),17/04/26 11:00:00,A,PC,T,Y15-74,TOTAL,BE,2012-01-01,55.0,,
ESTAT:LFSA_ERGAN(1.0),17/04/26 11:00:00,A,PC,T,Y15-74,TOTAL,BG,2012-01-01,51.4,,
ESTAT:LFSA_ERGAN(1.0),17/04/26 11:00:00,A,PC,T,Y15-74,TOTAL,CH,2012-01-01,70.9,,
ESTAT:LFSA_ERGAN(1.0),17/04/26 11:00:00,A,PC,T,Y15-74,TOTAL,CY,2012-01-01,59.4,,
ESTAT:LFSA_ERGAN(1.0),17/04/26 11:00:00,A,PC,T,Y15-74,TOTAL,CZ,2012-01-01,59.1,,
ESTAT:LFSA_ERGAN(1.0),17/04/26 11:00:00,A,PC,T,Y15-74,TOTAL,DE,2012-01-01,63.5,b,
ESTAT:LFSA_ERGAN(1.0),17/04/26 11:00:00,A,PC,T,Y15-74,TOTAL,DK,2012-01-01,63.0,,
ESTAT:LFSA_ERGAN(1.0),17/04/26 11:00:00,A,PC,T,Y15-74,TOTAL,EA21,2012-01-01,56.2,,
ESTAT:LFSA_ERGAN(1.0),17/04/26 11:00:00,A,PC,T,Y15-74,TOTAL,EE,2012-01-01,61.1,,
ESTAT:LFSA_ERGAN(1.0),17/04/26 11:00:00,A,PC,T,Y15-74,TOTAL,EL,2012-01-01,44.7,,
ESTAT:LFSA_ERGAN(1.0),17/04/26 11:00:00,A,PC,T,Y15-74,TOTAL,ES,2012-01-01,50.0,,
ESTAT:LFSA_ERGAN(1.0),17/04/26 11:00:00,A,PC,T,Y15-74,TOTAL,EU27_2020,2012-01-01,56.2,,
ESTAT:LFSA_ERGAN(1.0),17/04/26 11:00:00,A,PC,T,Y15-74,TOTAL,FI,2012-01-01,61.2,,
ESTAT:LFSA_ERGAN(1.0),17/04/26 11:00:00,A,PC,T,Y15-74,TOTAL,FR,2012-01-01,57.0,,
ESTAT:LFSA_ERGAN(1.0),17/04/26 11:00:00,A,PC,T,Y15-74,TOTAL,HR,2012-01-01,47.6,,
ESTAT:LFSA_ERGAN(1.0),17/04/26 11:00:00,A,PC,T,Y15-74,TOTAL,HU,2012-01-01,50.1,,
ESTAT:LFSA_ERGAN(1.0),17/04/26 11:00:00,A,PC,T,Y15-74,TOTAL,IE,2012-01-01,55.5,,
ESTAT:LFSA_ERGAN(1.0),17/04/26 11:00:00,A,PC,T,Y15-74,TOTAL,IS,2012-01-01,75.1,,
ESTAT:LFSA_ERGAN(1.0),17/04/26 11:00:00,A,PC,T,Y15-74,TOTAL,IT,2012-01-01,49.6,,
ESTAT:LFSA_ERGAN(1.0),17/04/26 11:00:00,A,PC,T,Y15-74,TOTAL,LT,2012-01-01,55.6,,
ESTAT:LFSA_ERGAN(1.0),17/04/26 11:00:00,A,PC,T,Y15-74,TOTAL,LU,2012-01-01,59.0,,
ESTAT:LFSA_ERGAN(1.0),17/04/26 11:00:00,A,PC,T,Y15-74,TOTAL,LV,2012-01-01,56.1,,
ESTAT:LFSA_ERGAN(1.0),17/04/26 11:00:00,A,PC,T,Y15-74,TOTAL,ME,2012-01-01,42.7,,
ESTAT:LFSA_ERGAN(1.0),17/04/26 11:00:00,A,PC,T,Y15-74,TOTAL,MK,2012-01-01,40.2,,
ESTAT:LFSA_ERGAN(1.0),17/04/26 11:00:00,A,PC,T,Y15-74,TOTAL,MT,2012-01-01,53.1,,
ESTAT:LFSA_ERGAN(1.0),17/04/26 11:00:00,A,PC,T,Y15-74,TOTAL,NL,2012-01-01,66.4,,
ESTAT:LFSA_ERGAN(1.0),17/04/26 11:00:00,A,PC,T,Y15-74,TOTAL,NO,2012-01-01,69.2,,
ESTAT:LFSA_ERGAN(1.0),17/04/26 11:00:00,A,PC,T,Y15-74,TOTAL,PL,2012-01-01,54.4,,
ESTAT:LFSA_ERGAN(1.0),17/04/26 11:00:00,A,PC,T,Y15-74,TOTAL,PT,2012-01-01,56.0,,
ESTAT:LFSA_ERGAN(1.0),17/04/26 11:00:00,A,PC,T,Y15-74,TOTAL,RO,2012-01-01,55.7,,
ESTAT:LFSA_ERGAN(1.0),17/04/26 11:00:00,A,PC,T,Y15-74,TOTAL,RS,2012-01-01,39.6,,
ESTAT:LFSA_ERGAN(1.0),17/04/26 11:00:00,A,PC,T,Y15-74,TOTAL,SE,2012-01-01,65.5,,
ESTAT:LFSA_ERGAN(1.0),17/04/26 11:00:00,A,PC,T,Y15-74,TOTAL,SI,2012-01-01,57.4,,
ESTAT:LFSA_ERGAN(1.0),17/04/26 11:00:00,A,PC,T,Y15-74,TOTAL,SK,2012-01-01,54.4,,
ESTAT:LFSA_ERGAN(1.0),17/04/26 11:00:00,A,PC,T,Y15-74,TOTAL,TR,2012-01-01,47.0,,
ESTAT:LFSA_ERGAN(1.0),17/04/26 11:00:00,A,PC,T,Y15-74,TOTAL,UK,2012-01-01,63.1,,
ESTAT:LFSA_ERGAN(1.0),17/04/26 11:00:00,A,PC,T,Y20-64,TOTAL,AT,2012-01-01,74.4,,
ESTAT:LFSA_ERGAN(1.0),17/04/26 11:00:00,A,PC,T,Y20-64,TOTAL,BE,2012-01-01,67.2,,
ESTAT:LFSA_ERGAN(1.0),17/04/26 11:00:00,A,PC,T,Y20-64,TOTAL,BG,2012-01-01,63.0,,
ESTAT:LFSA_ERGAN(1.0),17/04/26 11:00:00,A,PC,T,Y20-64,TOTAL,CH,2012-01-01,81.0,,
ESTAT:LFSA_ERGAN(1.0),17/04/26 11:00:00,A,PC,T,Y20-64,TOTAL,CY,2012-01-01,70.2,,
ESTAT:LFSA_ERGAN(1.0),17/04/26 11:00:00,A,PC,T,Y20-64,TOTAL,CZ,2012-01-01,71.5,,
ESTAT:LFSA_ERGAN(1.0),17/04/26 11:00:00,A,PC,T,Y20-64,TOTAL,DE,2012-01-01,76.9,b,
ESTAT:LFSA_ERGAN(1.0),17/04/26 11:00:00,A,PC,T,Y20-64,TOTAL,DK,2012-01-01,74.3,,
ESTAT:LFSA_ERGAN(1.0),17/04/26 11:00:00,A,PC,T,Y20-64,TOTAL,EA21,2012-01-01,67.8,,
ESTAT:LFSA_ERGAN(1.0),17/04/26 11:00:00,A,PC,T,Y20-64,TOTAL,EE,2012-01-01,72.2,,
ESTAT:LFSA_ERGAN(1.0),17/04/26 11:00:00,A,PC,T,Y20-64,TOTAL,EL,2012-01-01,55.0,,
ESTAT:LFSA_ERGAN(1.0),17/04/26 11:00:00,A,PC,T,Y20-64,TOTAL,ES,2012-01-01,59.6,,
ESTAT:LFSA_ERGAN(1.0),17/04/26 11:00:00,A,PC,T,Y20-64,TOTAL,EU27_2020,2012-01-01,67.6,,
ESTAT:LFSA_ERGAN(1.0),17/04/26 11:00:00,A,PC,T,Y20-64,TOTAL,FI,2012-01-01,74.0,,
ESTAT:LFSA_ERGAN(1.0),17/04/26 11:00:00,A,PC,T,Y20-64,TOTAL,FR,2012-01-01,69.4,,
ESTAT:LFSA_ERGAN(1.0),17/04/26 11:00:00,A,PC,T,Y20-64,TOTAL,HR,2012-01-01,58.1,,
ESTAT:LFSA_ERGAN(1.0),17/04/26 11:00:00,A,PC,T,Y20-64,TOTAL,HU,2012-01-01,61.6,,
ESTAT:LFSA_ERGAN(1.0),17/04/26 11:00:00,A,PC,T,Y20-64,TOTAL,IE,2012-01-01,64.5,,
ESTAT:LFSA_ERGAN(1.0),17/04/26 11:00:00,A,PC,T,Y20-64,TOTAL,IS,2012-01-01,81.8,,
ESTAT:LFSA_ERGAN(1.0),17/04/26 11:00:00,A,PC,T,Y20-64,TOTAL,IT,2012-01-01,60.9,,
ESTAT:LFSA_ERGAN(1.0),17/04/26 11:00:00,A,PC,T,Y20-64,TOTAL,LT,2012-01-01,68.5,,
ESTAT:LFSA_ERGAN(1.0),17/04/26 11:00:00,A,PC,T,Y20-64,TOTAL,LU,2012-01-01,71.4,,
ESTAT:LFSA_ERGAN(1.0),17/04/26 11:00:00,A,PC,T,Y20-64,TOTAL,LV,2012-01-01,68.1,,
ESTAT:LFSA_ERGAN(1.0),17/04/26 11:00:00,A,PC,T,Y20-64,TOTAL,ME,2012-01-01,52.0,,
ESTAT:LFSA_ERGAN(1.0),17/04/26 11:00:00,A,PC,T,Y20-64,TOTAL,MK,2012-01-01,48.2,,
ESTAT:LFSA_ERGAN(1.0),17/04/26 11:00:00,A,PC,T,Y20-64,TOTAL,MT,2012-01-01,63.9,,
ESTAT:LFSA_ERGAN(1.0),17/04/26 11:00:00,A,PC,T,Y20-64,TOTAL,NL,2012-01-01,76.6,,
ESTAT:LFSA_ERGAN(1.0),17/04/26 11:00:00,A,PC,T,Y20-64,TOTAL,NO,2012-01-01,79.9,,
ESTAT:LFSA_ERGAN(1.0),17/04/26 11:00:00,A,PC,T,Y20-64,TOTAL,PL,2012-01-01,64.7,,
ESTAT:LFSA_ERGAN(1.0),17/04/26 11:00:00,A,PC,T,Y20-64,TOTAL,PT,2012-01-01,66.3,,
ESTAT:LFSA_ERGAN(1.0),17/04/26 11:00:00,A,PC,T,Y20-64,TOTAL,RO,2012-01-01,64.8,,
ESTAT:LFSA_ERGAN(1.0),17/04/26 11:00:00,A,PC,T,Y20-64,TOTAL,RS,2012-01-01,49.0,,
ESTAT:LFSA_ERGAN(1.0),17/04/26 11:00:00,A,PC,T,Y20-64,TOTAL,SE,2012-01-01,79.4,,
ESTAT:LFSA_ERGAN(1.0),17/04/26 11:00:00,A,PC,T,Y20-64,TOTAL,SI,2012-01-01,68.3,,
ESTAT:LFSA_ERGAN(1.0),17/04/26 11:00:00,A,PC,T,Y20-64,TOTAL,SK,2012-01-01,65.1,,
ESTAT:LFSA_ERGAN(1.0),17/04/26 11:00:00,A,PC,T,Y20-64,TOTAL,TR,2012-01-01,52.8,,
ESTAT:LFSA_ERGAN(1.0),17/04/26 11:00:00,A,PC,T,Y20-64,TOTAL,UK,2012-01-01,74.1,,
ESTAT:LFSA_ERGAN(1.0),17/04/26 11:00:00,A,PC,F,Y15-64,TOTAL,AT,2013-01-01,66.9,,
ESTAT:LFSA_ERGAN(1.0),17/04/26 11:00:00,A,PC,F,Y15-64,TOTAL,BE,2013-01-01,57.2,,
ESTAT:LFSA_ERGAN(1.0),17/04/26 11:00:00,A,PC,F,Y15-64,TOTAL,BG,2013-01-01,56.8,,
ESTAT:LFSA_ERGAN(1.0),17/04/26 11:00:00,A,PC,F,Y15-64,TOTAL,CH,2013-01-01,73.2,,
ESTAT:LFSA_ERGAN(1.0),17/04/26 11:00:00,A,PC,F,Y15-64,TOTAL,CY,2013-01-01,56.9,,
ESTAT:LFSA_ERGAN(1.0),17/04/26 11:00:00,A,PC,F,Y15-64,TOTAL,CZ,2013-01-01,59.6,,
ESTAT:LFSA_ERGAN(1.0),17/04/26 11:00:00,A,PC,F,Y15-64,TOTAL,DE,2013-01-01,69.0,,
ESTAT:LFSA_ERGAN(1.0),17/04/26 11:00:00,A,PC,F,Y15-64,TOTAL,DK,2013-01-01,68.3,,
ESTAT:LFSA_ERGAN(1.0),17/04/26 11:00:00,A,PC,F,Y15-64,TOTAL,EA21,2013-01-01,58.1,,
ESTAT:LFSA_ERGAN(1.0),17/04/26 11:00:00,A,PC,F,Y15-64,TOTAL,EE,2013-01-01,65.7,,
ESTAT:LFSA_ERGAN(1.0),17/04/26 11:00:00,A,PC,F,Y15-64,TOTAL,EL,2013-01-01,39.9,,
ESTAT:LFSA_ERGAN(1.0),17/04/26 11:00:00,A,PC,F,Y15-64,TOTAL,ES,2013-01-01,50.3,,
ESTAT:LFSA_ERGAN(1.0),17/04/26 11:00:00,A,PC,F,Y15-64,TOTAL,EU27_2020,2013-01-01,57.7,,
ESTAT:LFSA_ERGAN(1.0),17/04/26 11:00:00,A,PC,F,Y15-64,TOTAL,FI,2013-01-01,67.8,,
ESTAT:LFSA_ERGAN(1.0),17/04/26 11:00:00,A,PC,F,Y15-64,TOTAL,FR,2013-01-01,60.4,,
ESTAT:LFSA_ERGAN(1.0),17/04/26 11:00:00,A,PC,F,Y15-64,TOTAL,HR,2013-01-01,48.6,,
ESTAT:LFSA_ERGAN(1.0),17/04/26 11:00:00,A,PC,F,Y15-64,TOTAL,HU,2013-01-01,52.6,,
ESTAT:LFSA_ERGAN(1.0),17/04/26 11:00:00,A,PC,F,Y15-64,TOTAL,IE,2013-01-01,57.1,,
ESTAT:LFSA_ERGAN(1.0),17/04/26 11:00:00,A,PC,F,Y15-64,TOTAL,IS,2013-01-01,79.0,,
ESTAT:LFSA_ERGAN(1.0),17/04/26 11:00:00,A,PC,F,Y15-64,TOTAL,IT,2013-01-01,46.5,,
ESTAT:LFSA_ERGAN(1.0),17/04/26 11:00:00,A,PC,F,Y15-64,TOTAL,LT,2013-01-01,62.8,,
ESTAT:LFSA_ERGAN(1.0),17/04/26 11:00:00,A,PC,F,Y15-64,TOTAL,LU,2013-01-01,59.1,,
ESTAT:LFSA_ERGAN(1.0),17/04/26 11:00:00,A,PC,F,Y15-64,TOTAL,LV,2013-01-01,63.4,,
ESTAT:LFSA_ERGAN(1.0),17/04/26 11:00:00,A,PC,F,Y15-64,TOTAL,ME,2013-01-01,42.5,,
ESTAT:LFSA_ERGAN(1.0),17/04/26 11:00:00,A,PC,F,Y15-64,TOTAL,MK,2013-01-01,37.3,,
ESTAT:LFSA_ERGAN(1.0),17/04/26 11:00:00,A,PC,F,Y15-64,TOTAL,MT,2013-01-01,48.8,,
ESTAT:LFSA_ERGAN(1.0),17/04/26 11:00:00,A,PC,F,Y15-64,TOTAL,NL,2013-01-01,69.0,b,
ESTAT:LFSA_ERGAN(1.0),17/04/26 11:00:00,A,PC,F,Y15-64,TOTAL,NO,2013-01-01,73.5,,
ESTAT:LFSA_ERGAN(1.0),17/04/26 11:00:00,A,PC,F,Y15-64,TOTAL,PL,2013-01-01,53.4,,
ESTAT:LFSA_ERGAN(1.0),17/04/26 11:00:00,A,PC,F,Y15-64,TOTAL,PT,2013-01-01,57.8,,
ESTAT:LFSA_ERGAN(1.0),17/04/26 11:00:00,A,PC,F,Y15-64,TOTAL,RO,2013-01-01,52.6,,
ESTAT:LFSA_ERGAN(1.0),17/04/26 11:00:00,A,PC,F,Y15-64,TOTAL,RS,2013-01-01,40.2,,
ESTAT:LFSA_ERGAN(1.0),17/04/26 11:00:00,A,PC,F,Y15-64,TOTAL,SE,2013-01-01,72.5,,
ESTAT:LFSA_ERGAN(1.0),17/04/26 11:00:00,A,PC,F,Y15-64,TOTAL,SI,2013-01-01,59.2,,
ESTAT:LFSA_ERGAN(1.0),17/04/26 11:00:00,A,PC,F,Y15-64,TOTAL,SK,2013-01-01,53.4,,
ESTAT:LFSA_ERGAN(1.0),17/04/26 11:00:00,A,PC,F,Y15-64,TOTAL,TR,2013-01-01,29.6,,
ESTAT:LFSA_ERGAN(1.0),17/04/26 11:00:00,A,PC,F,Y15-64,TOTAL,UK,2013-01-01,65.8,,
ESTAT:LFSA_ERGAN(1.0),17/04/26 11:00:00,A,PC,F,Y15-74,TOTAL,AT,2013-01-01,58.4,,
ESTAT:LFSA_ERGAN(1.0),17/04/26 11:00:00,A,PC,F,Y15-74,TOTAL,BE,2013-01-01,50.2,,
ESTAT:LFSA_ERGAN(1.0),17/04/26 11:00:00,A,PC,F,Y15-74,TOTAL,BG,2013-01-01,48.4,,
ESTAT:LFSA_ERGAN(1.0),17/04/26 11:00:00,A,PC,F,Y15-74,TOTAL,CH,2013-01-01,65.2,,
ESTAT:LFSA_ERGAN(1.0),17/04/26 11:00:00,A,PC,F,Y15-74,TOTAL,CY,2013-01-01,52.0,,
ESTAT:LFSA_ERGAN(1.0),17/04/26 11:00:00,A,PC,F,Y15-74,TOTAL,CZ,2013-01-01,51.7,,
ESTAT:LFSA_ERGAN(1.0),17/04/26 11:00:00,A,PC,F,Y15-74,TOTAL,DE,2013-01-01,59.5,,
ESTAT:LFSA_ERGAN(1.0),17/04/26 11:00:00,A,PC,F,Y15-74,TOTAL,DK,2013-01-01,59.3,,
ESTAT:LFSA_ERGAN(1.0),17/04/26 11:00:00,A,PC,F,Y15-74,TOTAL,EA21,2013-01-01,50.7,,
ESTAT:LFSA_ERGAN(1.0),17/04/26 11:00:00,A,PC,F,Y15-74,TOTAL,EE,2013-01-01,58.8,,
ESTAT:LFSA_ERGAN(1.0),17/04/26 11:00:00,A,PC,F,Y15-74,TOTAL,EL,2013-01-01,34.7,,
ESTAT:LFSA_ERGAN(1.0),17/04/26 11:00:00,A,PC,F,Y15-74,TOTAL,ES,2013-01-01,44.5,,
ESTAT:LFSA_ERGAN(1.0),17/04/26 11:00:00,A,PC,F,Y15-74,TOTAL,EU27_2020,2013-01-01,50.6,,
ESTAT:LFSA_ERGAN(1.0),17/04/26 11:00:00,A,PC,F,Y15-74,TOTAL,FI,2013-01-01,58.6,,
ESTAT:LFSA_ERGAN(1.0),17/04/26 11:00:00,A,PC,F,Y15-74,TOTAL,FR,2013-01-01,53.1,,
ESTAT:LFSA_ERGAN(1.0),17/04/26 11:00:00,A,PC,F,Y15-74,TOTAL,HR,2013-01-01,42.4,,
ESTAT:LFSA_ERGAN(1.0),17/04/26 11:00:00,A,PC,F,Y15-74,TOTAL,HU,2013-01-01,45.4,,
ESTAT:LFSA_ERGAN(1.0),17/04/26 11:00:00,A,PC,F,Y15-74,TOTAL,IE,2013-01-01,52.3,,
ESTAT:LFSA_ERGAN(1.0),17/04/26 11:00:00,A,PC,F,Y15-74,TOTAL,IS,2013-01-01,73.7,,
ESTAT:LFSA_ERGAN(1.0),17/04/26 11:00:00,A,PC,F,Y15-74,TOTAL,IT,2013-01-01,40.1,,
ESTAT:LFSA_ERGAN(1.0),17/04/26 11:00:00,A,PC,F,Y15-74,TOTAL,LT,2013-01-01,54.7,,
ESTAT:LFSA_ERGAN(1.0),17/04/26 11:00:00,A,PC,F,Y15-74,TOTAL,LU,2013-01-01,52.3,,
ESTAT:LFSA_ERGAN(1.0),17/04/26 11:00:00,A,PC,F,Y15-74,TOTAL,LV,2013-01-01,55.3,,
ESTAT:LFSA_ERGAN(1.0),17/04/26 11:00:00,A,PC,F,Y15-74,TOTAL,ME,2013-01-01,38.2,,
ESTAT:LFSA_ERGAN(1.0),17/04/26 11:00:00,A,PC,F,Y15-74,TOTAL,MK,2013-01-01,33.7,,
ESTAT:LFSA_ERGAN(1.0),17/04/26 11:00:00,A,PC,F,Y15-74,TOTAL,MT,2013-01-01,42.3,,
ESTAT:LFSA_ERGAN(1.0),17/04/26 11:00:00,A,PC,F,Y15-74,TOTAL,NL,2013-01-01,60.6,b,
ESTAT:LFSA_ERGAN(1.0),17/04/26 11:00:00,A,PC,F,Y15-74,TOTAL,NO,2013-01-01,66.1,,
ESTAT:LFSA_ERGAN(1.0),17/04/26 11:00:00,A,PC,F,Y15-74,TOTAL,PL,2013-01-01,47.5,,
ESTAT:LFSA_ERGAN(1.0),17/04/26 11:00:00,A,PC,F,Y15-74,TOTAL,PT,2013-01-01,51.4,,
ESTAT:LFSA_ERGAN(1.0),17/04/26 11:00:00,A,PC,F,Y15-74,TOTAL,RO,2013-01-01,48.3,,
ESTAT:LFSA_ERGAN(1.0),17/04/26 11:00:00,A,PC,F,Y15-74,TOTAL,RS,2013-01-01,34.7,,
ESTAT:LFSA_ERGAN(1.0),17/04/26 11:00:00,A,PC,F,Y15-74,TOTAL,SE,2013-01-01,63.3,,
ESTAT:LFSA_ERGAN(1.0),17/04/26 11:00:00,A,PC,F,Y15-74,TOTAL,SI,2013-01-01,52.0,,
ESTAT:LFSA_ERGAN(1.0),17/04/26 11:00:00,A,PC,F,Y15-74,TOTAL,SK,2013-01-01,47.6,,
ESTAT:LFSA_ERGAN(1.0),17/04/26 11:00:00,A,PC,F,Y15-74,TOTAL,TR,2013-01-01,28.3,,
ESTAT:LFSA_ERGAN(1.0),17/04/26 11:00:00,A,PC,F,Y15-74,TOTAL,UK,2013-01-01,58.7,,
ESTAT:LFSA_ERGAN(1.0),17/04/26 11:00:00,A,PC,F,Y20-64,TOTAL,AT,2013-01-01,70.0,,
ESTAT:LFSA_ERGAN(1.0),17/04/26 11:00:00,A,PC,F,Y20-64,TOTAL,BE,2013-01-01,62.1,,
ESTAT:LFSA_ERGAN(1.0),17/04/26 11:00:00,A,PC,F,Y20-64,TOTAL,BG,2013-01-01,60.7,,
ESTAT:LFSA_ERGAN(1.0),17/04/26 11:00:00,A,PC,F,Y20-64,TOTAL,CH,2013-01-01,75.3,,
ESTAT:LFSA_ERGAN(1.0),17/04/26 11:00:00,A,PC,F,Y20-64,TOTAL,CY,2013-01-01,62.2,,
ESTAT:LFSA_ERGAN(1.0),17/04/26 11:00:00,A,PC,F,Y20-64,TOTAL,CZ,2013-01-01,63.8,,
ESTAT:LFSA_ERGAN(1.0),17/04/26 11:00:00,A,PC,F,Y20-64,TOTAL,DE,2013-01-01,72.5,,
ESTAT:LFSA_ERGAN(1.0),17/04/26 11:00:00,A,PC,F,Y20-64,TOTAL,DK,2013-01-01,71.2,,
ESTAT:LFSA_ERGAN(1.0),17/04/26 11:00:00,A,PC,F,Y20-64,TOTAL,EA21,2013-01-01,61.9,,
ESTAT:LFSA_ERGAN(1.0),17/04/26 11:00:00,A,PC,F,Y20-64,TOTAL,EE,2013-01-01,70.1,,
ESTAT:LFSA_ERGAN(1.0),17/04/26 11:00:00,A,PC,F,Y20-64,TOTAL,EL,2013-01-01,43.3,,
ESTAT:LFSA_ERGAN(1.0),17/04/26 11:00:00,A,PC,F,Y20-64,TOTAL,ES,2013-01-01,53.8,,
ESTAT:LFSA_ERGAN(1.0),17/04/26 11:00:00,A,PC,F,Y20-64,TOTAL,EU27_2020,2013-01-01,61.6,,
ESTAT:LFSA_ERGAN(1.0),17/04/26 11:00:00,A,PC,F,Y20-64,TOTAL,FI,2013-01-01,71.9,,
ESTAT:LFSA_ERGAN(1.0),17/04/26 11:00:00,A,PC,F,Y20-64,TOTAL,FR,2013-01-01,65.5,,
ESTAT:LFSA_ERGAN(1.0),17/04/26 11:00:00,A,PC,F,Y20-64,TOTAL,HR,2013-01-01,52.8,,
ESTAT:LFSA_ERGAN(1.0),17/04/26 11:00:00,A,PC,F,Y20-64,TOTAL,HU,2013-01-01,56.9,,
ESTAT:LFSA_ERGAN(1.0),17/04/26 11:00:00,A,PC,F,Y20-64,TOTAL,IE,2013-01-01,61.3,,
ESTAT:LFSA_ERGAN(1.0),17/04/26 11:00:00,A,PC,F,Y20-64,TOTAL,IS,2013-01-01,79.5,,
ESTAT:LFSA_ERGAN(1.0),17/04/26 11:00:00,A,PC,F,Y20-64,TOTAL,IT,2013-01-01,49.9,,
ESTAT:LFSA_ERGAN(1.0),17/04/26 11:00:00,A,PC,F,Y20-64,TOTAL,LT,2013-01-01,68.6,,
ESTAT:LFSA_ERGAN(1.0),17/04/26 11:00:00,A,PC,F,Y20-64,TOTAL,LU,2013-01-01,63.9,,
ESTAT:LFSA_ERGAN(1.0),17/04/26 11:00:00,A,PC,F,Y20-64,TOTAL,LV,2013-01-01,67.7,,
ESTAT:LFSA_ERGAN(1.0),17/04/26 11:00:00,A,PC,F,Y20-64,TOTAL,ME,2013-01-01,47.5,,
ESTAT:LFSA_ERGAN(1.0),17/04/26 11:00:00,A,PC,F,Y20-64,TOTAL,MK,2013-01-01,40.7,,
ESTAT:LFSA_ERGAN(1.0),17/04/26 11:00:00,A,PC,F,Y20-64,TOTAL,MT,2013-01-01,51.7,,
ESTAT:LFSA_ERGAN(1.0),17/04/26 11:00:00,A,PC,F,Y20-64,TOTAL,NL,2013-01-01,70.6,b,
ESTAT:LFSA_ERGAN(1.0),17/04/26 11:00:00,A,PC,F,Y20-64,TOTAL,NO,2013-01-01,77.1,,
ESTAT:LFSA_ERGAN(1.0),17/04/26 11:00:00,A,PC,F,Y20-64,TOTAL,PL,2013-01-01,57.6,,
ESTAT:LFSA_ERGAN(1.0),17/04/26 11:00:00,A,PC,F,Y20-64,TOTAL,PT,2013-01-01,62.2,,
ESTAT:LFSA_ERGAN(1.0),17/04/26 11:00:00,A,PC,F,Y20-64,TOTAL,RO,2013-01-01,56.5,,
ESTAT:LFSA_ERGAN(1.0),17/04/26 11:00:00,A,PC,F,Y20-64,TOTAL,RS,2013-01-01,43.2,,
ESTAT:LFSA_ERGAN(1.0),17/04/26 11:00:00,A,PC,F,Y20-64,TOTAL,SE,2013-01-01,77.2,,
ESTAT:LFSA_ERGAN(1.0),17/04/26 11:00:00,A,PC,F,Y20-64,TOTAL,SI,2013-01-01,63.0,,
ESTAT:LFSA_ERGAN(1.0),17/04/26 11:00:00,A,PC,F,Y20-64,TOTAL,SK,2013-01-01,57.8,,
ESTAT:LFSA_ERGAN(1.0),17/04/26 11:00:00,A,PC,F,Y20-64,TOTAL,TR,2013-01-01,31.8,,
ESTAT:LFSA_ERGAN(1.0),17/04/26 11:00:00,A,PC,F,Y20-64,TOTAL,UK,2013-01-01,69.3,,
ESTAT:LFSA_ERGAN(1.0),17/04/26 11:00:00,A,PC,M,Y15-64,TOTAL,AT,2013-01-01,76.0,,
ESTAT:LFSA_ERGAN(1.0),17/04/26 11:00:00,A,PC,M,Y15-64,TOTAL,BE,2013-01-01,66.4,,
ESTAT:LFSA_ERGAN(1.0),17/04/26 11:00:00,A,PC,M,Y15-64,TOTAL,BG,2013-01-01,62.1,,
ESTAT:LFSA_ERGAN(1.0),17/04/26 11:00:00,A,PC,M,Y15-64,TOTAL,CH,2013-01-01,83.5,,
ESTAT:LFSA_ERGAN(1.0),17/04/26 11:00:00,A,PC,M,Y15-64,TOTAL,CY,2013-01-01,67.0,,
ESTAT:LFSA_ERGAN(1.0),17/04/26 11:00:00,A,PC,M,Y15-64,TOTAL,CZ,2013-01-01,75.7,,
ESTAT:LFSA_ERGAN(1.0),17/04/26 11:00:00,A,PC,M,Y15-64,TOTAL,DE,2013-01-01,78.0,,
ESTAT:LFSA_ERGAN(1.0),17/04/26 11:00:00,A,PC,M,Y15-64,TOTAL,DK,2013-01-01,73.2,,
ESTAT:LFSA_ERGAN(1.0),17/04/26 11:00:00,A,PC,M,Y15-64,TOTAL,EA21,2013-01-01,68.4,,
ESTAT:LFSA_ERGAN(1.0),17/04/26 11:00:00,A,PC,M,Y15-64,TOTAL,EE,2013-01-01,71.4,,
ESTAT:LFSA_ERGAN(1.0),17/04/26 11:00:00,A,PC,M,Y15-64,TOTAL,EL,2013-01-01,57.9,,
ESTAT:LFSA_ERGAN(1.0),17/04/26 11:00:00,A,PC,M,Y15-64,TOTAL,ES,2013-01-01,59.2,,
ESTAT:LFSA_ERGAN(1.0),17/04/26 11:00:00,A,PC,M,Y15-64,TOTAL,EU27_2020,2013-01-01,68.5,,
ESTAT:LFSA_ERGAN(1.0),17/04/26 11:00:00,A,PC,M,Y15-64,TOTAL,FI,2013-01-01,69.9,,
ESTAT:LFSA_ERGAN(1.0),17/04/26 11:00:00,A,PC,M,Y15-64,TOTAL,FR,2013-01-01,67.8,,
ESTAT:LFSA_ERGAN(1.0),17/04/26 11:00:00,A,PC,M,Y15-64,TOTAL,HR,2013-01-01,56.5,,
ESTAT:LFSA_ERGAN(1.0),17/04/26 11:00:00,A,PC,M,Y15-64,TOTAL,HU,2013-01-01,63.7,,
ESTAT:LFSA_ERGAN(1.0),17/04/26 11:00:00,A,PC,M,Y15-64,TOTAL,IE,2013-01-01,66.4,,
ESTAT:LFSA_ERGAN(1.0),17/04/26 11:00:00,A,PC,M,Y15-64,TOTAL,IS,2013-01-01,83.2,,
ESTAT:LFSA_ERGAN(1.0),17/04/26 11:00:00,A,PC,M,Y15-64,TOTAL,IT,2013-01-01,64.7,,
ESTAT:LFSA_ERGAN(1.0),17/04/26 11:00:00,A,PC,M,Y15-64,TOTAL,LT,2013-01-01,64.7,,
ESTAT:LFSA_ERGAN(1.0),17/04/26 11:00:00,A,PC,M,Y15-64,TOTAL,LU,2013-01-01,72.1,,
ESTAT:LFSA_ERGAN(1.0),17/04/26 11:00:00,A,PC,M,Y15-64,TOTAL,LV,2013-01-01,66.8,,
ESTAT:LFSA_ERGAN(1.0),17/04/26 11:00:00,A,PC,M,Y15-64,TOTAL,ME,2013-01-01,51.7,,
ESTAT:LFSA_ERGAN(1.0),17/04/26 11:00:00,A,PC,M,Y15-64,TOTAL,MK,2013-01-01,54.5,,
ESTAT:LFSA_ERGAN(1.0),17/04/26 11:00:00,A,PC,M,Y15-64,TOTAL,MT,2013-01-01,75.1,,
ESTAT:LFSA_ERGAN(1.0),17/04/26 11:00:00,A,PC,M,Y15-64,TOTAL,NL,2013-01-01,78.2,b,
ESTAT:LFSA_ERGAN(1.0),17/04/26 11:00:00,A,PC,M,Y15-64,TOTAL,NO,2013-01-01,77.3,,
ESTAT:LFSA_ERGAN(1.0),17/04/26 11:00:00,A,PC,M,Y15-64,TOTAL,PL,2013-01-01,66.6,,
ESTAT:LFSA_ERGAN(1.0),17/04/26 11:00:00,A,PC,M,Y15-64,TOTAL,PT,2013-01-01,63.4,,
ESTAT:LFSA_ERGAN(1.0),17/04/26 11:00:00,A,PC,M,Y15-64,TOTAL,RO,2013-01-01,67.6,,
ESTAT:LFSA_ERGAN(1.0),17/04/26 11:00:00,A,PC,M,Y15-64,TOTAL,RS,2013-01-01,55.1,,
ESTAT:LFSA_ERGAN(1.0),17/04/26 11:00:00,A,PC,M,Y15-64,TOTAL,SE,2013-01-01,76.3,,
ESTAT:LFSA_ERGAN(1.0),17/04/26 11:00:00,A,PC,M,Y15-64,TOTAL,SI,2013-01-01,67.1,,
ESTAT:LFSA_ERGAN(1.0),17/04/26 11:00:00,A,PC,M,Y15-64,TOTAL,SK,2013-01-01,66.4,,
ESTAT:LFSA_ERGAN(1.0),17/04/26 11:00:00,A,PC,M,Y15-64,TOTAL,TR,2013-01-01,69.5,,
ESTAT:LFSA_ERGAN(1.0),17/04/26 11:00:00,A,PC,M,Y15-64,TOTAL,UK,2013-01-01,75.4,,
ESTAT:LFSA_ERGAN(1.0),17/04/26 11:00:00,A,PC,M,Y15-74,TOTAL,AT,2013-01-01,67.9,,
ESTAT:LFSA_ERGAN(1.0),17/04/26 11:00:00,A,PC,M,Y15-74,TOTAL,BE,2013-01-01,59.4,,
ESTAT:LFSA_ERGAN(1.0),17/04/26 11:00:00,A,PC,M,Y15-74,TOTAL,BG,2013-01-01,55.5,,
ESTAT:LFSA_ERGAN(1.0),17/04/26 11:00:00,A,PC,M,Y15-74,TOTAL,CH,2013-01-01,76.4,,
ESTAT:LFSA_ERGAN(1.0),17/04/26 11:00:00,A,PC,M,Y15-74,TOTAL,CY,2013-01-01,61.8,,
ESTAT:LFSA_ERGAN(1.0),17/04/26 11:00:00,A,PC,M,Y15-74,TOTAL,CZ,2013-01-01,68.1,,
ESTAT:LFSA_ERGAN(1.0),17/04/26 11:00:00,A,PC,M,Y15-74,TOTAL,DE,2013-01-01,68.9,,
ESTAT:LFSA_ERGAN(1.0),17/04/26 11:00:00,A,PC,M,Y15-74,TOTAL,DK,2013-01-01,65.5,,
ESTAT:LFSA_ERGAN(1.0),17/04/26 11:00:00,A,PC,M,Y15-74,TOTAL,EA21,2013-01-01,61.1,,
ESTAT:LFSA_ERGAN(1.0),17/04/26 11:00:00,A,PC,M,Y15-74,TOTAL,EE,2013-01-01,66.3,,
ESTAT:LFSA_ERGAN(1.0),17/04/26 11:00:00,A,PC,M,Y15-74,TOTAL,EL,2013-01-01,51.3,,
ESTAT:LFSA_ERGAN(1.0),17/04/26 11:00:00,A,PC,M,Y15-74,TOTAL,ES,2013-01-01,53.3,,
ESTAT:LFSA_ERGAN(1.0),17/04/26 11:00:00,A,PC,M,Y15-74,TOTAL,EU27_2020,2013-01-01,61.6,,
ESTAT:LFSA_ERGAN(1.0),17/04/26 11:00:00,A,PC,M,Y15-74,TOTAL,FI,2013-01-01,62.2,,
ESTAT:LFSA_ERGAN(1.0),17/04/26 11:00:00,A,PC,M,Y15-74,TOTAL,FR,2013-01-01,60.5,,
ESTAT:LFSA_ERGAN(1.0),17/04/26 11:00:00,A,PC,M,Y15-74,TOTAL,HR,2013-01-01,51.0,,
ESTAT:LFSA_ERGAN(1.0),17/04/26 11:00:00,A,PC,M,Y15-74,TOTAL,HU,2013-01-01,57.4,,
ESTAT:LFSA_ERGAN(1.0),17/04/26 11:00:00,A,PC,M,Y15-74,TOTAL,IE,2013-01-01,61.8,,
ESTAT:LFSA_ERGAN(1.0),17/04/26 11:00:00,A,PC,M,Y15-74,TOTAL,IS,2013-01-01,78.9,,
ESTAT:LFSA_ERGAN(1.0),17/04/26 11:00:00,A,PC,M,Y15-74,TOTAL,IT,2013-01-01,57.3,,
ESTAT:LFSA_ERGAN(1.0),17/04/26 11:00:00,A,PC,M,Y15-74,TOTAL,LT,2013-01-01,59.5,,
ESTAT:LFSA_ERGAN(1.0),17/04/26 11:00:00,A,PC,M,Y15-74,TOTAL,LU,2013-01-01,65.8,,
ESTAT:LFSA_ERGAN(1.0),17/04/26 11:00:00,A,PC,M,Y15-74,TOTAL,LV,2013-01-01,61.5,,
ESTAT:LFSA_ERGAN(1.0),17/04/26 11:00:00,A,PC,M,Y15-74,TOTAL,ME,2013-01-01,47.9,,
ESTAT:LFSA_ERGAN(1.0),17/04/26 11:00:00,A,PC,M,Y15-74,TOTAL,MK,2013-01-01,50.0,,
ESTAT:LFSA_ERGAN(1.0),17/04/26 11:00:00,A,PC,M,Y15-74,TOTAL,MT,2013-01-01,67.1,,
ESTAT:LFSA_ERGAN(1.0),17/04/26 11:00:00,A,PC,M,Y15-74,TOTAL,NL,2013-01-01,70.2,b,
ESTAT:LFSA_ERGAN(1.0),17/04/26 11:00:00,A,PC,M,Y15-74,TOTAL,NO,2013-01-01,71.1,,
ESTAT:LFSA_ERGAN(1.0),17/04/26 11:00:00,A,PC,M,Y15-74,TOTAL,PL,2013-01-01,61.6,,
ESTAT:LFSA_ERGAN(1.0),17/04/26 11:00:00,A,PC,M,Y15-74,TOTAL,PT,2013-01-01,58.7,,
ESTAT:LFSA_ERGAN(1.0),17/04/26 11:00:00,A,PC,M,Y15-74,TOTAL,RO,2013-01-01,63.1,,
ESTAT:LFSA_ERGAN(1.0),17/04/26 11:00:00,A,PC,M,Y15-74,TOTAL,RS,2013-01-01,49.3,,
ESTAT:LFSA_ERGAN(1.0),17/04/26 11:00:00,A,PC,M,Y15-74,TOTAL,SE,2013-01-01,68.2,,
ESTAT:LFSA_ERGAN(1.0),17/04/26 11:00:00,A,PC,M,Y15-74,TOTAL,SI,2013-01-01,60.9,,
ESTAT:LFSA_ERGAN(1.0),17/04/26 11:00:00,A,PC,M,Y15-74,TOTAL,SK,2013-01-01,61.3,,
ESTAT:LFSA_ERGAN(1.0),17/04/26 11:00:00,A,PC,M,Y15-74,TOTAL,TR,2013-01-01,67.1,,
ESTAT:LFSA_ERGAN(1.0),17/04/26 11:00:00,A,PC,M,Y15-74,TOTAL,UK,2013-01-01,68.5,,
ESTAT:LFSA_ERGAN(1.0),17/04/26 11:00:00,A,PC,M,Y20-64,TOTAL,AT,2013-01-01,79.1,,
ESTAT:LFSA_ERGAN(1.0),17/04/26 11:00:00,A,PC,M,Y20-64,TOTAL,BE,2013-01-01,72.3,,
ESTAT:LFSA_ERGAN(1.0),17/04/26 11:00:00,A,PC,M,Y20-64,TOTAL,BG,2013-01-01,66.4,,
ESTAT:LFSA_ERGAN(1.0),17/04/26 11:00:00,A,PC,M,Y20-64,TOTAL,CH,2013-01-01,86.2,,
ESTAT:LFSA_ERGAN(1.0),17/04/26 11:00:00,A,PC,M,Y20-64,TOTAL,CY,2013-01-01,72.6,,
ESTAT:LFSA_ERGAN(1.0),17/04/26 11:00:00,A,PC,M,Y20-64,TOTAL,CZ,2013-01-01,81.0,,
ESTAT:LFSA_ERGAN(1.0),17/04/26 11:00:00,A,PC,M,Y20-64,TOTAL,DE,2013-01-01,82.1,,
ESTAT:LFSA_ERGAN(1.0),17/04/26 11:00:00,A,PC,M,Y20-64,TOTAL,DK,2013-01-01,77.5,,
ESTAT:LFSA_ERGAN(1.0),17/04/26 11:00:00,A,PC,M,Y20-64,TOTAL,EA21,2013-01-01,73.1,,
ESTAT:LFSA_ERGAN(1.0),17/04/26 11:00:00,A,PC,M,Y20-64,TOTAL,EE,2013-01-01,76.7,,
ESTAT:LFSA_ERGAN(1.0),17/04/26 11:00:00,A,PC,M,Y20-64,TOTAL,EL,2013-01-01,62.7,,
ESTAT:LFSA_ERGAN(1.0),17/04/26 11:00:00,A,PC,M,Y20-64,TOTAL,ES,2013-01-01,63.4,,
ESTAT:LFSA_ERGAN(1.0),17/04/26 11:00:00,A,PC,M,Y20-64,TOTAL,EU27_2020,2013-01-01,73.4,,
ESTAT:LFSA_ERGAN(1.0),17/04/26 11:00:00,A,PC,M,Y20-64,TOTAL,FI,2013-01-01,74.7,,
ESTAT:LFSA_ERGAN(1.0),17/04/26 11:00:00,A,PC,M,Y20-64,TOTAL,FR,2013-01-01,73.6,,
ESTAT:LFSA_ERGAN(1.0),17/04/26 11:00:00,A,PC,M,Y20-64,TOTAL,HR,2013-01-01,61.6,,
ESTAT:LFSA_ERGAN(1.0),17/04/26 11:00:00,A,PC,M,Y20-64,TOTAL,HU,2013-01-01,69.3,,
ESTAT:LFSA_ERGAN(1.0),17/04/26 11:00:00,A,PC,M,Y20-64,TOTAL,IE,2013-01-01,71.8,,
ESTAT:LFSA_ERGAN(1.0),17/04/26 11:00:00,A,PC,M,Y20-64,TOTAL,IS,2013-01-01,86.0,,
ESTAT:LFSA_ERGAN(1.0),17/04/26 11:00:00,A,PC,M,Y20-64,TOTAL,IT,2013-01-01,69.7,,
ESTAT:LFSA_ERGAN(1.0),17/04/26 11:00:00,A,PC,M,Y20-64,TOTAL,LT,2013-01-01,71.2,,
ESTAT:LFSA_ERGAN(1.0),17/04/26 11:00:00,A,PC,M,Y20-64,TOTAL,LU,2013-01-01,78.0,,
ESTAT:LFSA_ERGAN(1.0),17/04/26 11:00:00,A,PC,M,Y20-64,TOTAL,LV,2013-01-01,71.9,,
ESTAT:LFSA_ERGAN(1.0),17/04/26 11:00:00,A,PC,M,Y20-64,TOTAL,ME,2013-01-01,58.1,,
ESTAT:LFSA_ERGAN(1.0),17/04/26 11:00:00,A,PC,M,Y20-64,TOTAL,MK,2013-01-01,59.7,,
ESTAT:LFSA_ERGAN(1.0),17/04/26 11:00:00,A,PC,M,Y20-64,TOTAL,MT,2013-01-01,80.3,,
ESTAT:LFSA_ERGAN(1.0),17/04/26 11:00:00,A,PC,M,Y20-64,TOTAL,NL,2013-01-01,81.1,b,
ESTAT:LFSA_ERGAN(1.0),17/04/26 11:00:00,A,PC,M,Y20-64,TOTAL,NO,2013-01-01,82.1,,
ESTAT:LFSA_ERGAN(1.0),17/04/26 11:00:00,A,PC,M,Y20-64,TOTAL,PL,2013-01-01,72.1,,
ESTAT:LFSA_ERGAN(1.0),17/04/26 11:00:00,A,PC,M,Y20-64,TOTAL,PT,2013-01-01,68.6,,
ESTAT:LFSA_ERGAN(1.0),17/04/26 11:00:00,A,PC,M,Y20-64,TOTAL,RO,2013-01-01,72.8,,
ESTAT:LFSA_ERGAN(1.0),17/04/26 11:00:00,A,PC,M,Y20-64,TOTAL,RS,2013-01-01,59.6,,
ESTAT:LFSA_ERGAN(1.0),17/04/26 11:00:00,A,PC,M,Y20-64,TOTAL,SE,2013-01-01,82.2,,
ESTAT:LFSA_ERGAN(1.0),17/04/26 11:00:00,A,PC,M,Y20-64,TOTAL,SI,2013-01-01,71.2,,
ESTAT:LFSA_ERGAN(1.0),17/04/26 11:00:00,A,PC,M,Y20-64,TOTAL,SK,2013-01-01,72.2,,
ESTAT:LFSA_ERGAN(1.0),17/04/26 11:00:00,A,PC,M,Y20-64,TOTAL,TR,2013-01-01,75.3,,
ESTAT:LFSA_ERGAN(1.0),17/04/26 11:00:00,A,PC,M,Y20-64,TOTAL,UK,2013-01-01,80.4,,
ESTAT:LFSA_ERGAN(1.0),17/04/26 11:00:00,A,PC,T,Y15-64,TOTAL,AT,2013-01-01,71.4,,
ESTAT:LFSA_ERGAN(1.0),17/04/26 11:00:00,A,PC,T,Y15-64,TOTAL,BE,2013-01-01,61.8,,
ESTAT:LFSA_ERGAN(1.0),17/04/26 11:00:00,A,PC,T,Y15-64,TOTAL,BG,2013-01-01,59.5,,
ESTAT:LFSA_ERGAN(1.0),17/04/26 11:00:00,A,PC,T,Y15-64,TOTAL,CH,2013-01-01,78.4,,
ESTAT:LFSA_ERGAN(1.0),17/04/26 11:00:00,A,PC,T,Y15-64,TOTAL,CY,2013-01-01,61.7,,
ESTAT:LFSA_ERGAN(1.0),17/04/26 11:00:00,A,PC,T,Y15-64,TOTAL,CZ,2013-01-01,67.7,,
ESTAT:LFSA_ERGAN(1.0),17/04/26 11:00:00,A,PC,T,Y15-64,TOTAL,DE,2013-01-01,73.5,,
ESTAT:LFSA_ERGAN(1.0),17/04/26 11:00:00,A,PC,T,Y15-64,TOTAL,DK,2013-01-01,70.7,,
ESTAT:LFSA_ERGAN(1.0),17/04/26 11:00:00,A,PC,T,Y15-64,TOTAL,EA21,2013-01-01,63.2,,
ESTAT:LFSA_ERGAN(1.0),17/04/26 11:00:00,A,PC,T,Y15-64,TOTAL,EE,2013-01-01,68.5,,
ESTAT:LFSA_ERGAN(1.0),17/04/26 11:00:00,A,PC,T,Y15-64,TOTAL,EL,2013-01-01,48.8,,
ESTAT:LFSA_ERGAN(1.0),17/04/26 11:00:00,A,PC,T,Y15-64,TOTAL,ES,2013-01-01,54.8,,
ESTAT:LFSA_ERGAN(1.0),17/04/26 11:00:00,A,PC,T,Y15-64,TOTAL,EU27_2020,2013-01-01,63.1,,
ESTAT:LFSA_ERGAN(1.0),17/04/26 11:00:00,A,PC,T,Y15-64,TOTAL,FI,2013-01-01,68.9,,
ESTAT:LFSA_ERGAN(1.0),17/04/26 11:00:00,A,PC,T,Y15-64,TOTAL,FR,2013-01-01,64.0,,
ESTAT:LFSA_ERGAN(1.0),17/04/26 11:00:00,A,PC,T,Y15-64,TOTAL,HR,2013-01-01,52.6,,
ESTAT:LFSA_ERGAN(1.0),17/04/26 11:00:00,A,PC,T,Y15-64,TOTAL,HU,2013-01-01,58.1,,
ESTAT:LFSA_ERGAN(1.0),17/04/26 11:00:00,A,PC,T,Y15-64,TOTAL,IE,2013-01-01,61.7,,
ESTAT:LFSA_ERGAN(1.0),17/04/26 11:00:00,A,PC,T,Y15-64,TOTAL,IS,2013-01-01,81.1,,
ESTAT:LFSA_ERGAN(1.0),17/04/26 11:00:00,A,PC,T,Y15-64,TOTAL,IT,2013-01-01,55.5,,
ESTAT:LFSA_ERGAN(1.0),17/04/26 11:00:00,A,PC,T,Y15-64,TOTAL,LT,2013-01-01,63.7,,
ESTAT:LFSA_ERGAN(1.0),17/04/26 11:00:00,A,PC,T,Y15-64,TOTAL,LU,2013-01-01,65.7,,
ESTAT:LFSA_ERGAN(1.0),17/04/26 11:00:00,A,PC,T,Y15-64,TOTAL,LV,2013-01-01,65.0,,
ESTAT:LFSA_ERGAN(1.0),17/04/26 11:00:00,A,PC,T,Y15-64,TOTAL,ME,2013-01-01,47.1,,
ESTAT:LFSA_ERGAN(1.0),17/04/26 11:00:00,A,PC,T,Y15-64,TOTAL,MK,2013-01-01,46.0,,
ESTAT:LFSA_ERGAN(1.0),17/04/26 11:00:00,A,PC,T,Y15-64,TOTAL,MT,2013-01-01,62.2,,
ESTAT:LFSA_ERGAN(1.0),17/04/26 11:00:00,A,PC,T,Y15-64,TOTAL,NL,2013-01-01,73.6,b,
ESTAT:LFSA_ERGAN(1.0),17/04/26 11:00:00,A,PC,T,Y15-64,TOTAL,NO,2013-01-01,75.4,,
ESTAT:LFSA_ERGAN(1.0),17/04/26 11:00:00,A,PC,T,Y15-64,TOTAL,PL,2013-01-01,60.0,,
ESTAT:LFSA_ERGAN(1.0),17/04/26 11:00:00,A,PC,T,Y15-64,TOTAL,PT,2013-01-01,60.5,,
ESTAT:LFSA_ERGAN(1.0),17/04/26 11:00:00,A,PC,T,Y15-64,TOTAL,RO,2013-01-01,60.1,,
ESTAT:LFSA_ERGAN(1.0),17/04/26 11:00:00,A,PC,T,Y15-64,TOTAL,RS,2013-01-01,47.6,,
ESTAT:LFSA_ERGAN(1.0),17/04/26 11:00:00,A,PC,T,Y15-64,TOTAL,SE,2013-01-01,74.4,,
ESTAT:LFSA_ERGAN(1.0),17/04/26 11:00:00,A,PC,T,Y15-64,TOTAL,SI,2013-01-01,63.3,,
ESTAT:LFSA_ERGAN(1.0),17/04/26 11:00:00,A,PC,T,Y15-64,TOTAL,SK,2013-01-01,59.9,,
ESTAT:LFSA_ERGAN(1.0),17/04/26 11:00:00,A,PC,T,Y15-64,TOTAL,TR,2013-01-01,49.5,,
ESTAT:LFSA_ERGAN(1.0),17/04/26 11:00:00,A,PC,T,Y15-64,TOTAL,UK,2013-01-01,70.5,,
ESTAT:LFSA_ERGAN(1.0),17/04/26 11:00:00,A,PC,T,Y15-74,TOTAL,AT,2013-01-01,63.1,,
ESTAT:LFSA_ERGAN(1.0),17/04/26 11:00:00,A,PC,T,Y15-74,TOTAL,BE,2013-01-01,54.8,,
ESTAT:LFSA_ERGAN(1.0),17/04/26 11:00:00,A,PC,T,Y15-74,TOTAL,BG,2013-01-01,51.9,,
ESTAT:LFSA_ERGAN(1.0),17/04/26 11:00:00,A,PC,T,Y15-74,TOTAL,CH,2013-01-01,70.8,,
ESTAT:LFSA_ERGAN(1.0),17/04/26 11:00:00,A,PC,T,Y15-74,TOTAL,CY,2013-01-01,56.7,,
ESTAT:LFSA_ERGAN(1.0),17/04/26 11:00:00,A,PC,T,Y15-74,TOTAL,CZ,2013-01-01,59.8,,
ESTAT:LFSA_ERGAN(1.0),17/04/26 11:00:00,A,PC,T,Y15-74,TOTAL,DE,2013-01-01,64.2,,
ESTAT:LFSA_ERGAN(1.0),17/04/26 11:00:00,A,PC,T,Y15-74,TOTAL,DK,2013-01-01,62.4,,
ESTAT:LFSA_ERGAN(1.0),17/04/26 11:00:00,A,PC,T,Y15-74,TOTAL,EA21,2013-01-01,55.9,,
ESTAT:LFSA_ERGAN(1.0),17/04/26 11:00:00,A,PC,T,Y15-74,TOTAL,EE,2013-01-01,62.4,,
ESTAT:LFSA_ERGAN(1.0),17/04/26 11:00:00,A,PC,T,Y15-74,TOTAL,EL,2013-01-01,42.9,,
ESTAT:LFSA_ERGAN(1.0),17/04/26 11:00:00,A,PC,T,Y15-74,TOTAL,ES,2013-01-01,48.9,,
ESTAT:LFSA_ERGAN(1.0),17/04/26 11:00:00,A,PC,T,Y15-74,TOTAL,EU27_2020,2013-01-01,56.0,,
ESTAT:LFSA_ERGAN(1.0),17/04/26 11:00:00,A,PC,T,Y15-74,TOTAL,FI,2013-01-01,60.4,,
ESTAT:LFSA_ERGAN(1.0),17/04/26 11:00:00,A,PC,T,Y15-74,TOTAL,FR,2013-01-01,56.7,,
ESTAT:LFSA_ERGAN(1.0),17/04/26 11:00:00,A,PC,T,Y15-74,TOTAL,HR,2013-01-01,46.6,,
ESTAT:LFSA_ERGAN(1.0),17/04/26 11:00:00,A,PC,T,Y15-74,TOTAL,HU,2013-01-01,51.2,,
ESTAT:LFSA_ERGAN(1.0),17/04/26 11:00:00,A,PC,T,Y15-74,TOTAL,IE,2013-01-01,57.0,,
ESTAT:LFSA_ERGAN(1.0),17/04/26 11:00:00,A,PC,T,Y15-74,TOTAL,IS,2013-01-01,76.3,,
ESTAT:LFSA_ERGAN(1.0),17/04/26 11:00:00,A,PC,T,Y15-74,TOTAL,IT,2013-01-01,48.6,,
ESTAT:LFSA_ERGAN(1.0),17/04/26 11:00:00,A,PC,T,Y15-74,TOTAL,LT,2013-01-01,57.0,,
ESTAT:LFSA_ERGAN(1.0),17/04/26 11:00:00,A,PC,T,Y15-74,TOTAL,LU,2013-01-01,59.1,,
ESTAT:LFSA_ERGAN(1.0),17/04/26 11:00:00,A,PC,T,Y15-74,TOTAL,LV,2013-01-01,58.2,,
ESTAT:LFSA_ERGAN(1.0),17/04/26 11:00:00,A,PC,T,Y15-74,TOTAL,ME,2013-01-01,42.9,,
ESTAT:LFSA_ERGAN(1.0),17/04/26 11:00:00,A,PC,T,Y15-74,TOTAL,MK,2013-01-01,41.9,,
ESTAT:LFSA_ERGAN(1.0),17/04/26 11:00:00,A,PC,T,Y15-74,TOTAL,MT,2013-01-01,54.8,,
ESTAT:LFSA_ERGAN(1.0),17/04/26 11:00:00,A,PC,T,Y15-74,TOTAL,NL,2013-01-01,65.4,b,
ESTAT:LFSA_ERGAN(1.0),17/04/26 11:00:00,A,PC,T,Y15-74,TOTAL,NO,2013-01-01,68.6,,
ESTAT:LFSA_ERGAN(1.0),17/04/26 11:00:00,A,PC,T,Y15-74,TOTAL,PL,2013-01-01,54.4,,
ESTAT:LFSA_ERGAN(1.0),17/04/26 11:00:00,A,PC,T,Y15-74,TOTAL,PT,2013-01-01,54.9,,
ESTAT:LFSA_ERGAN(1.0),17/04/26 11:00:00,A,PC,T,Y15-74,TOTAL,RO,2013-01-01,55.6,,
ESTAT:LFSA_ERGAN(1.0),17/04/26 11:00:00,A,PC,T,Y15-74,TOTAL,RS,2013-01-01,41.9,,
ESTAT:LFSA_ERGAN(1.0),17/04/26 11:00:00,A,PC,T,Y15-74,TOTAL,SE,2013-01-01,65.7,,
ESTAT:LFSA_ERGAN(1.0),17/04/26 11:00:00,A,PC,T,Y15-74,TOTAL,SI,2013-01-01,56.5,,
ESTAT:LFSA_ERGAN(1.0),17/04/26 11:00:00,A,PC,T,Y15-74,TOTAL,SK,2013-01-01,54.3,,
ESTAT:LFSA_ERGAN(1.0),17/04/26 11:00:00,A,PC,T,Y15-74,TOTAL,TR,2013-01-01,47.5,,
ESTAT:LFSA_ERGAN(1.0),17/04/26 11:00:00,A,PC,T,Y15-74,TOTAL,UK,2013-01-01,63.6,,
ESTAT:LFSA_ERGAN(1.0),17/04/26 11:00:00,A,PC,T,Y20-64,TOTAL,AT,2013-01-01,74.6,,
ESTAT:LFSA_ERGAN(1.0),17/04/26 11:00:00,A,PC,T,Y20-64,TOTAL,BE,2013-01-01,67.2,,
ESTAT:LFSA_ERGAN(1.0),17/04/26 11:00:00,A,PC,T,Y20-64,TOTAL,BG,2013-01-01,63.5,,
ESTAT:LFSA_ERGAN(1.0),17/04/26 11:00:00,A,PC,T,Y20-64,TOTAL,CH,2013-01-01,80.8,,
ESTAT:LFSA_ERGAN(1.0),17/04/26 11:00:00,A,PC,T,Y20-64,TOTAL,CY,2013-01-01,67.2,,
ESTAT:LFSA_ERGAN(1.0),17/04/26 11:00:00,A,PC,T,Y20-64,TOTAL,CZ,2013-01-01,72.5,,
ESTAT:LFSA_ERGAN(1.0),17/04/26 11:00:00,A,PC,T,Y20-64,TOTAL,DE,2013-01-01,77.3,,
ESTAT:LFSA_ERGAN(1.0),17/04/26 11:00:00,A,PC,T,Y20-64,TOTAL,DK,2013-01-01,74.3,,
ESTAT:LFSA_ERGAN(1.0),17/04/26 11:00:00,A,PC,T,Y20-64,TOTAL,EA21,2013-01-01,67.5,,
ESTAT:LFSA_ERGAN(1.0),17/04/26 11:00:00,A,PC,T,Y20-64,TOTAL,EE,2013-01-01,73.3,,
ESTAT:LFSA_ERGAN(1.0),17/04/26 11:00:00,A,PC,T,Y20-64,TOTAL,EL,2013-01-01,52.9,,
ESTAT:LFSA_ERGAN(1.0),17/04/26 11:00:00,A,PC,T,Y20-64,TOTAL,ES,2013-01-01,58.6,,
ESTAT:LFSA_ERGAN(1.0),17/04/26 11:00:00,A,PC,T,Y20-64,TOTAL,EU27_2020,2013-01-01,67.5,,
ESTAT:LFSA_ERGAN(1.0),17/04/26 11:00:00,A,PC,T,Y20-64,TOTAL,FI,2013-01-01,73.3,,
ESTAT:LFSA_ERGAN(1.0),17/04/26 11:00:00,A,PC,T,Y20-64,TOTAL,FR,2013-01-01,69.5,,
ESTAT:LFSA_ERGAN(1.0),17/04/26 11:00:00,A,PC,T,Y20-64,TOTAL,HR,2013-01-01,57.2,,
ESTAT:LFSA_ERGAN(1.0),17/04/26 11:00:00,A,PC,T,Y20-64,TOTAL,HU,2013-01-01,63.0,,
ESTAT:LFSA_ERGAN(1.0),17/04/26 11:00:00,A,PC,T,Y20-64,TOTAL,IE,2013-01-01,66.5,,
ESTAT:LFSA_ERGAN(1.0),17/04/26 11:00:00,A,PC,T,Y20-64,TOTAL,IS,2013-01-01,82.8,,
ESTAT:LFSA_ERGAN(1.0),17/04/26 11:00:00,A,PC,T,Y20-64,TOTAL,IT,2013-01-01,59.7,,
ESTAT:LFSA_ERGAN(1.0),17/04/26 11:00:00,A,PC,T,Y20-64,TOTAL,LT,2013-01-01,69.9,,
ESTAT:LFSA_ERGAN(1.0),17/04/26 11:00:00,A,PC,T,Y20-64,TOTAL,LU,2013-01-01,71.1,,
ESTAT:LFSA_ERGAN(1.0),17/04/26 11:00:00,A,PC,T,Y20-64,TOTAL,LV,2013-01-01,69.7,,
ESTAT:LFSA_ERGAN(1.0),17/04/26 11:00:00,A,PC,T,Y20-64,TOTAL,ME,2013-01-01,52.7,,
ESTAT:LFSA_ERGAN(1.0),17/04/26 11:00:00,A,PC,T,Y20-64,TOTAL,MK,2013-01-01,50.3,,
ESTAT:LFSA_ERGAN(1.0),17/04/26 11:00:00,A,PC,T,Y20-64,TOTAL,MT,2013-01-01,66.2,,
ESTAT:LFSA_ERGAN(1.0),17/04/26 11:00:00,A,PC,T,Y20-64,TOTAL,NL,2013-01-01,75.9,b,
ESTAT:LFSA_ERGAN(1.0),17/04/26 11:00:00,A,PC,T,Y20-64,TOTAL,NO,2013-01-01,79.6,,
ESTAT:LFSA_ERGAN(1.0),17/04/26 11:00:00,A,PC,T,Y20-64,TOTAL,PL,2013-01-01,64.9,,
ESTAT:LFSA_ERGAN(1.0),17/04/26 11:00:00,A,PC,T,Y20-64,TOTAL,PT,2013-01-01,65.3,,
ESTAT:LFSA_ERGAN(1.0),17/04/26 11:00:00,A,PC,T,Y20-64,TOTAL,RO,2013-01-01,64.7,,
ESTAT:LFSA_ERGAN(1.0),17/04/26 11:00:00,A,PC,T,Y20-64,TOTAL,RS,2013-01-01,51.3,,
ESTAT:LFSA_ERGAN(1.0),17/04/26 11:00:00,A,PC,T,Y20-64,TOTAL,SE,2013-01-01,79.8,,
ESTAT:LFSA_ERGAN(1.0),17/04/26 11:00:00,A,PC,T,Y20-64,TOTAL,SI,2013-01-01,67.2,,
ESTAT:LFSA_ERGAN(1.0),17/04/26 11:00:00,A,PC,T,Y20-64,TOTAL,SK,2013-01-01,65.0,,
ESTAT:LFSA_ERGAN(1.0),17/04/26 11:00:00,A,PC,T,Y20-64,TOTAL,TR,2013-01-01,53.4,,
ESTAT:LFSA_ERGAN(1.0),17/04/26 11:00:00,A,PC,T,Y20-64,TOTAL,UK,2013-01-01,74.8,,
ESTAT:LFSA_ERGAN(1.0),17/04/26 11:00:00,A,PC,F,Y15-64,TOTAL,AT,2014-01-01,66.9,,
ESTAT:LFSA_ERGAN(1.0),17/04/26 11:00:00,A,PC,F,Y15-64,TOTAL,BE,2014-01-01,57.9,,
ESTAT:LFSA_ERGAN(1.0),17/04/26 11:00:00,A,PC,F,Y15-64,TOTAL,BG,2014-01-01,58.2,,
ESTAT:LFSA_ERGAN(1.0),17/04/26 11:00:00,A,PC,F,Y15-64,TOTAL,CH,2014-01-01,74.1,,
ESTAT:LFSA_ERGAN(1.0),17/04/26 11:00:00,A,PC,F,Y15-64,TOTAL,CY,2014-01-01,58.6,,
ESTAT:LFSA_ERGAN(1.0),17/04/26 11:00:00,A,PC,F,Y15-64,TOTAL,CZ,2014-01-01,60.7,,
ESTAT:LFSA_ERGAN(1.0),17/04/26 11:00:00,A,PC,F,Y15-64,TOTAL,DE,2014-01-01,69.5,,
ESTAT:LFSA_ERGAN(1.0),17/04/26 11:00:00,A,PC,F,Y15-64,TOTAL,DK,2014-01-01,68.0,,
ESTAT:LFSA_ERGAN(1.0),17/04/26 11:00:00,A,PC,F,Y15-64,TOTAL,EA21,2014-01-01,58.6,,
ESTAT:LFSA_ERGAN(1.0),17/04/26 11:00:00,A,PC,F,Y15-64,TOTAL,EE,2014-01-01,66.3,,
ESTAT:LFSA_ERGAN(1.0),17/04/26 11:00:00,A,PC,F,Y15-64,TOTAL,EL,2014-01-01,41.1,,
ESTAT:LFSA_ERGAN(1.0),17/04/26 11:00:00,A,PC,F,Y15-64,TOTAL,ES,2014-01-01,51.2,,
ESTAT:LFSA_ERGAN(1.0),17/04/26 11:00:00,A,PC,F,Y15-64,TOTAL,EU27_2020,2014-01-01,58.5,,
ESTAT:LFSA_ERGAN(1.0),17/04/26 11:00:00,A,PC,F,Y15-64,TOTAL,FI,2014-01-01,68.0,,
ESTAT:LFSA_ERGAN(1.0),17/04/26 11:00:00,A,PC,F,Y15-64,TOTAL,FR,2014-01-01,60.3,b,
ESTAT:LFSA_ERGAN(1.0),17/04/26 11:00:00,A,PC,F,Y15-64,TOTAL,HR,2014-01-01,50.0,,
ESTAT:LFSA_ERGAN(1.0),17/04/26 11:00:00,A,PC,F,Y15-64,TOTAL,HU,2014-01-01,55.9,,
ESTAT:LFSA_ERGAN(1.0),17/04/26 11:00:00,A,PC,F,Y15-64,TOTAL,IE,2014-01-01,58.0,,
ESTAT:LFSA_ERGAN(1.0),17/04/26 11:00:00,A,PC,F,Y15-64,TOTAL,IS,2014-01-01,80.5,,
ESTAT:LFSA_ERGAN(1.0),17/04/26 11:00:00,A,PC,F,Y15-64,TOTAL,IT,2014-01-01,46.8,,
ESTAT:LFSA_ERGAN(1.0),17/04/26 11:00:00,A,PC,F,Y15-64,TOTAL,LT,2014-01-01,64.9,,
ESTAT:LFSA_ERGAN(1.0),17/04/26 11:00:00,A,PC,F,Y15-64,TOTAL,LU,2014-01-01,60.5,,
ESTAT:LFSA_ERGAN(1.0),17/04/26 11:00:00,A,PC,F,Y15-64,TOTAL,LV,2014-01-01,64.3,,
ESTAT:LFSA_ERGAN(1.0),17/04/26 11:00:00,A,PC,F,Y15-64,TOTAL,ME,2014-01-01,45.3,,
ESTAT:LFSA_ERGAN(1.0),17/04/26 11:00:00,A,PC,F,Y15-64,TOTAL,MK,2014-01-01,37.4,,
ESTAT:LFSA_ERGAN(1.0),17/04/26 11:00:00,A,PC,F,Y15-64,TOTAL,MT,2014-01-01,51.6,,
ESTAT:LFSA_ERGAN(1.0),17/04/26 11:00:00,A,PC,F,Y15-64,TOTAL,NL,2014-01-01,68.1,,
ESTAT:LFSA_ERGAN(1.0),17/04/26 11:00:00,A,PC,F,Y15-64,TOTAL,NO,2014-01-01,73.4,,
ESTAT:LFSA_ERGAN(1.0),17/04/26 11:00:00,A,PC,F,Y15-64,TOTAL,PL,2014-01-01,55.2,,
ESTAT:LFSA_ERGAN(1.0),17/04/26 11:00:00,A,PC,F,Y15-64,TOTAL,PT,2014-01-01,59.7,,
ESTAT:LFSA_ERGAN(1.0),17/04/26 11:00:00,A,PC,F,Y15-64,TOTAL,RO,2014-01-01,53.3,,
ESTAT:LFSA_ERGAN(1.0),17/04/26 11:00:00,A,PC,F,Y15-64,TOTAL,RS,2014-01-01,43.8,b,
ESTAT:LFSA_ERGAN(1.0),17/04/26 11:00:00,A,PC,F,Y15-64,TOTAL,SE,2014-01-01,73.1,,
ESTAT:LFSA_ERGAN(1.0),17/04/26 11:00:00,A,PC,F,Y15-64,TOTAL,SI,2014-01-01,60.0,,
ESTAT:LFSA_ERGAN(1.0),17/04/26 11:00:00,A,PC,F,Y15-64,TOTAL,SK,2014-01-01,54.3,,
ESTAT:LFSA_ERGAN(1.0),17/04/26 11:00:00,A,PC,F,Y15-64,TOTAL,TR,2014-01-01,29.5,b,
ESTAT:LFSA_ERGAN(1.0),17/04/26 11:00:00,A,PC,F,Y15-64,TOTAL,UK,2014-01-01,67.1,,
ESTAT:LFSA_ERGAN(1.0),17/04/26 11:00:00,A,PC,F,Y15-74,TOTAL,AT,2014-01-01,58.5,,
ESTAT:LFSA_ERGAN(1.0),17/04/26 11:00:00,A,PC,F,Y15-74,TOTAL,BE,2014-01-01,50.8,,
ESTAT:LFSA_ERGAN(1.0),17/04/26 11:00:00,A,PC,F,Y15-74,TOTAL,BG,2014-01-01,49.4,,
ESTAT:LFSA_ERGAN(1.0),17/04/26 11:00:00,A,PC,F,Y15-74,TOTAL,CH,2014-01-01,65.9,,
ESTAT:LFSA_ERGAN(1.0),17/04/26 11:00:00,A,PC,F,Y15-74,TOTAL,CY,2014-01-01,53.3,,
ESTAT:LFSA_ERGAN(1.0),17/04/26 11:00:00,A,PC,F,Y15-74,TOTAL,CZ,2014-01-01,52.1,,
ESTAT:LFSA_ERGAN(1.0),17/04/26 11:00:00,A,PC,F,Y15-74,TOTAL,DE,2014-01-01,60.2,,
ESTAT:LFSA_ERGAN(1.0),17/04/26 11:00:00,A,PC,F,Y15-74,TOTAL,DK,2014-01-01,59.1,,
ESTAT:LFSA_ERGAN(1.0),17/04/26 11:00:00,A,PC,F,Y15-74,TOTAL,EA21,2014-01-01,51.1,,
ESTAT:LFSA_ERGAN(1.0),17/04/26 11:00:00,A,PC,F,Y15-74,TOTAL,EE,2014-01-01,59.1,,
ESTAT:LFSA_ERGAN(1.0),17/04/26 11:00:00,A,PC,F,Y15-74,TOTAL,EL,2014-01-01,35.7,,
ESTAT:LFSA_ERGAN(1.0),17/04/26 11:00:00,A,PC,F,Y15-74,TOTAL,ES,2014-01-01,45.0,,
ESTAT:LFSA_ERGAN(1.0),17/04/26 11:00:00,A,PC,F,Y15-74,TOTAL,EU27_2020,2014-01-01,51.1,,
ESTAT:LFSA_ERGAN(1.0),17/04/26 11:00:00,A,PC,F,Y15-74,TOTAL,FI,2014-01-01,58.4,,
ESTAT:LFSA_ERGAN(1.0),17/04/26 11:00:00,A,PC,F,Y15-74,TOTAL,FR,2014-01-01,52.8,b,
ESTAT:LFSA_ERGAN(1.0),17/04/26 11:00:00,A,PC,F,Y15-74,TOTAL,HR,2014-01-01,43.4,,
ESTAT:LFSA_ERGAN(1.0),17/04/26 11:00:00,A,PC,F,Y15-74,TOTAL,HU,2014-01-01,48.0,,
ESTAT:LFSA_ERGAN(1.0),17/04/26 11:00:00,A,PC,F,Y15-74,TOTAL,IE,2014-01-01,53.0,,
ESTAT:LFSA_ERGAN(1.0),17/04/26 11:00:00,A,PC,F,Y15-74,TOTAL,IS,2014-01-01,74.9,,
ESTAT:LFSA_ERGAN(1.0),17/04/26 11:00:00,A,PC,F,Y15-74,TOTAL,IT,2014-01-01,40.3,,
ESTAT:LFSA_ERGAN(1.0),17/04/26 11:00:00,A,PC,F,Y15-74,TOTAL,LT,2014-01-01,56.6,,
ESTAT:LFSA_ERGAN(1.0),17/04/26 11:00:00,A,PC,F,Y15-74,TOTAL,LU,2014-01-01,53.7,,
ESTAT:LFSA_ERGAN(1.0),17/04/26 11:00:00,A,PC,F,Y15-74,TOTAL,LV,2014-01-01,56.0,,
ESTAT:LFSA_ERGAN(1.0),17/04/26 11:00:00,A,PC,F,Y15-74,TOTAL,ME,2014-01-01,40.7,,
ESTAT:LFSA_ERGAN(1.0),17/04/26 11:00:00,A,PC,F,Y15-74,TOTAL,MK,2014-01-01,33.6,,
ESTAT:LFSA_ERGAN(1.0),17/04/26 11:00:00,A,PC,F,Y15-74,TOTAL,MT,2014-01-01,44.5,,
ESTAT:LFSA_ERGAN(1.0),17/04/26 11:00:00,A,PC,F,Y15-74,TOTAL,NL,2014-01-01,59.6,,
ESTAT:LFSA_ERGAN(1.0),17/04/26 11:00:00,A,PC,F,Y15-74,TOTAL,NO,2014-01-01,66.0,,
ESTAT:LFSA_ERGAN(1.0),17/04/26 11:00:00,A,PC,F,Y15-74,TOTAL,PL,2014-01-01,48.8,,
ESTAT:LFSA_ERGAN(1.0),17/04/26 11:00:00,A,PC,F,Y15-74,TOTAL,PT,2014-01-01,52.7,,
ESTAT:LFSA_ERGAN(1.0),17/04/26 11:00:00,A,PC,F,Y15-74,TOTAL,RO,2014-01-01,48.8,,
ESTAT:LFSA_ERGAN(1.0),17/04/26 11:00:00,A,PC,F,Y15-74,TOTAL,RS,2014-01-01,38.9,b,
ESTAT:LFSA_ERGAN(1.0),17/04/26 11:00:00,A,PC,F,Y15-74,TOTAL,SE,2014-01-01,63.8,,
ESTAT:LFSA_ERGAN(1.0),17/04/26 11:00:00,A,PC,F,Y15-74,TOTAL,SI,2014-01-01,52.8,,
ESTAT:LFSA_ERGAN(1.0),17/04/26 11:00:00,A,PC,F,Y15-74,TOTAL,SK,2014-01-01,48.2,,
ESTAT:LFSA_ERGAN(1.0),17/04/26 11:00:00,A,PC,F,Y15-74,TOTAL,TR,2014-01-01,28.0,b,
ESTAT:LFSA_ERGAN(1.0),17/04/26 11:00:00,A,PC,F,Y15-74,TOTAL,UK,2014-01-01,59.8,,
ESTAT:LFSA_ERGAN(1.0),17/04/26 11:00:00,A,PC,F,Y20-64,TOTAL,AT,2014-01-01,70.1,,
ESTAT:LFSA_ERGAN(1.0),17/04/26 11:00:00,A,PC,F,Y20-64,TOTAL,BE,2014-01-01,62.9,,
ESTAT:LFSA_ERGAN(1.0),17/04/26 11:00:00,A,PC,F,Y20-64,TOTAL,BG,2014-01-01,62.0,,
ESTAT:LFSA_ERGAN(1.0),17/04/26 11:00:00,A,PC,F,Y20-64,TOTAL,CH,2014-01-01,76.2,,
ESTAT:LFSA_ERGAN(1.0),17/04/26 11:00:00,A,PC,F,Y20-64,TOTAL,CY,2014-01-01,63.9,,
ESTAT:LFSA_ERGAN(1.0),17/04/26 11:00:00,A,PC,F,Y20-64,TOTAL,CZ,2014-01-01,64.7,,
ESTAT:LFSA_ERGAN(1.0),17/04/26 11:00:00,A,PC,F,Y20-64,TOTAL,DE,2014-01-01,73.1,,
ESTAT:LFSA_ERGAN(1.0),17/04/26 11:00:00,A,PC,F,Y20-64,TOTAL,DK,2014-01-01,71.0,,
ESTAT:LFSA_ERGAN(1.0),17/04/26 11:00:00,A,PC,F,Y20-64,TOTAL,EA21,2014-01-01,62.5,,
ESTAT:LFSA_ERGAN(1.0),17/04/26 11:00:00,A,PC,F,Y20-64,TOTAL,EE,2014-01-01,70.6,,
ESTAT:LFSA_ERGAN(1.0),17/04/26 11:00:00,A,PC,F,Y20-64,TOTAL,EL,2014-01-01,44.3,,
ESTAT:LFSA_ERGAN(1.0),17/04/26 11:00:00,A,PC,F,Y20-64,TOTAL,ES,2014-01-01,54.8,,
ESTAT:LFSA_ERGAN(1.0),17/04/26 11:00:00,A,PC,F,Y20-64,TOTAL,EU27_2020,2014-01-01,62.4,,
ESTAT:LFSA_ERGAN(1.0),17/04/26 11:00:00,A,PC,F,Y20-64,TOTAL,FI,2014-01-01,72.1,,
ESTAT:LFSA_ERGAN(1.0),17/04/26 11:00:00,A,PC,F,Y20-64,TOTAL,FR,2014-01-01,65.6,b,
ESTAT:LFSA_ERGAN(1.0),17/04/26 11:00:00,A,PC,F,Y20-64,TOTAL,HR,2014-01-01,54.2,,
ESTAT:LFSA_ERGAN(1.0),17/04/26 11:00:00,A,PC,F,Y20-64,TOTAL,HU,2014-01-01,60.2,,
ESTAT:LFSA_ERGAN(1.0),17/04/26 11:00:00,A,PC,F,Y20-64,TOTAL,IE,2014-01-01,62.3,,
ESTAT:LFSA_ERGAN(1.0),17/04/26 11:00:00,A,PC,F,Y20-64,TOTAL,IS,2014-01-01,81.7,,
ESTAT:LFSA_ERGAN(1.0),17/04/26 11:00:00,A,PC,F,Y20-64,TOTAL,IT,2014-01-01,50.3,,
ESTAT:LFSA_ERGAN(1.0),17/04/26 11:00:00,A,PC,F,Y20-64,TOTAL,LT,2014-01-01,70.6,,
ESTAT:LFSA_ERGAN(1.0),17/04/26 11:00:00,A,PC,F,Y20-64,TOTAL,LU,2014-01-01,65.5,,
ESTAT:LFSA_ERGAN(1.0),17/04/26 11:00:00,A,PC,F,Y20-64,TOTAL,LV,2014-01-01,68.5,,
ESTAT:LFSA_ERGAN(1.0),17/04/26 11:00:00,A,PC,F,Y20-64,TOTAL,ME,2014-01-01,49.7,,
ESTAT:LFSA_ERGAN(1.0),17/04/26 11:00:00,A,PC,F,Y20-64,TOTAL,MK,2014-01-01,40.8,,
ESTAT:LFSA_ERGAN(1.0),17/04/26 11:00:00,A,PC,F,Y20-64,TOTAL,MT,2014-01-01,54.3,,
ESTAT:LFSA_ERGAN(1.0),17/04/26 11:00:00,A,PC,F,Y20-64,TOTAL,NL,2014-01-01,69.7,,
ESTAT:LFSA_ERGAN(1.0),17/04/26 11:00:00,A,PC,F,Y20-64,TOTAL,NO,2014-01-01,77.1,,
ESTAT:LFSA_ERGAN(1.0),17/04/26 11:00:00,A,PC,F,Y20-64,TOTAL,PL,2014-01-01,59.4,,
ESTAT:LFSA_ERGAN(1.0),17/04/26 11:00:00,A,PC,F,Y20-64,TOTAL,PT,2014-01-01,64.2,,
ESTAT:LFSA_ERGAN(1.0),17/04/26 11:00:00,A,PC,F,Y20-64,TOTAL,RO,2014-01-01,57.3,,
ESTAT:LFSA_ERGAN(1.0),17/04/26 11:00:00,A,PC,F,Y20-64,TOTAL,RS,2014-01-01,47.2,b,
ESTAT:LFSA_ERGAN(1.0),17/04/26 11:00:00,A,PC,F,Y20-64,TOTAL,SE,2014-01-01,77.6,,
ESTAT:LFSA_ERGAN(1.0),17/04/26 11:00:00,A,PC,F,Y20-64,TOTAL,SI,2014-01-01,63.6,,
ESTAT:LFSA_ERGAN(1.0),17/04/26 11:00:00,A,PC,F,Y20-64,TOTAL,SK,2014-01-01,58.6,,
ESTAT:LFSA_ERGAN(1.0),17/04/26 11:00:00,A,PC,F,Y20-64,TOTAL,TR,2014-01-01,31.6,b,
ESTAT:LFSA_ERGAN(1.0),17/04/26 11:00:00,A,PC,F,Y20-64,TOTAL,UK,2014-01-01,70.6,,
ESTAT:LFSA_ERGAN(1.0),17/04/26 11:00:00,A,PC,M,Y15-64,TOTAL,AT,2014-01-01,75.2,,
ESTAT:LFSA_ERGAN(1.0),17/04/26 11:00:00,A,PC,M,Y15-64,TOTAL,BE,2014-01-01,65.8,,
ESTAT:LFSA_ERGAN(1.0),17/04/26 11:00:00,A,PC,M,Y15-64,TOTAL,BG,2014-01-01,63.9,,
ESTAT:LFSA_ERGAN(1.0),17/04/26 11:00:00,A,PC,M,Y15-64,TOTAL,CH,2014-01-01,83.4,,
ESTAT:LFSA_ERGAN(1.0),17/04/26 11:00:00,A,PC,M,Y15-64,TOTAL,CY,2014-01-01,66.0,,
ESTAT:LFSA_ERGAN(1.0),17/04/26 11:00:00,A,PC,M,Y15-64,TOTAL,CZ,2014-01-01,77.0,,
ESTAT:LFSA_ERGAN(1.0),17/04/26 11:00:00,A,PC,M,Y15-64,TOTAL,DE,2014-01-01,78.1,,
ESTAT:LFSA_ERGAN(1.0),17/04/26 11:00:00,A,PC,M,Y15-64,TOTAL,DK,2014-01-01,74.1,,
ESTAT:LFSA_ERGAN(1.0),17/04/26 11:00:00,A,PC,M,Y15-64,TOTAL,EA21,2014-01-01,68.7,,
ESTAT:LFSA_ERGAN(1.0),17/04/26 11:00:00,A,PC,M,Y15-64,TOTAL,EE,2014-01-01,73.0,,
ESTAT:LFSA_ERGAN(1.0),17/04/26 11:00:00,A,PC,M,Y15-64,TOTAL,EL,2014-01-01,58.0,,
ESTAT:LFSA_ERGAN(1.0),17/04/26 11:00:00,A,PC,M,Y15-64,TOTAL,ES,2014-01-01,60.7,,
ESTAT:LFSA_ERGAN(1.0),17/04/26 11:00:00,A,PC,M,Y15-64,TOTAL,EU27_2020,2014-01-01,69.1,,
ESTAT:LFSA_ERGAN(1.0),17/04/26 11:00:00,A,PC,M,Y15-64,TOTAL,FI,2014-01-01,69.5,,
ESTAT:LFSA_ERGAN(1.0),17/04/26 11:00:00,A,PC,M,Y15-64,TOTAL,FR,2014-01-01,67.1,b,
ESTAT:LFSA_ERGAN(1.0),17/04/26 11:00:00,A,PC,M,Y15-64,TOTAL,HR,2014-01-01,59.1,,
ESTAT:LFSA_ERGAN(1.0),17/04/26 11:00:00,A,PC,M,Y15-64,TOTAL,HU,2014-01-01,67.8,,
ESTAT:LFSA_ERGAN(1.0),17/04/26 11:00:00,A,PC,M,Y15-64,TOTAL,IE,2014-01-01,68.4,,
ESTAT:LFSA_ERGAN(1.0),17/04/26 11:00:00,A,PC,M,Y15-64,TOTAL,IS,2014-01-01,85.4,,
ESTAT:LFSA_ERGAN(1.0),17/04/26 11:00:00,A,PC,M,Y15-64,TOTAL,IT,2014-01-01,64.7,,
ESTAT:LFSA_ERGAN(1.0),17/04/26 11:00:00,A,PC,M,Y15-64,TOTAL,LT,2014-01-01,66.5,,
ESTAT:LFSA_ERGAN(1.0),17/04/26 11:00:00,A,PC,M,Y15-64,TOTAL,LU,2014-01-01,72.6,,
ESTAT:LFSA_ERGAN(1.0),17/04/26 11:00:00,A,PC,M,Y15-64,TOTAL,LV,2014-01-01,68.4,,
ESTAT:LFSA_ERGAN(1.0),17/04/26 11:00:00,A,PC,M,Y15-64,TOTAL,ME,2014-01-01,55.5,,
ESTAT:LFSA_ERGAN(1.0),17/04/26 11:00:00,A,PC,M,Y15-64,TOTAL,MK,2014-01-01,56.1,,
ESTAT:LFSA_ERGAN(1.0),17/04/26 11:00:00,A,PC,M,Y15-64,TOTAL,MT,2014-01-01,75.7,,
ESTAT:LFSA_ERGAN(1.0),17/04/26 11:00:00,A,PC,M,Y15-64,TOTAL,NL,2014-01-01,78.1,,
ESTAT:LFSA_ERGAN(1.0),17/04/26 11:00:00,A,PC,M,Y15-64,TOTAL,NO,2014-01-01,77.0,,
ESTAT:LFSA_ERGAN(1.0),17/04/26 11:00:00,A,PC,M,Y15-64,TOTAL,PL,2014-01-01,68.2,,
ESTAT:LFSA_ERGAN(1.0),17/04/26 11:00:00,A,PC,M,Y15-64,TOTAL,PT,2014-01-01,65.7,,
ESTAT:LFSA_ERGAN(1.0),17/04/26 11:00:00,A,PC,M,Y15-64,TOTAL,RO,2014-01-01,68.7,,
ESTAT:LFSA_ERGAN(1.0),17/04/26 11:00:00,A,PC,M,Y15-64,TOTAL,RS,2014-01-01,57.9,b,
ESTAT:LFSA_ERGAN(1.0),17/04/26 11:00:00,A,PC,M,Y15-64,TOTAL,SE,2014-01-01,76.5,,
ESTAT:LFSA_ERGAN(1.0),17/04/26 11:00:00,A,PC,M,Y15-64,TOTAL,SI,2014-01-01,67.5,,
ESTAT:LFSA_ERGAN(1.0),17/04/26 11:00:00,A,PC,M,Y15-64,TOTAL,SK,2014-01-01,67.6,,
ESTAT:LFSA_ERGAN(1.0),17/04/26 11:00:00,A,PC,M,Y15-64,TOTAL,TR,2014-01-01,69.5,b,
ESTAT:LFSA_ERGAN(1.0),17/04/26 11:00:00,A,PC,M,Y15-64,TOTAL,UK,2014-01-01,76.8,,
ESTAT:LFSA_ERGAN(1.0),17/04/26 11:00:00,A,PC,M,Y15-74,TOTAL,AT,2014-01-01,67.2,,
ESTAT:LFSA_ERGAN(1.0),17/04/26 11:00:00,A,PC,M,Y15-74,TOTAL,BE,2014-01-01,58.8,,
ESTAT:LFSA_ERGAN(1.0),17/04/26 11:00:00,A,PC,M,Y15-74,TOTAL,BG,2014-01-01,56.9,,
ESTAT:LFSA_ERGAN(1.0),17/04/26 11:00:00,A,PC,M,Y15-74,TOTAL,CH,2014-01-01,76.3,,
ESTAT:LFSA_ERGAN(1.0),17/04/26 11:00:00,A,PC,M,Y15-74,TOTAL,CY,2014-01-01,60.9,,
ESTAT:LFSA_ERGAN(1.0),17/04/26 11:00:00,A,PC,M,Y15-74,TOTAL,CZ,2014-01-01,68.8,,
ESTAT:LFSA_ERGAN(1.0),17/04/26 11:00:00,A,PC,M,Y15-74,TOTAL,DE,2014-01-01,69.3,,
ESTAT:LFSA_ERGAN(1.0),17/04/26 11:00:00,A,PC,M,Y15-74,TOTAL,DK,2014-01-01,66.1,,
ESTAT:LFSA_ERGAN(1.0),17/04/26 11:00:00,A,PC,M,Y15-74,TOTAL,EA21,2014-01-01,61.3,,
ESTAT:LFSA_ERGAN(1.0),17/04/26 11:00:00,A,PC,M,Y15-74,TOTAL,EE,2014-01-01,67.9,,
ESTAT:LFSA_ERGAN(1.0),17/04/26 11:00:00,A,PC,M,Y15-74,TOTAL,EL,2014-01-01,51.4,,
ESTAT:LFSA_ERGAN(1.0),17/04/26 11:00:00,A,PC,M,Y15-74,TOTAL,ES,2014-01-01,54.2,,
ESTAT:LFSA_ERGAN(1.0),17/04/26 11:00:00,A,PC,M,Y15-74,TOTAL,EU27_2020,2014-01-01,61.9,,
ESTAT:LFSA_ERGAN(1.0),17/04/26 11:00:00,A,PC,M,Y15-74,TOTAL,FI,2014-01-01,61.7,,
ESTAT:LFSA_ERGAN(1.0),17/04/26 11:00:00,A,PC,M,Y15-74,TOTAL,FR,2014-01-01,59.6,b,
ESTAT:LFSA_ERGAN(1.0),17/04/26 11:00:00,A,PC,M,Y15-74,TOTAL,HR,2014-01-01,52.9,,
ESTAT:LFSA_ERGAN(1.0),17/04/26 11:00:00,A,PC,M,Y15-74,TOTAL,HU,2014-01-01,60.8,,
ESTAT:LFSA_ERGAN(1.0),17/04/26 11:00:00,A,PC,M,Y15-74,TOTAL,IE,2014-01-01,63.4,,
ESTAT:LFSA_ERGAN(1.0),17/04/26 11:00:00,A,PC,M,Y15-74,TOTAL,IS,2014-01-01,81.3,,
ESTAT:LFSA_ERGAN(1.0),17/04/26 11:00:00,A,PC,M,Y15-74,TOTAL,IT,2014-01-01,57.2,,
ESTAT:LFSA_ERGAN(1.0),17/04/26 11:00:00,A,PC,M,Y15-74,TOTAL,LT,2014-01-01,61.2,,
ESTAT:LFSA_ERGAN(1.0),17/04/26 11:00:00,A,PC,M,Y15-74,TOTAL,LU,2014-01-01,65.8,,
ESTAT:LFSA_ERGAN(1.0),17/04/26 11:00:00,A,PC,M,Y15-74,TOTAL,LV,2014-01-01,62.8,,
ESTAT:LFSA_ERGAN(1.0),17/04/26 11:00:00,A,PC,M,Y15-74,TOTAL,ME,2014-01-01,51.4,,
ESTAT:LFSA_ERGAN(1.0),17/04/26 11:00:00,A,PC,M,Y15-74,TOTAL,MK,2014-01-01,51.5,,
ESTAT:LFSA_ERGAN(1.0),17/04/26 11:00:00,A,PC,M,Y15-74,TOTAL,MT,2014-01-01,67.7,,
ESTAT:LFSA_ERGAN(1.0),17/04/26 11:00:00,A,PC,M,Y15-74,TOTAL,NL,2014-01-01,70.1,,
ESTAT:LFSA_ERGAN(1.0),17/04/26 11:00:00,A,PC,M,Y15-74,TOTAL,NO,2014-01-01,70.8,,
ESTAT:LFSA_ERGAN(1.0),17/04/26 11:00:00,A,PC,M,Y15-74,TOTAL,PL,2014-01-01,62.7,,
ESTAT:LFSA_ERGAN(1.0),17/04/26 11:00:00,A,PC,M,Y15-74,TOTAL,PT,2014-01-01,60.2,,
ESTAT:LFSA_ERGAN(1.0),17/04/26 11:00:00,A,PC,M,Y15-74,TOTAL,RO,2014-01-01,63.9,,
ESTAT:LFSA_ERGAN(1.0),17/04/26 11:00:00,A,PC,M,Y15-74,TOTAL,RS,2014-01-01,53.0,b,
ESTAT:LFSA_ERGAN(1.0),17/04/26 11:00:00,A,PC,M,Y15-74,TOTAL,SE,2014-01-01,68.6,,
ESTAT:LFSA_ERGAN(1.0),17/04/26 11:00:00,A,PC,M,Y15-74,TOTAL,SI,2014-01-01,61.5,,
ESTAT:LFSA_ERGAN(1.0),17/04/26 11:00:00,A,PC,M,Y15-74,TOTAL,SK,2014-01-01,62.2,,
ESTAT:LFSA_ERGAN(1.0),17/04/26 11:00:00,A,PC,M,Y15-74,TOTAL,TR,2014-01-01,67.0,b,
ESTAT:LFSA_ERGAN(1.0),17/04/26 11:00:00,A,PC,M,Y15-74,TOTAL,UK,2014-01-01,69.6,,
ESTAT:LFSA_ERGAN(1.0),17/04/26 11:00:00,A,PC,M,Y20-64,TOTAL,AT,2014-01-01,78.3,,
ESTAT:LFSA_ERGAN(1.0),17/04/26 11:00:00,A,PC,M,Y20-64,TOTAL,BE,2014-01-01,71.6,,
ESTAT:LFSA_ERGAN(1.0),17/04/26 11:00:00,A,PC,M,Y20-64,TOTAL,BG,2014-01-01,68.1,,
ESTAT:LFSA_ERGAN(1.0),17/04/26 11:00:00,A,PC,M,Y20-64,TOTAL,CH,2014-01-01,86.0,,
ESTAT:LFSA_ERGAN(1.0),17/04/26 11:00:00,A,PC,M,Y20-64,TOTAL,CY,2014-01-01,71.6,,
ESTAT:LFSA_ERGAN(1.0),17/04/26 11:00:00,A,PC,M,Y20-64,TOTAL,CZ,2014-01-01,82.2,,
ESTAT:LFSA_ERGAN(1.0),17/04/26 11:00:00,A,PC,M,Y20-64,TOTAL,DE,2014-01-01,82.2,,
ESTAT:LFSA_ERGAN(1.0),17/04/26 11:00:00,A,PC,M,Y20-64,TOTAL,DK,2014-01-01,78.4,,
ESTAT:LFSA_ERGAN(1.0),17/04/26 11:00:00,A,PC,M,Y20-64,TOTAL,EA21,2014-01-01,73.5,,
ESTAT:LFSA_ERGAN(1.0),17/04/26 11:00:00,A,PC,M,Y20-64,TOTAL,EE,2014-01-01,78.3,,
ESTAT:LFSA_ERGAN(1.0),17/04/26 11:00:00,A,PC,M,Y20-64,TOTAL,EL,2014-01-01,62.6,,
ESTAT:LFSA_ERGAN(1.0),17/04/26 11:00:00,A,PC,M,Y20-64,TOTAL,ES,2014-01-01,65.0,,
ESTAT:LFSA_ERGAN(1.0),17/04/26 11:00:00,A,PC,M,Y20-64,TOTAL,EU27_2020,2014-01-01,74.0,,
ESTAT:LFSA_ERGAN(1.0),17/04/26 11:00:00,A,PC,M,Y20-64,TOTAL,FI,2014-01-01,74.0,,
ESTAT:LFSA_ERGAN(1.0),17/04/26 11:00:00,A,PC,M,Y20-64,TOTAL,FR,2014-01-01,73.1,b,
ESTAT:LFSA_ERGAN(1.0),17/04/26 11:00:00,A,PC,M,Y20-64,TOTAL,HR,2014-01-01,64.2,,
ESTAT:LFSA_ERGAN(1.0),17/04/26 11:00:00,A,PC,M,Y20-64,TOTAL,HU,2014-01-01,73.5,,
ESTAT:LFSA_ERGAN(1.0),17/04/26 11:00:00,A,PC,M,Y20-64,TOTAL,IE,2014-01-01,74.1,,
ESTAT:LFSA_ERGAN(1.0),17/04/26 11:00:00,A,PC,M,Y20-64,TOTAL,IS,2014-01-01,88.0,,
ESTAT:LFSA_ERGAN(1.0),17/04/26 11:00:00,A,PC,M,Y20-64,TOTAL,IT,2014-01-01,69.7,,
ESTAT:LFSA_ERGAN(1.0),17/04/26 11:00:00,A,PC,M,Y20-64,TOTAL,LT,2014-01-01,73.1,,
ESTAT:LFSA_ERGAN(1.0),17/04/26 11:00:00,A,PC,M,Y20-64,TOTAL,LU,2014-01-01,78.4,,
ESTAT:LFSA_ERGAN(1.0),17/04/26 11:00:00,A,PC,M,Y20-64,TOTAL,LV,2014-01-01,73.1,,
ESTAT:LFSA_ERGAN(1.0),17/04/26 11:00:00,A,PC,M,Y20-64,TOTAL,ME,2014-01-01,61.4,,
ESTAT:LFSA_ERGAN(1.0),17/04/26 11:00:00,A,PC,M,Y20-64,TOTAL,MK,2014-01-01,61.6,,
ESTAT:LFSA_ERGAN(1.0),17/04/26 11:00:00,A,PC,M,Y20-64,TOTAL,MT,2014-01-01,81.1,,
ESTAT:LFSA_ERGAN(1.0),17/04/26 11:00:00,A,PC,M,Y20-64,TOTAL,NL,2014-01-01,81.1,,
ESTAT:LFSA_ERGAN(1.0),17/04/26 11:00:00,A,PC,M,Y20-64,TOTAL,NO,2014-01-01,81.9,,
ESTAT:LFSA_ERGAN(1.0),17/04/26 11:00:00,A,PC,M,Y20-64,TOTAL,PL,2014-01-01,73.6,,
ESTAT:LFSA_ERGAN(1.0),17/04/26 11:00:00,A,PC,M,Y20-64,TOTAL,PT,2014-01-01,71.2,,
ESTAT:LFSA_ERGAN(1.0),17/04/26 11:00:00,A,PC,M,Y20-64,TOTAL,RO,2014-01-01,74.0,,
ESTAT:LFSA_ERGAN(1.0),17/04/26 11:00:00,A,PC,M,Y20-64,TOTAL,RS,2014-01-01,62.4,b,
ESTAT:LFSA_ERGAN(1.0),17/04/26 11:00:00,A,PC,M,Y20-64,TOTAL,SE,2014-01-01,82.2,,
ESTAT:LFSA_ERGAN(1.0),17/04/26 11:00:00,A,PC,M,Y20-64,TOTAL,SI,2014-01-01,71.6,,
ESTAT:LFSA_ERGAN(1.0),17/04/26 11:00:00,A,PC,M,Y20-64,TOTAL,SK,2014-01-01,73.2,,
ESTAT:LFSA_ERGAN(1.0),17/04/26 11:00:00,A,PC,M,Y20-64,TOTAL,TR,2014-01-01,75.0,b,
ESTAT:LFSA_ERGAN(1.0),17/04/26 11:00:00,A,PC,M,Y20-64,TOTAL,UK,2014-01-01,81.9,,
ESTAT:LFSA_ERGAN(1.0),17/04/26 11:00:00,A,PC,T,Y15-64,TOTAL,AT,2014-01-01,71.1,,
ESTAT:LFSA_ERGAN(1.0),17/04/26 11:00:00,A,PC,T,Y15-64,TOTAL,BE,2014-01-01,61.9,,
ESTAT:LFSA_ERGAN(1.0),17/04/26 11:00:00,A,PC,T,Y15-64,TOTAL,BG,2014-01-01,61.0,,
ESTAT:LFSA_ERGAN(1.0),17/04/26 11:00:00,A,PC,T,Y15-64,TOTAL,CH,2014-01-01,78.8,,
ESTAT:LFSA_ERGAN(1.0),17/04/26 11:00:00,A,PC,T,Y15-64,TOTAL,CY,2014-01-01,62.1,,
ESTAT:LFSA_ERGAN(1.0),17/04/26 11:00:00,A,PC,T,Y15-64,TOTAL,CZ,2014-01-01,69.0,,
ESTAT:LFSA_ERGAN(1.0),17/04/26 11:00:00,A,PC,T,Y15-64,TOTAL,DE,2014-01-01,73.8,,
ESTAT:LFSA_ERGAN(1.0),17/04/26 11:00:00,A,PC,T,Y15-64,TOTAL,DK,2014-01-01,71.1,,
ESTAT:LFSA_ERGAN(1.0),17/04/26 11:00:00,A,PC,T,Y15-64,TOTAL,EA21,2014-01-01,63.6,,
ESTAT:LFSA_ERGAN(1.0),17/04/26 11:00:00,A,PC,T,Y15-64,TOTAL,EE,2014-01-01,69.6,,
ESTAT:LFSA_ERGAN(1.0),17/04/26 11:00:00,A,PC,T,Y15-64,TOTAL,EL,2014-01-01,49.4,,
ESTAT:LFSA_ERGAN(1.0),17/04/26 11:00:00,A,PC,T,Y15-64,TOTAL,ES,2014-01-01,56.0,,
ESTAT:LFSA_ERGAN(1.0),17/04/26 11:00:00,A,PC,T,Y15-64,TOTAL,EU27_2020,2014-01-01,63.8,,
ESTAT:LFSA_ERGAN(1.0),17/04/26 11:00:00,A,PC,T,Y15-64,TOTAL,FI,2014-01-01,68.7,,
ESTAT:LFSA_ERGAN(1.0),17/04/26 11:00:00,A,PC,T,Y15-64,TOTAL,FR,2014-01-01,63.7,b,
ESTAT:LFSA_ERGAN(1.0),17/04/26 11:00:00,A,PC,T,Y15-64,TOTAL,HR,2014-01-01,54.5,,
ESTAT:LFSA_ERGAN(1.0),17/04/26 11:00:00,A,PC,T,Y15-64,TOTAL,HU,2014-01-01,61.8,,
ESTAT:LFSA_ERGAN(1.0),17/04/26 11:00:00,A,PC,T,Y15-64,TOTAL,IE,2014-01-01,63.1,,
ESTAT:LFSA_ERGAN(1.0),17/04/26 11:00:00,A,PC,T,Y15-64,TOTAL,IS,2014-01-01,82.9,,
ESTAT:LFSA_ERGAN(1.0),17/04/26 11:00:00,A,PC,T,Y15-64,TOTAL,IT,2014-01-01,55.7,,
ESTAT:LFSA_ERGAN(1.0),17/04/26 11:00:00,A,PC,T,Y15-64,TOTAL,LT,2014-01-01,65.7,,
ESTAT:LFSA_ERGAN(1.0),17/04/26 11:00:00,A,PC,T,Y15-64,TOTAL,LU,2014-01-01,66.6,,
ESTAT:LFSA_ERGAN(1.0),17/04/26 11:00:00,A,PC,T,Y15-64,TOTAL,LV,2014-01-01,66.3,,
ESTAT:LFSA_ERGAN(1.0),17/04/26 11:00:00,A,PC,T,Y15-64,TOTAL,ME,2014-01-01,50.4,,
ESTAT:LFSA_ERGAN(1.0),17/04/26 11:00:00,A,PC,T,Y15-64,TOTAL,MK,2014-01-01,46.9,,
ESTAT:LFSA_ERGAN(1.0),17/04/26 11:00:00,A,PC,T,Y15-64,TOTAL,MT,2014-01-01,63.9,,
ESTAT:LFSA_ERGAN(1.0),17/04/26 11:00:00,A,PC,T,Y15-64,TOTAL,NL,2014-01-01,73.1,,
ESTAT:LFSA_ERGAN(1.0),17/04/26 11:00:00,A,PC,T,Y15-64,TOTAL,NO,2014-01-01,75.2,,
ESTAT:LFSA_ERGAN(1.0),17/04/26 11:00:00,A,PC,T,Y15-64,TOTAL,PL,2014-01-01,61.7,,
ESTAT:LFSA_ERGAN(1.0),17/04/26 11:00:00,A,PC,T,Y15-64,TOTAL,PT,2014-01-01,62.6,,
ESTAT:LFSA_ERGAN(1.0),17/04/26 11:00:00,A,PC,T,Y15-64,TOTAL,RO,2014-01-01,61.0,,
ESTAT:LFSA_ERGAN(1.0),17/04/26 11:00:00,A,PC,T,Y15-64,TOTAL,RS,2014-01-01,50.8,b,
ESTAT:LFSA_ERGAN(1.0),17/04/26 11:00:00,A,PC,T,Y15-64,TOTAL,SE,2014-01-01,74.9,,
ESTAT:LFSA_ERGAN(1.0),17/04/26 11:00:00,A,PC,T,Y15-64,TOTAL,SI,2014-01-01,63.9,,
ESTAT:LFSA_ERGAN(1.0),17/04/26 11:00:00,A,PC,T,Y15-64,TOTAL,SK,2014-01-01,61.0,,
ESTAT:LFSA_ERGAN(1.0),17/04/26 11:00:00,A,PC,T,Y15-64,TOTAL,TR,2014-01-01,49.5,b,
ESTAT:LFSA_ERGAN(1.0),17/04/26 11:00:00,A,PC,T,Y15-64,TOTAL,UK,2014-01-01,71.9,,
ESTAT:LFSA_ERGAN(1.0),17/04/26 11:00:00,A,PC,T,Y15-74,TOTAL,AT,2014-01-01,62.8,,
ESTAT:LFSA_ERGAN(1.0),17/04/26 11:00:00,A,PC,T,Y15-74,TOTAL,BE,2014-01-01,54.8,,
ESTAT:LFSA_ERGAN(1.0),17/04/26 11:00:00,A,PC,T,Y15-74,TOTAL,BG,2014-01-01,53.1,,
ESTAT:LFSA_ERGAN(1.0),17/04/26 11:00:00,A,PC,T,Y15-74,TOTAL,CH,2014-01-01,71.1,,
ESTAT:LFSA_ERGAN(1.0),17/04/26 11:00:00,A,PC,T,Y15-74,TOTAL,CY,2014-01-01,57.0,,
ESTAT:LFSA_ERGAN(1.0),17/04/26 11:00:00,A,PC,T,Y15-74,TOTAL,CZ,2014-01-01,60.4,,
ESTAT:LFSA_ERGAN(1.0),17/04/26 11:00:00,A,PC,T,Y15-74,TOTAL,DE,2014-01-01,64.8,,
ESTAT:LFSA_ERGAN(1.0),17/04/26 11:00:00,A,PC,T,Y15-74,TOTAL,DK,2014-01-01,62.6,,
ESTAT:LFSA_ERGAN(1.0),17/04/26 11:00:00,A,PC,T,Y15-74,TOTAL,EA21,2014-01-01,56.1,,
ESTAT:LFSA_ERGAN(1.0),17/04/26 11:00:00,A,PC,T,Y15-74,TOTAL,EE,2014-01-01,63.3,,
ESTAT:LFSA_ERGAN(1.0),17/04/26 11:00:00,A,PC,T,Y15-74,TOTAL,EL,2014-01-01,43.4,,
ESTAT:LFSA_ERGAN(1.0),17/04/26 11:00:00,A,PC,T,Y15-74,TOTAL,ES,2014-01-01,49.6,,
ESTAT:LFSA_ERGAN(1.0),17/04/26 11:00:00,A,PC,T,Y15-74,TOTAL,EU27_2020,2014-01-01,56.5,,
ESTAT:LFSA_ERGAN(1.0),17/04/26 11:00:00,A,PC,T,Y15-74,TOTAL,FI,2014-01-01,60.0,,
ESTAT:LFSA_ERGAN(1.0),17/04/26 11:00:00,A,PC,T,Y15-74,TOTAL,FR,2014-01-01,56.1,b,
ESTAT:LFSA_ERGAN(1.0),17/04/26 11:00:00,A,PC,T,Y15-74,TOTAL,HR,2014-01-01,48.1,,
ESTAT:LFSA_ERGAN(1.0),17/04/26 11:00:00,A,PC,T,Y15-74,TOTAL,HU,2014-01-01,54.1,,
ESTAT:LFSA_ERGAN(1.0),17/04/26 11:00:00,A,PC,T,Y15-74,TOTAL,IE,2014-01-01,58.2,,
ESTAT:LFSA_ERGAN(1.0),17/04/26 11:00:00,A,PC,T,Y15-74,TOTAL,IS,2014-01-01,78.1,,
ESTAT:LFSA_ERGAN(1.0),17/04/26 11:00:00,A,PC,T,Y15-74,TOTAL,IT,2014-01-01,48.7,,
ESTAT:LFSA_ERGAN(1.0),17/04/26 11:00:00,A,PC,T,Y15-74,TOTAL,LT,2014-01-01,58.8,,
ESTAT:LFSA_ERGAN(1.0),17/04/26 11:00:00,A,PC,T,Y15-74,TOTAL,LU,2014-01-01,59.8,,
ESTAT:LFSA_ERGAN(1.0),17/04/26 11:00:00,A,PC,T,Y15-74,TOTAL,LV,2014-01-01,59.1,,
ESTAT:LFSA_ERGAN(1.0),17/04/26 11:00:00,A,PC,T,Y15-74,TOTAL,ME,2014-01-01,46.0,,
ESTAT:LFSA_ERGAN(1.0),17/04/26 11:00:00,A,PC,T,Y15-74,TOTAL,MK,2014-01-01,42.6,,
ESTAT:LFSA_ERGAN(1.0),17/04/26 11:00:00,A,PC,T,Y15-74,TOTAL,MT,2014-01-01,56.2,,
ESTAT:LFSA_ERGAN(1.0),17/04/26 11:00:00,A,PC,T,Y15-74,TOTAL,NL,2014-01-01,64.9,,
ESTAT:LFSA_ERGAN(1.0),17/04/26 11:00:00,A,PC,T,Y15-74,TOTAL,NO,2014-01-01,68.4,,
ESTAT:LFSA_ERGAN(1.0),17/04/26 11:00:00,A,PC,T,Y15-74,TOTAL,PL,2014-01-01,55.6,,
ESTAT:LFSA_ERGAN(1.0),17/04/26 11:00:00,A,PC,T,Y15-74,TOTAL,PT,2014-01-01,56.3,,
ESTAT:LFSA_ERGAN(1.0),17/04/26 11:00:00,A,PC,T,Y15-74,TOTAL,RO,2014-01-01,56.3,,
ESTAT:LFSA_ERGAN(1.0),17/04/26 11:00:00,A,PC,T,Y15-74,TOTAL,RS,2014-01-01,45.8,b,
ESTAT:LFSA_ERGAN(1.0),17/04/26 11:00:00,A,PC,T,Y15-74,TOTAL,SE,2014-01-01,66.2,,
ESTAT:LFSA_ERGAN(1.0),17/04/26 11:00:00,A,PC,T,Y15-74,TOTAL,SI,2014-01-01,57.2,,
ESTAT:LFSA_ERGAN(1.0),17/04/26 11:00:00,A,PC,T,Y15-74,TOTAL,SK,2014-01-01,55.1,,
ESTAT:LFSA_ERGAN(1.0),17/04/26 11:00:00,A,PC,T,Y15-74,TOTAL,TR,2014-01-01,47.4,b,
ESTAT:LFSA_ERGAN(1.0),17/04/26 11:00:00,A,PC,T,Y15-74,TOTAL,UK,2014-01-01,64.6,,
ESTAT:LFSA_ERGAN(1.0),17/04/26 11:00:00,A,PC,T,Y20-64,TOTAL,AT,2014-01-01,74.2,,
ESTAT:LFSA_ERGAN(1.0),17/04/26 11:00:00,A,PC,T,Y20-64,TOTAL,BE,2014-01-01,67.3,,
ESTAT:LFSA_ERGAN(1.0),17/04/26 11:00:00,A,PC,T,Y20-64,TOTAL,BG,2014-01-01,65.1,,
ESTAT:LFSA_ERGAN(1.0),17/04/26 11:00:00,A,PC,T,Y20-64,TOTAL,CH,2014-01-01,81.1,,
ESTAT:LFSA_ERGAN(1.0),17/04/26 11:00:00,A,PC,T,Y20-64,TOTAL,CY,2014-01-01,67.6,,
ESTAT:LFSA_ERGAN(1.0),17/04/26 11:00:00,A,PC,T,Y20-64,TOTAL,CZ,2014-01-01,73.5,,
ESTAT:LFSA_ERGAN(1.0),17/04/26 11:00:00,A,PC,T,Y20-64,TOTAL,DE,2014-01-01,77.7,,
ESTAT:LFSA_ERGAN(1.0),17/04/26 11:00:00,A,PC,T,Y20-64,TOTAL,DK,2014-01-01,74.7,,
ESTAT:LFSA_ERGAN(1.0),17/04/26 11:00:00,A,PC,T,Y20-64,TOTAL,EA21,2014-01-01,67.9,,
ESTAT:LFSA_ERGAN(1.0),17/04/26 11:00:00,A,PC,T,Y20-64,TOTAL,EE,2014-01-01,74.3,,
ESTAT:LFSA_ERGAN(1.0),17/04/26 11:00:00,A,PC,T,Y20-64,TOTAL,EL,2014-01-01,53.3,,
ESTAT:LFSA_ERGAN(1.0),17/04/26 11:00:00,A,PC,T,Y20-64,TOTAL,ES,2014-01-01,59.9,,
ESTAT:LFSA_ERGAN(1.0),17/04/26 11:00:00,A,PC,T,Y20-64,TOTAL,EU27_2020,2014-01-01,68.2,,
ESTAT:LFSA_ERGAN(1.0),17/04/26 11:00:00,A,PC,T,Y20-64,TOTAL,FI,2014-01-01,73.1,,
ESTAT:LFSA_ERGAN(1.0),17/04/26 11:00:00,A,PC,T,Y20-64,TOTAL,FR,2014-01-01,69.2,b,
ESTAT:LFSA_ERGAN(1.0),17/04/26 11:00:00,A,PC,T,Y20-64,TOTAL,HR,2014-01-01,59.1,,
ESTAT:LFSA_ERGAN(1.0),17/04/26 11:00:00,A,PC,T,Y20-64,TOTAL,HU,2014-01-01,66.7,,
ESTAT:LFSA_ERGAN(1.0),17/04/26 11:00:00,A,PC,T,Y20-64,TOTAL,IE,2014-01-01,68.1,,
ESTAT:LFSA_ERGAN(1.0),17/04/26 11:00:00,A,PC,T,Y20-64,TOTAL,IS,2014-01-01,84.9,,
ESTAT:LFSA_ERGAN(1.0),17/04/26 11:00:00,A,PC,T,Y20-64,TOTAL,IT,2014-01-01,59.9,,
ESTAT:LFSA_ERGAN(1.0),17/04/26 11:00:00,A,PC,T,Y20-64,TOTAL,LT,2014-01-01,71.8,,
ESTAT:LFSA_ERGAN(1.0),17/04/26 11:00:00,A,PC,T,Y20-64,TOTAL,LU,2014-01-01,72.1,,
ESTAT:LFSA_ERGAN(1.0),17/04/26 11:00:00,A,PC,T,Y20-64,TOTAL,LV,2014-01-01,70.7,,
ESTAT:LFSA_ERGAN(1.0),17/04/26 11:00:00,A,PC,T,Y20-64,TOTAL,ME,2014-01-01,55.6,,
ESTAT:LFSA_ERGAN(1.0),17/04/26 11:00:00,A,PC,T,Y20-64,TOTAL,MK,2014-01-01,51.3,,
ESTAT:LFSA_ERGAN(1.0),17/04/26 11:00:00,A,PC,T,Y20-64,TOTAL,MT,2014-01-01,67.9,,
ESTAT:LFSA_ERGAN(1.0),17/04/26 11:00:00,A,PC,T,Y20-64,TOTAL,NL,2014-01-01,75.4,,
ESTAT:LFSA_ERGAN(1.0),17/04/26 11:00:00,A,PC,T,Y20-64,TOTAL,NO,2014-01-01,79.6,,
ESTAT:LFSA_ERGAN(1.0),17/04/26 11:00:00,A,PC,T,Y20-64,TOTAL,PL,2014-01-01,66.5,,
ESTAT:LFSA_ERGAN(1.0),17/04/26 11:00:00,A,PC,T,Y20-64,TOTAL,PT,2014-01-01,67.6,,
ESTAT:LFSA_ERGAN(1.0),17/04/26 11:00:00,A,PC,T,Y20-64,TOTAL,RO,2014-01-01,65.7,,
ESTAT:LFSA_ERGAN(1.0),17/04/26 11:00:00,A,PC,T,Y20-64,TOTAL,RS,2014-01-01,54.8,b,
ESTAT:LFSA_ERGAN(1.0),17/04/26 11:00:00,A,PC,T,Y20-64,TOTAL,SE,2014-01-01,80.0,,
ESTAT:LFSA_ERGAN(1.0),17/04/26 11:00:00,A,PC,T,Y20-64,TOTAL,SI,2014-01-01,67.7,,
ESTAT:LFSA_ERGAN(1.0),17/04/26 11:00:00,A,PC,T,Y20-64,TOTAL,SK,2014-01-01,65.9,,
ESTAT:LFSA_ERGAN(1.0),17/04/26 11:00:00,A,PC,T,Y20-64,TOTAL,TR,2014-01-01,53.2,b,
ESTAT:LFSA_ERGAN(1.0),17/04/26 11:00:00,A,PC,T,Y20-64,TOTAL,UK,2014-01-01,76.2,,
ESTAT:LFSA_ERGAN(1.0),17/04/26 11:00:00,A,PC,F,Y15-64,TOTAL,AT,2015-01-01,67.1,,
ESTAT:LFSA_ERGAN(1.0),17/04/26 11:00:00,A,PC,F,Y15-64,TOTAL,BE,2015-01-01,58.0,,
ESTAT:LFSA_ERGAN(1.0),17/04/26 11:00:00,A,PC,F,Y15-64,TOTAL,BG,2015-01-01,59.8,,
ESTAT:LFSA_ERGAN(1.0),17/04/26 11:00:00,A,PC,F,Y15-64,TOTAL,CH,2015-01-01,74.7,,
ESTAT:LFSA_ERGAN(1.0),17/04/26 11:00:00,A,PC,F,Y15-64,TOTAL,CY,2015-01-01,59.0,,
ESTAT:LFSA_ERGAN(1.0),17/04/26 11:00:00,A,PC,F,Y15-64,TOTAL,CZ,2015-01-01,62.4,,
ESTAT:LFSA_ERGAN(1.0),17/04/26 11:00:00,A,PC,F,Y15-64,TOTAL,DE,2015-01-01,69.9,,
ESTAT:LFSA_ERGAN(1.0),17/04/26 11:00:00,A,PC,F,Y15-64,TOTAL,DK,2015-01-01,68.7,,
ESTAT:LFSA_ERGAN(1.0),17/04/26 11:00:00,A,PC,F,Y15-64,TOTAL,EA21,2015-01-01,59.3,,
ESTAT:LFSA_ERGAN(1.0),17/04/26 11:00:00,A,PC,F,Y15-64,TOTAL,EE,2015-01-01,68.1,,
ESTAT:LFSA_ERGAN(1.0),17/04/26 11:00:00,A,PC,F,Y15-64,TOTAL,EL,2015-01-01,42.5,,
ESTAT:LFSA_ERGAN(1.0),17/04/26 11:00:00,A,PC,F,Y15-64,TOTAL,ES,2015-01-01,52.7,,
ESTAT:LFSA_ERGAN(1.0),17/04/26 11:00:00,A,PC,F,Y15-64,TOTAL,EU27_2020,2015-01-01,59.3,,
ESTAT:LFSA_ERGAN(1.0),17/04/26 11:00:00,A,PC,F,Y15-64,TOTAL,FI,2015-01-01,67.7,,
ESTAT:LFSA_ERGAN(1.0),17/04/26 11:00:00,A,PC,F,Y15-64,TOTAL,FR,2015-01-01,60.6,,
ESTAT:LFSA_ERGAN(1.0),17/04/26 11:00:00,A,PC,F,Y15-64,TOTAL,HR,2015-01-01,51.6,,
ESTAT:LFSA_ERGAN(1.0),17/04/26 11:00:00,A,PC,F,Y15-64,TOTAL,HU,2015-01-01,57.8,,
ESTAT:LFSA_ERGAN(1.0),17/04/26 11:00:00,A,PC,F,Y15-64,TOTAL,IE,2015-01-01,59.3,,
ESTAT:LFSA_ERGAN(1.0),17/04/26 11:00:00,A,PC,F,Y15-64,TOTAL,IS,2015-01-01,82.3,,
ESTAT:LFSA_ERGAN(1.0),17/04/26 11:00:00,A,PC,F,Y15-64,TOTAL,IT,2015-01-01,47.2,,
ESTAT:LFSA_ERGAN(1.0),17/04/26 11:00:00,A,PC,F,Y15-64,TOTAL,LT,2015-01-01,66.5,,
ESTAT:LFSA_ERGAN(1.0),17/04/26 11:00:00,A,PC,F,Y15-64,TOTAL,LU,2015-01-01,60.8,b,
ESTAT:LFSA_ERGAN(1.0),17/04/26 11:00:00,A,PC,F,Y15-64,TOTAL,LV,2015-01-01,66.4,,
ESTAT:LFSA_ERGAN(1.0),17/04/26 11:00:00,A,PC,F,Y15-64,TOTAL,ME,2015-01-01,46.9,,
ESTAT:LFSA_ERGAN(1.0),17/04/26 11:00:00,A,PC,F,Y15-64,TOTAL,MK,2015-01-01,38.8,,
ESTAT:LFSA_ERGAN(1.0),17/04/26 11:00:00,A,PC,F,Y15-64,TOTAL,MT,2015-01-01,52.5,,
ESTAT:LFSA_ERGAN(1.0),17/04/26 11:00:00,A,PC,F,Y15-64,TOTAL,NL,2015-01-01,69.2,,
ESTAT:LFSA_ERGAN(1.0),17/04/26 11:00:00,A,PC,F,Y15-64,TOTAL,NO,2015-01-01,73.0,,
ESTAT:LFSA_ERGAN(1.0),17/04/26 11:00:00,A,PC,F,Y15-64,TOTAL,PL,2015-01-01,56.6,,
ESTAT:LFSA_ERGAN(1.0),17/04/26 11:00:00,A,PC,F,Y15-64,TOTAL,PT,2015-01-01,61.1,,
ESTAT:LFSA_ERGAN(1.0),17/04/26 11:00:00,A,PC,F,Y15-64,TOTAL,RO,2015-01-01,53.2,,
ESTAT:LFSA_ERGAN(1.0),17/04/26 11:00:00,A,PC,F,Y15-64,TOTAL,RS,2015-01-01,45.0,,
ESTAT:LFSA_ERGAN(1.0),17/04/26 11:00:00,A,PC,F,Y15-64,TOTAL,SE,2015-01-01,74.0,,
ESTAT:LFSA_ERGAN(1.0),17/04/26 11:00:00,A,PC,F,Y15-64,TOTAL,SI,2015-01-01,61.0,,
ESTAT:LFSA_ERGAN(1.0),17/04/26 11:00:00,A,PC,F,Y15-64,TOTAL,SK,2015-01-01,55.9,,
ESTAT:LFSA_ERGAN(1.0),17/04/26 11:00:00,A,PC,F,Y15-64,TOTAL,TR,2015-01-01,30.4,,
ESTAT:LFSA_ERGAN(1.0),17/04/26 11:00:00,A,PC,F,Y15-64,TOTAL,UK,2015-01-01,67.9,,
ESTAT:LFSA_ERGAN(1.0),17/04/26 11:00:00,A,PC,F,Y15-74,TOTAL,AT,2015-01-01,58.9,,
ESTAT:LFSA_ERGAN(1.0),17/04/26 11:00:00,A,PC,F,Y15-74,TOTAL,BE,2015-01-01,50.8,,
ESTAT:LFSA_ERGAN(1.0),17/04/26 11:00:00,A,PC,F,Y15-74,TOTAL,BG,2015-01-01,50.5,,
ESTAT:LFSA_ERGAN(1.0),17/04/26 11:00:00,A,PC,F,Y15-74,TOTAL,CH,2015-01-01,66.3,,
ESTAT:LFSA_ERGAN(1.0),17/04/26 11:00:00,A,PC,F,Y15-74,TOTAL,CY,2015-01-01,53.2,,
ESTAT:LFSA_ERGAN(1.0),17/04/26 11:00:00,A,PC,F,Y15-74,TOTAL,CZ,2015-01-01,53.4,,
ESTAT:LFSA_ERGAN(1.0),17/04/26 11:00:00,A,PC,F,Y15-74,TOTAL,DE,2015-01-01,60.7,,
ESTAT:LFSA_ERGAN(1.0),17/04/26 11:00:00,A,PC,F,Y15-74,TOTAL,DK,2015-01-01,59.3,,
ESTAT:LFSA_ERGAN(1.0),17/04/26 11:00:00,A,PC,F,Y15-74,TOTAL,EA21,2015-01-01,51.6,,
ESTAT:LFSA_ERGAN(1.0),17/04/26 11:00:00,A,PC,F,Y15-74,TOTAL,EE,2015-01-01,61.1,,
ESTAT:LFSA_ERGAN(1.0),17/04/26 11:00:00,A,PC,F,Y15-74,TOTAL,EL,2015-01-01,37.0,,
ESTAT:LFSA_ERGAN(1.0),17/04/26 11:00:00,A,PC,F,Y15-74,TOTAL,ES,2015-01-01,46.1,,
ESTAT:LFSA_ERGAN(1.0),17/04/26 11:00:00,A,PC,F,Y15-74,TOTAL,EU27_2020,2015-01-01,51.7,,
ESTAT:LFSA_ERGAN(1.0),17/04/26 11:00:00,A,PC,F,Y15-74,TOTAL,FI,2015-01-01,58.1,,
ESTAT:LFSA_ERGAN(1.0),17/04/26 11:00:00,A,PC,F,Y15-74,TOTAL,FR,2015-01-01,52.8,,
ESTAT:LFSA_ERGAN(1.0),17/04/26 11:00:00,A,PC,F,Y15-74,TOTAL,HR,2015-01-01,44.6,,
ESTAT:LFSA_ERGAN(1.0),17/04/26 11:00:00,A,PC,F,Y15-74,TOTAL,HU,2015-01-01,49.5,,
ESTAT:LFSA_ERGAN(1.0),17/04/26 11:00:00,A,PC,F,Y15-74,TOTAL,IE,2015-01-01,54.1,,
ESTAT:LFSA_ERGAN(1.0),17/04/26 11:00:00,A,PC,F,Y15-74,TOTAL,IS,2015-01-01,76.4,,
ESTAT:LFSA_ERGAN(1.0),17/04/26 11:00:00,A,PC,F,Y15-74,TOTAL,IT,2015-01-01,40.7,,
ESTAT:LFSA_ERGAN(1.0),17/04/26 11:00:00,A,PC,F,Y15-74,TOTAL,LT,2015-01-01,58.1,,
ESTAT:LFSA_ERGAN(1.0),17/04/26 11:00:00,A,PC,F,Y15-74,TOTAL,LU,2015-01-01,55.4,b,
ESTAT:LFSA_ERGAN(1.0),17/04/26 11:00:00,A,PC,F,Y15-74,TOTAL,LV,2015-01-01,57.8,,
ESTAT:LFSA_ERGAN(1.0),17/04/26 11:00:00,A,PC,F,Y15-74,TOTAL,ME,2015-01-01,42.5,,
ESTAT:LFSA_ERGAN(1.0),17/04/26 11:00:00,A,PC,F,Y15-74,TOTAL,MK,2015-01-01,34.9,,
ESTAT:LFSA_ERGAN(1.0),17/04/26 11:00:00,A,PC,F,Y15-74,TOTAL,MT,2015-01-01,45.2,,
ESTAT:LFSA_ERGAN(1.0),17/04/26 11:00:00,A,PC,F,Y15-74,TOTAL,NL,2015-01-01,60.3,,
ESTAT:LFSA_ERGAN(1.0),17/04/26 11:00:00,A,PC,F,Y15-74,TOTAL,NO,2015-01-01,65.4,,
ESTAT:LFSA_ERGAN(1.0),17/04/26 11:00:00,A,PC,F,Y15-74,TOTAL,PL,2015-01-01,49.8,,
ESTAT:LFSA_ERGAN(1.0),17/04/26 11:00:00,A,PC,F,Y15-74,TOTAL,PT,2015-01-01,53.8,,
ESTAT:LFSA_ERGAN(1.0),17/04/26 11:00:00,A,PC,F,Y15-74,TOTAL,RO,2015-01-01,48.1,,
ESTAT:LFSA_ERGAN(1.0),17/04/26 11:00:00,A,PC,F,Y15-74,TOTAL,RS,2015-01-01,39.5,,
ESTAT:LFSA_ERGAN(1.0),17/04/26 11:00:00,A,PC,F,Y15-74,TOTAL,SE,2015-01-01,64.4,,
ESTAT:LFSA_ERGAN(1.0),17/04/26 11:00:00,A,PC,F,Y15-74,TOTAL,SI,2015-01-01,53.0,,
ESTAT:LFSA_ERGAN(1.0),17/04/26 11:00:00,A,PC,F,Y15-74,TOTAL,SK,2015-01-01,49.5,,
ESTAT:LFSA_ERGAN(1.0),17/04/26 11:00:00,A,PC,F,Y15-74,TOTAL,TR,2015-01-01,28.8,,
ESTAT:LFSA_ERGAN(1.0),17/04/26 11:00:00,A,PC,F,Y15-74,TOTAL,UK,2015-01-01,60.4,,
ESTAT:LFSA_ERGAN(1.0),17/04/26 11:00:00,A,PC,F,Y20-64,TOTAL,AT,2015-01-01,70.2,,
ESTAT:LFSA_ERGAN(1.0),17/04/26 11:00:00,A,PC,F,Y20-64,TOTAL,BE,2015-01-01,63.0,,
ESTAT:LFSA_ERGAN(1.0),17/04/26 11:00:00,A,PC,F,Y20-64,TOTAL,BG,2015-01-01,63.8,,
ESTAT:LFSA_ERGAN(1.0),17/04/26 11:00:00,A,PC,F,Y20-64,TOTAL,CH,2015-01-01,76.8,,
ESTAT:LFSA_ERGAN(1.0),17/04/26 11:00:00,A,PC,F,Y20-64,TOTAL,CY,2015-01-01,64.0,,
ESTAT:LFSA_ERGAN(1.0),17/04/26 11:00:00,A,PC,F,Y20-64,TOTAL,CZ,2015-01-01,66.4,,
ESTAT:LFSA_ERGAN(1.0),17/04/26 11:00:00,A,PC,F,Y20-64,TOTAL,DE,2015-01-01,73.6,,
ESTAT:LFSA_ERGAN(1.0),17/04/26 11:00:00,A,PC,F,Y20-64,TOTAL,DK,2015-01-01,71.5,,
ESTAT:LFSA_ERGAN(1.0),17/04/26 11:00:00,A,PC,F,Y20-64,TOTAL,EA21,2015-01-01,63.3,,
ESTAT:LFSA_ERGAN(1.0),17/04/26 11:00:00,A,PC,F,Y20-64,TOTAL,EE,2015-01-01,72.2,,
ESTAT:LFSA_ERGAN(1.0),17/04/26 11:00:00,A,PC,F,Y20-64,TOTAL,EL,2015-01-01,46.0,,
ESTAT:LFSA_ERGAN(1.0),17/04/26 11:00:00,A,PC,F,Y20-64,TOTAL,ES,2015-01-01,56.4,,
ESTAT:LFSA_ERGAN(1.0),17/04/26 11:00:00,A,PC,F,Y20-64,TOTAL,EU27_2020,2015-01-01,63.2,,
ESTAT:LFSA_ERGAN(1.0),17/04/26 11:00:00,A,PC,F,Y20-64,TOTAL,FI,2015-01-01,71.8,,
ESTAT:LFSA_ERGAN(1.0),17/04/26 11:00:00,A,PC,F,Y20-64,TOTAL,FR,2015-01-01,66.0,,
ESTAT:LFSA_ERGAN(1.0),17/04/26 11:00:00,A,PC,F,Y20-64,TOTAL,HR,2015-01-01,55.8,,
ESTAT:LFSA_ERGAN(1.0),17/04/26 11:00:00,A,PC,F,Y20-64,TOTAL,HU,2015-01-01,62.1,,
ESTAT:LFSA_ERGAN(1.0),17/04/26 11:00:00,A,PC,F,Y20-64,TOTAL,IE,2015-01-01,63.8,,
ESTAT:LFSA_ERGAN(1.0),17/04/26 11:00:00,A,PC,F,Y20-64,TOTAL,IS,2015-01-01,83.3,,
ESTAT:LFSA_ERGAN(1.0),17/04/26 11:00:00,A,PC,F,Y20-64,TOTAL,IT,2015-01-01,50.6,,
ESTAT:LFSA_ERGAN(1.0),17/04/26 11:00:00,A,PC,F,Y20-64,TOTAL,LT,2015-01-01,72.2,,
ESTAT:LFSA_ERGAN(1.0),17/04/26 11:00:00,A,PC,F,Y20-64,TOTAL,LU,2015-01-01,65.0,b,
ESTAT:LFSA_ERGAN(1.0),17/04/26 11:00:00,A,PC,F,Y20-64,TOTAL,LV,2015-01-01,70.5,,
ESTAT:LFSA_ERGAN(1.0),17/04/26 11:00:00,A,PC,F,Y20-64,TOTAL,ME,2015-01-01,51.6,,
ESTAT:LFSA_ERGAN(1.0),17/04/26 11:00:00,A,PC,F,Y20-64,TOTAL,MK,2015-01-01,42.1,,
ESTAT:LFSA_ERGAN(1.0),17/04/26 11:00:00,A,PC,F,Y20-64,TOTAL,MT,2015-01-01,55.3,,
ESTAT:LFSA_ERGAN(1.0),17/04/26 11:00:00,A,PC,F,Y20-64,TOTAL,NL,2015-01-01,70.8,,
ESTAT:LFSA_ERGAN(1.0),17/04/26 11:00:00,A,PC,F,Y20-64,TOTAL,NO,2015-01-01,76.7,,
ESTAT:LFSA_ERGAN(1.0),17/04/26 11:00:00,A,PC,F,Y20-64,TOTAL,PL,2015-01-01,60.9,,
ESTAT:LFSA_ERGAN(1.0),17/04/26 11:00:00,A,PC,F,Y20-64,TOTAL,PT,2015-01-01,65.9,,
ESTAT:LFSA_ERGAN(1.0),17/04/26 11:00:00,A,PC,F,Y20-64,TOTAL,RO,2015-01-01,57.2,,
ESTAT:LFSA_ERGAN(1.0),17/04/26 11:00:00,A,PC,F,Y20-64,TOTAL,RS,2015-01-01,48.4,,
ESTAT:LFSA_ERGAN(1.0),17/04/26 11:00:00,A,PC,F,Y20-64,TOTAL,SE,2015-01-01,78.3,,
ESTAT:LFSA_ERGAN(1.0),17/04/26 11:00:00,A,PC,F,Y20-64,TOTAL,SI,2015-01-01,64.7,,
ESTAT:LFSA_ERGAN(1.0),17/04/26 11:00:00,A,PC,F,Y20-64,TOTAL,SK,2015-01-01,60.3,,
ESTAT:LFSA_ERGAN(1.0),17/04/26 11:00:00,A,PC,F,Y20-64,TOTAL,TR,2015-01-01,32.5,,
ESTAT:LFSA_ERGAN(1.0),17/04/26 11:00:00,A,PC,F,Y20-64,TOTAL,UK,2015-01-01,71.3,,
ESTAT:LFSA_ERGAN(1.0),17/04/26 11:00:00,A,PC,M,Y15-64,TOTAL,AT,2015-01-01,75.1,,
ESTAT:LFSA_ERGAN(1.0),17/04/26 11:00:00,A,PC,M,Y15-64,TOTAL,BE,2015-01-01,65.5,,
ESTAT:LFSA_ERGAN(1.0),17/04/26 11:00:00,A,PC,M,Y15-64,TOTAL,BG,2015-01-01,65.9,,
ESTAT:LFSA_ERGAN(1.0),17/04/26 11:00:00,A,PC,M,Y15-64,TOTAL,CH,2015-01-01,83.6,,
ESTAT:LFSA_ERGAN(1.0),17/04/26 11:00:00,A,PC,M,Y15-64,TOTAL,CY,2015-01-01,66.7,,
ESTAT:LFSA_ERGAN(1.0),17/04/26 11:00:00,A,PC,M,Y15-64,TOTAL,CZ,2015-01-01,77.9,,
ESTAT:LFSA_ERGAN(1.0),17/04/26 11:00:00,A,PC,M,Y15-64,TOTAL,DE,2015-01-01,78.0,,
ESTAT:LFSA_ERGAN(1.0),17/04/26 11:00:00,A,PC,M,Y15-64,TOTAL,DK,2015-01-01,75.2,,
ESTAT:LFSA_ERGAN(1.0),17/04/26 11:00:00,A,PC,M,Y15-64,TOTAL,EA21,2015-01-01,69.4,,
ESTAT:LFSA_ERGAN(1.0),17/04/26 11:00:00,A,PC,M,Y15-64,TOTAL,EE,2015-01-01,74.8,,
ESTAT:LFSA_ERGAN(1.0),17/04/26 11:00:00,A,PC,M,Y15-64,TOTAL,EL,2015-01-01,59.3,,
ESTAT:LFSA_ERGAN(1.0),17/04/26 11:00:00,A,PC,M,Y15-64,TOTAL,ES,2015-01-01,62.9,,
ESTAT:LFSA_ERGAN(1.0),17/04/26 11:00:00,A,PC,M,Y15-64,TOTAL,EU27_2020,2015-01-01,69.9,,
ESTAT:LFSA_ERGAN(1.0),17/04/26 11:00:00,A,PC,M,Y15-64,TOTAL,FI,2015-01-01,69.3,,
ESTAT:LFSA_ERGAN(1.0),17/04/26 11:00:00,A,PC,M,Y15-64,TOTAL,FR,2015-01-01,67.1,,
ESTAT:LFSA_ERGAN(1.0),17/04/26 11:00:00,A,PC,M,Y15-64,TOTAL,HR,2015-01-01,60.4,,
ESTAT:LFSA_ERGAN(1.0),17/04/26 11:00:00,A,PC,M,Y15-64,TOTAL,HU,2015-01-01,70.3,,
ESTAT:LFSA_ERGAN(1.0),17/04/26 11:00:00,A,PC,M,Y15-64,TOTAL,IE,2015-01-01,70.3,,
ESTAT:LFSA_ERGAN(1.0),17/04/26 11:00:00,A,PC,M,Y15-64,TOTAL,IS,2015-01-01,87.1,,
ESTAT:LFSA_ERGAN(1.0),17/04/26 11:00:00,A,PC,M,Y15-64,TOTAL,IT,2015-01-01,65.5,,
ESTAT:LFSA_ERGAN(1.0),17/04/26 11:00:00,A,PC,M,Y15-64,TOTAL,LT,2015-01-01,68.0,,
ESTAT:LFSA_ERGAN(1.0),17/04/26 11:00:00,A,PC,M,Y15-64,TOTAL,LU,2015-01-01,71.3,b,
ESTAT:LFSA_ERGAN(1.0),17/04/26 11:00:00,A,PC,M,Y15-64,TOTAL,LV,2015-01-01,69.9,,
ESTAT:LFSA_ERGAN(1.0),17/04/26 11:00:00,A,PC,M,Y15-64,TOTAL,ME,2015-01-01,56.0,,
ESTAT:LFSA_ERGAN(1.0),17/04/26 11:00:00,A,PC,M,Y15-64,TOTAL,MK,2015-01-01,56.6,,
ESTAT:LFSA_ERGAN(1.0),17/04/26 11:00:00,A,PC,M,Y15-64,TOTAL,MT,2015-01-01,77.0,,
ESTAT:LFSA_ERGAN(1.0),17/04/26 11:00:00,A,PC,M,Y15-64,TOTAL,NL,2015-01-01,79.0,,
ESTAT:LFSA_ERGAN(1.0),17/04/26 11:00:00,A,PC,M,Y15-64,TOTAL,NO,2015-01-01,76.5,,
ESTAT:LFSA_ERGAN(1.0),17/04/26 11:00:00,A,PC,M,Y15-64,TOTAL,PL,2015-01-01,69.2,,
ESTAT:LFSA_ERGAN(1.0),17/04/26 11:00:00,A,PC,M,Y15-64,TOTAL,PT,2015-01-01,66.9,,
ESTAT:LFSA_ERGAN(1.0),17/04/26 11:00:00,A,PC,M,Y15-64,TOTAL,RO,2015-01-01,69.5,,
ESTAT:LFSA_ERGAN(1.0),17/04/26 11:00:00,A,PC,M,Y15-64,TOTAL,RS,2015-01-01,59.3,,
ESTAT:LFSA_ERGAN(1.0),17/04/26 11:00:00,A,PC,M,Y15-64,TOTAL,SE,2015-01-01,77.0,,
ESTAT:LFSA_ERGAN(1.0),17/04/26 11:00:00,A,PC,M,Y15-64,TOTAL,SI,2015-01-01,69.2,,
ESTAT:LFSA_ERGAN(1.0),17/04/26 11:00:00,A,PC,M,Y15-64,TOTAL,SK,2015-01-01,69.5,,
ESTAT:LFSA_ERGAN(1.0),17/04/26 11:00:00,A,PC,M,Y15-64,TOTAL,TR,2015-01-01,69.8,,
ESTAT:LFSA_ERGAN(1.0),17/04/26 11:00:00,A,PC,M,Y15-64,TOTAL,UK,2015-01-01,77.6,,
ESTAT:LFSA_ERGAN(1.0),17/04/26 11:00:00,A,PC,M,Y15-74,TOTAL,AT,2015-01-01,67.3,,
ESTAT:LFSA_ERGAN(1.0),17/04/26 11:00:00,A,PC,M,Y15-74,TOTAL,BE,2015-01-01,58.4,,
ESTAT:LFSA_ERGAN(1.0),17/04/26 11:00:00,A,PC,M,Y15-74,TOTAL,BG,2015-01-01,58.5,,
ESTAT:LFSA_ERGAN(1.0),17/04/26 11:00:00,A,PC,M,Y15-74,TOTAL,CH,2015-01-01,76.5,,
ESTAT:LFSA_ERGAN(1.0),17/04/26 11:00:00,A,PC,M,Y15-74,TOTAL,CY,2015-01-01,60.9,,
ESTAT:LFSA_ERGAN(1.0),17/04/26 11:00:00,A,PC,M,Y15-74,TOTAL,CZ,2015-01-01,69.4,,
ESTAT:LFSA_ERGAN(1.0),17/04/26 11:00:00,A,PC,M,Y15-74,TOTAL,DE,2015-01-01,69.4,,
ESTAT:LFSA_ERGAN(1.0),17/04/26 11:00:00,A,PC,M,Y15-74,TOTAL,DK,2015-01-01,67.2,,
ESTAT:LFSA_ERGAN(1.0),17/04/26 11:00:00,A,PC,M,Y15-74,TOTAL,EA21,2015-01-01,61.9,,
ESTAT:LFSA_ERGAN(1.0),17/04/26 11:00:00,A,PC,M,Y15-74,TOTAL,EE,2015-01-01,69.3,,
ESTAT:LFSA_ERGAN(1.0),17/04/26 11:00:00,A,PC,M,Y15-74,TOTAL,EL,2015-01-01,52.4,,
ESTAT:LFSA_ERGAN(1.0),17/04/26 11:00:00,A,PC,M,Y15-74,TOTAL,ES,2015-01-01,56.1,,
ESTAT:LFSA_ERGAN(1.0),17/04/26 11:00:00,A,PC,M,Y15-74,TOTAL,EU27_2020,2015-01-01,62.5,,
ESTAT:LFSA_ERGAN(1.0),17/04/26 11:00:00,A,PC,M,Y15-74,TOTAL,FI,2015-01-01,61.3,,
ESTAT:LFSA_ERGAN(1.0),17/04/26 11:00:00,A,PC,M,Y15-74,TOTAL,FR,2015-01-01,59.3,,
ESTAT:LFSA_ERGAN(1.0),17/04/26 11:00:00,A,PC,M,Y15-74,TOTAL,HR,2015-01-01,53.9,,
ESTAT:LFSA_ERGAN(1.0),17/04/26 11:00:00,A,PC,M,Y15-74,TOTAL,HU,2015-01-01,62.7,,
ESTAT:LFSA_ERGAN(1.0),17/04/26 11:00:00,A,PC,M,Y15-74,TOTAL,IE,2015-01-01,65.1,,
ESTAT:LFSA_ERGAN(1.0),17/04/26 11:00:00,A,PC,M,Y15-74,TOTAL,IS,2015-01-01,82.9,,
ESTAT:LFSA_ERGAN(1.0),17/04/26 11:00:00,A,PC,M,Y15-74,TOTAL,IT,2015-01-01,58.0,,
ESTAT:LFSA_ERGAN(1.0),17/04/26 11:00:00,A,PC,M,Y15-74,TOTAL,LT,2015-01-01,62.6,,
ESTAT:LFSA_ERGAN(1.0),17/04/26 11:00:00,A,PC,M,Y15-74,TOTAL,LU,2015-01-01,65.4,b,
ESTAT:LFSA_ERGAN(1.0),17/04/26 11:00:00,A,PC,M,Y15-74,TOTAL,LV,2015-01-01,64.3,,
ESTAT:LFSA_ERGAN(1.0),17/04/26 11:00:00,A,PC,M,Y15-74,TOTAL,ME,2015-01-01,52.1,,
ESTAT:LFSA_ERGAN(1.0),17/04/26 11:00:00,A,PC,M,Y15-74,TOTAL,MK,2015-01-01,51.9,,
ESTAT:LFSA_ERGAN(1.0),17/04/26 11:00:00,A,PC,M,Y15-74,TOTAL,MT,2015-01-01,68.4,,
ESTAT:LFSA_ERGAN(1.0),17/04/26 11:00:00,A,PC,M,Y15-74,TOTAL,NL,2015-01-01,70.4,,
ESTAT:LFSA_ERGAN(1.0),17/04/26 11:00:00,A,PC,M,Y15-74,TOTAL,NO,2015-01-01,70.4,,
ESTAT:LFSA_ERGAN(1.0),17/04/26 11:00:00,A,PC,M,Y15-74,TOTAL,PL,2015-01-01,63.5,,
ESTAT:LFSA_ERGAN(1.0),17/04/26 11:00:00,A,PC,M,Y15-74,TOTAL,PT,2015-01-01,61.0,,
ESTAT:LFSA_ERGAN(1.0),17/04/26 11:00:00,A,PC,M,Y15-74,TOTAL,RO,2015-01-01,64.2,,
ESTAT:LFSA_ERGAN(1.0),17/04/26 11:00:00,A,PC,M,Y15-74,TOTAL,RS,2015-01-01,54.0,,
ESTAT:LFSA_ERGAN(1.0),17/04/26 11:00:00,A,PC,M,Y15-74,TOTAL,SE,2015-01-01,68.8,,
ESTAT:LFSA_ERGAN(1.0),17/04/26 11:00:00,A,PC,M,Y15-74,TOTAL,SI,2015-01-01,62.1,,
ESTAT:LFSA_ERGAN(1.0),17/04/26 11:00:00,A,PC,M,Y15-74,TOTAL,SK,2015-01-01,63.7,,
ESTAT:LFSA_ERGAN(1.0),17/04/26 11:00:00,A,PC,M,Y15-74,TOTAL,TR,2015-01-01,67.1,,
ESTAT:LFSA_ERGAN(1.0),17/04/26 11:00:00,A,PC,M,Y15-74,TOTAL,UK,2015-01-01,70.2,,
ESTAT:LFSA_ERGAN(1.0),17/04/26 11:00:00,A,PC,M,Y20-64,TOTAL,AT,2015-01-01,78.4,,
ESTAT:LFSA_ERGAN(1.0),17/04/26 11:00:00,A,PC,M,Y20-64,TOTAL,BE,2015-01-01,71.3,,
ESTAT:LFSA_ERGAN(1.0),17/04/26 11:00:00,A,PC,M,Y20-64,TOTAL,BG,2015-01-01,70.4,,
ESTAT:LFSA_ERGAN(1.0),17/04/26 11:00:00,A,PC,M,Y20-64,TOTAL,CH,2015-01-01,86.5,,
ESTAT:LFSA_ERGAN(1.0),17/04/26 11:00:00,A,PC,M,Y20-64,TOTAL,CY,2015-01-01,72.3,,
ESTAT:LFSA_ERGAN(1.0),17/04/26 11:00:00,A,PC,M,Y20-64,TOTAL,CZ,2015-01-01,83.0,,
ESTAT:LFSA_ERGAN(1.0),17/04/26 11:00:00,A,PC,M,Y20-64,TOTAL,DE,2015-01-01,82.3,,
ESTAT:LFSA_ERGAN(1.0),17/04/26 11:00:00,A,PC,M,Y20-64,TOTAL,DK,2015-01-01,79.3,,
ESTAT:LFSA_ERGAN(1.0),17/04/26 11:00:00,A,PC,M,Y20-64,TOTAL,EA21,2015-01-01,74.3,,
ESTAT:LFSA_ERGAN(1.0),17/04/26 11:00:00,A,PC,M,Y20-64,TOTAL,EE,2015-01-01,79.9,,
ESTAT:LFSA_ERGAN(1.0),17/04/26 11:00:00,A,PC,M,Y20-64,TOTAL,EL,2015-01-01,64.0,,
ESTAT:LFSA_ERGAN(1.0),17/04/26 11:00:00,A,PC,M,Y20-64,TOTAL,ES,2015-01-01,67.6,,
ESTAT:LFSA_ERGAN(1.0),17/04/26 11:00:00,A,PC,M,Y20-64,TOTAL,EU27_2020,2015-01-01,74.9,,
ESTAT:LFSA_ERGAN(1.0),17/04/26 11:00:00,A,PC,M,Y20-64,TOTAL,FI,2015-01-01,73.9,,
ESTAT:LFSA_ERGAN(1.0),17/04/26 11:00:00,A,PC,M,Y20-64,TOTAL,FR,2015-01-01,73.2,,
ESTAT:LFSA_ERGAN(1.0),17/04/26 11:00:00,A,PC,M,Y20-64,TOTAL,HR,2015-01-01,65.3,,
ESTAT:LFSA_ERGAN(1.0),17/04/26 11:00:00,A,PC,M,Y20-64,TOTAL,HU,2015-01-01,75.8,,
ESTAT:LFSA_ERGAN(1.0),17/04/26 11:00:00,A,PC,M,Y20-64,TOTAL,IE,2015-01-01,76.1,,
ESTAT:LFSA_ERGAN(1.0),17/04/26 11:00:00,A,PC,M,Y20-64,TOTAL,IS,2015-01-01,89.6,,
ESTAT:LFSA_ERGAN(1.0),17/04/26 11:00:00,A,PC,M,Y20-64,TOTAL,IT,2015-01-01,70.6,,
ESTAT:LFSA_ERGAN(1.0),17/04/26 11:00:00,A,PC,M,Y20-64,TOTAL,LT,2015-01-01,74.6,,
ESTAT:LFSA_ERGAN(1.0),17/04/26 11:00:00,A,PC,M,Y20-64,TOTAL,LU,2015-01-01,76.7,b,
ESTAT:LFSA_ERGAN(1.0),17/04/26 11:00:00,A,PC,M,Y20-64,TOTAL,LV,2015-01-01,74.6,,
ESTAT:LFSA_ERGAN(1.0),17/04/26 11:00:00,A,PC,M,Y20-64,TOTAL,ME,2015-01-01,61.9,,
ESTAT:LFSA_ERGAN(1.0),17/04/26 11:00:00,A,PC,M,Y20-64,TOTAL,MK,2015-01-01,61.5,,
ESTAT:LFSA_ERGAN(1.0),17/04/26 11:00:00,A,PC,M,Y20-64,TOTAL,MT,2015-01-01,82.1,,
ESTAT:LFSA_ERGAN(1.0),17/04/26 11:00:00,A,PC,M,Y20-64,TOTAL,NL,2015-01-01,81.9,,
ESTAT:LFSA_ERGAN(1.0),17/04/26 11:00:00,A,PC,M,Y20-64,TOTAL,NO,2015-01-01,81.3,,
ESTAT:LFSA_ERGAN(1.0),17/04/26 11:00:00,A,PC,M,Y20-64,TOTAL,PL,2015-01-01,74.7,,
ESTAT:LFSA_ERGAN(1.0),17/04/26 11:00:00,A,PC,M,Y20-64,TOTAL,PT,2015-01-01,72.6,,
ESTAT:LFSA_ERGAN(1.0),17/04/26 11:00:00,A,PC,M,Y20-64,TOTAL,RO,2015-01-01,74.7,,
ESTAT:LFSA_ERGAN(1.0),17/04/26 11:00:00,A,PC,M,Y20-64,TOTAL,RS,2015-01-01,63.7,,
ESTAT:LFSA_ERGAN(1.0),17/04/26 11:00:00,A,PC,M,Y20-64,TOTAL,SE,2015-01-01,82.5,,
ESTAT:LFSA_ERGAN(1.0),17/04/26 11:00:00,A,PC,M,Y20-64,TOTAL,SI,2015-01-01,73.3,,
ESTAT:LFSA_ERGAN(1.0),17/04/26 11:00:00,A,PC,M,Y20-64,TOTAL,SK,2015-01-01,75.0,,
ESTAT:LFSA_ERGAN(1.0),17/04/26 11:00:00,A,PC,M,Y20-64,TOTAL,TR,2015-01-01,75.3,,
ESTAT:LFSA_ERGAN(1.0),17/04/26 11:00:00,A,PC,M,Y20-64,TOTAL,UK,2015-01-01,82.5,,
ESTAT:LFSA_ERGAN(1.0),17/04/26 11:00:00,A,PC,T,Y15-64,TOTAL,AT,2015-01-01,71.1,,
ESTAT:LFSA_ERGAN(1.0),17/04/26 11:00:00,A,PC,T,Y15-64,TOTAL,BE,2015-01-01,61.8,,
ESTAT:LFSA_ERGAN(1.0),17/04/26 11:00:00,A,PC,T,Y15-64,TOTAL,BG,2015-01-01,62.9,,
ESTAT:LFSA_ERGAN(1.0),17/04/26 11:00:00,A,PC,T,Y15-64,TOTAL,CH,2015-01-01,79.2,,
ESTAT:LFSA_ERGAN(1.0),17/04/26 11:00:00,A,PC,T,Y15-64,TOTAL,CY,2015-01-01,62.7,,
ESTAT:LFSA_ERGAN(1.0),17/04/26 11:00:00,A,PC,T,Y15-64,TOTAL,CZ,2015-01-01,70.2,,
ESTAT:LFSA_ERGAN(1.0),17/04/26 11:00:00,A,PC,T,Y15-64,TOTAL,DE,2015-01-01,74.0,,
ESTAT:LFSA_ERGAN(1.0),17/04/26 11:00:00,A,PC,T,Y15-64,TOTAL,DK,2015-01-01,72.0,,
ESTAT:LFSA_ERGAN(1.0),17/04/26 11:00:00,A,PC,T,Y15-64,TOTAL,EA21,2015-01-01,64.3,,
ESTAT:LFSA_ERGAN(1.0),17/04/26 11:00:00,A,PC,T,Y15-64,TOTAL,EE,2015-01-01,71.4,,
ESTAT:LFSA_ERGAN(1.0),17/04/26 11:00:00,A,PC,T,Y15-64,TOTAL,EL,2015-01-01,50.8,,
ESTAT:LFSA_ERGAN(1.0),17/04/26 11:00:00,A,PC,T,Y15-64,TOTAL,ES,2015-01-01,57.8,,
ESTAT:LFSA_ERGAN(1.0),17/04/26 11:00:00,A,PC,T,Y15-64,TOTAL,EU27_2020,2015-01-01,64.6,,
ESTAT:LFSA_ERGAN(1.0),17/04/26 11:00:00,A,PC,T,Y15-64,TOTAL,FI,2015-01-01,68.5,,
ESTAT:LFSA_ERGAN(1.0),17/04/26 11:00:00,A,PC,T,Y15-64,TOTAL,FR,2015-01-01,63.8,,
ESTAT:LFSA_ERGAN(1.0),17/04/26 11:00:00,A,PC,T,Y15-64,TOTAL,HR,2015-01-01,55.9,,
ESTAT:LFSA_ERGAN(1.0),17/04/26 11:00:00,A,PC,T,Y15-64,TOTAL,HU,2015-01-01,63.9,,
ESTAT:LFSA_ERGAN(1.0),17/04/26 11:00:00,A,PC,T,Y15-64,TOTAL,IE,2015-01-01,64.8,,
ESTAT:LFSA_ERGAN(1.0),17/04/26 11:00:00,A,PC,T,Y15-64,TOTAL,IS,2015-01-01,84.7,,
ESTAT:LFSA_ERGAN(1.0),17/04/26 11:00:00,A,PC,T,Y15-64,TOTAL,IT,2015-01-01,56.3,,
ESTAT:LFSA_ERGAN(1.0),17/04/26 11:00:00,A,PC,T,Y15-64,TOTAL,LT,2015-01-01,67.2,,
ESTAT:LFSA_ERGAN(1.0),17/04/26 11:00:00,A,PC,T,Y15-64,TOTAL,LU,2015-01-01,66.1,b,
ESTAT:LFSA_ERGAN(1.0),17/04/26 11:00:00,A,PC,T,Y15-64,TOTAL,LV,2015-01-01,68.1,,
ESTAT:LFSA_ERGAN(1.0),17/04/26 11:00:00,A,PC,T,Y15-64,TOTAL,ME,2015-01-01,51.4,,
ESTAT:LFSA_ERGAN(1.0),17/04/26 11:00:00,A,PC,T,Y15-64,TOTAL,MK,2015-01-01,47.8,,
ESTAT:LFSA_ERGAN(1.0),17/04/26 11:00:00,A,PC,T,Y15-64,TOTAL,MT,2015-01-01,65.1,,
ESTAT:LFSA_ERGAN(1.0),17/04/26 11:00:00,A,PC,T,Y15-64,TOTAL,NL,2015-01-01,74.1,,
ESTAT:LFSA_ERGAN(1.0),17/04/26 11:00:00,A,PC,T,Y15-64,TOTAL,NO,2015-01-01,74.8,,
ESTAT:LFSA_ERGAN(1.0),17/04/26 11:00:00,A,PC,T,Y15-64,TOTAL,PL,2015-01-01,62.9,,
ESTAT:LFSA_ERGAN(1.0),17/04/26 11:00:00,A,PC,T,Y15-64,TOTAL,PT,2015-01-01,63.9,,
ESTAT:LFSA_ERGAN(1.0),17/04/26 11:00:00,A,PC,T,Y15-64,TOTAL,RO,2015-01-01,61.4,,
ESTAT:LFSA_ERGAN(1.0),17/04/26 11:00:00,A,PC,T,Y15-64,TOTAL,RS,2015-01-01,52.1,,
ESTAT:LFSA_ERGAN(1.0),17/04/26 11:00:00,A,PC,T,Y15-64,TOTAL,SE,2015-01-01,75.5,,
ESTAT:LFSA_ERGAN(1.0),17/04/26 11:00:00,A,PC,T,Y15-64,TOTAL,SI,2015-01-01,65.2,,
ESTAT:LFSA_ERGAN(1.0),17/04/26 11:00:00,A,PC,T,Y15-64,TOTAL,SK,2015-01-01,62.7,,
ESTAT:LFSA_ERGAN(1.0),17/04/26 11:00:00,A,PC,T,Y15-64,TOTAL,TR,2015-01-01,50.2,,
ESTAT:LFSA_ERGAN(1.0),17/04/26 11:00:00,A,PC,T,Y15-64,TOTAL,UK,2015-01-01,72.7,,
ESTAT:LFSA_ERGAN(1.0),17/04/26 11:00:00,A,PC,T,Y15-74,TOTAL,AT,2015-01-01,63.1,,
ESTAT:LFSA_ERGAN(1.0),17/04/26 11:00:00,A,PC,T,Y15-74,TOTAL,BE,2015-01-01,54.6,,
ESTAT:LFSA_ERGAN(1.0),17/04/26 11:00:00,A,PC,T,Y15-74,TOTAL,BG,2015-01-01,54.4,,
ESTAT:LFSA_ERGAN(1.0),17/04/26 11:00:00,A,PC,T,Y15-74,TOTAL,CH,2015-01-01,71.4,,
ESTAT:LFSA_ERGAN(1.0),17/04/26 11:00:00,A,PC,T,Y15-74,TOTAL,CY,2015-01-01,56.9,,
ESTAT:LFSA_ERGAN(1.0),17/04/26 11:00:00,A,PC,T,Y15-74,TOTAL,CZ,2015-01-01,61.3,,
ESTAT:LFSA_ERGAN(1.0),17/04/26 11:00:00,A,PC,T,Y15-74,TOTAL,DE,2015-01-01,65.1,,
ESTAT:LFSA_ERGAN(1.0),17/04/26 11:00:00,A,PC,T,Y15-74,TOTAL,DK,2015-01-01,63.2,,
ESTAT:LFSA_ERGAN(1.0),17/04/26 11:00:00,A,PC,T,Y15-74,TOTAL,EA21,2015-01-01,56.7,,
ESTAT:LFSA_ERGAN(1.0),17/04/26 11:00:00,A,PC,T,Y15-74,TOTAL,EE,2015-01-01,65.0,,
ESTAT:LFSA_ERGAN(1.0),17/04/26 11:00:00,A,PC,T,Y15-74,TOTAL,EL,2015-01-01,44.6,,
ESTAT:LFSA_ERGAN(1.0),17/04/26 11:00:00,A,PC,T,Y15-74,TOTAL,ES,2015-01-01,51.1,,
ESTAT:LFSA_ERGAN(1.0),17/04/26 11:00:00,A,PC,T,Y15-74,TOTAL,EU27_2020,2015-01-01,57.0,,
ESTAT:LFSA_ERGAN(1.0),17/04/26 11:00:00,A,PC,T,Y15-74,TOTAL,FI,2015-01-01,59.7,,
ESTAT:LFSA_ERGAN(1.0),17/04/26 11:00:00,A,PC,T,Y15-74,TOTAL,FR,2015-01-01,56.0,,
ESTAT:LFSA_ERGAN(1.0),17/04/26 11:00:00,A,PC,T,Y15-74,TOTAL,HR,2015-01-01,49.2,,
ESTAT:LFSA_ERGAN(1.0),17/04/26 11:00:00,A,PC,T,Y15-74,TOTAL,HU,2015-01-01,55.9,,
ESTAT:LFSA_ERGAN(1.0),17/04/26 11:00:00,A,PC,T,Y15-74,TOTAL,IE,2015-01-01,59.6,,
ESTAT:LFSA_ERGAN(1.0),17/04/26 11:00:00,A,PC,T,Y15-74,TOTAL,IS,2015-01-01,79.7,,
ESTAT:LFSA_ERGAN(1.0),17/04/26 11:00:00,A,PC,T,Y15-74,TOTAL,IT,2015-01-01,49.2,,
ESTAT:LFSA_ERGAN(1.0),17/04/26 11:00:00,A,PC,T,Y15-74,TOTAL,LT,2015-01-01,60.2,,
ESTAT:LFSA_ERGAN(1.0),17/04/26 11:00:00,A,PC,T,Y15-74,TOTAL,LU,2015-01-01,60.4,b,
ESTAT:LFSA_ERGAN(1.0),17/04/26 11:00:00,A,PC,T,Y15-74,TOTAL,LV,2015-01-01,60.8,,
ESTAT:LFSA_ERGAN(1.0),17/04/26 11:00:00,A,PC,T,Y15-74,TOTAL,ME,2015-01-01,47.3,,
ESTAT:LFSA_ERGAN(1.0),17/04/26 11:00:00,A,PC,T,Y15-74,TOTAL,MK,2015-01-01,43.4,,
ESTAT:LFSA_ERGAN(1.0),17/04/26 11:00:00,A,PC,T,Y15-74,TOTAL,MT,2015-01-01,57.0,,
ESTAT:LFSA_ERGAN(1.0),17/04/26 11:00:00,A,PC,T,Y15-74,TOTAL,NL,2015-01-01,65.4,,
ESTAT:LFSA_ERGAN(1.0),17/04/26 11:00:00,A,PC,T,Y15-74,TOTAL,NO,2015-01-01,68.0,,
ESTAT:LFSA_ERGAN(1.0),17/04/26 11:00:00,A,PC,T,Y15-74,TOTAL,PL,2015-01-01,56.5,,
ESTAT:LFSA_ERGAN(1.0),17/04/26 11:00:00,A,PC,T,Y15-74,TOTAL,PT,2015-01-01,57.3,,
ESTAT:LFSA_ERGAN(1.0),17/04/26 11:00:00,A,PC,T,Y15-74,TOTAL,RO,2015-01-01,56.1,,
ESTAT:LFSA_ERGAN(1.0),17/04/26 11:00:00,A,PC,T,Y15-74,TOTAL,RS,2015-01-01,46.6,,
ESTAT:LFSA_ERGAN(1.0),17/04/26 11:00:00,A,PC,T,Y15-74,TOTAL,SE,2015-01-01,66.7,,
ESTAT:LFSA_ERGAN(1.0),17/04/26 11:00:00,A,PC,T,Y15-74,TOTAL,SI,2015-01-01,57.6,,
ESTAT:LFSA_ERGAN(1.0),17/04/26 11:00:00,A,PC,T,Y15-74,TOTAL,SK,2015-01-01,56.5,,
ESTAT:LFSA_ERGAN(1.0),17/04/26 11:00:00,A,PC,T,Y15-74,TOTAL,TR,2015-01-01,47.9,,
ESTAT:LFSA_ERGAN(1.0),17/04/26 11:00:00,A,PC,T,Y15-74,TOTAL,UK,2015-01-01,65.3,,
ESTAT:LFSA_ERGAN(1.0),17/04/26 11:00:00,A,PC,T,Y20-64,TOTAL,AT,2015-01-01,74.3,,
ESTAT:LFSA_ERGAN(1.0),17/04/26 11:00:00,A,PC,T,Y20-64,TOTAL,BE,2015-01-01,67.2,,
ESTAT:LFSA_ERGAN(1.0),17/04/26 11:00:00,A,PC,T,Y20-64,TOTAL,BG,2015-01-01,67.1,,
ESTAT:LFSA_ERGAN(1.0),17/04/26 11:00:00,A,PC,T,Y20-64,TOTAL,CH,2015-01-01,81.7,,
ESTAT:LFSA_ERGAN(1.0),17/04/26 11:00:00,A,PC,T,Y20-64,TOTAL,CY,2015-01-01,67.9,,
ESTAT:LFSA_ERGAN(1.0),17/04/26 11:00:00,A,PC,T,Y20-64,TOTAL,CZ,2015-01-01,74.8,,
ESTAT:LFSA_ERGAN(1.0),17/04/26 11:00:00,A,PC,T,Y20-64,TOTAL,DE,2015-01-01,78.0,,
ESTAT:LFSA_ERGAN(1.0),17/04/26 11:00:00,A,PC,T,Y20-64,TOTAL,DK,2015-01-01,75.4,,
ESTAT:LFSA_ERGAN(1.0),17/04/26 11:00:00,A,PC,T,Y20-64,TOTAL,EA21,2015-01-01,68.8,,
ESTAT:LFSA_ERGAN(1.0),17/04/26 11:00:00,A,PC,T,Y20-64,TOTAL,EE,2015-01-01,76.0,,
ESTAT:LFSA_ERGAN(1.0),17/04/26 11:00:00,A,PC,T,Y20-64,TOTAL,EL,2015-01-01,54.9,,
ESTAT:LFSA_ERGAN(1.0),17/04/26 11:00:00,A,PC,T,Y20-64,TOTAL,ES,2015-01-01,62.0,,
ESTAT:LFSA_ERGAN(1.0),17/04/26 11:00:00,A,PC,T,Y20-64,TOTAL,EU27_2020,2015-01-01,69.0,,
ESTAT:LFSA_ERGAN(1.0),17/04/26 11:00:00,A,PC,T,Y20-64,TOTAL,FI,2015-01-01,72.9,,
ESTAT:LFSA_ERGAN(1.0),17/04/26 11:00:00,A,PC,T,Y20-64,TOTAL,FR,2015-01-01,69.5,,
ESTAT:LFSA_ERGAN(1.0),17/04/26 11:00:00,A,PC,T,Y20-64,TOTAL,HR,2015-01-01,60.5,,
ESTAT:LFSA_ERGAN(1.0),17/04/26 11:00:00,A,PC,T,Y20-64,TOTAL,HU,2015-01-01,68.9,,
ESTAT:LFSA_ERGAN(1.0),17/04/26 11:00:00,A,PC,T,Y20-64,TOTAL,IE,2015-01-01,69.9,,
ESTAT:LFSA_ERGAN(1.0),17/04/26 11:00:00,A,PC,T,Y20-64,TOTAL,IS,2015-01-01,86.5,,
ESTAT:LFSA_ERGAN(1.0),17/04/26 11:00:00,A,PC,T,Y20-64,TOTAL,IT,2015-01-01,60.5,,
ESTAT:LFSA_ERGAN(1.0),17/04/26 11:00:00,A,PC,T,Y20-64,TOTAL,LT,2015-01-01,73.3,,
ESTAT:LFSA_ERGAN(1.0),17/04/26 11:00:00,A,PC,T,Y20-64,TOTAL,LU,2015-01-01,70.9,b,
ESTAT:LFSA_ERGAN(1.0),17/04/26 11:00:00,A,PC,T,Y20-64,TOTAL,LV,2015-01-01,72.5,,
ESTAT:LFSA_ERGAN(1.0),17/04/26 11:00:00,A,PC,T,Y20-64,TOTAL,ME,2015-01-01,56.7,,
ESTAT:LFSA_ERGAN(1.0),17/04/26 11:00:00,A,PC,T,Y20-64,TOTAL,MK,2015-01-01,51.9,,
ESTAT:LFSA_ERGAN(1.0),17/04/26 11:00:00,A,PC,T,Y20-64,TOTAL,MT,2015-01-01,69.0,,
ESTAT:LFSA_ERGAN(1.0),17/04/26 11:00:00,A,PC,T,Y20-64,TOTAL,NL,2015-01-01,76.4,,
ESTAT:LFSA_ERGAN(1.0),17/04/26 11:00:00,A,PC,T,Y20-64,TOTAL,NO,2015-01-01,79.1,,
ESTAT:LFSA_ERGAN(1.0),17/04/26 11:00:00,A,PC,T,Y20-64,TOTAL,PL,2015-01-01,67.8,,
ESTAT:LFSA_ERGAN(1.0),17/04/26 11:00:00,A,PC,T,Y20-64,TOTAL,PT,2015-01-01,69.1,,
ESTAT:LFSA_ERGAN(1.0),17/04/26 11:00:00,A,PC,T,Y20-64,TOTAL,RO,2015-01-01,66.0,,
ESTAT:LFSA_ERGAN(1.0),17/04/26 11:00:00,A,PC,T,Y20-64,TOTAL,RS,2015-01-01,56.0,,
ESTAT:LFSA_ERGAN(1.0),17/04/26 11:00:00,A,PC,T,Y20-64,TOTAL,SE,2015-01-01,80.5,,
ESTAT:LFSA_ERGAN(1.0),17/04/26 11:00:00,A,PC,T,Y20-64,TOTAL,SI,2015-01-01,69.1,,
ESTAT:LFSA_ERGAN(1.0),17/04/26 11:00:00,A,PC,T,Y20-64,TOTAL,SK,2015-01-01,67.7,,
ESTAT:LFSA_ERGAN(1.0),17/04/26 11:00:00,A,PC,T,Y20-64,TOTAL,TR,2015-01-01,53.9,,
ESTAT:LFSA_ERGAN(1.0),17/04/26 11:00:00,A,PC,T,Y20-64,TOTAL,UK,2015-01-01,76.8,,
ESTAT:LFSA_ERGAN(1.0),17/04/26 11:00:00,A,PC,F,Y15-64,TOTAL,AT,2016-01-01,67.7,,
ESTAT:LFSA_ERGAN(1.0),17/04/26 11:00:00,A,PC,F,Y15-64,TOTAL,BE,2016-01-01,58.1,,
ESTAT:LFSA_ERGAN(1.0),17/04/26 11:00:00,A,PC,F,Y15-64,TOTAL,BG,2016-01-01,60.0,,
ESTAT:LFSA_ERGAN(1.0),17/04/26 11:00:00,A,PC,F,Y15-64,TOTAL,CH,2016-01-01,75.4,,
ESTAT:LFSA_ERGAN(1.0),17/04/26 11:00:00,A,PC,F,Y15-64,TOTAL,CY,2016-01-01,59.3,,
ESTAT:LFSA_ERGAN(1.0),17/04/26 11:00:00,A,PC,F,Y15-64,TOTAL,CZ,2016-01-01,64.4,,
ESTAT:LFSA_ERGAN(1.0),17/04/26 11:00:00,A,PC,F,Y15-64,TOTAL,DE,2016-01-01,70.8,,
ESTAT:LFSA_ERGAN(1.0),17/04/26 11:00:00,A,PC,F,Y15-64,TOTAL,DK,2016-01-01,69.8,b,
ESTAT:LFSA_ERGAN(1.0),17/04/26 11:00:00,A,PC,F,Y15-64,TOTAL,EA21,2016-01-01,60.2,,
ESTAT:LFSA_ERGAN(1.0),17/04/26 11:00:00,A,PC,F,Y15-64,TOTAL,EE,2016-01-01,68.4,,
ESTAT:LFSA_ERGAN(1.0),17/04/26 11:00:00,A,PC,F,Y15-64,TOTAL,EL,2016-01-01,43.3,,
ESTAT:LFSA_ERGAN(1.0),17/04/26 11:00:00,A,PC,F,Y15-64,TOTAL,ES,2016-01-01,54.3,,
ESTAT:LFSA_ERGAN(1.0),17/04/26 11:00:00,A,PC,F,Y15-64,TOTAL,EU27_2020,2016-01-01,60.3,,
ESTAT:LFSA_ERGAN(1.0),17/04/26 11:00:00,A,PC,F,Y15-64,TOTAL,FI,2016-01-01,67.6,,
ESTAT:LFSA_ERGAN(1.0),17/04/26 11:00:00,A,PC,F,Y15-64,TOTAL,FR,2016-01-01,60.9,,
ESTAT:LFSA_ERGAN(1.0),17/04/26 11:00:00,A,PC,F,Y15-64,TOTAL,HR,2016-01-01,52.4,,
ESTAT:LFSA_ERGAN(1.0),17/04/26 11:00:00,A,PC,F,Y15-64,TOTAL,HU,2016-01-01,60.2,,
ESTAT:LFSA_ERGAN(1.0),17/04/26 11:00:00,A,PC,F,Y15-64,TOTAL,IE,2016-01-01,61.1,,
ESTAT:LFSA_ERGAN(1.0),17/04/26 11:00:00,A,PC,F,Y15-64,TOTAL,IS,2016-01-01,83.6,,
ESTAT:LFSA_ERGAN(1.0),17/04/26 11:00:00,A,PC,F,Y15-64,TOTAL,IT,2016-01-01,48.1,,
ESTAT:LFSA_ERGAN(1.0),17/04/26 11:00:00,A,PC,F,Y15-64,TOTAL,LT,2016-01-01,68.8,,
ESTAT:LFSA_ERGAN(1.0),17/04/26 11:00:00,A,PC,F,Y15-64,TOTAL,LU,2016-01-01,60.4,,
ESTAT:LFSA_ERGAN(1.0),17/04/26 11:00:00,A,PC,F,Y15-64,TOTAL,LV,2016-01-01,67.6,,
ESTAT:LFSA_ERGAN(1.0),17/04/26 11:00:00,A,PC,F,Y15-64,TOTAL,ME,2016-01-01,46.8,,
ESTAT:LFSA_ERGAN(1.0),17/04/26 11:00:00,A,PC,F,Y15-64,TOTAL,MK,2016-01-01,39.2,,
ESTAT:LFSA_ERGAN(1.0),17/04/26 11:00:00,A,PC,F,Y15-64,TOTAL,MT,2016-01-01,55.0,,
ESTAT:LFSA_ERGAN(1.0),17/04/26 11:00:00,A,PC,F,Y15-64,TOTAL,NL,2016-01-01,70.1,,
ESTAT:LFSA_ERGAN(1.0),17/04/26 11:00:00,A,PC,F,Y15-64,TOTAL,NO,2016-01-01,72.8,,
ESTAT:LFSA_ERGAN(1.0),17/04/26 11:00:00,A,PC,F,Y15-64,TOTAL,PL,2016-01-01,58.1,,
ESTAT:LFSA_ERGAN(1.0),17/04/26 11:00:00,A,PC,F,Y15-64,TOTAL,PT,2016-01-01,62.5,,
ESTAT:LFSA_ERGAN(1.0),17/04/26 11:00:00,A,PC,F,Y15-64,TOTAL,RO,2016-01-01,53.3,,
ESTAT:LFSA_ERGAN(1.0),17/04/26 11:00:00,A,PC,F,Y15-64,TOTAL,RS,2016-01-01,48.5,,
ESTAT:LFSA_ERGAN(1.0),17/04/26 11:00:00,A,PC,F,Y15-64,TOTAL,SE,2016-01-01,74.8,,
ESTAT:LFSA_ERGAN(1.0),17/04/26 11:00:00,A,PC,F,Y15-64,TOTAL,SI,2016-01-01,62.6,,
ESTAT:LFSA_ERGAN(1.0),17/04/26 11:00:00,A,PC,F,Y15-64,TOTAL,SK,2016-01-01,58.3,,
ESTAT:LFSA_ERGAN(1.0),17/04/26 11:00:00,A,PC,F,Y15-64,TOTAL,TR,2016-01-01,31.2,,
ESTAT:LFSA_ERGAN(1.0),17/04/26 11:00:00,A,PC,F,Y15-64,TOTAL,UK,2016-01-01,68.8,,
ESTAT:LFSA_ERGAN(1.0),17/04/26 11:00:00,A,PC,F,Y15-74,TOTAL,AT,2016-01-01,59.5,,
ESTAT:LFSA_ERGAN(1.0),17/04/26 11:00:00,A,PC,F,Y15-74,TOTAL,BE,2016-01-01,50.6,,
ESTAT:LFSA_ERGAN(1.0),17/04/26 11:00:00,A,PC,F,Y15-74,TOTAL,BG,2016-01-01,50.4,,
ESTAT:LFSA_ERGAN(1.0),17/04/26 11:00:00,A,PC,F,Y15-74,TOTAL,CH,2016-01-01,67.0,,
ESTAT:LFSA_ERGAN(1.0),17/04/26 11:00:00,A,PC,F,Y15-74,TOTAL,CY,2016-01-01,53.1,,
ESTAT:LFSA_ERGAN(1.0),17/04/26 11:00:00,A,PC,F,Y15-74,TOTAL,CZ,2016-01-01,54.9,,
ESTAT:LFSA_ERGAN(1.0),17/04/26 11:00:00,A,PC,F,Y15-74,TOTAL,DE,2016-01-01,62.0,,
ESTAT:LFSA_ERGAN(1.0),17/04/26 11:00:00,A,PC,F,Y15-74,TOTAL,DK,2016-01-01,60.4,b,
ESTAT:LFSA_ERGAN(1.0),17/04/26 11:00:00,A,PC,F,Y15-74,TOTAL,EA21,2016-01-01,52.4,,
ESTAT:LFSA_ERGAN(1.0),17/04/26 11:00:00,A,PC,F,Y15-74,TOTAL,EE,2016-01-01,62.0,,
ESTAT:LFSA_ERGAN(1.0),17/04/26 11:00:00,A,PC,F,Y15-74,TOTAL,EL,2016-01-01,37.6,,
ESTAT:LFSA_ERGAN(1.0),17/04/26 11:00:00,A,PC,F,Y15-74,TOTAL,ES,2016-01-01,47.4,,
ESTAT:LFSA_ERGAN(1.0),17/04/26 11:00:00,A,PC,F,Y15-74,TOTAL,EU27_2020,2016-01-01,52.5,,
ESTAT:LFSA_ERGAN(1.0),17/04/26 11:00:00,A,PC,F,Y15-74,TOTAL,FI,2016-01-01,57.7,,
ESTAT:LFSA_ERGAN(1.0),17/04/26 11:00:00,A,PC,F,Y15-74,TOTAL,FR,2016-01-01,52.8,,
ESTAT:LFSA_ERGAN(1.0),17/04/26 11:00:00,A,PC,F,Y15-74,TOTAL,HR,2016-01-01,45.0,,
ESTAT:LFSA_ERGAN(1.0),17/04/26 11:00:00,A,PC,F,Y15-74,TOTAL,HU,2016-01-01,51.3,,
ESTAT:LFSA_ERGAN(1.0),17/04/26 11:00:00,A,PC,F,Y15-74,TOTAL,IE,2016-01-01,55.6,,
ESTAT:LFSA_ERGAN(1.0),17/04/26 11:00:00,A,PC,F,Y15-74,TOTAL,IS,2016-01-01,77.3,,
ESTAT:LFSA_ERGAN(1.0),17/04/26 11:00:00,A,PC,F,Y15-74,TOTAL,IT,2016-01-01,41.4,,
ESTAT:LFSA_ERGAN(1.0),17/04/26 11:00:00,A,PC,F,Y15-74,TOTAL,LT,2016-01-01,60.3,,
ESTAT:LFSA_ERGAN(1.0),17/04/26 11:00:00,A,PC,F,Y15-74,TOTAL,LU,2016-01-01,54.9,,
ESTAT:LFSA_ERGAN(1.0),17/04/26 11:00:00,A,PC,F,Y15-74,TOTAL,LV,2016-01-01,59.1,,
ESTAT:LFSA_ERGAN(1.0),17/04/26 11:00:00,A,PC,F,Y15-74,TOTAL,ME,2016-01-01,42.5,,
ESTAT:LFSA_ERGAN(1.0),17/04/26 11:00:00,A,PC,F,Y15-74,TOTAL,MK,2016-01-01,35.0,,
ESTAT:LFSA_ERGAN(1.0),17/04/26 11:00:00,A,PC,F,Y15-74,TOTAL,MT,2016-01-01,47.0,,
ESTAT:LFSA_ERGAN(1.0),17/04/26 11:00:00,A,PC,F,Y15-74,TOTAL,NL,2016-01-01,60.9,,
ESTAT:LFSA_ERGAN(1.0),17/04/26 11:00:00,A,PC,F,Y15-74,TOTAL,NO,2016-01-01,65.0,,
ESTAT:LFSA_ERGAN(1.0),17/04/26 11:00:00,A,PC,F,Y15-74,TOTAL,PL,2016-01-01,50.7,,
ESTAT:LFSA_ERGAN(1.0),17/04/26 11:00:00,A,PC,F,Y15-74,TOTAL,PT,2016-01-01,54.7,,
ESTAT:LFSA_ERGAN(1.0),17/04/26 11:00:00,A,PC,F,Y15-74,TOTAL,RO,2016-01-01,47.7,,
ESTAT:LFSA_ERGAN(1.0),17/04/26 11:00:00,A,PC,F,Y15-74,TOTAL,RS,2016-01-01,42.6,,
ESTAT:LFSA_ERGAN(1.0),17/04/26 11:00:00,A,PC,F,Y15-74,TOTAL,SE,2016-01-01,65.1,,
ESTAT:LFSA_ERGAN(1.0),17/04/26 11:00:00,A,PC,F,Y15-74,TOTAL,SI,2016-01-01,54.2,,
ESTAT:LFSA_ERGAN(1.0),17/04/26 11:00:00,A,PC,F,Y15-74,TOTAL,SK,2016-01-01,51.4,,
ESTAT:LFSA_ERGAN(1.0),17/04/26 11:00:00,A,PC,F,Y15-74,TOTAL,TR,2016-01-01,29.5,,
ESTAT:LFSA_ERGAN(1.0),17/04/26 11:00:00,A,PC,F,Y15-74,TOTAL,UK,2016-01-01,61.0,,
ESTAT:LFSA_ERGAN(1.0),17/04/26 11:00:00,A,PC,F,Y20-64,TOTAL,AT,2016-01-01,70.9,,
ESTAT:LFSA_ERGAN(1.0),17/04/26 11:00:00,A,PC,F,Y20-64,TOTAL,BE,2016-01-01,63.0,,
ESTAT:LFSA_ERGAN(1.0),17/04/26 11:00:00,A,PC,F,Y20-64,TOTAL,BG,2016-01-01,64.0,,
ESTAT:LFSA_ERGAN(1.0),17/04/26 11:00:00,A,PC,F,Y20-64,TOTAL,CH,2016-01-01,77.5,,
ESTAT:LFSA_ERGAN(1.0),17/04/26 11:00:00,A,PC,F,Y20-64,TOTAL,CY,2016-01-01,64.1,,
ESTAT:LFSA_ERGAN(1.0),17/04/26 11:00:00,A,PC,F,Y20-64,TOTAL,CZ,2016-01-01,68.6,,
ESTAT:LFSA_ERGAN(1.0),17/04/26 11:00:00,A,PC,F,Y20-64,TOTAL,DE,2016-01-01,74.5,,
ESTAT:LFSA_ERGAN(1.0),17/04/26 11:00:00,A,PC,F,Y20-64,TOTAL,DK,2016-01-01,72.5,b,
ESTAT:LFSA_ERGAN(1.0),17/04/26 11:00:00,A,PC,F,Y20-64,TOTAL,EA21,2016-01-01,64.2,,
ESTAT:LFSA_ERGAN(1.0),17/04/26 11:00:00,A,PC,F,Y20-64,TOTAL,EE,2016-01-01,72.4,,
ESTAT:LFSA_ERGAN(1.0),17/04/26 11:00:00,A,PC,F,Y20-64,TOTAL,EL,2016-01-01,46.8,,
ESTAT:LFSA_ERGAN(1.0),17/04/26 11:00:00,A,PC,F,Y20-64,TOTAL,ES,2016-01-01,58.1,,
ESTAT:LFSA_ERGAN(1.0),17/04/26 11:00:00,A,PC,F,Y20-64,TOTAL,EU27_2020,2016-01-01,64.3,,
ESTAT:LFSA_ERGAN(1.0),17/04/26 11:00:00,A,PC,F,Y20-64,TOTAL,FI,2016-01-01,71.7,,
ESTAT:LFSA_ERGAN(1.0),17/04/26 11:00:00,A,PC,F,Y20-64,TOTAL,FR,2016-01-01,66.4,,
ESTAT:LFSA_ERGAN(1.0),17/04/26 11:00:00,A,PC,F,Y20-64,TOTAL,HR,2016-01-01,56.5,,
ESTAT:LFSA_ERGAN(1.0),17/04/26 11:00:00,A,PC,F,Y20-64,TOTAL,HU,2016-01-01,64.6,,
ESTAT:LFSA_ERGAN(1.0),17/04/26 11:00:00,A,PC,F,Y20-64,TOTAL,IE,2016-01-01,65.4,,
ESTAT:LFSA_ERGAN(1.0),17/04/26 11:00:00,A,PC,F,Y20-64,TOTAL,IS,2016-01-01,84.4,,
ESTAT:LFSA_ERGAN(1.0),17/04/26 11:00:00,A,PC,F,Y20-64,TOTAL,IT,2016-01-01,51.6,,
ESTAT:LFSA_ERGAN(1.0),17/04/26 11:00:00,A,PC,F,Y20-64,TOTAL,LT,2016-01-01,74.3,,
ESTAT:LFSA_ERGAN(1.0),17/04/26 11:00:00,A,PC,F,Y20-64,TOTAL,LU,2016-01-01,65.1,,
ESTAT:LFSA_ERGAN(1.0),17/04/26 11:00:00,A,PC,F,Y20-64,TOTAL,LV,2016-01-01,71.8,,
ESTAT:LFSA_ERGAN(1.0),17/04/26 11:00:00,A,PC,F,Y20-64,TOTAL,ME,2016-01-01,51.3,,
ESTAT:LFSA_ERGAN(1.0),17/04/26 11:00:00,A,PC,F,Y20-64,TOTAL,MK,2016-01-01,42.5,,
ESTAT:LFSA_ERGAN(1.0),17/04/26 11:00:00,A,PC,F,Y20-64,TOTAL,MT,2016-01-01,58.0,,
ESTAT:LFSA_ERGAN(1.0),17/04/26 11:00:00,A,PC,F,Y20-64,TOTAL,NL,2016-01-01,71.6,,
ESTAT:LFSA_ERGAN(1.0),17/04/26 11:00:00,A,PC,F,Y20-64,TOTAL,NO,2016-01-01,76.7,,
ESTAT:LFSA_ERGAN(1.0),17/04/26 11:00:00,A,PC,F,Y20-64,TOTAL,PL,2016-01-01,62.2,,
ESTAT:LFSA_ERGAN(1.0),17/04/26 11:00:00,A,PC,F,Y20-64,TOTAL,PT,2016-01-01,67.4,,
ESTAT:LFSA_ERGAN(1.0),17/04/26 11:00:00,A,PC,F,Y20-64,TOTAL,RO,2016-01-01,57.4,,
ESTAT:LFSA_ERGAN(1.0),17/04/26 11:00:00,A,PC,F,Y20-64,TOTAL,RS,2016-01-01,51.9,,
ESTAT:LFSA_ERGAN(1.0),17/04/26 11:00:00,A,PC,F,Y20-64,TOTAL,SE,2016-01-01,79.2,,
ESTAT:LFSA_ERGAN(1.0),17/04/26 11:00:00,A,PC,F,Y20-64,TOTAL,SI,2016-01-01,66.7,,
ESTAT:LFSA_ERGAN(1.0),17/04/26 11:00:00,A,PC,F,Y20-64,TOTAL,SK,2016-01-01,62.7,,
ESTAT:LFSA_ERGAN(1.0),17/04/26 11:00:00,A,PC,F,Y20-64,TOTAL,TR,2016-01-01,33.2,,
ESTAT:LFSA_ERGAN(1.0),17/04/26 11:00:00,A,PC,F,Y20-64,TOTAL,UK,2016-01-01,72.1,,
ESTAT:LFSA_ERGAN(1.0),17/04/26 11:00:00,A,PC,M,Y15-64,TOTAL,AT,2016-01-01,75.4,,
ESTAT:LFSA_ERGAN(1.0),17/04/26 11:00:00,A,PC,M,Y15-64,TOTAL,BE,2016-01-01,66.5,,
ESTAT:LFSA_ERGAN(1.0),17/04/26 11:00:00,A,PC,M,Y15-64,TOTAL,BG,2016-01-01,66.7,,
ESTAT:LFSA_ERGAN(1.0),17/04/26 11:00:00,A,PC,M,Y15-64,TOTAL,CH,2016-01-01,83.7,,
ESTAT:LFSA_ERGAN(1.0),17/04/26 11:00:00,A,PC,M,Y15-64,TOTAL,CY,2016-01-01,68.6,,
ESTAT:LFSA_ERGAN(1.0),17/04/26 11:00:00,A,PC,M,Y15-64,TOTAL,CZ,2016-01-01,79.3,,
ESTAT:LFSA_ERGAN(1.0),17/04/26 11:00:00,A,PC,M,Y15-64,TOTAL,DE,2016-01-01,78.4,,
ESTAT:LFSA_ERGAN(1.0),17/04/26 11:00:00,A,PC,M,Y15-64,TOTAL,DK,2016-01-01,75.5,b,
ESTAT:LFSA_ERGAN(1.0),17/04/26 11:00:00,A,PC,M,Y15-64,TOTAL,EA21,2016-01-01,70.3,,
ESTAT:LFSA_ERGAN(1.0),17/04/26 11:00:00,A,PC,M,Y15-64,TOTAL,EE,2016-01-01,75.2,,
ESTAT:LFSA_ERGAN(1.0),17/04/26 11:00:00,A,PC,M,Y15-64,TOTAL,EL,2016-01-01,61.0,,
ESTAT:LFSA_ERGAN(1.0),17/04/26 11:00:00,A,PC,M,Y15-64,TOTAL,ES,2016-01-01,64.8,,
ESTAT:LFSA_ERGAN(1.0),17/04/26 11:00:00,A,PC,M,Y15-64,TOTAL,EU27_2020,2016-01-01,70.9,,
ESTAT:LFSA_ERGAN(1.0),17/04/26 11:00:00,A,PC,M,Y15-64,TOTAL,FI,2016-01-01,70.5,,
ESTAT:LFSA_ERGAN(1.0),17/04/26 11:00:00,A,PC,M,Y15-64,TOTAL,FR,2016-01-01,67.5,,
ESTAT:LFSA_ERGAN(1.0),17/04/26 11:00:00,A,PC,M,Y15-64,TOTAL,HR,2016-01-01,61.4,,
ESTAT:LFSA_ERGAN(1.0),17/04/26 11:00:00,A,PC,M,Y15-64,TOTAL,HU,2016-01-01,73.0,,
ESTAT:LFSA_ERGAN(1.0),17/04/26 11:00:00,A,PC,M,Y15-64,TOTAL,IE,2016-01-01,71.8,,
ESTAT:LFSA_ERGAN(1.0),17/04/26 11:00:00,A,PC,M,Y15-64,TOTAL,IS,2016-01-01,89.4,,
ESTAT:LFSA_ERGAN(1.0),17/04/26 11:00:00,A,PC,M,Y15-64,TOTAL,IT,2016-01-01,66.5,,
ESTAT:LFSA_ERGAN(1.0),17/04/26 11:00:00,A,PC,M,Y15-64,TOTAL,LT,2016-01-01,70.0,,
ESTAT:LFSA_ERGAN(1.0),17/04/26 11:00:00,A,PC,M,Y15-64,TOTAL,LU,2016-01-01,70.5,,
ESTAT:LFSA_ERGAN(1.0),17/04/26 11:00:00,A,PC,M,Y15-64,TOTAL,LV,2016-01-01,70.0,,
ESTAT:LFSA_ERGAN(1.0),17/04/26 11:00:00,A,PC,M,Y15-64,TOTAL,ME,2016-01-01,57.3,,
ESTAT:LFSA_ERGAN(1.0),17/04/26 11:00:00,A,PC,M,Y15-64,TOTAL,MK,2016-01-01,58.6,,
ESTAT:LFSA_ERGAN(1.0),17/04/26 11:00:00,A,PC,M,Y15-64,TOTAL,MT,2016-01-01,78.9,,
ESTAT:LFSA_ERGAN(1.0),17/04/26 11:00:00,A,PC,M,Y15-64,TOTAL,NL,2016-01-01,79.6,,
ESTAT:LFSA_ERGAN(1.0),17/04/26 11:00:00,A,PC,M,Y15-64,TOTAL,NO,2016-01-01,75.7,,
ESTAT:LFSA_ERGAN(1.0),17/04/26 11:00:00,A,PC,M,Y15-64,TOTAL,PL,2016-01-01,71.0,,
ESTAT:LFSA_ERGAN(1.0),17/04/26 11:00:00,A,PC,M,Y15-64,TOTAL,PT,2016-01-01,68.2,,
ESTAT:LFSA_ERGAN(1.0),17/04/26 11:00:00,A,PC,M,Y15-64,TOTAL,RO,2016-01-01,69.7,,
ESTAT:LFSA_ERGAN(1.0),17/04/26 11:00:00,A,PC,M,Y15-64,TOTAL,RS,2016-01-01,61.9,,
ESTAT:LFSA_ERGAN(1.0),17/04/26 11:00:00,A,PC,M,Y15-64,TOTAL,SE,2016-01-01,77.5,,
ESTAT:LFSA_ERGAN(1.0),17/04/26 11:00:00,A,PC,M,Y15-64,TOTAL,SI,2016-01-01,68.9,,
ESTAT:LFSA_ERGAN(1.0),17/04/26 11:00:00,A,PC,M,Y15-64,TOTAL,SK,2016-01-01,71.4,,
ESTAT:LFSA_ERGAN(1.0),17/04/26 11:00:00,A,PC,M,Y15-64,TOTAL,TR,2016-01-01,70.0,,
ESTAT:LFSA_ERGAN(1.0),17/04/26 11:00:00,A,PC,M,Y15-64,TOTAL,UK,2016-01-01,78.2,,
ESTAT:LFSA_ERGAN(1.0),17/04/26 11:00:00,A,PC,M,Y15-74,TOTAL,AT,2016-01-01,67.7,,
ESTAT:LFSA_ERGAN(1.0),17/04/26 11:00:00,A,PC,M,Y15-74,TOTAL,BE,2016-01-01,59.0,,
ESTAT:LFSA_ERGAN(1.0),17/04/26 11:00:00,A,PC,M,Y15-74,TOTAL,BG,2016-01-01,59.1,,
ESTAT:LFSA_ERGAN(1.0),17/04/26 11:00:00,A,PC,M,Y15-74,TOTAL,CH,2016-01-01,76.6,,
ESTAT:LFSA_ERGAN(1.0),17/04/26 11:00:00,A,PC,M,Y15-74,TOTAL,CY,2016-01-01,62.2,,
ESTAT:LFSA_ERGAN(1.0),17/04/26 11:00:00,A,PC,M,Y15-74,TOTAL,CZ,2016-01-01,70.6,,
ESTAT:LFSA_ERGAN(1.0),17/04/26 11:00:00,A,PC,M,Y15-74,TOTAL,DE,2016-01-01,70.4,,
ESTAT:LFSA_ERGAN(1.0),17/04/26 11:00:00,A,PC,M,Y15-74,TOTAL,DK,2016-01-01,67.4,b,
ESTAT:LFSA_ERGAN(1.0),17/04/26 11:00:00,A,PC,M,Y15-74,TOTAL,EA21,2016-01-01,62.7,,
ESTAT:LFSA_ERGAN(1.0),17/04/26 11:00:00,A,PC,M,Y15-74,TOTAL,EE,2016-01-01,69.8,,
ESTAT:LFSA_ERGAN(1.0),17/04/26 11:00:00,A,PC,M,Y15-74,TOTAL,EL,2016-01-01,53.9,,
ESTAT:LFSA_ERGAN(1.0),17/04/26 11:00:00,A,PC,M,Y15-74,TOTAL,ES,2016-01-01,57.7,,
ESTAT:LFSA_ERGAN(1.0),17/04/26 11:00:00,A,PC,M,Y15-74,TOTAL,EU27_2020,2016-01-01,63.4,,
ESTAT:LFSA_ERGAN(1.0),17/04/26 11:00:00,A,PC,M,Y15-74,TOTAL,FI,2016-01-01,62.0,,
ESTAT:LFSA_ERGAN(1.0),17/04/26 11:00:00,A,PC,M,Y15-74,TOTAL,FR,2016-01-01,59.4,,
ESTAT:LFSA_ERGAN(1.0),17/04/26 11:00:00,A,PC,M,Y15-74,TOTAL,HR,2016-01-01,54.6,,
ESTAT:LFSA_ERGAN(1.0),17/04/26 11:00:00,A,PC,M,Y15-74,TOTAL,HU,2016-01-01,65.0,,
ESTAT:LFSA_ERGAN(1.0),17/04/26 11:00:00,A,PC,M,Y15-74,TOTAL,IE,2016-01-01,66.4,,
ESTAT:LFSA_ERGAN(1.0),17/04/26 11:00:00,A,PC,M,Y15-74,TOTAL,IS,2016-01-01,85.2,,
ESTAT:LFSA_ERGAN(1.0),17/04/26 11:00:00,A,PC,M,Y15-74,TOTAL,IT,2016-01-01,58.8,,
ESTAT:LFSA_ERGAN(1.0),17/04/26 11:00:00,A,PC,M,Y15-74,TOTAL,LT,2016-01-01,64.5,,
ESTAT:LFSA_ERGAN(1.0),17/04/26 11:00:00,A,PC,M,Y15-74,TOTAL,LU,2016-01-01,64.4,,
ESTAT:LFSA_ERGAN(1.0),17/04/26 11:00:00,A,PC,M,Y15-74,TOTAL,LV,2016-01-01,64.4,,
ESTAT:LFSA_ERGAN(1.0),17/04/26 11:00:00,A,PC,M,Y15-74,TOTAL,ME,2016-01-01,53.2,,
ESTAT:LFSA_ERGAN(1.0),17/04/26 11:00:00,A,PC,M,Y15-74,TOTAL,MK,2016-01-01,53.8,,
ESTAT:LFSA_ERGAN(1.0),17/04/26 11:00:00,A,PC,M,Y15-74,TOTAL,MT,2016-01-01,69.5,,
ESTAT:LFSA_ERGAN(1.0),17/04/26 11:00:00,A,PC,M,Y15-74,TOTAL,NL,2016-01-01,70.8,,
ESTAT:LFSA_ERGAN(1.0),17/04/26 11:00:00,A,PC,M,Y15-74,TOTAL,NO,2016-01-01,69.3,,
ESTAT:LFSA_ERGAN(1.0),17/04/26 11:00:00,A,PC,M,Y15-74,TOTAL,PL,2016-01-01,64.7,,
ESTAT:LFSA_ERGAN(1.0),17/04/26 11:00:00,A,PC,M,Y15-74,TOTAL,PT,2016-01-01,62.0,,
ESTAT:LFSA_ERGAN(1.0),17/04/26 11:00:00,A,PC,M,Y15-74,TOTAL,RO,2016-01-01,64.0,,
ESTAT:LFSA_ERGAN(1.0),17/04/26 11:00:00,A,PC,M,Y15-74,TOTAL,RS,2016-01-01,56.5,,
ESTAT:LFSA_ERGAN(1.0),17/04/26 11:00:00,A,PC,M,Y15-74,TOTAL,SE,2016-01-01,69.0,,
ESTAT:LFSA_ERGAN(1.0),17/04/26 11:00:00,A,PC,M,Y15-74,TOTAL,SI,2016-01-01,61.3,,
ESTAT:LFSA_ERGAN(1.0),17/04/26 11:00:00,A,PC,M,Y15-74,TOTAL,SK,2016-01-01,65.1,,
ESTAT:LFSA_ERGAN(1.0),17/04/26 11:00:00,A,PC,M,Y15-74,TOTAL,TR,2016-01-01,67.3,,
ESTAT:LFSA_ERGAN(1.0),17/04/26 11:00:00,A,PC,M,Y15-74,TOTAL,UK,2016-01-01,70.7,,
ESTAT:LFSA_ERGAN(1.0),17/04/26 11:00:00,A,PC,M,Y20-64,TOTAL,AT,2016-01-01,78.7,,
ESTAT:LFSA_ERGAN(1.0),17/04/26 11:00:00,A,PC,M,Y20-64,TOTAL,BE,2016-01-01,72.3,,
ESTAT:LFSA_ERGAN(1.0),17/04/26 11:00:00,A,PC,M,Y20-64,TOTAL,BG,2016-01-01,71.3,,
ESTAT:LFSA_ERGAN(1.0),17/04/26 11:00:00,A,PC,M,Y20-64,TOTAL,CH,2016-01-01,86.5,,
ESTAT:LFSA_ERGAN(1.0),17/04/26 11:00:00,A,PC,M,Y20-64,TOTAL,CY,2016-01-01,73.8,,
ESTAT:LFSA_ERGAN(1.0),17/04/26 11:00:00,A,PC,M,Y20-64,TOTAL,CZ,2016-01-01,84.6,,
ESTAT:LFSA_ERGAN(1.0),17/04/26 11:00:00,A,PC,M,Y20-64,TOTAL,DE,2016-01-01,82.7,,
ESTAT:LFSA_ERGAN(1.0),17/04/26 11:00:00,A,PC,M,Y20-64,TOTAL,DK,2016-01-01,79.4,b,
ESTAT:LFSA_ERGAN(1.0),17/04/26 11:00:00,A,PC,M,Y20-64,TOTAL,EA21,2016-01-01,75.3,,
ESTAT:LFSA_ERGAN(1.0),17/04/26 11:00:00,A,PC,M,Y20-64,TOTAL,EE,2016-01-01,80.4,,
ESTAT:LFSA_ERGAN(1.0),17/04/26 11:00:00,A,PC,M,Y20-64,TOTAL,EL,2016-01-01,65.8,,
ESTAT:LFSA_ERGAN(1.0),17/04/26 11:00:00,A,PC,M,Y20-64,TOTAL,ES,2016-01-01,69.6,,
ESTAT:LFSA_ERGAN(1.0),17/04/26 11:00:00,A,PC,M,Y20-64,TOTAL,EU27_2020,2016-01-01,75.9,,
ESTAT:LFSA_ERGAN(1.0),17/04/26 11:00:00,A,PC,M,Y20-64,TOTAL,FI,2016-01-01,75.0,,
ESTAT:LFSA_ERGAN(1.0),17/04/26 11:00:00,A,PC,M,Y20-64,TOTAL,FR,2016-01-01,73.8,,
ESTAT:LFSA_ERGAN(1.0),17/04/26 11:00:00,A,PC,M,Y20-64,TOTAL,HR,2016-01-01,66.2,,
ESTAT:LFSA_ERGAN(1.0),17/04/26 11:00:00,A,PC,M,Y20-64,TOTAL,HU,2016-01-01,78.6,,
ESTAT:LFSA_ERGAN(1.0),17/04/26 11:00:00,A,PC,M,Y20-64,TOTAL,IE,2016-01-01,77.5,,
ESTAT:LFSA_ERGAN(1.0),17/04/26 11:00:00,A,PC,M,Y20-64,TOTAL,IS,2016-01-01,91.1,,
ESTAT:LFSA_ERGAN(1.0),17/04/26 11:00:00,A,PC,M,Y20-64,TOTAL,IT,2016-01-01,71.7,,
ESTAT:LFSA_ERGAN(1.0),17/04/26 11:00:00,A,PC,M,Y20-64,TOTAL,LT,2016-01-01,76.2,,
ESTAT:LFSA_ERGAN(1.0),17/04/26 11:00:00,A,PC,M,Y20-64,TOTAL,LU,2016-01-01,76.1,,
ESTAT:LFSA_ERGAN(1.0),17/04/26 11:00:00,A,PC,M,Y20-64,TOTAL,LV,2016-01-01,74.7,,
ESTAT:LFSA_ERGAN(1.0),17/04/26 11:00:00,A,PC,M,Y20-64,TOTAL,ME,2016-01-01,63.0,,
ESTAT:LFSA_ERGAN(1.0),17/04/26 11:00:00,A,PC,M,Y20-64,TOTAL,MK,2016-01-01,63.7,,
ESTAT:LFSA_ERGAN(1.0),17/04/26 11:00:00,A,PC,M,Y20-64,TOTAL,MT,2016-01-01,83.5,,
ESTAT:LFSA_ERGAN(1.0),17/04/26 11:00:00,A,PC,M,Y20-64,TOTAL,NL,2016-01-01,82.6,,
ESTAT:LFSA_ERGAN(1.0),17/04/26 11:00:00,A,PC,M,Y20-64,TOTAL,NO,2016-01-01,80.4,,
ESTAT:LFSA_ERGAN(1.0),17/04/26 11:00:00,A,PC,M,Y20-64,TOTAL,PL,2016-01-01,76.4,,
ESTAT:LFSA_ERGAN(1.0),17/04/26 11:00:00,A,PC,M,Y20-64,TOTAL,PT,2016-01-01,74.1,,
ESTAT:LFSA_ERGAN(1.0),17/04/26 11:00:00,A,PC,M,Y20-64,TOTAL,RO,2016-01-01,75.0,,
ESTAT:LFSA_ERGAN(1.0),17/04/26 11:00:00,A,PC,M,Y20-64,TOTAL,RS,2016-01-01,66.3,,
ESTAT:LFSA_ERGAN(1.0),17/04/26 11:00:00,A,PC,M,Y20-64,TOTAL,SE,2016-01-01,83.0,,
ESTAT:LFSA_ERGAN(1.0),17/04/26 11:00:00,A,PC,M,Y20-64,TOTAL,SI,2016-01-01,73.3,,
ESTAT:LFSA_ERGAN(1.0),17/04/26 11:00:00,A,PC,M,Y20-64,TOTAL,SK,2016-01-01,76.9,,
ESTAT:LFSA_ERGAN(1.0),17/04/26 11:00:00,A,PC,M,Y20-64,TOTAL,TR,2016-01-01,75.5,,
ESTAT:LFSA_ERGAN(1.0),17/04/26 11:00:00,A,PC,M,Y20-64,TOTAL,UK,2016-01-01,83.1,,
ESTAT:LFSA_ERGAN(1.0),17/04/26 11:00:00,A,PC,T,Y15-64,TOTAL,AT,2016-01-01,71.5,,
ESTAT:LFSA_ERGAN(1.0),17/04/26 11:00:00,A,PC,T,Y15-64,TOTAL,BE,2016-01-01,62.3,,
ESTAT:LFSA_ERGAN(1.0),17/04/26 11:00:00,A,PC,T,Y15-64,TOTAL,BG,2016-01-01,63.4,,
ESTAT:LFSA_ERGAN(1.0),17/04/26 11:00:00,A,PC,T,Y15-64,TOTAL,CH,2016-01-01,79.6,,
ESTAT:LFSA_ERGAN(1.0),17/04/26 11:00:00,A,PC,T,Y15-64,TOTAL,CY,2016-01-01,63.7,,
ESTAT:LFSA_ERGAN(1.0),17/04/26 11:00:00,A,PC,T,Y15-64,TOTAL,CZ,2016-01-01,72.0,,
ESTAT:LFSA_ERGAN(1.0),17/04/26 11:00:00,A,PC,T,Y15-64,TOTAL,DE,2016-01-01,74.7,,
ESTAT:LFSA_ERGAN(1.0),17/04/26 11:00:00,A,PC,T,Y15-64,TOTAL,DK,2016-01-01,72.7,b,
ESTAT:LFSA_ERGAN(1.0),17/04/26 11:00:00,A,PC,T,Y15-64,TOTAL,EA21,2016-01-01,65.3,,
ESTAT:LFSA_ERGAN(1.0),17/04/26 11:00:00,A,PC,T,Y15-64,TOTAL,EE,2016-01-01,71.8,,
ESTAT:LFSA_ERGAN(1.0),17/04/26 11:00:00,A,PC,T,Y15-64,TOTAL,EL,2016-01-01,52.0,,
ESTAT:LFSA_ERGAN(1.0),17/04/26 11:00:00,A,PC,T,Y15-64,TOTAL,ES,2016-01-01,59.5,,
ESTAT:LFSA_ERGAN(1.0),17/04/26 11:00:00,A,PC,T,Y15-64,TOTAL,EU27_2020,2016-01-01,65.6,,
ESTAT:LFSA_ERGAN(1.0),17/04/26 11:00:00,A,PC,T,Y15-64,TOTAL,FI,2016-01-01,69.1,,
ESTAT:LFSA_ERGAN(1.0),17/04/26 11:00:00,A,PC,T,Y15-64,TOTAL,FR,2016-01-01,64.2,,
ESTAT:LFSA_ERGAN(1.0),17/04/26 11:00:00,A,PC,T,Y15-64,TOTAL,HR,2016-01-01,56.9,,
ESTAT:LFSA_ERGAN(1.0),17/04/26 11:00:00,A,PC,T,Y15-64,TOTAL,HU,2016-01-01,66.5,,
ESTAT:LFSA_ERGAN(1.0),17/04/26 11:00:00,A,PC,T,Y15-64,TOTAL,IE,2016-01-01,66.4,,
ESTAT:LFSA_ERGAN(1.0),17/04/26 11:00:00,A,PC,T,Y15-64,TOTAL,IS,2016-01-01,86.6,,
ESTAT:LFSA_ERGAN(1.0),17/04/26 11:00:00,A,PC,T,Y15-64,TOTAL,IT,2016-01-01,57.2,,
ESTAT:LFSA_ERGAN(1.0),17/04/26 11:00:00,A,PC,T,Y15-64,TOTAL,LT,2016-01-01,69.4,,
ESTAT:LFSA_ERGAN(1.0),17/04/26 11:00:00,A,PC,T,Y15-64,TOTAL,LU,2016-01-01,65.6,,
ESTAT:LFSA_ERGAN(1.0),17/04/26 11:00:00,A,PC,T,Y15-64,TOTAL,LV,2016-01-01,68.7,,
ESTAT:LFSA_ERGAN(1.0),17/04/26 11:00:00,A,PC,T,Y15-64,TOTAL,ME,2016-01-01,52.0,,
ESTAT:LFSA_ERGAN(1.0),17/04/26 11:00:00,A,PC,T,Y15-64,TOTAL,MK,2016-01-01,49.1,,
ESTAT:LFSA_ERGAN(1.0),17/04/26 11:00:00,A,PC,T,Y15-64,TOTAL,MT,2016-01-01,67.2,,
ESTAT:LFSA_ERGAN(1.0),17/04/26 11:00:00,A,PC,T,Y15-64,TOTAL,NL,2016-01-01,74.8,,
ESTAT:LFSA_ERGAN(1.0),17/04/26 11:00:00,A,PC,T,Y15-64,TOTAL,NO,2016-01-01,74.3,,
ESTAT:LFSA_ERGAN(1.0),17/04/26 11:00:00,A,PC,T,Y15-64,TOTAL,PL,2016-01-01,64.5,,
ESTAT:LFSA_ERGAN(1.0),17/04/26 11:00:00,A,PC,T,Y15-64,TOTAL,PT,2016-01-01,65.3,,
ESTAT:LFSA_ERGAN(1.0),17/04/26 11:00:00,A,PC,T,Y15-64,TOTAL,RO,2016-01-01,61.6,,
ESTAT:LFSA_ERGAN(1.0),17/04/26 11:00:00,A,PC,T,Y15-64,TOTAL,RS,2016-01-01,55.2,,
ESTAT:LFSA_ERGAN(1.0),17/04/26 11:00:00,A,PC,T,Y15-64,TOTAL,SE,2016-01-01,76.2,,
ESTAT:LFSA_ERGAN(1.0),17/04/26 11:00:00,A,PC,T,Y15-64,TOTAL,SI,2016-01-01,65.8,,
ESTAT:LFSA_ERGAN(1.0),17/04/26 11:00:00,A,PC,T,Y15-64,TOTAL,SK,2016-01-01,64.9,,
ESTAT:LFSA_ERGAN(1.0),17/04/26 11:00:00,A,PC,T,Y15-64,TOTAL,TR,2016-01-01,50.6,,
ESTAT:LFSA_ERGAN(1.0),17/04/26 11:00:00,A,PC,T,Y15-64,TOTAL,UK,2016-01-01,73.5,,
ESTAT:LFSA_ERGAN(1.0),17/04/26 11:00:00,A,PC,T,Y15-74,TOTAL,AT,2016-01-01,63.6,,
ESTAT:LFSA_ERGAN(1.0),17/04/26 11:00:00,A,PC,T,Y15-74,TOTAL,BE,2016-01-01,54.8,,
ESTAT:LFSA_ERGAN(1.0),17/04/26 11:00:00,A,PC,T,Y15-74,TOTAL,BG,2016-01-01,54.7,,
ESTAT:LFSA_ERGAN(1.0),17/04/26 11:00:00,A,PC,T,Y15-74,TOTAL,CH,2016-01-01,71.8,,
ESTAT:LFSA_ERGAN(1.0),17/04/26 11:00:00,A,PC,T,Y15-74,TOTAL,CY,2016-01-01,57.5,,
ESTAT:LFSA_ERGAN(1.0),17/04/26 11:00:00,A,PC,T,Y15-74,TOTAL,CZ,2016-01-01,62.7,,
ESTAT:LFSA_ERGAN(1.0),17/04/26 11:00:00,A,PC,T,Y15-74,TOTAL,DE,2016-01-01,66.2,,
ESTAT:LFSA_ERGAN(1.0),17/04/26 11:00:00,A,PC,T,Y15-74,TOTAL,DK,2016-01-01,63.9,b,
ESTAT:LFSA_ERGAN(1.0),17/04/26 11:00:00,A,PC,T,Y15-74,TOTAL,EA21,2016-01-01,57.5,,
ESTAT:LFSA_ERGAN(1.0),17/04/26 11:00:00,A,PC,T,Y15-74,TOTAL,EE,2016-01-01,65.7,,
ESTAT:LFSA_ERGAN(1.0),17/04/26 11:00:00,A,PC,T,Y15-74,TOTAL,EL,2016-01-01,45.6,,
ESTAT:LFSA_ERGAN(1.0),17/04/26 11:00:00,A,PC,T,Y15-74,TOTAL,ES,2016-01-01,52.5,,
ESTAT:LFSA_ERGAN(1.0),17/04/26 11:00:00,A,PC,T,Y15-74,TOTAL,EU27_2020,2016-01-01,57.9,,
ESTAT:LFSA_ERGAN(1.0),17/04/26 11:00:00,A,PC,T,Y15-74,TOTAL,FI,2016-01-01,59.8,,
ESTAT:LFSA_ERGAN(1.0),17/04/26 11:00:00,A,PC,T,Y15-74,TOTAL,FR,2016-01-01,56.0,,
ESTAT:LFSA_ERGAN(1.0),17/04/26 11:00:00,A,PC,T,Y15-74,TOTAL,HR,2016-01-01,49.7,,
ESTAT:LFSA_ERGAN(1.0),17/04/26 11:00:00,A,PC,T,Y15-74,TOTAL,HU,2016-01-01,58.0,,
ESTAT:LFSA_ERGAN(1.0),17/04/26 11:00:00,A,PC,T,Y15-74,TOTAL,IE,2016-01-01,61.0,,
ESTAT:LFSA_ERGAN(1.0),17/04/26 11:00:00,A,PC,T,Y15-74,TOTAL,IS,2016-01-01,81.3,,
ESTAT:LFSA_ERGAN(1.0),17/04/26 11:00:00,A,PC,T,Y15-74,TOTAL,IT,2016-01-01,50.0,,
ESTAT:LFSA_ERGAN(1.0),17/04/26 11:00:00,A,PC,T,Y15-74,TOTAL,LT,2016-01-01,62.3,,
ESTAT:LFSA_ERGAN(1.0),17/04/26 11:00:00,A,PC,T,Y15-74,TOTAL,LU,2016-01-01,59.7,,
ESTAT:LFSA_ERGAN(1.0),17/04/26 11:00:00,A,PC,T,Y15-74,TOTAL,LV,2016-01-01,61.6,,
ESTAT:LFSA_ERGAN(1.0),17/04/26 11:00:00,A,PC,T,Y15-74,TOTAL,ME,2016-01-01,47.8,,
ESTAT:LFSA_ERGAN(1.0),17/04/26 11:00:00,A,PC,T,Y15-74,TOTAL,MK,2016-01-01,44.4,,
ESTAT:LFSA_ERGAN(1.0),17/04/26 11:00:00,A,PC,T,Y15-74,TOTAL,MT,2016-01-01,58.4,,
ESTAT:LFSA_ERGAN(1.0),17/04/26 11:00:00,A,PC,T,Y15-74,TOTAL,NL,2016-01-01,65.8,,
ESTAT:LFSA_ERGAN(1.0),17/04/26 11:00:00,A,PC,T,Y15-74,TOTAL,NO,2016-01-01,67.2,,
ESTAT:LFSA_ERGAN(1.0),17/04/26 11:00:00,A,PC,T,Y15-74,TOTAL,PL,2016-01-01,57.6,,
ESTAT:LFSA_ERGAN(1.0),17/04/26 11:00:00,A,PC,T,Y15-74,TOTAL,PT,2016-01-01,58.2,,
ESTAT:LFSA_ERGAN(1.0),17/04/26 11:00:00,A,PC,T,Y15-74,TOTAL,RO,2016-01-01,55.8,,
ESTAT:LFSA_ERGAN(1.0),17/04/26 11:00:00,A,PC,T,Y15-74,TOTAL,RS,2016-01-01,49.4,,
ESTAT:LFSA_ERGAN(1.0),17/04/26 11:00:00,A,PC,T,Y15-74,TOTAL,SE,2016-01-01,67.1,,
ESTAT:LFSA_ERGAN(1.0),17/04/26 11:00:00,A,PC,T,Y15-74,TOTAL,SI,2016-01-01,57.7,,
ESTAT:LFSA_ERGAN(1.0),17/04/26 11:00:00,A,PC,T,Y15-74,TOTAL,SK,2016-01-01,58.2,,
ESTAT:LFSA_ERGAN(1.0),17/04/26 11:00:00,A,PC,T,Y15-74,TOTAL,TR,2016-01-01,48.3,,
ESTAT:LFSA_ERGAN(1.0),17/04/26 11:00:00,A,PC,T,Y15-74,TOTAL,UK,2016-01-01,65.8,,
ESTAT:LFSA_ERGAN(1.0),17/04/26 11:00:00,A,PC,T,Y20-64,TOTAL,AT,2016-01-01,74.8,,
ESTAT:LFSA_ERGAN(1.0),17/04/26 11:00:00,A,PC,T,Y20-64,TOTAL,BE,2016-01-01,67.7,,
ESTAT:LFSA_ERGAN(1.0),17/04/26 11:00:00,A,PC,T,Y20-64,TOTAL,BG,2016-01-01,67.7,,
ESTAT:LFSA_ERGAN(1.0),17/04/26 11:00:00,A,PC,T,Y20-64,TOTAL,CH,2016-01-01,82.0,,
ESTAT:LFSA_ERGAN(1.0),17/04/26 11:00:00,A,PC,T,Y20-64,TOTAL,CY,2016-01-01,68.7,,
ESTAT:LFSA_ERGAN(1.0),17/04/26 11:00:00,A,PC,T,Y20-64,TOTAL,CZ,2016-01-01,76.7,,
ESTAT:LFSA_ERGAN(1.0),17/04/26 11:00:00,A,PC,T,Y20-64,TOTAL,DE,2016-01-01,78.6,,
ESTAT:LFSA_ERGAN(1.0),17/04/26 11:00:00,A,PC,T,Y20-64,TOTAL,DK,2016-01-01,76.0,b,
ESTAT:LFSA_ERGAN(1.0),17/04/26 11:00:00,A,PC,T,Y20-64,TOTAL,EA21,2016-01-01,69.7,,
ESTAT:LFSA_ERGAN(1.0),17/04/26 11:00:00,A,PC,T,Y20-64,TOTAL,EE,2016-01-01,76.4,,
ESTAT:LFSA_ERGAN(1.0),17/04/26 11:00:00,A,PC,T,Y20-64,TOTAL,EL,2016-01-01,56.2,,
ESTAT:LFSA_ERGAN(1.0),17/04/26 11:00:00,A,PC,T,Y20-64,TOTAL,ES,2016-01-01,63.9,,
ESTAT:LFSA_ERGAN(1.0),17/04/26 11:00:00,A,PC,T,Y20-64,TOTAL,EU27_2020,2016-01-01,70.1,,
ESTAT:LFSA_ERGAN(1.0),17/04/26 11:00:00,A,PC,T,Y20-64,TOTAL,FI,2016-01-01,73.4,,
ESTAT:LFSA_ERGAN(1.0),17/04/26 11:00:00,A,PC,T,Y20-64,TOTAL,FR,2016-01-01,70.0,,
ESTAT:LFSA_ERGAN(1.0),17/04/26 11:00:00,A,PC,T,Y20-64,TOTAL,HR,2016-01-01,61.3,,
ESTAT:LFSA_ERGAN(1.0),17/04/26 11:00:00,A,PC,T,Y20-64,TOTAL,HU,2016-01-01,71.5,,
ESTAT:LFSA_ERGAN(1.0),17/04/26 11:00:00,A,PC,T,Y20-64,TOTAL,IE,2016-01-01,71.4,,
ESTAT:LFSA_ERGAN(1.0),17/04/26 11:00:00,A,PC,T,Y20-64,TOTAL,IS,2016-01-01,87.8,,
ESTAT:LFSA_ERGAN(1.0),17/04/26 11:00:00,A,PC,T,Y20-64,TOTAL,IT,2016-01-01,61.6,,
ESTAT:LFSA_ERGAN(1.0),17/04/26 11:00:00,A,PC,T,Y20-64,TOTAL,LT,2016-01-01,75.2,,
ESTAT:LFSA_ERGAN(1.0),17/04/26 11:00:00,A,PC,T,Y20-64,TOTAL,LU,2016-01-01,70.7,,
ESTAT:LFSA_ERGAN(1.0),17/04/26 11:00:00,A,PC,T,Y20-64,TOTAL,LV,2016-01-01,73.2,,
ESTAT:LFSA_ERGAN(1.0),17/04/26 11:00:00,A,PC,T,Y20-64,TOTAL,ME,2016-01-01,57.1,,
ESTAT:LFSA_ERGAN(1.0),17/04/26 11:00:00,A,PC,T,Y20-64,TOTAL,MK,2016-01-01,53.3,,
ESTAT:LFSA_ERGAN(1.0),17/04/26 11:00:00,A,PC,T,Y20-64,TOTAL,MT,2016-01-01,71.1,,
ESTAT:LFSA_ERGAN(1.0),17/04/26 11:00:00,A,PC,T,Y20-64,TOTAL,NL,2016-01-01,77.1,,
ESTAT:LFSA_ERGAN(1.0),17/04/26 11:00:00,A,PC,T,Y20-64,TOTAL,NO,2016-01-01,78.6,,
ESTAT:LFSA_ERGAN(1.0),17/04/26 11:00:00,A,PC,T,Y20-64,TOTAL,PL,2016-01-01,69.3,,
ESTAT:LFSA_ERGAN(1.0),17/04/26 11:00:00,A,PC,T,Y20-64,TOTAL,PT,2016-01-01,70.6,,
ESTAT:LFSA_ERGAN(1.0),17/04/26 11:00:00,A,PC,T,Y20-64,TOTAL,RO,2016-01-01,66.3,,
ESTAT:LFSA_ERGAN(1.0),17/04/26 11:00:00,A,PC,T,Y20-64,TOTAL,RS,2016-01-01,59.1,,
ESTAT:LFSA_ERGAN(1.0),17/04/26 11:00:00,A,PC,T,Y20-64,TOTAL,SE,2016-01-01,81.2,,
ESTAT:LFSA_ERGAN(1.0),17/04/26 11:00:00,A,PC,T,Y20-64,TOTAL,SI,2016-01-01,70.1,,
ESTAT:LFSA_ERGAN(1.0),17/04/26 11:00:00,A,PC,T,Y20-64,TOTAL,SK,2016-01-01,69.8,,
ESTAT:LFSA_ERGAN(1.0),17/04/26 11:00:00,A,PC,T,Y20-64,TOTAL,TR,2016-01-01,54.4,,
ESTAT:LFSA_ERGAN(1.0),17/04/26 11:00:00,A,PC,T,Y20-64,TOTAL,UK,2016-01-01,77.5,,
ESTAT:LFSA_ERGAN(1.0),17/04/26 11:00:00,A,PC,F,Y15-64,TOTAL,AT,2017-01-01,68.2,,
ESTAT:LFSA_ERGAN(1.0),17/04/26 11:00:00,A,PC,F,Y15-64,TOTAL,BE,2017-01-01,58.7,b,
ESTAT:LFSA_ERGAN(1.0),17/04/26 11:00:00,A,PC,F,Y15-64,TOTAL,BG,2017-01-01,63.1,,
ESTAT:LFSA_ERGAN(1.0),17/04/26 11:00:00,A,PC,F,Y15-64,TOTAL,CH,2017-01-01,75.2,,
ESTAT:LFSA_ERGAN(1.0),17/04/26 11:00:00,A,PC,F,Y15-64,TOTAL,CY,2017-01-01,61.4,,
ESTAT:LFSA_ERGAN(1.0),17/04/26 11:00:00,A,PC,F,Y15-64,TOTAL,CZ,2017-01-01,66.2,,
ESTAT:LFSA_ERGAN(1.0),17/04/26 11:00:00,A,PC,F,Y15-64,TOTAL,DE,2017-01-01,71.5,,
ESTAT:LFSA_ERGAN(1.0),17/04/26 11:00:00,A,PC,F,Y15-64,TOTAL,DK,2017-01-01,70.5,b,
ESTAT:LFSA_ERGAN(1.0),17/04/26 11:00:00,A,PC,F,Y15-64,TOTAL,EA21,2017-01-01,61.2,,
ESTAT:LFSA_ERGAN(1.0),17/04/26 11:00:00,A,PC,F,Y15-64,TOTAL,EE,2017-01-01,70.9,,
ESTAT:LFSA_ERGAN(1.0),17/04/26 11:00:00,A,PC,F,Y15-64,TOTAL,EL,2017-01-01,44.4,,
ESTAT:LFSA_ERGAN(1.0),17/04/26 11:00:00,A,PC,F,Y15-64,TOTAL,ES,2017-01-01,55.7,,
ESTAT:LFSA_ERGAN(1.0),17/04/26 11:00:00,A,PC,F,Y15-64,TOTAL,EU27_2020,2017-01-01,61.3,,
ESTAT:LFSA_ERGAN(1.0),17/04/26 11:00:00,A,PC,F,Y15-64,TOTAL,FI,2017-01-01,68.5,,
ESTAT:LFSA_ERGAN(1.0),17/04/26 11:00:00,A,PC,F,Y15-64,TOTAL,FR,2017-01-01,61.2,,
ESTAT:LFSA_ERGAN(1.0),17/04/26 11:00:00,A,PC,F,Y15-64,TOTAL,HR,2017-01-01,54.0,,
ESTAT:LFSA_ERGAN(1.0),17/04/26 11:00:00,A,PC,F,Y15-64,TOTAL,HU,2017-01-01,61.3,,
ESTAT:LFSA_ERGAN(1.0),17/04/26 11:00:00,A,PC,F,Y15-64,TOTAL,IE,2017-01-01,62.4,b,
ESTAT:LFSA_ERGAN(1.0),17/04/26 11:00:00,A,PC,F,Y15-64,TOTAL,IS,2017-01-01,83.5,,
ESTAT:LFSA_ERGAN(1.0),17/04/26 11:00:00,A,PC,F,Y15-64,TOTAL,IT,2017-01-01,48.9,,
ESTAT:LFSA_ERGAN(1.0),17/04/26 11:00:00,A,PC,F,Y15-64,TOTAL,LT,2017-01-01,70.2,,
ESTAT:LFSA_ERGAN(1.0),17/04/26 11:00:00,A,PC,F,Y15-64,TOTAL,LU,2017-01-01,62.5,,
ESTAT:LFSA_ERGAN(1.0),17/04/26 11:00:00,A,PC,F,Y15-64,TOTAL,LV,2017-01-01,68.4,,
ESTAT:LFSA_ERGAN(1.0),17/04/26 11:00:00,A,PC,F,Y15-64,TOTAL,ME,2017-01-01,46.8,,
ESTAT:LFSA_ERGAN(1.0),17/04/26 11:00:00,A,PC,F,Y15-64,TOTAL,MK,2017-01-01,40.3,,
ESTAT:LFSA_ERGAN(1.0),17/04/26 11:00:00,A,PC,F,Y15-64,TOTAL,MT,2017-01-01,57.6,,
ESTAT:LFSA_ERGAN(1.0),17/04/26 11:00:00,A,PC,F,Y15-64,TOTAL,NL,2017-01-01,71.3,,
ESTAT:LFSA_ERGAN(1.0),17/04/26 11:00:00,A,PC,F,Y15-64,TOTAL,NO,2017-01-01,72.4,,
ESTAT:LFSA_ERGAN(1.0),17/04/26 11:00:00,A,PC,F,Y15-64,TOTAL,PL,2017-01-01,59.5,,
ESTAT:LFSA_ERGAN(1.0),17/04/26 11:00:00,A,PC,F,Y15-64,TOTAL,PT,2017-01-01,64.8,,
ESTAT:LFSA_ERGAN(1.0),17/04/26 11:00:00,A,PC,F,Y15-64,TOTAL,RO,2017-01-01,55.8,,
ESTAT:LFSA_ERGAN(1.0),17/04/26 11:00:00,A,PC,F,Y15-64,TOTAL,RS,2017-01-01,50.8,,
ESTAT:LFSA_ERGAN(1.0),17/04/26 11:00:00,A,PC,F,Y15-64,TOTAL,SE,2017-01-01,75.4,,
ESTAT:LFSA_ERGAN(1.0),17/04/26 11:00:00,A,PC,F,Y15-64,TOTAL,SI,2017-01-01,65.8,,
ESTAT:LFSA_ERGAN(1.0),17/04/26 11:00:00,A,PC,F,Y15-64,TOTAL,SK,2017-01-01,60.3,,
ESTAT:LFSA_ERGAN(1.0),17/04/26 11:00:00,A,PC,F,Y15-64,TOTAL,TR,2017-01-01,32.2,,
ESTAT:LFSA_ERGAN(1.0),17/04/26 11:00:00,A,PC,F,Y15-64,TOTAL,UK,2017-01-01,69.7,,
ESTAT:LFSA_ERGAN(1.0),17/04/26 11:00:00,A,PC,F,Y15-74,TOTAL,AT,2017-01-01,60.0,,
ESTAT:LFSA_ERGAN(1.0),17/04/26 11:00:00,A,PC,F,Y15-74,TOTAL,BE,2017-01-01,51.0,b,
ESTAT:LFSA_ERGAN(1.0),17/04/26 11:00:00,A,PC,F,Y15-74,TOTAL,BG,2017-01-01,53.0,,
ESTAT:LFSA_ERGAN(1.0),17/04/26 11:00:00,A,PC,F,Y15-74,TOTAL,CH,2017-01-01,66.7,,
ESTAT:LFSA_ERGAN(1.0),17/04/26 11:00:00,A,PC,F,Y15-74,TOTAL,CY,2017-01-01,54.8,,
ESTAT:LFSA_ERGAN(1.0),17/04/26 11:00:00,A,PC,F,Y15-74,TOTAL,CZ,2017-01-01,56.1,,
ESTAT:LFSA_ERGAN(1.0),17/04/26 11:00:00,A,PC,F,Y15-74,TOTAL,DE,2017-01-01,62.7,,
ESTAT:LFSA_ERGAN(1.0),17/04/26 11:00:00,A,PC,F,Y15-74,TOTAL,DK,2017-01-01,60.8,b,
ESTAT:LFSA_ERGAN(1.0),17/04/26 11:00:00,A,PC,F,Y15-74,TOTAL,EA21,2017-01-01,53.2,,
ESTAT:LFSA_ERGAN(1.0),17/04/26 11:00:00,A,PC,F,Y15-74,TOTAL,EE,2017-01-01,63.7,,
ESTAT:LFSA_ERGAN(1.0),17/04/26 11:00:00,A,PC,F,Y15-74,TOTAL,EL,2017-01-01,38.5,,
ESTAT:LFSA_ERGAN(1.0),17/04/26 11:00:00,A,PC,F,Y15-74,TOTAL,ES,2017-01-01,48.4,,
ESTAT:LFSA_ERGAN(1.0),17/04/26 11:00:00,A,PC,F,Y15-74,TOTAL,EU27_2020,2017-01-01,53.3,,
ESTAT:LFSA_ERGAN(1.0),17/04/26 11:00:00,A,PC,F,Y15-74,TOTAL,FI,2017-01-01,58.2,,
ESTAT:LFSA_ERGAN(1.0),17/04/26 11:00:00,A,PC,F,Y15-74,TOTAL,FR,2017-01-01,52.8,,
ESTAT:LFSA_ERGAN(1.0),17/04/26 11:00:00,A,PC,F,Y15-74,TOTAL,HR,2017-01-01,46.2,,
ESTAT:LFSA_ERGAN(1.0),17/04/26 11:00:00,A,PC,F,Y15-74,TOTAL,HU,2017-01-01,52.1,,
ESTAT:LFSA_ERGAN(1.0),17/04/26 11:00:00,A,PC,F,Y15-74,TOTAL,IE,2017-01-01,56.6,b,
ESTAT:LFSA_ERGAN(1.0),17/04/26 11:00:00,A,PC,F,Y15-74,TOTAL,IS,2017-01-01,76.8,,
ESTAT:LFSA_ERGAN(1.0),17/04/26 11:00:00,A,PC,F,Y15-74,TOTAL,IT,2017-01-01,42.2,,
ESTAT:LFSA_ERGAN(1.0),17/04/26 11:00:00,A,PC,F,Y15-74,TOTAL,LT,2017-01-01,61.5,,
ESTAT:LFSA_ERGAN(1.0),17/04/26 11:00:00,A,PC,F,Y15-74,TOTAL,LU,2017-01-01,56.4,,
ESTAT:LFSA_ERGAN(1.0),17/04/26 11:00:00,A,PC,F,Y15-74,TOTAL,LV,2017-01-01,60.1,,
ESTAT:LFSA_ERGAN(1.0),17/04/26 11:00:00,A,PC,F,Y15-74,TOTAL,ME,2017-01-01,42.4,,
ESTAT:LFSA_ERGAN(1.0),17/04/26 11:00:00,A,PC,F,Y15-74,TOTAL,MK,2017-01-01,35.9,,
ESTAT:LFSA_ERGAN(1.0),17/04/26 11:00:00,A,PC,F,Y15-74,TOTAL,MT,2017-01-01,49.1,,
ESTAT:LFSA_ERGAN(1.0),17/04/26 11:00:00,A,PC,F,Y15-74,TOTAL,NL,2017-01-01,61.9,,
ESTAT:LFSA_ERGAN(1.0),17/04/26 11:00:00,A,PC,F,Y15-74,TOTAL,NO,2017-01-01,64.6,,
ESTAT:LFSA_ERGAN(1.0),17/04/26 11:00:00,A,PC,F,Y15-74,TOTAL,PL,2017-01-01,51.4,,
ESTAT:LFSA_ERGAN(1.0),17/04/26 11:00:00,A,PC,F,Y15-74,TOTAL,PT,2017-01-01,56.4,,
ESTAT:LFSA_ERGAN(1.0),17/04/26 11:00:00,A,PC,F,Y15-74,TOTAL,RO,2017-01-01,49.8,,
ESTAT:LFSA_ERGAN(1.0),17/04/26 11:00:00,A,PC,F,Y15-74,TOTAL,RS,2017-01-01,44.4,,
ESTAT:LFSA_ERGAN(1.0),17/04/26 11:00:00,A,PC,F,Y15-74,TOTAL,SE,2017-01-01,65.7,,
ESTAT:LFSA_ERGAN(1.0),17/04/26 11:00:00,A,PC,F,Y15-74,TOTAL,SI,2017-01-01,56.8,,
ESTAT:LFSA_ERGAN(1.0),17/04/26 11:00:00,A,PC,F,Y15-74,TOTAL,SK,2017-01-01,53.0,,
ESTAT:LFSA_ERGAN(1.0),17/04/26 11:00:00,A,PC,F,Y15-74,TOTAL,TR,2017-01-01,30.3,,
ESTAT:LFSA_ERGAN(1.0),17/04/26 11:00:00,A,PC,F,Y15-74,TOTAL,UK,2017-01-01,61.7,,
ESTAT:LFSA_ERGAN(1.0),17/04/26 11:00:00,A,PC,F,Y20-64,TOTAL,AT,2017-01-01,71.4,,
ESTAT:LFSA_ERGAN(1.0),17/04/26 11:00:00,A,PC,F,Y20-64,TOTAL,BE,2017-01-01,63.6,b,
ESTAT:LFSA_ERGAN(1.0),17/04/26 11:00:00,A,PC,F,Y20-64,TOTAL,BG,2017-01-01,67.3,,
ESTAT:LFSA_ERGAN(1.0),17/04/26 11:00:00,A,PC,F,Y20-64,TOTAL,CH,2017-01-01,77.4,,
ESTAT:LFSA_ERGAN(1.0),17/04/26 11:00:00,A,PC,F,Y20-64,TOTAL,CY,2017-01-01,66.2,,
ESTAT:LFSA_ERGAN(1.0),17/04/26 11:00:00,A,PC,F,Y20-64,TOTAL,CZ,2017-01-01,70.5,,
ESTAT:LFSA_ERGAN(1.0),17/04/26 11:00:00,A,PC,F,Y20-64,TOTAL,DE,2017-01-01,75.2,,
ESTAT:LFSA_ERGAN(1.0),17/04/26 11:00:00,A,PC,F,Y20-64,TOTAL,DK,2017-01-01,73.2,b,
ESTAT:LFSA_ERGAN(1.0),17/04/26 11:00:00,A,PC,F,Y20-64,TOTAL,EA21,2017-01-01,65.2,,
ESTAT:LFSA_ERGAN(1.0),17/04/26 11:00:00,A,PC,F,Y20-64,TOTAL,EE,2017-01-01,75.1,,
ESTAT:LFSA_ERGAN(1.0),17/04/26 11:00:00,A,PC,F,Y20-64,TOTAL,EL,2017-01-01,48.0,,
ESTAT:LFSA_ERGAN(1.0),17/04/26 11:00:00,A,PC,F,Y20-64,TOTAL,ES,2017-01-01,59.6,,
ESTAT:LFSA_ERGAN(1.0),17/04/26 11:00:00,A,PC,F,Y20-64,TOTAL,EU27_2020,2017-01-01,65.4,,
ESTAT:LFSA_ERGAN(1.0),17/04/26 11:00:00,A,PC,F,Y20-64,TOTAL,FI,2017-01-01,72.4,,
ESTAT:LFSA_ERGAN(1.0),17/04/26 11:00:00,A,PC,F,Y20-64,TOTAL,FR,2017-01-01,66.7,,
ESTAT:LFSA_ERGAN(1.0),17/04/26 11:00:00,A,PC,F,Y20-64,TOTAL,HR,2017-01-01,58.1,,
ESTAT:LFSA_ERGAN(1.0),17/04/26 11:00:00,A,PC,F,Y20-64,TOTAL,HU,2017-01-01,65.7,,
ESTAT:LFSA_ERGAN(1.0),17/04/26 11:00:00,A,PC,F,Y20-64,TOTAL,IE,2017-01-01,67.0,b,
ESTAT:LFSA_ERGAN(1.0),17/04/26 11:00:00,A,PC,F,Y20-64,TOTAL,IS,2017-01-01,84.5,,
ESTAT:LFSA_ERGAN(1.0),17/04/26 11:00:00,A,PC,F,Y20-64,TOTAL,IT,2017-01-01,52.5,,
ESTAT:LFSA_ERGAN(1.0),17/04/26 11:00:00,A,PC,F,Y20-64,TOTAL,LT,2017-01-01,75.5,,
ESTAT:LFSA_ERGAN(1.0),17/04/26 11:00:00,A,PC,F,Y20-64,TOTAL,LU,2017-01-01,67.5,,
ESTAT:LFSA_ERGAN(1.0),17/04/26 11:00:00,A,PC,F,Y20-64,TOTAL,LV,2017-01-01,72.7,,
ESTAT:LFSA_ERGAN(1.0),17/04/26 11:00:00,A,PC,F,Y20-64,TOTAL,ME,2017-01-01,51.4,,
ESTAT:LFSA_ERGAN(1.0),17/04/26 11:00:00,A,PC,F,Y20-64,TOTAL,MK,2017-01-01,43.7,,
ESTAT:LFSA_ERGAN(1.0),17/04/26 11:00:00,A,PC,F,Y20-64,TOTAL,MT,2017-01-01,60.6,,
ESTAT:LFSA_ERGAN(1.0),17/04/26 11:00:00,A,PC,F,Y20-64,TOTAL,NL,2017-01-01,72.8,,
ESTAT:LFSA_ERGAN(1.0),17/04/26 11:00:00,A,PC,F,Y20-64,TOTAL,NO,2017-01-01,76.2,,
ESTAT:LFSA_ERGAN(1.0),17/04/26 11:00:00,A,PC,F,Y20-64,TOTAL,PL,2017-01-01,63.6,,
ESTAT:LFSA_ERGAN(1.0),17/04/26 11:00:00,A,PC,F,Y20-64,TOTAL,PT,2017-01-01,69.8,,
ESTAT:LFSA_ERGAN(1.0),17/04/26 11:00:00,A,PC,F,Y20-64,TOTAL,RO,2017-01-01,60.2,,
ESTAT:LFSA_ERGAN(1.0),17/04/26 11:00:00,A,PC,F,Y20-64,TOTAL,RS,2017-01-01,54.5,,
ESTAT:LFSA_ERGAN(1.0),17/04/26 11:00:00,A,PC,F,Y20-64,TOTAL,SE,2017-01-01,79.8,,
ESTAT:LFSA_ERGAN(1.0),17/04/26 11:00:00,A,PC,F,Y20-64,TOTAL,SI,2017-01-01,69.7,,
ESTAT:LFSA_ERGAN(1.0),17/04/26 11:00:00,A,PC,F,Y20-64,TOTAL,SK,2017-01-01,64.7,,
ESTAT:LFSA_ERGAN(1.0),17/04/26 11:00:00,A,PC,F,Y20-64,TOTAL,TR,2017-01-01,34.5,,
ESTAT:LFSA_ERGAN(1.0),17/04/26 11:00:00,A,PC,F,Y20-64,TOTAL,UK,2017-01-01,73.1,,
ESTAT:LFSA_ERGAN(1.0),17/04/26 11:00:00,A,PC,M,Y15-64,TOTAL,AT,2017-01-01,76.2,,
ESTAT:LFSA_ERGAN(1.0),17/04/26 11:00:00,A,PC,M,Y15-64,TOTAL,BE,2017-01-01,67.5,b,
ESTAT:LFSA_ERGAN(1.0),17/04/26 11:00:00,A,PC,M,Y15-64,TOTAL,BG,2017-01-01,70.6,,
ESTAT:LFSA_ERGAN(1.0),17/04/26 11:00:00,A,PC,M,Y15-64,TOTAL,CH,2017-01-01,84.3,,
ESTAT:LFSA_ERGAN(1.0),17/04/26 11:00:00,A,PC,M,Y15-64,TOTAL,CY,2017-01-01,70.0,,
ESTAT:LFSA_ERGAN(1.0),17/04/26 11:00:00,A,PC,M,Y15-64,TOTAL,CZ,2017-01-01,80.9,,
ESTAT:LFSA_ERGAN(1.0),17/04/26 11:00:00,A,PC,M,Y15-64,TOTAL,DE,2017-01-01,78.9,,
ESTAT:LFSA_ERGAN(1.0),17/04/26 11:00:00,A,PC,M,Y15-64,TOTAL,DK,2017-01-01,76.0,b,
ESTAT:LFSA_ERGAN(1.0),17/04/26 11:00:00,A,PC,M,Y15-64,TOTAL,EA21,2017-01-01,71.4,,
ESTAT:LFSA_ERGAN(1.0),17/04/26 11:00:00,A,PC,M,Y15-64,TOTAL,EE,2017-01-01,76.5,,
ESTAT:LFSA_ERGAN(1.0),17/04/26 11:00:00,A,PC,M,Y15-64,TOTAL,EL,2017-01-01,62.7,,
ESTAT:LFSA_ERGAN(1.0),17/04/26 11:00:00,A,PC,M,Y15-64,TOTAL,ES,2017-01-01,66.5,,
ESTAT:LFSA_ERGAN(1.0),17/04/26 11:00:00,A,PC,M,Y15-64,TOTAL,EU27_2020,2017-01-01,72.1,,
ESTAT:LFSA_ERGAN(1.0),17/04/26 11:00:00,A,PC,M,Y15-64,TOTAL,FI,2017-01-01,71.4,,
ESTAT:LFSA_ERGAN(1.0),17/04/26 11:00:00,A,PC,M,Y15-64,TOTAL,FR,2017-01-01,68.4,,
ESTAT:LFSA_ERGAN(1.0),17/04/26 11:00:00,A,PC,M,Y15-64,TOTAL,HR,2017-01-01,63.7,,
ESTAT:LFSA_ERGAN(1.0),17/04/26 11:00:00,A,PC,M,Y15-64,TOTAL,HU,2017-01-01,75.2,,
ESTAT:LFSA_ERGAN(1.0),17/04/26 11:00:00,A,PC,M,Y15-64,TOTAL,IE,2017-01-01,73.0,b,
ESTAT:LFSA_ERGAN(1.0),17/04/26 11:00:00,A,PC,M,Y15-64,TOTAL,IS,2017-01-01,88.6,,
ESTAT:LFSA_ERGAN(1.0),17/04/26 11:00:00,A,PC,M,Y15-64,TOTAL,IT,2017-01-01,67.1,,
ESTAT:LFSA_ERGAN(1.0),17/04/26 11:00:00,A,PC,M,Y15-64,TOTAL,LT,2017-01-01,70.6,,
ESTAT:LFSA_ERGAN(1.0),17/04/26 11:00:00,A,PC,M,Y15-64,TOTAL,LU,2017-01-01,69.9,,
ESTAT:LFSA_ERGAN(1.0),17/04/26 11:00:00,A,PC,M,Y15-64,TOTAL,LV,2017-01-01,71.9,,
ESTAT:LFSA_ERGAN(1.0),17/04/26 11:00:00,A,PC,M,Y15-64,TOTAL,ME,2017-01-01,59.4,,
ESTAT:LFSA_ERGAN(1.0),17/04/26 11:00:00,A,PC,M,Y15-64,TOTAL,MK,2017-01-01,60.5,,
ESTAT:LFSA_ERGAN(1.0),17/04/26 11:00:00,A,PC,M,Y15-64,TOTAL,MT,2017-01-01,80.1,,
ESTAT:LFSA_ERGAN(1.0),17/04/26 11:00:00,A,PC,M,Y15-64,TOTAL,NL,2017-01-01,80.4,,
ESTAT:LFSA_ERGAN(1.0),17/04/26 11:00:00,A,PC,M,Y15-64,TOTAL,NO,2017-01-01,75.6,,
ESTAT:LFSA_ERGAN(1.0),17/04/26 11:00:00,A,PC,M,Y15-64,TOTAL,PL,2017-01-01,72.8,,
ESTAT:LFSA_ERGAN(1.0),17/04/26 11:00:00,A,PC,M,Y15-64,TOTAL,PT,2017-01-01,71.0,,
ESTAT:LFSA_ERGAN(1.0),17/04/26 11:00:00,A,PC,M,Y15-64,TOTAL,RO,2017-01-01,71.8,,
ESTAT:LFSA_ERGAN(1.0),17/04/26 11:00:00,A,PC,M,Y15-64,TOTAL,RS,2017-01-01,63.9,,
ESTAT:LFSA_ERGAN(1.0),17/04/26 11:00:00,A,PC,M,Y15-64,TOTAL,SE,2017-01-01,78.3,,
ESTAT:LFSA_ERGAN(1.0),17/04/26 11:00:00,A,PC,M,Y15-64,TOTAL,SI,2017-01-01,72.5,,
ESTAT:LFSA_ERGAN(1.0),17/04/26 11:00:00,A,PC,M,Y15-64,TOTAL,SK,2017-01-01,72.0,,
ESTAT:LFSA_ERGAN(1.0),17/04/26 11:00:00,A,PC,M,Y15-64,TOTAL,TR,2017-01-01,70.7,,
ESTAT:LFSA_ERGAN(1.0),17/04/26 11:00:00,A,PC,M,Y15-64,TOTAL,UK,2017-01-01,78.6,,
ESTAT:LFSA_ERGAN(1.0),17/04/26 11:00:00,A,PC,M,Y15-74,TOTAL,AT,2017-01-01,68.4,,
ESTAT:LFSA_ERGAN(1.0),17/04/26 11:00:00,A,PC,M,Y15-74,TOTAL,BE,2017-01-01,59.8,b,
ESTAT:LFSA_ERGAN(1.0),17/04/26 11:00:00,A,PC,M,Y15-74,TOTAL,BG,2017-01-01,62.5,,
ESTAT:LFSA_ERGAN(1.0),17/04/26 11:00:00,A,PC,M,Y15-74,TOTAL,CH,2017-01-01,77.2,,
ESTAT:LFSA_ERGAN(1.0),17/04/26 11:00:00,A,PC,M,Y15-74,TOTAL,CY,2017-01-01,63.9,,
ESTAT:LFSA_ERGAN(1.0),17/04/26 11:00:00,A,PC,M,Y15-74,TOTAL,CZ,2017-01-01,71.7,,
ESTAT:LFSA_ERGAN(1.0),17/04/26 11:00:00,A,PC,M,Y15-74,TOTAL,DE,2017-01-01,70.9,,
ESTAT:LFSA_ERGAN(1.0),17/04/26 11:00:00,A,PC,M,Y15-74,TOTAL,DK,2017-01-01,67.7,b,
ESTAT:LFSA_ERGAN(1.0),17/04/26 11:00:00,A,PC,M,Y15-74,TOTAL,EA21,2017-01-01,63.6,,
ESTAT:LFSA_ERGAN(1.0),17/04/26 11:00:00,A,PC,M,Y15-74,TOTAL,EE,2017-01-01,71.3,,
ESTAT:LFSA_ERGAN(1.0),17/04/26 11:00:00,A,PC,M,Y15-74,TOTAL,EL,2017-01-01,55.4,,
ESTAT:LFSA_ERGAN(1.0),17/04/26 11:00:00,A,PC,M,Y15-74,TOTAL,ES,2017-01-01,59.1,,
ESTAT:LFSA_ERGAN(1.0),17/04/26 11:00:00,A,PC,M,Y15-74,TOTAL,EU27_2020,2017-01-01,64.3,,
ESTAT:LFSA_ERGAN(1.0),17/04/26 11:00:00,A,PC,M,Y15-74,TOTAL,FI,2017-01-01,62.6,,
ESTAT:LFSA_ERGAN(1.0),17/04/26 11:00:00,A,PC,M,Y15-74,TOTAL,FR,2017-01-01,59.8,,
ESTAT:LFSA_ERGAN(1.0),17/04/26 11:00:00,A,PC,M,Y15-74,TOTAL,HR,2017-01-01,56.1,,
ESTAT:LFSA_ERGAN(1.0),17/04/26 11:00:00,A,PC,M,Y15-74,TOTAL,HU,2017-01-01,66.9,,
ESTAT:LFSA_ERGAN(1.0),17/04/26 11:00:00,A,PC,M,Y15-74,TOTAL,IE,2017-01-01,67.5,b,
ESTAT:LFSA_ERGAN(1.0),17/04/26 11:00:00,A,PC,M,Y15-74,TOTAL,IS,2017-01-01,84.3,,
ESTAT:LFSA_ERGAN(1.0),17/04/26 11:00:00,A,PC,M,Y15-74,TOTAL,IT,2017-01-01,59.4,,
ESTAT:LFSA_ERGAN(1.0),17/04/26 11:00:00,A,PC,M,Y15-74,TOTAL,LT,2017-01-01,65.2,,
ESTAT:LFSA_ERGAN(1.0),17/04/26 11:00:00,A,PC,M,Y15-74,TOTAL,LU,2017-01-01,63.4,,
ESTAT:LFSA_ERGAN(1.0),17/04/26 11:00:00,A,PC,M,Y15-74,TOTAL,LV,2017-01-01,66.0,,
ESTAT:LFSA_ERGAN(1.0),17/04/26 11:00:00,A,PC,M,Y15-74,TOTAL,ME,2017-01-01,55.4,,
ESTAT:LFSA_ERGAN(1.0),17/04/26 11:00:00,A,PC,M,Y15-74,TOTAL,MK,2017-01-01,55.0,,
ESTAT:LFSA_ERGAN(1.0),17/04/26 11:00:00,A,PC,M,Y15-74,TOTAL,MT,2017-01-01,70.4,,
ESTAT:LFSA_ERGAN(1.0),17/04/26 11:00:00,A,PC,M,Y15-74,TOTAL,NL,2017-01-01,71.5,,
ESTAT:LFSA_ERGAN(1.0),17/04/26 11:00:00,A,PC,M,Y15-74,TOTAL,NO,2017-01-01,69.0,,
ESTAT:LFSA_ERGAN(1.0),17/04/26 11:00:00,A,PC,M,Y15-74,TOTAL,PL,2017-01-01,66.0,,
ESTAT:LFSA_ERGAN(1.0),17/04/26 11:00:00,A,PC,M,Y15-74,TOTAL,PT,2017-01-01,64.4,,
ESTAT:LFSA_ERGAN(1.0),17/04/26 11:00:00,A,PC,M,Y15-74,TOTAL,RO,2017-01-01,65.7,,
ESTAT:LFSA_ERGAN(1.0),17/04/26 11:00:00,A,PC,M,Y15-74,TOTAL,RS,2017-01-01,58.1,,
ESTAT:LFSA_ERGAN(1.0),17/04/26 11:00:00,A,PC,M,Y15-74,TOTAL,SE,2017-01-01,69.9,,
ESTAT:LFSA_ERGAN(1.0),17/04/26 11:00:00,A,PC,M,Y15-74,TOTAL,SI,2017-01-01,64.3,,
ESTAT:LFSA_ERGAN(1.0),17/04/26 11:00:00,A,PC,M,Y15-74,TOTAL,SK,2017-01-01,65.5,,
ESTAT:LFSA_ERGAN(1.0),17/04/26 11:00:00,A,PC,M,Y15-74,TOTAL,TR,2017-01-01,67.7,,
ESTAT:LFSA_ERGAN(1.0),17/04/26 11:00:00,A,PC,M,Y15-74,TOTAL,UK,2017-01-01,70.9,,
ESTAT:LFSA_ERGAN(1.0),17/04/26 11:00:00,A,PC,M,Y20-64,TOTAL,AT,2017-01-01,79.4,,
ESTAT:LFSA_ERGAN(1.0),17/04/26 11:00:00,A,PC,M,Y20-64,TOTAL,BE,2017-01-01,73.4,b,
ESTAT:LFSA_ERGAN(1.0),17/04/26 11:00:00,A,PC,M,Y20-64,TOTAL,BG,2017-01-01,75.3,,
ESTAT:LFSA_ERGAN(1.0),17/04/26 11:00:00,A,PC,M,Y20-64,TOTAL,CH,2017-01-01,86.8,,
ESTAT:LFSA_ERGAN(1.0),17/04/26 11:00:00,A,PC,M,Y20-64,TOTAL,CY,2017-01-01,75.7,,
ESTAT:LFSA_ERGAN(1.0),17/04/26 11:00:00,A,PC,M,Y20-64,TOTAL,CZ,2017-01-01,86.3,,
ESTAT:LFSA_ERGAN(1.0),17/04/26 11:00:00,A,PC,M,Y20-64,TOTAL,DE,2017-01-01,83.1,,
ESTAT:LFSA_ERGAN(1.0),17/04/26 11:00:00,A,PC,M,Y20-64,TOTAL,DK,2017-01-01,79.9,b,
ESTAT:LFSA_ERGAN(1.0),17/04/26 11:00:00,A,PC,M,Y20-64,TOTAL,EA21,2017-01-01,76.4,,
ESTAT:LFSA_ERGAN(1.0),17/04/26 11:00:00,A,PC,M,Y20-64,TOTAL,EE,2017-01-01,81.6,,
ESTAT:LFSA_ERGAN(1.0),17/04/26 11:00:00,A,PC,M,Y20-64,TOTAL,EL,2017-01-01,67.7,,
ESTAT:LFSA_ERGAN(1.0),17/04/26 11:00:00,A,PC,M,Y20-64,TOTAL,ES,2017-01-01,71.5,,
ESTAT:LFSA_ERGAN(1.0),17/04/26 11:00:00,A,PC,M,Y20-64,TOTAL,EU27_2020,2017-01-01,77.2,,
ESTAT:LFSA_ERGAN(1.0),17/04/26 11:00:00,A,PC,M,Y20-64,TOTAL,FI,2017-01-01,75.9,,
ESTAT:LFSA_ERGAN(1.0),17/04/26 11:00:00,A,PC,M,Y20-64,TOTAL,FR,2017-01-01,74.6,,
ESTAT:LFSA_ERGAN(1.0),17/04/26 11:00:00,A,PC,M,Y20-64,TOTAL,HR,2017-01-01,68.6,,
ESTAT:LFSA_ERGAN(1.0),17/04/26 11:00:00,A,PC,M,Y20-64,TOTAL,HU,2017-01-01,81.0,,
ESTAT:LFSA_ERGAN(1.0),17/04/26 11:00:00,A,PC,M,Y20-64,TOTAL,IE,2017-01-01,79.1,b,
ESTAT:LFSA_ERGAN(1.0),17/04/26 11:00:00,A,PC,M,Y20-64,TOTAL,IS,2017-01-01,90.5,,
ESTAT:LFSA_ERGAN(1.0),17/04/26 11:00:00,A,PC,M,Y20-64,TOTAL,IT,2017-01-01,72.3,,
ESTAT:LFSA_ERGAN(1.0),17/04/26 11:00:00,A,PC,M,Y20-64,TOTAL,LT,2017-01-01,76.5,,
ESTAT:LFSA_ERGAN(1.0),17/04/26 11:00:00,A,PC,M,Y20-64,TOTAL,LU,2017-01-01,75.4,,
ESTAT:LFSA_ERGAN(1.0),17/04/26 11:00:00,A,PC,M,Y20-64,TOTAL,LV,2017-01-01,77.0,,
ESTAT:LFSA_ERGAN(1.0),17/04/26 11:00:00,A,PC,M,Y20-64,TOTAL,ME,2017-01-01,65.2,,
ESTAT:LFSA_ERGAN(1.0),17/04/26 11:00:00,A,PC,M,Y20-64,TOTAL,MK,2017-01-01,65.6,,
ESTAT:LFSA_ERGAN(1.0),17/04/26 11:00:00,A,PC,M,Y20-64,TOTAL,MT,2017-01-01,84.7,,
ESTAT:LFSA_ERGAN(1.0),17/04/26 11:00:00,A,PC,M,Y20-64,TOTAL,NL,2017-01-01,83.3,,
ESTAT:LFSA_ERGAN(1.0),17/04/26 11:00:00,A,PC,M,Y20-64,TOTAL,NO,2017-01-01,80.2,,
ESTAT:LFSA_ERGAN(1.0),17/04/26 11:00:00,A,PC,M,Y20-64,TOTAL,PL,2017-01-01,78.2,,
ESTAT:LFSA_ERGAN(1.0),17/04/26 11:00:00,A,PC,M,Y20-64,TOTAL,PT,2017-01-01,77.2,,
ESTAT:LFSA_ERGAN(1.0),17/04/26 11:00:00,A,PC,M,Y20-64,TOTAL,RO,2017-01-01,77.3,,
ESTAT:LFSA_ERGAN(1.0),17/04/26 11:00:00,A,PC,M,Y20-64,TOTAL,RS,2017-01-01,68.5,,
ESTAT:LFSA_ERGAN(1.0),17/04/26 11:00:00,A,PC,M,Y20-64,TOTAL,SE,2017-01-01,83.8,,
ESTAT:LFSA_ERGAN(1.0),17/04/26 11:00:00,A,PC,M,Y20-64,TOTAL,SI,2017-01-01,76.9,,
ESTAT:LFSA_ERGAN(1.0),17/04/26 11:00:00,A,PC,M,Y20-64,TOTAL,SK,2017-01-01,77.5,,
ESTAT:LFSA_ERGAN(1.0),17/04/26 11:00:00,A,PC,M,Y20-64,TOTAL,TR,2017-01-01,76.1,,
ESTAT:LFSA_ERGAN(1.0),17/04/26 11:00:00,A,PC,M,Y20-64,TOTAL,UK,2017-01-01,83.3,,
ESTAT:LFSA_ERGAN(1.0),17/04/26 11:00:00,A,PC,T,Y15-64,TOTAL,AT,2017-01-01,72.2,,
ESTAT:LFSA_ERGAN(1.0),17/04/26 11:00:00,A,PC,T,Y15-64,TOTAL,BE,2017-01-01,63.1,b,
ESTAT:LFSA_ERGAN(1.0),17/04/26 11:00:00,A,PC,T,Y15-64,TOTAL,BG,2017-01-01,66.9,,
ESTAT:LFSA_ERGAN(1.0),17/04/26 11:00:00,A,PC,T,Y15-64,TOTAL,CH,2017-01-01,79.8,,
ESTAT:LFSA_ERGAN(1.0),17/04/26 11:00:00,A,PC,T,Y15-64,TOTAL,CY,2017-01-01,65.6,,
ESTAT:LFSA_ERGAN(1.0),17/04/26 11:00:00,A,PC,T,Y15-64,TOTAL,CZ,2017-01-01,73.6,,
ESTAT:LFSA_ERGAN(1.0),17/04/26 11:00:00,A,PC,T,Y15-64,TOTAL,DE,2017-01-01,75.2,,
ESTAT:LFSA_ERGAN(1.0),17/04/26 11:00:00,A,PC,T,Y15-64,TOTAL,DK,2017-01-01,73.2,b,
ESTAT:LFSA_ERGAN(1.0),17/04/26 11:00:00,A,PC,T,Y15-64,TOTAL,EA21,2017-01-01,66.3,,
ESTAT:LFSA_ERGAN(1.0),17/04/26 11:00:00,A,PC,T,Y15-64,TOTAL,EE,2017-01-01,73.7,,
ESTAT:LFSA_ERGAN(1.0),17/04/26 11:00:00,A,PC,T,Y15-64,TOTAL,EL,2017-01-01,53.5,,
ESTAT:LFSA_ERGAN(1.0),17/04/26 11:00:00,A,PC,T,Y15-64,TOTAL,ES,2017-01-01,61.1,,
ESTAT:LFSA_ERGAN(1.0),17/04/26 11:00:00,A,PC,T,Y15-64,TOTAL,EU27_2020,2017-01-01,66.7,,
ESTAT:LFSA_ERGAN(1.0),17/04/26 11:00:00,A,PC,T,Y15-64,TOTAL,FI,2017-01-01,70.0,,
ESTAT:LFSA_ERGAN(1.0),17/04/26 11:00:00,A,PC,T,Y15-64,TOTAL,FR,2017-01-01,64.7,,
ESTAT:LFSA_ERGAN(1.0),17/04/26 11:00:00,A,PC,T,Y15-64,TOTAL,HR,2017-01-01,58.8,,
ESTAT:LFSA_ERGAN(1.0),17/04/26 11:00:00,A,PC,T,Y15-64,TOTAL,HU,2017-01-01,68.2,,
ESTAT:LFSA_ERGAN(1.0),17/04/26 11:00:00,A,PC,T,Y15-64,TOTAL,IE,2017-01-01,67.7,b,
ESTAT:LFSA_ERGAN(1.0),17/04/26 11:00:00,A,PC,T,Y15-64,TOTAL,IS,2017-01-01,86.1,,
ESTAT:LFSA_ERGAN(1.0),17/04/26 11:00:00,A,PC,T,Y15-64,TOTAL,IT,2017-01-01,58.0,,
ESTAT:LFSA_ERGAN(1.0),17/04/26 11:00:00,A,PC,T,Y15-64,TOTAL,LT,2017-01-01,70.4,,
ESTAT:LFSA_ERGAN(1.0),17/04/26 11:00:00,A,PC,T,Y15-64,TOTAL,LU,2017-01-01,66.3,,
ESTAT:LFSA_ERGAN(1.0),17/04/26 11:00:00,A,PC,T,Y15-64,TOTAL,LV,2017-01-01,70.1,,
ESTAT:LFSA_ERGAN(1.0),17/04/26 11:00:00,A,PC,T,Y15-64,TOTAL,ME,2017-01-01,53.1,,
ESTAT:LFSA_ERGAN(1.0),17/04/26 11:00:00,A,PC,T,Y15-64,TOTAL,MK,2017-01-01,50.5,,
ESTAT:LFSA_ERGAN(1.0),17/04/26 11:00:00,A,PC,T,Y15-64,TOTAL,MT,2017-01-01,69.2,,
ESTAT:LFSA_ERGAN(1.0),17/04/26 11:00:00,A,PC,T,Y15-64,TOTAL,NL,2017-01-01,75.8,,
ESTAT:LFSA_ERGAN(1.0),17/04/26 11:00:00,A,PC,T,Y15-64,TOTAL,NO,2017-01-01,74.0,,
ESTAT:LFSA_ERGAN(1.0),17/04/26 11:00:00,A,PC,T,Y15-64,TOTAL,PL,2017-01-01,66.1,,
ESTAT:LFSA_ERGAN(1.0),17/04/26 11:00:00,A,PC,T,Y15-64,TOTAL,PT,2017-01-01,67.8,,
ESTAT:LFSA_ERGAN(1.0),17/04/26 11:00:00,A,PC,T,Y15-64,TOTAL,RO,2017-01-01,63.9,,
ESTAT:LFSA_ERGAN(1.0),17/04/26 11:00:00,A,PC,T,Y15-64,TOTAL,RS,2017-01-01,57.3,,
ESTAT:LFSA_ERGAN(1.0),17/04/26 11:00:00,A,PC,T,Y15-64,TOTAL,SE,2017-01-01,76.9,,
ESTAT:LFSA_ERGAN(1.0),17/04/26 11:00:00,A,PC,T,Y15-64,TOTAL,SI,2017-01-01,69.3,,
ESTAT:LFSA_ERGAN(1.0),17/04/26 11:00:00,A,PC,T,Y15-64,TOTAL,SK,2017-01-01,66.2,,
ESTAT:LFSA_ERGAN(1.0),17/04/26 11:00:00,A,PC,T,Y15-64,TOTAL,TR,2017-01-01,51.5,,
ESTAT:LFSA_ERGAN(1.0),17/04/26 11:00:00,A,PC,T,Y15-64,TOTAL,UK,2017-01-01,74.1,,
ESTAT:LFSA_ERGAN(1.0),17/04/26 11:00:00,A,PC,T,Y15-74,TOTAL,AT,2017-01-01,64.2,,
ESTAT:LFSA_ERGAN(1.0),17/04/26 11:00:00,A,PC,T,Y15-74,TOTAL,BE,2017-01-01,55.4,b,
ESTAT:LFSA_ERGAN(1.0),17/04/26 11:00:00,A,PC,T,Y15-74,TOTAL,BG,2017-01-01,57.7,,
ESTAT:LFSA_ERGAN(1.0),17/04/26 11:00:00,A,PC,T,Y15-74,TOTAL,CH,2017-01-01,71.9,,
ESTAT:LFSA_ERGAN(1.0),17/04/26 11:00:00,A,PC,T,Y15-74,TOTAL,CY,2017-01-01,59.2,,
ESTAT:LFSA_ERGAN(1.0),17/04/26 11:00:00,A,PC,T,Y15-74,TOTAL,CZ,2017-01-01,63.8,,
ESTAT:LFSA_ERGAN(1.0),17/04/26 11:00:00,A,PC,T,Y15-74,TOTAL,DE,2017-01-01,66.9,,
ESTAT:LFSA_ERGAN(1.0),17/04/26 11:00:00,A,PC,T,Y15-74,TOTAL,DK,2017-01-01,64.2,b,
ESTAT:LFSA_ERGAN(1.0),17/04/26 11:00:00,A,PC,T,Y15-74,TOTAL,EA21,2017-01-01,58.3,,
ESTAT:LFSA_ERGAN(1.0),17/04/26 11:00:00,A,PC,T,Y15-74,TOTAL,EE,2017-01-01,67.4,,
ESTAT:LFSA_ERGAN(1.0),17/04/26 11:00:00,A,PC,T,Y15-74,TOTAL,EL,2017-01-01,46.8,,
ESTAT:LFSA_ERGAN(1.0),17/04/26 11:00:00,A,PC,T,Y15-74,TOTAL,ES,2017-01-01,53.7,,
ESTAT:LFSA_ERGAN(1.0),17/04/26 11:00:00,A,PC,T,Y15-74,TOTAL,EU27_2020,2017-01-01,58.8,,
ESTAT:LFSA_ERGAN(1.0),17/04/26 11:00:00,A,PC,T,Y15-74,TOTAL,FI,2017-01-01,60.4,,
ESTAT:LFSA_ERGAN(1.0),17/04/26 11:00:00,A,PC,T,Y15-74,TOTAL,FR,2017-01-01,56.2,,
ESTAT:LFSA_ERGAN(1.0),17/04/26 11:00:00,A,PC,T,Y15-74,TOTAL,HR,2017-01-01,51.0,,
ESTAT:LFSA_ERGAN(1.0),17/04/26 11:00:00,A,PC,T,Y15-74,TOTAL,HU,2017-01-01,59.3,,
ESTAT:LFSA_ERGAN(1.0),17/04/26 11:00:00,A,PC,T,Y15-74,TOTAL,IE,2017-01-01,62.0,b,
ESTAT:LFSA_ERGAN(1.0),17/04/26 11:00:00,A,PC,T,Y15-74,TOTAL,IS,2017-01-01,80.6,,
ESTAT:LFSA_ERGAN(1.0),17/04/26 11:00:00,A,PC,T,Y15-74,TOTAL,IT,2017-01-01,50.7,,
ESTAT:LFSA_ERGAN(1.0),17/04/26 11:00:00,A,PC,T,Y15-74,TOTAL,LT,2017-01-01,63.2,,
ESTAT:LFSA_ERGAN(1.0),17/04/26 11:00:00,A,PC,T,Y15-74,TOTAL,LU,2017-01-01,59.9,,
ESTAT:LFSA_ERGAN(1.0),17/04/26 11:00:00,A,PC,T,Y15-74,TOTAL,LV,2017-01-01,62.9,,
ESTAT:LFSA_ERGAN(1.0),17/04/26 11:00:00,A,PC,T,Y15-74,TOTAL,ME,2017-01-01,48.8,,
ESTAT:LFSA_ERGAN(1.0),17/04/26 11:00:00,A,PC,T,Y15-74,TOTAL,MK,2017-01-01,45.5,,
ESTAT:LFSA_ERGAN(1.0),17/04/26 11:00:00,A,PC,T,Y15-74,TOTAL,MT,2017-01-01,60.0,,
ESTAT:LFSA_ERGAN(1.0),17/04/26 11:00:00,A,PC,T,Y15-74,TOTAL,NL,2017-01-01,66.7,,
ESTAT:LFSA_ERGAN(1.0),17/04/26 11:00:00,A,PC,T,Y15-74,TOTAL,NO,2017-01-01,66.8,,
ESTAT:LFSA_ERGAN(1.0),17/04/26 11:00:00,A,PC,T,Y15-74,TOTAL,PL,2017-01-01,58.6,,
ESTAT:LFSA_ERGAN(1.0),17/04/26 11:00:00,A,PC,T,Y15-74,TOTAL,PT,2017-01-01,60.2,,
ESTAT:LFSA_ERGAN(1.0),17/04/26 11:00:00,A,PC,T,Y15-74,TOTAL,RO,2017-01-01,57.7,,
ESTAT:LFSA_ERGAN(1.0),17/04/26 11:00:00,A,PC,T,Y15-74,TOTAL,RS,2017-01-01,51.2,,
ESTAT:LFSA_ERGAN(1.0),17/04/26 11:00:00,A,PC,T,Y15-74,TOTAL,SE,2017-01-01,67.8,,
ESTAT:LFSA_ERGAN(1.0),17/04/26 11:00:00,A,PC,T,Y15-74,TOTAL,SI,2017-01-01,60.6,,
ESTAT:LFSA_ERGAN(1.0),17/04/26 11:00:00,A,PC,T,Y15-74,TOTAL,SK,2017-01-01,59.2,,
ESTAT:LFSA_ERGAN(1.0),17/04/26 11:00:00,A,PC,T,Y15-74,TOTAL,TR,2017-01-01,49.0,,
ESTAT:LFSA_ERGAN(1.0),17/04/26 11:00:00,A,PC,T,Y15-74,TOTAL,UK,2017-01-01,66.2,,
ESTAT:LFSA_ERGAN(1.0),17/04/26 11:00:00,A,PC,T,Y20-64,TOTAL,AT,2017-01-01,75.4,,
ESTAT:LFSA_ERGAN(1.0),17/04/26 11:00:00,A,PC,T,Y20-64,TOTAL,BE,2017-01-01,68.5,b,
ESTAT:LFSA_ERGAN(1.0),17/04/26 11:00:00,A,PC,T,Y20-64,TOTAL,BG,2017-01-01,71.3,,
ESTAT:LFSA_ERGAN(1.0),17/04/26 11:00:00,A,PC,T,Y20-64,TOTAL,CH,2017-01-01,82.1,,
ESTAT:LFSA_ERGAN(1.0),17/04/26 11:00:00,A,PC,T,Y20-64,TOTAL,CY,2017-01-01,70.8,,
ESTAT:LFSA_ERGAN(1.0),17/04/26 11:00:00,A,PC,T,Y20-64,TOTAL,CZ,2017-01-01,78.5,,
ESTAT:LFSA_ERGAN(1.0),17/04/26 11:00:00,A,PC,T,Y20-64,TOTAL,DE,2017-01-01,79.2,,
ESTAT:LFSA_ERGAN(1.0),17/04/26 11:00:00,A,PC,T,Y20-64,TOTAL,DK,2017-01-01,76.6,b,
ESTAT:LFSA_ERGAN(1.0),17/04/26 11:00:00,A,PC,T,Y20-64,TOTAL,EA21,2017-01-01,70.8,,
ESTAT:LFSA_ERGAN(1.0),17/04/26 11:00:00,A,PC,T,Y20-64,TOTAL,EE,2017-01-01,78.3,,
ESTAT:LFSA_ERGAN(1.0),17/04/26 11:00:00,A,PC,T,Y20-64,TOTAL,EL,2017-01-01,57.8,,
ESTAT:LFSA_ERGAN(1.0),17/04/26 11:00:00,A,PC,T,Y20-64,TOTAL,ES,2017-01-01,65.5,,
ESTAT:LFSA_ERGAN(1.0),17/04/26 11:00:00,A,PC,T,Y20-64,TOTAL,EU27_2020,2017-01-01,71.3,,
ESTAT:LFSA_ERGAN(1.0),17/04/26 11:00:00,A,PC,T,Y20-64,TOTAL,FI,2017-01-01,74.2,,
ESTAT:LFSA_ERGAN(1.0),17/04/26 11:00:00,A,PC,T,Y20-64,TOTAL,FR,2017-01-01,70.6,,
ESTAT:LFSA_ERGAN(1.0),17/04/26 11:00:00,A,PC,T,Y20-64,TOTAL,HR,2017-01-01,63.2,,
ESTAT:LFSA_ERGAN(1.0),17/04/26 11:00:00,A,PC,T,Y20-64,TOTAL,HU,2017-01-01,73.3,,
ESTAT:LFSA_ERGAN(1.0),17/04/26 11:00:00,A,PC,T,Y20-64,TOTAL,IE,2017-01-01,73.0,b,
ESTAT:LFSA_ERGAN(1.0),17/04/26 11:00:00,A,PC,T,Y20-64,TOTAL,IS,2017-01-01,87.6,,
ESTAT:LFSA_ERGAN(1.0),17/04/26 11:00:00,A,PC,T,Y20-64,TOTAL,IT,2017-01-01,62.3,,
ESTAT:LFSA_ERGAN(1.0),17/04/26 11:00:00,A,PC,T,Y20-64,TOTAL,LT,2017-01-01,76.0,,
ESTAT:LFSA_ERGAN(1.0),17/04/26 11:00:00,A,PC,T,Y20-64,TOTAL,LU,2017-01-01,71.5,,
ESTAT:LFSA_ERGAN(1.0),17/04/26 11:00:00,A,PC,T,Y20-64,TOTAL,LV,2017-01-01,74.8,,
ESTAT:LFSA_ERGAN(1.0),17/04/26 11:00:00,A,PC,T,Y20-64,TOTAL,ME,2017-01-01,58.2,,
ESTAT:LFSA_ERGAN(1.0),17/04/26 11:00:00,A,PC,T,Y20-64,TOTAL,MK,2017-01-01,54.8,,
ESTAT:LFSA_ERGAN(1.0),17/04/26 11:00:00,A,PC,T,Y20-64,TOTAL,MT,2017-01-01,73.0,,
ESTAT:LFSA_ERGAN(1.0),17/04/26 11:00:00,A,PC,T,Y20-64,TOTAL,NL,2017-01-01,78.0,,
ESTAT:LFSA_ERGAN(1.0),17/04/26 11:00:00,A,PC,T,Y20-64,TOTAL,NO,2017-01-01,78.3,,
ESTAT:LFSA_ERGAN(1.0),17/04/26 11:00:00,A,PC,T,Y20-64,TOTAL,PL,2017-01-01,70.9,,
ESTAT:LFSA_ERGAN(1.0),17/04/26 11:00:00,A,PC,T,Y20-64,TOTAL,PT,2017-01-01,73.4,,
ESTAT:LFSA_ERGAN(1.0),17/04/26 11:00:00,A,PC,T,Y20-64,TOTAL,RO,2017-01-01,68.8,,
ESTAT:LFSA_ERGAN(1.0),17/04/26 11:00:00,A,PC,T,Y20-64,TOTAL,RS,2017-01-01,61.4,,
ESTAT:LFSA_ERGAN(1.0),17/04/26 11:00:00,A,PC,T,Y20-64,TOTAL,SE,2017-01-01,81.8,,
ESTAT:LFSA_ERGAN(1.0),17/04/26 11:00:00,A,PC,T,Y20-64,TOTAL,SI,2017-01-01,73.4,,
ESTAT:LFSA_ERGAN(1.0),17/04/26 11:00:00,A,PC,T,Y20-64,TOTAL,SK,2017-01-01,71.1,,
ESTAT:LFSA_ERGAN(1.0),17/04/26 11:00:00,A,PC,T,Y20-64,TOTAL,TR,2017-01-01,55.3,,
ESTAT:LFSA_ERGAN(1.0),17/04/26 11:00:00,A,PC,T,Y20-64,TOTAL,UK,2017-01-01,78.2,,
ESTAT:LFSA_ERGAN(1.0),17/04/26 11:00:00,A,PC,F,Y15-64,TOTAL,AT,2018-01-01,68.6,,
ESTAT:LFSA_ERGAN(1.0),17/04/26 11:00:00,A,PC,F,Y15-64,TOTAL,BE,2018-01-01,60.7,,
ESTAT:LFSA_ERGAN(1.0),17/04/26 11:00:00,A,PC,F,Y15-64,TOTAL,BG,2018-01-01,63.9,,
ESTAT:LFSA_ERGAN(1.0),17/04/26 11:00:00,A,PC,F,Y15-64,TOTAL,CH,2018-01-01,75.7,,
ESTAT:LFSA_ERGAN(1.0),17/04/26 11:00:00,A,PC,F,Y15-64,TOTAL,CY,2018-01-01,64.2,,
ESTAT:LFSA_ERGAN(1.0),17/04/26 11:00:00,A,PC,F,Y15-64,TOTAL,CZ,2018-01-01,67.6,,
ESTAT:LFSA_ERGAN(1.0),17/04/26 11:00:00,A,PC,F,Y15-64,TOTAL,DE,2018-01-01,72.1,,
ESTAT:LFSA_ERGAN(1.0),17/04/26 11:00:00,A,PC,F,Y15-64,TOTAL,DK,2018-01-01,71.3,,
ESTAT:LFSA_ERGAN(1.0),17/04/26 11:00:00,A,PC,F,Y15-64,TOTAL,EA21,2018-01-01,62.1,,
ESTAT:LFSA_ERGAN(1.0),17/04/26 11:00:00,A,PC,F,Y15-64,TOTAL,EE,2018-01-01,71.4,,
ESTAT:LFSA_ERGAN(1.0),17/04/26 11:00:00,A,PC,F,Y15-64,TOTAL,EL,2018-01-01,45.3,,
ESTAT:LFSA_ERGAN(1.0),17/04/26 11:00:00,A,PC,F,Y15-64,TOTAL,ES,2018-01-01,56.9,,
ESTAT:LFSA_ERGAN(1.0),17/04/26 11:00:00,A,PC,F,Y15-64,TOTAL,EU27_2020,2018-01-01,62.3,,
ESTAT:LFSA_ERGAN(1.0),17/04/26 11:00:00,A,PC,F,Y15-64,TOTAL,FI,2018-01-01,70.6,,
ESTAT:LFSA_ERGAN(1.0),17/04/26 11:00:00,A,PC,F,Y15-64,TOTAL,FR,2018-01-01,61.9,,
ESTAT:LFSA_ERGAN(1.0),17/04/26 11:00:00,A,PC,F,Y15-64,TOTAL,HR,2018-01-01,55.7,,
ESTAT:LFSA_ERGAN(1.0),17/04/26 11:00:00,A,PC,F,Y15-64,TOTAL,HU,2018-01-01,62.5,b,
ESTAT:LFSA_ERGAN(1.0),17/04/26 11:00:00,A,PC,F,Y15-64,TOTAL,IE,2018-01-01,63.3,,
ESTAT:LFSA_ERGAN(1.0),17/04/26 11:00:00,A,PC,F,Y15-64,TOTAL,IS,2018-01-01,82.5,,
ESTAT:LFSA_ERGAN(1.0),17/04/26 11:00:00,A,PC,F,Y15-64,TOTAL,IT,2018-01-01,49.6,b,
ESTAT:LFSA_ERGAN(1.0),17/04/26 11:00:00,A,PC,F,Y15-64,TOTAL,LT,2018-01-01,71.6,,
ESTAT:LFSA_ERGAN(1.0),17/04/26 11:00:00,A,PC,F,Y15-64,TOTAL,LU,2018-01-01,63.4,,
ESTAT:LFSA_ERGAN(1.0),17/04/26 11:00:00,A,PC,F,Y15-64,TOTAL,LV,2018-01-01,70.1,,
ESTAT:LFSA_ERGAN(1.0),17/04/26 11:00:00,A,PC,F,Y15-64,TOTAL,ME,2018-01-01,48.4,,
ESTAT:LFSA_ERGAN(1.0),17/04/26 11:00:00,A,PC,F,Y15-64,TOTAL,MK,2018-01-01,41.7,,
ESTAT:LFSA_ERGAN(1.0),17/04/26 11:00:00,A,PC,F,Y15-64,TOTAL,MT,2018-01-01,60.7,,
ESTAT:LFSA_ERGAN(1.0),17/04/26 11:00:00,A,PC,F,Y15-64,TOTAL,NL,2018-01-01,72.8,,
ESTAT:LFSA_ERGAN(1.0),17/04/26 11:00:00,A,PC,F,Y15-64,TOTAL,NO,2018-01-01,72.6,,
ESTAT:LFSA_ERGAN(1.0),17/04/26 11:00:00,A,PC,F,Y15-64,TOTAL,PL,2018-01-01,60.8,,
ESTAT:LFSA_ERGAN(1.0),17/04/26 11:00:00,A,PC,F,Y15-64,TOTAL,PT,2018-01-01,66.9,,
ESTAT:LFSA_ERGAN(1.0),17/04/26 11:00:00,A,PC,F,Y15-64,TOTAL,RO,2018-01-01,56.2,,
ESTAT:LFSA_ERGAN(1.0),17/04/26 11:00:00,A,PC,F,Y15-64,TOTAL,RS,2018-01-01,52.0,,
ESTAT:LFSA_ERGAN(1.0),17/04/26 11:00:00,A,PC,F,Y15-64,TOTAL,SE,2018-01-01,75.9,b,
ESTAT:LFSA_ERGAN(1.0),17/04/26 11:00:00,A,PC,F,Y15-64,TOTAL,SI,2018-01-01,67.5,,
ESTAT:LFSA_ERGAN(1.0),17/04/26 11:00:00,A,PC,F,Y15-64,TOTAL,SK,2018-01-01,61.2,,
ESTAT:LFSA_ERGAN(1.0),17/04/26 11:00:00,A,PC,F,Y15-64,TOTAL,TR,2018-01-01,32.9,,
ESTAT:LFSA_ERGAN(1.0),17/04/26 11:00:00,A,PC,F,Y15-64,TOTAL,UK,2018-01-01,70.3,,
ESTAT:LFSA_ERGAN(1.0),17/04/26 11:00:00,A,PC,F,Y15-74,TOTAL,AT,2018-01-01,60.3,,
ESTAT:LFSA_ERGAN(1.0),17/04/26 11:00:00,A,PC,F,Y15-74,TOTAL,BE,2018-01-01,52.6,,
ESTAT:LFSA_ERGAN(1.0),17/04/26 11:00:00,A,PC,F,Y15-74,TOTAL,BG,2018-01-01,53.5,,
ESTAT:LFSA_ERGAN(1.0),17/04/26 11:00:00,A,PC,F,Y15-74,TOTAL,CH,2018-01-01,67.2,,
ESTAT:LFSA_ERGAN(1.0),17/04/26 11:00:00,A,PC,F,Y15-74,TOTAL,CY,2018-01-01,57.1,,
ESTAT:LFSA_ERGAN(1.0),17/04/26 11:00:00,A,PC,F,Y15-74,TOTAL,CZ,2018-01-01,57.4,,
ESTAT:LFSA_ERGAN(1.0),17/04/26 11:00:00,A,PC,F,Y15-74,TOTAL,DE,2018-01-01,63.1,,
ESTAT:LFSA_ERGAN(1.0),17/04/26 11:00:00,A,PC,F,Y15-74,TOTAL,DK,2018-01-01,61.4,,
ESTAT:LFSA_ERGAN(1.0),17/04/26 11:00:00,A,PC,F,Y15-74,TOTAL,EA21,2018-01-01,53.9,,
ESTAT:LFSA_ERGAN(1.0),17/04/26 11:00:00,A,PC,F,Y15-74,TOTAL,EE,2018-01-01,64.1,,
ESTAT:LFSA_ERGAN(1.0),17/04/26 11:00:00,A,PC,F,Y15-74,TOTAL,EL,2018-01-01,39.1,,
ESTAT:LFSA_ERGAN(1.0),17/04/26 11:00:00,A,PC,F,Y15-74,TOTAL,ES,2018-01-01,49.5,,
ESTAT:LFSA_ERGAN(1.0),17/04/26 11:00:00,A,PC,F,Y15-74,TOTAL,EU27_2020,2018-01-01,54.0,,
ESTAT:LFSA_ERGAN(1.0),17/04/26 11:00:00,A,PC,F,Y15-74,TOTAL,FI,2018-01-01,59.6,,
ESTAT:LFSA_ERGAN(1.0),17/04/26 11:00:00,A,PC,F,Y15-74,TOTAL,FR,2018-01-01,53.1,,
ESTAT:LFSA_ERGAN(1.0),17/04/26 11:00:00,A,PC,F,Y15-74,TOTAL,HR,2018-01-01,47.3,,
ESTAT:LFSA_ERGAN(1.0),17/04/26 11:00:00,A,PC,F,Y15-74,TOTAL,HU,2018-01-01,52.9,b,
ESTAT:LFSA_ERGAN(1.0),17/04/26 11:00:00,A,PC,F,Y15-74,TOTAL,IE,2018-01-01,57.4,,
ESTAT:LFSA_ERGAN(1.0),17/04/26 11:00:00,A,PC,F,Y15-74,TOTAL,IS,2018-01-01,75.9,,
ESTAT:LFSA_ERGAN(1.0),17/04/26 11:00:00,A,PC,F,Y15-74,TOTAL,IT,2018-01-01,42.7,b,
ESTAT:LFSA_ERGAN(1.0),17/04/26 11:00:00,A,PC,F,Y15-74,TOTAL,LT,2018-01-01,62.7,,
ESTAT:LFSA_ERGAN(1.0),17/04/26 11:00:00,A,PC,F,Y15-74,TOTAL,LU,2018-01-01,57.5,,
ESTAT:LFSA_ERGAN(1.0),17/04/26 11:00:00,A,PC,F,Y15-74,TOTAL,LV,2018-01-01,61.7,,
ESTAT:LFSA_ERGAN(1.0),17/04/26 11:00:00,A,PC,F,Y15-74,TOTAL,ME,2018-01-01,43.9,,
ESTAT:LFSA_ERGAN(1.0),17/04/26 11:00:00,A,PC,F,Y15-74,TOTAL,MK,2018-01-01,37.1,,
ESTAT:LFSA_ERGAN(1.0),17/04/26 11:00:00,A,PC,F,Y15-74,TOTAL,MT,2018-01-01,51.8,,
ESTAT:LFSA_ERGAN(1.0),17/04/26 11:00:00,A,PC,F,Y15-74,TOTAL,NL,2018-01-01,63.2,,
ESTAT:LFSA_ERGAN(1.0),17/04/26 11:00:00,A,PC,F,Y15-74,TOTAL,NO,2018-01-01,64.8,,
ESTAT:LFSA_ERGAN(1.0),17/04/26 11:00:00,A,PC,F,Y15-74,TOTAL,PL,2018-01-01,52.0,,
ESTAT:LFSA_ERGAN(1.0),17/04/26 11:00:00,A,PC,F,Y15-74,TOTAL,PT,2018-01-01,58.1,,
ESTAT:LFSA_ERGAN(1.0),17/04/26 11:00:00,A,PC,F,Y15-74,TOTAL,RO,2018-01-01,49.9,,
ESTAT:LFSA_ERGAN(1.0),17/04/26 11:00:00,A,PC,F,Y15-74,TOTAL,RS,2018-01-01,45.2,,
ESTAT:LFSA_ERGAN(1.0),17/04/26 11:00:00,A,PC,F,Y15-74,TOTAL,SE,2018-01-01,66.2,b,
ESTAT:LFSA_ERGAN(1.0),17/04/26 11:00:00,A,PC,F,Y15-74,TOTAL,SI,2018-01-01,58.2,,
ESTAT:LFSA_ERGAN(1.0),17/04/26 11:00:00,A,PC,F,Y15-74,TOTAL,SK,2018-01-01,53.5,,
ESTAT:LFSA_ERGAN(1.0),17/04/26 11:00:00,A,PC,F,Y15-74,TOTAL,TR,2018-01-01,30.9,,
ESTAT:LFSA_ERGAN(1.0),17/04/26 11:00:00,A,PC,F,Y15-74,TOTAL,UK,2018-01-01,62.2,,
ESTAT:LFSA_ERGAN(1.0),17/04/26 11:00:00,A,PC,F,Y20-64,TOTAL,AT,2018-01-01,71.7,,
ESTAT:LFSA_ERGAN(1.0),17/04/26 11:00:00,A,PC,F,Y20-64,TOTAL,BE,2018-01-01,65.5,,
ESTAT:LFSA_ERGAN(1.0),17/04/26 11:00:00,A,PC,F,Y20-64,TOTAL,BG,2018-01-01,68.3,,
ESTAT:LFSA_ERGAN(1.0),17/04/26 11:00:00,A,PC,F,Y20-64,TOTAL,CH,2018-01-01,77.9,,
ESTAT:LFSA_ERGAN(1.0),17/04/26 11:00:00,A,PC,F,Y20-64,TOTAL,CY,2018-01-01,68.9,,
ESTAT:LFSA_ERGAN(1.0),17/04/26 11:00:00,A,PC,F,Y20-64,TOTAL,CZ,2018-01-01,72.2,,
ESTAT:LFSA_ERGAN(1.0),17/04/26 11:00:00,A,PC,F,Y20-64,TOTAL,DE,2018-01-01,75.8,,
ESTAT:LFSA_ERGAN(1.0),17/04/26 11:00:00,A,PC,F,Y20-64,TOTAL,DK,2018-01-01,73.9,,
ESTAT:LFSA_ERGAN(1.0),17/04/26 11:00:00,A,PC,F,Y20-64,TOTAL,EA21,2018-01-01,66.3,,
ESTAT:LFSA_ERGAN(1.0),17/04/26 11:00:00,A,PC,F,Y20-64,TOTAL,EE,2018-01-01,75.5,,
ESTAT:LFSA_ERGAN(1.0),17/04/26 11:00:00,A,PC,F,Y20-64,TOTAL,EL,2018-01-01,49.1,,
ESTAT:LFSA_ERGAN(1.0),17/04/26 11:00:00,A,PC,F,Y20-64,TOTAL,ES,2018-01-01,61.0,,
ESTAT:LFSA_ERGAN(1.0),17/04/26 11:00:00,A,PC,F,Y20-64,TOTAL,EU27_2020,2018-01-01,66.5,,
ESTAT:LFSA_ERGAN(1.0),17/04/26 11:00:00,A,PC,F,Y20-64,TOTAL,FI,2018-01-01,74.5,,
ESTAT:LFSA_ERGAN(1.0),17/04/26 11:00:00,A,PC,F,Y20-64,TOTAL,FR,2018-01-01,67.6,,
ESTAT:LFSA_ERGAN(1.0),17/04/26 11:00:00,A,PC,F,Y20-64,TOTAL,HR,2018-01-01,59.7,,
ESTAT:LFSA_ERGAN(1.0),17/04/26 11:00:00,A,PC,F,Y20-64,TOTAL,HU,2018-01-01,66.9,b,
ESTAT:LFSA_ERGAN(1.0),17/04/26 11:00:00,A,PC,F,Y20-64,TOTAL,IE,2018-01-01,68.1,,
ESTAT:LFSA_ERGAN(1.0),17/04/26 11:00:00,A,PC,F,Y20-64,TOTAL,IS,2018-01-01,83.2,,
ESTAT:LFSA_ERGAN(1.0),17/04/26 11:00:00,A,PC,F,Y20-64,TOTAL,IT,2018-01-01,53.2,b,
ESTAT:LFSA_ERGAN(1.0),17/04/26 11:00:00,A,PC,F,Y20-64,TOTAL,LT,2018-01-01,76.7,,
ESTAT:LFSA_ERGAN(1.0),17/04/26 11:00:00,A,PC,F,Y20-64,TOTAL,LU,2018-01-01,68.0,,
ESTAT:LFSA_ERGAN(1.0),17/04/26 11:00:00,A,PC,F,Y20-64,TOTAL,LV,2018-01-01,74.8,,
ESTAT:LFSA_ERGAN(1.0),17/04/26 11:00:00,A,PC,F,Y20-64,TOTAL,ME,2018-01-01,52.9,,
ESTAT:LFSA_ERGAN(1.0),17/04/26 11:00:00,A,PC,F,Y20-64,TOTAL,MK,2018-01-01,45.2,,
ESTAT:LFSA_ERGAN(1.0),17/04/26 11:00:00,A,PC,F,Y20-64,TOTAL,MT,2018-01-01,63.2,,
ESTAT:LFSA_ERGAN(1.0),17/04/26 11:00:00,A,PC,F,Y20-64,TOTAL,NL,2018-01-01,74.2,,
ESTAT:LFSA_ERGAN(1.0),17/04/26 11:00:00,A,PC,F,Y20-64,TOTAL,NO,2018-01-01,76.5,,
ESTAT:LFSA_ERGAN(1.0),17/04/26 11:00:00,A,PC,F,Y20-64,TOTAL,PL,2018-01-01,65.0,,
ESTAT:LFSA_ERGAN(1.0),17/04/26 11:00:00,A,PC,F,Y20-64,TOTAL,PT,2018-01-01,72.1,,
ESTAT:LFSA_ERGAN(1.0),17/04/26 11:00:00,A,PC,F,Y20-64,TOTAL,RO,2018-01-01,60.6,,
ESTAT:LFSA_ERGAN(1.0),17/04/26 11:00:00,A,PC,F,Y20-64,TOTAL,RS,2018-01-01,55.8,,
ESTAT:LFSA_ERGAN(1.0),17/04/26 11:00:00,A,PC,F,Y20-64,TOTAL,SE,2018-01-01,80.2,b,
ESTAT:LFSA_ERGAN(1.0),17/04/26 11:00:00,A,PC,F,Y20-64,TOTAL,SI,2018-01-01,71.7,,
ESTAT:LFSA_ERGAN(1.0),17/04/26 11:00:00,A,PC,F,Y20-64,TOTAL,SK,2018-01-01,65.5,,
ESTAT:LFSA_ERGAN(1.0),17/04/26 11:00:00,A,PC,F,Y20-64,TOTAL,TR,2018-01-01,35.2,,
ESTAT:LFSA_ERGAN(1.0),17/04/26 11:00:00,A,PC,F,Y20-64,TOTAL,UK,2018-01-01,73.8,,
ESTAT:LFSA_ERGAN(1.0),17/04/26 11:00:00,A,PC,M,Y15-64,TOTAL,AT,2018-01-01,77.4,,
ESTAT:LFSA_ERGAN(1.0),17/04/26 11:00:00,A,PC,M,Y15-64,TOTAL,BE,2018-01-01,68.2,,
ESTAT:LFSA_ERGAN(1.0),17/04/26 11:00:00,A,PC,M,Y15-64,TOTAL,BG,2018-01-01,71.5,,
ESTAT:LFSA_ERGAN(1.0),17/04/26 11:00:00,A,PC,M,Y15-64,TOTAL,CH,2018-01-01,84.5,,
ESTAT:LFSA_ERGAN(1.0),17/04/26 11:00:00,A,PC,M,Y15-64,TOTAL,CY,2018-01-01,73.3,,
ESTAT:LFSA_ERGAN(1.0),17/04/26 11:00:00,A,PC,M,Y15-64,TOTAL,CZ,2018-01-01,81.8,,
ESTAT:LFSA_ERGAN(1.0),17/04/26 11:00:00,A,PC,M,Y15-64,TOTAL,DE,2018-01-01,79.7,,
ESTAT:LFSA_ERGAN(1.0),17/04/26 11:00:00,A,PC,M,Y15-64,TOTAL,DK,2018-01-01,76.9,,
ESTAT:LFSA_ERGAN(1.0),17/04/26 11:00:00,A,PC,M,Y15-64,TOTAL,EA21,2018-01-01,72.4,,
ESTAT:LFSA_ERGAN(1.0),17/04/26 11:00:00,A,PC,M,Y15-64,TOTAL,EE,2018-01-01,77.5,,
ESTAT:LFSA_ERGAN(1.0),17/04/26 11:00:00,A,PC,M,Y15-64,TOTAL,EL,2018-01-01,64.7,,
ESTAT:LFSA_ERGAN(1.0),17/04/26 11:00:00,A,PC,M,Y15-64,TOTAL,ES,2018-01-01,67.9,,
ESTAT:LFSA_ERGAN(1.0),17/04/26 11:00:00,A,PC,M,Y15-64,TOTAL,EU27_2020,2018-01-01,73.1,,
ESTAT:LFSA_ERGAN(1.0),17/04/26 11:00:00,A,PC,M,Y15-64,TOTAL,FI,2018-01-01,73.5,,
ESTAT:LFSA_ERGAN(1.0),17/04/26 11:00:00,A,PC,M,Y15-64,TOTAL,FR,2018-01-01,68.9,,
ESTAT:LFSA_ERGAN(1.0),17/04/26 11:00:00,A,PC,M,Y15-64,TOTAL,HR,2018-01-01,65.5,,
ESTAT:LFSA_ERGAN(1.0),17/04/26 11:00:00,A,PC,M,Y15-64,TOTAL,HU,2018-01-01,76.5,b,
ESTAT:LFSA_ERGAN(1.0),17/04/26 11:00:00,A,PC,M,Y15-64,TOTAL,IE,2018-01-01,74.1,,
ESTAT:LFSA_ERGAN(1.0),17/04/26 11:00:00,A,PC,M,Y15-64,TOTAL,IS,2018-01-01,87.5,,
ESTAT:LFSA_ERGAN(1.0),17/04/26 11:00:00,A,PC,M,Y15-64,TOTAL,IT,2018-01-01,67.7,b,
ESTAT:LFSA_ERGAN(1.0),17/04/26 11:00:00,A,PC,M,Y15-64,TOTAL,LT,2018-01-01,73.3,,
ESTAT:LFSA_ERGAN(1.0),17/04/26 11:00:00,A,PC,M,Y15-64,TOTAL,LU,2018-01-01,70.6,,
ESTAT:LFSA_ERGAN(1.0),17/04/26 11:00:00,A,PC,M,Y15-64,TOTAL,LV,2018-01-01,73.6,,
ESTAT:LFSA_ERGAN(1.0),17/04/26 11:00:00,A,PC,M,Y15-64,TOTAL,ME,2018-01-01,61.0,,
ESTAT:LFSA_ERGAN(1.0),17/04/26 11:00:00,A,PC,M,Y15-64,TOTAL,MK,2018-01-01,61.4,,
ESTAT:LFSA_ERGAN(1.0),17/04/26 11:00:00,A,PC,M,Y15-64,TOTAL,MT,2018-01-01,80.7,,
ESTAT:LFSA_ERGAN(1.0),17/04/26 11:00:00,A,PC,M,Y15-64,TOTAL,NL,2018-01-01,81.6,,
ESTAT:LFSA_ERGAN(1.0),17/04/26 11:00:00,A,PC,M,Y15-64,TOTAL,NO,2018-01-01,76.9,,
ESTAT:LFSA_ERGAN(1.0),17/04/26 11:00:00,A,PC,M,Y15-64,TOTAL,PL,2018-01-01,74.0,,
ESTAT:LFSA_ERGAN(1.0),17/04/26 11:00:00,A,PC,M,Y15-64,TOTAL,PT,2018-01-01,72.6,,
ESTAT:LFSA_ERGAN(1.0),17/04/26 11:00:00,A,PC,M,Y15-64,TOTAL,RO,2018-01-01,73.2,,
ESTAT:LFSA_ERGAN(1.0),17/04/26 11:00:00,A,PC,M,Y15-64,TOTAL,RS,2018-01-01,65.7,,
ESTAT:LFSA_ERGAN(1.0),17/04/26 11:00:00,A,PC,M,Y15-64,TOTAL,SE,2018-01-01,78.8,b,
ESTAT:LFSA_ERGAN(1.0),17/04/26 11:00:00,A,PC,M,Y15-64,TOTAL,SI,2018-01-01,74.5,,
ESTAT:LFSA_ERGAN(1.0),17/04/26 11:00:00,A,PC,M,Y15-64,TOTAL,SK,2018-01-01,73.9,,
ESTAT:LFSA_ERGAN(1.0),17/04/26 11:00:00,A,PC,M,Y15-64,TOTAL,TR,2018-01-01,70.9,,
ESTAT:LFSA_ERGAN(1.0),17/04/26 11:00:00,A,PC,M,Y15-64,TOTAL,UK,2018-01-01,79.1,,
ESTAT:LFSA_ERGAN(1.0),17/04/26 11:00:00,A,PC,M,Y15-74,TOTAL,AT,2018-01-01,69.6,,
ESTAT:LFSA_ERGAN(1.0),17/04/26 11:00:00,A,PC,M,Y15-74,TOTAL,BE,2018-01-01,60.2,,
ESTAT:LFSA_ERGAN(1.0),17/04/26 11:00:00,A,PC,M,Y15-74,TOTAL,BG,2018-01-01,63.2,,
ESTAT:LFSA_ERGAN(1.0),17/04/26 11:00:00,A,PC,M,Y15-74,TOTAL,CH,2018-01-01,77.2,,
ESTAT:LFSA_ERGAN(1.0),17/04/26 11:00:00,A,PC,M,Y15-74,TOTAL,CY,2018-01-01,66.8,,
ESTAT:LFSA_ERGAN(1.0),17/04/26 11:00:00,A,PC,M,Y15-74,TOTAL,CZ,2018-01-01,72.4,,
ESTAT:LFSA_ERGAN(1.0),17/04/26 11:00:00,A,PC,M,Y15-74,TOTAL,DE,2018-01-01,71.5,,
ESTAT:LFSA_ERGAN(1.0),17/04/26 11:00:00,A,PC,M,Y15-74,TOTAL,DK,2018-01-01,68.7,,
ESTAT:LFSA_ERGAN(1.0),17/04/26 11:00:00,A,PC,M,Y15-74,TOTAL,EA21,2018-01-01,64.3,,
ESTAT:LFSA_ERGAN(1.0),17/04/26 11:00:00,A,PC,M,Y15-74,TOTAL,EE,2018-01-01,72.1,,
ESTAT:LFSA_ERGAN(1.0),17/04/26 11:00:00,A,PC,M,Y15-74,TOTAL,EL,2018-01-01,57.1,,
ESTAT:LFSA_ERGAN(1.0),17/04/26 11:00:00,A,PC,M,Y15-74,TOTAL,ES,2018-01-01,60.4,,
ESTAT:LFSA_ERGAN(1.0),17/04/26 11:00:00,A,PC,M,Y15-74,TOTAL,EU27_2020,2018-01-01,65.1,,
ESTAT:LFSA_ERGAN(1.0),17/04/26 11:00:00,A,PC,M,Y15-74,TOTAL,FI,2018-01-01,64.1,,
ESTAT:LFSA_ERGAN(1.0),17/04/26 11:00:00,A,PC,M,Y15-74,TOTAL,FR,2018-01-01,60.0,,
ESTAT:LFSA_ERGAN(1.0),17/04/26 11:00:00,A,PC,M,Y15-74,TOTAL,HR,2018-01-01,57.2,,
ESTAT:LFSA_ERGAN(1.0),17/04/26 11:00:00,A,PC,M,Y15-74,TOTAL,HU,2018-01-01,68.1,b,
ESTAT:LFSA_ERGAN(1.0),17/04/26 11:00:00,A,PC,M,Y15-74,TOTAL,IE,2018-01-01,68.5,,
ESTAT:LFSA_ERGAN(1.0),17/04/26 11:00:00,A,PC,M,Y15-74,TOTAL,IS,2018-01-01,83.1,,
ESTAT:LFSA_ERGAN(1.0),17/04/26 11:00:00,A,PC,M,Y15-74,TOTAL,IT,2018-01-01,59.9,b,
ESTAT:LFSA_ERGAN(1.0),17/04/26 11:00:00,A,PC,M,Y15-74,TOTAL,LT,2018-01-01,67.7,,
ESTAT:LFSA_ERGAN(1.0),17/04/26 11:00:00,A,PC,M,Y15-74,TOTAL,LU,2018-01-01,64.4,,
ESTAT:LFSA_ERGAN(1.0),17/04/26 11:00:00,A,PC,M,Y15-74,TOTAL,LV,2018-01-01,67.6,,
ESTAT:LFSA_ERGAN(1.0),17/04/26 11:00:00,A,PC,M,Y15-74,TOTAL,ME,2018-01-01,57.2,,
ESTAT:LFSA_ERGAN(1.0),17/04/26 11:00:00,A,PC,M,Y15-74,TOTAL,MK,2018-01-01,55.9,,
ESTAT:LFSA_ERGAN(1.0),17/04/26 11:00:00,A,PC,M,Y15-74,TOTAL,MT,2018-01-01,71.2,,
ESTAT:LFSA_ERGAN(1.0),17/04/26 11:00:00,A,PC,M,Y15-74,TOTAL,NL,2018-01-01,72.5,,
ESTAT:LFSA_ERGAN(1.0),17/04/26 11:00:00,A,PC,M,Y15-74,TOTAL,NO,2018-01-01,70.0,,
ESTAT:LFSA_ERGAN(1.0),17/04/26 11:00:00,A,PC,M,Y15-74,TOTAL,PL,2018-01-01,66.5,,
ESTAT:LFSA_ERGAN(1.0),17/04/26 11:00:00,A,PC,M,Y15-74,TOTAL,PT,2018-01-01,65.5,,
ESTAT:LFSA_ERGAN(1.0),17/04/26 11:00:00,A,PC,M,Y15-74,TOTAL,RO,2018-01-01,66.7,,
ESTAT:LFSA_ERGAN(1.0),17/04/26 11:00:00,A,PC,M,Y15-74,TOTAL,RS,2018-01-01,59.5,,
ESTAT:LFSA_ERGAN(1.0),17/04/26 11:00:00,A,PC,M,Y15-74,TOTAL,SE,2018-01-01,70.4,b,
ESTAT:LFSA_ERGAN(1.0),17/04/26 11:00:00,A,PC,M,Y15-74,TOTAL,SI,2018-01-01,66.2,,
ESTAT:LFSA_ERGAN(1.0),17/04/26 11:00:00,A,PC,M,Y15-74,TOTAL,SK,2018-01-01,66.9,,
ESTAT:LFSA_ERGAN(1.0),17/04/26 11:00:00,A,PC,M,Y15-74,TOTAL,TR,2018-01-01,67.8,,
ESTAT:LFSA_ERGAN(1.0),17/04/26 11:00:00,A,PC,M,Y15-74,TOTAL,UK,2018-01-01,71.4,,
ESTAT:LFSA_ERGAN(1.0),17/04/26 11:00:00,A,PC,M,Y20-64,TOTAL,AT,2018-01-01,80.7,,
ESTAT:LFSA_ERGAN(1.0),17/04/26 11:00:00,A,PC,M,Y20-64,TOTAL,BE,2018-01-01,73.9,,
ESTAT:LFSA_ERGAN(1.0),17/04/26 11:00:00,A,PC,M,Y20-64,TOTAL,BG,2018-01-01,76.5,,
ESTAT:LFSA_ERGAN(1.0),17/04/26 11:00:00,A,PC,M,Y20-64,TOTAL,CH,2018-01-01,87.0,,
ESTAT:LFSA_ERGAN(1.0),17/04/26 11:00:00,A,PC,M,Y20-64,TOTAL,CY,2018-01-01,79.3,,
ESTAT:LFSA_ERGAN(1.0),17/04/26 11:00:00,A,PC,M,Y20-64,TOTAL,CZ,2018-01-01,87.4,,
ESTAT:LFSA_ERGAN(1.0),17/04/26 11:00:00,A,PC,M,Y20-64,TOTAL,DE,2018-01-01,83.9,,
ESTAT:LFSA_ERGAN(1.0),17/04/26 11:00:00,A,PC,M,Y20-64,TOTAL,DK,2018-01-01,80.9,,
ESTAT:LFSA_ERGAN(1.0),17/04/26 11:00:00,A,PC,M,Y20-64,TOTAL,EA21,2018-01-01,77.4,,
ESTAT:LFSA_ERGAN(1.0),17/04/26 11:00:00,A,PC,M,Y20-64,TOTAL,EE,2018-01-01,82.7,,
ESTAT:LFSA_ERGAN(1.0),17/04/26 11:00:00,A,PC,M,Y20-64,TOTAL,EL,2018-01-01,70.1,,
ESTAT:LFSA_ERGAN(1.0),17/04/26 11:00:00,A,PC,M,Y20-64,TOTAL,ES,2018-01-01,73.1,,
ESTAT:LFSA_ERGAN(1.0),17/04/26 11:00:00,A,PC,M,Y20-64,TOTAL,EU27_2020,2018-01-01,78.2,,
ESTAT:LFSA_ERGAN(1.0),17/04/26 11:00:00,A,PC,M,Y20-64,TOTAL,FI,2018-01-01,78.2,,
ESTAT:LFSA_ERGAN(1.0),17/04/26 11:00:00,A,PC,M,Y20-64,TOTAL,FR,2018-01-01,75.2,,
ESTAT:LFSA_ERGAN(1.0),17/04/26 11:00:00,A,PC,M,Y20-64,TOTAL,HR,2018-01-01,70.2,,
ESTAT:LFSA_ERGAN(1.0),17/04/26 11:00:00,A,PC,M,Y20-64,TOTAL,HU,2018-01-01,82.2,b,
ESTAT:LFSA_ERGAN(1.0),17/04/26 11:00:00,A,PC,M,Y20-64,TOTAL,IE,2018-01-01,80.3,,
ESTAT:LFSA_ERGAN(1.0),17/04/26 11:00:00,A,PC,M,Y20-64,TOTAL,IS,2018-01-01,89.5,,
ESTAT:LFSA_ERGAN(1.0),17/04/26 11:00:00,A,PC,M,Y20-64,TOTAL,IT,2018-01-01,73.0,b,
ESTAT:LFSA_ERGAN(1.0),17/04/26 11:00:00,A,PC,M,Y20-64,TOTAL,LT,2018-01-01,79.0,,
ESTAT:LFSA_ERGAN(1.0),17/04/26 11:00:00,A,PC,M,Y20-64,TOTAL,LU,2018-01-01,76.0,,
ESTAT:LFSA_ERGAN(1.0),17/04/26 11:00:00,A,PC,M,Y20-64,TOTAL,LV,2018-01-01,79.0,,
ESTAT:LFSA_ERGAN(1.0),17/04/26 11:00:00,A,PC,M,Y20-64,TOTAL,ME,2018-01-01,66.7,,
ESTAT:LFSA_ERGAN(1.0),17/04/26 11:00:00,A,PC,M,Y20-64,TOTAL,MK,2018-01-01,66.6,,
ESTAT:LFSA_ERGAN(1.0),17/04/26 11:00:00,A,PC,M,Y20-64,TOTAL,MT,2018-01-01,85.5,,
ESTAT:LFSA_ERGAN(1.0),17/04/26 11:00:00,A,PC,M,Y20-64,TOTAL,NL,2018-01-01,84.3,,
ESTAT:LFSA_ERGAN(1.0),17/04/26 11:00:00,A,PC,M,Y20-64,TOTAL,NO,2018-01-01,81.7,,
ESTAT:LFSA_ERGAN(1.0),17/04/26 11:00:00,A,PC,M,Y20-64,TOTAL,PL,2018-01-01,79.4,,
ESTAT:LFSA_ERGAN(1.0),17/04/26 11:00:00,A,PC,M,Y20-64,TOTAL,PT,2018-01-01,78.8,,
ESTAT:LFSA_ERGAN(1.0),17/04/26 11:00:00,A,PC,M,Y20-64,TOTAL,RO,2018-01-01,78.9,,
ESTAT:LFSA_ERGAN(1.0),17/04/26 11:00:00,A,PC,M,Y20-64,TOTAL,RS,2018-01-01,70.5,,
ESTAT:LFSA_ERGAN(1.0),17/04/26 11:00:00,A,PC,M,Y20-64,TOTAL,SE,2018-01-01,84.4,b,
ESTAT:LFSA_ERGAN(1.0),17/04/26 11:00:00,A,PC,M,Y20-64,TOTAL,SI,2018-01-01,79.0,,
ESTAT:LFSA_ERGAN(1.0),17/04/26 11:00:00,A,PC,M,Y20-64,TOTAL,SK,2018-01-01,79.2,,
ESTAT:LFSA_ERGAN(1.0),17/04/26 11:00:00,A,PC,M,Y20-64,TOTAL,TR,2018-01-01,76.0,,
ESTAT:LFSA_ERGAN(1.0),17/04/26 11:00:00,A,PC,M,Y20-64,TOTAL,UK,2018-01-01,83.7,,
ESTAT:LFSA_ERGAN(1.0),17/04/26 11:00:00,A,PC,T,Y15-64,TOTAL,AT,2018-01-01,73.0,,
ESTAT:LFSA_ERGAN(1.0),17/04/26 11:00:00,A,PC,T,Y15-64,TOTAL,BE,2018-01-01,64.5,,
ESTAT:LFSA_ERGAN(1.0),17/04/26 11:00:00,A,PC,T,Y15-64,TOTAL,BG,2018-01-01,67.7,,
ESTAT:LFSA_ERGAN(1.0),17/04/26 11:00:00,A,PC,T,Y15-64,TOTAL,CH,2018-01-01,80.1,,
ESTAT:LFSA_ERGAN(1.0),17/04/26 11:00:00,A,PC,T,Y15-64,TOTAL,CY,2018-01-01,68.6,,
ESTAT:LFSA_ERGAN(1.0),17/04/26 11:00:00,A,PC,T,Y15-64,TOTAL,CZ,2018-01-01,74.8,,
ESTAT:LFSA_ERGAN(1.0),17/04/26 11:00:00,A,PC,T,Y15-64,TOTAL,DE,2018-01-01,75.9,,
ESTAT:LFSA_ERGAN(1.0),17/04/26 11:00:00,A,PC,T,Y15-64,TOTAL,DK,2018-01-01,74.1,,
ESTAT:LFSA_ERGAN(1.0),17/04/26 11:00:00,A,PC,T,Y15-64,TOTAL,EA21,2018-01-01,67.2,,
ESTAT:LFSA_ERGAN(1.0),17/04/26 11:00:00,A,PC,T,Y15-64,TOTAL,EE,2018-01-01,74.4,,
ESTAT:LFSA_ERGAN(1.0),17/04/26 11:00:00,A,PC,T,Y15-64,TOTAL,EL,2018-01-01,54.9,,
ESTAT:LFSA_ERGAN(1.0),17/04/26 11:00:00,A,PC,T,Y15-64,TOTAL,ES,2018-01-01,62.4,,
ESTAT:LFSA_ERGAN(1.0),17/04/26 11:00:00,A,PC,T,Y15-64,TOTAL,EU27_2020,2018-01-01,67.7,,
ESTAT:LFSA_ERGAN(1.0),17/04/26 11:00:00,A,PC,T,Y15-64,TOTAL,FI,2018-01-01,72.1,,
ESTAT:LFSA_ERGAN(1.0),17/04/26 11:00:00,A,PC,T,Y15-64,TOTAL,FR,2018-01-01,65.3,,
ESTAT:LFSA_ERGAN(1.0),17/04/26 11:00:00,A,PC,T,Y15-64,TOTAL,HR,2018-01-01,60.5,,
ESTAT:LFSA_ERGAN(1.0),17/04/26 11:00:00,A,PC,T,Y15-64,TOTAL,HU,2018-01-01,69.4,b,
ESTAT:LFSA_ERGAN(1.0),17/04/26 11:00:00,A,PC,T,Y15-64,TOTAL,IE,2018-01-01,68.6,,
ESTAT:LFSA_ERGAN(1.0),17/04/26 11:00:00,A,PC,T,Y15-64,TOTAL,IS,2018-01-01,85.1,,
ESTAT:LFSA_ERGAN(1.0),17/04/26 11:00:00,A,PC,T,Y15-64,TOTAL,IT,2018-01-01,58.6,b,
ESTAT:LFSA_ERGAN(1.0),17/04/26 11:00:00,A,PC,T,Y15-64,TOTAL,LT,2018-01-01,72.4,,
ESTAT:LFSA_ERGAN(1.0),17/04/26 11:00:00,A,PC,T,Y15-64,TOTAL,LU,2018-01-01,67.1,,
ESTAT:LFSA_ERGAN(1.0),17/04/26 11:00:00,A,PC,T,Y15-64,TOTAL,LV,2018-01-01,71.8,,
ESTAT:LFSA_ERGAN(1.0),17/04/26 11:00:00,A,PC,T,Y15-64,TOTAL,ME,2018-01-01,54.7,,
ESTAT:LFSA_ERGAN(1.0),17/04/26 11:00:00,A,PC,T,Y15-64,TOTAL,MK,2018-01-01,51.7,,
ESTAT:LFSA_ERGAN(1.0),17/04/26 11:00:00,A,PC,T,Y15-64,TOTAL,MT,2018-01-01,71.1,,
ESTAT:LFSA_ERGAN(1.0),17/04/26 11:00:00,A,PC,T,Y15-64,TOTAL,NL,2018-01-01,77.2,,
ESTAT:LFSA_ERGAN(1.0),17/04/26 11:00:00,A,PC,T,Y15-64,TOTAL,NO,2018-01-01,74.8,,
ESTAT:LFSA_ERGAN(1.0),17/04/26 11:00:00,A,PC,T,Y15-64,TOTAL,PL,2018-01-01,67.4,,
ESTAT:LFSA_ERGAN(1.0),17/04/26 11:00:00,A,PC,T,Y15-64,TOTAL,PT,2018-01-01,69.7,,
ESTAT:LFSA_ERGAN(1.0),17/04/26 11:00:00,A,PC,T,Y15-64,TOTAL,RO,2018-01-01,64.8,,
ESTAT:LFSA_ERGAN(1.0),17/04/26 11:00:00,A,PC,T,Y15-64,TOTAL,RS,2018-01-01,58.8,,
ESTAT:LFSA_ERGAN(1.0),17/04/26 11:00:00,A,PC,T,Y15-64,TOTAL,SE,2018-01-01,77.4,b,
ESTAT:LFSA_ERGAN(1.0),17/04/26 11:00:00,A,PC,T,Y15-64,TOTAL,SI,2018-01-01,71.1,,
ESTAT:LFSA_ERGAN(1.0),17/04/26 11:00:00,A,PC,T,Y15-64,TOTAL,SK,2018-01-01,67.6,,
ESTAT:LFSA_ERGAN(1.0),17/04/26 11:00:00,A,PC,T,Y15-64,TOTAL,TR,2018-01-01,52.0,,
ESTAT:LFSA_ERGAN(1.0),17/04/26 11:00:00,A,PC,T,Y15-64,TOTAL,UK,2018-01-01,74.7,,
ESTAT:LFSA_ERGAN(1.0),17/04/26 11:00:00,A,PC,T,Y15-74,TOTAL,AT,2018-01-01,64.9,,
ESTAT:LFSA_ERGAN(1.0),17/04/26 11:00:00,A,PC,T,Y15-74,TOTAL,BE,2018-01-01,56.4,,
ESTAT:LFSA_ERGAN(1.0),17/04/26 11:00:00,A,PC,T,Y15-74,TOTAL,BG,2018-01-01,58.3,,
ESTAT:LFSA_ERGAN(1.0),17/04/26 11:00:00,A,PC,T,Y15-74,TOTAL,CH,2018-01-01,72.2,,
ESTAT:LFSA_ERGAN(1.0),17/04/26 11:00:00,A,PC,T,Y15-74,TOTAL,CY,2018-01-01,61.8,,
ESTAT:LFSA_ERGAN(1.0),17/04/26 11:00:00,A,PC,T,Y15-74,TOTAL,CZ,2018-01-01,64.9,,
ESTAT:LFSA_ERGAN(1.0),17/04/26 11:00:00,A,PC,T,Y15-74,TOTAL,DE,2018-01-01,67.3,,
ESTAT:LFSA_ERGAN(1.0),17/04/26 11:00:00,A,PC,T,Y15-74,TOTAL,DK,2018-01-01,65.0,,
ESTAT:LFSA_ERGAN(1.0),17/04/26 11:00:00,A,PC,T,Y15-74,TOTAL,EA21,2018-01-01,59.0,,
ESTAT:LFSA_ERGAN(1.0),17/04/26 11:00:00,A,PC,T,Y15-74,TOTAL,EE,2018-01-01,68.0,,
ESTAT:LFSA_ERGAN(1.0),17/04/26 11:00:00,A,PC,T,Y15-74,TOTAL,EL,2018-01-01,47.9,,
ESTAT:LFSA_ERGAN(1.0),17/04/26 11:00:00,A,PC,T,Y15-74,TOTAL,ES,2018-01-01,54.9,,
ESTAT:LFSA_ERGAN(1.0),17/04/26 11:00:00,A,PC,T,Y15-74,TOTAL,EU27_2020,2018-01-01,59.5,,
ESTAT:LFSA_ERGAN(1.0),17/04/26 11:00:00,A,PC,T,Y15-74,TOTAL,FI,2018-01-01,61.9,,
ESTAT:LFSA_ERGAN(1.0),17/04/26 11:00:00,A,PC,T,Y15-74,TOTAL,FR,2018-01-01,56.5,,
ESTAT:LFSA_ERGAN(1.0),17/04/26 11:00:00,A,PC,T,Y15-74,TOTAL,HR,2018-01-01,52.1,,
ESTAT:LFSA_ERGAN(1.0),17/04/26 11:00:00,A,PC,T,Y15-74,TOTAL,HU,2018-01-01,60.3,b,
ESTAT:LFSA_ERGAN(1.0),17/04/26 11:00:00,A,PC,T,Y15-74,TOTAL,IE,2018-01-01,62.9,,
ESTAT:LFSA_ERGAN(1.0),17/04/26 11:00:00,A,PC,T,Y15-74,TOTAL,IS,2018-01-01,79.6,,
ESTAT:LFSA_ERGAN(1.0),17/04/26 11:00:00,A,PC,T,Y15-74,TOTAL,IT,2018-01-01,51.2,b,
ESTAT:LFSA_ERGAN(1.0),17/04/26 11:00:00,A,PC,T,Y15-74,TOTAL,LT,2018-01-01,65.0,,
ESTAT:LFSA_ERGAN(1.0),17/04/26 11:00:00,A,PC,T,Y15-74,TOTAL,LU,2018-01-01,61.0,,
ESTAT:LFSA_ERGAN(1.0),17/04/26 11:00:00,A,PC,T,Y15-74,TOTAL,LV,2018-01-01,64.5,,
ESTAT:LFSA_ERGAN(1.0),17/04/26 11:00:00,A,PC,T,Y15-74,TOTAL,ME,2018-01-01,50.5,,
ESTAT:LFSA_ERGAN(1.0),17/04/26 11:00:00,A,PC,T,Y15-74,TOTAL,MK,2018-01-01,46.5,,
ESTAT:LFSA_ERGAN(1.0),17/04/26 11:00:00,A,PC,T,Y15-74,TOTAL,MT,2018-01-01,61.8,,
ESTAT:LFSA_ERGAN(1.0),17/04/26 11:00:00,A,PC,T,Y15-74,TOTAL,NL,2018-01-01,67.8,,
ESTAT:LFSA_ERGAN(1.0),17/04/26 11:00:00,A,PC,T,Y15-74,TOTAL,NO,2018-01-01,67.4,,
ESTAT:LFSA_ERGAN(1.0),17/04/26 11:00:00,A,PC,T,Y15-74,TOTAL,PL,2018-01-01,59.1,,
ESTAT:LFSA_ERGAN(1.0),17/04/26 11:00:00,A,PC,T,Y15-74,TOTAL,PT,2018-01-01,61.7,,
ESTAT:LFSA_ERGAN(1.0),17/04/26 11:00:00,A,PC,T,Y15-74,TOTAL,RO,2018-01-01,58.2,,
ESTAT:LFSA_ERGAN(1.0),17/04/26 11:00:00,A,PC,T,Y15-74,TOTAL,RS,2018-01-01,52.2,,
ESTAT:LFSA_ERGAN(1.0),17/04/26 11:00:00,A,PC,T,Y15-74,TOTAL,SE,2018-01-01,68.3,b,
ESTAT:LFSA_ERGAN(1.0),17/04/26 11:00:00,A,PC,T,Y15-74,TOTAL,SI,2018-01-01,62.3,,
ESTAT:LFSA_ERGAN(1.0),17/04/26 11:00:00,A,PC,T,Y15-74,TOTAL,SK,2018-01-01,60.1,,
ESTAT:LFSA_ERGAN(1.0),17/04/26 11:00:00,A,PC,T,Y15-74,TOTAL,TR,2018-01-01,49.3,,
ESTAT:LFSA_ERGAN(1.0),17/04/26 11:00:00,A,PC,T,Y15-74,TOTAL,UK,2018-01-01,66.7,,
ESTAT:LFSA_ERGAN(1.0),17/04/26 11:00:00,A,PC,T,Y20-64,TOTAL,AT,2018-01-01,76.2,,
ESTAT:LFSA_ERGAN(1.0),17/04/26 11:00:00,A,PC,T,Y20-64,TOTAL,BE,2018-01-01,69.7,,
ESTAT:LFSA_ERGAN(1.0),17/04/26 11:00:00,A,PC,T,Y20-64,TOTAL,BG,2018-01-01,72.4,,
ESTAT:LFSA_ERGAN(1.0),17/04/26 11:00:00,A,PC,T,Y20-64,TOTAL,CH,2018-01-01,82.5,,
ESTAT:LFSA_ERGAN(1.0),17/04/26 11:00:00,A,PC,T,Y20-64,TOTAL,CY,2018-01-01,73.9,,
ESTAT:LFSA_ERGAN(1.0),17/04/26 11:00:00,A,PC,T,Y20-64,TOTAL,CZ,2018-01-01,79.9,,
ESTAT:LFSA_ERGAN(1.0),17/04/26 11:00:00,A,PC,T,Y20-64,TOTAL,DE,2018-01-01,79.9,,
ESTAT:LFSA_ERGAN(1.0),17/04/26 11:00:00,A,PC,T,Y20-64,TOTAL,DK,2018-01-01,77.5,,
ESTAT:LFSA_ERGAN(1.0),17/04/26 11:00:00,A,PC,T,Y20-64,TOTAL,EA21,2018-01-01,71.8,,
ESTAT:LFSA_ERGAN(1.0),17/04/26 11:00:00,A,PC,T,Y20-64,TOTAL,EE,2018-01-01,79.1,,
ESTAT:LFSA_ERGAN(1.0),17/04/26 11:00:00,A,PC,T,Y20-64,TOTAL,EL,2018-01-01,59.5,,
ESTAT:LFSA_ERGAN(1.0),17/04/26 11:00:00,A,PC,T,Y20-64,TOTAL,ES,2018-01-01,67.0,,
ESTAT:LFSA_ERGAN(1.0),17/04/26 11:00:00,A,PC,T,Y20-64,TOTAL,EU27_2020,2018-01-01,72.3,,
ESTAT:LFSA_ERGAN(1.0),17/04/26 11:00:00,A,PC,T,Y20-64,TOTAL,FI,2018-01-01,76.3,,
ESTAT:LFSA_ERGAN(1.0),17/04/26 11:00:00,A,PC,T,Y20-64,TOTAL,FR,2018-01-01,71.3,,
ESTAT:LFSA_ERGAN(1.0),17/04/26 11:00:00,A,PC,T,Y20-64,TOTAL,HR,2018-01-01,64.9,,
ESTAT:LFSA_ERGAN(1.0),17/04/26 11:00:00,A,PC,T,Y20-64,TOTAL,HU,2018-01-01,74.5,b,
ESTAT:LFSA_ERGAN(1.0),17/04/26 11:00:00,A,PC,T,Y20-64,TOTAL,IE,2018-01-01,74.1,,
ESTAT:LFSA_ERGAN(1.0),17/04/26 11:00:00,A,PC,T,Y20-64,TOTAL,IS,2018-01-01,86.5,,
ESTAT:LFSA_ERGAN(1.0),17/04/26 11:00:00,A,PC,T,Y20-64,TOTAL,IT,2018-01-01,63.0,b,
ESTAT:LFSA_ERGAN(1.0),17/04/26 11:00:00,A,PC,T,Y20-64,TOTAL,LT,2018-01-01,77.8,,
ESTAT:LFSA_ERGAN(1.0),17/04/26 11:00:00,A,PC,T,Y20-64,TOTAL,LU,2018-01-01,72.1,,
ESTAT:LFSA_ERGAN(1.0),17/04/26 11:00:00,A,PC,T,Y20-64,TOTAL,LV,2018-01-01,76.8,,
ESTAT:LFSA_ERGAN(1.0),17/04/26 11:00:00,A,PC,T,Y20-64,TOTAL,ME,2018-01-01,59.8,,
ESTAT:LFSA_ERGAN(1.0),17/04/26 11:00:00,A,PC,T,Y20-64,TOTAL,MK,2018-01-01,56.1,,
ESTAT:LFSA_ERGAN(1.0),17/04/26 11:00:00,A,PC,T,Y20-64,TOTAL,MT,2018-01-01,74.9,,
ESTAT:LFSA_ERGAN(1.0),17/04/26 11:00:00,A,PC,T,Y20-64,TOTAL,NL,2018-01-01,79.2,,
ESTAT:LFSA_ERGAN(1.0),17/04/26 11:00:00,A,PC,T,Y20-64,TOTAL,NO,2018-01-01,79.2,,
ESTAT:LFSA_ERGAN(1.0),17/04/26 11:00:00,A,PC,T,Y20-64,TOTAL,PL,2018-01-01,72.2,,
ESTAT:LFSA_ERGAN(1.0),17/04/26 11:00:00,A,PC,T,Y20-64,TOTAL,PT,2018-01-01,75.4,,
ESTAT:LFSA_ERGAN(1.0),17/04/26 11:00:00,A,PC,T,Y20-64,TOTAL,RO,2018-01-01,69.9,,
ESTAT:LFSA_ERGAN(1.0),17/04/26 11:00:00,A,PC,T,Y20-64,TOTAL,RS,2018-01-01,63.1,,
ESTAT:LFSA_ERGAN(1.0),17/04/26 11:00:00,A,PC,T,Y20-64,TOTAL,SE,2018-01-01,82.4,b,
ESTAT:LFSA_ERGAN(1.0),17/04/26 11:00:00,A,PC,T,Y20-64,TOTAL,SI,2018-01-01,75.4,,
ESTAT:LFSA_ERGAN(1.0),17/04/26 11:00:00,A,PC,T,Y20-64,TOTAL,SK,2018-01-01,72.4,,
ESTAT:LFSA_ERGAN(1.0),17/04/26 11:00:00,A,PC,T,Y20-64,TOTAL,TR,2018-01-01,55.6,,
ESTAT:LFSA_ERGAN(1.0),17/04/26 11:00:00,A,PC,T,Y20-64,TOTAL,UK,2018-01-01,78.7,,
ESTAT:LFSA_ERGAN(1.0),17/04/26 11:00:00,A,PC,F,Y15-64,TOTAL,AT,2019-01-01,69.2,,
ESTAT:LFSA_ERGAN(1.0),17/04/26 11:00:00,A,PC,F,Y15-64,TOTAL,BE,2019-01-01,61.7,,
ESTAT:LFSA_ERGAN(1.0),17/04/26 11:00:00,A,PC,F,Y15-64,TOTAL,BG,2019-01-01,66.4,b,
ESTAT:LFSA_ERGAN(1.0),17/04/26 11:00:00,A,PC,F,Y15-64,TOTAL,CH,2019-01-01,76.3,,
ESTAT:LFSA_ERGAN(1.0),17/04/26 11:00:00,A,PC,F,Y15-64,TOTAL,CY,2019-01-01,66.6,,
ESTAT:LFSA_ERGAN(1.0),17/04/26 11:00:00,A,PC,F,Y15-64,TOTAL,CZ,2019-01-01,68.1,,
ESTAT:LFSA_ERGAN(1.0),17/04/26 11:00:00,A,PC,F,Y15-64,TOTAL,DE,2019-01-01,72.8,,
ESTAT:LFSA_ERGAN(1.0),17/04/26 11:00:00,A,PC,F,Y15-64,TOTAL,DK,2019-01-01,72.0,,
ESTAT:LFSA_ERGAN(1.0),17/04/26 11:00:00,A,PC,F,Y15-64,TOTAL,EA21,2019-01-01,63.0,,
ESTAT:LFSA_ERGAN(1.0),17/04/26 11:00:00,A,PC,F,Y15-64,TOTAL,EE,2019-01-01,71.6,,
ESTAT:LFSA_ERGAN(1.0),17/04/26 11:00:00,A,PC,F,Y15-64,TOTAL,EL,2019-01-01,47.3,,
ESTAT:LFSA_ERGAN(1.0),17/04/26 11:00:00,A,PC,F,Y15-64,TOTAL,ES,2019-01-01,57.9,,
ESTAT:LFSA_ERGAN(1.0),17/04/26 11:00:00,A,PC,F,Y15-64,TOTAL,EU27_2020,2019-01-01,63.1,,
ESTAT:LFSA_ERGAN(1.0),17/04/26 11:00:00,A,PC,F,Y15-64,TOTAL,FI,2019-01-01,71.8,,
ESTAT:LFSA_ERGAN(1.0),17/04/26 11:00:00,A,PC,F,Y15-64,TOTAL,FR,2019-01-01,62.5,,
ESTAT:LFSA_ERGAN(1.0),17/04/26 11:00:00,A,PC,F,Y15-64,TOTAL,HR,2019-01-01,57.1,,
ESTAT:LFSA_ERGAN(1.0),17/04/26 11:00:00,A,PC,F,Y15-64,TOTAL,HU,2019-01-01,63.1,,
ESTAT:LFSA_ERGAN(1.0),17/04/26 11:00:00,A,PC,F,Y15-64,TOTAL,IE,2019-01-01,64.2,,
ESTAT:LFSA_ERGAN(1.0),17/04/26 11:00:00,A,PC,F,Y15-64,TOTAL,IS,2019-01-01,81.9,,
ESTAT:LFSA_ERGAN(1.0),17/04/26 11:00:00,A,PC,F,Y15-64,TOTAL,IT,2019-01-01,50.2,,
ESTAT:LFSA_ERGAN(1.0),17/04/26 11:00:00,A,PC,F,Y15-64,TOTAL,LT,2019-01-01,72.5,,
ESTAT:LFSA_ERGAN(1.0),17/04/26 11:00:00,A,PC,F,Y15-64,TOTAL,LU,2019-01-01,63.6,,
ESTAT:LFSA_ERGAN(1.0),17/04/26 11:00:00,A,PC,F,Y15-64,TOTAL,LV,2019-01-01,70.7,,
ESTAT:LFSA_ERGAN(1.0),17/04/26 11:00:00,A,PC,F,Y15-64,TOTAL,ME,2019-01-01,49.7,,
ESTAT:LFSA_ERGAN(1.0),17/04/26 11:00:00,A,PC,F,Y15-64,TOTAL,MK,2019-01-01,44.7,,
ESTAT:LFSA_ERGAN(1.0),17/04/26 11:00:00,A,PC,F,Y15-64,TOTAL,MT,2019-01-01,61.0,,
ESTAT:LFSA_ERGAN(1.0),17/04/26 11:00:00,A,PC,F,Y15-64,TOTAL,NL,2019-01-01,74.1,,
ESTAT:LFSA_ERGAN(1.0),17/04/26 11:00:00,A,PC,F,Y15-64,TOTAL,NO,2019-01-01,73.1,,
ESTAT:LFSA_ERGAN(1.0),17/04/26 11:00:00,A,PC,F,Y15-64,TOTAL,PL,2019-01-01,61.4,b,
ESTAT:LFSA_ERGAN(1.0),17/04/26 11:00:00,A,PC,F,Y15-64,TOTAL,PT,2019-01-01,67.5,,
ESTAT:LFSA_ERGAN(1.0),17/04/26 11:00:00,A,PC,F,Y15-64,TOTAL,RO,2019-01-01,56.8,,
ESTAT:LFSA_ERGAN(1.0),17/04/26 11:00:00,A,PC,F,Y15-64,TOTAL,RS,2019-01-01,54.3,,
ESTAT:LFSA_ERGAN(1.0),17/04/26 11:00:00,A,PC,F,Y15-64,TOTAL,SE,2019-01-01,75.4,,
ESTAT:LFSA_ERGAN(1.0),17/04/26 11:00:00,A,PC,F,Y15-64,TOTAL,SI,2019-01-01,68.6,,
ESTAT:LFSA_ERGAN(1.0),17/04/26 11:00:00,A,PC,F,Y15-64,TOTAL,SK,2019-01-01,62.4,,
ESTAT:LFSA_ERGAN(1.0),17/04/26 11:00:00,A,PC,F,Y15-64,TOTAL,TR,2019-01-01,32.2,,
ESTAT:LFSA_ERGAN(1.0),17/04/26 11:00:00,A,PC,F,Y15-64,TOTAL,UK,2019-01-01,71.1,,
ESTAT:LFSA_ERGAN(1.0),17/04/26 11:00:00,A,PC,F,Y15-74,TOTAL,AT,2019-01-01,60.7,,
ESTAT:LFSA_ERGAN(1.0),17/04/26 11:00:00,A,PC,F,Y15-74,TOTAL,BE,2019-01-01,53.4,,
ESTAT:LFSA_ERGAN(1.0),17/04/26 11:00:00,A,PC,F,Y15-74,TOTAL,BG,2019-01-01,54.8,b,
ESTAT:LFSA_ERGAN(1.0),17/04/26 11:00:00,A,PC,F,Y15-74,TOTAL,CH,2019-01-01,67.9,,
ESTAT:LFSA_ERGAN(1.0),17/04/26 11:00:00,A,PC,F,Y15-74,TOTAL,CY,2019-01-01,58.9,,
ESTAT:LFSA_ERGAN(1.0),17/04/26 11:00:00,A,PC,F,Y15-74,TOTAL,CZ,2019-01-01,57.7,,
ESTAT:LFSA_ERGAN(1.0),17/04/26 11:00:00,A,PC,F,Y15-74,TOTAL,DE,2019-01-01,63.9,,
ESTAT:LFSA_ERGAN(1.0),17/04/26 11:00:00,A,PC,F,Y15-74,TOTAL,DK,2019-01-01,62.1,,
ESTAT:LFSA_ERGAN(1.0),17/04/26 11:00:00,A,PC,F,Y15-74,TOTAL,EA21,2019-01-01,54.6,,
ESTAT:LFSA_ERGAN(1.0),17/04/26 11:00:00,A,PC,F,Y15-74,TOTAL,EE,2019-01-01,64.4,,
ESTAT:LFSA_ERGAN(1.0),17/04/26 11:00:00,A,PC,F,Y15-74,TOTAL,EL,2019-01-01,40.6,,
ESTAT:LFSA_ERGAN(1.0),17/04/26 11:00:00,A,PC,F,Y15-74,TOTAL,ES,2019-01-01,50.4,,
ESTAT:LFSA_ERGAN(1.0),17/04/26 11:00:00,A,PC,F,Y15-74,TOTAL,EU27_2020,2019-01-01,54.6,,
ESTAT:LFSA_ERGAN(1.0),17/04/26 11:00:00,A,PC,F,Y15-74,TOTAL,FI,2019-01-01,60.4,,
ESTAT:LFSA_ERGAN(1.0),17/04/26 11:00:00,A,PC,F,Y15-74,TOTAL,FR,2019-01-01,53.4,,
ESTAT:LFSA_ERGAN(1.0),17/04/26 11:00:00,A,PC,F,Y15-74,TOTAL,HR,2019-01-01,48.2,,
ESTAT:LFSA_ERGAN(1.0),17/04/26 11:00:00,A,PC,F,Y15-74,TOTAL,HU,2019-01-01,53.4,,
ESTAT:LFSA_ERGAN(1.0),17/04/26 11:00:00,A,PC,F,Y15-74,TOTAL,IE,2019-01-01,58.3,,
ESTAT:LFSA_ERGAN(1.0),17/04/26 11:00:00,A,PC,F,Y15-74,TOTAL,IS,2019-01-01,75.0,,
ESTAT:LFSA_ERGAN(1.0),17/04/26 11:00:00,A,PC,F,Y15-74,TOTAL,IT,2019-01-01,43.2,,
ESTAT:LFSA_ERGAN(1.0),17/04/26 11:00:00,A,PC,F,Y15-74,TOTAL,LT,2019-01-01,63.6,,
ESTAT:LFSA_ERGAN(1.0),17/04/26 11:00:00,A,PC,F,Y15-74,TOTAL,LU,2019-01-01,57.7,,
ESTAT:LFSA_ERGAN(1.0),17/04/26 11:00:00,A,PC,F,Y15-74,TOTAL,LV,2019-01-01,62.3,,
ESTAT:LFSA_ERGAN(1.0),17/04/26 11:00:00,A,PC,F,Y15-74,TOTAL,ME,2019-01-01,45.3,,
ESTAT:LFSA_ERGAN(1.0),17/04/26 11:00:00,A,PC,F,Y15-74,TOTAL,MK,2019-01-01,39.5,,
ESTAT:LFSA_ERGAN(1.0),17/04/26 11:00:00,A,PC,F,Y15-74,TOTAL,MT,2019-01-01,52.4,,
ESTAT:LFSA_ERGAN(1.0),17/04/26 11:00:00,A,PC,F,Y15-74,TOTAL,NL,2019-01-01,64.4,,
ESTAT:LFSA_ERGAN(1.0),17/04/26 11:00:00,A,PC,F,Y15-74,TOTAL,NO,2019-01-01,65.1,,
ESTAT:LFSA_ERGAN(1.0),17/04/26 11:00:00,A,PC,F,Y15-74,TOTAL,PL,2019-01-01,52.1,b,
ESTAT:LFSA_ERGAN(1.0),17/04/26 11:00:00,A,PC,F,Y15-74,TOTAL,PT,2019-01-01,58.6,,
ESTAT:LFSA_ERGAN(1.0),17/04/26 11:00:00,A,PC,F,Y15-74,TOTAL,RO,2019-01-01,49.9,,
ESTAT:LFSA_ERGAN(1.0),17/04/26 11:00:00,A,PC,F,Y15-74,TOTAL,RS,2019-01-01,46.8,,
ESTAT:LFSA_ERGAN(1.0),17/04/26 11:00:00,A,PC,F,Y15-74,TOTAL,SE,2019-01-01,66.1,,
ESTAT:LFSA_ERGAN(1.0),17/04/26 11:00:00,A,PC,F,Y15-74,TOTAL,SI,2019-01-01,58.3,,
ESTAT:LFSA_ERGAN(1.0),17/04/26 11:00:00,A,PC,F,Y15-74,TOTAL,SK,2019-01-01,54.2,,
ESTAT:LFSA_ERGAN(1.0),17/04/26 11:00:00,A,PC,F,Y15-74,TOTAL,TR,2019-01-01,30.2,,
ESTAT:LFSA_ERGAN(1.0),17/04/26 11:00:00,A,PC,F,Y15-74,TOTAL,UK,2019-01-01,63.0,,
ESTAT:LFSA_ERGAN(1.0),17/04/26 11:00:00,A,PC,F,Y20-64,TOTAL,AT,2019-01-01,72.4,,
ESTAT:LFSA_ERGAN(1.0),17/04/26 11:00:00,A,PC,F,Y20-64,TOTAL,BE,2019-01-01,66.5,,
ESTAT:LFSA_ERGAN(1.0),17/04/26 11:00:00,A,PC,F,Y20-64,TOTAL,BG,2019-01-01,70.8,b,
ESTAT:LFSA_ERGAN(1.0),17/04/26 11:00:00,A,PC,F,Y20-64,TOTAL,CH,2019-01-01,78.6,,
ESTAT:LFSA_ERGAN(1.0),17/04/26 11:00:00,A,PC,F,Y20-64,TOTAL,CY,2019-01-01,70.7,,
ESTAT:LFSA_ERGAN(1.0),17/04/26 11:00:00,A,PC,F,Y20-64,TOTAL,CZ,2019-01-01,72.7,,
ESTAT:LFSA_ERGAN(1.0),17/04/26 11:00:00,A,PC,F,Y20-64,TOTAL,DE,2019-01-01,76.6,,
ESTAT:LFSA_ERGAN(1.0),17/04/26 11:00:00,A,PC,F,Y20-64,TOTAL,DK,2019-01-01,74.7,,
ESTAT:LFSA_ERGAN(1.0),17/04/26 11:00:00,A,PC,F,Y20-64,TOTAL,EA21,2019-01-01,67.2,,
ESTAT:LFSA_ERGAN(1.0),17/04/26 11:00:00,A,PC,F,Y20-64,TOTAL,EE,2019-01-01,76.0,,
ESTAT:LFSA_ERGAN(1.0),17/04/26 11:00:00,A,PC,F,Y20-64,TOTAL,EL,2019-01-01,51.3,,
ESTAT:LFSA_ERGAN(1.0),17/04/26 11:00:00,A,PC,F,Y20-64,TOTAL,ES,2019-01-01,62.1,,
ESTAT:LFSA_ERGAN(1.0),17/04/26 11:00:00,A,PC,F,Y20-64,TOTAL,EU27_2020,2019-01-01,67.3,,
ESTAT:LFSA_ERGAN(1.0),17/04/26 11:00:00,A,PC,F,Y20-64,TOTAL,FI,2019-01-01,75.8,,
ESTAT:LFSA_ERGAN(1.0),17/04/26 11:00:00,A,PC,F,Y20-64,TOTAL,FR,2019-01-01,68.1,,
ESTAT:LFSA_ERGAN(1.0),17/04/26 11:00:00,A,PC,F,Y20-64,TOTAL,HR,2019-01-01,61.2,,
ESTAT:LFSA_ERGAN(1.0),17/04/26 11:00:00,A,PC,F,Y20-64,TOTAL,HU,2019-01-01,67.7,,
ESTAT:LFSA_ERGAN(1.0),17/04/26 11:00:00,A,PC,F,Y20-64,TOTAL,IE,2019-01-01,69.0,,
ESTAT:LFSA_ERGAN(1.0),17/04/26 11:00:00,A,PC,F,Y20-64,TOTAL,IS,2019-01-01,83.0,,
ESTAT:LFSA_ERGAN(1.0),17/04/26 11:00:00,A,PC,F,Y20-64,TOTAL,IT,2019-01-01,53.9,,
ESTAT:LFSA_ERGAN(1.0),17/04/26 11:00:00,A,PC,F,Y20-64,TOTAL,LT,2019-01-01,77.4,,
ESTAT:LFSA_ERGAN(1.0),17/04/26 11:00:00,A,PC,F,Y20-64,TOTAL,LU,2019-01-01,68.1,,
ESTAT:LFSA_ERGAN(1.0),17/04/26 11:00:00,A,PC,F,Y20-64,TOTAL,LV,2019-01-01,75.5,,
ESTAT:LFSA_ERGAN(1.0),17/04/26 11:00:00,A,PC,F,Y20-64,TOTAL,ME,2019-01-01,54.2,,
ESTAT:LFSA_ERGAN(1.0),17/04/26 11:00:00,A,PC,F,Y20-64,TOTAL,MK,2019-01-01,48.4,,
ESTAT:LFSA_ERGAN(1.0),17/04/26 11:00:00,A,PC,F,Y20-64,TOTAL,MT,2019-01-01,63.9,,
ESTAT:LFSA_ERGAN(1.0),17/04/26 11:00:00,A,PC,F,Y20-64,TOTAL,NL,2019-01-01,75.5,,
ESTAT:LFSA_ERGAN(1.0),17/04/26 11:00:00,A,PC,F,Y20-64,TOTAL,NO,2019-01-01,76.8,,
ESTAT:LFSA_ERGAN(1.0),17/04/26 11:00:00,A,PC,F,Y20-64,TOTAL,PL,2019-01-01,65.7,b,
ESTAT:LFSA_ERGAN(1.0),17/04/26 11:00:00,A,PC,F,Y20-64,TOTAL,PT,2019-01-01,72.7,,
ESTAT:LFSA_ERGAN(1.0),17/04/26 11:00:00,A,PC,F,Y20-64,TOTAL,RO,2019-01-01,61.3,,
ESTAT:LFSA_ERGAN(1.0),17/04/26 11:00:00,A,PC,F,Y20-64,TOTAL,RS,2019-01-01,58.2,,
ESTAT:LFSA_ERGAN(1.0),17/04/26 11:00:00,A,PC,F,Y20-64,TOTAL,SE,2019-01-01,79.7,,
ESTAT:LFSA_ERGAN(1.0),17/04/26 11:00:00,A,PC,F,Y20-64,TOTAL,SI,2019-01-01,72.9,,
ESTAT:LFSA_ERGAN(1.0),17/04/26 11:00:00,A,PC,F,Y20-64,TOTAL,SK,2019-01-01,66.9,,
ESTAT:LFSA_ERGAN(1.0),17/04/26 11:00:00,A,PC,F,Y20-64,TOTAL,TR,2019-01-01,34.4,,
ESTAT:LFSA_ERGAN(1.0),17/04/26 11:00:00,A,PC,F,Y20-64,TOTAL,UK,2019-01-01,74.6,,
ESTAT:LFSA_ERGAN(1.0),17/04/26 11:00:00,A,PC,M,Y15-64,TOTAL,AT,2019-01-01,78.0,,
ESTAT:LFSA_ERGAN(1.0),17/04/26 11:00:00,A,PC,M,Y15-64,TOTAL,BE,2019-01-01,68.9,,
ESTAT:LFSA_ERGAN(1.0),17/04/26 11:00:00,A,PC,M,Y15-64,TOTAL,BG,2019-01-01,74.4,b,
ESTAT:LFSA_ERGAN(1.0),17/04/26 11:00:00,A,PC,M,Y15-64,TOTAL,CH,2019-01-01,84.5,,
ESTAT:LFSA_ERGAN(1.0),17/04/26 11:00:00,A,PC,M,Y15-64,TOTAL,CY,2019-01-01,76.5,,
ESTAT:LFSA_ERGAN(1.0),17/04/26 11:00:00,A,PC,M,Y15-64,TOTAL,CZ,2019-01-01,81.9,,
ESTAT:LFSA_ERGAN(1.0),17/04/26 11:00:00,A,PC,M,Y15-64,TOTAL,DE,2019-01-01,80.5,,
ESTAT:LFSA_ERGAN(1.0),17/04/26 11:00:00,A,PC,M,Y15-64,TOTAL,DK,2019-01-01,78.0,,
ESTAT:LFSA_ERGAN(1.0),17/04/26 11:00:00,A,PC,M,Y15-64,TOTAL,EA21,2019-01-01,73.0,,
ESTAT:LFSA_ERGAN(1.0),17/04/26 11:00:00,A,PC,M,Y15-64,TOTAL,EE,2019-01-01,78.0,,
ESTAT:LFSA_ERGAN(1.0),17/04/26 11:00:00,A,PC,M,Y15-64,TOTAL,EL,2019-01-01,65.9,,
ESTAT:LFSA_ERGAN(1.0),17/04/26 11:00:00,A,PC,M,Y15-64,TOTAL,ES,2019-01-01,68.7,,
ESTAT:LFSA_ERGAN(1.0),17/04/26 11:00:00,A,PC,M,Y15-64,TOTAL,EU27_2020,2019-01-01,73.8,,
ESTAT:LFSA_ERGAN(1.0),17/04/26 11:00:00,A,PC,M,Y15-64,TOTAL,FI,2019-01-01,74.1,,
ESTAT:LFSA_ERGAN(1.0),17/04/26 11:00:00,A,PC,M,Y15-64,TOTAL,FR,2019-01-01,68.8,,
ESTAT:LFSA_ERGAN(1.0),17/04/26 11:00:00,A,PC,M,Y15-64,TOTAL,HR,2019-01-01,66.9,,
ESTAT:LFSA_ERGAN(1.0),17/04/26 11:00:00,A,PC,M,Y15-64,TOTAL,HU,2019-01-01,77.5,,
ESTAT:LFSA_ERGAN(1.0),17/04/26 11:00:00,A,PC,M,Y15-64,TOTAL,IE,2019-01-01,75.0,,
ESTAT:LFSA_ERGAN(1.0),17/04/26 11:00:00,A,PC,M,Y15-64,TOTAL,IS,2019-01-01,86.2,,
ESTAT:LFSA_ERGAN(1.0),17/04/26 11:00:00,A,PC,M,Y15-64,TOTAL,IT,2019-01-01,68.1,,
ESTAT:LFSA_ERGAN(1.0),17/04/26 11:00:00,A,PC,M,Y15-64,TOTAL,LT,2019-01-01,73.5,,
ESTAT:LFSA_ERGAN(1.0),17/04/26 11:00:00,A,PC,M,Y15-64,TOTAL,LU,2019-01-01,72.1,,
ESTAT:LFSA_ERGAN(1.0),17/04/26 11:00:00,A,PC,M,Y15-64,TOTAL,LV,2019-01-01,73.9,,
ESTAT:LFSA_ERGAN(1.0),17/04/26 11:00:00,A,PC,M,Y15-64,TOTAL,ME,2019-01-01,62.3,,
ESTAT:LFSA_ERGAN(1.0),17/04/26 11:00:00,A,PC,M,Y15-64,TOTAL,MK,2019-01-01,64.4,,
ESTAT:LFSA_ERGAN(1.0),17/04/26 11:00:00,A,PC,M,Y15-64,TOTAL,MT,2019-01-01,81.4,,
ESTAT:LFSA_ERGAN(1.0),17/04/26 11:00:00,A,PC,M,Y15-64,TOTAL,NL,2019-01-01,82.2,,
ESTAT:LFSA_ERGAN(1.0),17/04/26 11:00:00,A,PC,M,Y15-64,TOTAL,NO,2019-01-01,77.4,,
ESTAT:LFSA_ERGAN(1.0),17/04/26 11:00:00,A,PC,M,Y15-64,TOTAL,PL,2019-01-01,75.5,b,
ESTAT:LFSA_ERGAN(1.0),17/04/26 11:00:00,A,PC,M,Y15-64,TOTAL,PT,2019-01-01,73.5,,
ESTAT:LFSA_ERGAN(1.0),17/04/26 11:00:00,A,PC,M,Y15-64,TOTAL,RO,2019-01-01,74.6,,
ESTAT:LFSA_ERGAN(1.0),17/04/26 11:00:00,A,PC,M,Y15-64,TOTAL,RS,2019-01-01,67.2,,
ESTAT:LFSA_ERGAN(1.0),17/04/26 11:00:00,A,PC,M,Y15-64,TOTAL,SE,2019-01-01,78.8,,
ESTAT:LFSA_ERGAN(1.0),17/04/26 11:00:00,A,PC,M,Y15-64,TOTAL,SI,2019-01-01,74.8,,
ESTAT:LFSA_ERGAN(1.0),17/04/26 11:00:00,A,PC,M,Y15-64,TOTAL,SK,2019-01-01,74.4,,
ESTAT:LFSA_ERGAN(1.0),17/04/26 11:00:00,A,PC,M,Y15-64,TOTAL,TR,2019-01-01,68.3,,
ESTAT:LFSA_ERGAN(1.0),17/04/26 11:00:00,A,PC,M,Y15-64,TOTAL,UK,2019-01-01,79.2,,
ESTAT:LFSA_ERGAN(1.0),17/04/26 11:00:00,A,PC,M,Y15-74,TOTAL,AT,2019-01-01,70.0,,
ESTAT:LFSA_ERGAN(1.0),17/04/26 11:00:00,A,PC,M,Y15-74,TOTAL,BE,2019-01-01,60.7,,
ESTAT:LFSA_ERGAN(1.0),17/04/26 11:00:00,A,PC,M,Y15-74,TOTAL,BG,2019-01-01,65.3,b,
ESTAT:LFSA_ERGAN(1.0),17/04/26 11:00:00,A,PC,M,Y15-74,TOTAL,CH,2019-01-01,77.0,,
ESTAT:LFSA_ERGAN(1.0),17/04/26 11:00:00,A,PC,M,Y15-74,TOTAL,CY,2019-01-01,69.5,,
ESTAT:LFSA_ERGAN(1.0),17/04/26 11:00:00,A,PC,M,Y15-74,TOTAL,CZ,2019-01-01,72.4,,
ESTAT:LFSA_ERGAN(1.0),17/04/26 11:00:00,A,PC,M,Y15-74,TOTAL,DE,2019-01-01,72.4,,
ESTAT:LFSA_ERGAN(1.0),17/04/26 11:00:00,A,PC,M,Y15-74,TOTAL,DK,2019-01-01,69.8,,
ESTAT:LFSA_ERGAN(1.0),17/04/26 11:00:00,A,PC,M,Y15-74,TOTAL,EA21,2019-01-01,64.8,,
ESTAT:LFSA_ERGAN(1.0),17/04/26 11:00:00,A,PC,M,Y15-74,TOTAL,EE,2019-01-01,72.4,,
ESTAT:LFSA_ERGAN(1.0),17/04/26 11:00:00,A,PC,M,Y15-74,TOTAL,EL,2019-01-01,58.2,,
ESTAT:LFSA_ERGAN(1.0),17/04/26 11:00:00,A,PC,M,Y15-74,TOTAL,ES,2019-01-01,61.0,,
ESTAT:LFSA_ERGAN(1.0),17/04/26 11:00:00,A,PC,M,Y15-74,TOTAL,EU27_2020,2019-01-01,65.6,,
ESTAT:LFSA_ERGAN(1.0),17/04/26 11:00:00,A,PC,M,Y15-74,TOTAL,FI,2019-01-01,64.5,,
ESTAT:LFSA_ERGAN(1.0),17/04/26 11:00:00,A,PC,M,Y15-74,TOTAL,FR,2019-01-01,59.9,,
ESTAT:LFSA_ERGAN(1.0),17/04/26 11:00:00,A,PC,M,Y15-74,TOTAL,HR,2019-01-01,58.2,,
ESTAT:LFSA_ERGAN(1.0),17/04/26 11:00:00,A,PC,M,Y15-74,TOTAL,HU,2019-01-01,68.9,,
ESTAT:LFSA_ERGAN(1.0),17/04/26 11:00:00,A,PC,M,Y15-74,TOTAL,IE,2019-01-01,69.3,,
ESTAT:LFSA_ERGAN(1.0),17/04/26 11:00:00,A,PC,M,Y15-74,TOTAL,IS,2019-01-01,81.6,,
ESTAT:LFSA_ERGAN(1.0),17/04/26 11:00:00,A,PC,M,Y15-74,TOTAL,IT,2019-01-01,60.2,,
ESTAT:LFSA_ERGAN(1.0),17/04/26 11:00:00,A,PC,M,Y15-74,TOTAL,LT,2019-01-01,67.9,,
ESTAT:LFSA_ERGAN(1.0),17/04/26 11:00:00,A,PC,M,Y15-74,TOTAL,LU,2019-01-01,65.6,,
ESTAT:LFSA_ERGAN(1.0),17/04/26 11:00:00,A,PC,M,Y15-74,TOTAL,LV,2019-01-01,68.1,,
ESTAT:LFSA_ERGAN(1.0),17/04/26 11:00:00,A,PC,M,Y15-74,TOTAL,ME,2019-01-01,58.5,,
ESTAT:LFSA_ERGAN(1.0),17/04/26 11:00:00,A,PC,M,Y15-74,TOTAL,MK,2019-01-01,58.2,,
ESTAT:LFSA_ERGAN(1.0),17/04/26 11:00:00,A,PC,M,Y15-74,TOTAL,MT,2019-01-01,72.4,,
ESTAT:LFSA_ERGAN(1.0),17/04/26 11:00:00,A,PC,M,Y15-74,TOTAL,NL,2019-01-01,73.2,,
ESTAT:LFSA_ERGAN(1.0),17/04/26 11:00:00,A,PC,M,Y15-74,TOTAL,NO,2019-01-01,70.4,,
ESTAT:LFSA_ERGAN(1.0),17/04/26 11:00:00,A,PC,M,Y15-74,TOTAL,PL,2019-01-01,67.5,b,
ESTAT:LFSA_ERGAN(1.0),17/04/26 11:00:00,A,PC,M,Y15-74,TOTAL,PT,2019-01-01,66.3,,
ESTAT:LFSA_ERGAN(1.0),17/04/26 11:00:00,A,PC,M,Y15-74,TOTAL,RO,2019-01-01,67.4,,
ESTAT:LFSA_ERGAN(1.0),17/04/26 11:00:00,A,PC,M,Y15-74,TOTAL,RS,2019-01-01,60.7,,
ESTAT:LFSA_ERGAN(1.0),17/04/26 11:00:00,A,PC,M,Y15-74,TOTAL,SE,2019-01-01,70.5,,
ESTAT:LFSA_ERGAN(1.0),17/04/26 11:00:00,A,PC,M,Y15-74,TOTAL,SI,2019-01-01,65.9,,
ESTAT:LFSA_ERGAN(1.0),17/04/26 11:00:00,A,PC,M,Y15-74,TOTAL,SK,2019-01-01,67.1,,
ESTAT:LFSA_ERGAN(1.0),17/04/26 11:00:00,A,PC,M,Y15-74,TOTAL,TR,2019-01-01,65.1,,
ESTAT:LFSA_ERGAN(1.0),17/04/26 11:00:00,A,PC,M,Y15-74,TOTAL,UK,2019-01-01,71.5,,
ESTAT:LFSA_ERGAN(1.0),17/04/26 11:00:00,A,PC,M,Y20-64,TOTAL,AT,2019-01-01,81.2,,
ESTAT:LFSA_ERGAN(1.0),17/04/26 11:00:00,A,PC,M,Y20-64,TOTAL,BE,2019-01-01,74.5,,
ESTAT:LFSA_ERGAN(1.0),17/04/26 11:00:00,A,PC,M,Y20-64,TOTAL,BG,2019-01-01,79.3,b,
ESTAT:LFSA_ERGAN(1.0),17/04/26 11:00:00,A,PC,M,Y20-64,TOTAL,CH,2019-01-01,87.3,,
ESTAT:LFSA_ERGAN(1.0),17/04/26 11:00:00,A,PC,M,Y20-64,TOTAL,CY,2019-01-01,81.3,,
ESTAT:LFSA_ERGAN(1.0),17/04/26 11:00:00,A,PC,M,Y20-64,TOTAL,CZ,2019-01-01,87.7,,
ESTAT:LFSA_ERGAN(1.0),17/04/26 11:00:00,A,PC,M,Y20-64,TOTAL,DE,2019-01-01,84.6,,
ESTAT:LFSA_ERGAN(1.0),17/04/26 11:00:00,A,PC,M,Y20-64,TOTAL,DK,2019-01-01,81.9,,
ESTAT:LFSA_ERGAN(1.0),17/04/26 11:00:00,A,PC,M,Y20-64,TOTAL,EA21,2019-01-01,78.1,,
ESTAT:LFSA_ERGAN(1.0),17/04/26 11:00:00,A,PC,M,Y20-64,TOTAL,EE,2019-01-01,83.5,,
ESTAT:LFSA_ERGAN(1.0),17/04/26 11:00:00,A,PC,M,Y20-64,TOTAL,EL,2019-01-01,71.3,,
ESTAT:LFSA_ERGAN(1.0),17/04/26 11:00:00,A,PC,M,Y20-64,TOTAL,ES,2019-01-01,74.0,,
ESTAT:LFSA_ERGAN(1.0),17/04/26 11:00:00,A,PC,M,Y20-64,TOTAL,EU27_2020,2019-01-01,79.0,,
ESTAT:LFSA_ERGAN(1.0),17/04/26 11:00:00,A,PC,M,Y20-64,TOTAL,FI,2019-01-01,78.5,,
ESTAT:LFSA_ERGAN(1.0),17/04/26 11:00:00,A,PC,M,Y20-64,TOTAL,FR,2019-01-01,75.3,,
ESTAT:LFSA_ERGAN(1.0),17/04/26 11:00:00,A,PC,M,Y20-64,TOTAL,HR,2019-01-01,71.7,,
ESTAT:LFSA_ERGAN(1.0),17/04/26 11:00:00,A,PC,M,Y20-64,TOTAL,HU,2019-01-01,83.2,,
ESTAT:LFSA_ERGAN(1.0),17/04/26 11:00:00,A,PC,M,Y20-64,TOTAL,IE,2019-01-01,81.4,,
ESTAT:LFSA_ERGAN(1.0),17/04/26 11:00:00,A,PC,M,Y20-64,TOTAL,IS,2019-01-01,88.6,,
ESTAT:LFSA_ERGAN(1.0),17/04/26 11:00:00,A,PC,M,Y20-64,TOTAL,IT,2019-01-01,73.4,,
ESTAT:LFSA_ERGAN(1.0),17/04/26 11:00:00,A,PC,M,Y20-64,TOTAL,LT,2019-01-01,79.0,,
ESTAT:LFSA_ERGAN(1.0),17/04/26 11:00:00,A,PC,M,Y20-64,TOTAL,LU,2019-01-01,77.2,,
ESTAT:LFSA_ERGAN(1.0),17/04/26 11:00:00,A,PC,M,Y20-64,TOTAL,LV,2019-01-01,79.3,,
ESTAT:LFSA_ERGAN(1.0),17/04/26 11:00:00,A,PC,M,Y20-64,TOTAL,ME,2019-01-01,67.5,,
ESTAT:LFSA_ERGAN(1.0),17/04/26 11:00:00,A,PC,M,Y20-64,TOTAL,MK,2019-01-01,69.7,,
ESTAT:LFSA_ERGAN(1.0),17/04/26 11:00:00,A,PC,M,Y20-64,TOTAL,MT,2019-01-01,85.9,,
ESTAT:LFSA_ERGAN(1.0),17/04/26 11:00:00,A,PC,M,Y20-64,TOTAL,NL,2019-01-01,84.8,,
ESTAT:LFSA_ERGAN(1.0),17/04/26 11:00:00,A,PC,M,Y20-64,TOTAL,NO,2019-01-01,82.0,,
ESTAT:LFSA_ERGAN(1.0),17/04/26 11:00:00,A,PC,M,Y20-64,TOTAL,PL,2019-01-01,80.9,b,
ESTAT:LFSA_ERGAN(1.0),17/04/26 11:00:00,A,PC,M,Y20-64,TOTAL,PT,2019-01-01,79.7,,
ESTAT:LFSA_ERGAN(1.0),17/04/26 11:00:00,A,PC,M,Y20-64,TOTAL,RO,2019-01-01,80.3,,
ESTAT:LFSA_ERGAN(1.0),17/04/26 11:00:00,A,PC,M,Y20-64,TOTAL,RS,2019-01-01,72.1,,
ESTAT:LFSA_ERGAN(1.0),17/04/26 11:00:00,A,PC,M,Y20-64,TOTAL,SE,2019-01-01,84.4,,
ESTAT:LFSA_ERGAN(1.0),17/04/26 11:00:00,A,PC,M,Y20-64,TOTAL,SI,2019-01-01,79.7,,
ESTAT:LFSA_ERGAN(1.0),17/04/26 11:00:00,A,PC,M,Y20-64,TOTAL,SK,2019-01-01,79.9,,
ESTAT:LFSA_ERGAN(1.0),17/04/26 11:00:00,A,PC,M,Y20-64,TOTAL,TR,2019-01-01,73.2,,
ESTAT:LFSA_ERGAN(1.0),17/04/26 11:00:00,A,PC,M,Y20-64,TOTAL,UK,2019-01-01,84.0,,
ESTAT:LFSA_ERGAN(1.0),17/04/26 11:00:00,A,PC,T,Y15-64,TOTAL,AT,2019-01-01,73.6,,
ESTAT:LFSA_ERGAN(1.0),17/04/26 11:00:00,A,PC,T,Y15-64,TOTAL,BE,2019-01-01,65.3,,
ESTAT:LFSA_ERGAN(1.0),17/04/26 11:00:00,A,PC,T,Y15-64,TOTAL,BG,2019-01-01,70.4,b,
ESTAT:LFSA_ERGAN(1.0),17/04/26 11:00:00,A,PC,T,Y15-64,TOTAL,CH,2019-01-01,80.5,,
ESTAT:LFSA_ERGAN(1.0),17/04/26 11:00:00,A,PC,T,Y15-64,TOTAL,CY,2019-01-01,71.4,,
ESTAT:LFSA_ERGAN(1.0),17/04/26 11:00:00,A,PC,T,Y15-64,TOTAL,CZ,2019-01-01,75.1,,
ESTAT:LFSA_ERGAN(1.0),17/04/26 11:00:00,A,PC,T,Y15-64,TOTAL,DE,2019-01-01,76.7,,
ESTAT:LFSA_ERGAN(1.0),17/04/26 11:00:00,A,PC,T,Y15-64,TOTAL,DK,2019-01-01,75.0,,
ESTAT:LFSA_ERGAN(1.0),17/04/26 11:00:00,A,PC,T,Y15-64,TOTAL,EA21,2019-01-01,68.0,,
ESTAT:LFSA_ERGAN(1.0),17/04/26 11:00:00,A,PC,T,Y15-64,TOTAL,EE,2019-01-01,74.8,,
ESTAT:LFSA_ERGAN(1.0),17/04/26 11:00:00,A,PC,T,Y15-64,TOTAL,EL,2019-01-01,56.5,,
ESTAT:LFSA_ERGAN(1.0),17/04/26 11:00:00,A,PC,T,Y15-64,TOTAL,ES,2019-01-01,63.3,,
ESTAT:LFSA_ERGAN(1.0),17/04/26 11:00:00,A,PC,T,Y15-64,TOTAL,EU27_2020,2019-01-01,68.4,,
ESTAT:LFSA_ERGAN(1.0),17/04/26 11:00:00,A,PC,T,Y15-64,TOTAL,FI,2019-01-01,72.9,,
ESTAT:LFSA_ERGAN(1.0),17/04/26 11:00:00,A,PC,T,Y15-64,TOTAL,FR,2019-01-01,65.6,,
ESTAT:LFSA_ERGAN(1.0),17/04/26 11:00:00,A,PC,T,Y15-64,TOTAL,HR,2019-01-01,62.0,,
ESTAT:LFSA_ERGAN(1.0),17/04/26 11:00:00,A,PC,T,Y15-64,TOTAL,HU,2019-01-01,70.3,,
ESTAT:LFSA_ERGAN(1.0),17/04/26 11:00:00,A,PC,T,Y15-64,TOTAL,IE,2019-01-01,69.5,,
ESTAT:LFSA_ERGAN(1.0),17/04/26 11:00:00,A,PC,T,Y15-64,TOTAL,IS,2019-01-01,84.1,,
ESTAT:LFSA_ERGAN(1.0),17/04/26 11:00:00,A,PC,T,Y15-64,TOTAL,IT,2019-01-01,59.1,,
ESTAT:LFSA_ERGAN(1.0),17/04/26 11:00:00,A,PC,T,Y15-64,TOTAL,LT,2019-01-01,73.0,,
ESTAT:LFSA_ERGAN(1.0),17/04/26 11:00:00,A,PC,T,Y15-64,TOTAL,LU,2019-01-01,67.9,,
ESTAT:LFSA_ERGAN(1.0),17/04/26 11:00:00,A,PC,T,Y15-64,TOTAL,LV,2019-01-01,72.3,,
ESTAT:LFSA_ERGAN(1.0),17/04/26 11:00:00,A,PC,T,Y15-64,TOTAL,ME,2019-01-01,56.0,,
ESTAT:LFSA_ERGAN(1.0),17/04/26 11:00:00,A,PC,T,Y15-64,TOTAL,MK,2019-01-01,54.7,,
ESTAT:LFSA_ERGAN(1.0),17/04/26 11:00:00,A,PC,T,Y15-64,TOTAL,MT,2019-01-01,71.7,,
ESTAT:LFSA_ERGAN(1.0),17/04/26 11:00:00,A,PC,T,Y15-64,TOTAL,NL,2019-01-01,78.2,,
ESTAT:LFSA_ERGAN(1.0),17/04/26 11:00:00,A,PC,T,Y15-64,TOTAL,NO,2019-01-01,75.3,,
ESTAT:LFSA_ERGAN(1.0),17/04/26 11:00:00,A,PC,T,Y15-64,TOTAL,PL,2019-01-01,68.5,b,
ESTAT:LFSA_ERGAN(1.0),17/04/26 11:00:00,A,PC,T,Y15-64,TOTAL,PT,2019-01-01,70.4,,
ESTAT:LFSA_ERGAN(1.0),17/04/26 11:00:00,A,PC,T,Y15-64,TOTAL,RO,2019-01-01,65.8,,
ESTAT:LFSA_ERGAN(1.0),17/04/26 11:00:00,A,PC,T,Y15-64,TOTAL,RS,2019-01-01,60.7,,
ESTAT:LFSA_ERGAN(1.0),17/04/26 11:00:00,A,PC,T,Y15-64,TOTAL,SE,2019-01-01,77.1,,
ESTAT:LFSA_ERGAN(1.0),17/04/26 11:00:00,A,PC,T,Y15-64,TOTAL,SI,2019-01-01,71.8,,
ESTAT:LFSA_ERGAN(1.0),17/04/26 11:00:00,A,PC,T,Y15-64,TOTAL,SK,2019-01-01,68.4,,
ESTAT:LFSA_ERGAN(1.0),17/04/26 11:00:00,A,PC,T,Y15-64,TOTAL,TR,2019-01-01,50.3,,
ESTAT:LFSA_ERGAN(1.0),17/04/26 11:00:00,A,PC,T,Y15-64,TOTAL,UK,2019-01-01,75.2,,
ESTAT:LFSA_ERGAN(1.0),17/04/26 11:00:00,A,PC,T,Y15-74,TOTAL,AT,2019-01-01,65.3,,
ESTAT:LFSA_ERGAN(1.0),17/04/26 11:00:00,A,PC,T,Y15-74,TOTAL,BE,2019-01-01,57.0,,
ESTAT:LFSA_ERGAN(1.0),17/04/26 11:00:00,A,PC,T,Y15-74,TOTAL,BG,2019-01-01,60.0,b,
ESTAT:LFSA_ERGAN(1.0),17/04/26 11:00:00,A,PC,T,Y15-74,TOTAL,CH,2019-01-01,72.5,,
ESTAT:LFSA_ERGAN(1.0),17/04/26 11:00:00,A,PC,T,Y15-74,TOTAL,CY,2019-01-01,64.1,,
ESTAT:LFSA_ERGAN(1.0),17/04/26 11:00:00,A,PC,T,Y15-74,TOTAL,CZ,2019-01-01,65.0,,
ESTAT:LFSA_ERGAN(1.0),17/04/26 11:00:00,A,PC,T,Y15-74,TOTAL,DE,2019-01-01,68.2,,
ESTAT:LFSA_ERGAN(1.0),17/04/26 11:00:00,A,PC,T,Y15-74,TOTAL,DK,2019-01-01,66.0,,
ESTAT:LFSA_ERGAN(1.0),17/04/26 11:00:00,A,PC,T,Y15-74,TOTAL,EA21,2019-01-01,59.7,,
ESTAT:LFSA_ERGAN(1.0),17/04/26 11:00:00,A,PC,T,Y15-74,TOTAL,EE,2019-01-01,68.2,,
ESTAT:LFSA_ERGAN(1.0),17/04/26 11:00:00,A,PC,T,Y15-74,TOTAL,EL,2019-01-01,49.2,,
ESTAT:LFSA_ERGAN(1.0),17/04/26 11:00:00,A,PC,T,Y15-74,TOTAL,ES,2019-01-01,55.7,,
ESTAT:LFSA_ERGAN(1.0),17/04/26 11:00:00,A,PC,T,Y15-74,TOTAL,EU27_2020,2019-01-01,60.0,,
ESTAT:LFSA_ERGAN(1.0),17/04/26 11:00:00,A,PC,T,Y15-74,TOTAL,FI,2019-01-01,62.4,,
ESTAT:LFSA_ERGAN(1.0),17/04/26 11:00:00,A,PC,T,Y15-74,TOTAL,FR,2019-01-01,56.6,,
ESTAT:LFSA_ERGAN(1.0),17/04/26 11:00:00,A,PC,T,Y15-74,TOTAL,HR,2019-01-01,53.1,,
ESTAT:LFSA_ERGAN(1.0),17/04/26 11:00:00,A,PC,T,Y15-74,TOTAL,HU,2019-01-01,61.0,,
ESTAT:LFSA_ERGAN(1.0),17/04/26 11:00:00,A,PC,T,Y15-74,TOTAL,IE,2019-01-01,63.7,,
ESTAT:LFSA_ERGAN(1.0),17/04/26 11:00:00,A,PC,T,Y15-74,TOTAL,IS,2019-01-01,78.4,,
ESTAT:LFSA_ERGAN(1.0),17/04/26 11:00:00,A,PC,T,Y15-74,TOTAL,IT,2019-01-01,51.6,,
ESTAT:LFSA_ERGAN(1.0),17/04/26 11:00:00,A,PC,T,Y15-74,TOTAL,LT,2019-01-01,65.6,,
ESTAT:LFSA_ERGAN(1.0),17/04/26 11:00:00,A,PC,T,Y15-74,TOTAL,LU,2019-01-01,61.7,,
ESTAT:LFSA_ERGAN(1.0),17/04/26 11:00:00,A,PC,T,Y15-74,TOTAL,LV,2019-01-01,65.0,,
ESTAT:LFSA_ERGAN(1.0),17/04/26 11:00:00,A,PC,T,Y15-74,TOTAL,ME,2019-01-01,51.8,,
ESTAT:LFSA_ERGAN(1.0),17/04/26 11:00:00,A,PC,T,Y15-74,TOTAL,MK,2019-01-01,48.9,,
ESTAT:LFSA_ERGAN(1.0),17/04/26 11:00:00,A,PC,T,Y15-74,TOTAL,MT,2019-01-01,62.9,,
ESTAT:LFSA_ERGAN(1.0),17/04/26 11:00:00,A,PC,T,Y15-74,TOTAL,NL,2019-01-01,68.8,,
ESTAT:LFSA_ERGAN(1.0),17/04/26 11:00:00,A,PC,T,Y15-74,TOTAL,NO,2019-01-01,67.8,,
ESTAT:LFSA_ERGAN(1.0),17/04/26 11:00:00,A,PC,T,Y15-74,TOTAL,PL,2019-01-01,59.6,b,
ESTAT:LFSA_ERGAN(1.0),17/04/26 11:00:00,A,PC,T,Y15-74,TOTAL,PT,2019-01-01,62.3,,
ESTAT:LFSA_ERGAN(1.0),17/04/26 11:00:00,A,PC,T,Y15-74,TOTAL,RO,2019-01-01,58.6,,
ESTAT:LFSA_ERGAN(1.0),17/04/26 11:00:00,A,PC,T,Y15-74,TOTAL,RS,2019-01-01,53.6,,
ESTAT:LFSA_ERGAN(1.0),17/04/26 11:00:00,A,PC,T,Y15-74,TOTAL,SE,2019-01-01,68.3,,
ESTAT:LFSA_ERGAN(1.0),17/04/26 11:00:00,A,PC,T,Y15-74,TOTAL,SI,2019-01-01,62.2,,
ESTAT:LFSA_ERGAN(1.0),17/04/26 11:00:00,A,PC,T,Y15-74,TOTAL,SK,2019-01-01,60.6,,
ESTAT:LFSA_ERGAN(1.0),17/04/26 11:00:00,A,PC,T,Y15-74,TOTAL,TR,2019-01-01,47.6,,
ESTAT:LFSA_ERGAN(1.0),17/04/26 11:00:00,A,PC,T,Y15-74,TOTAL,UK,2019-01-01,67.2,,
ESTAT:LFSA_ERGAN(1.0),17/04/26 11:00:00,A,PC,T,Y20-64,TOTAL,AT,2019-01-01,76.8,,
ESTAT:LFSA_ERGAN(1.0),17/04/26 11:00:00,A,PC,T,Y20-64,TOTAL,BE,2019-01-01,70.5,,
ESTAT:LFSA_ERGAN(1.0),17/04/26 11:00:00,A,PC,T,Y20-64,TOTAL,BG,2019-01-01,75.0,b,
ESTAT:LFSA_ERGAN(1.0),17/04/26 11:00:00,A,PC,T,Y20-64,TOTAL,CH,2019-01-01,82.9,,
ESTAT:LFSA_ERGAN(1.0),17/04/26 11:00:00,A,PC,T,Y20-64,TOTAL,CY,2019-01-01,75.8,,
ESTAT:LFSA_ERGAN(1.0),17/04/26 11:00:00,A,PC,T,Y20-64,TOTAL,CZ,2019-01-01,80.3,,
ESTAT:LFSA_ERGAN(1.0),17/04/26 11:00:00,A,PC,T,Y20-64,TOTAL,DE,2019-01-01,80.6,,
ESTAT:LFSA_ERGAN(1.0),17/04/26 11:00:00,A,PC,T,Y20-64,TOTAL,DK,2019-01-01,78.3,,
ESTAT:LFSA_ERGAN(1.0),17/04/26 11:00:00,A,PC,T,Y20-64,TOTAL,EA21,2019-01-01,72.6,,
ESTAT:LFSA_ERGAN(1.0),17/04/26 11:00:00,A,PC,T,Y20-64,TOTAL,EE,2019-01-01,79.7,,
ESTAT:LFSA_ERGAN(1.0),17/04/26 11:00:00,A,PC,T,Y20-64,TOTAL,EL,2019-01-01,61.2,,
ESTAT:LFSA_ERGAN(1.0),17/04/26 11:00:00,A,PC,T,Y20-64,TOTAL,ES,2019-01-01,68.0,,
ESTAT:LFSA_ERGAN(1.0),17/04/26 11:00:00,A,PC,T,Y20-64,TOTAL,EU27_2020,2019-01-01,73.1,,
ESTAT:LFSA_ERGAN(1.0),17/04/26 11:00:00,A,PC,T,Y20-64,TOTAL,FI,2019-01-01,77.2,,
ESTAT:LFSA_ERGAN(1.0),17/04/26 11:00:00,A,PC,T,Y20-64,TOTAL,FR,2019-01-01,71.6,,
ESTAT:LFSA_ERGAN(1.0),17/04/26 11:00:00,A,PC,T,Y20-64,TOTAL,HR,2019-01-01,66.4,,
ESTAT:LFSA_ERGAN(1.0),17/04/26 11:00:00,A,PC,T,Y20-64,TOTAL,HU,2019-01-01,75.4,,
ESTAT:LFSA_ERGAN(1.0),17/04/26 11:00:00,A,PC,T,Y20-64,TOTAL,IE,2019-01-01,75.1,,
ESTAT:LFSA_ERGAN(1.0),17/04/26 11:00:00,A,PC,T,Y20-64,TOTAL,IS,2019-01-01,85.9,,
ESTAT:LFSA_ERGAN(1.0),17/04/26 11:00:00,A,PC,T,Y20-64,TOTAL,IT,2019-01-01,63.6,,
ESTAT:LFSA_ERGAN(1.0),17/04/26 11:00:00,A,PC,T,Y20-64,TOTAL,LT,2019-01-01,78.2,,
ESTAT:LFSA_ERGAN(1.0),17/04/26 11:00:00,A,PC,T,Y20-64,TOTAL,LU,2019-01-01,72.8,,
ESTAT:LFSA_ERGAN(1.0),17/04/26 11:00:00,A,PC,T,Y20-64,TOTAL,LV,2019-01-01,77.4,,
ESTAT:LFSA_ERGAN(1.0),17/04/26 11:00:00,A,PC,T,Y20-64,TOTAL,ME,2019-01-01,60.8,,
ESTAT:LFSA_ERGAN(1.0),17/04/26 11:00:00,A,PC,T,Y20-64,TOTAL,MK,2019-01-01,59.2,,
ESTAT:LFSA_ERGAN(1.0),17/04/26 11:00:00,A,PC,T,Y20-64,TOTAL,MT,2019-01-01,75.6,,
ESTAT:LFSA_ERGAN(1.0),17/04/26 11:00:00,A,PC,T,Y20-64,TOTAL,NL,2019-01-01,80.1,,
ESTAT:LFSA_ERGAN(1.0),17/04/26 11:00:00,A,PC,T,Y20-64,TOTAL,NO,2019-01-01,79.5,,
ESTAT:LFSA_ERGAN(1.0),17/04/26 11:00:00,A,PC,T,Y20-64,TOTAL,PL,2019-01-01,73.3,b,
ESTAT:LFSA_ERGAN(1.0),17/04/26 11:00:00,A,PC,T,Y20-64,TOTAL,PT,2019-01-01,76.1,,
ESTAT:LFSA_ERGAN(1.0),17/04/26 11:00:00,A,PC,T,Y20-64,TOTAL,RO,2019-01-01,70.9,,
ESTAT:LFSA_ERGAN(1.0),17/04/26 11:00:00,A,PC,T,Y20-64,TOTAL,RS,2019-01-01,65.2,,
ESTAT:LFSA_ERGAN(1.0),17/04/26 11:00:00,A,PC,T,Y20-64,TOTAL,SE,2019-01-01,82.1,,
ESTAT:LFSA_ERGAN(1.0),17/04/26 11:00:00,A,PC,T,Y20-64,TOTAL,SI,2019-01-01,76.4,,
ESTAT:LFSA_ERGAN(1.0),17/04/26 11:00:00,A,PC,T,Y20-64,TOTAL,SK,2019-01-01,73.4,,
ESTAT:LFSA_ERGAN(1.0),17/04/26 11:00:00,A,PC,T,Y20-64,TOTAL,TR,2019-01-01,53.8,,
ESTAT:LFSA_ERGAN(1.0),17/04/26 11:00:00,A,PC,T,Y20-64,TOTAL,UK,2019-01-01,79.3,,
ESTAT:LFSA_ERGAN(1.0),17/04/26 11:00:00,A,PC,F,Y15-64,TOTAL,AT,2020-01-01,68.3,,
ESTAT:LFSA_ERGAN(1.0),17/04/26 11:00:00,A,PC,F,Y15-64,TOTAL,BE,2020-01-01,61.0,,
ESTAT:LFSA_ERGAN(1.0),17/04/26 11:00:00,A,PC,F,Y15-64,TOTAL,BG,2020-01-01,64.8,,
ESTAT:LFSA_ERGAN(1.0),17/04/26 11:00:00,A,PC,F,Y15-64,TOTAL,CH,2020-01-01,75.9,,
ESTAT:LFSA_ERGAN(1.0),17/04/26 11:00:00,A,PC,F,Y15-64,TOTAL,CY,2020-01-01,65.5,,
ESTAT:LFSA_ERGAN(1.0),17/04/26 11:00:00,A,PC,F,Y15-64,TOTAL,CZ,2020-01-01,67.1,,
ESTAT:LFSA_ERGAN(1.0),17/04/26 11:00:00,A,PC,F,Y15-64,TOTAL,DE,2020-01-01,71.9,b,
ESTAT:LFSA_ERGAN(1.0),17/04/26 11:00:00,A,PC,F,Y15-64,TOTAL,DK,2020-01-01,71.5,,
ESTAT:LFSA_ERGAN(1.0),17/04/26 11:00:00,A,PC,F,Y15-64,TOTAL,EA21,2020-01-01,62.0,,
ESTAT:LFSA_ERGAN(1.0),17/04/26 11:00:00,A,PC,F,Y15-64,TOTAL,EE,2020-01-01,70.5,,
ESTAT:LFSA_ERGAN(1.0),17/04/26 11:00:00,A,PC,F,Y15-64,TOTAL,EL,2020-01-01,47.5,,
ESTAT:LFSA_ERGAN(1.0),17/04/26 11:00:00,A,PC,F,Y15-64,TOTAL,ES,2020-01-01,55.7,,
ESTAT:LFSA_ERGAN(1.0),17/04/26 11:00:00,A,PC,F,Y15-64,TOTAL,EU27_2020,2020-01-01,62.3,,
ESTAT:LFSA_ERGAN(1.0),17/04/26 11:00:00,A,PC,F,Y15-64,TOTAL,FI,2020-01-01,70.7,,
ESTAT:LFSA_ERGAN(1.0),17/04/26 11:00:00,A,PC,F,Y15-64,TOTAL,FR,2020-01-01,62.2,,
ESTAT:LFSA_ERGAN(1.0),17/04/26 11:00:00,A,PC,F,Y15-64,TOTAL,HR,2020-01-01,57.1,,
ESTAT:LFSA_ERGAN(1.0),17/04/26 11:00:00,A,PC,F,Y15-64,TOTAL,HU,2020-01-01,62.6,,
ESTAT:LFSA_ERGAN(1.0),17/04/26 11:00:00,A,PC,F,Y15-64,TOTAL,IE,2020-01-01,62.4,,
ESTAT:LFSA_ERGAN(1.0),17/04/26 11:00:00,A,PC,F,Y15-64,TOTAL,IS,2020-01-01,77.8,b,
ESTAT:LFSA_ERGAN(1.0),17/04/26 11:00:00,A,PC,F,Y15-64,TOTAL,IT,2020-01-01,49.0,,
ESTAT:LFSA_ERGAN(1.0),17/04/26 11:00:00,A,PC,F,Y15-64,TOTAL,LT,2020-01-01,71.0,,
ESTAT:LFSA_ERGAN(1.0),17/04/26 11:00:00,A,PC,F,Y15-64,TOTAL,LU,2020-01-01,63.9,,
ESTAT:LFSA_ERGAN(1.0),17/04/26 11:00:00,A,PC,F,Y15-64,TOTAL,LV,2020-01-01,70.2,,
ESTAT:LFSA_ERGAN(1.0),17/04/26 11:00:00,A,PC,F,Y15-64,TOTAL,ME,2020-01-01,44.4,,
ESTAT:LFSA_ERGAN(1.0),17/04/26 11:00:00,A,PC,F,Y15-64,TOTAL,MK,2020-01-01,45.3,,
ESTAT:LFSA_ERGAN(1.0),17/04/26 11:00:00,A,PC,F,Y15-64,TOTAL,MT,2020-01-01,62.7,,
ESTAT:LFSA_ERGAN(1.0),17/04/26 11:00:00,A,PC,F,Y15-64,TOTAL,NL,2020-01-01,73.9,,
ESTAT:LFSA_ERGAN(1.0),17/04/26 11:00:00,A,PC,F,Y15-64,TOTAL,NO,2020-01-01,72.7,,
ESTAT:LFSA_ERGAN(1.0),17/04/26 11:00:00,A,PC,F,Y15-64,TOTAL,PL,2020-01-01,61.6,,
ESTAT:LFSA_ERGAN(1.0),17/04/26 11:00:00,A,PC,F,Y15-64,TOTAL,PT,2020-01-01,66.4,,
ESTAT:LFSA_ERGAN(1.0),17/04/26 11:00:00,A,PC,F,Y15-64,TOTAL,RO,2020-01-01,56.5,,
ESTAT:LFSA_ERGAN(1.0),17/04/26 11:00:00,A,PC,F,Y15-64,TOTAL,RS,2020-01-01,54.8,,
ESTAT:LFSA_ERGAN(1.0),17/04/26 11:00:00,A,PC,F,Y15-64,TOTAL,SE,2020-01-01,73.5,,
ESTAT:LFSA_ERGAN(1.0),17/04/26 11:00:00,A,PC,F,Y15-64,TOTAL,SI,2020-01-01,67.8,,
ESTAT:LFSA_ERGAN(1.0),17/04/26 11:00:00,A,PC,F,Y15-64,TOTAL,SK,2020-01-01,61.7,,
ESTAT:LFSA_ERGAN(1.0),17/04/26 11:00:00,A,PC,F,Y15-64,TOTAL,TR,2020-01-01,29.7,,
ESTAT:LFSA_ERGAN(1.0),17/04/26 11:00:00,A,PC,F,Y15-74,TOTAL,AT,2020-01-01,59.8,,
ESTAT:LFSA_ERGAN(1.0),17/04/26 11:00:00,A,PC,F,Y15-74,TOTAL,BE,2020-01-01,52.7,,
ESTAT:LFSA_ERGAN(1.0),17/04/26 11:00:00,A,PC,F,Y15-74,TOTAL,BG,2020-01-01,53.4,,
ESTAT:LFSA_ERGAN(1.0),17/04/26 11:00:00,A,PC,F,Y15-74,TOTAL,CH,2020-01-01,67.4,,
ESTAT:LFSA_ERGAN(1.0),17/04/26 11:00:00,A,PC,F,Y15-74,TOTAL,CY,2020-01-01,58.1,,
ESTAT:LFSA_ERGAN(1.0),17/04/26 11:00:00,A,PC,F,Y15-74,TOTAL,CZ,2020-01-01,56.7,,
ESTAT:LFSA_ERGAN(1.0),17/04/26 11:00:00,A,PC,F,Y15-74,TOTAL,DE,2020-01-01,62.5,b,
ESTAT:LFSA_ERGAN(1.0),17/04/26 11:00:00,A,PC,F,Y15-74,TOTAL,DK,2020-01-01,61.8,,
ESTAT:LFSA_ERGAN(1.0),17/04/26 11:00:00,A,PC,F,Y15-74,TOTAL,EA21,2020-01-01,53.6,,
ESTAT:LFSA_ERGAN(1.0),17/04/26 11:00:00,A,PC,F,Y15-74,TOTAL,EE,2020-01-01,62.9,,
ESTAT:LFSA_ERGAN(1.0),17/04/26 11:00:00,A,PC,F,Y15-74,TOTAL,EL,2020-01-01,40.8,,
ESTAT:LFSA_ERGAN(1.0),17/04/26 11:00:00,A,PC,F,Y15-74,TOTAL,ES,2020-01-01,48.5,,
ESTAT:LFSA_ERGAN(1.0),17/04/26 11:00:00,A,PC,F,Y15-74,TOTAL,EU27_2020,2020-01-01,53.6,,
ESTAT:LFSA_ERGAN(1.0),17/04/26 11:00:00,A,PC,F,Y15-74,TOTAL,FI,2020-01-01,59.1,,
ESTAT:LFSA_ERGAN(1.0),17/04/26 11:00:00,A,PC,F,Y15-74,TOTAL,FR,2020-01-01,53.0,,
ESTAT:LFSA_ERGAN(1.0),17/04/26 11:00:00,A,PC,F,Y15-74,TOTAL,HR,2020-01-01,47.5,,
ESTAT:LFSA_ERGAN(1.0),17/04/26 11:00:00,A,PC,F,Y15-74,TOTAL,HU,2020-01-01,52.7,,
ESTAT:LFSA_ERGAN(1.0),17/04/26 11:00:00,A,PC,F,Y15-74,TOTAL,IE,2020-01-01,56.6,,
ESTAT:LFSA_ERGAN(1.0),17/04/26 11:00:00,A,PC,F,Y15-74,TOTAL,IS,2020-01-01,71.0,b,
ESTAT:LFSA_ERGAN(1.0),17/04/26 11:00:00,A,PC,F,Y15-74,TOTAL,IT,2020-01-01,42.1,,
ESTAT:LFSA_ERGAN(1.0),17/04/26 11:00:00,A,PC,F,Y15-74,TOTAL,LT,2020-01-01,62.1,,
ESTAT:LFSA_ERGAN(1.0),17/04/26 11:00:00,A,PC,F,Y15-74,TOTAL,LU,2020-01-01,57.9,,
ESTAT:LFSA_ERGAN(1.0),17/04/26 11:00:00,A,PC,F,Y15-74,TOTAL,LV,2020-01-01,61.6,,
ESTAT:LFSA_ERGAN(1.0),17/04/26 11:00:00,A,PC,F,Y15-74,TOTAL,ME,2020-01-01,40.8,,
ESTAT:LFSA_ERGAN(1.0),17/04/26 11:00:00,A,PC,F,Y15-74,TOTAL,MK,2020-01-01,39.9,,
ESTAT:LFSA_ERGAN(1.0),17/04/26 11:00:00,A,PC,F,Y15-74,TOTAL,MT,2020-01-01,54.2,,
ESTAT:LFSA_ERGAN(1.0),17/04/26 11:00:00,A,PC,F,Y15-74,TOTAL,NL,2020-01-01,64.2,,
ESTAT:LFSA_ERGAN(1.0),17/04/26 11:00:00,A,PC,F,Y15-74,TOTAL,NO,2020-01-01,64.4,,
ESTAT:LFSA_ERGAN(1.0),17/04/26 11:00:00,A,PC,F,Y15-74,TOTAL,PL,2020-01-01,51.9,,
ESTAT:LFSA_ERGAN(1.0),17/04/26 11:00:00,A,PC,F,Y15-74,TOTAL,PT,2020-01-01,57.4,,
ESTAT:LFSA_ERGAN(1.0),17/04/26 11:00:00,A,PC,F,Y15-74,TOTAL,RO,2020-01-01,49.0,,
ESTAT:LFSA_ERGAN(1.0),17/04/26 11:00:00,A,PC,F,Y15-74,TOTAL,RS,2020-01-01,47.2,,
ESTAT:LFSA_ERGAN(1.0),17/04/26 11:00:00,A,PC,F,Y15-74,TOTAL,SE,2020-01-01,64.6,,
ESTAT:LFSA_ERGAN(1.0),17/04/26 11:00:00,A,PC,F,Y15-74,TOTAL,SI,2020-01-01,57.6,,
ESTAT:LFSA_ERGAN(1.0),17/04/26 11:00:00,A,PC,F,Y15-74,TOTAL,SK,2020-01-01,53.4,,
ESTAT:LFSA_ERGAN(1.0),17/04/26 11:00:00,A,PC,F,Y15-74,TOTAL,TR,2020-01-01,27.7,,
ESTAT:LFSA_ERGAN(1.0),17/04/26 11:00:00,A,PC,F,Y20-64,TOTAL,AT,2020-01-01,71.5,,
ESTAT:LFSA_ERGAN(1.0),17/04/26 11:00:00,A,PC,F,Y20-64,TOTAL,BE,2020-01-01,65.9,,
ESTAT:LFSA_ERGAN(1.0),17/04/26 11:00:00,A,PC,F,Y20-64,TOTAL,BG,2020-01-01,69.1,,
ESTAT:LFSA_ERGAN(1.0),17/04/26 11:00:00,A,PC,F,Y20-64,TOTAL,CH,2020-01-01,78.3,,
ESTAT:LFSA_ERGAN(1.0),17/04/26 11:00:00,A,PC,F,Y20-64,TOTAL,CY,2020-01-01,69.5,,
ESTAT:LFSA_ERGAN(1.0),17/04/26 11:00:00,A,PC,F,Y20-64,TOTAL,CZ,2020-01-01,71.9,,
ESTAT:LFSA_ERGAN(1.0),17/04/26 11:00:00,A,PC,F,Y20-64,TOTAL,DE,2020-01-01,75.4,b,
ESTAT:LFSA_ERGAN(1.0),17/04/26 11:00:00,A,PC,F,Y20-64,TOTAL,DK,2020-01-01,74.3,,
ESTAT:LFSA_ERGAN(1.0),17/04/26 11:00:00,A,PC,F,Y20-64,TOTAL,EA21,2020-01-01,66.2,,
ESTAT:LFSA_ERGAN(1.0),17/04/26 11:00:00,A,PC,F,Y20-64,TOTAL,EE,2020-01-01,75.2,,
ESTAT:LFSA_ERGAN(1.0),17/04/26 11:00:00,A,PC,F,Y20-64,TOTAL,EL,2020-01-01,51.8,,
ESTAT:LFSA_ERGAN(1.0),17/04/26 11:00:00,A,PC,F,Y20-64,TOTAL,ES,2020-01-01,60.0,,
ESTAT:LFSA_ERGAN(1.0),17/04/26 11:00:00,A,PC,F,Y20-64,TOTAL,EU27_2020,2020-01-01,66.5,,
ESTAT:LFSA_ERGAN(1.0),17/04/26 11:00:00,A,PC,F,Y20-64,TOTAL,FI,2020-01-01,75.0,,
ESTAT:LFSA_ERGAN(1.0),17/04/26 11:00:00,A,PC,F,Y20-64,TOTAL,FR,2020-01-01,68.0,,
ESTAT:LFSA_ERGAN(1.0),17/04/26 11:00:00,A,PC,F,Y20-64,TOTAL,HR,2020-01-01,61.3,,
ESTAT:LFSA_ERGAN(1.0),17/04/26 11:00:00,A,PC,F,Y20-64,TOTAL,HU,2020-01-01,67.2,,
ESTAT:LFSA_ERGAN(1.0),17/04/26 11:00:00,A,PC,F,Y20-64,TOTAL,IE,2020-01-01,67.4,,
ESTAT:LFSA_ERGAN(1.0),17/04/26 11:00:00,A,PC,F,Y20-64,TOTAL,IS,2020-01-01,79.2,b,
ESTAT:LFSA_ERGAN(1.0),17/04/26 11:00:00,A,PC,F,Y20-64,TOTAL,IT,2020-01-01,52.7,,
ESTAT:LFSA_ERGAN(1.0),17/04/26 11:00:00,A,PC,F,Y20-64,TOTAL,LT,2020-01-01,75.8,,
ESTAT:LFSA_ERGAN(1.0),17/04/26 11:00:00,A,PC,F,Y20-64,TOTAL,LU,2020-01-01,68.5,,
ESTAT:LFSA_ERGAN(1.0),17/04/26 11:00:00,A,PC,F,Y20-64,TOTAL,LV,2020-01-01,75.2,,
ESTAT:LFSA_ERGAN(1.0),17/04/26 11:00:00,A,PC,F,Y20-64,TOTAL,ME,2020-01-01,48.8,,
ESTAT:LFSA_ERGAN(1.0),17/04/26 11:00:00,A,PC,F,Y20-64,TOTAL,MK,2020-01-01,49.0,,
ESTAT:LFSA_ERGAN(1.0),17/04/26 11:00:00,A,PC,F,Y20-64,TOTAL,MT,2020-01-01,66.0,,
ESTAT:LFSA_ERGAN(1.0),17/04/26 11:00:00,A,PC,F,Y20-64,TOTAL,NL,2020-01-01,75.5,,
ESTAT:LFSA_ERGAN(1.0),17/04/26 11:00:00,A,PC,F,Y20-64,TOTAL,NO,2020-01-01,76.5,,
ESTAT:LFSA_ERGAN(1.0),17/04/26 11:00:00,A,PC,F,Y20-64,TOTAL,PL,2020-01-01,65.9,,
ESTAT:LFSA_ERGAN(1.0),17/04/26 11:00:00,A,PC,F,Y20-64,TOTAL,PT,2020-01-01,71.6,,
ESTAT:LFSA_ERGAN(1.0),17/04/26 11:00:00,A,PC,F,Y20-64,TOTAL,RO,2020-01-01,61.0,,
ESTAT:LFSA_ERGAN(1.0),17/04/26 11:00:00,A,PC,F,Y20-64,TOTAL,RS,2020-01-01,58.9,,
ESTAT:LFSA_ERGAN(1.0),17/04/26 11:00:00,A,PC,F,Y20-64,TOTAL,SE,2020-01-01,78.3,,
ESTAT:LFSA_ERGAN(1.0),17/04/26 11:00:00,A,PC,F,Y20-64,TOTAL,SI,2020-01-01,72.4,,
ESTAT:LFSA_ERGAN(1.0),17/04/26 11:00:00,A,PC,F,Y20-64,TOTAL,SK,2020-01-01,66.1,,
ESTAT:LFSA_ERGAN(1.0),17/04/26 11:00:00,A,PC,F,Y20-64,TOTAL,TR,2020-01-01,32.0,,
ESTAT:LFSA_ERGAN(1.0),17/04/26 11:00:00,A,PC,M,Y15-64,TOTAL,AT,2020-01-01,76.5,,
ESTAT:LFSA_ERGAN(1.0),17/04/26 11:00:00,A,PC,M,Y15-64,TOTAL,BE,2020-01-01,68.4,,
ESTAT:LFSA_ERGAN(1.0),17/04/26 11:00:00,A,PC,M,Y15-64,TOTAL,BG,2020-01-01,72.9,,
ESTAT:LFSA_ERGAN(1.0),17/04/26 11:00:00,A,PC,M,Y15-64,TOTAL,CH,2020-01-01,83.9,,
ESTAT:LFSA_ERGAN(1.0),17/04/26 11:00:00,A,PC,M,Y15-64,TOTAL,CY,2020-01-01,76.6,,
ESTAT:LFSA_ERGAN(1.0),17/04/26 11:00:00,A,PC,M,Y15-64,TOTAL,CZ,2020-01-01,81.4,,
ESTAT:LFSA_ERGAN(1.0),17/04/26 11:00:00,A,PC,M,Y15-64,TOTAL,DE,2020-01-01,78.9,b,
ESTAT:LFSA_ERGAN(1.0),17/04/26 11:00:00,A,PC,M,Y15-64,TOTAL,DK,2020-01-01,77.3,,
ESTAT:LFSA_ERGAN(1.0),17/04/26 11:00:00,A,PC,M,Y15-64,TOTAL,EA21,2020-01-01,71.8,,
ESTAT:LFSA_ERGAN(1.0),17/04/26 11:00:00,A,PC,M,Y15-64,TOTAL,EE,2020-01-01,75.8,,
ESTAT:LFSA_ERGAN(1.0),17/04/26 11:00:00,A,PC,M,Y15-64,TOTAL,EL,2020-01-01,65.2,,
ESTAT:LFSA_ERGAN(1.0),17/04/26 11:00:00,A,PC,M,Y15-64,TOTAL,ES,2020-01-01,66.1,,
ESTAT:LFSA_ERGAN(1.0),17/04/26 11:00:00,A,PC,M,Y15-64,TOTAL,EU27_2020,2020-01-01,72.8,,
ESTAT:LFSA_ERGAN(1.0),17/04/26 11:00:00,A,PC,M,Y15-64,TOTAL,FI,2020-01-01,73.4,,
ESTAT:LFSA_ERGAN(1.0),17/04/26 11:00:00,A,PC,M,Y15-64,TOTAL,FR,2020-01-01,68.5,,
ESTAT:LFSA_ERGAN(1.0),17/04/26 11:00:00,A,PC,M,Y15-64,TOTAL,HR,2020-01-01,67.3,,
ESTAT:LFSA_ERGAN(1.0),17/04/26 11:00:00,A,PC,M,Y15-64,TOTAL,HU,2020-01-01,77.2,,
ESTAT:LFSA_ERGAN(1.0),17/04/26 11:00:00,A,PC,M,Y15-64,TOTAL,IE,2020-01-01,73.2,,
ESTAT:LFSA_ERGAN(1.0),17/04/26 11:00:00,A,PC,M,Y15-64,TOTAL,IS,2020-01-01,82.6,b,
ESTAT:LFSA_ERGAN(1.0),17/04/26 11:00:00,A,PC,M,Y15-64,TOTAL,IT,2020-01-01,67.2,,
ESTAT:LFSA_ERGAN(1.0),17/04/26 11:00:00,A,PC,M,Y15-64,TOTAL,LT,2020-01-01,72.2,,
ESTAT:LFSA_ERGAN(1.0),17/04/26 11:00:00,A,PC,M,Y15-64,TOTAL,LU,2020-01-01,70.4,,
ESTAT:LFSA_ERGAN(1.0),17/04/26 11:00:00,A,PC,M,Y15-64,TOTAL,LV,2020-01-01,73.1,,
ESTAT:LFSA_ERGAN(1.0),17/04/26 11:00:00,A,PC,M,Y15-64,TOTAL,ME,2020-01-01,56.1,,
ESTAT:LFSA_ERGAN(1.0),17/04/26 11:00:00,A,PC,M,Y15-64,TOTAL,MK,2020-01-01,63.7,,
ESTAT:LFSA_ERGAN(1.0),17/04/26 11:00:00,A,PC,M,Y15-64,TOTAL,MT,2020-01-01,80.7,,
ESTAT:LFSA_ERGAN(1.0),17/04/26 11:00:00,A,PC,M,Y15-64,TOTAL,NL,2020-01-01,81.6,,
ESTAT:LFSA_ERGAN(1.0),17/04/26 11:00:00,A,PC,M,Y15-64,TOTAL,NO,2020-01-01,76.6,,
ESTAT:LFSA_ERGAN(1.0),17/04/26 11:00:00,A,PC,M,Y15-64,TOTAL,PL,2020-01-01,75.9,,
ESTAT:LFSA_ERGAN(1.0),17/04/26 11:00:00,A,PC,M,Y15-64,TOTAL,PT,2020-01-01,71.4,,
ESTAT:LFSA_ERGAN(1.0),17/04/26 11:00:00,A,PC,M,Y15-64,TOTAL,RO,2020-01-01,74.4,,
ESTAT:LFSA_ERGAN(1.0),17/04/26 11:00:00,A,PC,M,Y15-64,TOTAL,RS,2020-01-01,67.8,,
ESTAT:LFSA_ERGAN(1.0),17/04/26 11:00:00,A,PC,M,Y15-64,TOTAL,SE,2020-01-01,77.4,,
ESTAT:LFSA_ERGAN(1.0),17/04/26 11:00:00,A,PC,M,Y15-64,TOTAL,SI,2020-01-01,73.7,,
ESTAT:LFSA_ERGAN(1.0),17/04/26 11:00:00,A,PC,M,Y15-64,TOTAL,SK,2020-01-01,73.3,,
ESTAT:LFSA_ERGAN(1.0),17/04/26 11:00:00,A,PC,M,Y15-64,TOTAL,TR,2020-01-01,65.2,,
ESTAT:LFSA_ERGAN(1.0),17/04/26 11:00:00,A,PC,M,Y15-74,TOTAL,AT,2020-01-01,68.5,,
ESTAT:LFSA_ERGAN(1.0),17/04/26 11:00:00,A,PC,M,Y15-74,TOTAL,BE,2020-01-01,60.1,,
ESTAT:LFSA_ERGAN(1.0),17/04/26 11:00:00,A,PC,M,Y15-74,TOTAL,BG,2020-01-01,63.9,,
ESTAT:LFSA_ERGAN(1.0),17/04/26 11:00:00,A,PC,M,Y15-74,TOTAL,CH,2020-01-01,76.4,,
ESTAT:LFSA_ERGAN(1.0),17/04/26 11:00:00,A,PC,M,Y15-74,TOTAL,CY,2020-01-01,69.6,,
ESTAT:LFSA_ERGAN(1.0),17/04/26 11:00:00,A,PC,M,Y15-74,TOTAL,CZ,2020-01-01,71.7,,
ESTAT:LFSA_ERGAN(1.0),17/04/26 11:00:00,A,PC,M,Y15-74,TOTAL,DE,2020-01-01,70.5,b,
ESTAT:LFSA_ERGAN(1.0),17/04/26 11:00:00,A,PC,M,Y15-74,TOTAL,DK,2020-01-01,69.3,,
ESTAT:LFSA_ERGAN(1.0),17/04/26 11:00:00,A,PC,M,Y15-74,TOTAL,EA21,2020-01-01,63.5,,
ESTAT:LFSA_ERGAN(1.0),17/04/26 11:00:00,A,PC,M,Y15-74,TOTAL,EE,2020-01-01,70.1,,
ESTAT:LFSA_ERGAN(1.0),17/04/26 11:00:00,A,PC,M,Y15-74,TOTAL,EL,2020-01-01,57.6,,
ESTAT:LFSA_ERGAN(1.0),17/04/26 11:00:00,A,PC,M,Y15-74,TOTAL,ES,2020-01-01,58.7,,
ESTAT:LFSA_ERGAN(1.0),17/04/26 11:00:00,A,PC,M,Y15-74,TOTAL,EU27_2020,2020-01-01,64.6,,
ESTAT:LFSA_ERGAN(1.0),17/04/26 11:00:00,A,PC,M,Y15-74,TOTAL,FI,2020-01-01,63.9,,
ESTAT:LFSA_ERGAN(1.0),17/04/26 11:00:00,A,PC,M,Y15-74,TOTAL,FR,2020-01-01,59.4,,
ESTAT:LFSA_ERGAN(1.0),17/04/26 11:00:00,A,PC,M,Y15-74,TOTAL,HR,2020-01-01,58.0,,
ESTAT:LFSA_ERGAN(1.0),17/04/26 11:00:00,A,PC,M,Y15-74,TOTAL,HU,2020-01-01,68.3,,
ESTAT:LFSA_ERGAN(1.0),17/04/26 11:00:00,A,PC,M,Y15-74,TOTAL,IE,2020-01-01,67.7,,
ESTAT:LFSA_ERGAN(1.0),17/04/26 11:00:00,A,PC,M,Y15-74,TOTAL,IS,2020-01-01,78.0,b,
ESTAT:LFSA_ERGAN(1.0),17/04/26 11:00:00,A,PC,M,Y15-74,TOTAL,IT,2020-01-01,59.2,,
ESTAT:LFSA_ERGAN(1.0),17/04/26 11:00:00,A,PC,M,Y15-74,TOTAL,LT,2020-01-01,67.1,,
ESTAT:LFSA_ERGAN(1.0),17/04/26 11:00:00,A,PC,M,Y15-74,TOTAL,LU,2020-01-01,64.2,,
ESTAT:LFSA_ERGAN(1.0),17/04/26 11:00:00,A,PC,M,Y15-74,TOTAL,LV,2020-01-01,67.2,,
ESTAT:LFSA_ERGAN(1.0),17/04/26 11:00:00,A,PC,M,Y15-74,TOTAL,ME,2020-01-01,52.5,,
ESTAT:LFSA_ERGAN(1.0),17/04/26 11:00:00,A,PC,M,Y15-74,TOTAL,MK,2020-01-01,57.5,,
ESTAT:LFSA_ERGAN(1.0),17/04/26 11:00:00,A,PC,M,Y15-74,TOTAL,MT,2020-01-01,72.0,,
ESTAT:LFSA_ERGAN(1.0),17/04/26 11:00:00,A,PC,M,Y15-74,TOTAL,NL,2020-01-01,72.5,,
ESTAT:LFSA_ERGAN(1.0),17/04/26 11:00:00,A,PC,M,Y15-74,TOTAL,NO,2020-01-01,69.7,,
ESTAT:LFSA_ERGAN(1.0),17/04/26 11:00:00,A,PC,M,Y15-74,TOTAL,PL,2020-01-01,67.6,,
ESTAT:LFSA_ERGAN(1.0),17/04/26 11:00:00,A,PC,M,Y15-74,TOTAL,PT,2020-01-01,64.2,,
ESTAT:LFSA_ERGAN(1.0),17/04/26 11:00:00,A,PC,M,Y15-74,TOTAL,RO,2020-01-01,66.8,,
ESTAT:LFSA_ERGAN(1.0),17/04/26 11:00:00,A,PC,M,Y15-74,TOTAL,RS,2020-01-01,60.7,,
ESTAT:LFSA_ERGAN(1.0),17/04/26 11:00:00,A,PC,M,Y15-74,TOTAL,SE,2020-01-01,69.8,,
ESTAT:LFSA_ERGAN(1.0),17/04/26 11:00:00,A,PC,M,Y15-74,TOTAL,SI,2020-01-01,64.6,,
ESTAT:LFSA_ERGAN(1.0),17/04/26 11:00:00,A,PC,M,Y15-74,TOTAL,SK,2020-01-01,65.8,,
ESTAT:LFSA_ERGAN(1.0),17/04/26 11:00:00,A,PC,M,Y15-74,TOTAL,TR,2020-01-01,61.8,,
ESTAT:LFSA_ERGAN(1.0),17/04/26 11:00:00,A,PC,M,Y20-64,TOTAL,AT,2020-01-01,79.5,,
ESTAT:LFSA_ERGAN(1.0),17/04/26 11:00:00,A,PC,M,Y20-64,TOTAL,BE,2020-01-01,74.1,,
ESTAT:LFSA_ERGAN(1.0),17/04/26 11:00:00,A,PC,M,Y20-64,TOTAL,BG,2020-01-01,77.9,,
ESTAT:LFSA_ERGAN(1.0),17/04/26 11:00:00,A,PC,M,Y20-64,TOTAL,CH,2020-01-01,86.6,,
ESTAT:LFSA_ERGAN(1.0),17/04/26 11:00:00,A,PC,M,Y20-64,TOTAL,CY,2020-01-01,81.1,,
ESTAT:LFSA_ERGAN(1.0),17/04/26 11:00:00,A,PC,M,Y20-64,TOTAL,CZ,2020-01-01,87.2,,
ESTAT:LFSA_ERGAN(1.0),17/04/26 11:00:00,A,PC,M,Y20-64,TOTAL,DE,2020-01-01,83.0,b,
ESTAT:LFSA_ERGAN(1.0),17/04/26 11:00:00,A,PC,M,Y20-64,TOTAL,DK,2020-01-01,81.3,,
ESTAT:LFSA_ERGAN(1.0),17/04/26 11:00:00,A,PC,M,Y20-64,TOTAL,EA21,2020-01-01,76.8,,
ESTAT:LFSA_ERGAN(1.0),17/04/26 11:00:00,A,PC,M,Y20-64,TOTAL,EE,2020-01-01,81.2,,
ESTAT:LFSA_ERGAN(1.0),17/04/26 11:00:00,A,PC,M,Y20-64,TOTAL,EL,2020-01-01,70.7,,
ESTAT:LFSA_ERGAN(1.0),17/04/26 11:00:00,A,PC,M,Y20-64,TOTAL,ES,2020-01-01,71.4,,
ESTAT:LFSA_ERGAN(1.0),17/04/26 11:00:00,A,PC,M,Y20-64,TOTAL,EU27_2020,2020-01-01,78.0,,
ESTAT:LFSA_ERGAN(1.0),17/04/26 11:00:00,A,PC,M,Y20-64,TOTAL,FI,2020-01-01,77.9,,
ESTAT:LFSA_ERGAN(1.0),17/04/26 11:00:00,A,PC,M,Y20-64,TOTAL,FR,2020-01-01,75.0,,
ESTAT:LFSA_ERGAN(1.0),17/04/26 11:00:00,A,PC,M,Y20-64,TOTAL,HR,2020-01-01,72.5,,
ESTAT:LFSA_ERGAN(1.0),17/04/26 11:00:00,A,PC,M,Y20-64,TOTAL,HU,2020-01-01,83.1,,
ESTAT:LFSA_ERGAN(1.0),17/04/26 11:00:00,A,PC,M,Y20-64,TOTAL,IE,2020-01-01,79.5,,
ESTAT:LFSA_ERGAN(1.0),17/04/26 11:00:00,A,PC,M,Y20-64,TOTAL,IS,2020-01-01,85.1,b,
ESTAT:LFSA_ERGAN(1.0),17/04/26 11:00:00,A,PC,M,Y20-64,TOTAL,IT,2020-01-01,72.5,,
ESTAT:LFSA_ERGAN(1.0),17/04/26 11:00:00,A,PC,M,Y20-64,TOTAL,LT,2020-01-01,77.5,,
ESTAT:LFSA_ERGAN(1.0),17/04/26 11:00:00,A,PC,M,Y20-64,TOTAL,LU,2020-01-01,75.6,,
ESTAT:LFSA_ERGAN(1.0),17/04/26 11:00:00,A,PC,M,Y20-64,TOTAL,LV,2020-01-01,79.0,,
ESTAT:LFSA_ERGAN(1.0),17/04/26 11:00:00,A,PC,M,Y20-64,TOTAL,ME,2020-01-01,61.7,,
ESTAT:LFSA_ERGAN(1.0),17/04/26 11:00:00,A,PC,M,Y20-64,TOTAL,MK,2020-01-01,68.9,,
ESTAT:LFSA_ERGAN(1.0),17/04/26 11:00:00,A,PC,M,Y20-64,TOTAL,MT,2020-01-01,84.9,,
ESTAT:LFSA_ERGAN(1.0),17/04/26 11:00:00,A,PC,M,Y20-64,TOTAL,NL,2020-01-01,84.4,,
ESTAT:LFSA_ERGAN(1.0),17/04/26 11:00:00,A,PC,M,Y20-64,TOTAL,NO,2020-01-01,81.1,,
ESTAT:LFSA_ERGAN(1.0),17/04/26 11:00:00,A,PC,M,Y20-64,TOTAL,PL,2020-01-01,81.4,,
ESTAT:LFSA_ERGAN(1.0),17/04/26 11:00:00,A,PC,M,Y20-64,TOTAL,PT,2020-01-01,77.5,,
ESTAT:LFSA_ERGAN(1.0),17/04/26 11:00:00,A,PC,M,Y20-64,TOTAL,RO,2020-01-01,80.3,,
ESTAT:LFSA_ERGAN(1.0),17/04/26 11:00:00,A,PC,M,Y20-64,TOTAL,RS,2020-01-01,72.9,,
ESTAT:LFSA_ERGAN(1.0),17/04/26 11:00:00,A,PC,M,Y20-64,TOTAL,SE,2020-01-01,83.2,,
ESTAT:LFSA_ERGAN(1.0),17/04/26 11:00:00,A,PC,M,Y20-64,TOTAL,SI,2020-01-01,78.6,,
ESTAT:LFSA_ERGAN(1.0),17/04/26 11:00:00,A,PC,M,Y20-64,TOTAL,SK,2020-01-01,78.7,,
ESTAT:LFSA_ERGAN(1.0),17/04/26 11:00:00,A,PC,M,Y20-64,TOTAL,TR,2020-01-01,70.1,,
ESTAT:LFSA_ERGAN(1.0),17/04/26 11:00:00,A,PC,T,Y15-64,TOTAL,AT,2020-01-01,72.4,,
ESTAT:LFSA_ERGAN(1.0),17/04/26 11:00:00,A,PC,T,Y15-64,TOTAL,BE,2020-01-01,64.7,,
ESTAT:LFSA_ERGAN(1.0),17/04/26 11:00:00,A,PC,T,Y15-64,TOTAL,BG,2020-01-01,68.9,,
ESTAT:LFSA_ERGAN(1.0),17/04/26 11:00:00,A,PC,T,Y15-64,TOTAL,CH,2020-01-01,79.9,,
ESTAT:LFSA_ERGAN(1.0),17/04/26 11:00:00,A,PC,T,Y15-64,TOTAL,CY,2020-01-01,70.9,,
ESTAT:LFSA_ERGAN(1.0),17/04/26 11:00:00,A,PC,T,Y15-64,TOTAL,CZ,2020-01-01,74.4,,
ESTAT:LFSA_ERGAN(1.0),17/04/26 11:00:00,A,PC,T,Y15-64,TOTAL,DE,2020-01-01,75.4,b,
ESTAT:LFSA_ERGAN(1.0),17/04/26 11:00:00,A,PC,T,Y15-64,TOTAL,DK,2020-01-01,74.4,,
ESTAT:LFSA_ERGAN(1.0),17/04/26 11:00:00,A,PC,T,Y15-64,TOTAL,EA21,2020-01-01,66.9,,
ESTAT:LFSA_ERGAN(1.0),17/04/26 11:00:00,A,PC,T,Y15-64,TOTAL,EE,2020-01-01,73.2,,
ESTAT:LFSA_ERGAN(1.0),17/04/26 11:00:00,A,PC,T,Y15-64,TOTAL,EL,2020-01-01,56.3,,
ESTAT:LFSA_ERGAN(1.0),17/04/26 11:00:00,A,PC,T,Y15-64,TOTAL,ES,2020-01-01,60.9,,
ESTAT:LFSA_ERGAN(1.0),17/04/26 11:00:00,A,PC,T,Y15-64,TOTAL,EU27_2020,2020-01-01,67.5,,
ESTAT:LFSA_ERGAN(1.0),17/04/26 11:00:00,A,PC,T,Y15-64,TOTAL,FI,2020-01-01,72.1,,
ESTAT:LFSA_ERGAN(1.0),17/04/26 11:00:00,A,PC,T,Y15-64,TOTAL,FR,2020-01-01,65.3,,
ESTAT:LFSA_ERGAN(1.0),17/04/26 11:00:00,A,PC,T,Y15-64,TOTAL,HR,2020-01-01,62.2,,
ESTAT:LFSA_ERGAN(1.0),17/04/26 11:00:00,A,PC,T,Y15-64,TOTAL,HU,2020-01-01,69.9,,
ESTAT:LFSA_ERGAN(1.0),17/04/26 11:00:00,A,PC,T,Y15-64,TOTAL,IE,2020-01-01,67.7,,
ESTAT:LFSA_ERGAN(1.0),17/04/26 11:00:00,A,PC,T,Y15-64,TOTAL,IS,2020-01-01,80.3,b,
ESTAT:LFSA_ERGAN(1.0),17/04/26 11:00:00,A,PC,T,Y15-64,TOTAL,IT,2020-01-01,58.1,,
ESTAT:LFSA_ERGAN(1.0),17/04/26 11:00:00,A,PC,T,Y15-64,TOTAL,LT,2020-01-01,71.6,,
ESTAT:LFSA_ERGAN(1.0),17/04/26 11:00:00,A,PC,T,Y15-64,TOTAL,LU,2020-01-01,67.2,,
ESTAT:LFSA_ERGAN(1.0),17/04/26 11:00:00,A,PC,T,Y15-64,TOTAL,LV,2020-01-01,71.6,,
ESTAT:LFSA_ERGAN(1.0),17/04/26 11:00:00,A,PC,T,Y15-64,TOTAL,ME,2020-01-01,50.3,,
ESTAT:LFSA_ERGAN(1.0),17/04/26 11:00:00,A,PC,T,Y15-64,TOTAL,MK,2020-01-01,54.7,,
ESTAT:LFSA_ERGAN(1.0),17/04/26 11:00:00,A,PC,T,Y15-64,TOTAL,MT,2020-01-01,72.3,,
ESTAT:LFSA_ERGAN(1.0),17/04/26 11:00:00,A,PC,T,Y15-64,TOTAL,NL,2020-01-01,77.8,,
ESTAT:LFSA_ERGAN(1.0),17/04/26 11:00:00,A,PC,T,Y15-64,TOTAL,NO,2020-01-01,74.7,,
ESTAT:LFSA_ERGAN(1.0),17/04/26 11:00:00,A,PC,T,Y15-64,TOTAL,PL,2020-01-01,68.8,,
ESTAT:LFSA_ERGAN(1.0),17/04/26 11:00:00,A,PC,T,Y15-64,TOTAL,PT,2020-01-01,68.8,,
ESTAT:LFSA_ERGAN(1.0),17/04/26 11:00:00,A,PC,T,Y15-64,TOTAL,RO,2020-01-01,65.6,,
ESTAT:LFSA_ERGAN(1.0),17/04/26 11:00:00,A,PC,T,Y15-64,TOTAL,RS,2020-01-01,61.3,,
ESTAT:LFSA_ERGAN(1.0),17/04/26 11:00:00,A,PC,T,Y15-64,TOTAL,SE,2020-01-01,75.5,,
ESTAT:LFSA_ERGAN(1.0),17/04/26 11:00:00,A,PC,T,Y15-64,TOTAL,SI,2020-01-01,70.9,,
ESTAT:LFSA_ERGAN(1.0),17/04/26 11:00:00,A,PC,T,Y15-64,TOTAL,SK,2020-01-01,67.5,,
ESTAT:LFSA_ERGAN(1.0),17/04/26 11:00:00,A,PC,T,Y15-64,TOTAL,TR,2020-01-01,47.5,,
ESTAT:LFSA_ERGAN(1.0),17/04/26 11:00:00,A,PC,T,Y15-74,TOTAL,AT,2020-01-01,64.1,,
ESTAT:LFSA_ERGAN(1.0),17/04/26 11:00:00,A,PC,T,Y15-74,TOTAL,BE,2020-01-01,56.4,,
ESTAT:LFSA_ERGAN(1.0),17/04/26 11:00:00,A,PC,T,Y15-74,TOTAL,BG,2020-01-01,58.5,,
ESTAT:LFSA_ERGAN(1.0),17/04/26 11:00:00,A,PC,T,Y15-74,TOTAL,CH,2020-01-01,71.9,,
ESTAT:LFSA_ERGAN(1.0),17/04/26 11:00:00,A,PC,T,Y15-74,TOTAL,CY,2020-01-01,63.7,,
ESTAT:LFSA_ERGAN(1.0),17/04/26 11:00:00,A,PC,T,Y15-74,TOTAL,CZ,2020-01-01,64.2,,
ESTAT:LFSA_ERGAN(1.0),17/04/26 11:00:00,A,PC,T,Y15-74,TOTAL,DE,2020-01-01,66.5,b,
ESTAT:LFSA_ERGAN(1.0),17/04/26 11:00:00,A,PC,T,Y15-74,TOTAL,DK,2020-01-01,65.6,,
ESTAT:LFSA_ERGAN(1.0),17/04/26 11:00:00,A,PC,T,Y15-74,TOTAL,EA21,2020-01-01,58.5,,
ESTAT:LFSA_ERGAN(1.0),17/04/26 11:00:00,A,PC,T,Y15-74,TOTAL,EE,2020-01-01,66.4,,
ESTAT:LFSA_ERGAN(1.0),17/04/26 11:00:00,A,PC,T,Y15-74,TOTAL,EL,2020-01-01,49.0,,
ESTAT:LFSA_ERGAN(1.0),17/04/26 11:00:00,A,PC,T,Y15-74,TOTAL,ES,2020-01-01,53.6,,
ESTAT:LFSA_ERGAN(1.0),17/04/26 11:00:00,A,PC,T,Y15-74,TOTAL,EU27_2020,2020-01-01,59.0,,
ESTAT:LFSA_ERGAN(1.0),17/04/26 11:00:00,A,PC,T,Y15-74,TOTAL,FI,2020-01-01,61.5,,
ESTAT:LFSA_ERGAN(1.0),17/04/26 11:00:00,A,PC,T,Y15-74,TOTAL,FR,2020-01-01,56.1,,
ESTAT:LFSA_ERGAN(1.0),17/04/26 11:00:00,A,PC,T,Y15-74,TOTAL,HR,2020-01-01,52.6,,
ESTAT:LFSA_ERGAN(1.0),17/04/26 11:00:00,A,PC,T,Y15-74,TOTAL,HU,2020-01-01,60.4,,
ESTAT:LFSA_ERGAN(1.0),17/04/26 11:00:00,A,PC,T,Y15-74,TOTAL,IE,2020-01-01,62.1,,
ESTAT:LFSA_ERGAN(1.0),17/04/26 11:00:00,A,PC,T,Y15-74,TOTAL,IS,2020-01-01,74.7,b,
ESTAT:LFSA_ERGAN(1.0),17/04/26 11:00:00,A,PC,T,Y15-74,TOTAL,IT,2020-01-01,50.6,,
ESTAT:LFSA_ERGAN(1.0),17/04/26 11:00:00,A,PC,T,Y15-74,TOTAL,LT,2020-01-01,64.5,,
ESTAT:LFSA_ERGAN(1.0),17/04/26 11:00:00,A,PC,T,Y15-74,TOTAL,LU,2020-01-01,61.1,,
ESTAT:LFSA_ERGAN(1.0),17/04/26 11:00:00,A,PC,T,Y15-74,TOTAL,LV,2020-01-01,64.2,,
ESTAT:LFSA_ERGAN(1.0),17/04/26 11:00:00,A,PC,T,Y15-74,TOTAL,ME,2020-01-01,46.6,,
ESTAT:LFSA_ERGAN(1.0),17/04/26 11:00:00,A,PC,T,Y15-74,TOTAL,MK,2020-01-01,48.7,,
ESTAT:LFSA_ERGAN(1.0),17/04/26 11:00:00,A,PC,T,Y15-74,TOTAL,MT,2020-01-01,63.6,,
ESTAT:LFSA_ERGAN(1.0),17/04/26 11:00:00,A,PC,T,Y15-74,TOTAL,NL,2020-01-01,68.4,,
ESTAT:LFSA_ERGAN(1.0),17/04/26 11:00:00,A,PC,T,Y15-74,TOTAL,NO,2020-01-01,67.1,,
ESTAT:LFSA_ERGAN(1.0),17/04/26 11:00:00,A,PC,T,Y15-74,TOTAL,PL,2020-01-01,59.6,,
ESTAT:LFSA_ERGAN(1.0),17/04/26 11:00:00,A,PC,T,Y15-74,TOTAL,PT,2020-01-01,60.7,,
ESTAT:LFSA_ERGAN(1.0),17/04/26 11:00:00,A,PC,T,Y15-74,TOTAL,RO,2020-01-01,57.8,,
ESTAT:LFSA_ERGAN(1.0),17/04/26 11:00:00,A,PC,T,Y15-74,TOTAL,RS,2020-01-01,53.8,,
ESTAT:LFSA_ERGAN(1.0),17/04/26 11:00:00,A,PC,T,Y15-74,TOTAL,SE,2020-01-01,67.2,,
ESTAT:LFSA_ERGAN(1.0),17/04/26 11:00:00,A,PC,T,Y15-74,TOTAL,SI,2020-01-01,61.2,,
ESTAT:LFSA_ERGAN(1.0),17/04/26 11:00:00,A,PC,T,Y15-74,TOTAL,SK,2020-01-01,59.5,,
ESTAT:LFSA_ERGAN(1.0),17/04/26 11:00:00,A,PC,T,Y15-74,TOTAL,TR,2020-01-01,44.7,,
ESTAT:LFSA_ERGAN(1.0),17/04/26 11:00:00,A,PC,T,Y20-64,TOTAL,AT,2020-01-01,75.5,,
ESTAT:LFSA_ERGAN(1.0),17/04/26 11:00:00,A,PC,T,Y20-64,TOTAL,BE,2020-01-01,70.0,,
ESTAT:LFSA_ERGAN(1.0),17/04/26 11:00:00,A,PC,T,Y20-64,TOTAL,BG,2020-01-01,73.6,,
ESTAT:LFSA_ERGAN(1.0),17/04/26 11:00:00,A,PC,T,Y20-64,TOTAL,CH,2020-01-01,82.5,,
ESTAT:LFSA_ERGAN(1.0),17/04/26 11:00:00,A,PC,T,Y20-64,TOTAL,CY,2020-01-01,75.2,,
ESTAT:LFSA_ERGAN(1.0),17/04/26 11:00:00,A,PC,T,Y20-64,TOTAL,CZ,2020-01-01,79.7,,
ESTAT:LFSA_ERGAN(1.0),17/04/26 11:00:00,A,PC,T,Y20-64,TOTAL,DE,2020-01-01,79.2,b,
ESTAT:LFSA_ERGAN(1.0),17/04/26 11:00:00,A,PC,T,Y20-64,TOTAL,DK,2020-01-01,77.8,,
ESTAT:LFSA_ERGAN(1.0),17/04/26 11:00:00,A,PC,T,Y20-64,TOTAL,EA21,2020-01-01,71.5,,
ESTAT:LFSA_ERGAN(1.0),17/04/26 11:00:00,A,PC,T,Y20-64,TOTAL,EE,2020-01-01,78.2,,
ESTAT:LFSA_ERGAN(1.0),17/04/26 11:00:00,A,PC,T,Y20-64,TOTAL,EL,2020-01-01,61.1,,
ESTAT:LFSA_ERGAN(1.0),17/04/26 11:00:00,A,PC,T,Y20-64,TOTAL,ES,2020-01-01,65.7,,
ESTAT:LFSA_ERGAN(1.0),17/04/26 11:00:00,A,PC,T,Y20-64,TOTAL,EU27_2020,2020-01-01,72.2,,
ESTAT:LFSA_ERGAN(1.0),17/04/26 11:00:00,A,PC,T,Y20-64,TOTAL,FI,2020-01-01,76.5,,
ESTAT:LFSA_ERGAN(1.0),17/04/26 11:00:00,A,PC,T,Y20-64,TOTAL,FR,2020-01-01,71.4,,
ESTAT:LFSA_ERGAN(1.0),17/04/26 11:00:00,A,PC,T,Y20-64,TOTAL,HR,2020-01-01,66.9,,
ESTAT:LFSA_ERGAN(1.0),17/04/26 11:00:00,A,PC,T,Y20-64,TOTAL,HU,2020-01-01,75.2,,
ESTAT:LFSA_ERGAN(1.0),17/04/26 11:00:00,A,PC,T,Y20-64,TOTAL,IE,2020-01-01,73.4,,
ESTAT:LFSA_ERGAN(1.0),17/04/26 11:00:00,A,PC,T,Y20-64,TOTAL,IS,2020-01-01,82.3,b,
ESTAT:LFSA_ERGAN(1.0),17/04/26 11:00:00,A,PC,T,Y20-64,TOTAL,IT,2020-01-01,62.5,,
ESTAT:LFSA_ERGAN(1.0),17/04/26 11:00:00,A,PC,T,Y20-64,TOTAL,LT,2020-01-01,76.7,,
ESTAT:LFSA_ERGAN(1.0),17/04/26 11:00:00,A,PC,T,Y20-64,TOTAL,LU,2020-01-01,72.1,,
ESTAT:LFSA_ERGAN(1.0),17/04/26 11:00:00,A,PC,T,Y20-64,TOTAL,LV,2020-01-01,77.0,,
ESTAT:LFSA_ERGAN(1.0),17/04/26 11:00:00,A,PC,T,Y20-64,TOTAL,ME,2020-01-01,55.2,,
ESTAT:LFSA_ERGAN(1.0),17/04/26 11:00:00,A,PC,T,Y20-64,TOTAL,MK,2020-01-01,59.1,,
ESTAT:LFSA_ERGAN(1.0),17/04/26 11:00:00,A,PC,T,Y20-64,TOTAL,MT,2020-01-01,76.0,,
ESTAT:LFSA_ERGAN(1.0),17/04/26 11:00:00,A,PC,T,Y20-64,TOTAL,NL,2020-01-01,80.0,,
ESTAT:LFSA_ERGAN(1.0),17/04/26 11:00:00,A,PC,T,Y20-64,TOTAL,NO,2020-01-01,78.8,,
ESTAT:LFSA_ERGAN(1.0),17/04/26 11:00:00,A,PC,T,Y20-64,TOTAL,PL,2020-01-01,73.7,,
ESTAT:LFSA_ERGAN(1.0),17/04/26 11:00:00,A,PC,T,Y20-64,TOTAL,PT,2020-01-01,74.4,,
ESTAT:LFSA_ERGAN(1.0),17/04/26 11:00:00,A,PC,T,Y20-64,TOTAL,RO,2020-01-01,70.8,,
ESTAT:LFSA_ERGAN(1.0),17/04/26 11:00:00,A,PC,T,Y20-64,TOTAL,RS,2020-01-01,65.9,,
ESTAT:LFSA_ERGAN(1.0),17/04/26 11:00:00,A,PC,T,Y20-64,TOTAL,SE,2020-01-01,80.8,,
ESTAT:LFSA_ERGAN(1.0),17/04/26 11:00:00,A,PC,T,Y20-64,TOTAL,SI,2020-01-01,75.6,,
ESTAT:LFSA_ERGAN(1.0),17/04/26 11:00:00,A,PC,T,Y20-64,TOTAL,SK,2020-01-01,72.5,,
ESTAT:LFSA_ERGAN(1.0),17/04/26 11:00:00,A,PC,T,Y20-64,TOTAL,TR,2020-01-01,51.0,,
ESTAT:LFSA_ERGAN(1.0),17/04/26 11:00:00,A,PC,F,Y15-64,TOTAL,AT,2021-01-01,68.1,b,
ESTAT:LFSA_ERGAN(1.0),17/04/26 11:00:00,A,PC,F,Y15-64,TOTAL,BA,2021-01-01,36.3,b,
ESTAT:LFSA_ERGAN(1.0),17/04/26 11:00:00,A,PC,F,Y15-64,TOTAL,BE,2021-01-01,61.8,b,
ESTAT:LFSA_ERGAN(1.0),17/04/26 11:00:00,A,PC,F,Y15-64,TOTAL,BG,2021-01-01,64.6,b,
ESTAT:LFSA_ERGAN(1.0),17/04/26 11:00:00,A,PC,F,Y15-64,TOTAL,CH,2021-01-01,75.8,b,
ESTAT:LFSA_ERGAN(1.0),17/04/26 11:00:00,A,PC,F,Y15-64,TOTAL,CY,2021-01-01,66.9,b,
ESTAT:LFSA_ERGAN(1.0),17/04/26 11:00:00,A,PC,F,Y15-64,TOTAL,CZ,2021-01-01,67.1,b,
ESTAT:LFSA_ERGAN(1.0),17/04/26 11:00:00,A,PC,F,Y15-64,TOTAL,DE,2021-01-01,72.3,b,
ESTAT:LFSA_ERGAN(1.0),17/04/26 11:00:00,A,PC,F,Y15-64,TOTAL,DK,2021-01-01,72.5,b,
ESTAT:LFSA_ERGAN(1.0),17/04/26 11:00:00,A,PC,F,Y15-64,TOTAL,EA21,2021-01-01,63.2,b,
ESTAT:LFSA_ERGAN(1.0),17/04/26 11:00:00,A,PC,F,Y15-64,TOTAL,EE,2021-01-01,72.4,b,
ESTAT:LFSA_ERGAN(1.0),17/04/26 11:00:00,A,PC,F,Y15-64,TOTAL,EL,2021-01-01,48.2,b,
ESTAT:LFSA_ERGAN(1.0),17/04/26 11:00:00,A,PC,F,Y15-64,TOTAL,ES,2021-01-01,57.7,bd,
ESTAT:LFSA_ERGAN(1.0),17/04/26 11:00:00,A,PC,F,Y15-64,TOTAL,EU27_2020,2021-01-01,63.4,b,
ESTAT:LFSA_ERGAN(1.0),17/04/26 11:00:00,A,PC,F,Y15-64,TOTAL,FI,2021-01-01,71.7,b,
ESTAT:LFSA_ERGAN(1.0),17/04/26 11:00:00,A,PC,F,Y15-64,TOTAL,FR,2021-01-01,64.5,bd,
ESTAT:LFSA_ERGAN(1.0),17/04/26 11:00:00,A,PC,F,Y15-64,TOTAL,HR,2021-01-01,59.1,b,
ESTAT:LFSA_ERGAN(1.0),17/04/26 11:00:00,A,PC,F,Y15-64,TOTAL,HU,2021-01-01,68.3,b,
ESTAT:LFSA_ERGAN(1.0),17/04/26 11:00:00,A,PC,F,Y15-64,TOTAL,IE,2021-01-01,65.5,b,
ESTAT:LFSA_ERGAN(1.0),17/04/26 11:00:00,A,PC,F,Y15-64,TOTAL,IS,2021-01-01,76.8,b,
ESTAT:LFSA_ERGAN(1.0),17/04/26 11:00:00,A,PC,F,Y15-64,TOTAL,IT,2021-01-01,49.4,b,
ESTAT:LFSA_ERGAN(1.0),17/04/26 11:00:00,A,PC,F,Y15-64,TOTAL,LT,2021-01-01,71.9,b,
ESTAT:LFSA_ERGAN(1.0),17/04/26 11:00:00,A,PC,F,Y15-64,TOTAL,LU,2021-01-01,66.0,b,
ESTAT:LFSA_ERGAN(1.0),17/04/26 11:00:00,A,PC,F,Y15-64,TOTAL,LV,2021-01-01,68.0,b,
ESTAT:LFSA_ERGAN(1.0),17/04/26 11:00:00,A,PC,F,Y15-64,TOTAL,MK,2021-01-01,47.5,b,
ESTAT:LFSA_ERGAN(1.0),17/04/26 11:00:00,A,PC,F,Y15-64,TOTAL,MT,2021-01-01,65.4,b,
ESTAT:LFSA_ERGAN(1.0),17/04/26 11:00:00,A,PC,F,Y15-64,TOTAL,NL,2021-01-01,76.6,b,
ESTAT:LFSA_ERGAN(1.0),17/04/26 11:00:00,A,PC,F,Y15-64,TOTAL,NO,2021-01-01,74.3,b,
ESTAT:LFSA_ERGAN(1.0),17/04/26 11:00:00,A,PC,F,Y15-64,TOTAL,PL,2021-01-01,64.0,b,
ESTAT:LFSA_ERGAN(1.0),17/04/26 11:00:00,A,PC,F,Y15-64,TOTAL,PT,2021-01-01,67.2,b,
ESTAT:LFSA_ERGAN(1.0),17/04/26 11:00:00,A,PC,F,Y15-64,TOTAL,RO,2021-01-01,52.5,b,
ESTAT:LFSA_ERGAN(1.0),17/04/26 11:00:00,A,PC,F,Y15-64,TOTAL,RS,2021-01-01,54.8,b,
ESTAT:LFSA_ERGAN(1.0),17/04/26 11:00:00,A,PC,F,Y15-64,TOTAL,SE,2021-01-01,73.0,b,
ESTAT:LFSA_ERGAN(1.0),17/04/26 11:00:00,A,PC,F,Y15-64,TOTAL,SI,2021-01-01,68.1,b,
ESTAT:LFSA_ERGAN(1.0),17/04/26 11:00:00,A,PC,F,Y15-64,TOTAL,SK,2021-01-01,65.6,b,
ESTAT:LFSA_ERGAN(1.0),17/04/26 11:00:00,A,PC,F,Y15-64,TOTAL,TR,2021-01-01,31.8,b,
ESTAT:LFSA_ERGAN(1.0),17/04/26 11:00:00,A,PC,F,Y15-74,TOTAL,AT,2021-01-01,59.5,b,
ESTAT:LFSA_ERGAN(1.0),17/04/26 11:00:00,A,PC,F,Y15-74,TOTAL,BA,2021-01-01,31.3,b,
ESTAT:LFSA_ERGAN(1.0),17/04/26 11:00:00,A,PC,F,Y15-74,TOTAL,BE,2021-01-01,53.2,b,
ESTAT:LFSA_ERGAN(1.0),17/04/26 11:00:00,A,PC,F,Y15-74,TOTAL,BG,2021-01-01,53.0,b,
ESTAT:LFSA_ERGAN(1.0),17/04/26 11:00:00,A,PC,F,Y15-74,TOTAL,CH,2021-01-01,67.3,b,
ESTAT:LFSA_ERGAN(1.0),17/04/26 11:00:00,A,PC,F,Y15-74,TOTAL,CY,2021-01-01,59.2,b,
ESTAT:LFSA_ERGAN(1.0),17/04/26 11:00:00,A,PC,F,Y15-74,TOTAL,CZ,2021-01-01,56.7,b,
ESTAT:LFSA_ERGAN(1.0),17/04/26 11:00:00,A,PC,F,Y15-74,TOTAL,DE,2021-01-01,62.5,b,
ESTAT:LFSA_ERGAN(1.0),17/04/26 11:00:00,A,PC,F,Y15-74,TOTAL,DK,2021-01-01,62.9,b,
ESTAT:LFSA_ERGAN(1.0),17/04/26 11:00:00,A,PC,F,Y15-74,TOTAL,EA21,2021-01-01,54.4,b,
ESTAT:LFSA_ERGAN(1.0),17/04/26 11:00:00,A,PC,F,Y15-74,TOTAL,EE,2021-01-01,64.0,b,
ESTAT:LFSA_ERGAN(1.0),17/04/26 11:00:00,A,PC,F,Y15-74,TOTAL,EL,2021-01-01,41.4,b,
ESTAT:LFSA_ERGAN(1.0),17/04/26 11:00:00,A,PC,F,Y15-74,TOTAL,ES,2021-01-01,50.1,bd,
ESTAT:LFSA_ERGAN(1.0),17/04/26 11:00:00,A,PC,F,Y15-74,TOTAL,EU27_2020,2021-01-01,54.3,b,
ESTAT:LFSA_ERGAN(1.0),17/04/26 11:00:00,A,PC,F,Y15-74,TOTAL,FI,2021-01-01,60.0,b,
ESTAT:LFSA_ERGAN(1.0),17/04/26 11:00:00,A,PC,F,Y15-74,TOTAL,FR,2021-01-01,54.9,bd,
ESTAT:LFSA_ERGAN(1.0),17/04/26 11:00:00,A,PC,F,Y15-74,TOTAL,HR,2021-01-01,48.8,b,
ESTAT:LFSA_ERGAN(1.0),17/04/26 11:00:00,A,PC,F,Y15-74,TOTAL,HU,2021-01-01,57.3,b,
ESTAT:LFSA_ERGAN(1.0),17/04/26 11:00:00,A,PC,F,Y15-74,TOTAL,IE,2021-01-01,59.3,b,
ESTAT:LFSA_ERGAN(1.0),17/04/26 11:00:00,A,PC,F,Y15-74,TOTAL,IS,2021-01-01,70.3,b,
ESTAT:LFSA_ERGAN(1.0),17/04/26 11:00:00,A,PC,F,Y15-74,TOTAL,IT,2021-01-01,42.3,b,
ESTAT:LFSA_ERGAN(1.0),17/04/26 11:00:00,A,PC,F,Y15-74,TOTAL,LT,2021-01-01,62.9,b,
ESTAT:LFSA_ERGAN(1.0),17/04/26 11:00:00,A,PC,F,Y15-74,TOTAL,LU,2021-01-01,59.9,b,
ESTAT:LFSA_ERGAN(1.0),17/04/26 11:00:00,A,PC,F,Y15-74,TOTAL,LV,2021-01-01,59.4,b,
ESTAT:LFSA_ERGAN(1.0),17/04/26 11:00:00,A,PC,F,Y15-74,TOTAL,MK,2021-01-01,40.6,b,
ESTAT:LFSA_ERGAN(1.0),17/04/26 11:00:00,A,PC,F,Y15-74,TOTAL,MT,2021-01-01,56.4,b,
ESTAT:LFSA_ERGAN(1.0),17/04/26 11:00:00,A,PC,F,Y15-74,TOTAL,NL,2021-01-01,66.5,b,
ESTAT:LFSA_ERGAN(1.0),17/04/26 11:00:00,A,PC,F,Y15-74,TOTAL,NO,2021-01-01,66.4,b,
ESTAT:LFSA_ERGAN(1.0),17/04/26 11:00:00,A,PC,F,Y15-74,TOTAL,PL,2021-01-01,53.5,b,
ESTAT:LFSA_ERGAN(1.0),17/04/26 11:00:00,A,PC,F,Y15-74,TOTAL,PT,2021-01-01,57.6,b,
ESTAT:LFSA_ERGAN(1.0),17/04/26 11:00:00,A,PC,F,Y15-74,TOTAL,RO,2021-01-01,44.0,b,
ESTAT:LFSA_ERGAN(1.0),17/04/26 11:00:00,A,PC,F,Y15-74,TOTAL,RS,2021-01-01,45.5,b,
ESTAT:LFSA_ERGAN(1.0),17/04/26 11:00:00,A,PC,F,Y15-74,TOTAL,SE,2021-01-01,64.2,b,
ESTAT:LFSA_ERGAN(1.0),17/04/26 11:00:00,A,PC,F,Y15-74,TOTAL,SI,2021-01-01,57.8,b,
ESTAT:LFSA_ERGAN(1.0),17/04/26 11:00:00,A,PC,F,Y15-74,TOTAL,SK,2021-01-01,56.4,b,
ESTAT:LFSA_ERGAN(1.0),17/04/26 11:00:00,A,PC,F,Y15-74,TOTAL,TR,2021-01-01,29.6,b,
ESTAT:LFSA_ERGAN(1.0),17/04/26 11:00:00,A,PC,F,Y20-64,TOTAL,AT,2021-01-01,71.3,b,
ESTAT:LFSA_ERGAN(1.0),17/04/26 11:00:00,A,PC,F,Y20-64,TOTAL,BA,2021-01-01,39.1,b,
ESTAT:LFSA_ERGAN(1.0),17/04/26 11:00:00,A,PC,F,Y20-64,TOTAL,BE,2021-01-01,66.8,b,
ESTAT:LFSA_ERGAN(1.0),17/04/26 11:00:00,A,PC,F,Y20-64,TOTAL,BG,2021-01-01,69.1,b,
ESTAT:LFSA_ERGAN(1.0),17/04/26 11:00:00,A,PC,F,Y20-64,TOTAL,CH,2021-01-01,78.1,b,
ESTAT:LFSA_ERGAN(1.0),17/04/26 11:00:00,A,PC,F,Y20-64,TOTAL,CY,2021-01-01,70.8,b,
ESTAT:LFSA_ERGAN(1.0),17/04/26 11:00:00,A,PC,F,Y20-64,TOTAL,CZ,2021-01-01,72.1,b,
ESTAT:LFSA_ERGAN(1.0),17/04/26 11:00:00,A,PC,F,Y20-64,TOTAL,DE,2021-01-01,75.9,b,
ESTAT:LFSA_ERGAN(1.0),17/04/26 11:00:00,A,PC,F,Y20-64,TOTAL,DK,2021-01-01,75.5,b,
ESTAT:LFSA_ERGAN(1.0),17/04/26 11:00:00,A,PC,F,Y20-64,TOTAL,EA21,2021-01-01,67.4,b,
ESTAT:LFSA_ERGAN(1.0),17/04/26 11:00:00,A,PC,F,Y20-64,TOTAL,EE,2021-01-01,77.5,b,
ESTAT:LFSA_ERGAN(1.0),17/04/26 11:00:00,A,PC,F,Y20-64,TOTAL,EL,2021-01-01,52.7,b,
ESTAT:LFSA_ERGAN(1.0),17/04/26 11:00:00,A,PC,F,Y20-64,TOTAL,ES,2021-01-01,62.1,bd,
ESTAT:LFSA_ERGAN(1.0),17/04/26 11:00:00,A,PC,F,Y20-64,TOTAL,EU27_2020,2021-01-01,67.6,b,
ESTAT:LFSA_ERGAN(1.0),17/04/26 11:00:00,A,PC,F,Y20-64,TOTAL,FI,2021-01-01,75.8,b,
ESTAT:LFSA_ERGAN(1.0),17/04/26 11:00:00,A,PC,F,Y20-64,TOTAL,FR,2021-01-01,70.2,bd,
ESTAT:LFSA_ERGAN(1.0),17/04/26 11:00:00,A,PC,F,Y20-64,TOTAL,HR,2021-01-01,63.4,b,
ESTAT:LFSA_ERGAN(1.0),17/04/26 11:00:00,A,PC,F,Y20-64,TOTAL,HU,2021-01-01,73.6,b,
ESTAT:LFSA_ERGAN(1.0),17/04/26 11:00:00,A,PC,F,Y20-64,TOTAL,IE,2021-01-01,69.9,b,
ESTAT:LFSA_ERGAN(1.0),17/04/26 11:00:00,A,PC,F,Y20-64,TOTAL,IS,2021-01-01,77.5,b,
ESTAT:LFSA_ERGAN(1.0),17/04/26 11:00:00,A,PC,F,Y20-64,TOTAL,IT,2021-01-01,53.2,b,
ESTAT:LFSA_ERGAN(1.0),17/04/26 11:00:00,A,PC,F,Y20-64,TOTAL,LT,2021-01-01,76.7,b,
ESTAT:LFSA_ERGAN(1.0),17/04/26 11:00:00,A,PC,F,Y20-64,TOTAL,LU,2021-01-01,70.3,b,
ESTAT:LFSA_ERGAN(1.0),17/04/26 11:00:00,A,PC,F,Y20-64,TOTAL,LV,2021-01-01,72.9,b,
ESTAT:LFSA_ERGAN(1.0),17/04/26 11:00:00,A,PC,F,Y20-64,TOTAL,MK,2021-01-01,51.6,b,
ESTAT:LFSA_ERGAN(1.0),17/04/26 11:00:00,A,PC,F,Y20-64,TOTAL,MT,2021-01-01,68.4,b,
ESTAT:LFSA_ERGAN(1.0),17/04/26 11:00:00,A,PC,F,Y20-64,TOTAL,NL,2021-01-01,77.5,b,
ESTAT:LFSA_ERGAN(1.0),17/04/26 11:00:00,A,PC,F,Y20-64,TOTAL,NO,2021-01-01,77.5,b,
ESTAT:LFSA_ERGAN(1.0),17/04/26 11:00:00,A,PC,F,Y20-64,TOTAL,PL,2021-01-01,68.5,b,
ESTAT:LFSA_ERGAN(1.0),17/04/26 11:00:00,A,PC,F,Y20-64,TOTAL,PT,2021-01-01,72.7,b,
ESTAT:LFSA_ERGAN(1.0),17/04/26 11:00:00,A,PC,F,Y20-64,TOTAL,RO,2021-01-01,56.9,b,
ESTAT:LFSA_ERGAN(1.0),17/04/26 11:00:00,A,PC,F,Y20-64,TOTAL,RS,2021-01-01,58.9,b,
ESTAT:LFSA_ERGAN(1.0),17/04/26 11:00:00,A,PC,F,Y20-64,TOTAL,SE,2021-01-01,77.7,b,
ESTAT:LFSA_ERGAN(1.0),17/04/26 11:00:00,A,PC,F,Y20-64,TOTAL,SI,2021-01-01,72.6,b,
ESTAT:LFSA_ERGAN(1.0),17/04/26 11:00:00,A,PC,F,Y20-64,TOTAL,SK,2021-01-01,70.4,b,
ESTAT:LFSA_ERGAN(1.0),17/04/26 11:00:00,A,PC,F,Y20-64,TOTAL,TR,2021-01-01,34.2,b,
ESTAT:LFSA_ERGAN(1.0),17/04/26 11:00:00,A,PC,M,Y15-64,TOTAL,AT,2021-01-01,76.7,b,
ESTAT:LFSA_ERGAN(1.0),17/04/26 11:00:00,A,PC,M,Y15-64,TOTAL,BA,2021-01-01,61.1,b,
ESTAT:LFSA_ERGAN(1.0),17/04/26 11:00:00,A,PC,M,Y15-64,TOTAL,BE,2021-01-01,68.7,b,
ESTAT:LFSA_ERGAN(1.0),17/04/26 11:00:00,A,PC,M,Y15-64,TOTAL,BG,2021-01-01,72.3,b,
ESTAT:LFSA_ERGAN(1.0),17/04/26 11:00:00,A,PC,M,Y15-64,TOTAL,CH,2021-01-01,83.3,b,
ESTAT:LFSA_ERGAN(1.0),17/04/26 11:00:00,A,PC,M,Y15-64,TOTAL,CY,2021-01-01,77.4,b,
ESTAT:LFSA_ERGAN(1.0),17/04/26 11:00:00,A,PC,M,Y15-64,TOTAL,CZ,2021-01-01,81.3,b,
ESTAT:LFSA_ERGAN(1.0),17/04/26 11:00:00,A,PC,M,Y15-64,TOTAL,DE,2021-01-01,79.3,b,
ESTAT:LFSA_ERGAN(1.0),17/04/26 11:00:00,A,PC,M,Y15-64,TOTAL,DK,2021-01-01,78.4,b,
ESTAT:LFSA_ERGAN(1.0),17/04/26 11:00:00,A,PC,M,Y15-64,TOTAL,EA21,2021-01-01,72.5,b,
ESTAT:LFSA_ERGAN(1.0),17/04/26 11:00:00,A,PC,M,Y15-64,TOTAL,EE,2021-01-01,75.6,b,
ESTAT:LFSA_ERGAN(1.0),17/04/26 11:00:00,A,PC,M,Y15-64,TOTAL,EL,2021-01-01,66.4,b,
ESTAT:LFSA_ERGAN(1.0),17/04/26 11:00:00,A,PC,M,Y15-64,TOTAL,ES,2021-01-01,67.5,bd,
ESTAT:LFSA_ERGAN(1.0),17/04/26 11:00:00,A,PC,M,Y15-64,TOTAL,EU27_2020,2021-01-01,73.3,b,
ESTAT:LFSA_ERGAN(1.0),17/04/26 11:00:00,A,PC,M,Y15-64,TOTAL,FI,2021-01-01,73.6,b,
ESTAT:LFSA_ERGAN(1.0),17/04/26 11:00:00,A,PC,M,Y15-64,TOTAL,FR,2021-01-01,70.1,bd,
ESTAT:LFSA_ERGAN(1.0),17/04/26 11:00:00,A,PC,M,Y15-64,TOTAL,HR,2021-01-01,68.6,b,
ESTAT:LFSA_ERGAN(1.0),17/04/26 11:00:00,A,PC,M,Y15-64,TOTAL,HU,2021-01-01,78.1,b,
ESTAT:LFSA_ERGAN(1.0),17/04/26 11:00:00,A,PC,M,Y15-64,TOTAL,IE,2021-01-01,74.3,b,
ESTAT:LFSA_ERGAN(1.0),17/04/26 11:00:00,A,PC,M,Y15-64,TOTAL,IS,2021-01-01,82.5,b,
ESTAT:LFSA_ERGAN(1.0),17/04/26 11:00:00,A,PC,M,Y15-64,TOTAL,IT,2021-01-01,67.1,b,
ESTAT:LFSA_ERGAN(1.0),17/04/26 11:00:00,A,PC,M,Y15-64,TOTAL,LT,2021-01-01,72.9,b,
ESTAT:LFSA_ERGAN(1.0),17/04/26 11:00:00,A,PC,M,Y15-64,TOTAL,LU,2021-01-01,72.6,b,
ESTAT:LFSA_ERGAN(1.0),17/04/26 11:00:00,A,PC,M,Y15-64,TOTAL,LV,2021-01-01,71.9,b,
ESTAT:LFSA_ERGAN(1.0),17/04/26 11:00:00,A,PC,M,Y15-64,TOTAL,MK,2021-01-01,65.2,b,
ESTAT:LFSA_ERGAN(1.0),17/04/26 11:00:00,A,PC,M,Y15-64,TOTAL,MT,2021-01-01,81.9,b,
ESTAT:LFSA_ERGAN(1.0),17/04/26 11:00:00,A,PC,M,Y15-64,TOTAL,NL,2021-01-01,83.6,b,
ESTAT:LFSA_ERGAN(1.0),17/04/26 11:00:00,A,PC,M,Y15-64,TOTAL,NO,2021-01-01,78.2,b,
ESTAT:LFSA_ERGAN(1.0),17/04/26 11:00:00,A,PC,M,Y15-64,TOTAL,PL,2021-01-01,76.8,b,
ESTAT:LFSA_ERGAN(1.0),17/04/26 11:00:00,A,PC,M,Y15-64,TOTAL,PT,2021-01-01,72.2,b,
ESTAT:LFSA_ERGAN(1.0),17/04/26 11:00:00,A,PC,M,Y15-64,TOTAL,RO,2021-01-01,71.1,b,
ESTAT:LFSA_ERGAN(1.0),17/04/26 11:00:00,A,PC,M,Y15-64,TOTAL,RS,2021-01-01,68.6,b,
ESTAT:LFSA_ERGAN(1.0),17/04/26 11:00:00,A,PC,M,Y15-64,TOTAL,SE,2021-01-01,77.1,b,
ESTAT:LFSA_ERGAN(1.0),17/04/26 11:00:00,A,PC,M,Y15-64,TOTAL,SI,2021-01-01,74.5,b,
ESTAT:LFSA_ERGAN(1.0),17/04/26 11:00:00,A,PC,M,Y15-64,TOTAL,SK,2021-01-01,73.3,b,
ESTAT:LFSA_ERGAN(1.0),17/04/26 11:00:00,A,PC,M,Y15-64,TOTAL,TR,2021-01-01,68.6,b,
ESTAT:LFSA_ERGAN(1.0),17/04/26 11:00:00,A,PC,M,Y15-74,TOTAL,AT,2021-01-01,68.4,b,
ESTAT:LFSA_ERGAN(1.0),17/04/26 11:00:00,A,PC,M,Y15-74,TOTAL,BA,2021-01-01,54.1,b,
ESTAT:LFSA_ERGAN(1.0),17/04/26 11:00:00,A,PC,M,Y15-74,TOTAL,BE,2021-01-01,60.4,b,
ESTAT:LFSA_ERGAN(1.0),17/04/26 11:00:00,A,PC,M,Y15-74,TOTAL,BG,2021-01-01,63.2,b,
ESTAT:LFSA_ERGAN(1.0),17/04/26 11:00:00,A,PC,M,Y15-74,TOTAL,CH,2021-01-01,75.9,b,
ESTAT:LFSA_ERGAN(1.0),17/04/26 11:00:00,A,PC,M,Y15-74,TOTAL,CY,2021-01-01,70.5,b,
ESTAT:LFSA_ERGAN(1.0),17/04/26 11:00:00,A,PC,M,Y15-74,TOTAL,CZ,2021-01-01,71.7,b,
ESTAT:LFSA_ERGAN(1.0),17/04/26 11:00:00,A,PC,M,Y15-74,TOTAL,DE,2021-01-01,70.5,b,
ESTAT:LFSA_ERGAN(1.0),17/04/26 11:00:00,A,PC,M,Y15-74,TOTAL,DK,2021-01-01,70.2,b,
ESTAT:LFSA_ERGAN(1.0),17/04/26 11:00:00,A,PC,M,Y15-74,TOTAL,EA21,2021-01-01,64.0,b,
ESTAT:LFSA_ERGAN(1.0),17/04/26 11:00:00,A,PC,M,Y15-74,TOTAL,EE,2021-01-01,69.5,b,
ESTAT:LFSA_ERGAN(1.0),17/04/26 11:00:00,A,PC,M,Y15-74,TOTAL,EL,2021-01-01,58.7,b,
ESTAT:LFSA_ERGAN(1.0),17/04/26 11:00:00,A,PC,M,Y15-74,TOTAL,ES,2021-01-01,60.0,bd,
ESTAT:LFSA_ERGAN(1.0),17/04/26 11:00:00,A,PC,M,Y15-74,TOTAL,EU27_2020,2021-01-01,64.8,b,
ESTAT:LFSA_ERGAN(1.0),17/04/26 11:00:00,A,PC,M,Y15-74,TOTAL,FI,2021-01-01,64.4,b,
ESTAT:LFSA_ERGAN(1.0),17/04/26 11:00:00,A,PC,M,Y15-74,TOTAL,FR,2021-01-01,60.7,bd,
ESTAT:LFSA_ERGAN(1.0),17/04/26 11:00:00,A,PC,M,Y15-74,TOTAL,HR,2021-01-01,58.9,b,
ESTAT:LFSA_ERGAN(1.0),17/04/26 11:00:00,A,PC,M,Y15-74,TOTAL,HU,2021-01-01,69.1,b,
ESTAT:LFSA_ERGAN(1.0),17/04/26 11:00:00,A,PC,M,Y15-74,TOTAL,IE,2021-01-01,69.1,b,
ESTAT:LFSA_ERGAN(1.0),17/04/26 11:00:00,A,PC,M,Y15-74,TOTAL,IS,2021-01-01,77.6,b,
ESTAT:LFSA_ERGAN(1.0),17/04/26 11:00:00,A,PC,M,Y15-74,TOTAL,IT,2021-01-01,59.1,b,
ESTAT:LFSA_ERGAN(1.0),17/04/26 11:00:00,A,PC,M,Y15-74,TOTAL,LT,2021-01-01,67.5,b,
ESTAT:LFSA_ERGAN(1.0),17/04/26 11:00:00,A,PC,M,Y15-74,TOTAL,LU,2021-01-01,66.4,b,
ESTAT:LFSA_ERGAN(1.0),17/04/26 11:00:00,A,PC,M,Y15-74,TOTAL,LV,2021-01-01,66.0,b,
ESTAT:LFSA_ERGAN(1.0),17/04/26 11:00:00,A,PC,M,Y15-74,TOTAL,MK,2021-01-01,57.5,b,
ESTAT:LFSA_ERGAN(1.0),17/04/26 11:00:00,A,PC,M,Y15-74,TOTAL,MT,2021-01-01,73.4,b,
ESTAT:LFSA_ERGAN(1.0),17/04/26 11:00:00,A,PC,M,Y15-74,TOTAL,NL,2021-01-01,74.3,b,
ESTAT:LFSA_ERGAN(1.0),17/04/26 11:00:00,A,PC,M,Y15-74,TOTAL,NO,2021-01-01,71.4,b,
ESTAT:LFSA_ERGAN(1.0),17/04/26 11:00:00,A,PC,M,Y15-74,TOTAL,PL,2021-01-01,67.9,b,
ESTAT:LFSA_ERGAN(1.0),17/04/26 11:00:00,A,PC,M,Y15-74,TOTAL,PT,2021-01-01,63.8,b,
ESTAT:LFSA_ERGAN(1.0),17/04/26 11:00:00,A,PC,M,Y15-74,TOTAL,RO,2021-01-01,62.5,b,
ESTAT:LFSA_ERGAN(1.0),17/04/26 11:00:00,A,PC,M,Y15-74,TOTAL,RS,2021-01-01,59.7,b,
ESTAT:LFSA_ERGAN(1.0),17/04/26 11:00:00,A,PC,M,Y15-74,TOTAL,SE,2021-01-01,69.9,b,
ESTAT:LFSA_ERGAN(1.0),17/04/26 11:00:00,A,PC,M,Y15-74,TOTAL,SI,2021-01-01,65.1,b,
ESTAT:LFSA_ERGAN(1.0),17/04/26 11:00:00,A,PC,M,Y15-74,TOTAL,SK,2021-01-01,65.3,b,
ESTAT:LFSA_ERGAN(1.0),17/04/26 11:00:00,A,PC,M,Y15-74,TOTAL,TR,2021-01-01,64.9,b,
ESTAT:LFSA_ERGAN(1.0),17/04/26 11:00:00,A,PC,M,Y20-64,TOTAL,AT,2021-01-01,79.9,b,
ESTAT:LFSA_ERGAN(1.0),17/04/26 11:00:00,A,PC,M,Y20-64,TOTAL,BA,2021-01-01,66.0,b,
ESTAT:LFSA_ERGAN(1.0),17/04/26 11:00:00,A,PC,M,Y20-64,TOTAL,BE,2021-01-01,74.5,b,
ESTAT:LFSA_ERGAN(1.0),17/04/26 11:00:00,A,PC,M,Y20-64,TOTAL,BG,2021-01-01,77.5,b,
ESTAT:LFSA_ERGAN(1.0),17/04/26 11:00:00,A,PC,M,Y20-64,TOTAL,CH,2021-01-01,85.9,b,
ESTAT:LFSA_ERGAN(1.0),17/04/26 11:00:00,A,PC,M,Y20-64,TOTAL,CY,2021-01-01,82.3,b,
ESTAT:LFSA_ERGAN(1.0),17/04/26 11:00:00,A,PC,M,Y20-64,TOTAL,CZ,2021-01-01,87.5,b,
ESTAT:LFSA_ERGAN(1.0),17/04/26 11:00:00,A,PC,M,Y20-64,TOTAL,DE,2021-01-01,83.2,b,
ESTAT:LFSA_ERGAN(1.0),17/04/26 11:00:00,A,PC,M,Y20-64,TOTAL,DK,2021-01-01,82.4,b,
ESTAT:LFSA_ERGAN(1.0),17/04/26 11:00:00,A,PC,M,Y20-64,TOTAL,EA21,2021-01-01,77.5,b,
ESTAT:LFSA_ERGAN(1.0),17/04/26 11:00:00,A,PC,M,Y20-64,TOTAL,EE,2021-01-01,81.2,b,
ESTAT:LFSA_ERGAN(1.0),17/04/26 11:00:00,A,PC,M,Y20-64,TOTAL,EL,2021-01-01,72.5,b,
ESTAT:LFSA_ERGAN(1.0),17/04/26 11:00:00,A,PC,M,Y20-64,TOTAL,ES,2021-01-01,72.9,bd,
ESTAT:LFSA_ERGAN(1.0),17/04/26 11:00:00,A,PC,M,Y20-64,TOTAL,EU27_2020,2021-01-01,78.5,b,
ESTAT:LFSA_ERGAN(1.0),17/04/26 11:00:00,A,PC,M,Y20-64,TOTAL,FI,2021-01-01,77.8,b,
ESTAT:LFSA_ERGAN(1.0),17/04/26 11:00:00,A,PC,M,Y20-64,TOTAL,FR,2021-01-01,76.4,bd,
ESTAT:LFSA_ERGAN(1.0),17/04/26 11:00:00,A,PC,M,Y20-64,TOTAL,HR,2021-01-01,73.8,b,
ESTAT:LFSA_ERGAN(1.0),17/04/26 11:00:00,A,PC,M,Y20-64,TOTAL,HU,2021-01-01,84.2,b,
ESTAT:LFSA_ERGAN(1.0),17/04/26 11:00:00,A,PC,M,Y20-64,TOTAL,IE,2021-01-01,80.0,b,
ESTAT:LFSA_ERGAN(1.0),17/04/26 11:00:00,A,PC,M,Y20-64,TOTAL,IS,2021-01-01,84.9,b,
ESTAT:LFSA_ERGAN(1.0),17/04/26 11:00:00,A,PC,M,Y20-64,TOTAL,IT,2021-01-01,72.4,b,
ESTAT:LFSA_ERGAN(1.0),17/04/26 11:00:00,A,PC,M,Y20-64,TOTAL,LT,2021-01-01,78.1,b,
ESTAT:LFSA_ERGAN(1.0),17/04/26 11:00:00,A,PC,M,Y20-64,TOTAL,LU,2021-01-01,77.7,b,
ESTAT:LFSA_ERGAN(1.0),17/04/26 11:00:00,A,PC,M,Y20-64,TOTAL,LV,2021-01-01,77.7,b,
ESTAT:LFSA_ERGAN(1.0),17/04/26 11:00:00,A,PC,M,Y20-64,TOTAL,MK,2021-01-01,70.8,b,
ESTAT:LFSA_ERGAN(1.0),17/04/26 11:00:00,A,PC,M,Y20-64,TOTAL,MT,2021-01-01,86.0,b,
ESTAT:LFSA_ERGAN(1.0),17/04/26 11:00:00,A,PC,M,Y20-64,TOTAL,NL,2021-01-01,85.7,b,
ESTAT:LFSA_ERGAN(1.0),17/04/26 11:00:00,A,PC,M,Y20-64,TOTAL,NO,2021-01-01,82.3,b,
ESTAT:LFSA_ERGAN(1.0),17/04/26 11:00:00,A,PC,M,Y20-64,TOTAL,PL,2021-01-01,82.4,b,
ESTAT:LFSA_ERGAN(1.0),17/04/26 11:00:00,A,PC,M,Y20-64,TOTAL,PT,2021-01-01,78.4,b,
ESTAT:LFSA_ERGAN(1.0),17/04/26 11:00:00,A,PC,M,Y20-64,TOTAL,RO,2021-01-01,77.0,b,
ESTAT:LFSA_ERGAN(1.0),17/04/26 11:00:00,A,PC,M,Y20-64,TOTAL,RS,2021-01-01,73.6,b,
ESTAT:LFSA_ERGAN(1.0),17/04/26 11:00:00,A,PC,M,Y20-64,TOTAL,SE,2021-01-01,83.1,b,
ESTAT:LFSA_ERGAN(1.0),17/04/26 11:00:00,A,PC,M,Y20-64,TOTAL,SI,2021-01-01,79.3,b,
ESTAT:LFSA_ERGAN(1.0),17/04/26 11:00:00,A,PC,M,Y20-64,TOTAL,SK,2021-01-01,78.9,b,
ESTAT:LFSA_ERGAN(1.0),17/04/26 11:00:00,A,PC,M,Y20-64,TOTAL,TR,2021-01-01,73.6,b,
ESTAT:LFSA_ERGAN(1.0),17/04/26 11:00:00,A,PC,T,Y15-64,TOTAL,AT,2021-01-01,72.4,b,
ESTAT:LFSA_ERGAN(1.0),17/04/26 11:00:00,A,PC,T,Y15-64,TOTAL,BA,2021-01-01,48.8,b,
ESTAT:LFSA_ERGAN(1.0),17/04/26 11:00:00,A,PC,T,Y15-64,TOTAL,BE,2021-01-01,65.3,b,
ESTAT:LFSA_ERGAN(1.0),17/04/26 11:00:00,A,PC,T,Y15-64,TOTAL,BG,2021-01-01,68.5,b,
ESTAT:LFSA_ERGAN(1.0),17/04/26 11:00:00,A,PC,T,Y15-64,TOTAL,CH,2021-01-01,79.6,b,
ESTAT:LFSA_ERGAN(1.0),17/04/26 11:00:00,A,PC,T,Y15-64,TOTAL,CY,2021-01-01,72.0,b,
ESTAT:LFSA_ERGAN(1.0),17/04/26 11:00:00,A,PC,T,Y15-64,TOTAL,CZ,2021-01-01,74.4,b,
ESTAT:LFSA_ERGAN(1.0),17/04/26 11:00:00,A,PC,T,Y15-64,TOTAL,DE,2021-01-01,75.8,b,
ESTAT:LFSA_ERGAN(1.0),17/04/26 11:00:00,A,PC,T,Y15-64,TOTAL,DK,2021-01-01,75.5,b,
ESTAT:LFSA_ERGAN(1.0),17/04/26 11:00:00,A,PC,T,Y15-64,TOTAL,EA21,2021-01-01,67.9,b,
ESTAT:LFSA_ERGAN(1.0),17/04/26 11:00:00,A,PC,T,Y15-64,TOTAL,EE,2021-01-01,74.0,b,
ESTAT:LFSA_ERGAN(1.0),17/04/26 11:00:00,A,PC,T,Y15-64,TOTAL,EL,2021-01-01,57.2,b,
ESTAT:LFSA_ERGAN(1.0),17/04/26 11:00:00,A,PC,T,Y15-64,TOTAL,ES,2021-01-01,62.6,bd,
ESTAT:LFSA_ERGAN(1.0),17/04/26 11:00:00,A,PC,T,Y15-64,TOTAL,EU27_2020,2021-01-01,68.3,b,
ESTAT:LFSA_ERGAN(1.0),17/04/26 11:00:00,A,PC,T,Y15-64,TOTAL,FI,2021-01-01,72.7,b,
ESTAT:LFSA_ERGAN(1.0),17/04/26 11:00:00,A,PC,T,Y15-64,TOTAL,FR,2021-01-01,67.2,bd,
ESTAT:LFSA_ERGAN(1.0),17/04/26 11:00:00,A,PC,T,Y15-64,TOTAL,HR,2021-01-01,63.8,b,
ESTAT:LFSA_ERGAN(1.0),17/04/26 11:00:00,A,PC,T,Y15-64,TOTAL,HU,2021-01-01,73.3,b,
ESTAT:LFSA_ERGAN(1.0),17/04/26 11:00:00,A,PC,T,Y15-64,TOTAL,IE,2021-01-01,69.8,b,
ESTAT:LFSA_ERGAN(1.0),17/04/26 11:00:00,A,PC,T,Y15-64,TOTAL,IS,2021-01-01,79.8,b,
ESTAT:LFSA_ERGAN(1.0),17/04/26 11:00:00,A,PC,T,Y15-64,TOTAL,IT,2021-01-01,58.2,b,
ESTAT:LFSA_ERGAN(1.0),17/04/26 11:00:00,A,PC,T,Y15-64,TOTAL,LT,2021-01-01,72.4,b,
ESTAT:LFSA_ERGAN(1.0),17/04/26 11:00:00,A,PC,T,Y15-64,TOTAL,LU,2021-01-01,69.4,b,
ESTAT:LFSA_ERGAN(1.0),17/04/26 11:00:00,A,PC,T,Y15-64,TOTAL,LV,2021-01-01,69.9,b,
ESTAT:LFSA_ERGAN(1.0),17/04/26 11:00:00,A,PC,T,Y15-64,TOTAL,MK,2021-01-01,56.4,b,
ESTAT:LFSA_ERGAN(1.0),17/04/26 11:00:00,A,PC,T,Y15-64,TOTAL,MT,2021-01-01,74.2,b,
ESTAT:LFSA_ERGAN(1.0),17/04/26 11:00:00,A,PC,T,Y15-64,TOTAL,NL,2021-01-01,80.1,b,
ESTAT:LFSA_ERGAN(1.0),17/04/26 11:00:00,A,PC,T,Y15-64,TOTAL,NO,2021-01-01,76.3,b,
ESTAT:LFSA_ERGAN(1.0),17/04/26 11:00:00,A,PC,T,Y15-64,TOTAL,PL,2021-01-01,70.4,b,
ESTAT:LFSA_ERGAN(1.0),17/04/26 11:00:00,A,PC,T,Y15-64,TOTAL,PT,2021-01-01,69.6,b,
ESTAT:LFSA_ERGAN(1.0),17/04/26 11:00:00,A,PC,T,Y15-64,TOTAL,RO,2021-01-01,61.9,b,
ESTAT:LFSA_ERGAN(1.0),17/04/26 11:00:00,A,PC,T,Y15-64,TOTAL,RS,2021-01-01,61.7,b,
ESTAT:LFSA_ERGAN(1.0),17/04/26 11:00:00,A,PC,T,Y15-64,TOTAL,SE,2021-01-01,75.1,b,
ESTAT:LFSA_ERGAN(1.0),17/04/26 11:00:00,A,PC,T,Y15-64,TOTAL,SI,2021-01-01,71.4,b,
ESTAT:LFSA_ERGAN(1.0),17/04/26 11:00:00,A,PC,T,Y15-64,TOTAL,SK,2021-01-01,69.4,b,
ESTAT:LFSA_ERGAN(1.0),17/04/26 11:00:00,A,PC,T,Y15-64,TOTAL,TR,2021-01-01,50.3,b,
ESTAT:LFSA_ERGAN(1.0),17/04/26 11:00:00,A,PC,T,Y15-74,TOTAL,AT,2021-01-01,63.9,b,
ESTAT:LFSA_ERGAN(1.0),17/04/26 11:00:00,A,PC,T,Y15-74,TOTAL,BA,2021-01-01,42.6,b,
ESTAT:LFSA_ERGAN(1.0),17/04/26 11:00:00,A,PC,T,Y15-74,TOTAL,BE,2021-01-01,56.8,b,
ESTAT:LFSA_ERGAN(1.0),17/04/26 11:00:00,A,PC,T,Y15-74,TOTAL,BG,2021-01-01,58.0,b,
ESTAT:LFSA_ERGAN(1.0),17/04/26 11:00:00,A,PC,T,Y15-74,TOTAL,CH,2021-01-01,71.6,b,
ESTAT:LFSA_ERGAN(1.0),17/04/26 11:00:00,A,PC,T,Y15-74,TOTAL,CY,2021-01-01,64.7,b,
ESTAT:LFSA_ERGAN(1.0),17/04/26 11:00:00,A,PC,T,Y15-74,TOTAL,CZ,2021-01-01,64.2,b,
ESTAT:LFSA_ERGAN(1.0),17/04/26 11:00:00,A,PC,T,Y15-74,TOTAL,DE,2021-01-01,66.5,b,
ESTAT:LFSA_ERGAN(1.0),17/04/26 11:00:00,A,PC,T,Y15-74,TOTAL,DK,2021-01-01,66.6,b,
ESTAT:LFSA_ERGAN(1.0),17/04/26 11:00:00,A,PC,T,Y15-74,TOTAL,EA21,2021-01-01,59.2,b,
ESTAT:LFSA_ERGAN(1.0),17/04/26 11:00:00,A,PC,T,Y15-74,TOTAL,EE,2021-01-01,66.7,b,
ESTAT:LFSA_ERGAN(1.0),17/04/26 11:00:00,A,PC,T,Y15-74,TOTAL,EL,2021-01-01,49.9,b,
ESTAT:LFSA_ERGAN(1.0),17/04/26 11:00:00,A,PC,T,Y15-74,TOTAL,ES,2021-01-01,55.0,bd,
ESTAT:LFSA_ERGAN(1.0),17/04/26 11:00:00,A,PC,T,Y15-74,TOTAL,EU27_2020,2021-01-01,59.5,b,
ESTAT:LFSA_ERGAN(1.0),17/04/26 11:00:00,A,PC,T,Y15-74,TOTAL,FI,2021-01-01,62.2,b,
ESTAT:LFSA_ERGAN(1.0),17/04/26 11:00:00,A,PC,T,Y15-74,TOTAL,FR,2021-01-01,57.7,bd,
ESTAT:LFSA_ERGAN(1.0),17/04/26 11:00:00,A,PC,T,Y15-74,TOTAL,HR,2021-01-01,53.8,b,
ESTAT:LFSA_ERGAN(1.0),17/04/26 11:00:00,A,PC,T,Y15-74,TOTAL,HU,2021-01-01,63.1,b,
ESTAT:LFSA_ERGAN(1.0),17/04/26 11:00:00,A,PC,T,Y15-74,TOTAL,IE,2021-01-01,64.2,b,
ESTAT:LFSA_ERGAN(1.0),17/04/26 11:00:00,A,PC,T,Y15-74,TOTAL,IS,2021-01-01,74.1,b,
ESTAT:LFSA_ERGAN(1.0),17/04/26 11:00:00,A,PC,T,Y15-74,TOTAL,IT,2021-01-01,50.6,b,
ESTAT:LFSA_ERGAN(1.0),17/04/26 11:00:00,A,PC,T,Y15-74,TOTAL,LT,2021-01-01,65.1,b,
ESTAT:LFSA_ERGAN(1.0),17/04/26 11:00:00,A,PC,T,Y15-74,TOTAL,LU,2021-01-01,63.2,b,
ESTAT:LFSA_ERGAN(1.0),17/04/26 11:00:00,A,PC,T,Y15-74,TOTAL,LV,2021-01-01,62.5,b,
ESTAT:LFSA_ERGAN(1.0),17/04/26 11:00:00,A,PC,T,Y15-74,TOTAL,MK,2021-01-01,49.0,b,
ESTAT:LFSA_ERGAN(1.0),17/04/26 11:00:00,A,PC,T,Y15-74,TOTAL,MT,2021-01-01,65.4,b,
ESTAT:LFSA_ERGAN(1.0),17/04/26 11:00:00,A,PC,T,Y15-74,TOTAL,NL,2021-01-01,70.4,b,
ESTAT:LFSA_ERGAN(1.0),17/04/26 11:00:00,A,PC,T,Y15-74,TOTAL,NO,2021-01-01,68.9,b,
ESTAT:LFSA_ERGAN(1.0),17/04/26 11:00:00,A,PC,T,Y15-74,TOTAL,PL,2021-01-01,60.5,b,
ESTAT:LFSA_ERGAN(1.0),17/04/26 11:00:00,A,PC,T,Y15-74,TOTAL,PT,2021-01-01,60.6,b,
ESTAT:LFSA_ERGAN(1.0),17/04/26 11:00:00,A,PC,T,Y15-74,TOTAL,RO,2021-01-01,53.2,b,
ESTAT:LFSA_ERGAN(1.0),17/04/26 11:00:00,A,PC,T,Y15-74,TOTAL,RS,2021-01-01,52.5,b,
ESTAT:LFSA_ERGAN(1.0),17/04/26 11:00:00,A,PC,T,Y15-74,TOTAL,SE,2021-01-01,67.1,b,
ESTAT:LFSA_ERGAN(1.0),17/04/26 11:00:00,A,PC,T,Y15-74,TOTAL,SI,2021-01-01,61.5,b,
ESTAT:LFSA_ERGAN(1.0),17/04/26 11:00:00,A,PC,T,Y15-74,TOTAL,SK,2021-01-01,60.8,b,
ESTAT:LFSA_ERGAN(1.0),17/04/26 11:00:00,A,PC,T,Y15-74,TOTAL,TR,2021-01-01,47.2,b,
ESTAT:LFSA_ERGAN(1.0),17/04/26 11:00:00,A,PC,T,Y20-64,TOTAL,AT,2021-01-01,75.6,b,
ESTAT:LFSA_ERGAN(1.0),17/04/26 11:00:00,A,PC,T,Y20-64,TOTAL,BA,2021-01-01,52.6,b,
ESTAT:LFSA_ERGAN(1.0),17/04/26 11:00:00,A,PC,T,Y20-64,TOTAL,BE,2021-01-01,70.6,b,
ESTAT:LFSA_ERGAN(1.0),17/04/26 11:00:00,A,PC,T,Y20-64,TOTAL,BG,2021-01-01,73.3,b,
ESTAT:LFSA_ERGAN(1.0),17/04/26 11:00:00,A,PC,T,Y20-64,TOTAL,CH,2021-01-01,82.0,b,
ESTAT:LFSA_ERGAN(1.0),17/04/26 11:00:00,A,PC,T,Y20-64,TOTAL,CY,2021-01-01,76.3,b,
ESTAT:LFSA_ERGAN(1.0),17/04/26 11:00:00,A,PC,T,Y20-64,TOTAL,CZ,2021-01-01,80.0,b,
ESTAT:LFSA_ERGAN(1.0),17/04/26 11:00:00,A,PC,T,Y20-64,TOTAL,DE,2021-01-01,79.6,b,
ESTAT:LFSA_ERGAN(1.0),17/04/26 11:00:00,A,PC,T,Y20-64,TOTAL,DK,2021-01-01,79.0,b,
ESTAT:LFSA_ERGAN(1.0),17/04/26 11:00:00,A,PC,T,Y20-64,TOTAL,EA21,2021-01-01,72.4,b,
ESTAT:LFSA_ERGAN(1.0),17/04/26 11:00:00,A,PC,T,Y20-64,TOTAL,EE,2021-01-01,79.3,b,
ESTAT:LFSA_ERGAN(1.0),17/04/26 11:00:00,A,PC,T,Y20-64,TOTAL,EL,2021-01-01,62.6,b,
ESTAT:LFSA_ERGAN(1.0),17/04/26 11:00:00,A,PC,T,Y20-64,TOTAL,ES,2021-01-01,67.5,bd,
ESTAT:LFSA_ERGAN(1.0),17/04/26 11:00:00,A,PC,T,Y20-64,TOTAL,EU27_2020,2021-01-01,73.1,b,
ESTAT:LFSA_ERGAN(1.0),17/04/26 11:00:00,A,PC,T,Y20-64,TOTAL,FI,2021-01-01,76.8,b,
ESTAT:LFSA_ERGAN(1.0),17/04/26 11:00:00,A,PC,T,Y20-64,TOTAL,FR,2021-01-01,73.2,bd,
ESTAT:LFSA_ERGAN(1.0),17/04/26 11:00:00,A,PC,T,Y20-64,TOTAL,HR,2021-01-01,68.6,b,
ESTAT:LFSA_ERGAN(1.0),17/04/26 11:00:00,A,PC,T,Y20-64,TOTAL,HU,2021-01-01,78.9,b,
ESTAT:LFSA_ERGAN(1.0),17/04/26 11:00:00,A,PC,T,Y20-64,TOTAL,IE,2021-01-01,74.9,b,
ESTAT:LFSA_ERGAN(1.0),17/04/26 11:00:00,A,PC,T,Y20-64,TOTAL,IS,2021-01-01,81.4,b,
ESTAT:LFSA_ERGAN(1.0),17/04/26 11:00:00,A,PC,T,Y20-64,TOTAL,IT,2021-01-01,62.7,b,
ESTAT:LFSA_ERGAN(1.0),17/04/26 11:00:00,A,PC,T,Y20-64,TOTAL,LT,2021-01-01,77.4,b,
ESTAT:LFSA_ERGAN(1.0),17/04/26 11:00:00,A,PC,T,Y20-64,TOTAL,LU,2021-01-01,74.1,b,
ESTAT:LFSA_ERGAN(1.0),17/04/26 11:00:00,A,PC,T,Y20-64,TOTAL,LV,2021-01-01,75.3,b,
ESTAT:LFSA_ERGAN(1.0),17/04/26 11:00:00,A,PC,T,Y20-64,TOTAL,MK,2021-01-01,61.2,b,
ESTAT:LFSA_ERGAN(1.0),17/04/26 11:00:00,A,PC,T,Y20-64,TOTAL,MT,2021-01-01,77.8,b,
ESTAT:LFSA_ERGAN(1.0),17/04/26 11:00:00,A,PC,T,Y20-64,TOTAL,NL,2021-01-01,81.7,b,
ESTAT:LFSA_ERGAN(1.0),17/04/26 11:00:00,A,PC,T,Y20-64,TOTAL,NO,2021-01-01,80.0,b,
ESTAT:LFSA_ERGAN(1.0),17/04/26 11:00:00,A,PC,T,Y20-64,TOTAL,PL,2021-01-01,75.5,b,
ESTAT:LFSA_ERGAN(1.0),17/04/26 11:00:00,A,PC,T,Y20-64,TOTAL,PT,2021-01-01,75.5,b,
ESTAT:LFSA_ERGAN(1.0),17/04/26 11:00:00,A,PC,T,Y20-64,TOTAL,RO,2021-01-01,67.1,b,
ESTAT:LFSA_ERGAN(1.0),17/04/26 11:00:00,A,PC,T,Y20-64,TOTAL,RS,2021-01-01,66.2,b,
ESTAT:LFSA_ERGAN(1.0),17/04/26 11:00:00,A,PC,T,Y20-64,TOTAL,SE,2021-01-01,80.4,b,
ESTAT:LFSA_ERGAN(1.0),17/04/26 11:00:00,A,PC,T,Y20-64,TOTAL,SI,2021-01-01,76.1,b,
ESTAT:LFSA_ERGAN(1.0),17/04/26 11:00:00,A,PC,T,Y20-64,TOTAL,SK,2021-01-01,74.6,b,
ESTAT:LFSA_ERGAN(1.0),17/04/26 11:00:00,A,PC,T,Y20-64,TOTAL,TR,2021-01-01,53.9,b,
ESTAT:LFSA_ERGAN(1.0),17/04/26 11:00:00,A,PC,F,Y15-64,TOTAL,AT,2022-01-01,70.0,,
ESTAT:LFSA_ERGAN(1.0),17/04/26 11:00:00,A,PC,F,Y15-64,TOTAL,BA,2022-01-01,37.1,,
ESTAT:LFSA_ERGAN(1.0),17/04/26 11:00:00,A,PC,F,Y15-64,TOTAL,BE,2022-01-01,63.2,,
ESTAT:LFSA_ERGAN(1.0),17/04/26 11:00:00,A,PC,F,Y15-64,TOTAL,BG,2022-01-01,67.2,,
ESTAT:LFSA_ERGAN(1.0),17/04/26 11:00:00,A,PC,F,Y15-64,TOTAL,CH,2022-01-01,76.1,,
ESTAT:LFSA_ERGAN(1.0),17/04/26 11:00:00,A,PC,F,Y15-64,TOTAL,CY,2022-01-01,69.5,,
ESTAT:LFSA_ERGAN(1.0),17/04/26 11:00:00,A,PC,F,Y15-64,TOTAL,CZ,2022-01-01,68.5,,
ESTAT:LFSA_ERGAN(1.0),17/04/26 11:00:00,A,PC,F,Y15-64,TOTAL,DE,2022-01-01,73.3,,
ESTAT:LFSA_ERGAN(1.0),17/04/26 11:00:00,A,PC,F,Y15-64,TOTAL,DK,2022-01-01,74.5,,
ESTAT:LFSA_ERGAN(1.0),17/04/26 11:00:00,A,PC,F,Y15-64,TOTAL,EA21,2022-01-01,64.8,,
ESTAT:LFSA_ERGAN(1.0),17/04/26 11:00:00,A,PC,F,Y15-64,TOTAL,EE,2022-01-01,75.3,,
ESTAT:LFSA_ERGAN(1.0),17/04/26 11:00:00,A,PC,F,Y15-64,TOTAL,EL,2022-01-01,51.2,,
ESTAT:LFSA_ERGAN(1.0),17/04/26 11:00:00,A,PC,F,Y15-64,TOTAL,ES,2022-01-01,59.2,d,
ESTAT:LFSA_ERGAN(1.0),17/04/26 11:00:00,A,PC,F,Y15-64,TOTAL,EU27_2020,2022-01-01,64.9,,
ESTAT:LFSA_ERGAN(1.0),17/04/26 11:00:00,A,PC,F,Y15-64,TOTAL,FI,2022-01-01,73.9,,
ESTAT:LFSA_ERGAN(1.0),17/04/26 11:00:00,A,PC,F,Y15-64,TOTAL,FR,2022-01-01,65.6,d,
ESTAT:LFSA_ERGAN(1.0),17/04/26 11:00:00,A,PC,F,Y15-64,TOTAL,HR,2022-01-01,60.8,,
ESTAT:LFSA_ERGAN(1.0),17/04/26 11:00:00,A,PC,F,Y15-64,TOTAL,HU,2022-01-01,70.0,,
ESTAT:LFSA_ERGAN(1.0),17/04/26 11:00:00,A,PC,F,Y15-64,TOTAL,IE,2022-01-01,68.4,,
ESTAT:LFSA_ERGAN(1.0),17/04/26 11:00:00,A,PC,F,Y15-64,TOTAL,IS,2022-01-01,81.2,,
ESTAT:LFSA_ERGAN(1.0),17/04/26 11:00:00,A,PC,F,Y15-64,TOTAL,IT,2022-01-01,51.1,,
ESTAT:LFSA_ERGAN(1.0),17/04/26 11:00:00,A,PC,F,Y15-64,TOTAL,LT,2022-01-01,73.6,,
ESTAT:LFSA_ERGAN(1.0),17/04/26 11:00:00,A,PC,F,Y15-64,TOTAL,LU,2022-01-01,67.1,,
ESTAT:LFSA_ERGAN(1.0),17/04/26 11:00:00,A,PC,F,Y15-64,TOTAL,LV,2022-01-01,70.2,,
ESTAT:LFSA_ERGAN(1.0),17/04/26 11:00:00,A,PC,F,Y15-64,TOTAL,MK,2022-01-01,47.5,,
ESTAT:LFSA_ERGAN(1.0),17/04/26 11:00:00,A,PC,F,Y15-64,TOTAL,MT,2022-01-01,69.7,,
ESTAT:LFSA_ERGAN(1.0),17/04/26 11:00:00,A,PC,F,Y15-64,TOTAL,NL,2022-01-01,78.1,,
ESTAT:LFSA_ERGAN(1.0),17/04/26 11:00:00,A,PC,F,Y15-64,TOTAL,NO,2022-01-01,75.4,,
ESTAT:LFSA_ERGAN(1.0),17/04/26 11:00:00,A,PC,F,Y15-64,TOTAL,PL,2022-01-01,65.5,,
ESTAT:LFSA_ERGAN(1.0),17/04/26 11:00:00,A,PC,F,Y15-64,TOTAL,PT,2022-01-01,68.9,,
ESTAT:LFSA_ERGAN(1.0),17/04/26 11:00:00,A,PC,F,Y15-64,TOTAL,RO,2022-01-01,54.4,,
ESTAT:LFSA_ERGAN(1.0),17/04/26 11:00:00,A,PC,F,Y15-64,TOTAL,RS,2022-01-01,57.4,,
ESTAT:LFSA_ERGAN(1.0),17/04/26 11:00:00,A,PC,F,Y15-64,TOTAL,SE,2022-01-01,74.6,,
ESTAT:LFSA_ERGAN(1.0),17/04/26 11:00:00,A,PC,F,Y15-64,TOTAL,SI,2022-01-01,69.8,,
ESTAT:LFSA_ERGAN(1.0),17/04/26 11:00:00,A,PC,F,Y15-64,TOTAL,SK,2022-01-01,67.6,,
ESTAT:LFSA_ERGAN(1.0),17/04/26 11:00:00,A,PC,F,Y15-64,TOTAL,TR,2022-01-01,34.4,,
ESTAT:LFSA_ERGAN(1.0),17/04/26 11:00:00,A,PC,F,Y15-74,TOTAL,AT,2022-01-01,61.1,,
ESTAT:LFSA_ERGAN(1.0),17/04/26 11:00:00,A,PC,F,Y15-74,TOTAL,BA,2022-01-01,31.6,,
ESTAT:LFSA_ERGAN(1.0),17/04/26 11:00:00,A,PC,F,Y15-74,TOTAL,BE,2022-01-01,54.5,,
ESTAT:LFSA_ERGAN(1.0),17/04/26 11:00:00,A,PC,F,Y15-74,TOTAL,BG,2022-01-01,55.1,,
ESTAT:LFSA_ERGAN(1.0),17/04/26 11:00:00,A,PC,F,Y15-74,TOTAL,CH,2022-01-01,67.4,,
ESTAT:LFSA_ERGAN(1.0),17/04/26 11:00:00,A,PC,F,Y15-74,TOTAL,CY,2022-01-01,61.7,,
ESTAT:LFSA_ERGAN(1.0),17/04/26 11:00:00,A,PC,F,Y15-74,TOTAL,CZ,2022-01-01,57.8,,
ESTAT:LFSA_ERGAN(1.0),17/04/26 11:00:00,A,PC,F,Y15-74,TOTAL,DE,2022-01-01,63.4,,
ESTAT:LFSA_ERGAN(1.0),17/04/26 11:00:00,A,PC,F,Y15-74,TOTAL,DK,2022-01-01,65.0,,
ESTAT:LFSA_ERGAN(1.0),17/04/26 11:00:00,A,PC,F,Y15-74,TOTAL,EA21,2022-01-01,55.7,,
ESTAT:LFSA_ERGAN(1.0),17/04/26 11:00:00,A,PC,F,Y15-74,TOTAL,EE,2022-01-01,67.0,,
ESTAT:LFSA_ERGAN(1.0),17/04/26 11:00:00,A,PC,F,Y15-74,TOTAL,EL,2022-01-01,43.9,,
ESTAT:LFSA_ERGAN(1.0),17/04/26 11:00:00,A,PC,F,Y15-74,TOTAL,ES,2022-01-01,51.4,d,
ESTAT:LFSA_ERGAN(1.0),17/04/26 11:00:00,A,PC,F,Y15-74,TOTAL,EU27_2020,2022-01-01,55.6,,
ESTAT:LFSA_ERGAN(1.0),17/04/26 11:00:00,A,PC,F,Y15-74,TOTAL,FI,2022-01-01,62.4,,
ESTAT:LFSA_ERGAN(1.0),17/04/26 11:00:00,A,PC,F,Y15-74,TOTAL,FR,2022-01-01,55.8,d,
ESTAT:LFSA_ERGAN(1.0),17/04/26 11:00:00,A,PC,F,Y15-74,TOTAL,HR,2022-01-01,50.1,,
ESTAT:LFSA_ERGAN(1.0),17/04/26 11:00:00,A,PC,F,Y15-74,TOTAL,HU,2022-01-01,58.6,,
ESTAT:LFSA_ERGAN(1.0),17/04/26 11:00:00,A,PC,F,Y15-74,TOTAL,IE,2022-01-01,62.0,,
ESTAT:LFSA_ERGAN(1.0),17/04/26 11:00:00,A,PC,F,Y15-74,TOTAL,IS,2022-01-01,74.1,,
ESTAT:LFSA_ERGAN(1.0),17/04/26 11:00:00,A,PC,F,Y15-74,TOTAL,IT,2022-01-01,43.7,,
ESTAT:LFSA_ERGAN(1.0),17/04/26 11:00:00,A,PC,F,Y15-74,TOTAL,LT,2022-01-01,64.6,,
ESTAT:LFSA_ERGAN(1.0),17/04/26 11:00:00,A,PC,F,Y15-74,TOTAL,LU,2022-01-01,60.5,,
ESTAT:LFSA_ERGAN(1.0),17/04/26 11:00:00,A,PC,F,Y15-74,TOTAL,LV,2022-01-01,61.4,,
ESTAT:LFSA_ERGAN(1.0),17/04/26 11:00:00,A,PC,F,Y15-74,TOTAL,MK,2022-01-01,40.6,,
ESTAT:LFSA_ERGAN(1.0),17/04/26 11:00:00,A,PC,F,Y15-74,TOTAL,MT,2022-01-01,60.4,,
ESTAT:LFSA_ERGAN(1.0),17/04/26 11:00:00,A,PC,F,Y15-74,TOTAL,NL,2022-01-01,68.1,,
ESTAT:LFSA_ERGAN(1.0),17/04/26 11:00:00,A,PC,F,Y15-74,TOTAL,NO,2022-01-01,67.4,,
ESTAT:LFSA_ERGAN(1.0),17/04/26 11:00:00,A,PC,F,Y15-74,TOTAL,PL,2022-01-01,54.5,,
ESTAT:LFSA_ERGAN(1.0),17/04/26 11:00:00,A,PC,F,Y15-74,TOTAL,PT,2022-01-01,59.1,,
ESTAT:LFSA_ERGAN(1.0),17/04/26 11:00:00,A,PC,F,Y15-74,TOTAL,RO,2022-01-01,45.4,,
ESTAT:LFSA_ERGAN(1.0),17/04/26 11:00:00,A,PC,F,Y15-74,TOTAL,RS,2022-01-01,47.5,,
ESTAT:LFSA_ERGAN(1.0),17/04/26 11:00:00,A,PC,F,Y15-74,TOTAL,SE,2022-01-01,65.9,,
ESTAT:LFSA_ERGAN(1.0),17/04/26 11:00:00,A,PC,F,Y15-74,TOTAL,SI,2022-01-01,58.7,,
ESTAT:LFSA_ERGAN(1.0),17/04/26 11:00:00,A,PC,F,Y15-74,TOTAL,SK,2022-01-01,57.8,,
ESTAT:LFSA_ERGAN(1.0),17/04/26 11:00:00,A,PC,F,Y15-74,TOTAL,TR,2022-01-01,32.0,,
ESTAT:LFSA_ERGAN(1.0),17/04/26 11:00:00,A,PC,F,Y20-64,TOTAL,AT,2022-01-01,73.4,,
ESTAT:LFSA_ERGAN(1.0),17/04/26 11:00:00,A,PC,F,Y20-64,TOTAL,BA,2022-01-01,40.0,,
ESTAT:LFSA_ERGAN(1.0),17/04/26 11:00:00,A,PC,F,Y20-64,TOTAL,BE,2022-01-01,68.1,,
ESTAT:LFSA_ERGAN(1.0),17/04/26 11:00:00,A,PC,F,Y20-64,TOTAL,BG,2022-01-01,72.1,,
ESTAT:LFSA_ERGAN(1.0),17/04/26 11:00:00,A,PC,F,Y20-64,TOTAL,CH,2022-01-01,78.4,,
ESTAT:LFSA_ERGAN(1.0),17/04/26 11:00:00,A,PC,F,Y20-64,TOTAL,CY,2022-01-01,73.4,,
ESTAT:LFSA_ERGAN(1.0),17/04/26 11:00:00,A,PC,F,Y20-64,TOTAL,CZ,2022-01-01,73.7,,
ESTAT:LFSA_ERGAN(1.0),17/04/26 11:00:00,A,PC,F,Y20-64,TOTAL,DE,2022-01-01,77.0,,
ESTAT:LFSA_ERGAN(1.0),17/04/26 11:00:00,A,PC,F,Y20-64,TOTAL,DK,2022-01-01,77.4,,
ESTAT:LFSA_ERGAN(1.0),17/04/26 11:00:00,A,PC,F,Y20-64,TOTAL,EA21,2022-01-01,69.0,,
ESTAT:LFSA_ERGAN(1.0),17/04/26 11:00:00,A,PC,F,Y20-64,TOTAL,EE,2022-01-01,80.4,,
ESTAT:LFSA_ERGAN(1.0),17/04/26 11:00:00,A,PC,F,Y20-64,TOTAL,EL,2022-01-01,55.9,,
ESTAT:LFSA_ERGAN(1.0),17/04/26 11:00:00,A,PC,F,Y20-64,TOTAL,ES,2022-01-01,63.7,d,
ESTAT:LFSA_ERGAN(1.0),17/04/26 11:00:00,A,PC,F,Y20-64,TOTAL,EU27_2020,2022-01-01,69.3,,
ESTAT:LFSA_ERGAN(1.0),17/04/26 11:00:00,A,PC,F,Y20-64,TOTAL,FI,2022-01-01,77.8,,
ESTAT:LFSA_ERGAN(1.0),17/04/26 11:00:00,A,PC,F,Y20-64,TOTAL,FR,2022-01-01,71.2,d,
ESTAT:LFSA_ERGAN(1.0),17/04/26 11:00:00,A,PC,F,Y20-64,TOTAL,HR,2022-01-01,65.5,,
ESTAT:LFSA_ERGAN(1.0),17/04/26 11:00:00,A,PC,F,Y20-64,TOTAL,HU,2022-01-01,75.4,,
ESTAT:LFSA_ERGAN(1.0),17/04/26 11:00:00,A,PC,F,Y20-64,TOTAL,IE,2022-01-01,72.6,,
ESTAT:LFSA_ERGAN(1.0),17/04/26 11:00:00,A,PC,F,Y20-64,TOTAL,IS,2022-01-01,82.1,,
ESTAT:LFSA_ERGAN(1.0),17/04/26 11:00:00,A,PC,F,Y20-64,TOTAL,IT,2022-01-01,55.0,,
ESTAT:LFSA_ERGAN(1.0),17/04/26 11:00:00,A,PC,F,Y20-64,TOTAL,LT,2022-01-01,78.6,,
ESTAT:LFSA_ERGAN(1.0),17/04/26 11:00:00,A,PC,F,Y20-64,TOTAL,LU,2022-01-01,71.5,,
ESTAT:LFSA_ERGAN(1.0),17/04/26 11:00:00,A,PC,F,Y20-64,TOTAL,LV,2022-01-01,75.5,,
ESTAT:LFSA_ERGAN(1.0),17/04/26 11:00:00,A,PC,F,Y20-64,TOTAL,MK,2022-01-01,51.7,,
ESTAT:LFSA_ERGAN(1.0),17/04/26 11:00:00,A,PC,F,Y20-64,TOTAL,MT,2022-01-01,72.9,,
ESTAT:LFSA_ERGAN(1.0),17/04/26 11:00:00,A,PC,F,Y20-64,TOTAL,NL,2022-01-01,79.0,,
ESTAT:LFSA_ERGAN(1.0),17/04/26 11:00:00,A,PC,F,Y20-64,TOTAL,NO,2022-01-01,78.0,,
ESTAT:LFSA_ERGAN(1.0),17/04/26 11:00:00,A,PC,F,Y20-64,TOTAL,PL,2022-01-01,70.3,,
ESTAT:LFSA_ERGAN(1.0),17/04/26 11:00:00,A,PC,F,Y20-64,TOTAL,PT,2022-01-01,74.3,,
ESTAT:LFSA_ERGAN(1.0),17/04/26 11:00:00,A,PC,F,Y20-64,TOTAL,RO,2022-01-01,59.1,,
ESTAT:LFSA_ERGAN(1.0),17/04/26 11:00:00,A,PC,F,Y20-64,TOTAL,RS,2022-01-01,61.8,,
ESTAT:LFSA_ERGAN(1.0),17/04/26 11:00:00,A,PC,F,Y20-64,TOTAL,SE,2022-01-01,79.1,,
ESTAT:LFSA_ERGAN(1.0),17/04/26 11:00:00,A,PC,F,Y20-64,TOTAL,SI,2022-01-01,74.3,,
ESTAT:LFSA_ERGAN(1.0),17/04/26 11:00:00,A,PC,F,Y20-64,TOTAL,SK,2022-01-01,72.6,,
ESTAT:LFSA_ERGAN(1.0),17/04/26 11:00:00,A,PC,F,Y20-64,TOTAL,TR,2022-01-01,37.0,,
ESTAT:LFSA_ERGAN(1.0),17/04/26 11:00:00,A,PC,M,Y15-64,TOTAL,AT,2022-01-01,78.0,,
ESTAT:LFSA_ERGAN(1.0),17/04/26 11:00:00,A,PC,M,Y15-64,TOTAL,BA,2022-01-01,62.7,,
ESTAT:LFSA_ERGAN(1.0),17/04/26 11:00:00,A,PC,M,Y15-64,TOTAL,BE,2022-01-01,69.8,,
ESTAT:LFSA_ERGAN(1.0),17/04/26 11:00:00,A,PC,M,Y15-64,TOTAL,BG,2022-01-01,74.0,,
ESTAT:LFSA_ERGAN(1.0),17/04/26 11:00:00,A,PC,M,Y15-64,TOTAL,CH,2022-01-01,83.9,,
ESTAT:LFSA_ERGAN(1.0),17/04/26 11:00:00,A,PC,M,Y15-64,TOTAL,CY,2022-01-01,79.1,,
ESTAT:LFSA_ERGAN(1.0),17/04/26 11:00:00,A,PC,M,Y15-64,TOTAL,CZ,2022-01-01,82.2,,
ESTAT:LFSA_ERGAN(1.0),17/04/26 11:00:00,A,PC,M,Y15-64,TOTAL,DE,2022-01-01,80.5,,
ESTAT:LFSA_ERGAN(1.0),17/04/26 11:00:00,A,PC,M,Y15-64,TOTAL,DK,2022-01-01,79.0,,
ESTAT:LFSA_ERGAN(1.0),17/04/26 11:00:00,A,PC,M,Y15-64,TOTAL,EA21,2022-01-01,74.0,,
ESTAT:LFSA_ERGAN(1.0),17/04/26 11:00:00,A,PC,M,Y15-64,TOTAL,EE,2022-01-01,77.5,,
ESTAT:LFSA_ERGAN(1.0),17/04/26 11:00:00,A,PC,M,Y15-64,TOTAL,EL,2022-01-01,70.3,,
ESTAT:LFSA_ERGAN(1.0),17/04/26 11:00:00,A,PC,M,Y15-64,TOTAL,ES,2022-01-01,69.3,d,
ESTAT:LFSA_ERGAN(1.0),17/04/26 11:00:00,A,PC,M,Y15-64,TOTAL,EU27_2020,2022-01-01,74.7,,
ESTAT:LFSA_ERGAN(1.0),17/04/26 11:00:00,A,PC,M,Y15-64,TOTAL,FI,2022-01-01,74.7,,
ESTAT:LFSA_ERGAN(1.0),17/04/26 11:00:00,A,PC,M,Y15-64,TOTAL,FR,2022-01-01,70.8,d,
ESTAT:LFSA_ERGAN(1.0),17/04/26 11:00:00,A,PC,M,Y15-64,TOTAL,HR,2022-01-01,69.7,,
ESTAT:LFSA_ERGAN(1.0),17/04/26 11:00:00,A,PC,M,Y15-64,TOTAL,HU,2022-01-01,79.0,,
ESTAT:LFSA_ERGAN(1.0),17/04/26 11:00:00,A,PC,M,Y15-64,TOTAL,IE,2022-01-01,78.2,,
ESTAT:LFSA_ERGAN(1.0),17/04/26 11:00:00,A,PC,M,Y15-64,TOTAL,IS,2022-01-01,85.2,,
ESTAT:LFSA_ERGAN(1.0),17/04/26 11:00:00,A,PC,M,Y15-64,TOTAL,IT,2022-01-01,69.2,,
ESTAT:LFSA_ERGAN(1.0),17/04/26 11:00:00,A,PC,M,Y15-64,TOTAL,LT,2022-01-01,73.9,,
ESTAT:LFSA_ERGAN(1.0),17/04/26 11:00:00,A,PC,M,Y15-64,TOTAL,LU,2022-01-01,73.0,,
ESTAT:LFSA_ERGAN(1.0),17/04/26 11:00:00,A,PC,M,Y15-64,TOTAL,LV,2022-01-01,72.5,,
ESTAT:LFSA_ERGAN(1.0),17/04/26 11:00:00,A,PC,M,Y15-64,TOTAL,MK,2022-01-01,65.9,,
ESTAT:LFSA_ERGAN(1.0),17/04/26 11:00:00,A,PC,M,Y15-64,TOTAL,MT,2022-01-01,82.4,,
ESTAT:LFSA_ERGAN(1.0),17/04/26 11:00:00,A,PC,M,Y15-64,TOTAL,NL,2022-01-01,85.4,,
ESTAT:LFSA_ERGAN(1.0),17/04/26 11:00:00,A,PC,M,Y15-64,TOTAL,NO,2022-01-01,80.0,,
ESTAT:LFSA_ERGAN(1.0),17/04/26 11:00:00,A,PC,M,Y15-64,TOTAL,PL,2022-01-01,77.4,,
ESTAT:LFSA_ERGAN(1.0),17/04/26 11:00:00,A,PC,M,Y15-64,TOTAL,PT,2022-01-01,73.9,,
ESTAT:LFSA_ERGAN(1.0),17/04/26 11:00:00,A,PC,M,Y15-64,TOTAL,RO,2022-01-01,71.5,,
ESTAT:LFSA_ERGAN(1.0),17/04/26 11:00:00,A,PC,M,Y15-64,TOTAL,RS,2022-01-01,70.5,,
ESTAT:LFSA_ERGAN(1.0),17/04/26 11:00:00,A,PC,M,Y15-64,TOTAL,SE,2022-01-01,79.2,,
ESTAT:LFSA_ERGAN(1.0),17/04/26 11:00:00,A,PC,M,Y15-64,TOTAL,SI,2022-01-01,76.2,,
ESTAT:LFSA_ERGAN(1.0),17/04/26 11:00:00,A,PC,M,Y15-64,TOTAL,SK,2022-01-01,75.0,,
ESTAT:LFSA_ERGAN(1.0),17/04/26 11:00:00,A,PC,M,Y15-64,TOTAL,TR,2022-01-01,71.1,,
ESTAT:LFSA_ERGAN(1.0),17/04/26 11:00:00,A,PC,M,Y15-74,TOTAL,AT,2022-01-01,69.7,,
ESTAT:LFSA_ERGAN(1.0),17/04/26 11:00:00,A,PC,M,Y15-74,TOTAL,BA,2022-01-01,55.3,,
ESTAT:LFSA_ERGAN(1.0),17/04/26 11:00:00,A,PC,M,Y15-74,TOTAL,BE,2022-01-01,61.5,,
ESTAT:LFSA_ERGAN(1.0),17/04/26 11:00:00,A,PC,M,Y15-74,TOTAL,BG,2022-01-01,64.8,,
ESTAT:LFSA_ERGAN(1.0),17/04/26 11:00:00,A,PC,M,Y15-74,TOTAL,CH,2022-01-01,76.5,,
ESTAT:LFSA_ERGAN(1.0),17/04/26 11:00:00,A,PC,M,Y15-74,TOTAL,CY,2022-01-01,71.9,,
ESTAT:LFSA_ERGAN(1.0),17/04/26 11:00:00,A,PC,M,Y15-74,TOTAL,CZ,2022-01-01,72.2,,
ESTAT:LFSA_ERGAN(1.0),17/04/26 11:00:00,A,PC,M,Y15-74,TOTAL,DE,2022-01-01,71.5,,
ESTAT:LFSA_ERGAN(1.0),17/04/26 11:00:00,A,PC,M,Y15-74,TOTAL,DK,2022-01-01,71.3,,
ESTAT:LFSA_ERGAN(1.0),17/04/26 11:00:00,A,PC,M,Y15-74,TOTAL,EA21,2022-01-01,65.4,,
ESTAT:LFSA_ERGAN(1.0),17/04/26 11:00:00,A,PC,M,Y15-74,TOTAL,EE,2022-01-01,71.6,,
ESTAT:LFSA_ERGAN(1.0),17/04/26 11:00:00,A,PC,M,Y15-74,TOTAL,EL,2022-01-01,62.0,,
ESTAT:LFSA_ERGAN(1.0),17/04/26 11:00:00,A,PC,M,Y15-74,TOTAL,ES,2022-01-01,61.5,d,
ESTAT:LFSA_ERGAN(1.0),17/04/26 11:00:00,A,PC,M,Y15-74,TOTAL,EU27_2020,2022-01-01,66.0,,
ESTAT:LFSA_ERGAN(1.0),17/04/26 11:00:00,A,PC,M,Y15-74,TOTAL,FI,2022-01-01,65.4,,
ESTAT:LFSA_ERGAN(1.0),17/04/26 11:00:00,A,PC,M,Y15-74,TOTAL,FR,2022-01-01,61.6,d,
ESTAT:LFSA_ERGAN(1.0),17/04/26 11:00:00,A,PC,M,Y15-74,TOTAL,HR,2022-01-01,59.7,,
ESTAT:LFSA_ERGAN(1.0),17/04/26 11:00:00,A,PC,M,Y15-74,TOTAL,HU,2022-01-01,70.0,,
ESTAT:LFSA_ERGAN(1.0),17/04/26 11:00:00,A,PC,M,Y15-74,TOTAL,IE,2022-01-01,72.3,,
ESTAT:LFSA_ERGAN(1.0),17/04/26 11:00:00,A,PC,M,Y15-74,TOTAL,IS,2022-01-01,79.9,,
ESTAT:LFSA_ERGAN(1.0),17/04/26 11:00:00,A,PC,M,Y15-74,TOTAL,IT,2022-01-01,60.8,,
ESTAT:LFSA_ERGAN(1.0),17/04/26 11:00:00,A,PC,M,Y15-74,TOTAL,LT,2022-01-01,67.9,,
ESTAT:LFSA_ERGAN(1.0),17/04/26 11:00:00,A,PC,M,Y15-74,TOTAL,LU,2022-01-01,66.3,,
ESTAT:LFSA_ERGAN(1.0),17/04/26 11:00:00,A,PC,M,Y15-74,TOTAL,LV,2022-01-01,66.8,,
ESTAT:LFSA_ERGAN(1.0),17/04/26 11:00:00,A,PC,M,Y15-74,TOTAL,MK,2022-01-01,57.8,,
ESTAT:LFSA_ERGAN(1.0),17/04/26 11:00:00,A,PC,M,Y15-74,TOTAL,MT,2022-01-01,74.3,,
ESTAT:LFSA_ERGAN(1.0),17/04/26 11:00:00,A,PC,M,Y15-74,TOTAL,NL,2022-01-01,76.3,,
ESTAT:LFSA_ERGAN(1.0),17/04/26 11:00:00,A,PC,M,Y15-74,TOTAL,NO,2022-01-01,73.1,,
ESTAT:LFSA_ERGAN(1.0),17/04/26 11:00:00,A,PC,M,Y15-74,TOTAL,PL,2022-01-01,68.3,,
ESTAT:LFSA_ERGAN(1.0),17/04/26 11:00:00,A,PC,M,Y15-74,TOTAL,PT,2022-01-01,65.4,,
ESTAT:LFSA_ERGAN(1.0),17/04/26 11:00:00,A,PC,M,Y15-74,TOTAL,RO,2022-01-01,62.7,,
ESTAT:LFSA_ERGAN(1.0),17/04/26 11:00:00,A,PC,M,Y15-74,TOTAL,RS,2022-01-01,61.2,,
ESTAT:LFSA_ERGAN(1.0),17/04/26 11:00:00,A,PC,M,Y15-74,TOTAL,SE,2022-01-01,71.6,,
ESTAT:LFSA_ERGAN(1.0),17/04/26 11:00:00,A,PC,M,Y15-74,TOTAL,SI,2022-01-01,66.2,,
ESTAT:LFSA_ERGAN(1.0),17/04/26 11:00:00,A,PC,M,Y15-74,TOTAL,SK,2022-01-01,66.6,,
ESTAT:LFSA_ERGAN(1.0),17/04/26 11:00:00,A,PC,M,Y15-74,TOTAL,TR,2022-01-01,67.2,,
ESTAT:LFSA_ERGAN(1.0),17/04/26 11:00:00,A,PC,M,Y20-64,TOTAL,AT,2022-01-01,81.2,,
ESTAT:LFSA_ERGAN(1.0),17/04/26 11:00:00,A,PC,M,Y20-64,TOTAL,BA,2022-01-01,67.7,,
ESTAT:LFSA_ERGAN(1.0),17/04/26 11:00:00,A,PC,M,Y20-64,TOTAL,BE,2022-01-01,75.7,,
ESTAT:LFSA_ERGAN(1.0),17/04/26 11:00:00,A,PC,M,Y20-64,TOTAL,BG,2022-01-01,79.6,,
ESTAT:LFSA_ERGAN(1.0),17/04/26 11:00:00,A,PC,M,Y20-64,TOTAL,CH,2022-01-01,86.3,,
ESTAT:LFSA_ERGAN(1.0),17/04/26 11:00:00,A,PC,M,Y20-64,TOTAL,CY,2022-01-01,84.3,,
ESTAT:LFSA_ERGAN(1.0),17/04/26 11:00:00,A,PC,M,Y20-64,TOTAL,CZ,2022-01-01,88.6,,
ESTAT:LFSA_ERGAN(1.0),17/04/26 11:00:00,A,PC,M,Y20-64,TOTAL,DE,2022-01-01,84.5,,
ESTAT:LFSA_ERGAN(1.0),17/04/26 11:00:00,A,PC,M,Y20-64,TOTAL,DK,2022-01-01,82.8,,
ESTAT:LFSA_ERGAN(1.0),17/04/26 11:00:00,A,PC,M,Y20-64,TOTAL,EA21,2022-01-01,79.1,,
ESTAT:LFSA_ERGAN(1.0),17/04/26 11:00:00,A,PC,M,Y20-64,TOTAL,EE,2022-01-01,83.3,,
ESTAT:LFSA_ERGAN(1.0),17/04/26 11:00:00,A,PC,M,Y20-64,TOTAL,EL,2022-01-01,76.9,,
ESTAT:LFSA_ERGAN(1.0),17/04/26 11:00:00,A,PC,M,Y20-64,TOTAL,ES,2022-01-01,74.9,d,
ESTAT:LFSA_ERGAN(1.0),17/04/26 11:00:00,A,PC,M,Y20-64,TOTAL,EU27_2020,2022-01-01,79.9,,
ESTAT:LFSA_ERGAN(1.0),17/04/26 11:00:00,A,PC,M,Y20-64,TOTAL,FI,2022-01-01,79.0,,
ESTAT:LFSA_ERGAN(1.0),17/04/26 11:00:00,A,PC,M,Y20-64,TOTAL,FR,2022-01-01,77.0,d,
ESTAT:LFSA_ERGAN(1.0),17/04/26 11:00:00,A,PC,M,Y20-64,TOTAL,HR,2022-01-01,74.9,,
ESTAT:LFSA_ERGAN(1.0),17/04/26 11:00:00,A,PC,M,Y20-64,TOTAL,HU,2022-01-01,85.2,,
ESTAT:LFSA_ERGAN(1.0),17/04/26 11:00:00,A,PC,M,Y20-64,TOTAL,IE,2022-01-01,84.0,,
ESTAT:LFSA_ERGAN(1.0),17/04/26 11:00:00,A,PC,M,Y20-64,TOTAL,IS,2022-01-01,87.3,,
ESTAT:LFSA_ERGAN(1.0),17/04/26 11:00:00,A,PC,M,Y20-64,TOTAL,IT,2022-01-01,74.7,,
ESTAT:LFSA_ERGAN(1.0),17/04/26 11:00:00,A,PC,M,Y20-64,TOTAL,LT,2022-01-01,79.4,,
ESTAT:LFSA_ERGAN(1.0),17/04/26 11:00:00,A,PC,M,Y20-64,TOTAL,LU,2022-01-01,78.0,,
ESTAT:LFSA_ERGAN(1.0),17/04/26 11:00:00,A,PC,M,Y20-64,TOTAL,LV,2022-01-01,78.6,,
ESTAT:LFSA_ERGAN(1.0),17/04/26 11:00:00,A,PC,M,Y20-64,TOTAL,MK,2022-01-01,71.8,,
ESTAT:LFSA_ERGAN(1.0),17/04/26 11:00:00,A,PC,M,Y20-64,TOTAL,MT,2022-01-01,86.2,,
ESTAT:LFSA_ERGAN(1.0),17/04/26 11:00:00,A,PC,M,Y20-64,TOTAL,NL,2022-01-01,86.9,,
ESTAT:LFSA_ERGAN(1.0),17/04/26 11:00:00,A,PC,M,Y20-64,TOTAL,NO,2022-01-01,83.7,,
ESTAT:LFSA_ERGAN(1.0),17/04/26 11:00:00,A,PC,M,Y20-64,TOTAL,PL,2022-01-01,83.2,,
ESTAT:LFSA_ERGAN(1.0),17/04/26 11:00:00,A,PC,M,Y20-64,TOTAL,PT,2022-01-01,80.1,,
ESTAT:LFSA_ERGAN(1.0),17/04/26 11:00:00,A,PC,M,Y20-64,TOTAL,RO,2022-01-01,77.7,,
ESTAT:LFSA_ERGAN(1.0),17/04/26 11:00:00,A,PC,M,Y20-64,TOTAL,RS,2022-01-01,75.8,,
ESTAT:LFSA_ERGAN(1.0),17/04/26 11:00:00,A,PC,M,Y20-64,TOTAL,SE,2022-01-01,84.8,,
ESTAT:LFSA_ERGAN(1.0),17/04/26 11:00:00,A,PC,M,Y20-64,TOTAL,SI,2022-01-01,81.2,,
ESTAT:LFSA_ERGAN(1.0),17/04/26 11:00:00,A,PC,M,Y20-64,TOTAL,SK,2022-01-01,80.7,,
ESTAT:LFSA_ERGAN(1.0),17/04/26 11:00:00,A,PC,M,Y20-64,TOTAL,TR,2022-01-01,75.9,,
ESTAT:LFSA_ERGAN(1.0),17/04/26 11:00:00,A,PC,T,Y15-64,TOTAL,AT,2022-01-01,74.0,,
ESTAT:LFSA_ERGAN(1.0),17/04/26 11:00:00,A,PC,T,Y15-64,TOTAL,BA,2022-01-01,50.0,,
ESTAT:LFSA_ERGAN(1.0),17/04/26 11:00:00,A,PC,T,Y15-64,TOTAL,BE,2022-01-01,66.5,,
ESTAT:LFSA_ERGAN(1.0),17/04/26 11:00:00,A,PC,T,Y15-64,TOTAL,BG,2022-01-01,70.6,,
ESTAT:LFSA_ERGAN(1.0),17/04/26 11:00:00,A,PC,T,Y15-64,TOTAL,CH,2022-01-01,80.1,,
ESTAT:LFSA_ERGAN(1.0),17/04/26 11:00:00,A,PC,T,Y15-64,TOTAL,CY,2022-01-01,74.1,,
ESTAT:LFSA_ERGAN(1.0),17/04/26 11:00:00,A,PC,T,Y15-64,TOTAL,CZ,2022-01-01,75.5,,
ESTAT:LFSA_ERGAN(1.0),17/04/26 11:00:00,A,PC,T,Y15-64,TOTAL,DE,2022-01-01,77.0,,
ESTAT:LFSA_ERGAN(1.0),17/04/26 11:00:00,A,PC,T,Y15-64,TOTAL,DK,2022-01-01,76.8,,
ESTAT:LFSA_ERGAN(1.0),17/04/26 11:00:00,A,PC,T,Y15-64,TOTAL,EA21,2022-01-01,69.4,,
ESTAT:LFSA_ERGAN(1.0),17/04/26 11:00:00,A,PC,T,Y15-64,TOTAL,EE,2022-01-01,76.4,,
ESTAT:LFSA_ERGAN(1.0),17/04/26 11:00:00,A,PC,T,Y15-64,TOTAL,EL,2022-01-01,60.7,,
ESTAT:LFSA_ERGAN(1.0),17/04/26 11:00:00,A,PC,T,Y15-64,TOTAL,ES,2022-01-01,64.3,d,
ESTAT:LFSA_ERGAN(1.0),17/04/26 11:00:00,A,PC,T,Y15-64,TOTAL,EU27_2020,2022-01-01,69.8,,
ESTAT:LFSA_ERGAN(1.0),17/04/26 11:00:00,A,PC,T,Y15-64,TOTAL,FI,2022-01-01,74.3,,
ESTAT:LFSA_ERGAN(1.0),17/04/26 11:00:00,A,PC,T,Y15-64,TOTAL,FR,2022-01-01,68.1,d,
ESTAT:LFSA_ERGAN(1.0),17/04/26 11:00:00,A,PC,T,Y15-64,TOTAL,HR,2022-01-01,65.3,,
ESTAT:LFSA_ERGAN(1.0),17/04/26 11:00:00,A,PC,T,Y15-64,TOTAL,HU,2022-01-01,74.5,,
ESTAT:LFSA_ERGAN(1.0),17/04/26 11:00:00,A,PC,T,Y15-64,TOTAL,IE,2022-01-01,73.3,,
ESTAT:LFSA_ERGAN(1.0),17/04/26 11:00:00,A,PC,T,Y15-64,TOTAL,IS,2022-01-01,83.3,,
ESTAT:LFSA_ERGAN(1.0),17/04/26 11:00:00,A,PC,T,Y15-64,TOTAL,IT,2022-01-01,60.1,,
ESTAT:LFSA_ERGAN(1.0),17/04/26 11:00:00,A,PC,T,Y15-64,TOTAL,LT,2022-01-01,73.8,,
ESTAT:LFSA_ERGAN(1.0),17/04/26 11:00:00,A,PC,T,Y15-64,TOTAL,LU,2022-01-01,70.1,,
ESTAT:LFSA_ERGAN(1.0),17/04/26 11:00:00,A,PC,T,Y15-64,TOTAL,LV,2022-01-01,71.3,,
ESTAT:LFSA_ERGAN(1.0),17/04/26 11:00:00,A,PC,T,Y15-64,TOTAL,MK,2022-01-01,56.7,,
ESTAT:LFSA_ERGAN(1.0),17/04/26 11:00:00,A,PC,T,Y15-64,TOTAL,MT,2022-01-01,76.5,,
ESTAT:LFSA_ERGAN(1.0),17/04/26 11:00:00,A,PC,T,Y15-64,TOTAL,NL,2022-01-01,81.8,,
ESTAT:LFSA_ERGAN(1.0),17/04/26 11:00:00,A,PC,T,Y15-64,TOTAL,NO,2022-01-01,77.7,,
ESTAT:LFSA_ERGAN(1.0),17/04/26 11:00:00,A,PC,T,Y15-64,TOTAL,PL,2022-01-01,71.5,,
ESTAT:LFSA_ERGAN(1.0),17/04/26 11:00:00,A,PC,T,Y15-64,TOTAL,PT,2022-01-01,71.4,,
ESTAT:LFSA_ERGAN(1.0),17/04/26 11:00:00,A,PC,T,Y15-64,TOTAL,RO,2022-01-01,63.1,,
ESTAT:LFSA_ERGAN(1.0),17/04/26 11:00:00,A,PC,T,Y15-64,TOTAL,RS,2022-01-01,63.9,,
ESTAT:LFSA_ERGAN(1.0),17/04/26 11:00:00,A,PC,T,Y15-64,TOTAL,SE,2022-01-01,77.0,,
ESTAT:LFSA_ERGAN(1.0),17/04/26 11:00:00,A,PC,T,Y15-64,TOTAL,SI,2022-01-01,73.1,,
ESTAT:LFSA_ERGAN(1.0),17/04/26 11:00:00,A,PC,T,Y15-64,TOTAL,SK,2022-01-01,71.3,,
ESTAT:LFSA_ERGAN(1.0),17/04/26 11:00:00,A,PC,T,Y15-64,TOTAL,TR,2022-01-01,52.8,,
ESTAT:LFSA_ERGAN(1.0),17/04/26 11:00:00,A,PC,T,Y15-74,TOTAL,AT,2022-01-01,65.4,,
ESTAT:LFSA_ERGAN(1.0),17/04/26 11:00:00,A,PC,T,Y15-74,TOTAL,BA,2022-01-01,43.3,,
ESTAT:LFSA_ERGAN(1.0),17/04/26 11:00:00,A,PC,T,Y15-74,TOTAL,BE,2022-01-01,58.0,,
ESTAT:LFSA_ERGAN(1.0),17/04/26 11:00:00,A,PC,T,Y15-74,TOTAL,BG,2022-01-01,59.9,,
ESTAT:LFSA_ERGAN(1.0),17/04/26 11:00:00,A,PC,T,Y15-74,TOTAL,CH,2022-01-01,71.9,,
ESTAT:LFSA_ERGAN(1.0),17/04/26 11:00:00,A,PC,T,Y15-74,TOTAL,CY,2022-01-01,66.6,,
ESTAT:LFSA_ERGAN(1.0),17/04/26 11:00:00,A,PC,T,Y15-74,TOTAL,CZ,2022-01-01,65.1,,
ESTAT:LFSA_ERGAN(1.0),17/04/26 11:00:00,A,PC,T,Y15-74,TOTAL,DE,2022-01-01,67.5,,
ESTAT:LFSA_ERGAN(1.0),17/04/26 11:00:00,A,PC,T,Y15-74,TOTAL,DK,2022-01-01,68.2,,
ESTAT:LFSA_ERGAN(1.0),17/04/26 11:00:00,A,PC,T,Y15-74,TOTAL,EA21,2022-01-01,60.5,,
ESTAT:LFSA_ERGAN(1.0),17/04/26 11:00:00,A,PC,T,Y15-74,TOTAL,EE,2022-01-01,69.2,,
ESTAT:LFSA_ERGAN(1.0),17/04/26 11:00:00,A,PC,T,Y15-74,TOTAL,EL,2022-01-01,52.8,,
ESTAT:LFSA_ERGAN(1.0),17/04/26 11:00:00,A,PC,T,Y15-74,TOTAL,ES,2022-01-01,56.4,d,
ESTAT:LFSA_ERGAN(1.0),17/04/26 11:00:00,A,PC,T,Y15-74,TOTAL,EU27_2020,2022-01-01,60.8,,
ESTAT:LFSA_ERGAN(1.0),17/04/26 11:00:00,A,PC,T,Y15-74,TOTAL,FI,2022-01-01,63.9,,
ESTAT:LFSA_ERGAN(1.0),17/04/26 11:00:00,A,PC,T,Y15-74,TOTAL,FR,2022-01-01,58.6,d,
ESTAT:LFSA_ERGAN(1.0),17/04/26 11:00:00,A,PC,T,Y15-74,TOTAL,HR,2022-01-01,54.8,,
ESTAT:LFSA_ERGAN(1.0),17/04/26 11:00:00,A,PC,T,Y15-74,TOTAL,HU,2022-01-01,64.2,,
ESTAT:LFSA_ERGAN(1.0),17/04/26 11:00:00,A,PC,T,Y15-74,TOTAL,IE,2022-01-01,67.1,,
ESTAT:LFSA_ERGAN(1.0),17/04/26 11:00:00,A,PC,T,Y15-74,TOTAL,IS,2022-01-01,77.1,,
ESTAT:LFSA_ERGAN(1.0),17/04/26 11:00:00,A,PC,T,Y15-74,TOTAL,IT,2022-01-01,52.2,,
ESTAT:LFSA_ERGAN(1.0),17/04/26 11:00:00,A,PC,T,Y15-74,TOTAL,LT,2022-01-01,66.2,,
ESTAT:LFSA_ERGAN(1.0),17/04/26 11:00:00,A,PC,T,Y15-74,TOTAL,LU,2022-01-01,63.5,,
ESTAT:LFSA_ERGAN(1.0),17/04/26 11:00:00,A,PC,T,Y15-74,TOTAL,LV,2022-01-01,63.9,,
ESTAT:LFSA_ERGAN(1.0),17/04/26 11:00:00,A,PC,T,Y15-74,TOTAL,MK,2022-01-01,49.1,,
ESTAT:LFSA_ERGAN(1.0),17/04/26 11:00:00,A,PC,T,Y15-74,TOTAL,MT,2022-01-01,67.8,,
ESTAT:LFSA_ERGAN(1.0),17/04/26 11:00:00,A,PC,T,Y15-74,TOTAL,NL,2022-01-01,72.2,,
ESTAT:LFSA_ERGAN(1.0),17/04/26 11:00:00,A,PC,T,Y15-74,TOTAL,NO,2022-01-01,70.3,,
ESTAT:LFSA_ERGAN(1.0),17/04/26 11:00:00,A,PC,T,Y15-74,TOTAL,PL,2022-01-01,61.2,,
ESTAT:LFSA_ERGAN(1.0),17/04/26 11:00:00,A,PC,T,Y15-74,TOTAL,PT,2022-01-01,62.1,,
ESTAT:LFSA_ERGAN(1.0),17/04/26 11:00:00,A,PC,T,Y15-74,TOTAL,RO,2022-01-01,54.0,,
ESTAT:LFSA_ERGAN(1.0),17/04/26 11:00:00,A,PC,T,Y15-74,TOTAL,RS,2022-01-01,54.3,,
ESTAT:LFSA_ERGAN(1.0),17/04/26 11:00:00,A,PC,T,Y15-74,TOTAL,SE,2022-01-01,68.8,,
ESTAT:LFSA_ERGAN(1.0),17/04/26 11:00:00,A,PC,T,Y15-74,TOTAL,SI,2022-01-01,62.6,,
ESTAT:LFSA_ERGAN(1.0),17/04/26 11:00:00,A,PC,T,Y15-74,TOTAL,SK,2022-01-01,62.2,,
ESTAT:LFSA_ERGAN(1.0),17/04/26 11:00:00,A,PC,T,Y15-74,TOTAL,TR,2022-01-01,49.6,,
ESTAT:LFSA_ERGAN(1.0),17/04/26 11:00:00,A,PC,T,Y20-64,TOTAL,AT,2022-01-01,77.3,,
ESTAT:LFSA_ERGAN(1.0),17/04/26 11:00:00,A,PC,T,Y20-64,TOTAL,BA,2022-01-01,53.9,,
ESTAT:LFSA_ERGAN(1.0),17/04/26 11:00:00,A,PC,T,Y20-64,TOTAL,BE,2022-01-01,71.9,,
ESTAT:LFSA_ERGAN(1.0),17/04/26 11:00:00,A,PC,T,Y20-64,TOTAL,BG,2022-01-01,75.9,,
ESTAT:LFSA_ERGAN(1.0),17/04/26 11:00:00,A,PC,T,Y20-64,TOTAL,CH,2022-01-01,82.4,,
ESTAT:LFSA_ERGAN(1.0),17/04/26 11:00:00,A,PC,T,Y20-64,TOTAL,CY,2022-01-01,78.6,,
ESTAT:LFSA_ERGAN(1.0),17/04/26 11:00:00,A,PC,T,Y20-64,TOTAL,CZ,2022-01-01,81.3,,
ESTAT:LFSA_ERGAN(1.0),17/04/26 11:00:00,A,PC,T,Y20-64,TOTAL,DE,2022-01-01,80.8,,
ESTAT:LFSA_ERGAN(1.0),17/04/26 11:00:00,A,PC,T,Y20-64,TOTAL,DK,2022-01-01,80.1,,
ESTAT:LFSA_ERGAN(1.0),17/04/26 11:00:00,A,PC,T,Y20-64,TOTAL,EA21,2022-01-01,74.0,,
ESTAT:LFSA_ERGAN(1.0),17/04/26 11:00:00,A,PC,T,Y20-64,TOTAL,EE,2022-01-01,81.9,,
ESTAT:LFSA_ERGAN(1.0),17/04/26 11:00:00,A,PC,T,Y20-64,TOTAL,EL,2022-01-01,66.3,,
ESTAT:LFSA_ERGAN(1.0),17/04/26 11:00:00,A,PC,T,Y20-64,TOTAL,ES,2022-01-01,69.3,d,
ESTAT:LFSA_ERGAN(1.0),17/04/26 11:00:00,A,PC,T,Y20-64,TOTAL,EU27_2020,2022-01-01,74.6,,
ESTAT:LFSA_ERGAN(1.0),17/04/26 11:00:00,A,PC,T,Y20-64,TOTAL,FI,2022-01-01,78.4,,
ESTAT:LFSA_ERGAN(1.0),17/04/26 11:00:00,A,PC,T,Y20-64,TOTAL,FR,2022-01-01,74.0,d,
ESTAT:LFSA_ERGAN(1.0),17/04/26 11:00:00,A,PC,T,Y20-64,TOTAL,HR,2022-01-01,70.2,,
ESTAT:LFSA_ERGAN(1.0),17/04/26 11:00:00,A,PC,T,Y20-64,TOTAL,HU,2022-01-01,80.3,,
ESTAT:LFSA_ERGAN(1.0),17/04/26 11:00:00,A,PC,T,Y20-64,TOTAL,IE,2022-01-01,78.2,,
ESTAT:LFSA_ERGAN(1.0),17/04/26 11:00:00,A,PC,T,Y20-64,TOTAL,IS,2022-01-01,84.8,,
ESTAT:LFSA_ERGAN(1.0),17/04/26 11:00:00,A,PC,T,Y20-64,TOTAL,IT,2022-01-01,64.8,,
ESTAT:LFSA_ERGAN(1.0),17/04/26 11:00:00,A,PC,T,Y20-64,TOTAL,LT,2022-01-01,79.0,,
ESTAT:LFSA_ERGAN(1.0),17/04/26 11:00:00,A,PC,T,Y20-64,TOTAL,LU,2022-01-01,74.8,,
ESTAT:LFSA_ERGAN(1.0),17/04/26 11:00:00,A,PC,T,Y20-64,TOTAL,LV,2022-01-01,77.0,,
ESTAT:LFSA_ERGAN(1.0),17/04/26 11:00:00,A,PC,T,Y20-64,TOTAL,MK,2022-01-01,61.8,,
ESTAT:LFSA_ERGAN(1.0),17/04/26 11:00:00,A,PC,T,Y20-64,TOTAL,MT,2022-01-01,80.1,,
ESTAT:LFSA_ERGAN(1.0),17/04/26 11:00:00,A,PC,T,Y20-64,TOTAL,NL,2022-01-01,82.9,,
ESTAT:LFSA_ERGAN(1.0),17/04/26 11:00:00,A,PC,T,Y20-64,TOTAL,NO,2022-01-01,80.9,,
ESTAT:LFSA_ERGAN(1.0),17/04/26 11:00:00,A,PC,T,Y20-64,TOTAL,PL,2022-01-01,76.7,,
ESTAT:LFSA_ERGAN(1.0),17/04/26 11:00:00,A,PC,T,Y20-64,TOTAL,PT,2022-01-01,77.1,,
ESTAT:LFSA_ERGAN(1.0),17/04/26 11:00:00,A,PC,T,Y20-64,TOTAL,RO,2022-01-01,68.5,,
ESTAT:LFSA_ERGAN(1.0),17/04/26 11:00:00,A,PC,T,Y20-64,TOTAL,RS,2022-01-01,68.8,,
ESTAT:LFSA_ERGAN(1.0),17/04/26 11:00:00,A,PC,T,Y20-64,TOTAL,SE,2022-01-01,82.0,,
ESTAT:LFSA_ERGAN(1.0),17/04/26 11:00:00,A,PC,T,Y20-64,TOTAL,SI,2022-01-01,77.9,,
ESTAT:LFSA_ERGAN(1.0),17/04/26 11:00:00,A,PC,T,Y20-64,TOTAL,SK,2022-01-01,76.7,,
ESTAT:LFSA_ERGAN(1.0),17/04/26 11:00:00,A,PC,T,Y20-64,TOTAL,TR,2022-01-01,56.5,,
ESTAT:LFSA_ERGAN(1.0),17/04/26 11:00:00,A,PC,F,Y15-64,TOTAL,AT,2023-01-01,70.3,,
ESTAT:LFSA_ERGAN(1.0),17/04/26 11:00:00,A,PC,F,Y15-64,TOTAL,BA,2023-01-01,39.1,,
ESTAT:LFSA_ERGAN(1.0),17/04/26 11:00:00,A,PC,F,Y15-64,TOTAL,BE,2023-01-01,63.3,,
ESTAT:LFSA_ERGAN(1.0),17/04/26 11:00:00,A,PC,F,Y15-64,TOTAL,BG,2023-01-01,67.4,,
ESTAT:LFSA_ERGAN(1.0),17/04/26 11:00:00,A,PC,F,Y15-64,TOTAL,CH,2023-01-01,76.8,,
ESTAT:LFSA_ERGAN(1.0),17/04/26 11:00:00,A,PC,F,Y15-64,TOTAL,CY,2023-01-01,71.4,,
ESTAT:LFSA_ERGAN(1.0),17/04/26 11:00:00,A,PC,F,Y15-64,TOTAL,CZ,2023-01-01,68.2,,
ESTAT:LFSA_ERGAN(1.0),17/04/26 11:00:00,A,PC,F,Y15-64,TOTAL,DE,2023-01-01,73.7,,
ESTAT:LFSA_ERGAN(1.0),17/04/26 11:00:00,A,PC,F,Y15-64,TOTAL,DK,2023-01-01,74.2,b,
ESTAT:LFSA_ERGAN(1.0),17/04/26 11:00:00,A,PC,F,Y15-64,TOTAL,EA21,2023-01-01,65.6,,
ESTAT:LFSA_ERGAN(1.0),17/04/26 11:00:00,A,PC,F,Y15-64,TOTAL,EE,2023-01-01,75.4,,
ESTAT:LFSA_ERGAN(1.0),17/04/26 11:00:00,A,PC,F,Y15-64,TOTAL,EL,2023-01-01,52.8,,
ESTAT:LFSA_ERGAN(1.0),17/04/26 11:00:00,A,PC,F,Y15-64,TOTAL,ES,2023-01-01,60.7,d,
ESTAT:LFSA_ERGAN(1.0),17/04/26 11:00:00,A,PC,F,Y15-64,TOTAL,EU27_2020,2023-01-01,65.7,,
ESTAT:LFSA_ERGAN(1.0),17/04/26 11:00:00,A,PC,F,Y15-64,TOTAL,FI,2023-01-01,74.1,,
ESTAT:LFSA_ERGAN(1.0),17/04/26 11:00:00,A,PC,F,Y15-64,TOTAL,FR,2023-01-01,66.0,d,
ESTAT:LFSA_ERGAN(1.0),17/04/26 11:00:00,A,PC,F,Y15-64,TOTAL,HR,2023-01-01,62.1,,
ESTAT:LFSA_ERGAN(1.0),17/04/26 11:00:00,A,PC,F,Y15-64,TOTAL,HU,2023-01-01,70.6,,
ESTAT:LFSA_ERGAN(1.0),17/04/26 11:00:00,A,PC,F,Y15-64,TOTAL,IE,2023-01-01,69.9,,
ESTAT:LFSA_ERGAN(1.0),17/04/26 11:00:00,A,PC,F,Y15-64,TOTAL,IS,2023-01-01,81.3,,
ESTAT:LFSA_ERGAN(1.0),17/04/26 11:00:00,A,PC,F,Y15-64,TOTAL,IT,2023-01-01,52.5,,
ESTAT:LFSA_ERGAN(1.0),17/04/26 11:00:00,A,PC,F,Y15-64,TOTAL,LT,2023-01-01,72.6,,
ESTAT:LFSA_ERGAN(1.0),17/04/26 11:00:00,A,PC,F,Y15-64,TOTAL,LU,2023-01-01,66.8,,
ESTAT:LFSA_ERGAN(1.0),17/04/26 11:00:00,A,PC,F,Y15-64,TOTAL,LV,2023-01-01,70.2,,
ESTAT:LFSA_ERGAN(1.0),17/04/26 11:00:00,A,PC,F,Y15-64,TOTAL,MK,2023-01-01,48.5,,
ESTAT:LFSA_ERGAN(1.0),17/04/26 11:00:00,A,PC,F,Y15-64,TOTAL,MT,2023-01-01,70.3,,
ESTAT:LFSA_ERGAN(1.0),17/04/26 11:00:00,A,PC,F,Y15-64,TOTAL,NL,2023-01-01,78.9,,
ESTAT:LFSA_ERGAN(1.0),17/04/26 11:00:00,A,PC,F,Y15-64,TOTAL,NO,2023-01-01,75.3,,
ESTAT:LFSA_ERGAN(1.0),17/04/26 11:00:00,A,PC,F,Y15-64,TOTAL,PL,2023-01-01,66.9,,
ESTAT:LFSA_ERGAN(1.0),17/04/26 11:00:00,A,PC,F,Y15-64,TOTAL,PT,2023-01-01,70.2,,
ESTAT:LFSA_ERGAN(1.0),17/04/26 11:00:00,A,PC,F,Y15-64,TOTAL,RO,2023-01-01,54.3,,
ESTAT:LFSA_ERGAN(1.0),17/04/26 11:00:00,A,PC,F,Y15-64,TOTAL,RS,2023-01-01,58.9,,
ESTAT:LFSA_ERGAN(1.0),17/04/26 11:00:00,A,PC,F,Y15-64,TOTAL,SE,2023-01-01,75.6,,
ESTAT:LFSA_ERGAN(1.0),17/04/26 11:00:00,A,PC,F,Y15-64,TOTAL,SI,2023-01-01,69.4,,
ESTAT:LFSA_ERGAN(1.0),17/04/26 11:00:00,A,PC,F,Y15-64,TOTAL,SK,2023-01-01,68.4,,
ESTAT:LFSA_ERGAN(1.0),17/04/26 11:00:00,A,PC,F,Y15-64,TOTAL,TR,2023-01-01,35.5,,
ESTAT:LFSA_ERGAN(1.0),17/04/26 11:00:00,A,PC,F,Y15-74,TOTAL,AT,2023-01-01,61.3,,
ESTAT:LFSA_ERGAN(1.0),17/04/26 11:00:00,A,PC,F,Y15-74,TOTAL,BA,2023-01-01,33.3,,
ESTAT:LFSA_ERGAN(1.0),17/04/26 11:00:00,A,PC,F,Y15-74,TOTAL,BE,2023-01-01,54.6,,
ESTAT:LFSA_ERGAN(1.0),17/04/26 11:00:00,A,PC,F,Y15-74,TOTAL,BG,2023-01-01,55.5,,
ESTAT:LFSA_ERGAN(1.0),17/04/26 11:00:00,A,PC,F,Y15-74,TOTAL,CH,2023-01-01,68.2,,
ESTAT:LFSA_ERGAN(1.0),17/04/26 11:00:00,A,PC,F,Y15-74,TOTAL,CY,2023-01-01,63.6,,
ESTAT:LFSA_ERGAN(1.0),17/04/26 11:00:00,A,PC,F,Y15-74,TOTAL,CZ,2023-01-01,57.7,,
ESTAT:LFSA_ERGAN(1.0),17/04/26 11:00:00,A,PC,F,Y15-74,TOTAL,DE,2023-01-01,63.8,,
ESTAT:LFSA_ERGAN(1.0),17/04/26 11:00:00,A,PC,F,Y15-74,TOTAL,DK,2023-01-01,65.1,b,
ESTAT:LFSA_ERGAN(1.0),17/04/26 11:00:00,A,PC,F,Y15-74,TOTAL,EA21,2023-01-01,56.5,,
ESTAT:LFSA_ERGAN(1.0),17/04/26 11:00:00,A,PC,F,Y15-74,TOTAL,EE,2023-01-01,67.0,,
ESTAT:LFSA_ERGAN(1.0),17/04/26 11:00:00,A,PC,F,Y15-74,TOTAL,EL,2023-01-01,45.3,,
ESTAT:LFSA_ERGAN(1.0),17/04/26 11:00:00,A,PC,F,Y15-74,TOTAL,ES,2023-01-01,52.7,d,
ESTAT:LFSA_ERGAN(1.0),17/04/26 11:00:00,A,PC,F,Y15-74,TOTAL,EU27_2020,2023-01-01,56.3,,
ESTAT:LFSA_ERGAN(1.0),17/04/26 11:00:00,A,PC,F,Y15-74,TOTAL,FI,2023-01-01,63.0,,
ESTAT:LFSA_ERGAN(1.0),17/04/26 11:00:00,A,PC,F,Y15-74,TOTAL,FR,2023-01-01,56.3,d,
ESTAT:LFSA_ERGAN(1.0),17/04/26 11:00:00,A,PC,F,Y15-74,TOTAL,HR,2023-01-01,51.2,,
ESTAT:LFSA_ERGAN(1.0),17/04/26 11:00:00,A,PC,F,Y15-74,TOTAL,HU,2023-01-01,59.3,,
ESTAT:LFSA_ERGAN(1.0),17/04/26 11:00:00,A,PC,F,Y15-74,TOTAL,IE,2023-01-01,63.4,,
ESTAT:LFSA_ERGAN(1.0),17/04/26 11:00:00,A,PC,F,Y15-74,TOTAL,IS,2023-01-01,74.2,,
ESTAT:LFSA_ERGAN(1.0),17/04/26 11:00:00,A,PC,F,Y15-74,TOTAL,IT,2023-01-01,45.0,,
ESTAT:LFSA_ERGAN(1.0),17/04/26 11:00:00,A,PC,F,Y15-74,TOTAL,LT,2023-01-01,63.5,,
ESTAT:LFSA_ERGAN(1.0),17/04/26 11:00:00,A,PC,F,Y15-74,TOTAL,LU,2023-01-01,60.3,,
ESTAT:LFSA_ERGAN(1.0),17/04/26 11:00:00,A,PC,F,Y15-74,TOTAL,LV,2023-01-01,61.6,,
ESTAT:LFSA_ERGAN(1.0),17/04/26 11:00:00,A,PC,F,Y15-74,TOTAL,MK,2023-01-01,41.3,,
ESTAT:LFSA_ERGAN(1.0),17/04/26 11:00:00,A,PC,F,Y15-74,TOTAL,MT,2023-01-01,61.3,,
ESTAT:LFSA_ERGAN(1.0),17/04/26 11:00:00,A,PC,F,Y15-74,TOTAL,NL,2023-01-01,68.9,,
ESTAT:LFSA_ERGAN(1.0),17/04/26 11:00:00,A,PC,F,Y15-74,TOTAL,NO,2023-01-01,67.3,,
ESTAT:LFSA_ERGAN(1.0),17/04/26 11:00:00,A,PC,F,Y15-74,TOTAL,PL,2023-01-01,55.5,,
ESTAT:LFSA_ERGAN(1.0),17/04/26 11:00:00,A,PC,F,Y15-74,TOTAL,PT,2023-01-01,60.2,,
ESTAT:LFSA_ERGAN(1.0),17/04/26 11:00:00,A,PC,F,Y15-74,TOTAL,RO,2023-01-01,44.8,,
ESTAT:LFSA_ERGAN(1.0),17/04/26 11:00:00,A,PC,F,Y15-74,TOTAL,RS,2023-01-01,49.1,,
ESTAT:LFSA_ERGAN(1.0),17/04/26 11:00:00,A,PC,F,Y15-74,TOTAL,SE,2023-01-01,67.0,,
ESTAT:LFSA_ERGAN(1.0),17/04/26 11:00:00,A,PC,F,Y15-74,TOTAL,SI,2023-01-01,58.8,,
ESTAT:LFSA_ERGAN(1.0),17/04/26 11:00:00,A,PC,F,Y15-74,TOTAL,SK,2023-01-01,58.3,,
ESTAT:LFSA_ERGAN(1.0),17/04/26 11:00:00,A,PC,F,Y15-74,TOTAL,TR,2023-01-01,33.0,,
ESTAT:LFSA_ERGAN(1.0),17/04/26 11:00:00,A,PC,F,Y20-64,TOTAL,AT,2023-01-01,73.3,,
ESTAT:LFSA_ERGAN(1.0),17/04/26 11:00:00,A,PC,F,Y20-64,TOTAL,BA,2023-01-01,42.1,,
ESTAT:LFSA_ERGAN(1.0),17/04/26 11:00:00,A,PC,F,Y20-64,TOTAL,BE,2023-01-01,68.3,,
ESTAT:LFSA_ERGAN(1.0),17/04/26 11:00:00,A,PC,F,Y20-64,TOTAL,BG,2023-01-01,72.6,,
ESTAT:LFSA_ERGAN(1.0),17/04/26 11:00:00,A,PC,F,Y20-64,TOTAL,CH,2023-01-01,79.2,,
ESTAT:LFSA_ERGAN(1.0),17/04/26 11:00:00,A,PC,F,Y20-64,TOTAL,CY,2023-01-01,75.2,,
ESTAT:LFSA_ERGAN(1.0),17/04/26 11:00:00,A,PC,F,Y20-64,TOTAL,CZ,2023-01-01,74.5,,
ESTAT:LFSA_ERGAN(1.0),17/04/26 11:00:00,A,PC,F,Y20-64,TOTAL,DE,2023-01-01,77.4,,
ESTAT:LFSA_ERGAN(1.0),17/04/26 11:00:00,A,PC,F,Y20-64,TOTAL,DK,2023-01-01,77.0,b,
ESTAT:LFSA_ERGAN(1.0),17/04/26 11:00:00,A,PC,F,Y20-64,TOTAL,EA21,2023-01-01,69.9,,
ESTAT:LFSA_ERGAN(1.0),17/04/26 11:00:00,A,PC,F,Y20-64,TOTAL,EE,2023-01-01,80.9,,
ESTAT:LFSA_ERGAN(1.0),17/04/26 11:00:00,A,PC,F,Y20-64,TOTAL,EL,2023-01-01,57.6,,
ESTAT:LFSA_ERGAN(1.0),17/04/26 11:00:00,A,PC,F,Y20-64,TOTAL,ES,2023-01-01,65.4,d,
ESTAT:LFSA_ERGAN(1.0),17/04/26 11:00:00,A,PC,F,Y20-64,TOTAL,EU27_2020,2023-01-01,70.2,,
ESTAT:LFSA_ERGAN(1.0),17/04/26 11:00:00,A,PC,F,Y20-64,TOTAL,FI,2023-01-01,78.1,,
ESTAT:LFSA_ERGAN(1.0),17/04/26 11:00:00,A,PC,F,Y20-64,TOTAL,FR,2023-01-01,71.7,d,
ESTAT:LFSA_ERGAN(1.0),17/04/26 11:00:00,A,PC,F,Y20-64,TOTAL,HR,2023-01-01,66.9,,
ESTAT:LFSA_ERGAN(1.0),17/04/26 11:00:00,A,PC,F,Y20-64,TOTAL,HU,2023-01-01,76.1,,
ESTAT:LFSA_ERGAN(1.0),17/04/26 11:00:00,A,PC,F,Y20-64,TOTAL,IE,2023-01-01,74.3,,
ESTAT:LFSA_ERGAN(1.0),17/04/26 11:00:00,A,PC,F,Y20-64,TOTAL,IS,2023-01-01,82.1,,
ESTAT:LFSA_ERGAN(1.0),17/04/26 11:00:00,A,PC,F,Y20-64,TOTAL,IT,2023-01-01,56.5,,
ESTAT:LFSA_ERGAN(1.0),17/04/26 11:00:00,A,PC,F,Y20-64,TOTAL,LT,2023-01-01,77.7,,
ESTAT:LFSA_ERGAN(1.0),17/04/26 11:00:00,A,PC,F,Y20-64,TOTAL,LU,2023-01-01,71.4,,
ESTAT:LFSA_ERGAN(1.0),17/04/26 11:00:00,A,PC,F,Y20-64,TOTAL,LV,2023-01-01,76.0,,
ESTAT:LFSA_ERGAN(1.0),17/04/26 11:00:00,A,PC,F,Y20-64,TOTAL,MK,2023-01-01,52.7,,
ESTAT:LFSA_ERGAN(1.0),17/04/26 11:00:00,A,PC,F,Y20-64,TOTAL,MT,2023-01-01,73.6,,
ESTAT:LFSA_ERGAN(1.0),17/04/26 11:00:00,A,PC,F,Y20-64,TOTAL,NL,2023-01-01,79.6,,
ESTAT:LFSA_ERGAN(1.0),17/04/26 11:00:00,A,PC,F,Y20-64,TOTAL,NO,2023-01-01,77.8,,
ESTAT:LFSA_ERGAN(1.0),17/04/26 11:00:00,A,PC,F,Y20-64,TOTAL,PL,2023-01-01,72.0,,
ESTAT:LFSA_ERGAN(1.0),17/04/26 11:00:00,A,PC,F,Y20-64,TOTAL,PT,2023-01-01,75.4,,
ESTAT:LFSA_ERGAN(1.0),17/04/26 11:00:00,A,PC,F,Y20-64,TOTAL,RO,2023-01-01,59.1,,
ESTAT:LFSA_ERGAN(1.0),17/04/26 11:00:00,A,PC,F,Y20-64,TOTAL,RS,2023-01-01,63.4,,
ESTAT:LFSA_ERGAN(1.0),17/04/26 11:00:00,A,PC,F,Y20-64,TOTAL,SE,2023-01-01,80.2,,
ESTAT:LFSA_ERGAN(1.0),17/04/26 11:00:00,A,PC,F,Y20-64,TOTAL,SI,2023-01-01,74.3,,
ESTAT:LFSA_ERGAN(1.0),17/04/26 11:00:00,A,PC,F,Y20-64,TOTAL,SK,2023-01-01,73.6,,
ESTAT:LFSA_ERGAN(1.0),17/04/26 11:00:00,A,PC,F,Y20-64,TOTAL,TR,2023-01-01,38.0,,
ESTAT:LFSA_ERGAN(1.0),17/04/26 11:00:00,A,PC,M,Y15-64,TOTAL,AT,2023-01-01,77.9,,
ESTAT:LFSA_ERGAN(1.0),17/04/26 11:00:00,A,PC,M,Y15-64,TOTAL,BA,2023-01-01,64.4,,
ESTAT:LFSA_ERGAN(1.0),17/04/26 11:00:00,A,PC,M,Y15-64,TOTAL,BE,2023-01-01,69.9,,
ESTAT:LFSA_ERGAN(1.0),17/04/26 11:00:00,A,PC,M,Y15-64,TOTAL,BG,2023-01-01,73.9,,
ESTAT:LFSA_ERGAN(1.0),17/04/26 11:00:00,A,PC,M,Y15-64,TOTAL,CH,2023-01-01,84.4,,
ESTAT:LFSA_ERGAN(1.0),17/04/26 11:00:00,A,PC,M,Y15-64,TOTAL,CY,2023-01-01,79.3,,
ESTAT:LFSA_ERGAN(1.0),17/04/26 11:00:00,A,PC,M,Y15-64,TOTAL,CZ,2023-01-01,81.6,,
ESTAT:LFSA_ERGAN(1.0),17/04/26 11:00:00,A,PC,M,Y15-64,TOTAL,DE,2023-01-01,80.7,,
ESTAT:LFSA_ERGAN(1.0),17/04/26 11:00:00,A,PC,M,Y15-64,TOTAL,DK,2023-01-01,78.9,b,
ESTAT:LFSA_ERGAN(1.0),17/04/26 11:00:00,A,PC,M,Y15-64,TOTAL,EA21,2023-01-01,74.5,,
ESTAT:LFSA_ERGAN(1.0),17/04/26 11:00:00,A,PC,M,Y15-64,TOTAL,EE,2023-01-01,77.1,,
ESTAT:LFSA_ERGAN(1.0),17/04/26 11:00:00,A,PC,M,Y15-64,TOTAL,EL,2023-01-01,70.8,,
ESTAT:LFSA_ERGAN(1.0),17/04/26 11:00:00,A,PC,M,Y15-64,TOTAL,ES,2023-01-01,70.0,d,
ESTAT:LFSA_ERGAN(1.0),17/04/26 11:00:00,A,PC,M,Y15-64,TOTAL,EU27_2020,2023-01-01,75.1,,
ESTAT:LFSA_ERGAN(1.0),17/04/26 11:00:00,A,PC,M,Y15-64,TOTAL,FI,2023-01-01,73.9,,
ESTAT:LFSA_ERGAN(1.0),17/04/26 11:00:00,A,PC,M,Y15-64,TOTAL,FR,2023-01-01,71.0,d,
ESTAT:LFSA_ERGAN(1.0),17/04/26 11:00:00,A,PC,M,Y15-64,TOTAL,HR,2023-01-01,69.4,,
ESTAT:LFSA_ERGAN(1.0),17/04/26 11:00:00,A,PC,M,Y15-64,TOTAL,HU,2023-01-01,79.2,,
ESTAT:LFSA_ERGAN(1.0),17/04/26 11:00:00,A,PC,M,Y15-64,TOTAL,IE,2023-01-01,78.2,,
ESTAT:LFSA_ERGAN(1.0),17/04/26 11:00:00,A,PC,M,Y15-64,TOTAL,IS,2023-01-01,85.9,,
ESTAT:LFSA_ERGAN(1.0),17/04/26 11:00:00,A,PC,M,Y15-64,TOTAL,IT,2023-01-01,70.4,,
ESTAT:LFSA_ERGAN(1.0),17/04/26 11:00:00,A,PC,M,Y15-64,TOTAL,LT,2023-01-01,73.7,,
ESTAT:LFSA_ERGAN(1.0),17/04/26 11:00:00,A,PC,M,Y15-64,TOTAL,LU,2023-01-01,73.6,,
ESTAT:LFSA_ERGAN(1.0),17/04/26 11:00:00,A,PC,M,Y15-64,TOTAL,LV,2023-01-01,72.7,,
ESTAT:LFSA_ERGAN(1.0),17/04/26 11:00:00,A,PC,M,Y15-64,TOTAL,MK,2023-01-01,65.0,,
ESTAT:LFSA_ERGAN(1.0),17/04/26 11:00:00,A,PC,M,Y15-64,TOTAL,MT,2023-01-01,84.1,,
ESTAT:LFSA_ERGAN(1.0),17/04/26 11:00:00,A,PC,M,Y15-64,TOTAL,NL,2023-01-01,86.0,,
ESTAT:LFSA_ERGAN(1.0),17/04/26 11:00:00,A,PC,M,Y15-64,TOTAL,NO,2023-01-01,79.4,,
ESTAT:LFSA_ERGAN(1.0),17/04/26 11:00:00,A,PC,M,Y15-64,TOTAL,PL,2023-01-01,77.8,,
ESTAT:LFSA_ERGAN(1.0),17/04/26 11:00:00,A,PC,M,Y15-64,TOTAL,PT,2023-01-01,74.7,,
ESTAT:LFSA_ERGAN(1.0),17/04/26 11:00:00,A,PC,M,Y15-64,TOTAL,RO,2023-01-01,71.7,,
ESTAT:LFSA_ERGAN(1.0),17/04/26 11:00:00,A,PC,M,Y15-64,TOTAL,RS,2023-01-01,70.5,,
ESTAT:LFSA_ERGAN(1.0),17/04/26 11:00:00,A,PC,M,Y15-64,TOTAL,SE,2023-01-01,79.1,,
ESTAT:LFSA_ERGAN(1.0),17/04/26 11:00:00,A,PC,M,Y15-64,TOTAL,SI,2023-01-01,75.4,,
ESTAT:LFSA_ERGAN(1.0),17/04/26 11:00:00,A,PC,M,Y15-64,TOTAL,SK,2023-01-01,75.5,,
ESTAT:LFSA_ERGAN(1.0),17/04/26 11:00:00,A,PC,M,Y15-64,TOTAL,TR,2023-01-01,71.9,,
ESTAT:LFSA_ERGAN(1.0),17/04/26 11:00:00,A,PC,M,Y15-74,TOTAL,AT,2023-01-01,69.6,,
ESTAT:LFSA_ERGAN(1.0),17/04/26 11:00:00,A,PC,M,Y15-74,TOTAL,BA,2023-01-01,56.6,,
ESTAT:LFSA_ERGAN(1.0),17/04/26 11:00:00,A,PC,M,Y15-74,TOTAL,BE,2023-01-01,61.4,,
ESTAT:LFSA_ERGAN(1.0),17/04/26 11:00:00,A,PC,M,Y15-74,TOTAL,BG,2023-01-01,64.9,,
ESTAT:LFSA_ERGAN(1.0),17/04/26 11:00:00,A,PC,M,Y15-74,TOTAL,CH,2023-01-01,76.9,,
ESTAT:LFSA_ERGAN(1.0),17/04/26 11:00:00,A,PC,M,Y15-74,TOTAL,CY,2023-01-01,71.6,,
ESTAT:LFSA_ERGAN(1.0),17/04/26 11:00:00,A,PC,M,Y15-74,TOTAL,CZ,2023-01-01,72.0,,
ESTAT:LFSA_ERGAN(1.0),17/04/26 11:00:00,A,PC,M,Y15-74,TOTAL,DE,2023-01-01,71.7,,
ESTAT:LFSA_ERGAN(1.0),17/04/26 11:00:00,A,PC,M,Y15-74,TOTAL,DK,2023-01-01,71.7,b,
ESTAT:LFSA_ERGAN(1.0),17/04/26 11:00:00,A,PC,M,Y15-74,TOTAL,EA21,2023-01-01,65.8,,
ESTAT:LFSA_ERGAN(1.0),17/04/26 11:00:00,A,PC,M,Y15-74,TOTAL,EE,2023-01-01,71.5,,
ESTAT:LFSA_ERGAN(1.0),17/04/26 11:00:00,A,PC,M,Y15-74,TOTAL,EL,2023-01-01,62.3,,
ESTAT:LFSA_ERGAN(1.0),17/04/26 11:00:00,A,PC,M,Y15-74,TOTAL,ES,2023-01-01,62.0,d,
ESTAT:LFSA_ERGAN(1.0),17/04/26 11:00:00,A,PC,M,Y15-74,TOTAL,EU27_2020,2023-01-01,66.4,,
ESTAT:LFSA_ERGAN(1.0),17/04/26 11:00:00,A,PC,M,Y15-74,TOTAL,FI,2023-01-01,64.9,,
ESTAT:LFSA_ERGAN(1.0),17/04/26 11:00:00,A,PC,M,Y15-74,TOTAL,FR,2023-01-01,61.7,d,
ESTAT:LFSA_ERGAN(1.0),17/04/26 11:00:00,A,PC,M,Y15-74,TOTAL,HR,2023-01-01,59.5,,
ESTAT:LFSA_ERGAN(1.0),17/04/26 11:00:00,A,PC,M,Y15-74,TOTAL,HU,2023-01-01,70.5,,
ESTAT:LFSA_ERGAN(1.0),17/04/26 11:00:00,A,PC,M,Y15-74,TOTAL,IE,2023-01-01,72.5,,
ESTAT:LFSA_ERGAN(1.0),17/04/26 11:00:00,A,PC,M,Y15-74,TOTAL,IS,2023-01-01,81.1,,
ESTAT:LFSA_ERGAN(1.0),17/04/26 11:00:00,A,PC,M,Y15-74,TOTAL,IT,2023-01-01,61.9,,
ESTAT:LFSA_ERGAN(1.0),17/04/26 11:00:00,A,PC,M,Y15-74,TOTAL,LT,2023-01-01,67.9,,
ESTAT:LFSA_ERGAN(1.0),17/04/26 11:00:00,A,PC,M,Y15-74,TOTAL,LU,2023-01-01,67.3,,
ESTAT:LFSA_ERGAN(1.0),17/04/26 11:00:00,A,PC,M,Y15-74,TOTAL,LV,2023-01-01,67.1,,
ESTAT:LFSA_ERGAN(1.0),17/04/26 11:00:00,A,PC,M,Y15-74,TOTAL,MK,2023-01-01,56.7,,
ESTAT:LFSA_ERGAN(1.0),17/04/26 11:00:00,A,PC,M,Y15-74,TOTAL,MT,2023-01-01,76.0,,
ESTAT:LFSA_ERGAN(1.0),17/04/26 11:00:00,A,PC,M,Y15-74,TOTAL,NL,2023-01-01,77.2,,
ESTAT:LFSA_ERGAN(1.0),17/04/26 11:00:00,A,PC,M,Y15-74,TOTAL,NO,2023-01-01,72.9,,
ESTAT:LFSA_ERGAN(1.0),17/04/26 11:00:00,A,PC,M,Y15-74,TOTAL,PL,2023-01-01,68.5,,
ESTAT:LFSA_ERGAN(1.0),17/04/26 11:00:00,A,PC,M,Y15-74,TOTAL,PT,2023-01-01,66.1,,
ESTAT:LFSA_ERGAN(1.0),17/04/26 11:00:00,A,PC,M,Y15-74,TOTAL,RO,2023-01-01,62.4,,
ESTAT:LFSA_ERGAN(1.0),17/04/26 11:00:00,A,PC,M,Y15-74,TOTAL,RS,2023-01-01,61.5,,
ESTAT:LFSA_ERGAN(1.0),17/04/26 11:00:00,A,PC,M,Y15-74,TOTAL,SE,2023-01-01,71.8,,
ESTAT:LFSA_ERGAN(1.0),17/04/26 11:00:00,A,PC,M,Y15-74,TOTAL,SI,2023-01-01,66.1,,
ESTAT:LFSA_ERGAN(1.0),17/04/26 11:00:00,A,PC,M,Y15-74,TOTAL,SK,2023-01-01,67.0,,
ESTAT:LFSA_ERGAN(1.0),17/04/26 11:00:00,A,PC,M,Y15-74,TOTAL,TR,2023-01-01,68.0,,
ESTAT:LFSA_ERGAN(1.0),17/04/26 11:00:00,A,PC,M,Y20-64,TOTAL,AT,2023-01-01,81.1,,
ESTAT:LFSA_ERGAN(1.0),17/04/26 11:00:00,A,PC,M,Y20-64,TOTAL,BA,2023-01-01,69.5,,
ESTAT:LFSA_ERGAN(1.0),17/04/26 11:00:00,A,PC,M,Y20-64,TOTAL,BE,2023-01-01,75.9,,
ESTAT:LFSA_ERGAN(1.0),17/04/26 11:00:00,A,PC,M,Y20-64,TOTAL,BG,2023-01-01,79.9,,
ESTAT:LFSA_ERGAN(1.0),17/04/26 11:00:00,A,PC,M,Y20-64,TOTAL,CH,2023-01-01,86.9,,
ESTAT:LFSA_ERGAN(1.0),17/04/26 11:00:00,A,PC,M,Y20-64,TOTAL,CY,2023-01-01,84.2,,
ESTAT:LFSA_ERGAN(1.0),17/04/26 11:00:00,A,PC,M,Y20-64,TOTAL,CZ,2023-01-01,88.4,,
ESTAT:LFSA_ERGAN(1.0),17/04/26 11:00:00,A,PC,M,Y20-64,TOTAL,DE,2023-01-01,84.8,,
ESTAT:LFSA_ERGAN(1.0),17/04/26 11:00:00,A,PC,M,Y20-64,TOTAL,DK,2023-01-01,82.6,b,
ESTAT:LFSA_ERGAN(1.0),17/04/26 11:00:00,A,PC,M,Y20-64,TOTAL,EA21,2023-01-01,79.6,,
ESTAT:LFSA_ERGAN(1.0),17/04/26 11:00:00,A,PC,M,Y20-64,TOTAL,EE,2023-01-01,83.3,,
ESTAT:LFSA_ERGAN(1.0),17/04/26 11:00:00,A,PC,M,Y20-64,TOTAL,EL,2023-01-01,77.4,,
ESTAT:LFSA_ERGAN(1.0),17/04/26 11:00:00,A,PC,M,Y20-64,TOTAL,ES,2023-01-01,75.7,d,
ESTAT:LFSA_ERGAN(1.0),17/04/26 11:00:00,A,PC,M,Y20-64,TOTAL,EU27_2020,2023-01-01,80.4,,
ESTAT:LFSA_ERGAN(1.0),17/04/26 11:00:00,A,PC,M,Y20-64,TOTAL,FI,2023-01-01,78.3,,
ESTAT:LFSA_ERGAN(1.0),17/04/26 11:00:00,A,PC,M,Y20-64,TOTAL,FR,2023-01-01,77.2,d,
ESTAT:LFSA_ERGAN(1.0),17/04/26 11:00:00,A,PC,M,Y20-64,TOTAL,HR,2023-01-01,74.6,,
ESTAT:LFSA_ERGAN(1.0),17/04/26 11:00:00,A,PC,M,Y20-64,TOTAL,HU,2023-01-01,85.2,,
ESTAT:LFSA_ERGAN(1.0),17/04/26 11:00:00,A,PC,M,Y20-64,TOTAL,IE,2023-01-01,84.2,,
ESTAT:LFSA_ERGAN(1.0),17/04/26 11:00:00,A,PC,M,Y20-64,TOTAL,IS,2023-01-01,88.2,,
ESTAT:LFSA_ERGAN(1.0),17/04/26 11:00:00,A,PC,M,Y20-64,TOTAL,IT,2023-01-01,76.0,,
ESTAT:LFSA_ERGAN(1.0),17/04/26 11:00:00,A,PC,M,Y20-64,TOTAL,LT,2023-01-01,79.2,,
ESTAT:LFSA_ERGAN(1.0),17/04/26 11:00:00,A,PC,M,Y20-64,TOTAL,LU,2023-01-01,78.2,,
ESTAT:LFSA_ERGAN(1.0),17/04/26 11:00:00,A,PC,M,Y20-64,TOTAL,LV,2023-01-01,79.1,,
ESTAT:LFSA_ERGAN(1.0),17/04/26 11:00:00,A,PC,M,Y20-64,TOTAL,MK,2023-01-01,70.7,,
ESTAT:LFSA_ERGAN(1.0),17/04/26 11:00:00,A,PC,M,Y20-64,TOTAL,MT,2023-01-01,87.7,,
ESTAT:LFSA_ERGAN(1.0),17/04/26 11:00:00,A,PC,M,Y20-64,TOTAL,NL,2023-01-01,87.4,,
ESTAT:LFSA_ERGAN(1.0),17/04/26 11:00:00,A,PC,M,Y20-64,TOTAL,NO,2023-01-01,82.8,,
ESTAT:LFSA_ERGAN(1.0),17/04/26 11:00:00,A,PC,M,Y20-64,TOTAL,PL,2023-01-01,83.8,,
ESTAT:LFSA_ERGAN(1.0),17/04/26 11:00:00,A,PC,M,Y20-64,TOTAL,PT,2023-01-01,80.9,,
ESTAT:LFSA_ERGAN(1.0),17/04/26 11:00:00,A,PC,M,Y20-64,TOTAL,RO,2023-01-01,78.2,,
ESTAT:LFSA_ERGAN(1.0),17/04/26 11:00:00,A,PC,M,Y20-64,TOTAL,RS,2023-01-01,75.9,,
ESTAT:LFSA_ERGAN(1.0),17/04/26 11:00:00,A,PC,M,Y20-64,TOTAL,SE,2023-01-01,84.9,,
ESTAT:LFSA_ERGAN(1.0),17/04/26 11:00:00,A,PC,M,Y20-64,TOTAL,SI,2023-01-01,80.4,,
ESTAT:LFSA_ERGAN(1.0),17/04/26 11:00:00,A,PC,M,Y20-64,TOTAL,SK,2023-01-01,81.3,,
ESTAT:LFSA_ERGAN(1.0),17/04/26 11:00:00,A,PC,M,Y20-64,TOTAL,TR,2023-01-01,76.5,,
ESTAT:LFSA_ERGAN(1.0),17/04/26 11:00:00,A,PC,T,Y15-64,TOTAL,AT,2023-01-01,74.1,,
ESTAT:LFSA_ERGAN(1.0),17/04/26 11:00:00,A,PC,T,Y15-64,TOTAL,BA,2023-01-01,51.8,,
ESTAT:LFSA_ERGAN(1.0),17/04/26 11:00:00,A,PC,T,Y15-64,TOTAL,BE,2023-01-01,66.6,,
ESTAT:LFSA_ERGAN(1.0),17/04/26 11:00:00,A,PC,T,Y15-64,TOTAL,BG,2023-01-01,70.7,,
ESTAT:LFSA_ERGAN(1.0),17/04/26 11:00:00,A,PC,T,Y15-64,TOTAL,CH,2023-01-01,80.7,,
ESTAT:LFSA_ERGAN(1.0),17/04/26 11:00:00,A,PC,T,Y15-64,TOTAL,CY,2023-01-01,75.2,,
ESTAT:LFSA_ERGAN(1.0),17/04/26 11:00:00,A,PC,T,Y15-64,TOTAL,CZ,2023-01-01,75.1,,
ESTAT:LFSA_ERGAN(1.0),17/04/26 11:00:00,A,PC,T,Y15-64,TOTAL,DE,2023-01-01,77.3,,
ESTAT:LFSA_ERGAN(1.0),17/04/26 11:00:00,A,PC,T,Y15-64,TOTAL,DK,2023-01-01,76.6,b,
ESTAT:LFSA_ERGAN(1.0),17/04/26 11:00:00,A,PC,T,Y15-64,TOTAL,EA21,2023-01-01,70.0,,
ESTAT:LFSA_ERGAN(1.0),17/04/26 11:00:00,A,PC,T,Y15-64,TOTAL,EE,2023-01-01,76.2,,
ESTAT:LFSA_ERGAN(1.0),17/04/26 11:00:00,A,PC,T,Y15-64,TOTAL,EL,2023-01-01,61.8,,
ESTAT:LFSA_ERGAN(1.0),17/04/26 11:00:00,A,PC,T,Y15-64,TOTAL,ES,2023-01-01,65.3,d,
ESTAT:LFSA_ERGAN(1.0),17/04/26 11:00:00,A,PC,T,Y15-64,TOTAL,EU27_2020,2023-01-01,70.4,,
ESTAT:LFSA_ERGAN(1.0),17/04/26 11:00:00,A,PC,T,Y15-64,TOTAL,FI,2023-01-01,74.0,,
ESTAT:LFSA_ERGAN(1.0),17/04/26 11:00:00,A,PC,T,Y15-64,TOTAL,FR,2023-01-01,68.4,d,
ESTAT:LFSA_ERGAN(1.0),17/04/26 11:00:00,A,PC,T,Y15-64,TOTAL,HR,2023-01-01,65.8,,
ESTAT:LFSA_ERGAN(1.0),17/04/26 11:00:00,A,PC,T,Y15-64,TOTAL,HU,2023-01-01,74.9,,
ESTAT:LFSA_ERGAN(1.0),17/04/26 11:00:00,A,PC,T,Y15-64,TOTAL,IE,2023-01-01,74.0,,
ESTAT:LFSA_ERGAN(1.0),17/04/26 11:00:00,A,PC,T,Y15-64,TOTAL,IS,2023-01-01,83.7,,
ESTAT:LFSA_ERGAN(1.0),17/04/26 11:00:00,A,PC,T,Y15-64,TOTAL,IT,2023-01-01,61.5,,
ESTAT:LFSA_ERGAN(1.0),17/04/26 11:00:00,A,PC,T,Y15-64,TOTAL,LT,2023-01-01,73.2,,
ESTAT:LFSA_ERGAN(1.0),17/04/26 11:00:00,A,PC,T,Y15-64,TOTAL,LU,2023-01-01,70.3,,
ESTAT:LFSA_ERGAN(1.0),17/04/26 11:00:00,A,PC,T,Y15-64,TOTAL,LV,2023-01-01,71.4,,
ESTAT:LFSA_ERGAN(1.0),17/04/26 11:00:00,A,PC,T,Y15-64,TOTAL,MK,2023-01-01,56.8,,
ESTAT:LFSA_ERGAN(1.0),17/04/26 11:00:00,A,PC,T,Y15-64,TOTAL,MT,2023-01-01,77.8,,
ESTAT:LFSA_ERGAN(1.0),17/04/26 11:00:00,A,PC,T,Y15-64,TOTAL,NL,2023-01-01,82.4,,
ESTAT:LFSA_ERGAN(1.0),17/04/26 11:00:00,A,PC,T,Y15-64,TOTAL,NO,2023-01-01,77.4,,
ESTAT:LFSA_ERGAN(1.0),17/04/26 11:00:00,A,PC,T,Y15-64,TOTAL,PL,2023-01-01,72.4,,
ESTAT:LFSA_ERGAN(1.0),17/04/26 11:00:00,A,PC,T,Y15-64,TOTAL,PT,2023-01-01,72.4,,
ESTAT:LFSA_ERGAN(1.0),17/04/26 11:00:00,A,PC,T,Y15-64,TOTAL,RO,2023-01-01,63.0,,
ESTAT:LFSA_ERGAN(1.0),17/04/26 11:00:00,A,PC,T,Y15-64,TOTAL,RS,2023-01-01,64.7,,
ESTAT:LFSA_ERGAN(1.0),17/04/26 11:00:00,A,PC,T,Y15-64,TOTAL,SE,2023-01-01,77.4,,
ESTAT:LFSA_ERGAN(1.0),17/04/26 11:00:00,A,PC,T,Y15-64,TOTAL,SI,2023-01-01,72.5,,
ESTAT:LFSA_ERGAN(1.0),17/04/26 11:00:00,A,PC,T,Y15-64,TOTAL,SK,2023-01-01,72.0,,
ESTAT:LFSA_ERGAN(1.0),17/04/26 11:00:00,A,PC,T,Y15-64,TOTAL,TR,2023-01-01,53.8,,
ESTAT:LFSA_ERGAN(1.0),17/04/26 11:00:00,A,PC,T,Y15-74,TOTAL,AT,2023-01-01,65.4,,
ESTAT:LFSA_ERGAN(1.0),17/04/26 11:00:00,A,PC,T,Y15-74,TOTAL,BA,2023-01-01,44.8,,
ESTAT:LFSA_ERGAN(1.0),17/04/26 11:00:00,A,PC,T,Y15-74,TOTAL,BE,2023-01-01,58.0,,
ESTAT:LFSA_ERGAN(1.0),17/04/26 11:00:00,A,PC,T,Y15-74,TOTAL,BG,2023-01-01,60.1,,
ESTAT:LFSA_ERGAN(1.0),17/04/26 11:00:00,A,PC,T,Y15-74,TOTAL,CH,2023-01-01,72.6,,
ESTAT:LFSA_ERGAN(1.0),17/04/26 11:00:00,A,PC,T,Y15-74,TOTAL,CY,2023-01-01,67.5,,
ESTAT:LFSA_ERGAN(1.0),17/04/26 11:00:00,A,PC,T,Y15-74,TOTAL,CZ,2023-01-01,64.9,,
ESTAT:LFSA_ERGAN(1.0),17/04/26 11:00:00,A,PC,T,Y15-74,TOTAL,DE,2023-01-01,67.8,,
ESTAT:LFSA_ERGAN(1.0),17/04/26 11:00:00,A,PC,T,Y15-74,TOTAL,DK,2023-01-01,68.4,b,
ESTAT:LFSA_ERGAN(1.0),17/04/26 11:00:00,A,PC,T,Y15-74,TOTAL,EA21,2023-01-01,61.1,,
ESTAT:LFSA_ERGAN(1.0),17/04/26 11:00:00,A,PC,T,Y15-74,TOTAL,EE,2023-01-01,69.2,,
ESTAT:LFSA_ERGAN(1.0),17/04/26 11:00:00,A,PC,T,Y15-74,TOTAL,EL,2023-01-01,53.7,,
ESTAT:LFSA_ERGAN(1.0),17/04/26 11:00:00,A,PC,T,Y15-74,TOTAL,ES,2023-01-01,57.3,d,
ESTAT:LFSA_ERGAN(1.0),17/04/26 11:00:00,A,PC,T,Y15-74,TOTAL,EU27_2020,2023-01-01,61.3,,
ESTAT:LFSA_ERGAN(1.0),17/04/26 11:00:00,A,PC,T,Y15-74,TOTAL,FI,2023-01-01,63.9,,
ESTAT:LFSA_ERGAN(1.0),17/04/26 11:00:00,A,PC,T,Y15-74,TOTAL,FR,2023-01-01,58.9,d,
ESTAT:LFSA_ERGAN(1.0),17/04/26 11:00:00,A,PC,T,Y15-74,TOTAL,HR,2023-01-01,55.3,,
ESTAT:LFSA_ERGAN(1.0),17/04/26 11:00:00,A,PC,T,Y15-74,TOTAL,HU,2023-01-01,64.8,,
ESTAT:LFSA_ERGAN(1.0),17/04/26 11:00:00,A,PC,T,Y15-74,TOTAL,IE,2023-01-01,67.9,,
ESTAT:LFSA_ERGAN(1.0),17/04/26 11:00:00,A,PC,T,Y15-74,TOTAL,IS,2023-01-01,77.8,,
ESTAT:LFSA_ERGAN(1.0),17/04/26 11:00:00,A,PC,T,Y15-74,TOTAL,IT,2023-01-01,53.4,,
ESTAT:LFSA_ERGAN(1.0),17/04/26 11:00:00,A,PC,T,Y15-74,TOTAL,LT,2023-01-01,65.7,,
ESTAT:LFSA_ERGAN(1.0),17/04/26 11:00:00,A,PC,T,Y15-74,TOTAL,LU,2023-01-01,63.8,,
ESTAT:LFSA_ERGAN(1.0),17/04/26 11:00:00,A,PC,T,Y15-74,TOTAL,LV,2023-01-01,64.2,,
ESTAT:LFSA_ERGAN(1.0),17/04/26 11:00:00,A,PC,T,Y15-74,TOTAL,MK,2023-01-01,48.9,,
ESTAT:LFSA_ERGAN(1.0),17/04/26 11:00:00,A,PC,T,Y15-74,TOTAL,MT,2023-01-01,69.3,,
ESTAT:LFSA_ERGAN(1.0),17/04/26 11:00:00,A,PC,T,Y15-74,TOTAL,NL,2023-01-01,73.1,,
ESTAT:LFSA_ERGAN(1.0),17/04/26 11:00:00,A,PC,T,Y15-74,TOTAL,NO,2023-01-01,70.1,,
ESTAT:LFSA_ERGAN(1.0),17/04/26 11:00:00,A,PC,T,Y15-74,TOTAL,PL,2023-01-01,61.8,,
ESTAT:LFSA_ERGAN(1.0),17/04/26 11:00:00,A,PC,T,Y15-74,TOTAL,PT,2023-01-01,63.0,,
ESTAT:LFSA_ERGAN(1.0),17/04/26 11:00:00,A,PC,T,Y15-74,TOTAL,RO,2023-01-01,53.5,,
ESTAT:LFSA_ERGAN(1.0),17/04/26 11:00:00,A,PC,T,Y15-74,TOTAL,RS,2023-01-01,55.2,,
ESTAT:LFSA_ERGAN(1.0),17/04/26 11:00:00,A,PC,T,Y15-74,TOTAL,SE,2023-01-01,69.4,,
ESTAT:LFSA_ERGAN(1.0),17/04/26 11:00:00,A,PC,T,Y15-74,TOTAL,SI,2023-01-01,62.6,,
ESTAT:LFSA_ERGAN(1.0),17/04/26 11:00:00,A,PC,T,Y15-74,TOTAL,SK,2023-01-01,62.6,,
ESTAT:LFSA_ERGAN(1.0),17/04/26 11:00:00,A,PC,T,Y15-74,TOTAL,TR,2023-01-01,50.5,,
ESTAT:LFSA_ERGAN(1.0),17/04/26 11:00:00,A,PC,T,Y20-64,TOTAL,AT,2023-01-01,77.2,,
ESTAT:LFSA_ERGAN(1.0),17/04/26 11:00:00,A,PC,T,Y20-64,TOTAL,BA,2023-01-01,55.9,,
ESTAT:LFSA_ERGAN(1.0),17/04/26 11:00:00,A,PC,T,Y20-64,TOTAL,BE,2023-01-01,72.1,,
ESTAT:LFSA_ERGAN(1.0),17/04/26 11:00:00,A,PC,T,Y20-64,TOTAL,BG,2023-01-01,76.2,,
ESTAT:LFSA_ERGAN(1.0),17/04/26 11:00:00,A,PC,T,Y20-64,TOTAL,CH,2023-01-01,83.1,,
ESTAT:LFSA_ERGAN(1.0),17/04/26 11:00:00,A,PC,T,Y20-64,TOTAL,CY,2023-01-01,79.5,,
ESTAT:LFSA_ERGAN(1.0),17/04/26 11:00:00,A,PC,T,Y20-64,TOTAL,CZ,2023-01-01,81.7,,
ESTAT:LFSA_ERGAN(1.0),17/04/26 11:00:00,A,PC,T,Y20-64,TOTAL,DE,2023-01-01,81.1,,
ESTAT:LFSA_ERGAN(1.0),17/04/26 11:00:00,A,PC,T,Y20-64,TOTAL,DK,2023-01-01,79.8,b,
ESTAT:LFSA_ERGAN(1.0),17/04/26 11:00:00,A,PC,T,Y20-64,TOTAL,EA21,2023-01-01,74.8,,
ESTAT:LFSA_ERGAN(1.0),17/04/26 11:00:00,A,PC,T,Y20-64,TOTAL,EE,2023-01-01,82.1,,
ESTAT:LFSA_ERGAN(1.0),17/04/26 11:00:00,A,PC,T,Y20-64,TOTAL,EL,2023-01-01,67.4,,
ESTAT:LFSA_ERGAN(1.0),17/04/26 11:00:00,A,PC,T,Y20-64,TOTAL,ES,2023-01-01,70.5,d,
ESTAT:LFSA_ERGAN(1.0),17/04/26 11:00:00,A,PC,T,Y20-64,TOTAL,EU27_2020,2023-01-01,75.3,,
ESTAT:LFSA_ERGAN(1.0),17/04/26 11:00:00,A,PC,T,Y20-64,TOTAL,FI,2023-01-01,78.2,,
ESTAT:LFSA_ERGAN(1.0),17/04/26 11:00:00,A,PC,T,Y20-64,TOTAL,FR,2023-01-01,74.4,d,
ESTAT:LFSA_ERGAN(1.0),17/04/26 11:00:00,A,PC,T,Y20-64,TOTAL,HR,2023-01-01,70.8,,
ESTAT:LFSA_ERGAN(1.0),17/04/26 11:00:00,A,PC,T,Y20-64,TOTAL,HU,2023-01-01,80.7,,
ESTAT:LFSA_ERGAN(1.0),17/04/26 11:00:00,A,PC,T,Y20-64,TOTAL,IE,2023-01-01,79.1,,
ESTAT:LFSA_ERGAN(1.0),17/04/26 11:00:00,A,PC,T,Y20-64,TOTAL,IS,2023-01-01,85.3,,
ESTAT:LFSA_ERGAN(1.0),17/04/26 11:00:00,A,PC,T,Y20-64,TOTAL,IT,2023-01-01,66.3,,
ESTAT:LFSA_ERGAN(1.0),17/04/26 11:00:00,A,PC,T,Y20-64,TOTAL,LT,2023-01-01,78.5,,
ESTAT:LFSA_ERGAN(1.0),17/04/26 11:00:00,A,PC,T,Y20-64,TOTAL,LU,2023-01-01,74.8,,
ESTAT:LFSA_ERGAN(1.0),17/04/26 11:00:00,A,PC,T,Y20-64,TOTAL,LV,2023-01-01,77.5,,
ESTAT:LFSA_ERGAN(1.0),17/04/26 11:00:00,A,PC,T,Y20-64,TOTAL,MK,2023-01-01,61.7,,
ESTAT:LFSA_ERGAN(1.0),17/04/26 11:00:00,A,PC,T,Y20-64,TOTAL,MT,2023-01-01,81.3,,
ESTAT:LFSA_ERGAN(1.0),17/04/26 11:00:00,A,PC,T,Y20-64,TOTAL,NL,2023-01-01,83.5,,
ESTAT:LFSA_ERGAN(1.0),17/04/26 11:00:00,A,PC,T,Y20-64,TOTAL,NO,2023-01-01,80.4,,
ESTAT:LFSA_ERGAN(1.0),17/04/26 11:00:00,A,PC,T,Y20-64,TOTAL,PL,2023-01-01,77.9,,
ESTAT:LFSA_ERGAN(1.0),17/04/26 11:00:00,A,PC,T,Y20-64,TOTAL,PT,2023-01-01,78.0,,
ESTAT:LFSA_ERGAN(1.0),17/04/26 11:00:00,A,PC,T,Y20-64,TOTAL,RO,2023-01-01,68.7,,
ESTAT:LFSA_ERGAN(1.0),17/04/26 11:00:00,A,PC,T,Y20-64,TOTAL,RS,2023-01-01,69.6,,
ESTAT:LFSA_ERGAN(1.0),17/04/26 11:00:00,A,PC,T,Y20-64,TOTAL,SE,2023-01-01,82.6,,
ESTAT:LFSA_ERGAN(1.0),17/04/26 11:00:00,A,PC,T,Y20-64,TOTAL,SI,2023-01-01,77.5,,
ESTAT:LFSA_ERGAN(1.0),17/04/26 11:00:00,A,PC,T,Y20-64,TOTAL,SK,2023-01-01,77.5,,
ESTAT:LFSA_ERGAN(1.0),17/04/26 11:00:00,A,PC,T,Y20-64,TOTAL,TR,2023-01-01,57.3,,
ESTAT:LFSA_ERGAN(1.0),17/04/26 11:00:00,A,PC,F,Y15-64,TOTAL,AT,2024-01-01,70.7,,
ESTAT:LFSA_ERGAN(1.0),17/04/26 11:00:00,A,PC,F,Y15-64,TOTAL,BA,2024-01-01,41.0,,
ESTAT:LFSA_ERGAN(1.0),17/04/26 11:00:00,A,PC,F,Y15-64,TOTAL,BE,2024-01-01,63.3,,
ESTAT:LFSA_ERGAN(1.0),17/04/26 11:00:00,A,PC,F,Y15-64,TOTAL,BG,2024-01-01,67.6,b,
ESTAT:LFSA_ERGAN(1.0),17/04/26 11:00:00,A,PC,F,Y15-64,TOTAL,CH,2024-01-01,77.0,,
ESTAT:LFSA_ERGAN(1.0),17/04/26 11:00:00,A,PC,F,Y15-64,TOTAL,CY,2024-01-01,71.1,,
ESTAT:LFSA_ERGAN(1.0),17/04/26 11:00:00,A,PC,F,Y15-64,TOTAL,CZ,2024-01-01,69.5,,
ESTAT:LFSA_ERGAN(1.0),17/04/26 11:00:00,A,PC,F,Y15-64,TOTAL,DE,2024-01-01,74.1,,
ESTAT:LFSA_ERGAN(1.0),17/04/26 11:00:00,A,PC,F,Y15-64,TOTAL,DK,2024-01-01,74.5,,
ESTAT:LFSA_ERGAN(1.0),17/04/26 11:00:00,A,PC,F,Y15-64,TOTAL,EA21,2024-01-01,66.1,,
ESTAT:LFSA_ERGAN(1.0),17/04/26 11:00:00,A,PC,F,Y15-64,TOTAL,EE,2024-01-01,75.2,,
ESTAT:LFSA_ERGAN(1.0),17/04/26 11:00:00,A,PC,F,Y15-64,TOTAL,EL,2024-01-01,54.6,,
ESTAT:LFSA_ERGAN(1.0),17/04/26 11:00:00,A,PC,F,Y15-64,TOTAL,ES,2024-01-01,61.6,d,
ESTAT:LFSA_ERGAN(1.0),17/04/26 11:00:00,A,PC,F,Y15-64,TOTAL,EU27_2020,2024-01-01,66.2,,
ESTAT:LFSA_ERGAN(1.0),17/04/26 11:00:00,A,PC,F,Y15-64,TOTAL,FI,2024-01-01,72.4,,
ESTAT:LFSA_ERGAN(1.0),17/04/26 11:00:00,A,PC,F,Y15-64,TOTAL,FR,2024-01-01,66.4,d,
ESTAT:LFSA_ERGAN(1.0),17/04/26 11:00:00,A,PC,F,Y15-64,TOTAL,HR,2024-01-01,65.4,,
ESTAT:LFSA_ERGAN(1.0),17/04/26 11:00:00,A,PC,F,Y15-64,TOTAL,HU,2024-01-01,71.4,,
ESTAT:LFSA_ERGAN(1.0),17/04/26 11:00:00,A,PC,F,Y15-64,TOTAL,IE,2024-01-01,70.6,,
ESTAT:LFSA_ERGAN(1.0),17/04/26 11:00:00,A,PC,F,Y15-64,TOTAL,IS,2024-01-01,82.3,,
ESTAT:LFSA_ERGAN(1.0),17/04/26 11:00:00,A,PC,F,Y15-64,TOTAL,IT,2024-01-01,53.3,,
ESTAT:LFSA_ERGAN(1.0),17/04/26 11:00:00,A,PC,F,Y15-64,TOTAL,LT,2024-01-01,73.0,,
ESTAT:LFSA_ERGAN(1.0),17/04/26 11:00:00,A,PC,F,Y15-64,TOTAL,LU,2024-01-01,67.2,,
ESTAT:LFSA_ERGAN(1.0),17/04/26 11:00:00,A,PC,F,Y15-64,TOTAL,LV,2024-01-01,70.0,,
ESTAT:LFSA_ERGAN(1.0),17/04/26 11:00:00,A,PC,F,Y15-64,TOTAL,MK,2024-01-01,49.6,,
ESTAT:LFSA_ERGAN(1.0),17/04/26 11:00:00,A,PC,F,Y15-64,TOTAL,MT,2024-01-01,71.9,,
ESTAT:LFSA_ERGAN(1.0),17/04/26 11:00:00,A,PC,F,Y15-64,TOTAL,NL,2024-01-01,78.9,,
ESTAT:LFSA_ERGAN(1.0),17/04/26 11:00:00,A,PC,F,Y15-64,TOTAL,NO,2024-01-01,75.0,,
ESTAT:LFSA_ERGAN(1.0),17/04/26 11:00:00,A,PC,F,Y15-64,TOTAL,PL,2024-01-01,67.2,,
ESTAT:LFSA_ERGAN(1.0),17/04/26 11:00:00,A,PC,F,Y15-64,TOTAL,PT,2024-01-01,70.4,,
ESTAT:LFSA_ERGAN(1.0),17/04/26 11:00:00,A,PC,F,Y15-64,TOTAL,RO,2024-01-01,55.3,,
ESTAT:LFSA_ERGAN(1.0),17/04/26 11:00:00,A,PC,F,Y15-64,TOTAL,RS,2024-01-01,60.8,,
ESTAT:LFSA_ERGAN(1.0),17/04/26 11:00:00,A,PC,F,Y15-64,TOTAL,SE,2024-01-01,75.2,,
ESTAT:LFSA_ERGAN(1.0),17/04/26 11:00:00,A,PC,F,Y15-64,TOTAL,SI,2024-01-01,70.0,,
ESTAT:LFSA_ERGAN(1.0),17/04/26 11:00:00,A,PC,F,Y15-64,TOTAL,SK,2024-01-01,68.3,,
ESTAT:LFSA_ERGAN(1.0),17/04/26 11:00:00,A,PC,F,Y15-64,TOTAL,TR,2024-01-01,36.9,,
ESTAT:LFSA_ERGAN(1.0),17/04/26 11:00:00,A,PC,F,Y15-74,TOTAL,AT,2024-01-01,61.6,,
ESTAT:LFSA_ERGAN(1.0),17/04/26 11:00:00,A,PC,F,Y15-74,TOTAL,BA,2024-01-01,34.7,,
ESTAT:LFSA_ERGAN(1.0),17/04/26 11:00:00,A,PC,F,Y15-74,TOTAL,BE,2024-01-01,54.6,,
ESTAT:LFSA_ERGAN(1.0),17/04/26 11:00:00,A,PC,F,Y15-74,TOTAL,BG,2024-01-01,55.8,b,
ESTAT:LFSA_ERGAN(1.0),17/04/26 11:00:00,A,PC,F,Y15-74,TOTAL,CH,2024-01-01,68.3,,
ESTAT:LFSA_ERGAN(1.0),17/04/26 11:00:00,A,PC,F,Y15-74,TOTAL,CY,2024-01-01,63.3,,
ESTAT:LFSA_ERGAN(1.0),17/04/26 11:00:00,A,PC,F,Y15-74,TOTAL,CZ,2024-01-01,59.2,,
ESTAT:LFSA_ERGAN(1.0),17/04/26 11:00:00,A,PC,F,Y15-74,TOTAL,DE,2024-01-01,64.0,,
ESTAT:LFSA_ERGAN(1.0),17/04/26 11:00:00,A,PC,F,Y15-74,TOTAL,DK,2024-01-01,65.7,,
ESTAT:LFSA_ERGAN(1.0),17/04/26 11:00:00,A,PC,F,Y15-74,TOTAL,EA21,2024-01-01,56.9,,
ESTAT:LFSA_ERGAN(1.0),17/04/26 11:00:00,A,PC,F,Y15-74,TOTAL,EE,2024-01-01,67.3,,
ESTAT:LFSA_ERGAN(1.0),17/04/26 11:00:00,A,PC,F,Y15-74,TOTAL,EL,2024-01-01,46.5,,
ESTAT:LFSA_ERGAN(1.0),17/04/26 11:00:00,A,PC,F,Y15-74,TOTAL,ES,2024-01-01,53.4,d,
ESTAT:LFSA_ERGAN(1.0),17/04/26 11:00:00,A,PC,F,Y15-74,TOTAL,EU27_2020,2024-01-01,56.8,,
ESTAT:LFSA_ERGAN(1.0),17/04/26 11:00:00,A,PC,F,Y15-74,TOTAL,FI,2024-01-01,61.7,,
ESTAT:LFSA_ERGAN(1.0),17/04/26 11:00:00,A,PC,F,Y15-74,TOTAL,FR,2024-01-01,56.6,d,
ESTAT:LFSA_ERGAN(1.0),17/04/26 11:00:00,A,PC,F,Y15-74,TOTAL,HR,2024-01-01,53.7,,
ESTAT:LFSA_ERGAN(1.0),17/04/26 11:00:00,A,PC,F,Y15-74,TOTAL,HU,2024-01-01,60.2,,
ESTAT:LFSA_ERGAN(1.0),17/04/26 11:00:00,A,PC,F,Y15-74,TOTAL,IE,2024-01-01,64.0,,
ESTAT:LFSA_ERGAN(1.0),17/04/26 11:00:00,A,PC,F,Y15-74,TOTAL,IS,2024-01-01,75.0,,
ESTAT:LFSA_ERGAN(1.0),17/04/26 11:00:00,A,PC,F,Y15-74,TOTAL,IT,2024-01-01,45.7,,
ESTAT:LFSA_ERGAN(1.0),17/04/26 11:00:00,A,PC,F,Y15-74,TOTAL,LT,2024-01-01,63.6,,
ESTAT:LFSA_ERGAN(1.0),17/04/26 11:00:00,A,PC,F,Y15-74,TOTAL,LU,2024-01-01,60.6,,
ESTAT:LFSA_ERGAN(1.0),17/04/26 11:00:00,A,PC,F,Y15-74,TOTAL,LV,2024-01-01,61.7,,
ESTAT:LFSA_ERGAN(1.0),17/04/26 11:00:00,A,PC,F,Y15-74,TOTAL,MK,2024-01-01,42.0,,
ESTAT:LFSA_ERGAN(1.0),17/04/26 11:00:00,A,PC,F,Y15-74,TOTAL,MT,2024-01-01,62.8,,
ESTAT:LFSA_ERGAN(1.0),17/04/26 11:00:00,A,PC,F,Y15-74,TOTAL,NL,2024-01-01,69.2,,
ESTAT:LFSA_ERGAN(1.0),17/04/26 11:00:00,A,PC,F,Y15-74,TOTAL,NO,2024-01-01,67.0,,
ESTAT:LFSA_ERGAN(1.0),17/04/26 11:00:00,A,PC,F,Y15-74,TOTAL,PL,2024-01-01,55.9,,
ESTAT:LFSA_ERGAN(1.0),17/04/26 11:00:00,A,PC,F,Y15-74,TOTAL,PT,2024-01-01,60.5,,
ESTAT:LFSA_ERGAN(1.0),17/04/26 11:00:00,A,PC,F,Y15-74,TOTAL,RO,2024-01-01,45.9,,
ESTAT:LFSA_ERGAN(1.0),17/04/26 11:00:00,A,PC,F,Y15-74,TOTAL,RS,2024-01-01,50.8,,
ESTAT:LFSA_ERGAN(1.0),17/04/26 11:00:00,A,PC,F,Y15-74,TOTAL,SE,2024-01-01,66.8,,
ESTAT:LFSA_ERGAN(1.0),17/04/26 11:00:00,A,PC,F,Y15-74,TOTAL,SI,2024-01-01,59.0,,
ESTAT:LFSA_ERGAN(1.0),17/04/26 11:00:00,A,PC,F,Y15-74,TOTAL,SK,2024-01-01,58.3,,
ESTAT:LFSA_ERGAN(1.0),17/04/26 11:00:00,A,PC,F,Y15-74,TOTAL,TR,2024-01-01,34.3,,
ESTAT:LFSA_ERGAN(1.0),17/04/26 11:00:00,A,PC,F,Y20-64,TOTAL,AT,2024-01-01,73.9,,
ESTAT:LFSA_ERGAN(1.0),17/04/26 11:00:00,A,PC,F,Y20-64,TOTAL,BA,2024-01-01,44.3,,
ESTAT:LFSA_ERGAN(1.0),17/04/26 11:00:00,A,PC,F,Y20-64,TOTAL,BE,2024-01-01,68.3,,
ESTAT:LFSA_ERGAN(1.0),17/04/26 11:00:00,A,PC,F,Y20-64,TOTAL,BG,2024-01-01,73.1,b,
ESTAT:LFSA_ERGAN(1.0),17/04/26 11:00:00,A,PC,F,Y20-64,TOTAL,CH,2024-01-01,79.5,,
ESTAT:LFSA_ERGAN(1.0),17/04/26 11:00:00,A,PC,F,Y20-64,TOTAL,CY,2024-01-01,75.0,,
ESTAT:LFSA_ERGAN(1.0),17/04/26 11:00:00,A,PC,F,Y20-64,TOTAL,CZ,2024-01-01,75.8,,
ESTAT:LFSA_ERGAN(1.0),17/04/26 11:00:00,A,PC,F,Y20-64,TOTAL,DE,2024-01-01,77.7,,
ESTAT:LFSA_ERGAN(1.0),17/04/26 11:00:00,A,PC,F,Y20-64,TOTAL,DK,2024-01-01,76.9,,
ESTAT:LFSA_ERGAN(1.0),17/04/26 11:00:00,A,PC,F,Y20-64,TOTAL,EA21,2024-01-01,70.5,,
ESTAT:LFSA_ERGAN(1.0),17/04/26 11:00:00,A,PC,F,Y20-64,TOTAL,EE,2024-01-01,80.9,,
ESTAT:LFSA_ERGAN(1.0),17/04/26 11:00:00,A,PC,F,Y20-64,TOTAL,EL,2024-01-01,59.9,,
ESTAT:LFSA_ERGAN(1.0),17/04/26 11:00:00,A,PC,F,Y20-64,TOTAL,ES,2024-01-01,66.5,d,
ESTAT:LFSA_ERGAN(1.0),17/04/26 11:00:00,A,PC,F,Y20-64,TOTAL,EU27_2020,2024-01-01,70.8,,
ESTAT:LFSA_ERGAN(1.0),17/04/26 11:00:00,A,PC,F,Y20-64,TOTAL,FI,2024-01-01,76.6,,
ESTAT:LFSA_ERGAN(1.0),17/04/26 11:00:00,A,PC,F,Y20-64,TOTAL,FR,2024-01-01,72.2,d,
ESTAT:LFSA_ERGAN(1.0),17/04/26 11:00:00,A,PC,F,Y20-64,TOTAL,HR,2024-01-01,70.6,,
ESTAT:LFSA_ERGAN(1.0),17/04/26 11:00:00,A,PC,F,Y20-64,TOTAL,HU,2024-01-01,77.1,,
ESTAT:LFSA_ERGAN(1.0),17/04/26 11:00:00,A,PC,F,Y20-64,TOTAL,IE,2024-01-01,75.2,,
ESTAT:LFSA_ERGAN(1.0),17/04/26 11:00:00,A,PC,F,Y20-64,TOTAL,IS,2024-01-01,83.4,,
ESTAT:LFSA_ERGAN(1.0),17/04/26 11:00:00,A,PC,F,Y20-64,TOTAL,IT,2024-01-01,57.4,,
ESTAT:LFSA_ERGAN(1.0),17/04/26 11:00:00,A,PC,F,Y20-64,TOTAL,LT,2024-01-01,78.5,,
ESTAT:LFSA_ERGAN(1.0),17/04/26 11:00:00,A,PC,F,Y20-64,TOTAL,LU,2024-01-01,71.4,,
ESTAT:LFSA_ERGAN(1.0),17/04/26 11:00:00,A,PC,F,Y20-64,TOTAL,LV,2024-01-01,75.8,,
ESTAT:LFSA_ERGAN(1.0),17/04/26 11:00:00,A,PC,F,Y20-64,TOTAL,MK,2024-01-01,53.7,,
ESTAT:LFSA_ERGAN(1.0),17/04/26 11:00:00,A,PC,F,Y20-64,TOTAL,MT,2024-01-01,75.2,,
ESTAT:LFSA_ERGAN(1.0),17/04/26 11:00:00,A,PC,F,Y20-64,TOTAL,NL,2024-01-01,79.7,,
ESTAT:LFSA_ERGAN(1.0),17/04/26 11:00:00,A,PC,F,Y20-64,TOTAL,NO,2024-01-01,77.4,,
ESTAT:LFSA_ERGAN(1.0),17/04/26 11:00:00,A,PC,F,Y20-64,TOTAL,PL,2024-01-01,72.5,,
ESTAT:LFSA_ERGAN(1.0),17/04/26 11:00:00,A,PC,F,Y20-64,TOTAL,PT,2024-01-01,75.7,,
ESTAT:LFSA_ERGAN(1.0),17/04/26 11:00:00,A,PC,F,Y20-64,TOTAL,RO,2024-01-01,60.3,,
ESTAT:LFSA_ERGAN(1.0),17/04/26 11:00:00,A,PC,F,Y20-64,TOTAL,RS,2024-01-01,65.5,,
ESTAT:LFSA_ERGAN(1.0),17/04/26 11:00:00,A,PC,F,Y20-64,TOTAL,SE,2024-01-01,79.9,,
ESTAT:LFSA_ERGAN(1.0),17/04/26 11:00:00,A,PC,F,Y20-64,TOTAL,SI,2024-01-01,75.1,,
ESTAT:LFSA_ERGAN(1.0),17/04/26 11:00:00,A,PC,F,Y20-64,TOTAL,SK,2024-01-01,73.6,,
ESTAT:LFSA_ERGAN(1.0),17/04/26 11:00:00,A,PC,F,Y20-64,TOTAL,TR,2024-01-01,39.4,,
ESTAT:LFSA_ERGAN(1.0),17/04/26 11:00:00,A,PC,M,Y15-64,TOTAL,AT,2024-01-01,77.5,,
ESTAT:LFSA_ERGAN(1.0),17/04/26 11:00:00,A,PC,M,Y15-64,TOTAL,BA,2024-01-01,66.5,,
ESTAT:LFSA_ERGAN(1.0),17/04/26 11:00:00,A,PC,M,Y15-64,TOTAL,BE,2024-01-01,70.2,,
ESTAT:LFSA_ERGAN(1.0),17/04/26 11:00:00,A,PC,M,Y15-64,TOTAL,BG,2024-01-01,74.1,b,
ESTAT:LFSA_ERGAN(1.0),17/04/26 11:00:00,A,PC,M,Y15-64,TOTAL,CH,2024-01-01,83.7,,
ESTAT:LFSA_ERGAN(1.0),17/04/26 11:00:00,A,PC,M,Y15-64,TOTAL,CY,2024-01-01,80.3,,
ESTAT:LFSA_ERGAN(1.0),17/04/26 11:00:00,A,PC,M,Y15-64,TOTAL,CZ,2024-01-01,81.1,,
ESTAT:LFSA_ERGAN(1.0),17/04/26 11:00:00,A,PC,M,Y15-64,TOTAL,DE,2024-01-01,80.7,,
ESTAT:LFSA_ERGAN(1.0),17/04/26 11:00:00,A,PC,M,Y15-64,TOTAL,DK,2024-01-01,79.9,,
ESTAT:LFSA_ERGAN(1.0),17/04/26 11:00:00,A,PC,M,Y15-64,TOTAL,EA21,2024-01-01,74.8,,
ESTAT:LFSA_ERGAN(1.0),17/04/26 11:00:00,A,PC,M,Y15-64,TOTAL,EE,2024-01-01,76.2,,
ESTAT:LFSA_ERGAN(1.0),17/04/26 11:00:00,A,PC,M,Y15-64,TOTAL,EL,2024-01-01,72.0,,
ESTAT:LFSA_ERGAN(1.0),17/04/26 11:00:00,A,PC,M,Y15-64,TOTAL,ES,2024-01-01,70.5,d,
ESTAT:LFSA_ERGAN(1.0),17/04/26 11:00:00,A,PC,M,Y15-64,TOTAL,EU27_2020,2024-01-01,75.3,,
ESTAT:LFSA_ERGAN(1.0),17/04/26 11:00:00,A,PC,M,Y15-64,TOTAL,FI,2024-01-01,72.8,,
ESTAT:LFSA_ERGAN(1.0),17/04/26 11:00:00,A,PC,M,Y15-64,TOTAL,FR,2024-01-01,71.6,d,
ESTAT:LFSA_ERGAN(1.0),17/04/26 11:00:00,A,PC,M,Y15-64,TOTAL,HR,2024-01-01,71.1,,
ESTAT:LFSA_ERGAN(1.0),17/04/26 11:00:00,A,PC,M,Y15-64,TOTAL,HU,2024-01-01,78.7,,
ESTAT:LFSA_ERGAN(1.0),17/04/26 11:00:00,A,PC,M,Y15-64,TOTAL,IE,2024-01-01,78.4,,
ESTAT:LFSA_ERGAN(1.0),17/04/26 11:00:00,A,PC,M,Y15-64,TOTAL,IS,2024-01-01,88.1,,
ESTAT:LFSA_ERGAN(1.0),17/04/26 11:00:00,A,PC,M,Y15-64,TOTAL,IT,2024-01-01,71.1,,
ESTAT:LFSA_ERGAN(1.0),17/04/26 11:00:00,A,PC,M,Y15-64,TOTAL,LT,2024-01-01,74.2,,
ESTAT:LFSA_ERGAN(1.0),17/04/26 11:00:00,A,PC,M,Y15-64,TOTAL,LU,2024-01-01,72.1,,
ESTAT:LFSA_ERGAN(1.0),17/04/26 11:00:00,A,PC,M,Y15-64,TOTAL,LV,2024-01-01,72.3,,
ESTAT:LFSA_ERGAN(1.0),17/04/26 11:00:00,A,PC,M,Y15-64,TOTAL,MK,2024-01-01,66.0,,
ESTAT:LFSA_ERGAN(1.0),17/04/26 11:00:00,A,PC,M,Y15-64,TOTAL,MT,2024-01-01,85.1,,
ESTAT:LFSA_ERGAN(1.0),17/04/26 11:00:00,A,PC,M,Y15-64,TOTAL,NL,2024-01-01,85.7,,
ESTAT:LFSA_ERGAN(1.0),17/04/26 11:00:00,A,PC,M,Y15-64,TOTAL,NO,2024-01-01,79.0,,
ESTAT:LFSA_ERGAN(1.0),17/04/26 11:00:00,A,PC,M,Y15-64,TOTAL,PL,2024-01-01,77.8,,
ESTAT:LFSA_ERGAN(1.0),17/04/26 11:00:00,A,PC,M,Y15-64,TOTAL,PT,2024-01-01,75.3,,
ESTAT:LFSA_ERGAN(1.0),17/04/26 11:00:00,A,PC,M,Y15-64,TOTAL,RO,2024-01-01,72.0,,
ESTAT:LFSA_ERGAN(1.0),17/04/26 11:00:00,A,PC,M,Y15-64,TOTAL,RS,2024-01-01,71.7,,
ESTAT:LFSA_ERGAN(1.0),17/04/26 11:00:00,A,PC,M,Y15-64,TOTAL,SE,2024-01-01,78.1,,
ESTAT:LFSA_ERGAN(1.0),17/04/26 11:00:00,A,PC,M,Y15-64,TOTAL,SI,2024-01-01,76.0,,
ESTAT:LFSA_ERGAN(1.0),17/04/26 11:00:00,A,PC,M,Y15-64,TOTAL,SK,2024-01-01,76.5,,
ESTAT:LFSA_ERGAN(1.0),17/04/26 11:00:00,A,PC,M,Y15-64,TOTAL,TR,2024-01-01,73.2,,
ESTAT:LFSA_ERGAN(1.0),17/04/26 11:00:00,A,PC,M,Y15-74,TOTAL,AT,2024-01-01,68.9,,
ESTAT:LFSA_ERGAN(1.0),17/04/26 11:00:00,A,PC,M,Y15-74,TOTAL,BA,2024-01-01,58.4,,
ESTAT:LFSA_ERGAN(1.0),17/04/26 11:00:00,A,PC,M,Y15-74,TOTAL,BE,2024-01-01,61.7,,
ESTAT:LFSA_ERGAN(1.0),17/04/26 11:00:00,A,PC,M,Y15-74,TOTAL,BG,2024-01-01,65.1,b,
ESTAT:LFSA_ERGAN(1.0),17/04/26 11:00:00,A,PC,M,Y15-74,TOTAL,CH,2024-01-01,76.3,,
ESTAT:LFSA_ERGAN(1.0),17/04/26 11:00:00,A,PC,M,Y15-74,TOTAL,CY,2024-01-01,72.5,,
ESTAT:LFSA_ERGAN(1.0),17/04/26 11:00:00,A,PC,M,Y15-74,TOTAL,CZ,2024-01-01,72.1,,
ESTAT:LFSA_ERGAN(1.0),17/04/26 11:00:00,A,PC,M,Y15-74,TOTAL,DE,2024-01-01,71.7,,
ESTAT:LFSA_ERGAN(1.0),17/04/26 11:00:00,A,PC,M,Y15-74,TOTAL,DK,2024-01-01,73.2,,
ESTAT:LFSA_ERGAN(1.0),17/04/26 11:00:00,A,PC,M,Y15-74,TOTAL,EA21,2024-01-01,66.2,,
ESTAT:LFSA_ERGAN(1.0),17/04/26 11:00:00,A,PC,M,Y15-74,TOTAL,EE,2024-01-01,70.6,,
ESTAT:LFSA_ERGAN(1.0),17/04/26 11:00:00,A,PC,M,Y15-74,TOTAL,EL,2024-01-01,63.5,,
ESTAT:LFSA_ERGAN(1.0),17/04/26 11:00:00,A,PC,M,Y15-74,TOTAL,ES,2024-01-01,62.4,d,
ESTAT:LFSA_ERGAN(1.0),17/04/26 11:00:00,A,PC,M,Y15-74,TOTAL,EU27_2020,2024-01-01,66.7,,
ESTAT:LFSA_ERGAN(1.0),17/04/26 11:00:00,A,PC,M,Y15-74,TOTAL,FI,2024-01-01,64.3,,
ESTAT:LFSA_ERGAN(1.0),17/04/26 11:00:00,A,PC,M,Y15-74,TOTAL,FR,2024-01-01,62.4,d,
ESTAT:LFSA_ERGAN(1.0),17/04/26 11:00:00,A,PC,M,Y15-74,TOTAL,HR,2024-01-01,60.9,,
ESTAT:LFSA_ERGAN(1.0),17/04/26 11:00:00,A,PC,M,Y15-74,TOTAL,HU,2024-01-01,70.1,,
ESTAT:LFSA_ERGAN(1.0),17/04/26 11:00:00,A,PC,M,Y15-74,TOTAL,IE,2024-01-01,72.7,,
ESTAT:LFSA_ERGAN(1.0),17/04/26 11:00:00,A,PC,M,Y15-74,TOTAL,IS,2024-01-01,83.0,,
ESTAT:LFSA_ERGAN(1.0),17/04/26 11:00:00,A,PC,M,Y15-74,TOTAL,IT,2024-01-01,62.6,,
ESTAT:LFSA_ERGAN(1.0),17/04/26 11:00:00,A,PC,M,Y15-74,TOTAL,LT,2024-01-01,68.3,,
ESTAT:LFSA_ERGAN(1.0),17/04/26 11:00:00,A,PC,M,Y15-74,TOTAL,LU,2024-01-01,65.5,,
ESTAT:LFSA_ERGAN(1.0),17/04/26 11:00:00,A,PC,M,Y15-74,TOTAL,LV,2024-01-01,66.4,,
ESTAT:LFSA_ERGAN(1.0),17/04/26 11:00:00,A,PC,M,Y15-74,TOTAL,MK,2024-01-01,57.3,,
ESTAT:LFSA_ERGAN(1.0),17/04/26 11:00:00,A,PC,M,Y15-74,TOTAL,MT,2024-01-01,77.3,,
ESTAT:LFSA_ERGAN(1.0),17/04/26 11:00:00,A,PC,M,Y15-74,TOTAL,NL,2024-01-01,77.2,,
ESTAT:LFSA_ERGAN(1.0),17/04/26 11:00:00,A,PC,M,Y15-74,TOTAL,NO,2024-01-01,72.4,,
ESTAT:LFSA_ERGAN(1.0),17/04/26 11:00:00,A,PC,M,Y15-74,TOTAL,PL,2024-01-01,68.4,,
ESTAT:LFSA_ERGAN(1.0),17/04/26 11:00:00,A,PC,M,Y15-74,TOTAL,PT,2024-01-01,66.4,,
ESTAT:LFSA_ERGAN(1.0),17/04/26 11:00:00,A,PC,M,Y15-74,TOTAL,RO,2024-01-01,63.0,,
ESTAT:LFSA_ERGAN(1.0),17/04/26 11:00:00,A,PC,M,Y15-74,TOTAL,RS,2024-01-01,63.0,,
ESTAT:LFSA_ERGAN(1.0),17/04/26 11:00:00,A,PC,M,Y15-74,TOTAL,SE,2024-01-01,71.0,,
ESTAT:LFSA_ERGAN(1.0),17/04/26 11:00:00,A,PC,M,Y15-74,TOTAL,SI,2024-01-01,66.7,,
ESTAT:LFSA_ERGAN(1.0),17/04/26 11:00:00,A,PC,M,Y15-74,TOTAL,SK,2024-01-01,67.9,,
ESTAT:LFSA_ERGAN(1.0),17/04/26 11:00:00,A,PC,M,Y15-74,TOTAL,TR,2024-01-01,69.2,,
ESTAT:LFSA_ERGAN(1.0),17/04/26 11:00:00,A,PC,M,Y20-64,TOTAL,AT,2024-01-01,80.8,,
ESTAT:LFSA_ERGAN(1.0),17/04/26 11:00:00,A,PC,M,Y20-64,TOTAL,BA,2024-01-01,71.9,,
ESTAT:LFSA_ERGAN(1.0),17/04/26 11:00:00,A,PC,M,Y20-64,TOTAL,BE,2024-01-01,76.3,,
ESTAT:LFSA_ERGAN(1.0),17/04/26 11:00:00,A,PC,M,Y20-64,TOTAL,BG,2024-01-01,80.3,b,
ESTAT:LFSA_ERGAN(1.0),17/04/26 11:00:00,A,PC,M,Y20-64,TOTAL,CH,2024-01-01,86.4,,
ESTAT:LFSA_ERGAN(1.0),17/04/26 11:00:00,A,PC,M,Y20-64,TOTAL,CY,2024-01-01,85.0,,
ESTAT:LFSA_ERGAN(1.0),17/04/26 11:00:00,A,PC,M,Y20-64,TOTAL,CZ,2024-01-01,88.4,,
ESTAT:LFSA_ERGAN(1.0),17/04/26 11:00:00,A,PC,M,Y20-64,TOTAL,DE,2024-01-01,84.8,,
ESTAT:LFSA_ERGAN(1.0),17/04/26 11:00:00,A,PC,M,Y20-64,TOTAL,DK,2024-01-01,83.4,,
ESTAT:LFSA_ERGAN(1.0),17/04/26 11:00:00,A,PC,M,Y20-64,TOTAL,EA21,2024-01-01,80.1,,
ESTAT:LFSA_ERGAN(1.0),17/04/26 11:00:00,A,PC,M,Y20-64,TOTAL,EE,2024-01-01,82.6,,
ESTAT:LFSA_ERGAN(1.0),17/04/26 11:00:00,A,PC,M,Y20-64,TOTAL,EL,2024-01-01,78.7,,
ESTAT:LFSA_ERGAN(1.0),17/04/26 11:00:00,A,PC,M,Y20-64,TOTAL,ES,2024-01-01,76.3,d,
ESTAT:LFSA_ERGAN(1.0),17/04/26 11:00:00,A,PC,M,Y20-64,TOTAL,EU27_2020,2024-01-01,80.8,,
ESTAT:LFSA_ERGAN(1.0),17/04/26 11:00:00,A,PC,M,Y20-64,TOTAL,FI,2024-01-01,77.3,,
ESTAT:LFSA_ERGAN(1.0),17/04/26 11:00:00,A,PC,M,Y20-64,TOTAL,FR,2024-01-01,78.1,d,
ESTAT:LFSA_ERGAN(1.0),17/04/26 11:00:00,A,PC,M,Y20-64,TOTAL,HR,2024-01-01,76.5,,
ESTAT:LFSA_ERGAN(1.0),17/04/26 11:00:00,A,PC,M,Y20-64,TOTAL,HU,2024-01-01,85.0,,
ESTAT:LFSA_ERGAN(1.0),17/04/26 11:00:00,A,PC,M,Y20-64,TOTAL,IE,2024-01-01,84.5,,
ESTAT:LFSA_ERGAN(1.0),17/04/26 11:00:00,A,PC,M,Y20-64,TOTAL,IS,2024-01-01,90.2,,
ESTAT:LFSA_ERGAN(1.0),17/04/26 11:00:00,A,PC,M,Y20-64,TOTAL,IT,2024-01-01,76.8,,
ESTAT:LFSA_ERGAN(1.0),17/04/26 11:00:00,A,PC,M,Y20-64,TOTAL,LT,2024-01-01,79.9,,
ESTAT:LFSA_ERGAN(1.0),17/04/26 11:00:00,A,PC,M,Y20-64,TOTAL,LU,2024-01-01,76.9,,
ESTAT:LFSA_ERGAN(1.0),17/04/26 11:00:00,A,PC,M,Y20-64,TOTAL,LV,2024-01-01,79.1,,
ESTAT:LFSA_ERGAN(1.0),17/04/26 11:00:00,A,PC,M,Y20-64,TOTAL,MK,2024-01-01,71.7,,
ESTAT:LFSA_ERGAN(1.0),17/04/26 11:00:00,A,PC,M,Y20-64,TOTAL,MT,2024-01-01,88.8,,
ESTAT:LFSA_ERGAN(1.0),17/04/26 11:00:00,A,PC,M,Y20-64,TOTAL,NL,2024-01-01,87.3,,
ESTAT:LFSA_ERGAN(1.0),17/04/26 11:00:00,A,PC,M,Y20-64,TOTAL,NO,2024-01-01,82.5,,
ESTAT:LFSA_ERGAN(1.0),17/04/26 11:00:00,A,PC,M,Y20-64,TOTAL,PL,2024-01-01,84.1,,
ESTAT:LFSA_ERGAN(1.0),17/04/26 11:00:00,A,PC,M,Y20-64,TOTAL,PT,2024-01-01,81.4,,
ESTAT:LFSA_ERGAN(1.0),17/04/26 11:00:00,A,PC,M,Y20-64,TOTAL,RO,2024-01-01,78.4,,
ESTAT:LFSA_ERGAN(1.0),17/04/26 11:00:00,A,PC,M,Y20-64,TOTAL,RS,2024-01-01,77.2,,
ESTAT:LFSA_ERGAN(1.0),17/04/26 11:00:00,A,PC,M,Y20-64,TOTAL,SE,2024-01-01,83.9,,
ESTAT:LFSA_ERGAN(1.0),17/04/26 11:00:00,A,PC,M,Y20-64,TOTAL,SI,2024-01-01,81.1,,
ESTAT:LFSA_ERGAN(1.0),17/04/26 11:00:00,A,PC,M,Y20-64,TOTAL,SK,2024-01-01,82.5,,
ESTAT:LFSA_ERGAN(1.0),17/04/26 11:00:00,A,PC,M,Y20-64,TOTAL,TR,2024-01-01,77.5,,
ESTAT:LFSA_ERGAN(1.0),17/04/26 11:00:00,A,PC,T,Y15-64,TOTAL,AT,2024-01-01,74.1,,
ESTAT:LFSA_ERGAN(1.0),17/04/26 11:00:00,A,PC,T,Y15-64,TOTAL,BA,2024-01-01,53.9,,
ESTAT:LFSA_ERGAN(1.0),17/04/26 11:00:00,A,PC,T,Y15-64,TOTAL,BE,2024-01-01,66.7,,
ESTAT:LFSA_ERGAN(1.0),17/04/26 11:00:00,A,PC,T,Y15-64,TOTAL,BG,2024-01-01,70.9,b,
ESTAT:LFSA_ERGAN(1.0),17/04/26 11:00:00,A,PC,T,Y15-64,TOTAL,CH,2024-01-01,80.4,,
ESTAT:LFSA_ERGAN(1.0),17/04/26 11:00:00,A,PC,T,Y15-64,TOTAL,CY,2024-01-01,75.5,,
ESTAT:LFSA_ERGAN(1.0),17/04/26 11:00:00,A,PC,T,Y15-64,TOTAL,CZ,2024-01-01,75.4,,
ESTAT:LFSA_ERGAN(1.0),17/04/26 11:00:00,A,PC,T,Y15-64,TOTAL,DE,2024-01-01,77.5,,
ESTAT:LFSA_ERGAN(1.0),17/04/26 11:00:00,A,PC,T,Y15-64,TOTAL,DK,2024-01-01,77.2,,
ESTAT:LFSA_ERGAN(1.0),17/04/26 11:00:00,A,PC,T,Y15-64,TOTAL,EA21,2024-01-01,70.5,,
ESTAT:LFSA_ERGAN(1.0),17/04/26 11:00:00,A,PC,T,Y15-64,TOTAL,EE,2024-01-01,75.7,,
ESTAT:LFSA_ERGAN(1.0),17/04/26 11:00:00,A,PC,T,Y15-64,TOTAL,EL,2024-01-01,63.3,,
ESTAT:LFSA_ERGAN(1.0),17/04/26 11:00:00,A,PC,T,Y15-64,TOTAL,ES,2024-01-01,66.1,d,
ESTAT:LFSA_ERGAN(1.0),17/04/26 11:00:00,A,PC,T,Y15-64,TOTAL,EU27_2020,2024-01-01,70.8,,
ESTAT:LFSA_ERGAN(1.0),17/04/26 11:00:00,A,PC,T,Y15-64,TOTAL,FI,2024-01-01,72.6,,
ESTAT:LFSA_ERGAN(1.0),17/04/26 11:00:00,A,PC,T,Y15-64,TOTAL,FR,2024-01-01,69.0,d,
ESTAT:LFSA_ERGAN(1.0),17/04/26 11:00:00,A,PC,T,Y15-64,TOTAL,HR,2024-01-01,68.3,,
ESTAT:LFSA_ERGAN(1.0),17/04/26 11:00:00,A,PC,T,Y15-64,TOTAL,HU,2024-01-01,75.1,,
ESTAT:LFSA_ERGAN(1.0),17/04/26 11:00:00,A,PC,T,Y15-64,TOTAL,IE,2024-01-01,74.5,,
ESTAT:LFSA_ERGAN(1.0),17/04/26 11:00:00,A,PC,T,Y15-64,TOTAL,IS,2024-01-01,85.4,,
ESTAT:LFSA_ERGAN(1.0),17/04/26 11:00:00,A,PC,T,Y15-64,TOTAL,IT,2024-01-01,62.2,,
ESTAT:LFSA_ERGAN(1.0),17/04/26 11:00:00,A,PC,T,Y15-64,TOTAL,LT,2024-01-01,73.6,,
ESTAT:LFSA_ERGAN(1.0),17/04/26 11:00:00,A,PC,T,Y15-64,TOTAL,LU,2024-01-01,69.7,,
ESTAT:LFSA_ERGAN(1.0),17/04/26 11:00:00,A,PC,T,Y15-64,TOTAL,LV,2024-01-01,71.2,,
ESTAT:LFSA_ERGAN(1.0),17/04/26 11:00:00,A,PC,T,Y15-64,TOTAL,MK,2024-01-01,57.8,,
ESTAT:LFSA_ERGAN(1.0),17/04/26 11:00:00,A,PC,T,Y15-64,TOTAL,MT,2024-01-01,79.2,,
ESTAT:LFSA_ERGAN(1.0),17/04/26 11:00:00,A,PC,T,Y15-64,TOTAL,NL,2024-01-01,82.3,,
ESTAT:LFSA_ERGAN(1.0),17/04/26 11:00:00,A,PC,T,Y15-64,TOTAL,NO,2024-01-01,77.1,,
ESTAT:LFSA_ERGAN(1.0),17/04/26 11:00:00,A,PC,T,Y15-64,TOTAL,PL,2024-01-01,72.5,,
ESTAT:LFSA_ERGAN(1.0),17/04/26 11:00:00,A,PC,T,Y15-64,TOTAL,PT,2024-01-01,72.8,,
ESTAT:LFSA_ERGAN(1.0),17/04/26 11:00:00,A,PC,T,Y15-64,TOTAL,RO,2024-01-01,63.8,,
ESTAT:LFSA_ERGAN(1.0),17/04/26 11:00:00,A,PC,T,Y15-64,TOTAL,RS,2024-01-01,66.3,,
ESTAT:LFSA_ERGAN(1.0),17/04/26 11:00:00,A,PC,T,Y15-64,TOTAL,SE,2024-01-01,76.7,,
ESTAT:LFSA_ERGAN(1.0),17/04/26 11:00:00,A,PC,T,Y15-64,TOTAL,SI,2024-01-01,73.1,,
ESTAT:LFSA_ERGAN(1.0),17/04/26 11:00:00,A,PC,T,Y15-64,TOTAL,SK,2024-01-01,72.4,,
ESTAT:LFSA_ERGAN(1.0),17/04/26 11:00:00,A,PC,T,Y15-64,TOTAL,TR,2024-01-01,55.2,,
ESTAT:LFSA_ERGAN(1.0),17/04/26 11:00:00,A,PC,T,Y15-74,TOTAL,AT,2024-01-01,65.2,,
ESTAT:LFSA_ERGAN(1.0),17/04/26 11:00:00,A,PC,T,Y15-74,TOTAL,BA,2024-01-01,46.4,,
ESTAT:LFSA_ERGAN(1.0),17/04/26 11:00:00,A,PC,T,Y15-74,TOTAL,BE,2024-01-01,58.1,,
ESTAT:LFSA_ERGAN(1.0),17/04/26 11:00:00,A,PC,T,Y15-74,TOTAL,BG,2024-01-01,60.4,b,
ESTAT:LFSA_ERGAN(1.0),17/04/26 11:00:00,A,PC,T,Y15-74,TOTAL,CH,2024-01-01,72.3,,
ESTAT:LFSA_ERGAN(1.0),17/04/26 11:00:00,A,PC,T,Y15-74,TOTAL,CY,2024-01-01,67.7,,
ESTAT:LFSA_ERGAN(1.0),17/04/26 11:00:00,A,PC,T,Y15-74,TOTAL,CZ,2024-01-01,65.6,,
ESTAT:LFSA_ERGAN(1.0),17/04/26 11:00:00,A,PC,T,Y15-74,TOTAL,DE,2024-01-01,67.9,,
ESTAT:LFSA_ERGAN(1.0),17/04/26 11:00:00,A,PC,T,Y15-74,TOTAL,DK,2024-01-01,69.5,,
ESTAT:LFSA_ERGAN(1.0),17/04/26 11:00:00,A,PC,T,Y15-74,TOTAL,EA21,2024-01-01,61.5,,
ESTAT:LFSA_ERGAN(1.0),17/04/26 11:00:00,A,PC,T,Y15-74,TOTAL,EE,2024-01-01,68.9,,
ESTAT:LFSA_ERGAN(1.0),17/04/26 11:00:00,A,PC,T,Y15-74,TOTAL,EL,2024-01-01,54.9,,
ESTAT:LFSA_ERGAN(1.0),17/04/26 11:00:00,A,PC,T,Y15-74,TOTAL,ES,2024-01-01,57.9,d,
ESTAT:LFSA_ERGAN(1.0),17/04/26 11:00:00,A,PC,T,Y15-74,TOTAL,EU27_2020,2024-01-01,61.7,,
ESTAT:LFSA_ERGAN(1.0),17/04/26 11:00:00,A,PC,T,Y15-74,TOTAL,FI,2024-01-01,63.0,,
ESTAT:LFSA_ERGAN(1.0),17/04/26 11:00:00,A,PC,T,Y15-74,TOTAL,FR,2024-01-01,59.4,d,
ESTAT:LFSA_ERGAN(1.0),17/04/26 11:00:00,A,PC,T,Y15-74,TOTAL,HR,2024-01-01,57.3,,
ESTAT:LFSA_ERGAN(1.0),17/04/26 11:00:00,A,PC,T,Y15-74,TOTAL,HU,2024-01-01,65.1,,
ESTAT:LFSA_ERGAN(1.0),17/04/26 11:00:00,A,PC,T,Y15-74,TOTAL,IE,2024-01-01,68.3,,
ESTAT:LFSA_ERGAN(1.0),17/04/26 11:00:00,A,PC,T,Y15-74,TOTAL,IS,2024-01-01,79.2,,
ESTAT:LFSA_ERGAN(1.0),17/04/26 11:00:00,A,PC,T,Y15-74,TOTAL,IT,2024-01-01,54.1,,
ESTAT:LFSA_ERGAN(1.0),17/04/26 11:00:00,A,PC,T,Y15-74,TOTAL,LT,2024-01-01,65.9,,
ESTAT:LFSA_ERGAN(1.0),17/04/26 11:00:00,A,PC,T,Y15-74,TOTAL,LU,2024-01-01,63.1,,
ESTAT:LFSA_ERGAN(1.0),17/04/26 11:00:00,A,PC,T,Y15-74,TOTAL,LV,2024-01-01,64.0,,
ESTAT:LFSA_ERGAN(1.0),17/04/26 11:00:00,A,PC,T,Y15-74,TOTAL,MK,2024-01-01,49.6,,
ESTAT:LFSA_ERGAN(1.0),17/04/26 11:00:00,A,PC,T,Y15-74,TOTAL,MT,2024-01-01,70.7,,
ESTAT:LFSA_ERGAN(1.0),17/04/26 11:00:00,A,PC,T,Y15-74,TOTAL,NL,2024-01-01,73.2,,
ESTAT:LFSA_ERGAN(1.0),17/04/26 11:00:00,A,PC,T,Y15-74,TOTAL,NO,2024-01-01,69.7,,
ESTAT:LFSA_ERGAN(1.0),17/04/26 11:00:00,A,PC,T,Y15-74,TOTAL,PL,2024-01-01,62.0,,
ESTAT:LFSA_ERGAN(1.0),17/04/26 11:00:00,A,PC,T,Y15-74,TOTAL,PT,2024-01-01,63.3,,
ESTAT:LFSA_ERGAN(1.0),17/04/26 11:00:00,A,PC,T,Y15-74,TOTAL,RO,2024-01-01,54.4,,
ESTAT:LFSA_ERGAN(1.0),17/04/26 11:00:00,A,PC,T,Y15-74,TOTAL,RS,2024-01-01,56.8,,
ESTAT:LFSA_ERGAN(1.0),17/04/26 11:00:00,A,PC,T,Y15-74,TOTAL,SE,2024-01-01,69.0,,
ESTAT:LFSA_ERGAN(1.0),17/04/26 11:00:00,A,PC,T,Y15-74,TOTAL,SI,2024-01-01,63.0,,
ESTAT:LFSA_ERGAN(1.0),17/04/26 11:00:00,A,PC,T,Y15-74,TOTAL,SK,2024-01-01,63.1,,
ESTAT:LFSA_ERGAN(1.0),17/04/26 11:00:00,A,PC,T,Y15-74,TOTAL,TR,2024-01-01,51.7,,
ESTAT:LFSA_ERGAN(1.0),17/04/26 11:00:00,A,PC,T,Y20-64,TOTAL,AT,2024-01-01,77.4,,
ESTAT:LFSA_ERGAN(1.0),17/04/26 11:00:00,A,PC,T,Y20-64,TOTAL,BA,2024-01-01,58.2,,
ESTAT:LFSA_ERGAN(1.0),17/04/26 11:00:00,A,PC,T,Y20-64,TOTAL,BE,2024-01-01,72.3,,
ESTAT:LFSA_ERGAN(1.0),17/04/26 11:00:00,A,PC,T,Y20-64,TOTAL,BG,2024-01-01,76.8,b,
ESTAT:LFSA_ERGAN(1.0),17/04/26 11:00:00,A,PC,T,Y20-64,TOTAL,CH,2024-01-01,83.0,,
ESTAT:LFSA_ERGAN(1.0),17/04/26 11:00:00,A,PC,T,Y20-64,TOTAL,CY,2024-01-01,79.8,,
ESTAT:LFSA_ERGAN(1.0),17/04/26 11:00:00,A,PC,T,Y20-64,TOTAL,CZ,2024-01-01,82.3,,
ESTAT:LFSA_ERGAN(1.0),17/04/26 11:00:00,A,PC,T,Y20-64,TOTAL,DE,2024-01-01,81.3,,
ESTAT:LFSA_ERGAN(1.0),17/04/26 11:00:00,A,PC,T,Y20-64,TOTAL,DK,2024-01-01,80.2,,
ESTAT:LFSA_ERGAN(1.0),17/04/26 11:00:00,A,PC,T,Y20-64,TOTAL,EA21,2024-01-01,75.3,,
ESTAT:LFSA_ERGAN(1.0),17/04/26 11:00:00,A,PC,T,Y20-64,TOTAL,EE,2024-01-01,81.8,,
ESTAT:LFSA_ERGAN(1.0),17/04/26 11:00:00,A,PC,T,Y20-64,TOTAL,EL,2024-01-01,69.3,,
ESTAT:LFSA_ERGAN(1.0),17/04/26 11:00:00,A,PC,T,Y20-64,TOTAL,ES,2024-01-01,71.4,d,
ESTAT:LFSA_ERGAN(1.0),17/04/26 11:00:00,A,PC,T,Y20-64,TOTAL,EU27_2020,2024-01-01,75.8,,
ESTAT:LFSA_ERGAN(1.0),17/04/26 11:00:00,A,PC,T,Y20-64,TOTAL,FI,2024-01-01,77.0,,
ESTAT:LFSA_ERGAN(1.0),17/04/26 11:00:00,A,PC,T,Y20-64,TOTAL,FR,2024-01-01,75.1,d,
ESTAT:LFSA_ERGAN(1.0),17/04/26 11:00:00,A,PC,T,Y20-64,TOTAL,HR,2024-01-01,73.6,,
ESTAT:LFSA_ERGAN(1.0),17/04/26 11:00:00,A,PC,T,Y20-64,TOTAL,HU,2024-01-01,81.1,,
ESTAT:LFSA_ERGAN(1.0),17/04/26 11:00:00,A,PC,T,Y20-64,TOTAL,IE,2024-01-01,79.8,,
ESTAT:LFSA_ERGAN(1.0),17/04/26 11:00:00,A,PC,T,Y20-64,TOTAL,IS,2024-01-01,87.0,,
ESTAT:LFSA_ERGAN(1.0),17/04/26 11:00:00,A,PC,T,Y20-64,TOTAL,IT,2024-01-01,67.1,,
ESTAT:LFSA_ERGAN(1.0),17/04/26 11:00:00,A,PC,T,Y20-64,TOTAL,LT,2024-01-01,79.2,,
ESTAT:LFSA_ERGAN(1.0),17/04/26 11:00:00,A,PC,T,Y20-64,TOTAL,LU,2024-01-01,74.2,,
ESTAT:LFSA_ERGAN(1.0),17/04/26 11:00:00,A,PC,T,Y20-64,TOTAL,LV,2024-01-01,77.4,,
ESTAT:LFSA_ERGAN(1.0),17/04/26 11:00:00,A,PC,T,Y20-64,TOTAL,MK,2024-01-01,62.7,,
ESTAT:LFSA_ERGAN(1.0),17/04/26 11:00:00,A,PC,T,Y20-64,TOTAL,MT,2024-01-01,82.7,,
ESTAT:LFSA_ERGAN(1.0),17/04/26 11:00:00,A,PC,T,Y20-64,TOTAL,NL,2024-01-01,83.5,,
ESTAT:LFSA_ERGAN(1.0),17/04/26 11:00:00,A,PC,T,Y20-64,TOTAL,NO,2024-01-01,80.0,,
ESTAT:LFSA_ERGAN(1.0),17/04/26 11:00:00,A,PC,T,Y20-64,TOTAL,PL,2024-01-01,78.4,,
ESTAT:LFSA_ERGAN(1.0),17/04/26 11:00:00,A,PC,T,Y20-64,TOTAL,PT,2024-01-01,78.5,,
ESTAT:LFSA_ERGAN(1.0),17/04/26 11:00:00,A,PC,T,Y20-64,TOTAL,RO,2024-01-01,69.5,,
ESTAT:LFSA_ERGAN(1.0),17/04/26 11:00:00,A,PC,T,Y20-64,TOTAL,RS,2024-01-01,71.3,,
ESTAT:LFSA_ERGAN(1.0),17/04/26 11:00:00,A,PC,T,Y20-64,TOTAL,SE,2024-01-01,81.9,,
ESTAT:LFSA_ERGAN(1.0),17/04/26 11:00:00,A,PC,T,Y20-64,TOTAL,SI,2024-01-01,78.3,,
ESTAT:LFSA_ERGAN(1.0),17/04/26 11:00:00,A,PC,T,Y20-64,TOTAL,SK,2024-01-01,78.1,,
ESTAT:LFSA_ERGAN(1.0),17/04/26 11:00:00,A,PC,T,Y20-64,TOTAL,TR,2024-01-01,58.5,,
