DATAFLOW,LAST UPDATE,freq,unit,sex,age,nace_r2,geo,TIME_PERIOD,OBS_VALUE,OBS_FLAG,CONF_STATUS
ESTAT:LFSA_EGAN2(1.0),17/04/26 11:00:00,A,THS_PER,T,Y_GE15,A,AT,2015-01-01,188.0,,
ESTAT:LFSA_EGAN2(1.0),17/04/26 11:00:00,A,THS_PER,T,Y_GE15,A,BE,2015-01-01,53.6,,
ESTAT:LFSA_EGAN2(1.0),17/04/26 11:00:00,A,THS_PER,T,Y_GE15,A,BG,2015-01-01,207.9,,
ESTAT:LFSA_EGAN2(1.0),17/04/26 11:00:00,A,THS_PER,T,Y_GE15,A,CH,2015-01-01,151.6,,
ESTAT:LFSA_EGAN2(1.0),17/04/26 11:00:00,A,THS_PER,T,Y_GE15,A,CY,2015-01-01,14.3,,
ESTAT:LFSA_EGAN2(1.0),17/04/26 11:00:00,A,THS_PER,T,Y_GE15,A,CZ,2015-01-01,147.5,,
ESTAT:LFSA_EGAN2(1.0),17/04/26 11:00:00,A,THS_PER,T,Y_GE15,A,DE,2015-01-01,560.5,,
ESTAT:LFSA_EGAN2(1.0),17/04/26 11:00:00,A,THS_PER,T,Y_GE15,A,DK,2015-01-01,67.3,,
ESTAT:LFSA_EGAN2(1.0),17/04/26 11:00:00,A,THS_PER,T,Y_GE15,A,EA21,2015-01-01,5018.5,,
ESTAT:LFSA_EGAN2(1.0),17/04/26 11:00:00,A,THS_PER,T,Y_GE15,A,EE,2015-01-01,25.5,,
ESTAT:LFSA_EGAN2(1.0),17/04/26 11:00:00,A,THS_PER,T,Y_GE15,A,EL,2015-01-01,465.7,,
ESTAT:LFSA_EGAN2(1.0),17/04/26 11:00:00,A,THS_PER,T,Y_GE15,A,ES,2015-01-01,736.8,,
ESTAT:LFSA_EGAN2(1.0),17/04/26 11:00:00,A,THS_PER,T,Y_GE15,A,EU27_2020,2015-01-01,9570.3,,
ESTAT:LFSA_EGAN2(1.0),17/04/26 11:00:00,A,THS_PER,T,Y_GE15,A,FI,2015-01-01,102.6,,
ESTAT:LFSA_EGAN2(1.0),17/04/26 11:00:00,A,THS_PER,T,Y_GE15,A,FR,2015-01-01,708.6,,
ESTAT:LFSA_EGAN2(1.0),17/04/26 11:00:00,A,THS_PER,T,Y_GE15,A,HR,2015-01-01,141.9,,
ESTAT:LFSA_EGAN2(1.0),17/04/26 11:00:00,A,THS_PER,T,Y_GE15,A,HU,2015-01-01,206.0,,
ESTAT:LFSA_EGAN2(1.0),17/04/26 11:00:00,A,THS_PER,T,Y_GE15,A,IE,2015-01-01,109.1,,
ESTAT:LFSA_EGAN2(1.0),17/04/26 11:00:00,A,THS_PER,T,Y_GE15,A,IS,2015-01-01,7.8,,
ESTAT:LFSA_EGAN2(1.0),17/04/26 11:00:00,A,THS_PER,T,Y_GE15,A,IT,2015-01-01,842.7,,
ESTAT:LFSA_EGAN2(1.0),17/04/26 11:00:00,A,THS_PER,T,Y_GE15,A,LT,2015-01-01,121.1,,
ESTAT:LFSA_EGAN2(1.0),17/04/26 11:00:00,A,THS_PER,T,Y_GE15,A,LU,2015-01-01,2.5,b,
ESTAT:LFSA_EGAN2(1.0),17/04/26 11:00:00,A,THS_PER,T,Y_GE15,A,LV,2015-01-01,71.1,,
ESTAT:LFSA_EGAN2(1.0),17/04/26 11:00:00,A,THS_PER,T,Y_GE15,A,ME,2015-01-01,17.1,,
ESTAT:LFSA_EGAN2(1.0),17/04/26 11:00:00,A,THS_PER,T,Y_GE15,A,MK,2015-01-01,126.1,,
ESTAT:LFSA_EGAN2(1.0),17/04/26 11:00:00,A,THS_PER,T,Y_GE15,A,MT,2015-01-01,2.9,,
ESTAT:LFSA_EGAN2(1.0),17/04/26 11:00:00,A,THS_PER,T,Y_GE15,A,NL,2015-01-01,178.0,,
ESTAT:LFSA_EGAN2(1.0),17/04/26 11:00:00,A,THS_PER,T,Y_GE15,A,NO,2015-01-01,53.0,,
ESTAT:LFSA_EGAN2(1.0),17/04/26 11:00:00,A,THS_PER,T,Y_GE15,A,PL,2015-01-01,1849.3,,
ESTAT:LFSA_EGAN2(1.0),17/04/26 11:00:00,A,THS_PER,T,Y_GE15,A,PT,2015-01-01,344.7,,
ESTAT:LFSA_EGAN2(1.0),17/04/26 11:00:00,A,THS_PER,T,Y_GE15,A,RO,2015-01-01,2183.8,,
ESTAT:LFSA_EGAN2(1.0),17/04/26 11:00:00,A,THS_PER,T,Y_GE15,A,RS,2015-01-01,499.4,,
ESTAT:LFSA_EGAN2(1.0),17/04/26 11:00:00,A,THS_PER,T,Y_GE15,A,SE,2015-01-01,97.9,,
ESTAT:LFSA_EGAN2(1.0),17/04/26 11:00:00,A,THS_PER,T,Y_GE15,A,SI,2015-01-01,64.1,,
ESTAT:LFSA_EGAN2(1.0),17/04/26 11:00:00,A,THS_PER,T,Y_GE15,A,SK,2015-01-01,77.0,,
ESTAT:LFSA_EGAN2(1.0),17/04/26 11:00:00,A,THS_PER,T,Y_GE15,A,TR,2015-01-01,5431.1,,
ESTAT:LFSA_EGAN2(1.0),17/04/26 11:00:00,A,THS_PER,T,Y_GE15,A,UK,2015-01-01,352.0,,
ESTAT:LFSA_EGAN2(1.0),17/04/26 11:00:00,A,THS_PER,T,Y_GE15,C,AT,2015-01-01,662.7,,
ESTAT:LFSA_EGAN2(1.0),17/04/26 11:00:00,A,THS_PER,T,Y_GE15,C,BE,2015-01-01,589.3,,
ESTAT:LFSA_EGAN2(1.0),17/04/26 11:00:00,A,THS_PER,T,Y_GE15,C,BG,2015-01-01,597.7,,
ESTAT:LFSA_EGAN2(1.0),17/04/26 11:00:00,A,THS_PER,T,Y_GE15,C,CH,2015-01-01,571.3,,
ESTAT:LFSA_EGAN2(1.0),17/04/26 11:00:00,A,THS_PER,T,Y_GE15,C,CY,2015-01-01,27.9,,
ESTAT:LFSA_EGAN2(1.0),17/04/26 11:00:00,A,THS_PER,T,Y_GE15,C,CZ,2015-01-01,1376.8,,
ESTAT:LFSA_EGAN2(1.0),17/04/26 11:00:00,A,THS_PER,T,Y_GE15,C,DE,2015-01-01,7759.3,,
ESTAT:LFSA_EGAN2(1.0),17/04/26 11:00:00,A,THS_PER,T,Y_GE15,C,DK,2015-01-01,324.1,,
ESTAT:LFSA_EGAN2(1.0),17/04/26 11:00:00,A,THS_PER,T,Y_GE15,C,EA21,2015-01-01,23200.9,,
ESTAT:LFSA_EGAN2(1.0),17/04/26 11:00:00,A,THS_PER,T,Y_GE15,C,EE,2015-01-01,121.0,,
ESTAT:LFSA_EGAN2(1.0),17/04/26 11:00:00,A,THS_PER,T,Y_GE15,C,EL,2015-01-01,334.5,,
ESTAT:LFSA_EGAN2(1.0),17/04/26 11:00:00,A,THS_PER,T,Y_GE15,C,ES,2015-01-01,2224.9,,
ESTAT:LFSA_EGAN2(1.0),17/04/26 11:00:00,A,THS_PER,T,Y_GE15,C,EU27_2020,2015-01-01,30964.9,,
ESTAT:LFSA_EGAN2(1.0),17/04/26 11:00:00,A,THS_PER,T,Y_GE15,C,FI,2015-01-01,328.2,,
ESTAT:LFSA_EGAN2(1.0),17/04/26 11:00:00,A,THS_PER,T,Y_GE15,C,FR,2015-01-01,3220.8,,
ESTAT:LFSA_EGAN2(1.0),17/04/26 11:00:00,A,THS_PER,T,Y_GE15,C,HR,2015-01-01,257.2,,
ESTAT:LFSA_EGAN2(1.0),17/04/26 11:00:00,A,THS_PER,T,Y_GE15,C,HU,2015-01-01,901.6,,
ESTAT:LFSA_EGAN2(1.0),17/04/26 11:00:00,A,THS_PER,T,Y_GE15,C,IE,2015-01-01,234.3,,
ESTAT:LFSA_EGAN2(1.0),17/04/26 11:00:00,A,THS_PER,T,Y_GE15,C,IS,2015-01-01,18.8,,
ESTAT:LFSA_EGAN2(1.0),17/04/26 11:00:00,A,THS_PER,T,Y_GE15,C,IT,2015-01-01,4121.8,,
ESTAT:LFSA_EGAN2(1.0),17/04/26 11:00:00,A,THS_PER,T,Y_GE15,C,LT,2015-01-01,202.8,,
ESTAT:LFSA_EGAN2(1.0),17/04/26 11:00:00,A,THS_PER,T,Y_GE15,C,LU,2015-01-01,11.8,b,
ESTAT:LFSA_EGAN2(1.0),17/04/26 11:00:00,A,THS_PER,T,Y_GE15,C,LV,2015-01-01,116.3,,
ESTAT:LFSA_EGAN2(1.0),17/04/26 11:00:00,A,THS_PER,T,Y_GE15,C,ME,2015-01-01,14.8,,
ESTAT:LFSA_EGAN2(1.0),17/04/26 11:00:00,A,THS_PER,T,Y_GE15,C,MK,2015-01-01,137.1,,
ESTAT:LFSA_EGAN2(1.0),17/04/26 11:00:00,A,THS_PER,T,Y_GE15,C,MT,2015-01-01,24.5,,
ESTAT:LFSA_EGAN2(1.0),17/04/26 11:00:00,A,THS_PER,T,Y_GE15,C,NL,2015-01-01,786.1,,
ESTAT:LFSA_EGAN2(1.0),17/04/26 11:00:00,A,THS_PER,T,Y_GE15,C,NO,2015-01-01,227.5,,
ESTAT:LFSA_EGAN2(1.0),17/04/26 11:00:00,A,THS_PER,T,Y_GE15,C,PL,2015-01-01,3106.8,,
ESTAT:LFSA_EGAN2(1.0),17/04/26 11:00:00,A,THS_PER,T,Y_GE15,C,PT,2015-01-01,766.6,,
ESTAT:LFSA_EGAN2(1.0),17/04/26 11:00:00,A,THS_PER,T,Y_GE15,C,RO,2015-01-01,1551.4,,
ESTAT:LFSA_EGAN2(1.0),17/04/26 11:00:00,A,THS_PER,T,Y_GE15,C,RS,2015-01-01,414.0,,
ESTAT:LFSA_EGAN2(1.0),17/04/26 11:00:00,A,THS_PER,T,Y_GE15,C,SE,2015-01-01,503.4,,
ESTAT:LFSA_EGAN2(1.0),17/04/26 11:00:00,A,THS_PER,T,Y_GE15,C,SI,2015-01-01,214.7,,
ESTAT:LFSA_EGAN2(1.0),17/04/26 11:00:00,A,THS_PER,T,Y_GE15,C,SK,2015-01-01,598.3,,
ESTAT:LFSA_EGAN2(1.0),17/04/26 11:00:00,A,THS_PER,T,Y_GE15,C,TR,2015-01-01,4965.9,,
ESTAT:LFSA_EGAN2(1.0),17/04/26 11:00:00,A,THS_PER,T,Y_GE15,C,UK,2015-01-01,2993.1,,
ESTAT:LFSA_EGAN2(1.0),17/04/26 11:00:00,A,THS_PER,T,Y_GE15,F,AT,2015-01-01,347.8,,
ESTAT:LFSA_EGAN2(1.0),17/04/26 11:00:00,A,THS_PER,T,Y_GE15,F,BE,2015-01-01,323.2,,
ESTAT:LFSA_EGAN2(1.0),17/04/26 11:00:00,A,THS_PER,T,Y_GE15,F,BG,2015-01-01,214.0,,
ESTAT:LFSA_EGAN2(1.0),17/04/26 11:00:00,A,THS_PER,T,Y_GE15,F,CH,2015-01-01,299.8,,
ESTAT:LFSA_EGAN2(1.0),17/04/26 11:00:00,A,THS_PER,T,Y_GE15,F,CY,2015-01-01,25.3,,
ESTAT:LFSA_EGAN2(1.0),17/04/26 11:00:00,A,THS_PER,T,Y_GE15,F,CZ,2015-01-01,396.0,,
ESTAT:LFSA_EGAN2(1.0),17/04/26 11:00:00,A,THS_PER,T,Y_GE15,F,DE,2015-01-01,2724.1,,
ESTAT:LFSA_EGAN2(1.0),17/04/26 11:00:00,A,THS_PER,T,Y_GE15,F,DK,2015-01-01,165.2,,
ESTAT:LFSA_EGAN2(1.0),17/04/26 11:00:00,A,THS_PER,T,Y_GE15,F,EA21,2015-01-01,9610.1,,
ESTAT:LFSA_EGAN2(1.0),17/04/26 11:00:00,A,THS_PER,T,Y_GE15,F,EE,2015-01-01,63.1,,
ESTAT:LFSA_EGAN2(1.0),17/04/26 11:00:00,A,THS_PER,T,Y_GE15,F,EL,2015-01-01,145.2,,
ESTAT:LFSA_EGAN2(1.0),17/04/26 11:00:00,A,THS_PER,T,Y_GE15,F,ES,2015-01-01,1073.7,,
ESTAT:LFSA_EGAN2(1.0),17/04/26 11:00:00,A,THS_PER,T,Y_GE15,F,EU27_2020,2015-01-01,12599.4,,
ESTAT:LFSA_EGAN2(1.0),17/04/26 11:00:00,A,THS_PER,T,Y_GE15,F,FI,2015-01-01,168.3,,
ESTAT:LFSA_EGAN2(1.0),17/04/26 11:00:00,A,THS_PER,T,Y_GE15,F,FR,2015-01-01,1690.7,,
ESTAT:LFSA_EGAN2(1.0),17/04/26 11:00:00,A,THS_PER,T,Y_GE15,F,HR,2015-01-01,106.3,,
ESTAT:LFSA_EGAN2(1.0),17/04/26 11:00:00,A,THS_PER,T,Y_GE15,F,HU,2015-01-01,272.1,,
ESTAT:LFSA_EGAN2(1.0),17/04/26 11:00:00,A,THS_PER,T,Y_GE15,F,IE,2015-01-01,108.8,,
ESTAT:LFSA_EGAN2(1.0),17/04/26 11:00:00,A,THS_PER,T,Y_GE15,F,IS,2015-01-01,11.3,,
ESTAT:LFSA_EGAN2(1.0),17/04/26 11:00:00,A,THS_PER,T,Y_GE15,F,IT,2015-01-01,1468.2,,
ESTAT:LFSA_EGAN2(1.0),17/04/26 11:00:00,A,THS_PER,T,Y_GE15,F,LT,2015-01-01,105.0,,
ESTAT:LFSA_EGAN2(1.0),17/04/26 11:00:00,A,THS_PER,T,Y_GE15,F,LU,2015-01-01,15.0,b,
ESTAT:LFSA_EGAN2(1.0),17/04/26 11:00:00,A,THS_PER,T,Y_GE15,F,LV,2015-01-01,71.9,,
ESTAT:LFSA_EGAN2(1.0),17/04/26 11:00:00,A,THS_PER,T,Y_GE15,F,ME,2015-01-01,14.6,,
ESTAT:LFSA_EGAN2(1.0),17/04/26 11:00:00,A,THS_PER,T,Y_GE15,F,MK,2015-01-01,49.9,,
ESTAT:LFSA_EGAN2(1.0),17/04/26 11:00:00,A,THS_PER,T,Y_GE15,F,MT,2015-01-01,12.8,,
ESTAT:LFSA_EGAN2(1.0),17/04/26 11:00:00,A,THS_PER,T,Y_GE15,F,NL,2015-01-01,402.6,,
ESTAT:LFSA_EGAN2(1.0),17/04/26 11:00:00,A,THS_PER,T,Y_GE15,F,NO,2015-01-01,206.0,,
ESTAT:LFSA_EGAN2(1.0),17/04/26 11:00:00,A,THS_PER,T,Y_GE15,F,PL,2015-01-01,1206.6,,
ESTAT:LFSA_EGAN2(1.0),17/04/26 11:00:00,A,THS_PER,T,Y_GE15,F,PT,2015-01-01,277.6,,
ESTAT:LFSA_EGAN2(1.0),17/04/26 11:00:00,A,THS_PER,T,Y_GE15,F,RO,2015-01-01,636.3,,
ESTAT:LFSA_EGAN2(1.0),17/04/26 11:00:00,A,THS_PER,T,Y_GE15,F,RS,2015-01-01,116.7,,
ESTAT:LFSA_EGAN2(1.0),17/04/26 11:00:00,A,THS_PER,T,Y_GE15,F,SE,2015-01-01,313.1,,
ESTAT:LFSA_EGAN2(1.0),17/04/26 11:00:00,A,THS_PER,T,Y_GE15,F,SI,2015-01-01,52.9,,
ESTAT:LFSA_EGAN2(1.0),17/04/26 11:00:00,A,THS_PER,T,Y_GE15,F,SK,2015-01-01,213.6,,
ESTAT:LFSA_EGAN2(1.0),17/04/26 11:00:00,A,THS_PER,T,Y_GE15,F,TR,2015-01-01,1906.2,,
ESTAT:LFSA_EGAN2(1.0),17/04/26 11:00:00,A,THS_PER,T,Y_GE15,F,UK,2015-01-01,2234.8,,
ESTAT:LFSA_EGAN2(1.0),17/04/26 11:00:00,A,THS_PER,T,Y_GE15,G,AT,2015-01-01,598.7,,
ESTAT:LFSA_EGAN2(1.0),17/04/26 11:00:00,A,THS_PER,T,Y_GE15,G,BE,2015-01-01,616.9,,
ESTAT:LFSA_EGAN2(1.0),17/04/26 11:00:00,A,THS_PER,T,Y_GE15,G,BG,2015-01-01,520.0,,
ESTAT:LFSA_EGAN2(1.0),17/04/26 11:00:00,A,THS_PER,T,Y_GE15,G,CH,2015-01-01,581.4,,
ESTAT:LFSA_EGAN2(1.0),17/04/26 11:00:00,A,THS_PER,T,Y_GE15,G,CY,2015-01-01,66.9,,
ESTAT:LFSA_EGAN2(1.0),17/04/26 11:00:00,A,THS_PER,T,Y_GE15,G,CZ,2015-01-01,615.7,,
ESTAT:LFSA_EGAN2(1.0),17/04/26 11:00:00,A,THS_PER,T,Y_GE15,G,DE,2015-01-01,5670.3,,
ESTAT:LFSA_EGAN2(1.0),17/04/26 11:00:00,A,THS_PER,T,Y_GE15,G,DK,2015-01-01,384.2,,
ESTAT:LFSA_EGAN2(1.0),17/04/26 11:00:00,A,THS_PER,T,Y_GE15,G,EA21,2015-01-01,21250.7,,
ESTAT:LFSA_EGAN2(1.0),17/04/26 11:00:00,A,THS_PER,T,Y_GE15,G,EE,2015-01-01,83.3,,
ESTAT:LFSA_EGAN2(1.0),17/04/26 11:00:00,A,THS_PER,T,Y_GE15,G,EL,2015-01-01,660.8,,
ESTAT:LFSA_EGAN2(1.0),17/04/26 11:00:00,A,THS_PER,T,Y_GE15,G,ES,2015-01-01,2921.4,,
ESTAT:LFSA_EGAN2(1.0),17/04/26 11:00:00,A,THS_PER,T,Y_GE15,G,EU27_2020,2015-01-01,26832.4,,
ESTAT:LFSA_EGAN2(1.0),17/04/26 11:00:00,A,THS_PER,T,Y_GE15,G,FI,2015-01-01,283.8,,
ESTAT:LFSA_EGAN2(1.0),17/04/26 11:00:00,A,THS_PER,T,Y_GE15,G,FR,2015-01-01,3376.8,,
ESTAT:LFSA_EGAN2(1.0),17/04/26 11:00:00,A,THS_PER,T,Y_GE15,G,HR,2015-01-01,219.8,,
ESTAT:LFSA_EGAN2(1.0),17/04/26 11:00:00,A,THS_PER,T,Y_GE15,G,HU,2015-01-01,540.8,,
ESTAT:LFSA_EGAN2(1.0),17/04/26 11:00:00,A,THS_PER,T,Y_GE15,G,IE,2015-01-01,291.0,,
ESTAT:LFSA_EGAN2(1.0),17/04/26 11:00:00,A,THS_PER,T,Y_GE15,G,IS,2015-01-01,23.8,,
ESTAT:LFSA_EGAN2(1.0),17/04/26 11:00:00,A,THS_PER,T,Y_GE15,G,IT,2015-01-01,3194.0,,
ESTAT:LFSA_EGAN2(1.0),17/04/26 11:00:00,A,THS_PER,T,Y_GE15,G,LT,2015-01-01,224.6,,
ESTAT:LFSA_EGAN2(1.0),17/04/26 11:00:00,A,THS_PER,T,Y_GE15,G,LU,2015-01-01,20.8,b,
ESTAT:LFSA_EGAN2(1.0),17/04/26 11:00:00,A,THS_PER,T,Y_GE15,G,LV,2015-01-01,128.9,,
ESTAT:LFSA_EGAN2(1.0),17/04/26 11:00:00,A,THS_PER,T,Y_GE15,G,ME,2015-01-01,47.1,,
ESTAT:LFSA_EGAN2(1.0),17/04/26 11:00:00,A,THS_PER,T,Y_GE15,G,MK,2015-01-01,97.2,,
ESTAT:LFSA_EGAN2(1.0),17/04/26 11:00:00,A,THS_PER,T,Y_GE15,G,MT,2015-01-01,30.0,,
ESTAT:LFSA_EGAN2(1.0),17/04/26 11:00:00,A,THS_PER,T,Y_GE15,G,NL,2015-01-01,1233.0,,
ESTAT:LFSA_EGAN2(1.0),17/04/26 11:00:00,A,THS_PER,T,Y_GE15,G,NO,2015-01-01,358.0,,
ESTAT:LFSA_EGAN2(1.0),17/04/26 11:00:00,A,THS_PER,T,Y_GE15,G,PL,2015-01-01,2329.1,,
ESTAT:LFSA_EGAN2(1.0),17/04/26 11:00:00,A,THS_PER,T,Y_GE15,G,PT,2015-01-01,701.4,,
ESTAT:LFSA_EGAN2(1.0),17/04/26 11:00:00,A,THS_PER,T,Y_GE15,G,RO,2015-01-01,1149.0,,
ESTAT:LFSA_EGAN2(1.0),17/04/26 11:00:00,A,THS_PER,T,Y_GE15,G,RS,2015-01-01,359.8,,
ESTAT:LFSA_EGAN2(1.0),17/04/26 11:00:00,A,THS_PER,T,Y_GE15,G,SE,2015-01-01,562.8,,
ESTAT:LFSA_EGAN2(1.0),17/04/26 11:00:00,A,THS_PER,T,Y_GE15,G,SI,2015-01-01,111.4,,
ESTAT:LFSA_EGAN2(1.0),17/04/26 11:00:00,A,THS_PER,T,Y_GE15,G,SK,2015-01-01,296.8,,
ESTAT:LFSA_EGAN2(1.0),17/04/26 11:00:00,A,THS_PER,T,Y_GE15,G,TR,2015-01-01,3693.3,,
ESTAT:LFSA_EGAN2(1.0),17/04/26 11:00:00,A,THS_PER,T,Y_GE15,G,UK,2015-01-01,4066.2,,
ESTAT:LFSA_EGAN2(1.0),17/04/26 11:00:00,A,THS_PER,T,Y_GE15,H,AT,2015-01-01,206.3,,
ESTAT:LFSA_EGAN2(1.0),17/04/26 11:00:00,A,THS_PER,T,Y_GE15,H,BE,2015-01-01,248.9,,
ESTAT:LFSA_EGAN2(1.0),17/04/26 11:00:00,A,THS_PER,T,Y_GE15,H,BG,2015-01-01,184.6,,
ESTAT:LFSA_EGAN2(1.0),17/04/26 11:00:00,A,THS_PER,T,Y_GE15,H,CH,2015-01-01,201.3,,
ESTAT:LFSA_EGAN2(1.0),17/04/26 11:00:00,A,THS_PER,T,Y_GE15,H,CY,2015-01-01,14.4,,
ESTAT:LFSA_EGAN2(1.0),17/04/26 11:00:00,A,THS_PER,T,Y_GE15,H,CZ,2015-01-01,297.6,,
ESTAT:LFSA_EGAN2(1.0),17/04/26 11:00:00,A,THS_PER,T,Y_GE15,H,DE,2015-01-01,1958.2,,
ESTAT:LFSA_EGAN2(1.0),17/04/26 11:00:00,A,THS_PER,T,Y_GE15,H,DK,2015-01-01,122.9,,
ESTAT:LFSA_EGAN2(1.0),17/04/26 11:00:00,A,THS_PER,T,Y_GE15,H,EA21,2015-01-01,7474.3,,
ESTAT:LFSA_EGAN2(1.0),17/04/26 11:00:00,A,THS_PER,T,Y_GE15,H,EE,2015-01-01,46.7,,
ESTAT:LFSA_EGAN2(1.0),17/04/26 11:00:00,A,THS_PER,T,Y_GE15,H,EL,2015-01-01,168.3,,
ESTAT:LFSA_EGAN2(1.0),17/04/26 11:00:00,A,THS_PER,T,Y_GE15,H,ES,2015-01-01,870.5,,
ESTAT:LFSA_EGAN2(1.0),17/04/26 11:00:00,A,THS_PER,T,Y_GE15,H,EU27_2020,2015-01-01,9826.4,,
ESTAT:LFSA_EGAN2(1.0),17/04/26 11:00:00,A,THS_PER,T,Y_GE15,H,FI,2015-01-01,137.2,,
ESTAT:LFSA_EGAN2(1.0),17/04/26 11:00:00,A,THS_PER,T,Y_GE15,H,FR,2015-01-01,1474.9,,
ESTAT:LFSA_EGAN2(1.0),17/04/26 11:00:00,A,THS_PER,T,Y_GE15,H,HR,2015-01-01,101.4,,
ESTAT:LFSA_EGAN2(1.0),17/04/26 11:00:00,A,THS_PER,T,Y_GE15,H,HU,2015-01-01,266.8,,
ESTAT:LFSA_EGAN2(1.0),17/04/26 11:00:00,A,THS_PER,T,Y_GE15,H,IE,2015-01-01,88.8,,
ESTAT:LFSA_EGAN2(1.0),17/04/26 11:00:00,A,THS_PER,T,Y_GE15,H,IS,2015-01-01,11.3,,
ESTAT:LFSA_EGAN2(1.0),17/04/26 11:00:00,A,THS_PER,T,Y_GE15,H,IT,2015-01-01,1033.0,,
ESTAT:LFSA_EGAN2(1.0),17/04/26 11:00:00,A,THS_PER,T,Y_GE15,H,LT,2015-01-01,100.1,,
ESTAT:LFSA_EGAN2(1.0),17/04/26 11:00:00,A,THS_PER,T,Y_GE15,H,LU,2015-01-01,10.2,b,
ESTAT:LFSA_EGAN2(1.0),17/04/26 11:00:00,A,THS_PER,T,Y_GE15,H,LV,2015-01-01,85.3,,
ESTAT:LFSA_EGAN2(1.0),17/04/26 11:00:00,A,THS_PER,T,Y_GE15,H,ME,2015-01-01,13.5,,
ESTAT:LFSA_EGAN2(1.0),17/04/26 11:00:00,A,THS_PER,T,Y_GE15,H,MK,2015-01-01,35.7,,
ESTAT:LFSA_EGAN2(1.0),17/04/26 11:00:00,A,THS_PER,T,Y_GE15,H,MT,2015-01-01,9.5,,
ESTAT:LFSA_EGAN2(1.0),17/04/26 11:00:00,A,THS_PER,T,Y_GE15,H,NL,2015-01-01,356.1,,
ESTAT:LFSA_EGAN2(1.0),17/04/26 11:00:00,A,THS_PER,T,Y_GE15,H,NO,2015-01-01,144.3,,
ESTAT:LFSA_EGAN2(1.0),17/04/26 11:00:00,A,THS_PER,T,Y_GE15,H,PL,2015-01-01,944.4,,
ESTAT:LFSA_EGAN2(1.0),17/04/26 11:00:00,A,THS_PER,T,Y_GE15,H,PT,2015-01-01,173.0,,
ESTAT:LFSA_EGAN2(1.0),17/04/26 11:00:00,A,THS_PER,T,Y_GE15,H,RO,2015-01-01,475.3,,
ESTAT:LFSA_EGAN2(1.0),17/04/26 11:00:00,A,THS_PER,T,Y_GE15,H,RS,2015-01-01,130.2,,
ESTAT:LFSA_EGAN2(1.0),17/04/26 11:00:00,A,THS_PER,T,Y_GE15,H,SE,2015-01-01,245.0,,
ESTAT:LFSA_EGAN2(1.0),17/04/26 11:00:00,A,THS_PER,T,Y_GE15,H,SI,2015-01-01,45.3,,
ESTAT:LFSA_EGAN2(1.0),17/04/26 11:00:00,A,THS_PER,T,Y_GE15,H,SK,2015-01-01,161.4,,
ESTAT:LFSA_EGAN2(1.0),17/04/26 11:00:00,A,THS_PER,T,Y_GE15,H,TR,2015-01-01,1109.6,,
ESTAT:LFSA_EGAN2(1.0),17/04/26 11:00:00,A,THS_PER,T,Y_GE15,H,UK,2015-01-01,1556.9,,
ESTAT:LFSA_EGAN2(1.0),17/04/26 11:00:00,A,THS_PER,T,Y_GE15,I,AT,2015-01-01,238.8,,
ESTAT:LFSA_EGAN2(1.0),17/04/26 11:00:00,A,THS_PER,T,Y_GE15,I,BE,2015-01-01,155.6,,
ESTAT:LFSA_EGAN2(1.0),17/04/26 11:00:00,A,THS_PER,T,Y_GE15,I,BG,2015-01-01,158.3,,
ESTAT:LFSA_EGAN2(1.0),17/04/26 11:00:00,A,THS_PER,T,Y_GE15,I,CH,2015-01-01,196.4,,
ESTAT:LFSA_EGAN2(1.0),17/04/26 11:00:00,A,THS_PER,T,Y_GE15,I,CY,2015-01-01,29.3,,
ESTAT:LFSA_EGAN2(1.0),17/04/26 11:00:00,A,THS_PER,T,Y_GE15,I,CZ,2015-01-01,197.2,,
ESTAT:LFSA_EGAN2(1.0),17/04/26 11:00:00,A,THS_PER,T,Y_GE15,I,DE,2015-01-01,1548.6,,
ESTAT:LFSA_EGAN2(1.0),17/04/26 11:00:00,A,THS_PER,T,Y_GE15,I,DK,2015-01-01,107.5,,
ESTAT:LFSA_EGAN2(1.0),17/04/26 11:00:00,A,THS_PER,T,Y_GE15,I,EA21,2015-01-01,7515.9,,
ESTAT:LFSA_EGAN2(1.0),17/04/26 11:00:00,A,THS_PER,T,Y_GE15,I,EE,2015-01-01,26.2,,
ESTAT:LFSA_EGAN2(1.0),17/04/26 11:00:00,A,THS_PER,T,Y_GE15,I,EL,2015-01-01,325.5,,
ESTAT:LFSA_EGAN2(1.0),17/04/26 11:00:00,A,THS_PER,T,Y_GE15,I,ES,2015-01-01,1504.8,,
ESTAT:LFSA_EGAN2(1.0),17/04/26 11:00:00,A,THS_PER,T,Y_GE15,I,EU27_2020,2015-01-01,8702.3,,
ESTAT:LFSA_EGAN2(1.0),17/04/26 11:00:00,A,THS_PER,T,Y_GE15,I,FI,2015-01-01,87.3,,
ESTAT:LFSA_EGAN2(1.0),17/04/26 11:00:00,A,THS_PER,T,Y_GE15,I,FR,2015-01-01,998.6,,
ESTAT:LFSA_EGAN2(1.0),17/04/26 11:00:00,A,THS_PER,T,Y_GE15,I,HR,2015-01-01,99.1,,
ESTAT:LFSA_EGAN2(1.0),17/04/26 11:00:00,A,THS_PER,T,Y_GE15,I,HU,2015-01-01,188.4,,
ESTAT:LFSA_EGAN2(1.0),17/04/26 11:00:00,A,THS_PER,T,Y_GE15,I,IE,2015-01-01,148.2,,
ESTAT:LFSA_EGAN2(1.0),17/04/26 11:00:00,A,THS_PER,T,Y_GE15,I,IS,2015-01-01,11.1,,
ESTAT:LFSA_EGAN2(1.0),17/04/26 11:00:00,A,THS_PER,T,Y_GE15,I,IT,2015-01-01,1333.9,,
ESTAT:LFSA_EGAN2(1.0),17/04/26 11:00:00,A,THS_PER,T,Y_GE15,I,LT,2015-01-01,34.0,,
ESTAT:LFSA_EGAN2(1.0),17/04/26 11:00:00,A,THS_PER,T,Y_GE15,I,LU,2015-01-01,9.7,b,
ESTAT:LFSA_EGAN2(1.0),17/04/26 11:00:00,A,THS_PER,T,Y_GE15,I,LV,2015-01-01,30.4,,
ESTAT:LFSA_EGAN2(1.0),17/04/26 11:00:00,A,THS_PER,T,Y_GE15,I,ME,2015-01-01,17.5,,
ESTAT:LFSA_EGAN2(1.0),17/04/26 11:00:00,A,THS_PER,T,Y_GE15,I,MK,2015-01-01,26.9,,
ESTAT:LFSA_EGAN2(1.0),17/04/26 11:00:00,A,THS_PER,T,Y_GE15,I,MT,2015-01-01,14.4,,
ESTAT:LFSA_EGAN2(1.0),17/04/26 11:00:00,A,THS_PER,T,Y_GE15,I,NL,2015-01-01,351.8,,
ESTAT:LFSA_EGAN2(1.0),17/04/26 11:00:00,A,THS_PER,T,Y_GE15,I,NO,2015-01-01,77.1,,
ESTAT:LFSA_EGAN2(1.0),17/04/26 11:00:00,A,THS_PER,T,Y_GE15,I,PL,2015-01-01,340.0,,
ESTAT:LFSA_EGAN2(1.0),17/04/26 11:00:00,A,THS_PER,T,Y_GE15,I,PT,2015-01-01,260.2,,
ESTAT:LFSA_EGAN2(1.0),17/04/26 11:00:00,A,THS_PER,T,Y_GE15,I,RO,2015-01-01,186.0,,
ESTAT:LFSA_EGAN2(1.0),17/04/26 11:00:00,A,THS_PER,T,Y_GE15,I,RS,2015-01-01,87.6,,
ESTAT:LFSA_EGAN2(1.0),17/04/26 11:00:00,A,THS_PER,T,Y_GE15,I,SE,2015-01-01,167.2,,
ESTAT:LFSA_EGAN2(1.0),17/04/26 11:00:00,A,THS_PER,T,Y_GE15,I,SI,2015-01-01,46.5,,
ESTAT:LFSA_EGAN2(1.0),17/04/26 11:00:00,A,THS_PER,T,Y_GE15,I,SK,2015-01-01,114.8,,
ESTAT:LFSA_EGAN2(1.0),17/04/26 11:00:00,A,THS_PER,T,Y_GE15,I,TR,2015-01-01,1445.9,,
ESTAT:LFSA_EGAN2(1.0),17/04/26 11:00:00,A,THS_PER,T,Y_GE15,I,UK,2015-01-01,1637.0,,
ESTAT:LFSA_EGAN2(1.0),17/04/26 11:00:00,A,THS_PER,T,Y_GE15,J,AT,2015-01-01,117.0,,
ESTAT:LFSA_EGAN2(1.0),17/04/26 11:00:00,A,THS_PER,T,Y_GE15,J,BE,2015-01-01,141.8,,
ESTAT:LFSA_EGAN2(1.0),17/04/26 11:00:00,A,THS_PER,T,Y_GE15,J,BG,2015-01-01,87.7,,
ESTAT:LFSA_EGAN2(1.0),17/04/26 11:00:00,A,THS_PER,T,Y_GE15,J,CH,2015-01-01,146.3,,
ESTAT:LFSA_EGAN2(1.0),17/04/26 11:00:00,A,THS_PER,T,Y_GE15,J,CY,2015-01-01,9.3,,
ESTAT:LFSA_EGAN2(1.0),17/04/26 11:00:00,A,THS_PER,T,Y_GE15,J,CZ,2015-01-01,141.5,,
ESTAT:LFSA_EGAN2(1.0),17/04/26 11:00:00,A,THS_PER,T,Y_GE15,J,DE,2015-01-01,1199.2,,
ESTAT:LFSA_EGAN2(1.0),17/04/26 11:00:00,A,THS_PER,T,Y_GE15,J,DK,2015-01-01,113.6,,
ESTAT:LFSA_EGAN2(1.0),17/04/26 11:00:00,A,THS_PER,T,Y_GE15,J,EA21,2015-01-01,4269.5,,
ESTAT:LFSA_EGAN2(1.0),17/04/26 11:00:00,A,THS_PER,T,Y_GE15,J,EE,2015-01-01,24.4,,
ESTAT:LFSA_EGAN2(1.0),17/04/26 11:00:00,A,THS_PER,T,Y_GE15,J,EL,2015-01-01,72.9,,
ESTAT:LFSA_EGAN2(1.0),17/04/26 11:00:00,A,THS_PER,T,Y_GE15,J,ES,2015-01-01,530.3,,
ESTAT:LFSA_EGAN2(1.0),17/04/26 11:00:00,A,THS_PER,T,Y_GE15,J,EU27_2020,2015-01-01,5371.7,,
ESTAT:LFSA_EGAN2(1.0),17/04/26 11:00:00,A,THS_PER,T,Y_GE15,J,FI,2015-01-01,105.8,,
ESTAT:LFSA_EGAN2(1.0),17/04/26 11:00:00,A,THS_PER,T,Y_GE15,J,FR,2015-01-01,747.1,,
ESTAT:LFSA_EGAN2(1.0),17/04/26 11:00:00,A,THS_PER,T,Y_GE15,J,HR,2015-01-01,41.6,,
ESTAT:LFSA_EGAN2(1.0),17/04/26 11:00:00,A,THS_PER,T,Y_GE15,J,HU,2015-01-01,102.6,,
ESTAT:LFSA_EGAN2(1.0),17/04/26 11:00:00,A,THS_PER,T,Y_GE15,J,IE,2015-01-01,101.7,,
ESTAT:LFSA_EGAN2(1.0),17/04/26 11:00:00,A,THS_PER,T,Y_GE15,J,IS,2015-01-01,9.3,,
ESTAT:LFSA_EGAN2(1.0),17/04/26 11:00:00,A,THS_PER,T,Y_GE15,J,IT,2015-01-01,561.5,,
ESTAT:LFSA_EGAN2(1.0),17/04/26 11:00:00,A,THS_PER,T,Y_GE15,J,LT,2015-01-01,27.2,,
ESTAT:LFSA_EGAN2(1.0),17/04/26 11:00:00,A,THS_PER,T,Y_GE15,J,LU,2015-01-01,9.1,b,
ESTAT:LFSA_EGAN2(1.0),17/04/26 11:00:00,A,THS_PER,T,Y_GE15,J,LV,2015-01-01,26.0,,
ESTAT:LFSA_EGAN2(1.0),17/04/26 11:00:00,A,THS_PER,T,Y_GE15,J,ME,2015-01-01,5.0,,
ESTAT:LFSA_EGAN2(1.0),17/04/26 11:00:00,A,THS_PER,T,Y_GE15,J,MK,2015-01-01,14.5,,
ESTAT:LFSA_EGAN2(1.0),17/04/26 11:00:00,A,THS_PER,T,Y_GE15,J,MT,2015-01-01,7.7,,
ESTAT:LFSA_EGAN2(1.0),17/04/26 11:00:00,A,THS_PER,T,Y_GE15,J,NL,2015-01-01,255.9,,
ESTAT:LFSA_EGAN2(1.0),17/04/26 11:00:00,A,THS_PER,T,Y_GE15,J,NO,2015-01-01,100.0,,
ESTAT:LFSA_EGAN2(1.0),17/04/26 11:00:00,A,THS_PER,T,Y_GE15,J,PL,2015-01-01,369.0,,
ESTAT:LFSA_EGAN2(1.0),17/04/26 11:00:00,A,THS_PER,T,Y_GE15,J,PT,2015-01-01,104.3,,
ESTAT:LFSA_EGAN2(1.0),17/04/26 11:00:00,A,THS_PER,T,Y_GE15,J,RO,2015-01-01,172.8,,
ESTAT:LFSA_EGAN2(1.0),17/04/26 11:00:00,A,THS_PER,T,Y_GE15,J,RS,2015-01-01,59.8,,
ESTAT:LFSA_EGAN2(1.0),17/04/26 11:00:00,A,THS_PER,T,Y_GE15,J,SE,2015-01-01,202.7,,
ESTAT:LFSA_EGAN2(1.0),17/04/26 11:00:00,A,THS_PER,T,Y_GE15,J,SI,2015-01-01,33.5,,
ESTAT:LFSA_EGAN2(1.0),17/04/26 11:00:00,A,THS_PER,T,Y_GE15,J,SK,2015-01-01,65.5,,
ESTAT:LFSA_EGAN2(1.0),17/04/26 11:00:00,A,THS_PER,T,Y_GE15,J,TR,2015-01-01,253.2,,
ESTAT:LFSA_EGAN2(1.0),17/04/26 11:00:00,A,THS_PER,T,Y_GE15,J,UK,2015-01-01,1262.3,,
ESTAT:LFSA_EGAN2(1.0),17/04/26 11:00:00,A,THS_PER,T,Y_GE15,K,AT,2015-01-01,134.3,,
ESTAT:LFSA_EGAN2(1.0),17/04/26 11:00:00,A,THS_PER,T,Y_GE15,K,BE,2015-01-01,148.6,,
ESTAT:LFSA_EGAN2(1.0),17/04/26 11:00:00,A,THS_PER,T,Y_GE15,K,BG,2015-01-01,62.3,,
ESTAT:LFSA_EGAN2(1.0),17/04/26 11:00:00,A,THS_PER,T,Y_GE15,K,CH,2015-01-01,232.8,,
ESTAT:LFSA_EGAN2(1.0),17/04/26 11:00:00,A,THS_PER,T,Y_GE15,K,CY,2015-01-01,17.4,,
ESTAT:LFSA_EGAN2(1.0),17/04/26 11:00:00,A,THS_PER,T,Y_GE15,K,CZ,2015-01-01,118.1,,
ESTAT:LFSA_EGAN2(1.0),17/04/26 11:00:00,A,THS_PER,T,Y_GE15,K,DE,2015-01-01,1248.0,,
ESTAT:LFSA_EGAN2(1.0),17/04/26 11:00:00,A,THS_PER,T,Y_GE15,K,DK,2015-01-01,76.2,,
ESTAT:LFSA_EGAN2(1.0),17/04/26 11:00:00,A,THS_PER,T,Y_GE15,K,EA21,2015-01-01,4382.7,,
ESTAT:LFSA_EGAN2(1.0),17/04/26 11:00:00,A,THS_PER,T,Y_GE15,K,EE,2015-01-01,8.9,,
ESTAT:LFSA_EGAN2(1.0),17/04/26 11:00:00,A,THS_PER,T,Y_GE15,K,EL,2015-01-01,88.2,,
ESTAT:LFSA_EGAN2(1.0),17/04/26 11:00:00,A,THS_PER,T,Y_GE15,K,ES,2015-01-01,454.1,,
ESTAT:LFSA_EGAN2(1.0),17/04/26 11:00:00,A,THS_PER,T,Y_GE15,K,EU27_2020,2015-01-01,5261.7,,
ESTAT:LFSA_EGAN2(1.0),17/04/26 11:00:00,A,THS_PER,T,Y_GE15,K,FI,2015-01-01,48.7,,
ESTAT:LFSA_EGAN2(1.0),17/04/26 11:00:00,A,THS_PER,T,Y_GE15,K,FR,2015-01-01,881.2,,
ESTAT:LFSA_EGAN2(1.0),17/04/26 11:00:00,A,THS_PER,T,Y_GE15,K,HR,2015-01-01,38.0,,
ESTAT:LFSA_EGAN2(1.0),17/04/26 11:00:00,A,THS_PER,T,Y_GE15,K,HU,2015-01-01,87.8,,
ESTAT:LFSA_EGAN2(1.0),17/04/26 11:00:00,A,THS_PER,T,Y_GE15,K,IE,2015-01-01,94.5,,
ESTAT:LFSA_EGAN2(1.0),17/04/26 11:00:00,A,THS_PER,T,Y_GE15,K,IS,2015-01-01,6.3,,
ESTAT:LFSA_EGAN2(1.0),17/04/26 11:00:00,A,THS_PER,T,Y_GE15,K,IT,2015-01-01,643.7,,
ESTAT:LFSA_EGAN2(1.0),17/04/26 11:00:00,A,THS_PER,T,Y_GE15,K,LT,2015-01-01,18.6,,
ESTAT:LFSA_EGAN2(1.0),17/04/26 11:00:00,A,THS_PER,T,Y_GE15,K,LU,2015-01-01,26.2,b,
ESTAT:LFSA_EGAN2(1.0),17/04/26 11:00:00,A,THS_PER,T,Y_GE15,K,LV,2015-01-01,20.6,,
ESTAT:LFSA_EGAN2(1.0),17/04/26 11:00:00,A,THS_PER,T,Y_GE15,K,ME,2015-01-01,4.2,,
ESTAT:LFSA_EGAN2(1.0),17/04/26 11:00:00,A,THS_PER,T,Y_GE15,K,MK,2015-01-01,10.1,,
ESTAT:LFSA_EGAN2(1.0),17/04/26 11:00:00,A,THS_PER,T,Y_GE15,K,MT,2015-01-01,9.5,,
ESTAT:LFSA_EGAN2(1.0),17/04/26 11:00:00,A,THS_PER,T,Y_GE15,K,NL,2015-01-01,268.2,,
ESTAT:LFSA_EGAN2(1.0),17/04/26 11:00:00,A,THS_PER,T,Y_GE15,K,NO,2015-01-01,53.8,,
ESTAT:LFSA_EGAN2(1.0),17/04/26 11:00:00,A,THS_PER,T,Y_GE15,K,PL,2015-01-01,394.6,,
ESTAT:LFSA_EGAN2(1.0),17/04/26 11:00:00,A,THS_PER,T,Y_GE15,K,PT,2015-01-01,109.1,,
ESTAT:LFSA_EGAN2(1.0),17/04/26 11:00:00,A,THS_PER,T,Y_GE15,K,RO,2015-01-01,104.8,,
ESTAT:LFSA_EGAN2(1.0),17/04/26 11:00:00,A,THS_PER,T,Y_GE15,K,RS,2015-01-01,48.0,,
ESTAT:LFSA_EGAN2(1.0),17/04/26 11:00:00,A,THS_PER,T,Y_GE15,K,SE,2015-01-01,97.5,,
ESTAT:LFSA_EGAN2(1.0),17/04/26 11:00:00,A,THS_PER,T,Y_GE15,K,SI,2015-01-01,23.2,,
ESTAT:LFSA_EGAN2(1.0),17/04/26 11:00:00,A,THS_PER,T,Y_GE15,K,SK,2015-01-01,39.4,,
ESTAT:LFSA_EGAN2(1.0),17/04/26 11:00:00,A,THS_PER,T,Y_GE15,K,TR,2015-01-01,296.2,,
ESTAT:LFSA_EGAN2(1.0),17/04/26 11:00:00,A,THS_PER,T,Y_GE15,K,UK,2015-01-01,1234.4,,
ESTAT:LFSA_EGAN2(1.0),17/04/26 11:00:00,A,THS_PER,T,Y_GE15,O,AT,2015-01-01,279.7,,
ESTAT:LFSA_EGAN2(1.0),17/04/26 11:00:00,A,THS_PER,T,Y_GE15,O,BE,2015-01-01,379.7,,
ESTAT:LFSA_EGAN2(1.0),17/04/26 11:00:00,A,THS_PER,T,Y_GE15,O,BG,2015-01-01,224.4,,
ESTAT:LFSA_EGAN2(1.0),17/04/26 11:00:00,A,THS_PER,T,Y_GE15,O,CH,2015-01-01,208.5,,
ESTAT:LFSA_EGAN2(1.0),17/04/26 11:00:00,A,THS_PER,T,Y_GE15,O,CY,2015-01-01,28.9,,
ESTAT:LFSA_EGAN2(1.0),17/04/26 11:00:00,A,THS_PER,T,Y_GE15,O,CZ,2015-01-01,316.2,,
ESTAT:LFSA_EGAN2(1.0),17/04/26 11:00:00,A,THS_PER,T,Y_GE15,O,DE,2015-01-01,2757.4,,
ESTAT:LFSA_EGAN2(1.0),17/04/26 11:00:00,A,THS_PER,T,Y_GE15,O,DK,2015-01-01,145.2,,
ESTAT:LFSA_EGAN2(1.0),17/04/26 11:00:00,A,THS_PER,T,Y_GE15,O,EA21,2015-01-01,10635.2,,
ESTAT:LFSA_EGAN2(1.0),17/04/26 11:00:00,A,THS_PER,T,Y_GE15,O,EE,2015-01-01,40.2,,
ESTAT:LFSA_EGAN2(1.0),17/04/26 11:00:00,A,THS_PER,T,Y_GE15,O,EL,2015-01-01,312.7,,
ESTAT:LFSA_EGAN2(1.0),17/04/26 11:00:00,A,THS_PER,T,Y_GE15,O,ES,2015-01-01,1325.1,,
ESTAT:LFSA_EGAN2(1.0),17/04/26 11:00:00,A,THS_PER,T,Y_GE15,O,EU27_2020,2015-01-01,13349.4,,
ESTAT:LFSA_EGAN2(1.0),17/04/26 11:00:00,A,THS_PER,T,Y_GE15,O,FI,2015-01-01,106.0,,
ESTAT:LFSA_EGAN2(1.0),17/04/26 11:00:00,A,THS_PER,T,Y_GE15,O,FR,2015-01-01,2439.8,,
ESTAT:LFSA_EGAN2(1.0),17/04/26 11:00:00,A,THS_PER,T,Y_GE15,O,HR,2015-01-01,107.2,,
ESTAT:LFSA_EGAN2(1.0),17/04/26 11:00:00,A,THS_PER,T,Y_GE15,O,HU,2015-01-01,423.4,,
ESTAT:LFSA_EGAN2(1.0),17/04/26 11:00:00,A,THS_PER,T,Y_GE15,O,IE,2015-01-01,92.5,,
ESTAT:LFSA_EGAN2(1.0),17/04/26 11:00:00,A,THS_PER,T,Y_GE15,O,IS,2015-01-01,7.5,,
ESTAT:LFSA_EGAN2(1.0),17/04/26 11:00:00,A,THS_PER,T,Y_GE15,O,IT,2015-01-01,1293.3,,
ESTAT:LFSA_EGAN2(1.0),17/04/26 11:00:00,A,THS_PER,T,Y_GE15,O,LT,2015-01-01,81.6,,
ESTAT:LFSA_EGAN2(1.0),17/04/26 11:00:00,A,THS_PER,T,Y_GE15,O,LU,2015-01-01,27.1,b,
ESTAT:LFSA_EGAN2(1.0),17/04/26 11:00:00,A,THS_PER,T,Y_GE15,O,LV,2015-01-01,59.1,,
ESTAT:LFSA_EGAN2(1.0),17/04/26 11:00:00,A,THS_PER,T,Y_GE15,O,ME,2015-01-01,21.2,,
ESTAT:LFSA_EGAN2(1.0),17/04/26 11:00:00,A,THS_PER,T,Y_GE15,O,MK,2015-01-01,51.7,,
ESTAT:LFSA_EGAN2(1.0),17/04/26 11:00:00,A,THS_PER,T,Y_GE15,O,MT,2015-01-01,16.0,,
ESTAT:LFSA_EGAN2(1.0),17/04/26 11:00:00,A,THS_PER,T,Y_GE15,O,NL,2015-01-01,484.8,,
ESTAT:LFSA_EGAN2(1.0),17/04/26 11:00:00,A,THS_PER,T,Y_GE15,O,NO,2015-01-01,163.8,,
ESTAT:LFSA_EGAN2(1.0),17/04/26 11:00:00,A,THS_PER,T,Y_GE15,O,PL,2015-01-01,1074.8,,
ESTAT:LFSA_EGAN2(1.0),17/04/26 11:00:00,A,THS_PER,T,Y_GE15,O,PT,2015-01-01,306.8,,
ESTAT:LFSA_EGAN2(1.0),17/04/26 11:00:00,A,THS_PER,T,Y_GE15,O,RO,2015-01-01,441.7,,
ESTAT:LFSA_EGAN2(1.0),17/04/26 11:00:00,A,THS_PER,T,Y_GE15,O,RS,2015-01-01,148.3,,
ESTAT:LFSA_EGAN2(1.0),17/04/26 11:00:00,A,THS_PER,T,Y_GE15,O,SE,2015-01-01,312.7,,
ESTAT:LFSA_EGAN2(1.0),17/04/26 11:00:00,A,THS_PER,T,Y_GE15,O,SI,2015-01-01,55.4,,
ESTAT:LFSA_EGAN2(1.0),17/04/26 11:00:00,A,THS_PER,T,Y_GE15,O,SK,2015-01-01,217.3,,
ESTAT:LFSA_EGAN2(1.0),17/04/26 11:00:00,A,THS_PER,T,Y_GE15,O,TR,2015-01-01,1457.6,,
ESTAT:LFSA_EGAN2(1.0),17/04/26 11:00:00,A,THS_PER,T,Y_GE15,O,UK,2015-01-01,1846.8,,
ESTAT:LFSA_EGAN2(1.0),17/04/26 11:00:00,A,THS_PER,T,Y_GE15,P,AT,2015-01-01,283.5,,
ESTAT:LFSA_EGAN2(1.0),17/04/26 11:00:00,A,THS_PER,T,Y_GE15,P,BE,2015-01-01,422.4,,
ESTAT:LFSA_EGAN2(1.0),17/04/26 11:00:00,A,THS_PER,T,Y_GE15,P,BG,2015-01-01,185.6,,
ESTAT:LFSA_EGAN2(1.0),17/04/26 11:00:00,A,THS_PER,T,Y_GE15,P,CH,2015-01-01,322.7,,
ESTAT:LFSA_EGAN2(1.0),17/04/26 11:00:00,A,THS_PER,T,Y_GE15,P,CY,2015-01-01,28.6,,
ESTAT:LFSA_EGAN2(1.0),17/04/26 11:00:00,A,THS_PER,T,Y_GE15,P,CZ,2015-01-01,322.8,,
ESTAT:LFSA_EGAN2(1.0),17/04/26 11:00:00,A,THS_PER,T,Y_GE15,P,DE,2015-01-01,2637.7,,
ESTAT:LFSA_EGAN2(1.0),17/04/26 11:00:00,A,THS_PER,T,Y_GE15,P,DK,2015-01-01,260.7,,
ESTAT:LFSA_EGAN2(1.0),17/04/26 11:00:00,A,THS_PER,T,Y_GE15,P,EA21,2015-01-01,10499.2,,
ESTAT:LFSA_EGAN2(1.0),17/04/26 11:00:00,A,THS_PER,T,Y_GE15,P,EE,2015-01-01,58.6,,
ESTAT:LFSA_EGAN2(1.0),17/04/26 11:00:00,A,THS_PER,T,Y_GE15,P,EL,2015-01-01,294.0,,
ESTAT:LFSA_EGAN2(1.0),17/04/26 11:00:00,A,THS_PER,T,Y_GE15,P,ES,2015-01-01,1182.3,,
ESTAT:LFSA_EGAN2(1.0),17/04/26 11:00:00,A,THS_PER,T,Y_GE15,P,EU27_2020,2015-01-01,13538.8,,
ESTAT:LFSA_EGAN2(1.0),17/04/26 11:00:00,A,THS_PER,T,Y_GE15,P,FI,2015-01-01,178.7,,
ESTAT:LFSA_EGAN2(1.0),17/04/26 11:00:00,A,THS_PER,T,Y_GE15,P,FR,2015-01-01,2003.8,,
ESTAT:LFSA_EGAN2(1.0),17/04/26 11:00:00,A,THS_PER,T,Y_GE15,P,HR,2015-01-01,117.5,,
ESTAT:LFSA_EGAN2(1.0),17/04/26 11:00:00,A,THS_PER,T,Y_GE15,P,HU,2015-01-01,317.7,,
ESTAT:LFSA_EGAN2(1.0),17/04/26 11:00:00,A,THS_PER,T,Y_GE15,P,IE,2015-01-01,149.3,,
ESTAT:LFSA_EGAN2(1.0),17/04/26 11:00:00,A,THS_PER,T,Y_GE15,P,IS,2015-01-01,23.5,,
ESTAT:LFSA_EGAN2(1.0),17/04/26 11:00:00,A,THS_PER,T,Y_GE15,P,IT,2015-01-01,1508.6,,
ESTAT:LFSA_EGAN2(1.0),17/04/26 11:00:00,A,THS_PER,T,Y_GE15,P,LT,2015-01-01,132.2,,
ESTAT:LFSA_EGAN2(1.0),17/04/26 11:00:00,A,THS_PER,T,Y_GE15,P,LU,2015-01-01,20.0,b,
ESTAT:LFSA_EGAN2(1.0),17/04/26 11:00:00,A,THS_PER,T,Y_GE15,P,LV,2015-01-01,83.4,,
ESTAT:LFSA_EGAN2(1.0),17/04/26 11:00:00,A,THS_PER,T,Y_GE15,P,ME,2015-01-01,13.5,,
ESTAT:LFSA_EGAN2(1.0),17/04/26 11:00:00,A,THS_PER,T,Y_GE15,P,MK,2015-01-01,41.2,,
ESTAT:LFSA_EGAN2(1.0),17/04/26 11:00:00,A,THS_PER,T,Y_GE15,P,MT,2015-01-01,19.0,,
ESTAT:LFSA_EGAN2(1.0),17/04/26 11:00:00,A,THS_PER,T,Y_GE15,P,NL,2015-01-01,557.4,,
ESTAT:LFSA_EGAN2(1.0),17/04/26 11:00:00,A,THS_PER,T,Y_GE15,P,NO,2015-01-01,227.1,,
ESTAT:LFSA_EGAN2(1.0),17/04/26 11:00:00,A,THS_PER,T,Y_GE15,P,PL,2015-01-01,1232.7,,
ESTAT:LFSA_EGAN2(1.0),17/04/26 11:00:00,A,THS_PER,T,Y_GE15,P,PT,2015-01-01,380.7,,
ESTAT:LFSA_EGAN2(1.0),17/04/26 11:00:00,A,THS_PER,T,Y_GE15,P,RO,2015-01-01,355.0,,
ESTAT:LFSA_EGAN2(1.0),17/04/26 11:00:00,A,THS_PER,T,Y_GE15,P,RS,2015-01-01,161.8,,
ESTAT:LFSA_EGAN2(1.0),17/04/26 11:00:00,A,THS_PER,T,Y_GE15,P,SE,2015-01-01,550.8,,
ESTAT:LFSA_EGAN2(1.0),17/04/26 11:00:00,A,THS_PER,T,Y_GE15,P,SI,2015-01-01,80.6,,
ESTAT:LFSA_EGAN2(1.0),17/04/26 11:00:00,A,THS_PER,T,Y_GE15,P,SK,2015-01-01,175.2,,
ESTAT:LFSA_EGAN2(1.0),17/04/26 11:00:00,A,THS_PER,T,Y_GE15,P,TR,2015-01-01,1419.5,,
ESTAT:LFSA_EGAN2(1.0),17/04/26 11:00:00,A,THS_PER,T,Y_GE15,P,UK,2015-01-01,3278.8,,
ESTAT:LFSA_EGAN2(1.0),17/04/26 11:00:00,A,THS_PER,T,Y_GE15,Q,AT,2015-01-01,420.6,,
ESTAT:LFSA_EGAN2(1.0),17/04/26 11:00:00,A,THS_PER,T,Y_GE15,Q,BE,2015-01-01,668.0,,
ESTAT:LFSA_EGAN2(1.0),17/04/26 11:00:00,A,THS_PER,T,Y_GE15,Q,BG,2015-01-01,162.6,,
ESTAT:LFSA_EGAN2(1.0),17/04/26 11:00:00,A,THS_PER,T,Y_GE15,Q,CH,2015-01-01,609.2,,
ESTAT:LFSA_EGAN2(1.0),17/04/26 11:00:00,A,THS_PER,T,Y_GE15,Q,CY,2015-01-01,18.3,,
ESTAT:LFSA_EGAN2(1.0),17/04/26 11:00:00,A,THS_PER,T,Y_GE15,Q,CZ,2015-01-01,351.6,,
ESTAT:LFSA_EGAN2(1.0),17/04/26 11:00:00,A,THS_PER,T,Y_GE15,Q,DE,2015-01-01,5106.0,,
ESTAT:LFSA_EGAN2(1.0),17/04/26 11:00:00,A,THS_PER,T,Y_GE15,Q,DK,2015-01-01,478.7,,
ESTAT:LFSA_EGAN2(1.0),17/04/26 11:00:00,A,THS_PER,T,Y_GE15,Q,EA21,2015-01-01,16644.4,,
ESTAT:LFSA_EGAN2(1.0),17/04/26 11:00:00,A,THS_PER,T,Y_GE15,Q,EE,2015-01-01,38.1,,
ESTAT:LFSA_EGAN2(1.0),17/04/26 11:00:00,A,THS_PER,T,Y_GE15,Q,EL,2015-01-01,214.2,,
ESTAT:LFSA_EGAN2(1.0),17/04/26 11:00:00,A,THS_PER,T,Y_GE15,Q,ES,2015-01-01,1442.1,,
ESTAT:LFSA_EGAN2(1.0),17/04/26 11:00:00,A,THS_PER,T,Y_GE15,Q,EU27_2020,2015-01-01,19819.2,,
ESTAT:LFSA_EGAN2(1.0),17/04/26 11:00:00,A,THS_PER,T,Y_GE15,Q,FI,2015-01-01,404.5,,
ESTAT:LFSA_EGAN2(1.0),17/04/26 11:00:00,A,THS_PER,T,Y_GE15,Q,FR,2015-01-01,3876.8,,
ESTAT:LFSA_EGAN2(1.0),17/04/26 11:00:00,A,THS_PER,T,Y_GE15,Q,HR,2015-01-01,103.1,,
ESTAT:LFSA_EGAN2(1.0),17/04/26 11:00:00,A,THS_PER,T,Y_GE15,Q,HU,2015-01-01,275.3,,
ESTAT:LFSA_EGAN2(1.0),17/04/26 11:00:00,A,THS_PER,T,Y_GE15,Q,IE,2015-01-01,268.9,,
ESTAT:LFSA_EGAN2(1.0),17/04/26 11:00:00,A,THS_PER,T,Y_GE15,Q,IS,2015-01-01,20.9,,
ESTAT:LFSA_EGAN2(1.0),17/04/26 11:00:00,A,THS_PER,T,Y_GE15,Q,IT,2015-01-01,1796.3,,
ESTAT:LFSA_EGAN2(1.0),17/04/26 11:00:00,A,THS_PER,T,Y_GE15,Q,LT,2015-01-01,89.8,,
ESTAT:LFSA_EGAN2(1.0),17/04/26 11:00:00,A,THS_PER,T,Y_GE15,Q,LU,2015-01-01,26.5,b,
ESTAT:LFSA_EGAN2(1.0),17/04/26 11:00:00,A,THS_PER,T,Y_GE15,Q,LV,2015-01-01,55.8,,
ESTAT:LFSA_EGAN2(1.0),17/04/26 11:00:00,A,THS_PER,T,Y_GE15,Q,ME,2015-01-01,11.7,,
ESTAT:LFSA_EGAN2(1.0),17/04/26 11:00:00,A,THS_PER,T,Y_GE15,Q,MK,2015-01-01,36.5,,
ESTAT:LFSA_EGAN2(1.0),17/04/26 11:00:00,A,THS_PER,T,Y_GE15,Q,MT,2015-01-01,17.4,,
ESTAT:LFSA_EGAN2(1.0),17/04/26 11:00:00,A,THS_PER,T,Y_GE15,Q,NL,2015-01-01,1291.0,,
ESTAT:LFSA_EGAN2(1.0),17/04/26 11:00:00,A,THS_PER,T,Y_GE15,Q,NO,2015-01-01,521.6,,
ESTAT:LFSA_EGAN2(1.0),17/04/26 11:00:00,A,THS_PER,T,Y_GE15,Q,PL,2015-01-01,946.7,,
ESTAT:LFSA_EGAN2(1.0),17/04/26 11:00:00,A,THS_PER,T,Y_GE15,Q,PT,2015-01-01,403.7,,
ESTAT:LFSA_EGAN2(1.0),17/04/26 11:00:00,A,THS_PER,T,Y_GE15,Q,RO,2015-01-01,387.9,,
ESTAT:LFSA_EGAN2(1.0),17/04/26 11:00:00,A,THS_PER,T,Y_GE15,Q,RS,2015-01-01,153.8,,
ESTAT:LFSA_EGAN2(1.0),17/04/26 11:00:00,A,THS_PER,T,Y_GE15,Q,SE,2015-01-01,734.6,,
ESTAT:LFSA_EGAN2(1.0),17/04/26 11:00:00,A,THS_PER,T,Y_GE15,Q,SI,2015-01-01,59.7,,
ESTAT:LFSA_EGAN2(1.0),17/04/26 11:00:00,A,THS_PER,T,Y_GE15,Q,SK,2015-01-01,181.0,,
ESTAT:LFSA_EGAN2(1.0),17/04/26 11:00:00,A,THS_PER,T,Y_GE15,Q,TR,2015-01-01,1055.8,,
ESTAT:LFSA_EGAN2(1.0),17/04/26 11:00:00,A,THS_PER,T,Y_GE15,Q,UK,2015-01-01,4147.1,,
ESTAT:LFSA_EGAN2(1.0),17/04/26 11:00:00,A,THS_PER,T,Y_GE15,TOTAL,AT,2015-01-01,4148.3,,
ESTAT:LFSA_EGAN2(1.0),17/04/26 11:00:00,A,THS_PER,T,Y_GE15,TOTAL,BE,2015-01-01,4551.6,,
ESTAT:LFSA_EGAN2(1.0),17/04/26 11:00:00,A,THS_PER,T,Y_GE15,TOTAL,BG,2015-01-01,3031.9,,
ESTAT:LFSA_EGAN2(1.0),17/04/26 11:00:00,A,THS_PER,T,Y_GE15,TOTAL,CH,2015-01-01,4538.0,,
ESTAT:LFSA_EGAN2(1.0),17/04/26 11:00:00,A,THS_PER,T,Y_GE15,TOTAL,CY,2015-01-01,358.2,,
ESTAT:LFSA_EGAN2(1.0),17/04/26 11:00:00,A,THS_PER,T,Y_GE15,TOTAL,CZ,2015-01-01,5041.9,,
ESTAT:LFSA_EGAN2(1.0),17/04/26 11:00:00,A,THS_PER,T,Y_GE15,TOTAL,DE,2015-01-01,40208.7,,
ESTAT:LFSA_EGAN2(1.0),17/04/26 11:00:00,A,THS_PER,T,Y_GE15,TOTAL,DK,2015-01-01,2709.0,,
ESTAT:LFSA_EGAN2(1.0),17/04/26 11:00:00,A,THS_PER,T,Y_GE15,TOTAL,EA21,2015-01-01,148261.7,,
ESTAT:LFSA_EGAN2(1.0),17/04/26 11:00:00,A,THS_PER,T,Y_GE15,TOTAL,EE,2015-01-01,632.8,,
ESTAT:LFSA_EGAN2(1.0),17/04/26 11:00:00,A,THS_PER,T,Y_GE15,TOTAL,EL,2015-01-01,3610.7,,
ESTAT:LFSA_EGAN2(1.0),17/04/26 11:00:00,A,THS_PER,T,Y_GE15,TOTAL,ES,2015-01-01,17865.6,,
ESTAT:LFSA_EGAN2(1.0),17/04/26 11:00:00,A,THS_PER,T,Y_GE15,TOTAL,EU27_2020,2015-01-01,189678.5,,
ESTAT:LFSA_EGAN2(1.0),17/04/26 11:00:00,A,THS_PER,T,Y_GE15,TOTAL,FI,2015-01-01,2436.8,,
ESTAT:LFSA_EGAN2(1.0),17/04/26 11:00:00,A,THS_PER,T,Y_GE15,TOTAL,FR,2015-01-01,26441.8,,
ESTAT:LFSA_EGAN2(1.0),17/04/26 11:00:00,A,THS_PER,T,Y_GE15,TOTAL,HR,2015-01-01,1552.3,,
ESTAT:LFSA_EGAN2(1.0),17/04/26 11:00:00,A,THS_PER,T,Y_GE15,TOTAL,HU,2015-01-01,4210.5,,
ESTAT:LFSA_EGAN2(1.0),17/04/26 11:00:00,A,THS_PER,T,Y_GE15,TOTAL,IE,2015-01-01,2056.9,,
ESTAT:LFSA_EGAN2(1.0),17/04/26 11:00:00,A,THS_PER,T,Y_GE15,TOTAL,IS,2015-01-01,183.6,,
ESTAT:LFSA_EGAN2(1.0),17/04/26 11:00:00,A,THS_PER,T,Y_GE15,TOTAL,IT,2015-01-01,22464.2,,
ESTAT:LFSA_EGAN2(1.0),17/04/26 11:00:00,A,THS_PER,T,Y_GE15,TOTAL,LT,2015-01-01,1334.9,,
ESTAT:LFSA_EGAN2(1.0),17/04/26 11:00:00,A,THS_PER,T,Y_GE15,TOTAL,LU,2015-01-01,257.5,b,
ESTAT:LFSA_EGAN2(1.0),17/04/26 11:00:00,A,THS_PER,T,Y_GE15,TOTAL,LV,2015-01-01,896.1,,
ESTAT:LFSA_EGAN2(1.0),17/04/26 11:00:00,A,THS_PER,T,Y_GE15,TOTAL,ME,2015-01-01,221.7,,
ESTAT:LFSA_EGAN2(1.0),17/04/26 11:00:00,A,THS_PER,T,Y_GE15,TOTAL,MK,2015-01-01,706.0,,
ESTAT:LFSA_EGAN2(1.0),17/04/26 11:00:00,A,THS_PER,T,Y_GE15,TOTAL,MT,2015-01-01,198.3,,
ESTAT:LFSA_EGAN2(1.0),17/04/26 11:00:00,A,THS_PER,T,Y_GE15,TOTAL,NL,2015-01-01,8318.1,,
ESTAT:LFSA_EGAN2(1.0),17/04/26 11:00:00,A,THS_PER,T,Y_GE15,TOTAL,NO,2015-01-01,2641.0,,
ESTAT:LFSA_EGAN2(1.0),17/04/26 11:00:00,A,THS_PER,T,Y_GE15,TOTAL,PL,2015-01-01,16083.2,,
ESTAT:LFSA_EGAN2(1.0),17/04/26 11:00:00,A,THS_PER,T,Y_GE15,TOTAL,PT,2015-01-01,4555.8,,
ESTAT:LFSA_EGAN2(1.0),17/04/26 11:00:00,A,THS_PER,T,Y_GE15,TOTAL,RO,2015-01-01,8535.4,,
ESTAT:LFSA_EGAN2(1.0),17/04/26 11:00:00,A,THS_PER,T,Y_GE15,TOTAL,RS,2015-01-01,2573.2,,
ESTAT:LFSA_EGAN2(1.0),17/04/26 11:00:00,A,THS_PER,T,Y_GE15,TOTAL,SE,2015-01-01,4836.8,,
ESTAT:LFSA_EGAN2(1.0),17/04/26 11:00:00,A,THS_PER,T,Y_GE15,TOTAL,SI,2015-01-01,917.4,,
ESTAT:LFSA_EGAN2(1.0),17/04/26 11:00:00,A,THS_PER,T,Y_GE15,TOTAL,SK,2015-01-01,2424.0,,
ESTAT:LFSA_EGAN2(1.0),17/04/26 11:00:00,A,THS_PER,T,Y_GE15,TOTAL,TR,2015-01-01,26616.8,,
ESTAT:LFSA_EGAN2(1.0),17/04/26 11:00:00,A,THS_PER,T,Y_GE15,TOTAL,UK,2015-01-01,31194.6,,
ESTAT:LFSA_EGAN2(1.0),17/04/26 11:00:00,A,THS_PER,T,Y_GE15,A,AT,2016-01-01,183.5,,
ESTAT:LFSA_EGAN2(1.0),17/04/26 11:00:00,A,THS_PER,T,Y_GE15,A,BE,2016-01-01,57.4,,
ESTAT:LFSA_EGAN2(1.0),17/04/26 11:00:00,A,THS_PER,T,Y_GE15,A,BG,2016-01-01,203.7,,
ESTAT:LFSA_EGAN2(1.0),17/04/26 11:00:00,A,THS_PER,T,Y_GE15,A,CH,2016-01-01,150.7,,
ESTAT:LFSA_EGAN2(1.0),17/04/26 11:00:00,A,THS_PER,T,Y_GE15,A,CY,2016-01-01,13.2,,
ESTAT:LFSA_EGAN2(1.0),17/04/26 11:00:00,A,THS_PER,T,Y_GE15,A,CZ,2016-01-01,149.1,,
ESTAT:LFSA_EGAN2(1.0),17/04/26 11:00:00,A,THS_PER,T,Y_GE15,A,DE,2016-01-01,539.9,,
ESTAT:LFSA_EGAN2(1.0),17/04/26 11:00:00,A,THS_PER,T,Y_GE15,A,DK,2016-01-01,63.8,b,
ESTAT:LFSA_EGAN2(1.0),17/04/26 11:00:00,A,THS_PER,T,Y_GE15,A,EA21,2016-01-01,5005.5,,
ESTAT:LFSA_EGAN2(1.0),17/04/26 11:00:00,A,THS_PER,T,Y_GE15,A,EE,2016-01-01,24.8,,
ESTAT:LFSA_EGAN2(1.0),17/04/26 11:00:00,A,THS_PER,T,Y_GE15,A,EL,2016-01-01,454.5,,
ESTAT:LFSA_EGAN2(1.0),17/04/26 11:00:00,A,THS_PER,T,Y_GE15,A,ES,2016-01-01,774.5,,
ESTAT:LFSA_EGAN2(1.0),17/04/26 11:00:00,A,THS_PER,T,Y_GE15,A,EU27_2020,2016-01-01,9189.2,,
ESTAT:LFSA_EGAN2(1.0),17/04/26 11:00:00,A,THS_PER,T,Y_GE15,A,FI,2016-01-01,94.3,,
ESTAT:LFSA_EGAN2(1.0),17/04/26 11:00:00,A,THS_PER,T,Y_GE15,A,FR,2016-01-01,751.5,,
ESTAT:LFSA_EGAN2(1.0),17/04/26 11:00:00,A,THS_PER,T,Y_GE15,A,HR,2016-01-01,115.4,,
ESTAT:LFSA_EGAN2(1.0),17/04/26 11:00:00,A,THS_PER,T,Y_GE15,A,HU,2016-01-01,219.1,,
ESTAT:LFSA_EGAN2(1.0),17/04/26 11:00:00,A,THS_PER,T,Y_GE15,A,IE,2016-01-01,112.2,,
ESTAT:LFSA_EGAN2(1.0),17/04/26 11:00:00,A,THS_PER,T,Y_GE15,A,IS,2016-01-01,7.4,,
ESTAT:LFSA_EGAN2(1.0),17/04/26 11:00:00,A,THS_PER,T,Y_GE15,A,IT,2016-01-01,884.0,,
ESTAT:LFSA_EGAN2(1.0),17/04/26 11:00:00,A,THS_PER,T,Y_GE15,A,LT,2016-01-01,108.6,,
ESTAT:LFSA_EGAN2(1.0),17/04/26 11:00:00,A,THS_PER,T,Y_GE15,A,LU,2016-01-01,2.4,,
ESTAT:LFSA_EGAN2(1.0),17/04/26 11:00:00,A,THS_PER,T,Y_GE15,A,LV,2016-01-01,68.7,,
ESTAT:LFSA_EGAN2(1.0),17/04/26 11:00:00,A,THS_PER,T,Y_GE15,A,ME,2016-01-01,17.4,,
ESTAT:LFSA_EGAN2(1.0),17/04/26 11:00:00,A,THS_PER,T,Y_GE15,A,MK,2016-01-01,120.3,,
ESTAT:LFSA_EGAN2(1.0),17/04/26 11:00:00,A,THS_PER,T,Y_GE15,A,MT,2016-01-01,2.4,,
ESTAT:LFSA_EGAN2(1.0),17/04/26 11:00:00,A,THS_PER,T,Y_GE15,A,NL,2016-01-01,175.1,,
ESTAT:LFSA_EGAN2(1.0),17/04/26 11:00:00,A,THS_PER,T,Y_GE15,A,NO,2016-01-01,55.0,,
ESTAT:LFSA_EGAN2(1.0),17/04/26 11:00:00,A,THS_PER,T,Y_GE15,A,PL,2016-01-01,1707.7,,
ESTAT:LFSA_EGAN2(1.0),17/04/26 11:00:00,A,THS_PER,T,Y_GE15,A,PT,2016-01-01,321.7,,
ESTAT:LFSA_EGAN2(1.0),17/04/26 11:00:00,A,THS_PER,T,Y_GE15,A,RO,2016-01-01,1951.9,,
ESTAT:LFSA_EGAN2(1.0),17/04/26 11:00:00,A,THS_PER,T,Y_GE15,A,RS,2016-01-01,506.1,,
ESTAT:LFSA_EGAN2(1.0),17/04/26 11:00:00,A,THS_PER,T,Y_GE15,A,SE,2016-01-01,92.0,,
ESTAT:LFSA_EGAN2(1.0),17/04/26 11:00:00,A,THS_PER,T,Y_GE15,A,SI,2016-01-01,45.6,,
ESTAT:LFSA_EGAN2(1.0),17/04/26 11:00:00,A,THS_PER,T,Y_GE15,A,SK,2016-01-01,71.9,,
ESTAT:LFSA_EGAN2(1.0),17/04/26 11:00:00,A,THS_PER,T,Y_GE15,A,TR,2016-01-01,5307.0,,
ESTAT:LFSA_EGAN2(1.0),17/04/26 11:00:00,A,THS_PER,T,Y_GE15,A,UK,2016-01-01,352.9,,
ESTAT:LFSA_EGAN2(1.0),17/04/26 11:00:00,A,THS_PER,T,Y_GE15,C,AT,2016-01-01,673.1,,
ESTAT:LFSA_EGAN2(1.0),17/04/26 11:00:00,A,THS_PER,T,Y_GE15,C,BE,2016-01-01,570.8,,
ESTAT:LFSA_EGAN2(1.0),17/04/26 11:00:00,A,THS_PER,T,Y_GE15,C,BG,2016-01-01,588.9,,
ESTAT:LFSA_EGAN2(1.0),17/04/26 11:00:00,A,THS_PER,T,Y_GE15,C,CH,2016-01-01,574.5,,
ESTAT:LFSA_EGAN2(1.0),17/04/26 11:00:00,A,THS_PER,T,Y_GE15,C,CY,2016-01-01,26.0,,
ESTAT:LFSA_EGAN2(1.0),17/04/26 11:00:00,A,THS_PER,T,Y_GE15,C,CZ,2016-01-01,1428.7,,
ESTAT:LFSA_EGAN2(1.0),17/04/26 11:00:00,A,THS_PER,T,Y_GE15,C,DE,2016-01-01,7903.2,,
ESTAT:LFSA_EGAN2(1.0),17/04/26 11:00:00,A,THS_PER,T,Y_GE15,C,DK,2016-01-01,328.0,b,
ESTAT:LFSA_EGAN2(1.0),17/04/26 11:00:00,A,THS_PER,T,Y_GE15,C,EA21,2016-01-01,23508.8,,
ESTAT:LFSA_EGAN2(1.0),17/04/26 11:00:00,A,THS_PER,T,Y_GE15,C,EE,2016-01-01,120.4,,
ESTAT:LFSA_EGAN2(1.0),17/04/26 11:00:00,A,THS_PER,T,Y_GE15,C,EL,2016-01-01,347.7,,
ESTAT:LFSA_EGAN2(1.0),17/04/26 11:00:00,A,THS_PER,T,Y_GE15,C,ES,2016-01-01,2284.1,,
ESTAT:LFSA_EGAN2(1.0),17/04/26 11:00:00,A,THS_PER,T,Y_GE15,C,EU27_2020,2016-01-01,31586.6,,
ESTAT:LFSA_EGAN2(1.0),17/04/26 11:00:00,A,THS_PER,T,Y_GE15,C,FI,2016-01-01,327.2,,
ESTAT:LFSA_EGAN2(1.0),17/04/26 11:00:00,A,THS_PER,T,Y_GE15,C,FR,2016-01-01,3226.5,,
ESTAT:LFSA_EGAN2(1.0),17/04/26 11:00:00,A,THS_PER,T,Y_GE15,C,HR,2016-01-01,260.0,,
ESTAT:LFSA_EGAN2(1.0),17/04/26 11:00:00,A,THS_PER,T,Y_GE15,C,HU,2016-01-01,943.5,,
ESTAT:LFSA_EGAN2(1.0),17/04/26 11:00:00,A,THS_PER,T,Y_GE15,C,IE,2016-01-01,248.5,,
ESTAT:LFSA_EGAN2(1.0),17/04/26 11:00:00,A,THS_PER,T,Y_GE15,C,IS,2016-01-01,19.2,,
ESTAT:LFSA_EGAN2(1.0),17/04/26 11:00:00,A,THS_PER,T,Y_GE15,C,IT,2016-01-01,4148.3,,
ESTAT:LFSA_EGAN2(1.0),17/04/26 11:00:00,A,THS_PER,T,Y_GE15,C,LT,2016-01-01,210.2,,
ESTAT:LFSA_EGAN2(1.0),17/04/26 11:00:00,A,THS_PER,T,Y_GE15,C,LU,2016-01-01,11.0,,
ESTAT:LFSA_EGAN2(1.0),17/04/26 11:00:00,A,THS_PER,T,Y_GE15,C,LV,2016-01-01,123.5,,
ESTAT:LFSA_EGAN2(1.0),17/04/26 11:00:00,A,THS_PER,T,Y_GE15,C,ME,2016-01-01,12.6,,
ESTAT:LFSA_EGAN2(1.0),17/04/26 11:00:00,A,THS_PER,T,Y_GE15,C,MK,2016-01-01,137.6,,
ESTAT:LFSA_EGAN2(1.0),17/04/26 11:00:00,A,THS_PER,T,Y_GE15,C,MT,2016-01-01,24.9,,
ESTAT:LFSA_EGAN2(1.0),17/04/26 11:00:00,A,THS_PER,T,Y_GE15,C,NL,2016-01-01,802.3,,
ESTAT:LFSA_EGAN2(1.0),17/04/26 11:00:00,A,THS_PER,T,Y_GE15,C,NO,2016-01-01,217.9,,
ESTAT:LFSA_EGAN2(1.0),17/04/26 11:00:00,A,THS_PER,T,Y_GE15,C,PL,2016-01-01,3278.9,,
ESTAT:LFSA_EGAN2(1.0),17/04/26 11:00:00,A,THS_PER,T,Y_GE15,C,PT,2016-01-01,772.1,,
ESTAT:LFSA_EGAN2(1.0),17/04/26 11:00:00,A,THS_PER,T,Y_GE15,C,RO,2016-01-01,1597.8,,
ESTAT:LFSA_EGAN2(1.0),17/04/26 11:00:00,A,THS_PER,T,Y_GE15,C,RS,2016-01-01,448.7,,
ESTAT:LFSA_EGAN2(1.0),17/04/26 11:00:00,A,THS_PER,T,Y_GE15,C,SE,2016-01-01,501.0,,
ESTAT:LFSA_EGAN2(1.0),17/04/26 11:00:00,A,THS_PER,T,Y_GE15,C,SI,2016-01-01,229.8,,
ESTAT:LFSA_EGAN2(1.0),17/04/26 11:00:00,A,THS_PER,T,Y_GE15,C,SK,2016-01-01,610.2,,
ESTAT:LFSA_EGAN2(1.0),17/04/26 11:00:00,A,THS_PER,T,Y_GE15,C,TR,2016-01-01,4918.3,,
ESTAT:LFSA_EGAN2(1.0),17/04/26 11:00:00,A,THS_PER,T,Y_GE15,C,UK,2016-01-01,2997.0,,
ESTAT:LFSA_EGAN2(1.0),17/04/26 11:00:00,A,THS_PER,T,Y_GE15,F,AT,2016-01-01,350.1,,
ESTAT:LFSA_EGAN2(1.0),17/04/26 11:00:00,A,THS_PER,T,Y_GE15,F,BE,2016-01-01,335.1,,
ESTAT:LFSA_EGAN2(1.0),17/04/26 11:00:00,A,THS_PER,T,Y_GE15,F,BG,2016-01-01,214.8,,
ESTAT:LFSA_EGAN2(1.0),17/04/26 11:00:00,A,THS_PER,T,Y_GE15,F,CH,2016-01-01,302.8,,
ESTAT:LFSA_EGAN2(1.0),17/04/26 11:00:00,A,THS_PER,T,Y_GE15,F,CY,2016-01-01,30.0,,
ESTAT:LFSA_EGAN2(1.0),17/04/26 11:00:00,A,THS_PER,T,Y_GE15,F,CZ,2016-01-01,386.3,,
ESTAT:LFSA_EGAN2(1.0),17/04/26 11:00:00,A,THS_PER,T,Y_GE15,F,DE,2016-01-01,2758.9,,
ESTAT:LFSA_EGAN2(1.0),17/04/26 11:00:00,A,THS_PER,T,Y_GE15,F,DK,2016-01-01,157.3,b,
ESTAT:LFSA_EGAN2(1.0),17/04/26 11:00:00,A,THS_PER,T,Y_GE15,F,EA21,2016-01-01,9631.0,,
ESTAT:LFSA_EGAN2(1.0),17/04/26 11:00:00,A,THS_PER,T,Y_GE15,F,EE,2016-01-01,59.8,,
ESTAT:LFSA_EGAN2(1.0),17/04/26 11:00:00,A,THS_PER,T,Y_GE15,F,EL,2016-01-01,147.1,,
ESTAT:LFSA_EGAN2(1.0),17/04/26 11:00:00,A,THS_PER,T,Y_GE15,F,ES,2016-01-01,1073.8,,
ESTAT:LFSA_EGAN2(1.0),17/04/26 11:00:00,A,THS_PER,T,Y_GE15,F,EU27_2020,2016-01-01,12681.9,,
ESTAT:LFSA_EGAN2(1.0),17/04/26 11:00:00,A,THS_PER,T,Y_GE15,F,FI,2016-01-01,178.2,,
ESTAT:LFSA_EGAN2(1.0),17/04/26 11:00:00,A,THS_PER,T,Y_GE15,F,FR,2016-01-01,1686.7,,
ESTAT:LFSA_EGAN2(1.0),17/04/26 11:00:00,A,THS_PER,T,Y_GE15,F,HR,2016-01-01,107.7,,
ESTAT:LFSA_EGAN2(1.0),17/04/26 11:00:00,A,THS_PER,T,Y_GE15,F,HU,2016-01-01,278.0,,
ESTAT:LFSA_EGAN2(1.0),17/04/26 11:00:00,A,THS_PER,T,Y_GE15,F,IE,2016-01-01,118.6,,
ESTAT:LFSA_EGAN2(1.0),17/04/26 11:00:00,A,THS_PER,T,Y_GE15,F,IS,2016-01-01,11.8,,
ESTAT:LFSA_EGAN2(1.0),17/04/26 11:00:00,A,THS_PER,T,Y_GE15,F,IT,2016-01-01,1403.7,,
ESTAT:LFSA_EGAN2(1.0),17/04/26 11:00:00,A,THS_PER,T,Y_GE15,F,LT,2016-01-01,103.5,,
ESTAT:LFSA_EGAN2(1.0),17/04/26 11:00:00,A,THS_PER,T,Y_GE15,F,LU,2016-01-01,14.7,,
ESTAT:LFSA_EGAN2(1.0),17/04/26 11:00:00,A,THS_PER,T,Y_GE15,F,LV,2016-01-01,66.1,,
ESTAT:LFSA_EGAN2(1.0),17/04/26 11:00:00,A,THS_PER,T,Y_GE15,F,ME,2016-01-01,17.2,,
ESTAT:LFSA_EGAN2(1.0),17/04/26 11:00:00,A,THS_PER,T,Y_GE15,F,MK,2016-01-01,52.1,,
ESTAT:LFSA_EGAN2(1.0),17/04/26 11:00:00,A,THS_PER,T,Y_GE15,F,MT,2016-01-01,14.1,,
ESTAT:LFSA_EGAN2(1.0),17/04/26 11:00:00,A,THS_PER,T,Y_GE15,F,NL,2016-01-01,397.6,,
ESTAT:LFSA_EGAN2(1.0),17/04/26 11:00:00,A,THS_PER,T,Y_GE15,F,NO,2016-01-01,206.4,,
ESTAT:LFSA_EGAN2(1.0),17/04/26 11:00:00,A,THS_PER,T,Y_GE15,F,PL,2016-01-01,1223.0,,
ESTAT:LFSA_EGAN2(1.0),17/04/26 11:00:00,A,THS_PER,T,Y_GE15,F,PT,2016-01-01,290.2,,
ESTAT:LFSA_EGAN2(1.0),17/04/26 11:00:00,A,THS_PER,T,Y_GE15,F,RO,2016-01-01,678.4,,
ESTAT:LFSA_EGAN2(1.0),17/04/26 11:00:00,A,THS_PER,T,Y_GE15,F,RS,2016-01-01,115.9,,
ESTAT:LFSA_EGAN2(1.0),17/04/26 11:00:00,A,THS_PER,T,Y_GE15,F,SE,2016-01-01,328.0,,
ESTAT:LFSA_EGAN2(1.0),17/04/26 11:00:00,A,THS_PER,T,Y_GE15,F,SI,2016-01-01,50.9,,
ESTAT:LFSA_EGAN2(1.0),17/04/26 11:00:00,A,THS_PER,T,Y_GE15,F,SK,2016-01-01,229.5,,
ESTAT:LFSA_EGAN2(1.0),17/04/26 11:00:00,A,THS_PER,T,Y_GE15,F,TR,2016-01-01,1986.8,,
ESTAT:LFSA_EGAN2(1.0),17/04/26 11:00:00,A,THS_PER,T,Y_GE15,F,UK,2016-01-01,2296.0,,
ESTAT:LFSA_EGAN2(1.0),17/04/26 11:00:00,A,THS_PER,T,Y_GE15,G,AT,2016-01-01,607.9,,
ESTAT:LFSA_EGAN2(1.0),17/04/26 11:00:00,A,THS_PER,T,Y_GE15,G,BE,2016-01-01,606.9,,
ESTAT:LFSA_EGAN2(1.0),17/04/26 11:00:00,A,THS_PER,T,Y_GE15,G,BG,2016-01-01,515.7,,
ESTAT:LFSA_EGAN2(1.0),17/04/26 11:00:00,A,THS_PER,T,Y_GE15,G,CH,2016-01-01,579.6,,
ESTAT:LFSA_EGAN2(1.0),17/04/26 11:00:00,A,THS_PER,T,Y_GE15,G,CY,2016-01-01,65.1,,
ESTAT:LFSA_EGAN2(1.0),17/04/26 11:00:00,A,THS_PER,T,Y_GE15,G,CZ,2016-01-01,605.8,,
ESTAT:LFSA_EGAN2(1.0),17/04/26 11:00:00,A,THS_PER,T,Y_GE15,G,DE,2016-01-01,5822.3,,
ESTAT:LFSA_EGAN2(1.0),17/04/26 11:00:00,A,THS_PER,T,Y_GE15,G,DK,2016-01-01,401.7,b,
ESTAT:LFSA_EGAN2(1.0),17/04/26 11:00:00,A,THS_PER,T,Y_GE15,G,EA21,2016-01-01,21577.2,,
ESTAT:LFSA_EGAN2(1.0),17/04/26 11:00:00,A,THS_PER,T,Y_GE15,G,EE,2016-01-01,83.8,,
ESTAT:LFSA_EGAN2(1.0),17/04/26 11:00:00,A,THS_PER,T,Y_GE15,G,EL,2016-01-01,657.9,,
ESTAT:LFSA_EGAN2(1.0),17/04/26 11:00:00,A,THS_PER,T,Y_GE15,G,ES,2016-01-01,2968.9,,
ESTAT:LFSA_EGAN2(1.0),17/04/26 11:00:00,A,THS_PER,T,Y_GE15,G,EU27_2020,2016-01-01,27221.4,,
ESTAT:LFSA_EGAN2(1.0),17/04/26 11:00:00,A,THS_PER,T,Y_GE15,G,FI,2016-01-01,290.4,,
ESTAT:LFSA_EGAN2(1.0),17/04/26 11:00:00,A,THS_PER,T,Y_GE15,G,FR,2016-01-01,3424.6,,
ESTAT:LFSA_EGAN2(1.0),17/04/26 11:00:00,A,THS_PER,T,Y_GE15,G,HR,2016-01-01,214.8,,
ESTAT:LFSA_EGAN2(1.0),17/04/26 11:00:00,A,THS_PER,T,Y_GE15,G,HU,2016-01-01,543.3,,
ESTAT:LFSA_EGAN2(1.0),17/04/26 11:00:00,A,THS_PER,T,Y_GE15,G,IE,2016-01-01,297.0,,
ESTAT:LFSA_EGAN2(1.0),17/04/26 11:00:00,A,THS_PER,T,Y_GE15,G,IS,2016-01-01,25.3,,
ESTAT:LFSA_EGAN2(1.0),17/04/26 11:00:00,A,THS_PER,T,Y_GE15,G,IT,2016-01-01,3241.3,,
ESTAT:LFSA_EGAN2(1.0),17/04/26 11:00:00,A,THS_PER,T,Y_GE15,G,LT,2016-01-01,233.5,,
ESTAT:LFSA_EGAN2(1.0),17/04/26 11:00:00,A,THS_PER,T,Y_GE15,G,LU,2016-01-01,19.0,,
ESTAT:LFSA_EGAN2(1.0),17/04/26 11:00:00,A,THS_PER,T,Y_GE15,G,LV,2016-01-01,124.2,,
ESTAT:LFSA_EGAN2(1.0),17/04/26 11:00:00,A,THS_PER,T,Y_GE15,G,ME,2016-01-01,46.6,,
ESTAT:LFSA_EGAN2(1.0),17/04/26 11:00:00,A,THS_PER,T,Y_GE15,G,MK,2016-01-01,104.5,,
ESTAT:LFSA_EGAN2(1.0),17/04/26 11:00:00,A,THS_PER,T,Y_GE15,G,MT,2016-01-01,31.4,,
ESTAT:LFSA_EGAN2(1.0),17/04/26 11:00:00,A,THS_PER,T,Y_GE15,G,NL,2016-01-01,1242.3,,
ESTAT:LFSA_EGAN2(1.0),17/04/26 11:00:00,A,THS_PER,T,Y_GE15,G,NO,2016-01-01,360.4,,
ESTAT:LFSA_EGAN2(1.0),17/04/26 11:00:00,A,THS_PER,T,Y_GE15,G,PL,2016-01-01,2352.9,,
ESTAT:LFSA_EGAN2(1.0),17/04/26 11:00:00,A,THS_PER,T,Y_GE15,G,PT,2016-01-01,702.8,,
ESTAT:LFSA_EGAN2(1.0),17/04/26 11:00:00,A,THS_PER,T,Y_GE15,G,RO,2016-01-01,1176.8,,
ESTAT:LFSA_EGAN2(1.0),17/04/26 11:00:00,A,THS_PER,T,Y_GE15,G,RS,2016-01-01,376.4,,
ESTAT:LFSA_EGAN2(1.0),17/04/26 11:00:00,A,THS_PER,T,Y_GE15,G,SE,2016-01-01,563.7,,
ESTAT:LFSA_EGAN2(1.0),17/04/26 11:00:00,A,THS_PER,T,Y_GE15,G,SI,2016-01-01,116.9,,
ESTAT:LFSA_EGAN2(1.0),17/04/26 11:00:00,A,THS_PER,T,Y_GE15,G,SK,2016-01-01,310.5,,
ESTAT:LFSA_EGAN2(1.0),17/04/26 11:00:00,A,THS_PER,T,Y_GE15,G,TR,2016-01-01,3756.9,,
ESTAT:LFSA_EGAN2(1.0),17/04/26 11:00:00,A,THS_PER,T,Y_GE15,G,UK,2016-01-01,4169.1,,
ESTAT:LFSA_EGAN2(1.0),17/04/26 11:00:00,A,THS_PER,T,Y_GE15,H,AT,2016-01-01,208.4,,
ESTAT:LFSA_EGAN2(1.0),17/04/26 11:00:00,A,THS_PER,T,Y_GE15,H,BE,2016-01-01,252.4,,
ESTAT:LFSA_EGAN2(1.0),17/04/26 11:00:00,A,THS_PER,T,Y_GE15,H,BG,2016-01-01,196.2,,
ESTAT:LFSA_EGAN2(1.0),17/04/26 11:00:00,A,THS_PER,T,Y_GE15,H,CH,2016-01-01,196.5,,
ESTAT:LFSA_EGAN2(1.0),17/04/26 11:00:00,A,THS_PER,T,Y_GE15,H,CY,2016-01-01,15.6,,
ESTAT:LFSA_EGAN2(1.0),17/04/26 11:00:00,A,THS_PER,T,Y_GE15,H,CZ,2016-01-01,314.2,,
ESTAT:LFSA_EGAN2(1.0),17/04/26 11:00:00,A,THS_PER,T,Y_GE15,H,DE,2016-01-01,2017.3,,
ESTAT:LFSA_EGAN2(1.0),17/04/26 11:00:00,A,THS_PER,T,Y_GE15,H,DK,2016-01-01,122.7,b,
ESTAT:LFSA_EGAN2(1.0),17/04/26 11:00:00,A,THS_PER,T,Y_GE15,H,EA21,2016-01-01,7711.4,,
ESTAT:LFSA_EGAN2(1.0),17/04/26 11:00:00,A,THS_PER,T,Y_GE15,H,EE,2016-01-01,51.4,,
ESTAT:LFSA_EGAN2(1.0),17/04/26 11:00:00,A,THS_PER,T,Y_GE15,H,EL,2016-01-01,185.0,,
ESTAT:LFSA_EGAN2(1.0),17/04/26 11:00:00,A,THS_PER,T,Y_GE15,H,ES,2016-01-01,932.1,,
ESTAT:LFSA_EGAN2(1.0),17/04/26 11:00:00,A,THS_PER,T,Y_GE15,H,EU27_2020,2016-01-01,10109.6,,
ESTAT:LFSA_EGAN2(1.0),17/04/26 11:00:00,A,THS_PER,T,Y_GE15,H,FI,2016-01-01,140.8,,
ESTAT:LFSA_EGAN2(1.0),17/04/26 11:00:00,A,THS_PER,T,Y_GE15,H,FR,2016-01-01,1459.6,,
ESTAT:LFSA_EGAN2(1.0),17/04/26 11:00:00,A,THS_PER,T,Y_GE15,H,HR,2016-01-01,95.0,,
ESTAT:LFSA_EGAN2(1.0),17/04/26 11:00:00,A,THS_PER,T,Y_GE15,H,HU,2016-01-01,276.2,,
ESTAT:LFSA_EGAN2(1.0),17/04/26 11:00:00,A,THS_PER,T,Y_GE15,H,IE,2016-01-01,93.0,,
ESTAT:LFSA_EGAN2(1.0),17/04/26 11:00:00,A,THS_PER,T,Y_GE15,H,IS,2016-01-01,12.9,,
ESTAT:LFSA_EGAN2(1.0),17/04/26 11:00:00,A,THS_PER,T,Y_GE15,H,IT,2016-01-01,1084.9,,
ESTAT:LFSA_EGAN2(1.0),17/04/26 11:00:00,A,THS_PER,T,Y_GE15,H,LT,2016-01-01,97.4,,
ESTAT:LFSA_EGAN2(1.0),17/04/26 11:00:00,A,THS_PER,T,Y_GE15,H,LU,2016-01-01,10.7,,
ESTAT:LFSA_EGAN2(1.0),17/04/26 11:00:00,A,THS_PER,T,Y_GE15,H,LV,2016-01-01,83.3,,
ESTAT:LFSA_EGAN2(1.0),17/04/26 11:00:00,A,THS_PER,T,Y_GE15,H,ME,2016-01-01,11.8,,
ESTAT:LFSA_EGAN2(1.0),17/04/26 11:00:00,A,THS_PER,T,Y_GE15,H,MK,2016-01-01,36.3,,
ESTAT:LFSA_EGAN2(1.0),17/04/26 11:00:00,A,THS_PER,T,Y_GE15,H,MT,2016-01-01,11.3,,
ESTAT:LFSA_EGAN2(1.0),17/04/26 11:00:00,A,THS_PER,T,Y_GE15,H,NL,2016-01-01,374.2,,
ESTAT:LFSA_EGAN2(1.0),17/04/26 11:00:00,A,THS_PER,T,Y_GE15,H,NO,2016-01-01,138.9,,
ESTAT:LFSA_EGAN2(1.0),17/04/26 11:00:00,A,THS_PER,T,Y_GE15,H,PL,2016-01-01,969.7,,
ESTAT:LFSA_EGAN2(1.0),17/04/26 11:00:00,A,THS_PER,T,Y_GE15,H,PT,2016-01-01,191.1,,
ESTAT:LFSA_EGAN2(1.0),17/04/26 11:00:00,A,THS_PER,T,Y_GE15,H,RO,2016-01-01,472.4,,
ESTAT:LFSA_EGAN2(1.0),17/04/26 11:00:00,A,THS_PER,T,Y_GE15,H,RS,2016-01-01,132.0,,
ESTAT:LFSA_EGAN2(1.0),17/04/26 11:00:00,A,THS_PER,T,Y_GE15,H,SE,2016-01-01,243.1,,
ESTAT:LFSA_EGAN2(1.0),17/04/26 11:00:00,A,THS_PER,T,Y_GE15,H,SI,2016-01-01,48.4,,
ESTAT:LFSA_EGAN2(1.0),17/04/26 11:00:00,A,THS_PER,T,Y_GE15,H,SK,2016-01-01,163.6,,
ESTAT:LFSA_EGAN2(1.0),17/04/26 11:00:00,A,THS_PER,T,Y_GE15,H,TR,2016-01-01,1186.3,,
ESTAT:LFSA_EGAN2(1.0),17/04/26 11:00:00,A,THS_PER,T,Y_GE15,H,UK,2016-01-01,1612.4,,
ESTAT:LFSA_EGAN2(1.0),17/04/26 11:00:00,A,THS_PER,T,Y_GE15,I,AT,2016-01-01,258.4,,
ESTAT:LFSA_EGAN2(1.0),17/04/26 11:00:00,A,THS_PER,T,Y_GE15,I,BE,2016-01-01,152.1,,
ESTAT:LFSA_EGAN2(1.0),17/04/26 11:00:00,A,THS_PER,T,Y_GE15,I,BG,2016-01-01,157.8,,
ESTAT:LFSA_EGAN2(1.0),17/04/26 11:00:00,A,THS_PER,T,Y_GE15,I,CH,2016-01-01,188.0,,
ESTAT:LFSA_EGAN2(1.0),17/04/26 11:00:00,A,THS_PER,T,Y_GE15,I,CY,2016-01-01,32.6,,
ESTAT:LFSA_EGAN2(1.0),17/04/26 11:00:00,A,THS_PER,T,Y_GE15,I,CZ,2016-01-01,183.0,,
ESTAT:LFSA_EGAN2(1.0),17/04/26 11:00:00,A,THS_PER,T,Y_GE15,I,DE,2016-01-01,1578.8,,
ESTAT:LFSA_EGAN2(1.0),17/04/26 11:00:00,A,THS_PER,T,Y_GE15,I,DK,2016-01-01,104.1,b,
ESTAT:LFSA_EGAN2(1.0),17/04/26 11:00:00,A,THS_PER,T,Y_GE15,I,EA21,2016-01-01,7795.6,,
ESTAT:LFSA_EGAN2(1.0),17/04/26 11:00:00,A,THS_PER,T,Y_GE15,I,EE,2016-01-01,26.4,,
ESTAT:LFSA_EGAN2(1.0),17/04/26 11:00:00,A,THS_PER,T,Y_GE15,I,EL,2016-01-01,341.2,,
ESTAT:LFSA_EGAN2(1.0),17/04/26 11:00:00,A,THS_PER,T,Y_GE15,I,ES,2016-01-01,1603.9,,
ESTAT:LFSA_EGAN2(1.0),17/04/26 11:00:00,A,THS_PER,T,Y_GE15,I,EU27_2020,2016-01-01,9035.0,,
ESTAT:LFSA_EGAN2(1.0),17/04/26 11:00:00,A,THS_PER,T,Y_GE15,I,FI,2016-01-01,85.1,,
ESTAT:LFSA_EGAN2(1.0),17/04/26 11:00:00,A,THS_PER,T,Y_GE15,I,FR,2016-01-01,1018.3,,
ESTAT:LFSA_EGAN2(1.0),17/04/26 11:00:00,A,THS_PER,T,Y_GE15,I,HR,2016-01-01,105.6,,
ESTAT:LFSA_EGAN2(1.0),17/04/26 11:00:00,A,THS_PER,T,Y_GE15,I,HU,2016-01-01,197.7,,
ESTAT:LFSA_EGAN2(1.0),17/04/26 11:00:00,A,THS_PER,T,Y_GE15,I,IE,2016-01-01,156.4,,
ESTAT:LFSA_EGAN2(1.0),17/04/26 11:00:00,A,THS_PER,T,Y_GE15,I,IS,2016-01-01,11.7,,
ESTAT:LFSA_EGAN2(1.0),17/04/26 11:00:00,A,THS_PER,T,Y_GE15,I,IT,2016-01-01,1394.9,,
ESTAT:LFSA_EGAN2(1.0),17/04/26 11:00:00,A,THS_PER,T,Y_GE15,I,LT,2016-01-01,35.5,,
ESTAT:LFSA_EGAN2(1.0),17/04/26 11:00:00,A,THS_PER,T,Y_GE15,I,LU,2016-01-01,9.2,,
ESTAT:LFSA_EGAN2(1.0),17/04/26 11:00:00,A,THS_PER,T,Y_GE15,I,LV,2016-01-01,30.5,,
ESTAT:LFSA_EGAN2(1.0),17/04/26 11:00:00,A,THS_PER,T,Y_GE15,I,ME,2016-01-01,18.0,,
ESTAT:LFSA_EGAN2(1.0),17/04/26 11:00:00,A,THS_PER,T,Y_GE15,I,MK,2016-01-01,25.4,,
ESTAT:LFSA_EGAN2(1.0),17/04/26 11:00:00,A,THS_PER,T,Y_GE15,I,MT,2016-01-01,16.6,,
ESTAT:LFSA_EGAN2(1.0),17/04/26 11:00:00,A,THS_PER,T,Y_GE15,I,NL,2016-01-01,356.5,,
ESTAT:LFSA_EGAN2(1.0),17/04/26 11:00:00,A,THS_PER,T,Y_GE15,I,NO,2016-01-01,71.8,,
ESTAT:LFSA_EGAN2(1.0),17/04/26 11:00:00,A,THS_PER,T,Y_GE15,I,PL,2016-01-01,376.2,,
ESTAT:LFSA_EGAN2(1.0),17/04/26 11:00:00,A,THS_PER,T,Y_GE15,I,PT,2016-01-01,281.1,,
ESTAT:LFSA_EGAN2(1.0),17/04/26 11:00:00,A,THS_PER,T,Y_GE15,I,RO,2016-01-01,205.4,,
ESTAT:LFSA_EGAN2(1.0),17/04/26 11:00:00,A,THS_PER,T,Y_GE15,I,RS,2016-01-01,87.4,,
ESTAT:LFSA_EGAN2(1.0),17/04/26 11:00:00,A,THS_PER,T,Y_GE15,I,SE,2016-01-01,173.0,,
ESTAT:LFSA_EGAN2(1.0),17/04/26 11:00:00,A,THS_PER,T,Y_GE15,I,SI,2016-01-01,40.8,,
ESTAT:LFSA_EGAN2(1.0),17/04/26 11:00:00,A,THS_PER,T,Y_GE15,I,SK,2016-01-01,113.9,,
ESTAT:LFSA_EGAN2(1.0),17/04/26 11:00:00,A,THS_PER,T,Y_GE15,I,TR,2016-01-01,1470.9,,
ESTAT:LFSA_EGAN2(1.0),17/04/26 11:00:00,A,THS_PER,T,Y_GE15,I,UK,2016-01-01,1708.2,,
ESTAT:LFSA_EGAN2(1.0),17/04/26 11:00:00,A,THS_PER,T,Y_GE15,J,AT,2016-01-01,131.9,,
ESTAT:LFSA_EGAN2(1.0),17/04/26 11:00:00,A,THS_PER,T,Y_GE15,J,BE,2016-01-01,140.4,,
ESTAT:LFSA_EGAN2(1.0),17/04/26 11:00:00,A,THS_PER,T,Y_GE15,J,BG,2016-01-01,88.4,,
ESTAT:LFSA_EGAN2(1.0),17/04/26 11:00:00,A,THS_PER,T,Y_GE15,J,CH,2016-01-01,154.3,,
ESTAT:LFSA_EGAN2(1.0),17/04/26 11:00:00,A,THS_PER,T,Y_GE15,J,CY,2016-01-01,9.7,,
ESTAT:LFSA_EGAN2(1.0),17/04/26 11:00:00,A,THS_PER,T,Y_GE15,J,CZ,2016-01-01,147.6,,
ESTAT:LFSA_EGAN2(1.0),17/04/26 11:00:00,A,THS_PER,T,Y_GE15,J,DE,2016-01-01,1259.6,,
ESTAT:LFSA_EGAN2(1.0),17/04/26 11:00:00,A,THS_PER,T,Y_GE15,J,DK,2016-01-01,116.8,b,
ESTAT:LFSA_EGAN2(1.0),17/04/26 11:00:00,A,THS_PER,T,Y_GE15,J,EA21,2016-01-01,4396.7,,
ESTAT:LFSA_EGAN2(1.0),17/04/26 11:00:00,A,THS_PER,T,Y_GE15,J,EE,2016-01-01,27.3,,
ESTAT:LFSA_EGAN2(1.0),17/04/26 11:00:00,A,THS_PER,T,Y_GE15,J,EL,2016-01-01,80.8,,
ESTAT:LFSA_EGAN2(1.0),17/04/26 11:00:00,A,THS_PER,T,Y_GE15,J,ES,2016-01-01,545.6,,
ESTAT:LFSA_EGAN2(1.0),17/04/26 11:00:00,A,THS_PER,T,Y_GE15,J,EU27_2020,2016-01-01,5515.3,,
ESTAT:LFSA_EGAN2(1.0),17/04/26 11:00:00,A,THS_PER,T,Y_GE15,J,FI,2016-01-01,101.1,,
ESTAT:LFSA_EGAN2(1.0),17/04/26 11:00:00,A,THS_PER,T,Y_GE15,J,FR,2016-01-01,742.5,,
ESTAT:LFSA_EGAN2(1.0),17/04/26 11:00:00,A,THS_PER,T,Y_GE15,J,HR,2016-01-01,49.0,,
ESTAT:LFSA_EGAN2(1.0),17/04/26 11:00:00,A,THS_PER,T,Y_GE15,J,HU,2016-01-01,118.4,,
ESTAT:LFSA_EGAN2(1.0),17/04/26 11:00:00,A,THS_PER,T,Y_GE15,J,IE,2016-01-01,108.2,,
ESTAT:LFSA_EGAN2(1.0),17/04/26 11:00:00,A,THS_PER,T,Y_GE15,J,IS,2016-01-01,9.9,,
ESTAT:LFSA_EGAN2(1.0),17/04/26 11:00:00,A,THS_PER,T,Y_GE15,J,IT,2016-01-01,562.0,,
ESTAT:LFSA_EGAN2(1.0),17/04/26 11:00:00,A,THS_PER,T,Y_GE15,J,LT,2016-01-01,28.7,,
ESTAT:LFSA_EGAN2(1.0),17/04/26 11:00:00,A,THS_PER,T,Y_GE15,J,LU,2016-01-01,8.1,,
ESTAT:LFSA_EGAN2(1.0),17/04/26 11:00:00,A,THS_PER,T,Y_GE15,J,LV,2016-01-01,23.8,,
ESTAT:LFSA_EGAN2(1.0),17/04/26 11:00:00,A,THS_PER,T,Y_GE15,J,ME,2016-01-01,4.5,,
ESTAT:LFSA_EGAN2(1.0),17/04/26 11:00:00,A,THS_PER,T,Y_GE15,J,MK,2016-01-01,13.6,,
ESTAT:LFSA_EGAN2(1.0),17/04/26 11:00:00,A,THS_PER,T,Y_GE15,J,MT,2016-01-01,8.0,,
ESTAT:LFSA_EGAN2(1.0),17/04/26 11:00:00,A,THS_PER,T,Y_GE15,J,NL,2016-01-01,272.3,,
ESTAT:LFSA_EGAN2(1.0),17/04/26 11:00:00,A,THS_PER,T,Y_GE15,J,NO,2016-01-01,97.8,,
ESTAT:LFSA_EGAN2(1.0),17/04/26 11:00:00,A,THS_PER,T,Y_GE15,J,PL,2016-01-01,360.0,,
ESTAT:LFSA_EGAN2(1.0),17/04/26 11:00:00,A,THS_PER,T,Y_GE15,J,PT,2016-01-01,111.8,,
ESTAT:LFSA_EGAN2(1.0),17/04/26 11:00:00,A,THS_PER,T,Y_GE15,J,RO,2016-01-01,168.3,,
ESTAT:LFSA_EGAN2(1.0),17/04/26 11:00:00,A,THS_PER,T,Y_GE15,J,RS,2016-01-01,61.7,,
ESTAT:LFSA_EGAN2(1.0),17/04/26 11:00:00,A,THS_PER,T,Y_GE15,J,SE,2016-01-01,207.4,,
ESTAT:LFSA_EGAN2(1.0),17/04/26 11:00:00,A,THS_PER,T,Y_GE15,J,SI,2016-01-01,30.5,,
ESTAT:LFSA_EGAN2(1.0),17/04/26 11:00:00,A,THS_PER,T,Y_GE15,J,SK,2016-01-01,67.0,,
ESTAT:LFSA_EGAN2(1.0),17/04/26 11:00:00,A,THS_PER,T,Y_GE15,J,TR,2016-01-01,248.2,,
ESTAT:LFSA_EGAN2(1.0),17/04/26 11:00:00,A,THS_PER,T,Y_GE15,J,UK,2016-01-01,1262.3,,
ESTAT:LFSA_EGAN2(1.0),17/04/26 11:00:00,A,THS_PER,T,Y_GE15,K,AT,2016-01-01,133.1,,
ESTAT:LFSA_EGAN2(1.0),17/04/26 11:00:00,A,THS_PER,T,Y_GE15,K,BE,2016-01-01,138.0,,
ESTAT:LFSA_EGAN2(1.0),17/04/26 11:00:00,A,THS_PER,T,Y_GE15,K,BG,2016-01-01,58.6,,
ESTAT:LFSA_EGAN2(1.0),17/04/26 11:00:00,A,THS_PER,T,Y_GE15,K,CH,2016-01-01,237.5,,
ESTAT:LFSA_EGAN2(1.0),17/04/26 11:00:00,A,THS_PER,T,Y_GE15,K,CY,2016-01-01,19.3,,
ESTAT:LFSA_EGAN2(1.0),17/04/26 11:00:00,A,THS_PER,T,Y_GE15,K,CZ,2016-01-01,117.2,,
ESTAT:LFSA_EGAN2(1.0),17/04/26 11:00:00,A,THS_PER,T,Y_GE15,K,DE,2016-01-01,1300.3,,
ESTAT:LFSA_EGAN2(1.0),17/04/26 11:00:00,A,THS_PER,T,Y_GE15,K,DK,2016-01-01,79.2,b,
ESTAT:LFSA_EGAN2(1.0),17/04/26 11:00:00,A,THS_PER,T,Y_GE15,K,EA21,2016-01-01,4441.9,,
ESTAT:LFSA_EGAN2(1.0),17/04/26 11:00:00,A,THS_PER,T,Y_GE15,K,EE,2016-01-01,10.3,,
ESTAT:LFSA_EGAN2(1.0),17/04/26 11:00:00,A,THS_PER,T,Y_GE15,K,EL,2016-01-01,94.3,,
ESTAT:LFSA_EGAN2(1.0),17/04/26 11:00:00,A,THS_PER,T,Y_GE15,K,ES,2016-01-01,457.9,,
ESTAT:LFSA_EGAN2(1.0),17/04/26 11:00:00,A,THS_PER,T,Y_GE15,K,EU27_2020,2016-01-01,5325.4,,
ESTAT:LFSA_EGAN2(1.0),17/04/26 11:00:00,A,THS_PER,T,Y_GE15,K,FI,2016-01-01,51.2,,
ESTAT:LFSA_EGAN2(1.0),17/04/26 11:00:00,A,THS_PER,T,Y_GE15,K,FR,2016-01-01,867.9,,
ESTAT:LFSA_EGAN2(1.0),17/04/26 11:00:00,A,THS_PER,T,Y_GE15,K,HR,2016-01-01,37.3,,
ESTAT:LFSA_EGAN2(1.0),17/04/26 11:00:00,A,THS_PER,T,Y_GE15,K,HU,2016-01-01,94.7,,
ESTAT:LFSA_EGAN2(1.0),17/04/26 11:00:00,A,THS_PER,T,Y_GE15,K,IE,2016-01-01,97.2,,
ESTAT:LFSA_EGAN2(1.0),17/04/26 11:00:00,A,THS_PER,T,Y_GE15,K,IS,2016-01-01,6.3,,
ESTAT:LFSA_EGAN2(1.0),17/04/26 11:00:00,A,THS_PER,T,Y_GE15,K,IT,2016-01-01,648.8,,
ESTAT:LFSA_EGAN2(1.0),17/04/26 11:00:00,A,THS_PER,T,Y_GE15,K,LT,2016-01-01,19.6,,
ESTAT:LFSA_EGAN2(1.0),17/04/26 11:00:00,A,THS_PER,T,Y_GE15,K,LU,2016-01-01,28.1,,
ESTAT:LFSA_EGAN2(1.0),17/04/26 11:00:00,A,THS_PER,T,Y_GE15,K,LV,2016-01-01,23.5,,
ESTAT:LFSA_EGAN2(1.0),17/04/26 11:00:00,A,THS_PER,T,Y_GE15,K,ME,2016-01-01,4.3,,
ESTAT:LFSA_EGAN2(1.0),17/04/26 11:00:00,A,THS_PER,T,Y_GE15,K,MK,2016-01-01,10.9,,
ESTAT:LFSA_EGAN2(1.0),17/04/26 11:00:00,A,THS_PER,T,Y_GE15,K,MT,2016-01-01,10.4,,
ESTAT:LFSA_EGAN2(1.0),17/04/26 11:00:00,A,THS_PER,T,Y_GE15,K,NL,2016-01-01,263.8,,
ESTAT:LFSA_EGAN2(1.0),17/04/26 11:00:00,A,THS_PER,T,Y_GE15,K,NO,2016-01-01,46.9,,
ESTAT:LFSA_EGAN2(1.0),17/04/26 11:00:00,A,THS_PER,T,Y_GE15,K,PL,2016-01-01,383.9,,
ESTAT:LFSA_EGAN2(1.0),17/04/26 11:00:00,A,THS_PER,T,Y_GE15,K,PT,2016-01-01,113.6,,
ESTAT:LFSA_EGAN2(1.0),17/04/26 11:00:00,A,THS_PER,T,Y_GE15,K,RO,2016-01-01,110.9,,
ESTAT:LFSA_EGAN2(1.0),17/04/26 11:00:00,A,THS_PER,T,Y_GE15,K,RS,2016-01-01,45.1,,
ESTAT:LFSA_EGAN2(1.0),17/04/26 11:00:00,A,THS_PER,T,Y_GE15,K,SE,2016-01-01,97.5,,
ESTAT:LFSA_EGAN2(1.0),17/04/26 11:00:00,A,THS_PER,T,Y_GE15,K,SI,2016-01-01,22.0,,
ESTAT:LFSA_EGAN2(1.0),17/04/26 11:00:00,A,THS_PER,T,Y_GE15,K,SK,2016-01-01,46.8,,
ESTAT:LFSA_EGAN2(1.0),17/04/26 11:00:00,A,THS_PER,T,Y_GE15,K,TR,2016-01-01,300.6,,
ESTAT:LFSA_EGAN2(1.0),17/04/26 11:00:00,A,THS_PER,T,Y_GE15,K,UK,2016-01-01,1243.2,,
ESTAT:LFSA_EGAN2(1.0),17/04/26 11:00:00,A,THS_PER,T,Y_GE15,O,AT,2016-01-01,271.6,,
ESTAT:LFSA_EGAN2(1.0),17/04/26 11:00:00,A,THS_PER,T,Y_GE15,O,BE,2016-01-01,394.7,,
ESTAT:LFSA_EGAN2(1.0),17/04/26 11:00:00,A,THS_PER,T,Y_GE15,O,BG,2016-01-01,220.4,,
ESTAT:LFSA_EGAN2(1.0),17/04/26 11:00:00,A,THS_PER,T,Y_GE15,O,CH,2016-01-01,206.9,,
ESTAT:LFSA_EGAN2(1.0),17/04/26 11:00:00,A,THS_PER,T,Y_GE15,O,CY,2016-01-01,29.8,,
ESTAT:LFSA_EGAN2(1.0),17/04/26 11:00:00,A,THS_PER,T,Y_GE15,O,CZ,2016-01-01,330.2,,
ESTAT:LFSA_EGAN2(1.0),17/04/26 11:00:00,A,THS_PER,T,Y_GE15,O,DE,2016-01-01,2881.8,,
ESTAT:LFSA_EGAN2(1.0),17/04/26 11:00:00,A,THS_PER,T,Y_GE15,O,DK,2016-01-01,153.9,b,
ESTAT:LFSA_EGAN2(1.0),17/04/26 11:00:00,A,THS_PER,T,Y_GE15,O,EA21,2016-01-01,10675.5,,
ESTAT:LFSA_EGAN2(1.0),17/04/26 11:00:00,A,THS_PER,T,Y_GE15,O,EE,2016-01-01,37.4,,
ESTAT:LFSA_EGAN2(1.0),17/04/26 11:00:00,A,THS_PER,T,Y_GE15,O,EL,2016-01-01,331.3,,
ESTAT:LFSA_EGAN2(1.0),17/04/26 11:00:00,A,THS_PER,T,Y_GE15,O,ES,2016-01-01,1266.4,,
ESTAT:LFSA_EGAN2(1.0),17/04/26 11:00:00,A,THS_PER,T,Y_GE15,O,EU27_2020,2016-01-01,13446.3,,
ESTAT:LFSA_EGAN2(1.0),17/04/26 11:00:00,A,THS_PER,T,Y_GE15,O,FI,2016-01-01,110.6,,
ESTAT:LFSA_EGAN2(1.0),17/04/26 11:00:00,A,THS_PER,T,Y_GE15,O,FR,2016-01-01,2440.0,,
ESTAT:LFSA_EGAN2(1.0),17/04/26 11:00:00,A,THS_PER,T,Y_GE15,O,HR,2016-01-01,100.7,,
ESTAT:LFSA_EGAN2(1.0),17/04/26 11:00:00,A,THS_PER,T,Y_GE15,O,HU,2016-01-01,445.3,,
ESTAT:LFSA_EGAN2(1.0),17/04/26 11:00:00,A,THS_PER,T,Y_GE15,O,IE,2016-01-01,93.9,,
ESTAT:LFSA_EGAN2(1.0),17/04/26 11:00:00,A,THS_PER,T,Y_GE15,O,IS,2016-01-01,8.4,,
ESTAT:LFSA_EGAN2(1.0),17/04/26 11:00:00,A,THS_PER,T,Y_GE15,O,IT,2016-01-01,1262.2,,
ESTAT:LFSA_EGAN2(1.0),17/04/26 11:00:00,A,THS_PER,T,Y_GE15,O,LT,2016-01-01,83.2,,
ESTAT:LFSA_EGAN2(1.0),17/04/26 11:00:00,A,THS_PER,T,Y_GE15,O,LU,2016-01-01,25.4,,
ESTAT:LFSA_EGAN2(1.0),17/04/26 11:00:00,A,THS_PER,T,Y_GE15,O,LV,2016-01-01,62.2,,
ESTAT:LFSA_EGAN2(1.0),17/04/26 11:00:00,A,THS_PER,T,Y_GE15,O,ME,2016-01-01,20.6,,
ESTAT:LFSA_EGAN2(1.0),17/04/26 11:00:00,A,THS_PER,T,Y_GE15,O,MK,2016-01-01,54.0,,
ESTAT:LFSA_EGAN2(1.0),17/04/26 11:00:00,A,THS_PER,T,Y_GE15,O,MT,2016-01-01,14.4,,
ESTAT:LFSA_EGAN2(1.0),17/04/26 11:00:00,A,THS_PER,T,Y_GE15,O,NL,2016-01-01,483.0,,
ESTAT:LFSA_EGAN2(1.0),17/04/26 11:00:00,A,THS_PER,T,Y_GE15,O,NO,2016-01-01,172.7,,
ESTAT:LFSA_EGAN2(1.0),17/04/26 11:00:00,A,THS_PER,T,Y_GE15,O,PL,2016-01-01,1084.1,,
ESTAT:LFSA_EGAN2(1.0),17/04/26 11:00:00,A,THS_PER,T,Y_GE15,O,PT,2016-01-01,289.1,,
ESTAT:LFSA_EGAN2(1.0),17/04/26 11:00:00,A,THS_PER,T,Y_GE15,O,RO,2016-01-01,433.7,,
ESTAT:LFSA_EGAN2(1.0),17/04/26 11:00:00,A,THS_PER,T,Y_GE15,O,RS,2016-01-01,143.1,,
ESTAT:LFSA_EGAN2(1.0),17/04/26 11:00:00,A,THS_PER,T,Y_GE15,O,SE,2016-01-01,323.6,,
ESTAT:LFSA_EGAN2(1.0),17/04/26 11:00:00,A,THS_PER,T,Y_GE15,O,SI,2016-01-01,55.2,,
ESTAT:LFSA_EGAN2(1.0),17/04/26 11:00:00,A,THS_PER,T,Y_GE15,O,SK,2016-01-01,222.4,,
ESTAT:LFSA_EGAN2(1.0),17/04/26 11:00:00,A,THS_PER,T,Y_GE15,O,TR,2016-01-01,1454.8,,
ESTAT:LFSA_EGAN2(1.0),17/04/26 11:00:00,A,THS_PER,T,Y_GE15,O,UK,2016-01-01,1910.1,,
ESTAT:LFSA_EGAN2(1.0),17/04/26 11:00:00,A,THS_PER,T,Y_GE15,P,AT,2016-01-01,288.9,,
ESTAT:LFSA_EGAN2(1.0),17/04/26 11:00:00,A,THS_PER,T,Y_GE15,P,BE,2016-01-01,429.5,,
ESTAT:LFSA_EGAN2(1.0),17/04/26 11:00:00,A,THS_PER,T,Y_GE15,P,BG,2016-01-01,172.8,,
ESTAT:LFSA_EGAN2(1.0),17/04/26 11:00:00,A,THS_PER,T,Y_GE15,P,CH,2016-01-01,334.9,,
ESTAT:LFSA_EGAN2(1.0),17/04/26 11:00:00,A,THS_PER,T,Y_GE15,P,CY,2016-01-01,27.8,,
ESTAT:LFSA_EGAN2(1.0),17/04/26 11:00:00,A,THS_PER,T,Y_GE15,P,CZ,2016-01-01,338.5,,
ESTAT:LFSA_EGAN2(1.0),17/04/26 11:00:00,A,THS_PER,T,Y_GE15,P,DE,2016-01-01,2688.3,,
ESTAT:LFSA_EGAN2(1.0),17/04/26 11:00:00,A,THS_PER,T,Y_GE15,P,DK,2016-01-01,252.9,b,
ESTAT:LFSA_EGAN2(1.0),17/04/26 11:00:00,A,THS_PER,T,Y_GE15,P,EA21,2016-01-01,10675.6,,
ESTAT:LFSA_EGAN2(1.0),17/04/26 11:00:00,A,THS_PER,T,Y_GE15,P,EE,2016-01-01,56.1,,
ESTAT:LFSA_EGAN2(1.0),17/04/26 11:00:00,A,THS_PER,T,Y_GE15,P,EL,2016-01-01,295.1,,
ESTAT:LFSA_EGAN2(1.0),17/04/26 11:00:00,A,THS_PER,T,Y_GE15,P,ES,2016-01-01,1267.8,,
ESTAT:LFSA_EGAN2(1.0),17/04/26 11:00:00,A,THS_PER,T,Y_GE15,P,EU27_2020,2016-01-01,13694.2,,
ESTAT:LFSA_EGAN2(1.0),17/04/26 11:00:00,A,THS_PER,T,Y_GE15,P,FI,2016-01-01,173.1,,
ESTAT:LFSA_EGAN2(1.0),17/04/26 11:00:00,A,THS_PER,T,Y_GE15,P,FR,2016-01-01,2007.6,,
ESTAT:LFSA_EGAN2(1.0),17/04/26 11:00:00,A,THS_PER,T,Y_GE15,P,HR,2016-01-01,115.3,,
ESTAT:LFSA_EGAN2(1.0),17/04/26 11:00:00,A,THS_PER,T,Y_GE15,P,HU,2016-01-01,326.2,,
ESTAT:LFSA_EGAN2(1.0),17/04/26 11:00:00,A,THS_PER,T,Y_GE15,P,IE,2016-01-01,151.5,,
ESTAT:LFSA_EGAN2(1.0),17/04/26 11:00:00,A,THS_PER,T,Y_GE15,P,IS,2016-01-01,23.1,,
ESTAT:LFSA_EGAN2(1.0),17/04/26 11:00:00,A,THS_PER,T,Y_GE15,P,IT,2016-01-01,1542.8,,
ESTAT:LFSA_EGAN2(1.0),17/04/26 11:00:00,A,THS_PER,T,Y_GE15,P,LT,2016-01-01,136.9,,
ESTAT:LFSA_EGAN2(1.0),17/04/26 11:00:00,A,THS_PER,T,Y_GE15,P,LU,2016-01-01,19.5,,
ESTAT:LFSA_EGAN2(1.0),17/04/26 11:00:00,A,THS_PER,T,Y_GE15,P,LV,2016-01-01,81.7,,
ESTAT:LFSA_EGAN2(1.0),17/04/26 11:00:00,A,THS_PER,T,Y_GE15,P,ME,2016-01-01,12.9,,
ESTAT:LFSA_EGAN2(1.0),17/04/26 11:00:00,A,THS_PER,T,Y_GE15,P,MK,2016-01-01,42.6,,
ESTAT:LFSA_EGAN2(1.0),17/04/26 11:00:00,A,THS_PER,T,Y_GE15,P,MT,2016-01-01,19.5,,
ESTAT:LFSA_EGAN2(1.0),17/04/26 11:00:00,A,THS_PER,T,Y_GE15,P,NL,2016-01-01,561.2,,
ESTAT:LFSA_EGAN2(1.0),17/04/26 11:00:00,A,THS_PER,T,Y_GE15,P,NO,2016-01-01,226.8,,
ESTAT:LFSA_EGAN2(1.0),17/04/26 11:00:00,A,THS_PER,T,Y_GE15,P,PL,2016-01-01,1192.6,,
ESTAT:LFSA_EGAN2(1.0),17/04/26 11:00:00,A,THS_PER,T,Y_GE15,P,PT,2016-01-01,381.2,,
ESTAT:LFSA_EGAN2(1.0),17/04/26 11:00:00,A,THS_PER,T,Y_GE15,P,RO,2016-01-01,346.2,,
ESTAT:LFSA_EGAN2(1.0),17/04/26 11:00:00,A,THS_PER,T,Y_GE15,P,RS,2016-01-01,163.4,,
ESTAT:LFSA_EGAN2(1.0),17/04/26 11:00:00,A,THS_PER,T,Y_GE15,P,SE,2016-01-01,562.2,,
ESTAT:LFSA_EGAN2(1.0),17/04/26 11:00:00,A,THS_PER,T,Y_GE15,P,SI,2016-01-01,82.0,,
ESTAT:LFSA_EGAN2(1.0),17/04/26 11:00:00,A,THS_PER,T,Y_GE15,P,SK,2016-01-01,177.0,,
ESTAT:LFSA_EGAN2(1.0),17/04/26 11:00:00,A,THS_PER,T,Y_GE15,P,TR,2016-01-01,1607.5,,
ESTAT:LFSA_EGAN2(1.0),17/04/26 11:00:00,A,THS_PER,T,Y_GE15,P,UK,2016-01-01,3312.6,,
ESTAT:LFSA_EGAN2(1.0),17/04/26 11:00:00,A,THS_PER,T,Y_GE15,Q,AT,2016-01-01,435.4,,
ESTAT:LFSA_EGAN2(1.0),17/04/26 11:00:00,A,THS_PER,T,Y_GE15,Q,BE,2016-01-01,682.0,,
ESTAT:LFSA_EGAN2(1.0),17/04/26 11:00:00,A,THS_PER,T,Y_GE15,Q,BG,2016-01-01,161.3,,
ESTAT:LFSA_EGAN2(1.0),17/04/26 11:00:00,A,THS_PER,T,Y_GE15,Q,CH,2016-01-01,618.0,,
ESTAT:LFSA_EGAN2(1.0),17/04/26 11:00:00,A,THS_PER,T,Y_GE15,Q,CY,2016-01-01,19.6,,
ESTAT:LFSA_EGAN2(1.0),17/04/26 11:00:00,A,THS_PER,T,Y_GE15,Q,CZ,2016-01-01,360.4,,
ESTAT:LFSA_EGAN2(1.0),17/04/26 11:00:00,A,THS_PER,T,Y_GE15,Q,DE,2016-01-01,5282.9,,
ESTAT:LFSA_EGAN2(1.0),17/04/26 11:00:00,A,THS_PER,T,Y_GE15,Q,DK,2016-01-01,490.3,b,
ESTAT:LFSA_EGAN2(1.0),17/04/26 11:00:00,A,THS_PER,T,Y_GE15,Q,EA21,2016-01-01,16997.6,,
ESTAT:LFSA_EGAN2(1.0),17/04/26 11:00:00,A,THS_PER,T,Y_GE15,Q,EE,2016-01-01,39.0,,
ESTAT:LFSA_EGAN2(1.0),17/04/26 11:00:00,A,THS_PER,T,Y_GE15,Q,EL,2016-01-01,218.4,,
ESTAT:LFSA_EGAN2(1.0),17/04/26 11:00:00,A,THS_PER,T,Y_GE15,Q,ES,2016-01-01,1510.7,,
ESTAT:LFSA_EGAN2(1.0),17/04/26 11:00:00,A,THS_PER,T,Y_GE15,Q,EU27_2020,2016-01-01,20237.2,,
ESTAT:LFSA_EGAN2(1.0),17/04/26 11:00:00,A,THS_PER,T,Y_GE15,Q,FI,2016-01-01,409.3,,
ESTAT:LFSA_EGAN2(1.0),17/04/26 11:00:00,A,THS_PER,T,Y_GE15,Q,FR,2016-01-01,3870.1,,
ESTAT:LFSA_EGAN2(1.0),17/04/26 11:00:00,A,THS_PER,T,Y_GE15,Q,HR,2016-01-01,106.5,,
ESTAT:LFSA_EGAN2(1.0),17/04/26 11:00:00,A,THS_PER,T,Y_GE15,Q,HU,2016-01-01,284.0,,
ESTAT:LFSA_EGAN2(1.0),17/04/26 11:00:00,A,THS_PER,T,Y_GE15,Q,IE,2016-01-01,273.2,,
ESTAT:LFSA_EGAN2(1.0),17/04/26 11:00:00,A,THS_PER,T,Y_GE15,Q,IS,2016-01-01,21.0,,
ESTAT:LFSA_EGAN2(1.0),17/04/26 11:00:00,A,THS_PER,T,Y_GE15,Q,IT,2016-01-01,1831.4,,
ESTAT:LFSA_EGAN2(1.0),17/04/26 11:00:00,A,THS_PER,T,Y_GE15,Q,LT,2016-01-01,92.2,,
ESTAT:LFSA_EGAN2(1.0),17/04/26 11:00:00,A,THS_PER,T,Y_GE15,Q,LU,2016-01-01,27.5,,
ESTAT:LFSA_EGAN2(1.0),17/04/26 11:00:00,A,THS_PER,T,Y_GE15,Q,LV,2016-01-01,53.6,,
ESTAT:LFSA_EGAN2(1.0),17/04/26 11:00:00,A,THS_PER,T,Y_GE15,Q,ME,2016-01-01,12.8,,
ESTAT:LFSA_EGAN2(1.0),17/04/26 11:00:00,A,THS_PER,T,Y_GE15,Q,MK,2016-01-01,39.1,,
ESTAT:LFSA_EGAN2(1.0),17/04/26 11:00:00,A,THS_PER,T,Y_GE15,Q,MT,2016-01-01,19.1,,
ESTAT:LFSA_EGAN2(1.0),17/04/26 11:00:00,A,THS_PER,T,Y_GE15,Q,NL,2016-01-01,1292.9,,
ESTAT:LFSA_EGAN2(1.0),17/04/26 11:00:00,A,THS_PER,T,Y_GE15,Q,NO,2016-01-01,538.7,,
ESTAT:LFSA_EGAN2(1.0),17/04/26 11:00:00,A,THS_PER,T,Y_GE15,Q,PL,2016-01-01,969.6,,
ESTAT:LFSA_EGAN2(1.0),17/04/26 11:00:00,A,THS_PER,T,Y_GE15,Q,PT,2016-01-01,424.3,,
ESTAT:LFSA_EGAN2(1.0),17/04/26 11:00:00,A,THS_PER,T,Y_GE15,Q,RO,2016-01-01,390.1,,
ESTAT:LFSA_EGAN2(1.0),17/04/26 11:00:00,A,THS_PER,T,Y_GE15,Q,RS,2016-01-01,160.3,,
ESTAT:LFSA_EGAN2(1.0),17/04/26 11:00:00,A,THS_PER,T,Y_GE15,Q,SE,2016-01-01,745.1,,
ESTAT:LFSA_EGAN2(1.0),17/04/26 11:00:00,A,THS_PER,T,Y_GE15,Q,SI,2016-01-01,67.0,,
ESTAT:LFSA_EGAN2(1.0),17/04/26 11:00:00,A,THS_PER,T,Y_GE15,Q,SK,2016-01-01,181.5,,
ESTAT:LFSA_EGAN2(1.0),17/04/26 11:00:00,A,THS_PER,T,Y_GE15,Q,TR,2016-01-01,1123.0,,
ESTAT:LFSA_EGAN2(1.0),17/04/26 11:00:00,A,THS_PER,T,Y_GE15,Q,UK,2016-01-01,4130.6,,
ESTAT:LFSA_EGAN2(1.0),17/04/26 11:00:00,A,THS_PER,T,Y_GE15,TOTAL,AT,2016-01-01,4220.2,,
ESTAT:LFSA_EGAN2(1.0),17/04/26 11:00:00,A,THS_PER,T,Y_GE15,TOTAL,BE,2016-01-01,4586.4,,
ESTAT:LFSA_EGAN2(1.0),17/04/26 11:00:00,A,THS_PER,T,Y_GE15,TOTAL,BG,2016-01-01,3016.8,,
ESTAT:LFSA_EGAN2(1.0),17/04/26 11:00:00,A,THS_PER,T,Y_GE15,TOTAL,CH,2016-01-01,4603.9,,
ESTAT:LFSA_EGAN2(1.0),17/04/26 11:00:00,A,THS_PER,T,Y_GE15,TOTAL,CY,2016-01-01,363.0,,
ESTAT:LFSA_EGAN2(1.0),17/04/26 11:00:00,A,THS_PER,T,Y_GE15,TOTAL,CZ,2016-01-01,5138.4,,
ESTAT:LFSA_EGAN2(1.0),17/04/26 11:00:00,A,THS_PER,T,Y_GE15,TOTAL,DE,2016-01-01,41265.1,,
ESTAT:LFSA_EGAN2(1.0),17/04/26 11:00:00,A,THS_PER,T,Y_GE15,TOTAL,DK,2016-01-01,2760.2,b,
ESTAT:LFSA_EGAN2(1.0),17/04/26 11:00:00,A,THS_PER,T,Y_GE15,TOTAL,EA21,2016-01-01,150743.9,,
ESTAT:LFSA_EGAN2(1.0),17/04/26 11:00:00,A,THS_PER,T,Y_GE15,TOTAL,EE,2016-01-01,638.7,,
ESTAT:LFSA_EGAN2(1.0),17/04/26 11:00:00,A,THS_PER,T,Y_GE15,TOTAL,EL,2016-01-01,3673.6,,
ESTAT:LFSA_EGAN2(1.0),17/04/26 11:00:00,A,THS_PER,T,Y_GE15,TOTAL,ES,2016-01-01,18341.2,,
ESTAT:LFSA_EGAN2(1.0),17/04/26 11:00:00,A,THS_PER,T,Y_GE15,TOTAL,EU27_2020,2016-01-01,192548.9,,
ESTAT:LFSA_EGAN2(1.0),17/04/26 11:00:00,A,THS_PER,T,Y_GE15,TOTAL,FI,2016-01-01,2448.1,,
ESTAT:LFSA_EGAN2(1.0),17/04/26 11:00:00,A,THS_PER,T,Y_GE15,TOTAL,FR,2016-01-01,26579.7,,
ESTAT:LFSA_EGAN2(1.0),17/04/26 11:00:00,A,THS_PER,T,Y_GE15,TOTAL,HR,2016-01-01,1546.4,,
ESTAT:LFSA_EGAN2(1.0),17/04/26 11:00:00,A,THS_PER,T,Y_GE15,TOTAL,HU,2016-01-01,4351.6,,
ESTAT:LFSA_EGAN2(1.0),17/04/26 11:00:00,A,THS_PER,T,Y_GE15,TOTAL,IE,2016-01-01,2132.1,,
ESTAT:LFSA_EGAN2(1.0),17/04/26 11:00:00,A,THS_PER,T,Y_GE15,TOTAL,IS,2016-01-01,190.5,,
ESTAT:LFSA_EGAN2(1.0),17/04/26 11:00:00,A,THS_PER,T,Y_GE15,TOTAL,IT,2016-01-01,22757.4,,
ESTAT:LFSA_EGAN2(1.0),17/04/26 11:00:00,A,THS_PER,T,Y_GE15,TOTAL,LT,2016-01-01,1361.4,,
ESTAT:LFSA_EGAN2(1.0),17/04/26 11:00:00,A,THS_PER,T,Y_GE15,TOTAL,LU,2016-01-01,260.5,,
ESTAT:LFSA_EGAN2(1.0),17/04/26 11:00:00,A,THS_PER,T,Y_GE15,TOTAL,LV,2016-01-01,893.3,,
ESTAT:LFSA_EGAN2(1.0),17/04/26 11:00:00,A,THS_PER,T,Y_GE15,TOTAL,ME,2016-01-01,224.2,,
ESTAT:LFSA_EGAN2(1.0),17/04/26 11:00:00,A,THS_PER,T,Y_GE15,TOTAL,MK,2016-01-01,723.5,,
ESTAT:LFSA_EGAN2(1.0),17/04/26 11:00:00,A,THS_PER,T,Y_GE15,TOTAL,MT,2016-01-01,208.1,,
ESTAT:LFSA_EGAN2(1.0),17/04/26 11:00:00,A,THS_PER,T,Y_GE15,TOTAL,NL,2016-01-01,8426.9,,
ESTAT:LFSA_EGAN2(1.0),17/04/26 11:00:00,A,THS_PER,T,Y_GE15,TOTAL,NO,2016-01-01,2638.2,,
ESTAT:LFSA_EGAN2(1.0),17/04/26 11:00:00,A,THS_PER,T,Y_GE15,TOTAL,PL,2016-01-01,16196.1,,
ESTAT:LFSA_EGAN2(1.0),17/04/26 11:00:00,A,THS_PER,T,Y_GE15,TOTAL,PT,2016-01-01,4618.1,,
ESTAT:LFSA_EGAN2(1.0),17/04/26 11:00:00,A,THS_PER,T,Y_GE15,TOTAL,RO,2016-01-01,8448.8,,
ESTAT:LFSA_EGAN2(1.0),17/04/26 11:00:00,A,THS_PER,T,Y_GE15,TOTAL,RS,2016-01-01,2719.3,,
ESTAT:LFSA_EGAN2(1.0),17/04/26 11:00:00,A,THS_PER,T,Y_GE15,TOTAL,SE,2016-01-01,4909.9,,
ESTAT:LFSA_EGAN2(1.0),17/04/26 11:00:00,A,THS_PER,T,Y_GE15,TOTAL,SI,2016-01-01,915.0,,
ESTAT:LFSA_EGAN2(1.0),17/04/26 11:00:00,A,THS_PER,T,Y_GE15,TOTAL,SK,2016-01-01,2492.1,,
ESTAT:LFSA_EGAN2(1.0),17/04/26 11:00:00,A,THS_PER,T,Y_GE15,TOTAL,TR,2016-01-01,27214.7,,
ESTAT:LFSA_EGAN2(1.0),17/04/26 11:00:00,A,THS_PER,T,Y_GE15,TOTAL,UK,2016-01-01,31644.9,,
ESTAT:LFSA_EGAN2(1.0),17/04/26 11:00:00,A,THS_PER,T,Y_GE15,A,AT,2017-01-01,167.3,,
ESTAT:LFSA_EGAN2(1.0),17/04/26 11:00:00,A,THS_PER,T,Y_GE15,A,BE,2017-01-01,54.0,b,
ESTAT:LFSA_EGAN2(1.0),17/04/26 11:00:00,A,THS_PER,T,Y_GE15,A,BG,2017-01-01,221.0,,
ESTAT:LFSA_EGAN2(1.0),17/04/26 11:00:00,A,THS_PER,T,Y_GE15,A,CH,2017-01-01,140.7,,
ESTAT:LFSA_EGAN2(1.0),17/04/26 11:00:00,A,THS_PER,T,Y_GE15,A,CY,2017-01-01,9.6,,
ESTAT:LFSA_EGAN2(1.0),17/04/26 11:00:00,A,THS_PER,T,Y_GE15,A,CZ,2017-01-01,146.3,,
ESTAT:LFSA_EGAN2(1.0),17/04/26 11:00:00,A,THS_PER,T,Y_GE15,A,DE,2017-01-01,531.9,,
ESTAT:LFSA_EGAN2(1.0),17/04/26 11:00:00,A,THS_PER,T,Y_GE15,A,DK,2017-01-01,58.3,b,
ESTAT:LFSA_EGAN2(1.0),17/04/26 11:00:00,A,THS_PER,T,Y_GE15,A,EA21,2017-01-01,4932.7,,
ESTAT:LFSA_EGAN2(1.0),17/04/26 11:00:00,A,THS_PER,T,Y_GE15,A,EE,2017-01-01,23.5,,
ESTAT:LFSA_EGAN2(1.0),17/04/26 11:00:00,A,THS_PER,T,Y_GE15,A,EL,2017-01-01,453.4,,
ESTAT:LFSA_EGAN2(1.0),17/04/26 11:00:00,A,THS_PER,T,Y_GE15,A,ES,2017-01-01,819.5,,
ESTAT:LFSA_EGAN2(1.0),17/04/26 11:00:00,A,THS_PER,T,Y_GE15,A,EU27_2020,2017-01-01,9098.5,,
ESTAT:LFSA_EGAN2(1.0),17/04/26 11:00:00,A,THS_PER,T,Y_GE15,A,FI,2017-01-01,92.9,,
ESTAT:LFSA_EGAN2(1.0),17/04/26 11:00:00,A,THS_PER,T,Y_GE15,A,FR,2017-01-01,689.9,,
ESTAT:LFSA_EGAN2(1.0),17/04/26 11:00:00,A,THS_PER,T,Y_GE15,A,HR,2017-01-01,109.3,,
ESTAT:LFSA_EGAN2(1.0),17/04/26 11:00:00,A,THS_PER,T,Y_GE15,A,HU,2017-01-01,222.7,,
ESTAT:LFSA_EGAN2(1.0),17/04/26 11:00:00,A,THS_PER,T,Y_GE15,A,IE,2017-01-01,110.3,b,
ESTAT:LFSA_EGAN2(1.0),17/04/26 11:00:00,A,THS_PER,T,Y_GE15,A,IS,2017-01-01,7.3,,
ESTAT:LFSA_EGAN2(1.0),17/04/26 11:00:00,A,THS_PER,T,Y_GE15,A,IT,2017-01-01,870.9,,
ESTAT:LFSA_EGAN2(1.0),17/04/26 11:00:00,A,THS_PER,T,Y_GE15,A,LT,2017-01-01,105.5,,
ESTAT:LFSA_EGAN2(1.0),17/04/26 11:00:00,A,THS_PER,T,Y_GE15,A,LU,2017-01-01,3.1,,
ESTAT:LFSA_EGAN2(1.0),17/04/26 11:00:00,A,THS_PER,T,Y_GE15,A,LV,2017-01-01,61.4,,
ESTAT:LFSA_EGAN2(1.0),17/04/26 11:00:00,A,THS_PER,T,Y_GE15,A,ME,2017-01-01,18.2,,
ESTAT:LFSA_EGAN2(1.0),17/04/26 11:00:00,A,THS_PER,T,Y_GE15,A,MK,2017-01-01,120.3,,
ESTAT:LFSA_EGAN2(1.0),17/04/26 11:00:00,A,THS_PER,T,Y_GE15,A,MT,2017-01-01,2.2,,
ESTAT:LFSA_EGAN2(1.0),17/04/26 11:00:00,A,THS_PER,T,Y_GE15,A,NL,2017-01-01,176.0,,
ESTAT:LFSA_EGAN2(1.0),17/04/26 11:00:00,A,THS_PER,T,Y_GE15,A,NO,2017-01-01,54.4,,
ESTAT:LFSA_EGAN2(1.0),17/04/26 11:00:00,A,THS_PER,T,Y_GE15,A,PL,2017-01-01,1672.2,,
ESTAT:LFSA_EGAN2(1.0),17/04/26 11:00:00,A,THS_PER,T,Y_GE15,A,PT,2017-01-01,309.6,,
ESTAT:LFSA_EGAN2(1.0),17/04/26 11:00:00,A,THS_PER,T,Y_GE15,A,RO,2017-01-01,1974.9,,
ESTAT:LFSA_EGAN2(1.0),17/04/26 11:00:00,A,THS_PER,T,Y_GE15,A,RS,2017-01-01,481.1,,
ESTAT:LFSA_EGAN2(1.0),17/04/26 11:00:00,A,THS_PER,T,Y_GE15,A,SE,2017-01-01,91.4,,
ESTAT:LFSA_EGAN2(1.0),17/04/26 11:00:00,A,THS_PER,T,Y_GE15,A,SI,2017-01-01,53.0,,
ESTAT:LFSA_EGAN2(1.0),17/04/26 11:00:00,A,THS_PER,T,Y_GE15,A,SK,2017-01-01,68.5,,
ESTAT:LFSA_EGAN2(1.0),17/04/26 11:00:00,A,THS_PER,T,Y_GE15,A,TR,2017-01-01,5465.2,,
ESTAT:LFSA_EGAN2(1.0),17/04/26 11:00:00,A,THS_PER,T,Y_GE15,A,UK,2017-01-01,369.6,,
ESTAT:LFSA_EGAN2(1.0),17/04/26 11:00:00,A,THS_PER,T,Y_GE15,C,AT,2017-01-01,665.8,,
ESTAT:LFSA_EGAN2(1.0),17/04/26 11:00:00,A,THS_PER,T,Y_GE15,C,BE,2017-01-01,574.1,b,
ESTAT:LFSA_EGAN2(1.0),17/04/26 11:00:00,A,THS_PER,T,Y_GE15,C,BG,2017-01-01,601.8,,
ESTAT:LFSA_EGAN2(1.0),17/04/26 11:00:00,A,THS_PER,T,Y_GE15,C,CH,2017-01-01,575.5,,
ESTAT:LFSA_EGAN2(1.0),17/04/26 11:00:00,A,THS_PER,T,Y_GE15,C,CY,2017-01-01,27.2,,
ESTAT:LFSA_EGAN2(1.0),17/04/26 11:00:00,A,THS_PER,T,Y_GE15,C,CZ,2017-01-01,1454.9,,
ESTAT:LFSA_EGAN2(1.0),17/04/26 11:00:00,A,THS_PER,T,Y_GE15,C,DE,2017-01-01,7931.3,,
ESTAT:LFSA_EGAN2(1.0),17/04/26 11:00:00,A,THS_PER,T,Y_GE15,C,DK,2017-01-01,320.7,b,
ESTAT:LFSA_EGAN2(1.0),17/04/26 11:00:00,A,THS_PER,T,Y_GE15,C,EA21,2017-01-01,23805.4,,
ESTAT:LFSA_EGAN2(1.0),17/04/26 11:00:00,A,THS_PER,T,Y_GE15,C,EE,2017-01-01,123.9,,
ESTAT:LFSA_EGAN2(1.0),17/04/26 11:00:00,A,THS_PER,T,Y_GE15,C,EL,2017-01-01,358.2,,
ESTAT:LFSA_EGAN2(1.0),17/04/26 11:00:00,A,THS_PER,T,Y_GE15,C,ES,2017-01-01,2393.4,,
ESTAT:LFSA_EGAN2(1.0),17/04/26 11:00:00,A,THS_PER,T,Y_GE15,C,EU27_2020,2017-01-01,32166.5,,
ESTAT:LFSA_EGAN2(1.0),17/04/26 11:00:00,A,THS_PER,T,Y_GE15,C,FI,2017-01-01,326.0,,
ESTAT:LFSA_EGAN2(1.0),17/04/26 11:00:00,A,THS_PER,T,Y_GE15,C,FR,2017-01-01,3270.9,,
ESTAT:LFSA_EGAN2(1.0),17/04/26 11:00:00,A,THS_PER,T,Y_GE15,C,HR,2017-01-01,261.5,,
ESTAT:LFSA_EGAN2(1.0),17/04/26 11:00:00,A,THS_PER,T,Y_GE15,C,HU,2017-01-01,990.8,,
ESTAT:LFSA_EGAN2(1.0),17/04/26 11:00:00,A,THS_PER,T,Y_GE15,C,IE,2017-01-01,251.9,b,
ESTAT:LFSA_EGAN2(1.0),17/04/26 11:00:00,A,THS_PER,T,Y_GE15,C,IS,2017-01-01,18.8,,
ESTAT:LFSA_EGAN2(1.0),17/04/26 11:00:00,A,THS_PER,T,Y_GE15,C,IT,2017-01-01,4187.6,,
ESTAT:LFSA_EGAN2(1.0),17/04/26 11:00:00,A,THS_PER,T,Y_GE15,C,LT,2017-01-01,208.7,,
ESTAT:LFSA_EGAN2(1.0),17/04/26 11:00:00,A,THS_PER,T,Y_GE15,C,LU,2017-01-01,9.2,,
ESTAT:LFSA_EGAN2(1.0),17/04/26 11:00:00,A,THS_PER,T,Y_GE15,C,LV,2017-01-01,120.9,,
ESTAT:LFSA_EGAN2(1.0),17/04/26 11:00:00,A,THS_PER,T,Y_GE15,C,ME,2017-01-01,12.7,,
ESTAT:LFSA_EGAN2(1.0),17/04/26 11:00:00,A,THS_PER,T,Y_GE15,C,MK,2017-01-01,143.2,,
ESTAT:LFSA_EGAN2(1.0),17/04/26 11:00:00,A,THS_PER,T,Y_GE15,C,MT,2017-01-01,26.1,,
ESTAT:LFSA_EGAN2(1.0),17/04/26 11:00:00,A,THS_PER,T,Y_GE15,C,NL,2017-01-01,800.6,,
ESTAT:LFSA_EGAN2(1.0),17/04/26 11:00:00,A,THS_PER,T,Y_GE15,C,NO,2017-01-01,212.7,,
ESTAT:LFSA_EGAN2(1.0),17/04/26 11:00:00,A,THS_PER,T,Y_GE15,C,PL,2017-01-01,3419.9,,
ESTAT:LFSA_EGAN2(1.0),17/04/26 11:00:00,A,THS_PER,T,Y_GE15,C,PT,2017-01-01,801.3,,
ESTAT:LFSA_EGAN2(1.0),17/04/26 11:00:00,A,THS_PER,T,Y_GE15,C,RO,2017-01-01,1667.7,,
ESTAT:LFSA_EGAN2(1.0),17/04/26 11:00:00,A,THS_PER,T,Y_GE15,C,RS,2017-01-01,477.4,,
ESTAT:LFSA_EGAN2(1.0),17/04/26 11:00:00,A,THS_PER,T,Y_GE15,C,SE,2017-01-01,507.3,,
ESTAT:LFSA_EGAN2(1.0),17/04/26 11:00:00,A,THS_PER,T,Y_GE15,C,SI,2017-01-01,241.6,,
ESTAT:LFSA_EGAN2(1.0),17/04/26 11:00:00,A,THS_PER,T,Y_GE15,C,SK,2017-01-01,623.6,,
ESTAT:LFSA_EGAN2(1.0),17/04/26 11:00:00,A,THS_PER,T,Y_GE15,C,TR,2017-01-01,4971.5,,
ESTAT:LFSA_EGAN2(1.0),17/04/26 11:00:00,A,THS_PER,T,Y_GE15,C,UK,2017-01-01,2925.7,,
ESTAT:LFSA_EGAN2(1.0),17/04/26 11:00:00,A,THS_PER,T,Y_GE15,F,AT,2017-01-01,342.0,,
ESTAT:LFSA_EGAN2(1.0),17/04/26 11:00:00,A,THS_PER,T,Y_GE15,F,BE,2017-01-01,318.0,b,
ESTAT:LFSA_EGAN2(1.0),17/04/26 11:00:00,A,THS_PER,T,Y_GE15,F,BG,2017-01-01,234.3,,
ESTAT:LFSA_EGAN2(1.0),17/04/26 11:00:00,A,THS_PER,T,Y_GE15,F,CH,2017-01-01,310.8,,
ESTAT:LFSA_EGAN2(1.0),17/04/26 11:00:00,A,THS_PER,T,Y_GE15,F,CY,2017-01-01,31.2,,
ESTAT:LFSA_EGAN2(1.0),17/04/26 11:00:00,A,THS_PER,T,Y_GE15,F,CZ,2017-01-01,391.9,,
ESTAT:LFSA_EGAN2(1.0),17/04/26 11:00:00,A,THS_PER,T,Y_GE15,F,DE,2017-01-01,2837.4,,
ESTAT:LFSA_EGAN2(1.0),17/04/26 11:00:00,A,THS_PER,T,Y_GE15,F,DK,2017-01-01,169.8,b,
ESTAT:LFSA_EGAN2(1.0),17/04/26 11:00:00,A,THS_PER,T,Y_GE15,F,EA21,2017-01-01,9858.9,,
ESTAT:LFSA_EGAN2(1.0),17/04/26 11:00:00,A,THS_PER,T,Y_GE15,F,EE,2017-01-01,57.4,,
ESTAT:LFSA_EGAN2(1.0),17/04/26 11:00:00,A,THS_PER,T,Y_GE15,F,EL,2017-01-01,149.3,,
ESTAT:LFSA_EGAN2(1.0),17/04/26 11:00:00,A,THS_PER,T,Y_GE15,F,ES,2017-01-01,1128.3,,
ESTAT:LFSA_EGAN2(1.0),17/04/26 11:00:00,A,THS_PER,T,Y_GE15,F,EU27_2020,2017-01-01,12984.9,,
ESTAT:LFSA_EGAN2(1.0),17/04/26 11:00:00,A,THS_PER,T,Y_GE15,F,FI,2017-01-01,186.7,,
ESTAT:LFSA_EGAN2(1.0),17/04/26 11:00:00,A,THS_PER,T,Y_GE15,F,FR,2017-01-01,1723.3,,
ESTAT:LFSA_EGAN2(1.0),17/04/26 11:00:00,A,THS_PER,T,Y_GE15,F,HR,2017-01-01,101.4,,
ESTAT:LFSA_EGAN2(1.0),17/04/26 11:00:00,A,THS_PER,T,Y_GE15,F,HU,2017-01-01,303.2,,
ESTAT:LFSA_EGAN2(1.0),17/04/26 11:00:00,A,THS_PER,T,Y_GE15,F,IE,2017-01-01,128.7,b,
ESTAT:LFSA_EGAN2(1.0),17/04/26 11:00:00,A,THS_PER,T,Y_GE15,F,IS,2017-01-01,12.4,,
ESTAT:LFSA_EGAN2(1.0),17/04/26 11:00:00,A,THS_PER,T,Y_GE15,F,IT,2017-01-01,1415.8,,
ESTAT:LFSA_EGAN2(1.0),17/04/26 11:00:00,A,THS_PER,T,Y_GE15,F,LT,2017-01-01,99.0,,
ESTAT:LFSA_EGAN2(1.0),17/04/26 11:00:00,A,THS_PER,T,Y_GE15,F,LU,2017-01-01,13.9,,
ESTAT:LFSA_EGAN2(1.0),17/04/26 11:00:00,A,THS_PER,T,Y_GE15,F,LV,2017-01-01,63.1,,
ESTAT:LFSA_EGAN2(1.0),17/04/26 11:00:00,A,THS_PER,T,Y_GE15,F,ME,2017-01-01,17.4,,
ESTAT:LFSA_EGAN2(1.0),17/04/26 11:00:00,A,THS_PER,T,Y_GE15,F,MK,2017-01-01,53.4,,
ESTAT:LFSA_EGAN2(1.0),17/04/26 11:00:00,A,THS_PER,T,Y_GE15,F,MT,2017-01-01,15.2,,
ESTAT:LFSA_EGAN2(1.0),17/04/26 11:00:00,A,THS_PER,T,Y_GE15,F,NL,2017-01-01,408.7,,
ESTAT:LFSA_EGAN2(1.0),17/04/26 11:00:00,A,THS_PER,T,Y_GE15,F,NO,2017-01-01,212.7,,
ESTAT:LFSA_EGAN2(1.0),17/04/26 11:00:00,A,THS_PER,T,Y_GE15,F,PL,2017-01-01,1222.6,,
ESTAT:LFSA_EGAN2(1.0),17/04/26 11:00:00,A,THS_PER,T,Y_GE15,F,PT,2017-01-01,307.8,,
ESTAT:LFSA_EGAN2(1.0),17/04/26 11:00:00,A,THS_PER,T,Y_GE15,F,RO,2017-01-01,696.1,,
ESTAT:LFSA_EGAN2(1.0),17/04/26 11:00:00,A,THS_PER,T,Y_GE15,F,RS,2017-01-01,115.5,,
ESTAT:LFSA_EGAN2(1.0),17/04/26 11:00:00,A,THS_PER,T,Y_GE15,F,SE,2017-01-01,342.3,,
ESTAT:LFSA_EGAN2(1.0),17/04/26 11:00:00,A,THS_PER,T,Y_GE15,F,SI,2017-01-01,53.4,,
ESTAT:LFSA_EGAN2(1.0),17/04/26 11:00:00,A,THS_PER,T,Y_GE15,F,SK,2017-01-01,244.2,,
ESTAT:LFSA_EGAN2(1.0),17/04/26 11:00:00,A,THS_PER,T,Y_GE15,F,TR,2017-01-01,2096.9,,
ESTAT:LFSA_EGAN2(1.0),17/04/26 11:00:00,A,THS_PER,T,Y_GE15,F,UK,2017-01-01,2336.6,,
ESTAT:LFSA_EGAN2(1.0),17/04/26 11:00:00,A,THS_PER,T,Y_GE15,G,AT,2017-01-01,611.8,,
ESTAT:LFSA_EGAN2(1.0),17/04/26 11:00:00,A,THS_PER,T,Y_GE15,G,BE,2017-01-01,600.5,b,
ESTAT:LFSA_EGAN2(1.0),17/04/26 11:00:00,A,THS_PER,T,Y_GE15,G,BG,2017-01-01,542.4,,
ESTAT:LFSA_EGAN2(1.0),17/04/26 11:00:00,A,THS_PER,T,Y_GE15,G,CH,2017-01-01,563.4,,
ESTAT:LFSA_EGAN2(1.0),17/04/26 11:00:00,A,THS_PER,T,Y_GE15,G,CY,2017-01-01,69.1,,
ESTAT:LFSA_EGAN2(1.0),17/04/26 11:00:00,A,THS_PER,T,Y_GE15,G,CZ,2017-01-01,600.0,,
ESTAT:LFSA_EGAN2(1.0),17/04/26 11:00:00,A,THS_PER,T,Y_GE15,G,DE,2017-01-01,5822.5,,
ESTAT:LFSA_EGAN2(1.0),17/04/26 11:00:00,A,THS_PER,T,Y_GE15,G,DK,2017-01-01,425.2,b,
ESTAT:LFSA_EGAN2(1.0),17/04/26 11:00:00,A,THS_PER,T,Y_GE15,G,EA21,2017-01-01,21718.6,,
ESTAT:LFSA_EGAN2(1.0),17/04/26 11:00:00,A,THS_PER,T,Y_GE15,G,EE,2017-01-01,87.2,,
ESTAT:LFSA_EGAN2(1.0),17/04/26 11:00:00,A,THS_PER,T,Y_GE15,G,EL,2017-01-01,679.2,,
ESTAT:LFSA_EGAN2(1.0),17/04/26 11:00:00,A,THS_PER,T,Y_GE15,G,ES,2017-01-01,2993.7,,
ESTAT:LFSA_EGAN2(1.0),17/04/26 11:00:00,A,THS_PER,T,Y_GE15,G,EU27_2020,2017-01-01,27403.1,,
ESTAT:LFSA_EGAN2(1.0),17/04/26 11:00:00,A,THS_PER,T,Y_GE15,G,FI,2017-01-01,281.9,,
ESTAT:LFSA_EGAN2(1.0),17/04/26 11:00:00,A,THS_PER,T,Y_GE15,G,FR,2017-01-01,3435.4,,
ESTAT:LFSA_EGAN2(1.0),17/04/26 11:00:00,A,THS_PER,T,Y_GE15,G,HR,2017-01-01,222.7,,
ESTAT:LFSA_EGAN2(1.0),17/04/26 11:00:00,A,THS_PER,T,Y_GE15,G,HU,2017-01-01,549.7,,
ESTAT:LFSA_EGAN2(1.0),17/04/26 11:00:00,A,THS_PER,T,Y_GE15,G,IE,2017-01-01,302.7,b,
ESTAT:LFSA_EGAN2(1.0),17/04/26 11:00:00,A,THS_PER,T,Y_GE15,G,IS,2017-01-01,25.2,,
ESTAT:LFSA_EGAN2(1.0),17/04/26 11:00:00,A,THS_PER,T,Y_GE15,G,IT,2017-01-01,3287.1,,
ESTAT:LFSA_EGAN2(1.0),17/04/26 11:00:00,A,THS_PER,T,Y_GE15,G,LT,2017-01-01,228.3,,
ESTAT:LFSA_EGAN2(1.0),17/04/26 11:00:00,A,THS_PER,T,Y_GE15,G,LU,2017-01-01,19.8,,
ESTAT:LFSA_EGAN2(1.0),17/04/26 11:00:00,A,THS_PER,T,Y_GE15,G,LV,2017-01-01,131.3,,
ESTAT:LFSA_EGAN2(1.0),17/04/26 11:00:00,A,THS_PER,T,Y_GE15,G,ME,2017-01-01,46.3,,
ESTAT:LFSA_EGAN2(1.0),17/04/26 11:00:00,A,THS_PER,T,Y_GE15,G,MK,2017-01-01,108.9,,
ESTAT:LFSA_EGAN2(1.0),17/04/26 11:00:00,A,THS_PER,T,Y_GE15,G,MT,2017-01-01,31.1,,
ESTAT:LFSA_EGAN2(1.0),17/04/26 11:00:00,A,THS_PER,T,Y_GE15,G,NL,2017-01-01,1251.6,,
ESTAT:LFSA_EGAN2(1.0),17/04/26 11:00:00,A,THS_PER,T,Y_GE15,G,NO,2017-01-01,357.9,,
ESTAT:LFSA_EGAN2(1.0),17/04/26 11:00:00,A,THS_PER,T,Y_GE15,G,PL,2017-01-01,2328.6,,
ESTAT:LFSA_EGAN2(1.0),17/04/26 11:00:00,A,THS_PER,T,Y_GE15,G,PT,2017-01-01,708.3,,
ESTAT:LFSA_EGAN2(1.0),17/04/26 11:00:00,A,THS_PER,T,Y_GE15,G,RO,2017-01-01,1207.0,,
ESTAT:LFSA_EGAN2(1.0),17/04/26 11:00:00,A,THS_PER,T,Y_GE15,G,RS,2017-01-01,371.2,,
ESTAT:LFSA_EGAN2(1.0),17/04/26 11:00:00,A,THS_PER,T,Y_GE15,G,SE,2017-01-01,573.9,,
ESTAT:LFSA_EGAN2(1.0),17/04/26 11:00:00,A,THS_PER,T,Y_GE15,G,SI,2017-01-01,117.4,,
ESTAT:LFSA_EGAN2(1.0),17/04/26 11:00:00,A,THS_PER,T,Y_GE15,G,SK,2017-01-01,294.4,,
ESTAT:LFSA_EGAN2(1.0),17/04/26 11:00:00,A,THS_PER,T,Y_GE15,G,TR,2017-01-01,3934.5,,
ESTAT:LFSA_EGAN2(1.0),17/04/26 11:00:00,A,THS_PER,T,Y_GE15,G,UK,2017-01-01,4195.4,,
ESTAT:LFSA_EGAN2(1.0),17/04/26 11:00:00,A,THS_PER,T,Y_GE15,H,AT,2017-01-01,210.2,,
ESTAT:LFSA_EGAN2(1.0),17/04/26 11:00:00,A,THS_PER,T,Y_GE15,H,BE,2017-01-01,259.5,b,
ESTAT:LFSA_EGAN2(1.0),17/04/26 11:00:00,A,THS_PER,T,Y_GE15,H,BG,2017-01-01,210.6,,
ESTAT:LFSA_EGAN2(1.0),17/04/26 11:00:00,A,THS_PER,T,Y_GE15,H,CH,2017-01-01,200.1,,
ESTAT:LFSA_EGAN2(1.0),17/04/26 11:00:00,A,THS_PER,T,Y_GE15,H,CY,2017-01-01,17.1,,
ESTAT:LFSA_EGAN2(1.0),17/04/26 11:00:00,A,THS_PER,T,Y_GE15,H,CZ,2017-01-01,328.4,,
ESTAT:LFSA_EGAN2(1.0),17/04/26 11:00:00,A,THS_PER,T,Y_GE15,H,DE,2017-01-01,2082.8,,
ESTAT:LFSA_EGAN2(1.0),17/04/26 11:00:00,A,THS_PER,T,Y_GE15,H,DK,2017-01-01,129.1,b,
ESTAT:LFSA_EGAN2(1.0),17/04/26 11:00:00,A,THS_PER,T,Y_GE15,H,EA21,2017-01-01,7857.2,,
ESTAT:LFSA_EGAN2(1.0),17/04/26 11:00:00,A,THS_PER,T,Y_GE15,H,EE,2017-01-01,52.3,,
ESTAT:LFSA_EGAN2(1.0),17/04/26 11:00:00,A,THS_PER,T,Y_GE15,H,EL,2017-01-01,188.2,,
ESTAT:LFSA_EGAN2(1.0),17/04/26 11:00:00,A,THS_PER,T,Y_GE15,H,ES,2017-01-01,936.6,,
ESTAT:LFSA_EGAN2(1.0),17/04/26 11:00:00,A,THS_PER,T,Y_GE15,H,EU27_2020,2017-01-01,10360.5,,
ESTAT:LFSA_EGAN2(1.0),17/04/26 11:00:00,A,THS_PER,T,Y_GE15,H,FI,2017-01-01,139.5,,
ESTAT:LFSA_EGAN2(1.0),17/04/26 11:00:00,A,THS_PER,T,Y_GE15,H,FR,2017-01-01,1448.1,,
ESTAT:LFSA_EGAN2(1.0),17/04/26 11:00:00,A,THS_PER,T,Y_GE15,H,HR,2017-01-01,106.3,,
ESTAT:LFSA_EGAN2(1.0),17/04/26 11:00:00,A,THS_PER,T,Y_GE15,H,HU,2017-01-01,294.0,,
ESTAT:LFSA_EGAN2(1.0),17/04/26 11:00:00,A,THS_PER,T,Y_GE15,H,IE,2017-01-01,93.3,b,
ESTAT:LFSA_EGAN2(1.0),17/04/26 11:00:00,A,THS_PER,T,Y_GE15,H,IS,2017-01-01,13.3,,
ESTAT:LFSA_EGAN2(1.0),17/04/26 11:00:00,A,THS_PER,T,Y_GE15,H,IT,2017-01-01,1109.5,,
ESTAT:LFSA_EGAN2(1.0),17/04/26 11:00:00,A,THS_PER,T,Y_GE15,H,LT,2017-01-01,101.6,,
ESTAT:LFSA_EGAN2(1.0),17/04/26 11:00:00,A,THS_PER,T,Y_GE15,H,LU,2017-01-01,9.6,,
ESTAT:LFSA_EGAN2(1.0),17/04/26 11:00:00,A,THS_PER,T,Y_GE15,H,LV,2017-01-01,79.6,,
ESTAT:LFSA_EGAN2(1.0),17/04/26 11:00:00,A,THS_PER,T,Y_GE15,H,ME,2017-01-01,12.1,,
ESTAT:LFSA_EGAN2(1.0),17/04/26 11:00:00,A,THS_PER,T,Y_GE15,H,MK,2017-01-01,37.8,,
ESTAT:LFSA_EGAN2(1.0),17/04/26 11:00:00,A,THS_PER,T,Y_GE15,H,MT,2017-01-01,12.6,,
ESTAT:LFSA_EGAN2(1.0),17/04/26 11:00:00,A,THS_PER,T,Y_GE15,H,NL,2017-01-01,384.0,,
ESTAT:LFSA_EGAN2(1.0),17/04/26 11:00:00,A,THS_PER,T,Y_GE15,H,NO,2017-01-01,132.2,,
ESTAT:LFSA_EGAN2(1.0),17/04/26 11:00:00,A,THS_PER,T,Y_GE15,H,PL,2017-01-01,1014.1,,
ESTAT:LFSA_EGAN2(1.0),17/04/26 11:00:00,A,THS_PER,T,Y_GE15,H,PT,2017-01-01,206.3,,
ESTAT:LFSA_EGAN2(1.0),17/04/26 11:00:00,A,THS_PER,T,Y_GE15,H,RO,2017-01-01,492.3,,
ESTAT:LFSA_EGAN2(1.0),17/04/26 11:00:00,A,THS_PER,T,Y_GE15,H,RS,2017-01-01,144.6,,
ESTAT:LFSA_EGAN2(1.0),17/04/26 11:00:00,A,THS_PER,T,Y_GE15,H,SE,2017-01-01,245.2,,
ESTAT:LFSA_EGAN2(1.0),17/04/26 11:00:00,A,THS_PER,T,Y_GE15,H,SI,2017-01-01,47.9,,
ESTAT:LFSA_EGAN2(1.0),17/04/26 11:00:00,A,THS_PER,T,Y_GE15,H,SK,2017-01-01,161.4,,
ESTAT:LFSA_EGAN2(1.0),17/04/26 11:00:00,A,THS_PER,T,Y_GE15,H,TR,2017-01-01,1235.0,,
ESTAT:LFSA_EGAN2(1.0),17/04/26 11:00:00,A,THS_PER,T,Y_GE15,H,UK,2017-01-01,1573.6,,
ESTAT:LFSA_EGAN2(1.0),17/04/26 11:00:00,A,THS_PER,T,Y_GE15,I,AT,2017-01-01,262.8,,
ESTAT:LFSA_EGAN2(1.0),17/04/26 11:00:00,A,THS_PER,T,Y_GE15,I,BE,2017-01-01,149.7,b,
ESTAT:LFSA_EGAN2(1.0),17/04/26 11:00:00,A,THS_PER,T,Y_GE15,I,BG,2017-01-01,169.5,,
ESTAT:LFSA_EGAN2(1.0),17/04/26 11:00:00,A,THS_PER,T,Y_GE15,I,CH,2017-01-01,197.1,,
ESTAT:LFSA_EGAN2(1.0),17/04/26 11:00:00,A,THS_PER,T,Y_GE15,I,CY,2017-01-01,34.6,,
ESTAT:LFSA_EGAN2(1.0),17/04/26 11:00:00,A,THS_PER,T,Y_GE15,I,CZ,2017-01-01,172.6,,
ESTAT:LFSA_EGAN2(1.0),17/04/26 11:00:00,A,THS_PER,T,Y_GE15,I,DE,2017-01-01,1574.4,,
ESTAT:LFSA_EGAN2(1.0),17/04/26 11:00:00,A,THS_PER,T,Y_GE15,I,DK,2017-01-01,107.6,b,
ESTAT:LFSA_EGAN2(1.0),17/04/26 11:00:00,A,THS_PER,T,Y_GE15,I,EA21,2017-01-01,7979.4,,
ESTAT:LFSA_EGAN2(1.0),17/04/26 11:00:00,A,THS_PER,T,Y_GE15,I,EE,2017-01-01,25.2,,
ESTAT:LFSA_EGAN2(1.0),17/04/26 11:00:00,A,THS_PER,T,Y_GE15,I,EL,2017-01-01,350.7,,
ESTAT:LFSA_EGAN2(1.0),17/04/26 11:00:00,A,THS_PER,T,Y_GE15,I,ES,2017-01-01,1637.1,,
ESTAT:LFSA_EGAN2(1.0),17/04/26 11:00:00,A,THS_PER,T,Y_GE15,I,EU27_2020,2017-01-01,9216.6,,
ESTAT:LFSA_EGAN2(1.0),17/04/26 11:00:00,A,THS_PER,T,Y_GE15,I,FI,2017-01-01,84.7,,
ESTAT:LFSA_EGAN2(1.0),17/04/26 11:00:00,A,THS_PER,T,Y_GE15,I,FR,2017-01-01,1036.0,,
ESTAT:LFSA_EGAN2(1.0),17/04/26 11:00:00,A,THS_PER,T,Y_GE15,I,HR,2017-01-01,114.2,,
ESTAT:LFSA_EGAN2(1.0),17/04/26 11:00:00,A,THS_PER,T,Y_GE15,I,HU,2017-01-01,193.3,,
ESTAT:LFSA_EGAN2(1.0),17/04/26 11:00:00,A,THS_PER,T,Y_GE15,I,IE,2017-01-01,163.6,b,
ESTAT:LFSA_EGAN2(1.0),17/04/26 11:00:00,A,THS_PER,T,Y_GE15,I,IS,2017-01-01,11.1,,
ESTAT:LFSA_EGAN2(1.0),17/04/26 11:00:00,A,THS_PER,T,Y_GE15,I,IT,2017-01-01,1451.0,,
ESTAT:LFSA_EGAN2(1.0),17/04/26 11:00:00,A,THS_PER,T,Y_GE15,I,LT,2017-01-01,34.4,,
ESTAT:LFSA_EGAN2(1.0),17/04/26 11:00:00,A,THS_PER,T,Y_GE15,I,LU,2017-01-01,7.4,,
ESTAT:LFSA_EGAN2(1.0),17/04/26 11:00:00,A,THS_PER,T,Y_GE15,I,LV,2017-01-01,29.7,,
ESTAT:LFSA_EGAN2(1.0),17/04/26 11:00:00,A,THS_PER,T,Y_GE15,I,ME,2017-01-01,19.9,,
ESTAT:LFSA_EGAN2(1.0),17/04/26 11:00:00,A,THS_PER,T,Y_GE15,I,MK,2017-01-01,28.6,,
ESTAT:LFSA_EGAN2(1.0),17/04/26 11:00:00,A,THS_PER,T,Y_GE15,I,MT,2017-01-01,16.6,,
ESTAT:LFSA_EGAN2(1.0),17/04/26 11:00:00,A,THS_PER,T,Y_GE15,I,NL,2017-01-01,362.8,,
ESTAT:LFSA_EGAN2(1.0),17/04/26 11:00:00,A,THS_PER,T,Y_GE15,I,NO,2017-01-01,77.7,,
ESTAT:LFSA_EGAN2(1.0),17/04/26 11:00:00,A,THS_PER,T,Y_GE15,I,PL,2017-01-01,384.8,,
ESTAT:LFSA_EGAN2(1.0),17/04/26 11:00:00,A,THS_PER,T,Y_GE15,I,PT,2017-01-01,324.6,,
ESTAT:LFSA_EGAN2(1.0),17/04/26 11:00:00,A,THS_PER,T,Y_GE15,I,RO,2017-01-01,203.1,,
ESTAT:LFSA_EGAN2(1.0),17/04/26 11:00:00,A,THS_PER,T,Y_GE15,I,RS,2017-01-01,94.0,,
ESTAT:LFSA_EGAN2(1.0),17/04/26 11:00:00,A,THS_PER,T,Y_GE15,I,SE,2017-01-01,175.8,,
ESTAT:LFSA_EGAN2(1.0),17/04/26 11:00:00,A,THS_PER,T,Y_GE15,I,SI,2017-01-01,44.8,,
ESTAT:LFSA_EGAN2(1.0),17/04/26 11:00:00,A,THS_PER,T,Y_GE15,I,SK,2017-01-01,105.4,,
ESTAT:LFSA_EGAN2(1.0),17/04/26 11:00:00,A,THS_PER,T,Y_GE15,I,TR,2017-01-01,1524.0,,
ESTAT:LFSA_EGAN2(1.0),17/04/26 11:00:00,A,THS_PER,T,Y_GE15,I,UK,2017-01-01,1745.8,,
ESTAT:LFSA_EGAN2(1.0),17/04/26 11:00:00,A,THS_PER,T,Y_GE15,J,AT,2017-01-01,133.5,,
ESTAT:LFSA_EGAN2(1.0),17/04/26 11:00:00,A,THS_PER,T,Y_GE15,J,BE,2017-01-01,155.2,b,
ESTAT:LFSA_EGAN2(1.0),17/04/26 11:00:00,A,THS_PER,T,Y_GE15,J,BG,2017-01-01,91.9,,
ESTAT:LFSA_EGAN2(1.0),17/04/26 11:00:00,A,THS_PER,T,Y_GE15,J,CH,2017-01-01,153.9,,
ESTAT:LFSA_EGAN2(1.0),17/04/26 11:00:00,A,THS_PER,T,Y_GE15,J,CY,2017-01-01,10.7,,
ESTAT:LFSA_EGAN2(1.0),17/04/26 11:00:00,A,THS_PER,T,Y_GE15,J,CZ,2017-01-01,149.3,,
ESTAT:LFSA_EGAN2(1.0),17/04/26 11:00:00,A,THS_PER,T,Y_GE15,J,DE,2017-01-01,1268.2,,
ESTAT:LFSA_EGAN2(1.0),17/04/26 11:00:00,A,THS_PER,T,Y_GE15,J,DK,2017-01-01,106.0,b,
ESTAT:LFSA_EGAN2(1.0),17/04/26 11:00:00,A,THS_PER,T,Y_GE15,J,EA21,2017-01-01,4544.3,,
ESTAT:LFSA_EGAN2(1.0),17/04/26 11:00:00,A,THS_PER,T,Y_GE15,J,EE,2017-01-01,28.8,,
ESTAT:LFSA_EGAN2(1.0),17/04/26 11:00:00,A,THS_PER,T,Y_GE15,J,EL,2017-01-01,87.0,,
ESTAT:LFSA_EGAN2(1.0),17/04/26 11:00:00,A,THS_PER,T,Y_GE15,J,ES,2017-01-01,584.8,,
ESTAT:LFSA_EGAN2(1.0),17/04/26 11:00:00,A,THS_PER,T,Y_GE15,J,EU27_2020,2017-01-01,5697.6,,
ESTAT:LFSA_EGAN2(1.0),17/04/26 11:00:00,A,THS_PER,T,Y_GE15,J,FI,2017-01-01,105.5,,
ESTAT:LFSA_EGAN2(1.0),17/04/26 11:00:00,A,THS_PER,T,Y_GE15,J,FR,2017-01-01,792.7,,
ESTAT:LFSA_EGAN2(1.0),17/04/26 11:00:00,A,THS_PER,T,Y_GE15,J,HR,2017-01-01,42.9,,
ESTAT:LFSA_EGAN2(1.0),17/04/26 11:00:00,A,THS_PER,T,Y_GE15,J,HU,2017-01-01,108.0,,
ESTAT:LFSA_EGAN2(1.0),17/04/26 11:00:00,A,THS_PER,T,Y_GE15,J,IE,2017-01-01,115.5,b,
ESTAT:LFSA_EGAN2(1.0),17/04/26 11:00:00,A,THS_PER,T,Y_GE15,J,IS,2017-01-01,9.9,,
ESTAT:LFSA_EGAN2(1.0),17/04/26 11:00:00,A,THS_PER,T,Y_GE15,J,IT,2017-01-01,564.7,,
ESTAT:LFSA_EGAN2(1.0),17/04/26 11:00:00,A,THS_PER,T,Y_GE15,J,LT,2017-01-01,28.1,,
ESTAT:LFSA_EGAN2(1.0),17/04/26 11:00:00,A,THS_PER,T,Y_GE15,J,LU,2017-01-01,9.6,,
ESTAT:LFSA_EGAN2(1.0),17/04/26 11:00:00,A,THS_PER,T,Y_GE15,J,LV,2017-01-01,28.3,,
ESTAT:LFSA_EGAN2(1.0),17/04/26 11:00:00,A,THS_PER,T,Y_GE15,J,ME,2017-01-01,5.4,,
ESTAT:LFSA_EGAN2(1.0),17/04/26 11:00:00,A,THS_PER,T,Y_GE15,J,MK,2017-01-01,13.6,,
ESTAT:LFSA_EGAN2(1.0),17/04/26 11:00:00,A,THS_PER,T,Y_GE15,J,MT,2017-01-01,8.1,,
ESTAT:LFSA_EGAN2(1.0),17/04/26 11:00:00,A,THS_PER,T,Y_GE15,J,NL,2017-01-01,273.2,,
ESTAT:LFSA_EGAN2(1.0),17/04/26 11:00:00,A,THS_PER,T,Y_GE15,J,NO,2017-01-01,102.6,,
ESTAT:LFSA_EGAN2(1.0),17/04/26 11:00:00,A,THS_PER,T,Y_GE15,J,PL,2017-01-01,379.0,,
ESTAT:LFSA_EGAN2(1.0),17/04/26 11:00:00,A,THS_PER,T,Y_GE15,J,PT,2017-01-01,115.2,,
ESTAT:LFSA_EGAN2(1.0),17/04/26 11:00:00,A,THS_PER,T,Y_GE15,J,RO,2017-01-01,187.0,,
ESTAT:LFSA_EGAN2(1.0),17/04/26 11:00:00,A,THS_PER,T,Y_GE15,J,RS,2017-01-01,66.4,,
ESTAT:LFSA_EGAN2(1.0),17/04/26 11:00:00,A,THS_PER,T,Y_GE15,J,SE,2017-01-01,224.0,,
ESTAT:LFSA_EGAN2(1.0),17/04/26 11:00:00,A,THS_PER,T,Y_GE15,J,SI,2017-01-01,33.5,,
ESTAT:LFSA_EGAN2(1.0),17/04/26 11:00:00,A,THS_PER,T,Y_GE15,J,SK,2017-01-01,66.8,,
ESTAT:LFSA_EGAN2(1.0),17/04/26 11:00:00,A,THS_PER,T,Y_GE15,J,TR,2017-01-01,257.1,,
ESTAT:LFSA_EGAN2(1.0),17/04/26 11:00:00,A,THS_PER,T,Y_GE15,J,UK,2017-01-01,1292.3,,
ESTAT:LFSA_EGAN2(1.0),17/04/26 11:00:00,A,THS_PER,T,Y_GE15,K,AT,2017-01-01,146.3,,
ESTAT:LFSA_EGAN2(1.0),17/04/26 11:00:00,A,THS_PER,T,Y_GE15,K,BE,2017-01-01,156.0,b,
ESTAT:LFSA_EGAN2(1.0),17/04/26 11:00:00,A,THS_PER,T,Y_GE15,K,BG,2017-01-01,63.7,,
ESTAT:LFSA_EGAN2(1.0),17/04/26 11:00:00,A,THS_PER,T,Y_GE15,K,CH,2017-01-01,241.9,,
ESTAT:LFSA_EGAN2(1.0),17/04/26 11:00:00,A,THS_PER,T,Y_GE15,K,CY,2017-01-01,20.9,,
ESTAT:LFSA_EGAN2(1.0),17/04/26 11:00:00,A,THS_PER,T,Y_GE15,K,CZ,2017-01-01,115.0,,
ESTAT:LFSA_EGAN2(1.0),17/04/26 11:00:00,A,THS_PER,T,Y_GE15,K,DE,2017-01-01,1288.3,,
ESTAT:LFSA_EGAN2(1.0),17/04/26 11:00:00,A,THS_PER,T,Y_GE15,K,DK,2017-01-01,80.1,b,
ESTAT:LFSA_EGAN2(1.0),17/04/26 11:00:00,A,THS_PER,T,Y_GE15,K,EA21,2017-01-01,4436.8,,
ESTAT:LFSA_EGAN2(1.0),17/04/26 11:00:00,A,THS_PER,T,Y_GE15,K,EE,2017-01-01,11.4,,
ESTAT:LFSA_EGAN2(1.0),17/04/26 11:00:00,A,THS_PER,T,Y_GE15,K,EL,2017-01-01,92.8,,
ESTAT:LFSA_EGAN2(1.0),17/04/26 11:00:00,A,THS_PER,T,Y_GE15,K,ES,2017-01-01,446.3,,
ESTAT:LFSA_EGAN2(1.0),17/04/26 11:00:00,A,THS_PER,T,Y_GE15,K,EU27_2020,2017-01-01,5329.4,,
ESTAT:LFSA_EGAN2(1.0),17/04/26 11:00:00,A,THS_PER,T,Y_GE15,K,FI,2017-01-01,53.6,,
ESTAT:LFSA_EGAN2(1.0),17/04/26 11:00:00,A,THS_PER,T,Y_GE15,K,FR,2017-01-01,866.2,,
ESTAT:LFSA_EGAN2(1.0),17/04/26 11:00:00,A,THS_PER,T,Y_GE15,K,HR,2017-01-01,42.8,,
ESTAT:LFSA_EGAN2(1.0),17/04/26 11:00:00,A,THS_PER,T,Y_GE15,K,HU,2017-01-01,92.9,,
ESTAT:LFSA_EGAN2(1.0),17/04/26 11:00:00,A,THS_PER,T,Y_GE15,K,IE,2017-01-01,96.2,b,
ESTAT:LFSA_EGAN2(1.0),17/04/26 11:00:00,A,THS_PER,T,Y_GE15,K,IS,2017-01-01,5.5,,
ESTAT:LFSA_EGAN2(1.0),17/04/26 11:00:00,A,THS_PER,T,Y_GE15,K,IT,2017-01-01,637.7,,
ESTAT:LFSA_EGAN2(1.0),17/04/26 11:00:00,A,THS_PER,T,Y_GE15,K,LT,2017-01-01,20.1,,
ESTAT:LFSA_EGAN2(1.0),17/04/26 11:00:00,A,THS_PER,T,Y_GE15,K,LU,2017-01-01,26.4,,
ESTAT:LFSA_EGAN2(1.0),17/04/26 11:00:00,A,THS_PER,T,Y_GE15,K,LV,2017-01-01,21.5,,
ESTAT:LFSA_EGAN2(1.0),17/04/26 11:00:00,A,THS_PER,T,Y_GE15,K,ME,2017-01-01,4.0,,
ESTAT:LFSA_EGAN2(1.0),17/04/26 11:00:00,A,THS_PER,T,Y_GE15,K,MK,2017-01-01,10.8,,
ESTAT:LFSA_EGAN2(1.0),17/04/26 11:00:00,A,THS_PER,T,Y_GE15,K,MT,2017-01-01,11.7,,
ESTAT:LFSA_EGAN2(1.0),17/04/26 11:00:00,A,THS_PER,T,Y_GE15,K,NL,2017-01-01,253.0,,
ESTAT:LFSA_EGAN2(1.0),17/04/26 11:00:00,A,THS_PER,T,Y_GE15,K,NO,2017-01-01,50.8,,
ESTAT:LFSA_EGAN2(1.0),17/04/26 11:00:00,A,THS_PER,T,Y_GE15,K,PL,2017-01-01,393.4,,
ESTAT:LFSA_EGAN2(1.0),17/04/26 11:00:00,A,THS_PER,T,Y_GE15,K,PT,2017-01-01,108.4,,
ESTAT:LFSA_EGAN2(1.0),17/04/26 11:00:00,A,THS_PER,T,Y_GE15,K,RO,2017-01-01,116.1,,
ESTAT:LFSA_EGAN2(1.0),17/04/26 11:00:00,A,THS_PER,T,Y_GE15,K,RS,2017-01-01,45.8,,
ESTAT:LFSA_EGAN2(1.0),17/04/26 11:00:00,A,THS_PER,T,Y_GE15,K,SE,2017-01-01,95.1,,
ESTAT:LFSA_EGAN2(1.0),17/04/26 11:00:00,A,THS_PER,T,Y_GE15,K,SI,2017-01-01,21.7,,
ESTAT:LFSA_EGAN2(1.0),17/04/26 11:00:00,A,THS_PER,T,Y_GE15,K,SK,2017-01-01,51.9,,
ESTAT:LFSA_EGAN2(1.0),17/04/26 11:00:00,A,THS_PER,T,Y_GE15,K,TR,2017-01-01,271.0,,
ESTAT:LFSA_EGAN2(1.0),17/04/26 11:00:00,A,THS_PER,T,Y_GE15,K,UK,2017-01-01,1214.3,,
ESTAT:LFSA_EGAN2(1.0),17/04/26 11:00:00,A,THS_PER,T,Y_GE15,O,AT,2017-01-01,282.5,,
ESTAT:LFSA_EGAN2(1.0),17/04/26 11:00:00,A,THS_PER,T,Y_GE15,O,BE,2017-01-01,396.5,b,
ESTAT:LFSA_EGAN2(1.0),17/04/26 11:00:00,A,THS_PER,T,Y_GE15,O,BG,2017-01-01,219.0,,
ESTAT:LFSA_EGAN2(1.0),17/04/26 11:00:00,A,THS_PER,T,Y_GE15,O,CH,2017-01-01,208.5,,
ESTAT:LFSA_EGAN2(1.0),17/04/26 11:00:00,A,THS_PER,T,Y_GE15,O,CY,2017-01-01,31.0,,
ESTAT:LFSA_EGAN2(1.0),17/04/26 11:00:00,A,THS_PER,T,Y_GE15,O,CZ,2017-01-01,341.4,,
ESTAT:LFSA_EGAN2(1.0),17/04/26 11:00:00,A,THS_PER,T,Y_GE15,O,DE,2017-01-01,2855.8,,
ESTAT:LFSA_EGAN2(1.0),17/04/26 11:00:00,A,THS_PER,T,Y_GE15,O,DK,2017-01-01,149.1,b,
ESTAT:LFSA_EGAN2(1.0),17/04/26 11:00:00,A,THS_PER,T,Y_GE15,O,EA21,2017-01-01,10725.4,,
ESTAT:LFSA_EGAN2(1.0),17/04/26 11:00:00,A,THS_PER,T,Y_GE15,O,EE,2017-01-01,37.9,,
ESTAT:LFSA_EGAN2(1.0),17/04/26 11:00:00,A,THS_PER,T,Y_GE15,O,EL,2017-01-01,330.6,,
ESTAT:LFSA_EGAN2(1.0),17/04/26 11:00:00,A,THS_PER,T,Y_GE15,O,ES,2017-01-01,1291.4,,
ESTAT:LFSA_EGAN2(1.0),17/04/26 11:00:00,A,THS_PER,T,Y_GE15,O,EU27_2020,2017-01-01,13503.3,,
ESTAT:LFSA_EGAN2(1.0),17/04/26 11:00:00,A,THS_PER,T,Y_GE15,O,FI,2017-01-01,115.1,,
ESTAT:LFSA_EGAN2(1.0),17/04/26 11:00:00,A,THS_PER,T,Y_GE15,O,FR,2017-01-01,2434.2,,
ESTAT:LFSA_EGAN2(1.0),17/04/26 11:00:00,A,THS_PER,T,Y_GE15,O,HR,2017-01-01,113.8,,
ESTAT:LFSA_EGAN2(1.0),17/04/26 11:00:00,A,THS_PER,T,Y_GE15,O,HU,2017-01-01,437.1,,
ESTAT:LFSA_EGAN2(1.0),17/04/26 11:00:00,A,THS_PER,T,Y_GE15,O,IE,2017-01-01,97.5,b,
ESTAT:LFSA_EGAN2(1.0),17/04/26 11:00:00,A,THS_PER,T,Y_GE15,O,IS,2017-01-01,8.4,,
ESTAT:LFSA_EGAN2(1.0),17/04/26 11:00:00,A,THS_PER,T,Y_GE15,O,IT,2017-01-01,1259.9,,
ESTAT:LFSA_EGAN2(1.0),17/04/26 11:00:00,A,THS_PER,T,Y_GE15,O,LT,2017-01-01,81.2,,
ESTAT:LFSA_EGAN2(1.0),17/04/26 11:00:00,A,THS_PER,T,Y_GE15,O,LU,2017-01-01,24.9,,
ESTAT:LFSA_EGAN2(1.0),17/04/26 11:00:00,A,THS_PER,T,Y_GE15,O,LV,2017-01-01,63.0,,
ESTAT:LFSA_EGAN2(1.0),17/04/26 11:00:00,A,THS_PER,T,Y_GE15,O,ME,2017-01-01,20.5,,
ESTAT:LFSA_EGAN2(1.0),17/04/26 11:00:00,A,THS_PER,T,Y_GE15,O,MK,2017-01-01,53.1,,
ESTAT:LFSA_EGAN2(1.0),17/04/26 11:00:00,A,THS_PER,T,Y_GE15,O,MT,2017-01-01,15.6,,
ESTAT:LFSA_EGAN2(1.0),17/04/26 11:00:00,A,THS_PER,T,Y_GE15,O,NL,2017-01-01,496.9,,
ESTAT:LFSA_EGAN2(1.0),17/04/26 11:00:00,A,THS_PER,T,Y_GE15,O,NO,2017-01-01,180.7,,
ESTAT:LFSA_EGAN2(1.0),17/04/26 11:00:00,A,THS_PER,T,Y_GE15,O,PL,2017-01-01,1087.4,,
ESTAT:LFSA_EGAN2(1.0),17/04/26 11:00:00,A,THS_PER,T,Y_GE15,O,PT,2017-01-01,294.9,,
ESTAT:LFSA_EGAN2(1.0),17/04/26 11:00:00,A,THS_PER,T,Y_GE15,O,RO,2017-01-01,424.1,,
ESTAT:LFSA_EGAN2(1.0),17/04/26 11:00:00,A,THS_PER,T,Y_GE15,O,RS,2017-01-01,146.5,,
ESTAT:LFSA_EGAN2(1.0),17/04/26 11:00:00,A,THS_PER,T,Y_GE15,O,SE,2017-01-01,338.8,,
ESTAT:LFSA_EGAN2(1.0),17/04/26 11:00:00,A,THS_PER,T,Y_GE15,O,SI,2017-01-01,59.5,,
ESTAT:LFSA_EGAN2(1.0),17/04/26 11:00:00,A,THS_PER,T,Y_GE15,O,SK,2017-01-01,224.2,,
ESTAT:LFSA_EGAN2(1.0),17/04/26 11:00:00,A,THS_PER,T,Y_GE15,O,TR,2017-01-01,1461.7,,
ESTAT:LFSA_EGAN2(1.0),17/04/26 11:00:00,A,THS_PER,T,Y_GE15,O,UK,2017-01-01,1977.1,,
ESTAT:LFSA_EGAN2(1.0),17/04/26 11:00:00,A,THS_PER,T,Y_GE15,P,AT,2017-01-01,299.5,,
ESTAT:LFSA_EGAN2(1.0),17/04/26 11:00:00,A,THS_PER,T,Y_GE15,P,BE,2017-01-01,447.2,b,
ESTAT:LFSA_EGAN2(1.0),17/04/26 11:00:00,A,THS_PER,T,Y_GE15,P,BG,2017-01-01,171.6,,
ESTAT:LFSA_EGAN2(1.0),17/04/26 11:00:00,A,THS_PER,T,Y_GE15,P,CH,2017-01-01,334.6,,
ESTAT:LFSA_EGAN2(1.0),17/04/26 11:00:00,A,THS_PER,T,Y_GE15,P,CY,2017-01-01,27.4,,
ESTAT:LFSA_EGAN2(1.0),17/04/26 11:00:00,A,THS_PER,T,Y_GE15,P,CZ,2017-01-01,344.9,,
ESTAT:LFSA_EGAN2(1.0),17/04/26 11:00:00,A,THS_PER,T,Y_GE15,P,DE,2017-01-01,2751.6,,
ESTAT:LFSA_EGAN2(1.0),17/04/26 11:00:00,A,THS_PER,T,Y_GE15,P,DK,2017-01-01,249.5,b,
ESTAT:LFSA_EGAN2(1.0),17/04/26 11:00:00,A,THS_PER,T,Y_GE15,P,EA21,2017-01-01,10793.1,,
ESTAT:LFSA_EGAN2(1.0),17/04/26 11:00:00,A,THS_PER,T,Y_GE15,P,EE,2017-01-01,55.5,,
ESTAT:LFSA_EGAN2(1.0),17/04/26 11:00:00,A,THS_PER,T,Y_GE15,P,EL,2017-01-01,295.8,,
ESTAT:LFSA_EGAN2(1.0),17/04/26 11:00:00,A,THS_PER,T,Y_GE15,P,ES,2017-01-01,1259.4,,
ESTAT:LFSA_EGAN2(1.0),17/04/26 11:00:00,A,THS_PER,T,Y_GE15,P,EU27_2020,2017-01-01,13882.3,,
ESTAT:LFSA_EGAN2(1.0),17/04/26 11:00:00,A,THS_PER,T,Y_GE15,P,FI,2017-01-01,181.4,,
ESTAT:LFSA_EGAN2(1.0),17/04/26 11:00:00,A,THS_PER,T,Y_GE15,P,FR,2017-01-01,1931.2,,
ESTAT:LFSA_EGAN2(1.0),17/04/26 11:00:00,A,THS_PER,T,Y_GE15,P,HR,2017-01-01,119.2,,
ESTAT:LFSA_EGAN2(1.0),17/04/26 11:00:00,A,THS_PER,T,Y_GE15,P,HU,2017-01-01,326.8,,
ESTAT:LFSA_EGAN2(1.0),17/04/26 11:00:00,A,THS_PER,T,Y_GE15,P,IE,2017-01-01,160.8,b,
ESTAT:LFSA_EGAN2(1.0),17/04/26 11:00:00,A,THS_PER,T,Y_GE15,P,IS,2017-01-01,24.1,,
ESTAT:LFSA_EGAN2(1.0),17/04/26 11:00:00,A,THS_PER,T,Y_GE15,P,IT,2017-01-01,1614.1,,
ESTAT:LFSA_EGAN2(1.0),17/04/26 11:00:00,A,THS_PER,T,Y_GE15,P,LT,2017-01-01,134.9,,
ESTAT:LFSA_EGAN2(1.0),17/04/26 11:00:00,A,THS_PER,T,Y_GE15,P,LU,2017-01-01,21.2,,
ESTAT:LFSA_EGAN2(1.0),17/04/26 11:00:00,A,THS_PER,T,Y_GE15,P,LV,2017-01-01,82.3,,
ESTAT:LFSA_EGAN2(1.0),17/04/26 11:00:00,A,THS_PER,T,Y_GE15,P,ME,2017-01-01,14.3,,
ESTAT:LFSA_EGAN2(1.0),17/04/26 11:00:00,A,THS_PER,T,Y_GE15,P,MK,2017-01-01,44.0,,
ESTAT:LFSA_EGAN2(1.0),17/04/26 11:00:00,A,THS_PER,T,Y_GE15,P,MT,2017-01-01,19.9,,
ESTAT:LFSA_EGAN2(1.0),17/04/26 11:00:00,A,THS_PER,T,Y_GE15,P,NL,2017-01-01,559.0,,
ESTAT:LFSA_EGAN2(1.0),17/04/26 11:00:00,A,THS_PER,T,Y_GE15,P,NO,2017-01-01,219.7,,
ESTAT:LFSA_EGAN2(1.0),17/04/26 11:00:00,A,THS_PER,T,Y_GE15,P,PL,2017-01-01,1228.3,,
ESTAT:LFSA_EGAN2(1.0),17/04/26 11:00:00,A,THS_PER,T,Y_GE15,P,PT,2017-01-01,393.4,,
ESTAT:LFSA_EGAN2(1.0),17/04/26 11:00:00,A,THS_PER,T,Y_GE15,P,RO,2017-01-01,364.2,,
ESTAT:LFSA_EGAN2(1.0),17/04/26 11:00:00,A,THS_PER,T,Y_GE15,P,RS,2017-01-01,171.2,,
ESTAT:LFSA_EGAN2(1.0),17/04/26 11:00:00,A,THS_PER,T,Y_GE15,P,SE,2017-01-01,575.6,,
ESTAT:LFSA_EGAN2(1.0),17/04/26 11:00:00,A,THS_PER,T,Y_GE15,P,SI,2017-01-01,83.7,,
ESTAT:LFSA_EGAN2(1.0),17/04/26 11:00:00,A,THS_PER,T,Y_GE15,P,SK,2017-01-01,184.1,,
ESTAT:LFSA_EGAN2(1.0),17/04/26 11:00:00,A,THS_PER,T,Y_GE15,P,TR,2017-01-01,1609.5,,
ESTAT:LFSA_EGAN2(1.0),17/04/26 11:00:00,A,THS_PER,T,Y_GE15,P,UK,2017-01-01,3262.5,,
ESTAT:LFSA_EGAN2(1.0),17/04/26 11:00:00,A,THS_PER,T,Y_GE15,Q,AT,2017-01-01,452.7,,
ESTAT:LFSA_EGAN2(1.0),17/04/26 11:00:00,A,THS_PER,T,Y_GE15,Q,BE,2017-01-01,690.0,b,
ESTAT:LFSA_EGAN2(1.0),17/04/26 11:00:00,A,THS_PER,T,Y_GE15,Q,BG,2017-01-01,164.8,,
ESTAT:LFSA_EGAN2(1.0),17/04/26 11:00:00,A,THS_PER,T,Y_GE15,Q,CH,2017-01-01,650.2,,
ESTAT:LFSA_EGAN2(1.0),17/04/26 11:00:00,A,THS_PER,T,Y_GE15,Q,CY,2017-01-01,21.3,,
ESTAT:LFSA_EGAN2(1.0),17/04/26 11:00:00,A,THS_PER,T,Y_GE15,Q,CZ,2017-01-01,375.3,,
ESTAT:LFSA_EGAN2(1.0),17/04/26 11:00:00,A,THS_PER,T,Y_GE15,Q,DE,2017-01-01,5372.4,,
ESTAT:LFSA_EGAN2(1.0),17/04/26 11:00:00,A,THS_PER,T,Y_GE15,Q,DK,2017-01-01,512.0,b,
ESTAT:LFSA_EGAN2(1.0),17/04/26 11:00:00,A,THS_PER,T,Y_GE15,Q,EA21,2017-01-01,17297.2,,
ESTAT:LFSA_EGAN2(1.0),17/04/26 11:00:00,A,THS_PER,T,Y_GE15,Q,EE,2017-01-01,38.1,,
ESTAT:LFSA_EGAN2(1.0),17/04/26 11:00:00,A,THS_PER,T,Y_GE15,Q,EL,2017-01-01,231.6,,
ESTAT:LFSA_EGAN2(1.0),17/04/26 11:00:00,A,THS_PER,T,Y_GE15,Q,ES,2017-01-01,1564.9,,
ESTAT:LFSA_EGAN2(1.0),17/04/26 11:00:00,A,THS_PER,T,Y_GE15,Q,EU27_2020,2017-01-01,20627.5,,
ESTAT:LFSA_EGAN2(1.0),17/04/26 11:00:00,A,THS_PER,T,Y_GE15,Q,FI,2017-01-01,404.2,,
ESTAT:LFSA_EGAN2(1.0),17/04/26 11:00:00,A,THS_PER,T,Y_GE15,Q,FR,2017-01-01,3954.5,,
ESTAT:LFSA_EGAN2(1.0),17/04/26 11:00:00,A,THS_PER,T,Y_GE15,Q,HR,2017-01-01,98.5,,
ESTAT:LFSA_EGAN2(1.0),17/04/26 11:00:00,A,THS_PER,T,Y_GE15,Q,HU,2017-01-01,290.8,,
ESTAT:LFSA_EGAN2(1.0),17/04/26 11:00:00,A,THS_PER,T,Y_GE15,Q,IE,2017-01-01,279.8,b,
ESTAT:LFSA_EGAN2(1.0),17/04/26 11:00:00,A,THS_PER,T,Y_GE15,Q,IS,2017-01-01,22.3,,
ESTAT:LFSA_EGAN2(1.0),17/04/26 11:00:00,A,THS_PER,T,Y_GE15,Q,IT,2017-01-01,1863.4,,
ESTAT:LFSA_EGAN2(1.0),17/04/26 11:00:00,A,THS_PER,T,Y_GE15,Q,LT,2017-01-01,92.6,,
ESTAT:LFSA_EGAN2(1.0),17/04/26 11:00:00,A,THS_PER,T,Y_GE15,Q,LU,2017-01-01,23.8,,
ESTAT:LFSA_EGAN2(1.0),17/04/26 11:00:00,A,THS_PER,T,Y_GE15,Q,LV,2017-01-01,55.3,,
ESTAT:LFSA_EGAN2(1.0),17/04/26 11:00:00,A,THS_PER,T,Y_GE15,Q,ME,2017-01-01,12.8,,
ESTAT:LFSA_EGAN2(1.0),17/04/26 11:00:00,A,THS_PER,T,Y_GE15,Q,MK,2017-01-01,40.8,,
ESTAT:LFSA_EGAN2(1.0),17/04/26 11:00:00,A,THS_PER,T,Y_GE15,Q,MT,2017-01-01,20.1,,
ESTAT:LFSA_EGAN2(1.0),17/04/26 11:00:00,A,THS_PER,T,Y_GE15,Q,NL,2017-01-01,1271.3,,
ESTAT:LFSA_EGAN2(1.0),17/04/26 11:00:00,A,THS_PER,T,Y_GE15,Q,NO,2017-01-01,542.0,,
ESTAT:LFSA_EGAN2(1.0),17/04/26 11:00:00,A,THS_PER,T,Y_GE15,Q,PL,2017-01-01,984.0,,
ESTAT:LFSA_EGAN2(1.0),17/04/26 11:00:00,A,THS_PER,T,Y_GE15,Q,PT,2017-01-01,438.1,,
ESTAT:LFSA_EGAN2(1.0),17/04/26 11:00:00,A,THS_PER,T,Y_GE15,Q,RO,2017-01-01,406.5,,
ESTAT:LFSA_EGAN2(1.0),17/04/26 11:00:00,A,THS_PER,T,Y_GE15,Q,RS,2017-01-01,157.3,,
ESTAT:LFSA_EGAN2(1.0),17/04/26 11:00:00,A,THS_PER,T,Y_GE15,Q,SE,2017-01-01,761.7,,
ESTAT:LFSA_EGAN2(1.0),17/04/26 11:00:00,A,THS_PER,T,Y_GE15,Q,SI,2017-01-01,68.4,,
ESTAT:LFSA_EGAN2(1.0),17/04/26 11:00:00,A,THS_PER,T,Y_GE15,Q,SK,2017-01-01,191.6,,
ESTAT:LFSA_EGAN2(1.0),17/04/26 11:00:00,A,THS_PER,T,Y_GE15,Q,TR,2017-01-01,1186.6,,
ESTAT:LFSA_EGAN2(1.0),17/04/26 11:00:00,A,THS_PER,T,Y_GE15,Q,UK,2017-01-01,4200.9,,
ESTAT:LFSA_EGAN2(1.0),17/04/26 11:00:00,A,THS_PER,T,Y_GE15,TOTAL,AT,2017-01-01,4260.1,,
ESTAT:LFSA_EGAN2(1.0),17/04/26 11:00:00,A,THS_PER,T,Y_GE15,TOTAL,BE,2017-01-01,4637.8,b,
ESTAT:LFSA_EGAN2(1.0),17/04/26 11:00:00,A,THS_PER,T,Y_GE15,TOTAL,BG,2017-01-01,3150.3,,
ESTAT:LFSA_EGAN2(1.0),17/04/26 11:00:00,A,THS_PER,T,Y_GE15,TOTAL,CH,2017-01-01,4636.2,,
ESTAT:LFSA_EGAN2(1.0),17/04/26 11:00:00,A,THS_PER,T,Y_GE15,TOTAL,CY,2017-01-01,379.6,,
ESTAT:LFSA_EGAN2(1.0),17/04/26 11:00:00,A,THS_PER,T,Y_GE15,TOTAL,CZ,2017-01-01,5221.4,,
ESTAT:LFSA_EGAN2(1.0),17/04/26 11:00:00,A,THS_PER,T,Y_GE15,TOTAL,DE,2017-01-01,41661.4,,
ESTAT:LFSA_EGAN2(1.0),17/04/26 11:00:00,A,THS_PER,T,Y_GE15,TOTAL,DK,2017-01-01,2788.5,b,
ESTAT:LFSA_EGAN2(1.0),17/04/26 11:00:00,A,THS_PER,T,Y_GE15,TOTAL,EA21,2017-01-01,152978.8,,
ESTAT:LFSA_EGAN2(1.0),17/04/26 11:00:00,A,THS_PER,T,Y_GE15,TOTAL,EE,2017-01-01,650.3,,
ESTAT:LFSA_EGAN2(1.0),17/04/26 11:00:00,A,THS_PER,T,Y_GE15,TOTAL,EL,2017-01-01,3752.7,,
ESTAT:LFSA_EGAN2(1.0),17/04/26 11:00:00,A,THS_PER,T,Y_GE15,TOTAL,ES,2017-01-01,18824.8,,
ESTAT:LFSA_EGAN2(1.0),17/04/26 11:00:00,A,THS_PER,T,Y_GE15,TOTAL,EU27_2020,2017-01-01,195524.6,,
ESTAT:LFSA_EGAN2(1.0),17/04/26 11:00:00,A,THS_PER,T,Y_GE15,TOTAL,FI,2017-01-01,2473.2,,
ESTAT:LFSA_EGAN2(1.0),17/04/26 11:00:00,A,THS_PER,T,Y_GE15,TOTAL,FR,2017-01-01,26803.0,,
ESTAT:LFSA_EGAN2(1.0),17/04/26 11:00:00,A,THS_PER,T,Y_GE15,TOTAL,HR,2017-01-01,1562.1,,
ESTAT:LFSA_EGAN2(1.0),17/04/26 11:00:00,A,THS_PER,T,Y_GE15,TOTAL,HU,2017-01-01,4421.4,,
ESTAT:LFSA_EGAN2(1.0),17/04/26 11:00:00,A,THS_PER,T,Y_GE15,TOTAL,IE,2017-01-01,2193.9,b,
ESTAT:LFSA_EGAN2(1.0),17/04/26 11:00:00,A,THS_PER,T,Y_GE15,TOTAL,IS,2017-01-01,193.9,,
ESTAT:LFSA_EGAN2(1.0),17/04/26 11:00:00,A,THS_PER,T,Y_GE15,TOTAL,IT,2017-01-01,23021.9,,
ESTAT:LFSA_EGAN2(1.0),17/04/26 11:00:00,A,THS_PER,T,Y_GE15,TOTAL,LT,2017-01-01,1354.8,,
ESTAT:LFSA_EGAN2(1.0),17/04/26 11:00:00,A,THS_PER,T,Y_GE15,TOTAL,LU,2017-01-01,271.8,,
ESTAT:LFSA_EGAN2(1.0),17/04/26 11:00:00,A,THS_PER,T,Y_GE15,TOTAL,LV,2017-01-01,894.8,,
ESTAT:LFSA_EGAN2(1.0),17/04/26 11:00:00,A,THS_PER,T,Y_GE15,TOTAL,ME,2017-01-01,229.3,,
ESTAT:LFSA_EGAN2(1.0),17/04/26 11:00:00,A,THS_PER,T,Y_GE15,TOTAL,MK,2017-01-01,740.6,,
ESTAT:LFSA_EGAN2(1.0),17/04/26 11:00:00,A,THS_PER,T,Y_GE15,TOTAL,MT,2017-01-01,220.5,,
ESTAT:LFSA_EGAN2(1.0),17/04/26 11:00:00,A,THS_PER,T,Y_GE15,TOTAL,NL,2017-01-01,8604.5,,
ESTAT:LFSA_EGAN2(1.0),17/04/26 11:00:00,A,THS_PER,T,Y_GE15,TOTAL,NO,2017-01-01,2643.9,,
ESTAT:LFSA_EGAN2(1.0),17/04/26 11:00:00,A,THS_PER,T,Y_GE15,TOTAL,PL,2017-01-01,16422.2,,
ESTAT:LFSA_EGAN2(1.0),17/04/26 11:00:00,A,THS_PER,T,Y_GE15,TOTAL,PT,2017-01-01,4771.5,,
ESTAT:LFSA_EGAN2(1.0),17/04/26 11:00:00,A,THS_PER,T,Y_GE15,TOTAL,RO,2017-01-01,8670.6,,
ESTAT:LFSA_EGAN2(1.0),17/04/26 11:00:00,A,THS_PER,T,Y_GE15,TOTAL,RS,2017-01-01,2794.6,,
ESTAT:LFSA_EGAN2(1.0),17/04/26 11:00:00,A,THS_PER,T,Y_GE15,TOTAL,SE,2017-01-01,5021.6,,
ESTAT:LFSA_EGAN2(1.0),17/04/26 11:00:00,A,THS_PER,T,Y_GE15,TOTAL,SI,2017-01-01,959.1,,
ESTAT:LFSA_EGAN2(1.0),17/04/26 11:00:00,A,THS_PER,T,Y_GE15,TOTAL,SK,2017-01-01,2530.7,,
ESTAT:LFSA_EGAN2(1.0),17/04/26 11:00:00,A,THS_PER,T,Y_GE15,TOTAL,TR,2017-01-01,28196.1,,
ESTAT:LFSA_EGAN2(1.0),17/04/26 11:00:00,A,THS_PER,T,Y_GE15,TOTAL,UK,2017-01-01,31964.7,,
ESTAT:LFSA_EGAN2(1.0),17/04/26 11:00:00,A,THS_PER,T,Y_GE15,A,AT,2018-01-01,159.5,,
ESTAT:LFSA_EGAN2(1.0),17/04/26 11:00:00,A,THS_PER,T,Y_GE15,A,BE,2018-01-01,47.3,,
ESTAT:LFSA_EGAN2(1.0),17/04/26 11:00:00,A,THS_PER,T,Y_GE15,A,BG,2018-01-01,207.4,,
ESTAT:LFSA_EGAN2(1.0),17/04/26 11:00:00,A,THS_PER,T,Y_GE15,A,CH,2018-01-01,138.5,,
ESTAT:LFSA_EGAN2(1.0),17/04/26 11:00:00,A,THS_PER,T,Y_GE15,A,CY,2018-01-01,8.7,,
ESTAT:LFSA_EGAN2(1.0),17/04/26 11:00:00,A,THS_PER,T,Y_GE15,A,CZ,2018-01-01,148.3,,
ESTAT:LFSA_EGAN2(1.0),17/04/26 11:00:00,A,THS_PER,T,Y_GE15,A,DE,2018-01-01,523.7,,
ESTAT:LFSA_EGAN2(1.0),17/04/26 11:00:00,A,THS_PER,T,Y_GE15,A,DK,2018-01-01,61.9,,
ESTAT:LFSA_EGAN2(1.0),17/04/26 11:00:00,A,THS_PER,T,Y_GE15,A,EA21,2018-01-01,4818.1,,
ESTAT:LFSA_EGAN2(1.0),17/04/26 11:00:00,A,THS_PER,T,Y_GE15,A,EE,2018-01-01,22.5,,
ESTAT:LFSA_EGAN2(1.0),17/04/26 11:00:00,A,THS_PER,T,Y_GE15,A,EL,2018-01-01,469.6,,
ESTAT:LFSA_EGAN2(1.0),17/04/26 11:00:00,A,THS_PER,T,Y_GE15,A,ES,2018-01-01,812.6,,
ESTAT:LFSA_EGAN2(1.0),17/04/26 11:00:00,A,THS_PER,T,Y_GE15,A,EU27_2020,2018-01-01,8850.8,,
ESTAT:LFSA_EGAN2(1.0),17/04/26 11:00:00,A,THS_PER,T,Y_GE15,A,FI,2018-01-01,94.0,,
ESTAT:LFSA_EGAN2(1.0),17/04/26 11:00:00,A,THS_PER,T,Y_GE15,A,FR,2018-01-01,665.0,,
ESTAT:LFSA_EGAN2(1.0),17/04/26 11:00:00,A,THS_PER,T,Y_GE15,A,HR,2018-01-01,96.6,,
ESTAT:LFSA_EGAN2(1.0),17/04/26 11:00:00,A,THS_PER,T,Y_GE15,A,HU,2018-01-01,218.8,b,
ESTAT:LFSA_EGAN2(1.0),17/04/26 11:00:00,A,THS_PER,T,Y_GE15,A,IE,2018-01-01,107.1,,
ESTAT:LFSA_EGAN2(1.0),17/04/26 11:00:00,A,THS_PER,T,Y_GE15,A,IS,2018-01-01,8.0,,
ESTAT:LFSA_EGAN2(1.0),17/04/26 11:00:00,A,THS_PER,T,Y_GE15,A,IT,2018-01-01,859.4,b,
ESTAT:LFSA_EGAN2(1.0),17/04/26 11:00:00,A,THS_PER,T,Y_GE15,A,LT,2018-01-01,98.7,,
ESTAT:LFSA_EGAN2(1.0),17/04/26 11:00:00,A,THS_PER,T,Y_GE15,A,LU,2018-01-01,2.7,,
ESTAT:LFSA_EGAN2(1.0),17/04/26 11:00:00,A,THS_PER,T,Y_GE15,A,LV,2018-01-01,63.3,,
ESTAT:LFSA_EGAN2(1.0),17/04/26 11:00:00,A,THS_PER,T,Y_GE15,A,ME,2018-01-01,19.0,,
ESTAT:LFSA_EGAN2(1.0),17/04/26 11:00:00,A,THS_PER,T,Y_GE15,A,MK,2018-01-01,119.3,,
ESTAT:LFSA_EGAN2(1.0),17/04/26 11:00:00,A,THS_PER,T,Y_GE15,A,MT,2018-01-01,2.4,,
ESTAT:LFSA_EGAN2(1.0),17/04/26 11:00:00,A,THS_PER,T,Y_GE15,A,NL,2018-01-01,166.8,,
ESTAT:LFSA_EGAN2(1.0),17/04/26 11:00:00,A,THS_PER,T,Y_GE15,A,NO,2018-01-01,56.5,,
ESTAT:LFSA_EGAN2(1.0),17/04/26 11:00:00,A,THS_PER,T,Y_GE15,A,PL,2018-01-01,1577.7,,
ESTAT:LFSA_EGAN2(1.0),17/04/26 11:00:00,A,THS_PER,T,Y_GE15,A,PT,2018-01-01,298.5,,
ESTAT:LFSA_EGAN2(1.0),17/04/26 11:00:00,A,THS_PER,T,Y_GE15,A,RO,2018-01-01,1938.1,,
ESTAT:LFSA_EGAN2(1.0),17/04/26 11:00:00,A,THS_PER,T,Y_GE15,A,RS,2018-01-01,450.8,,
ESTAT:LFSA_EGAN2(1.0),17/04/26 11:00:00,A,THS_PER,T,Y_GE15,A,SE,2018-01-01,87.9,b,
ESTAT:LFSA_EGAN2(1.0),17/04/26 11:00:00,A,THS_PER,T,Y_GE15,A,SI,2018-01-01,53.4,,
ESTAT:LFSA_EGAN2(1.0),17/04/26 11:00:00,A,THS_PER,T,Y_GE15,A,SK,2018-01-01,58.9,,
ESTAT:LFSA_EGAN2(1.0),17/04/26 11:00:00,A,THS_PER,T,Y_GE15,A,TR,2018-01-01,5295.6,,
ESTAT:LFSA_EGAN2(1.0),17/04/26 11:00:00,A,THS_PER,T,Y_GE15,A,UK,2018-01-01,344.2,,
ESTAT:LFSA_EGAN2(1.0),17/04/26 11:00:00,A,THS_PER,T,Y_GE15,C,AT,2018-01-01,699.2,,
ESTAT:LFSA_EGAN2(1.0),17/04/26 11:00:00,A,THS_PER,T,Y_GE15,C,BE,2018-01-01,610.2,,
ESTAT:LFSA_EGAN2(1.0),17/04/26 11:00:00,A,THS_PER,T,Y_GE15,C,BG,2018-01-01,600.2,,
ESTAT:LFSA_EGAN2(1.0),17/04/26 11:00:00,A,THS_PER,T,Y_GE15,C,CH,2018-01-01,579.7,,
ESTAT:LFSA_EGAN2(1.0),17/04/26 11:00:00,A,THS_PER,T,Y_GE15,C,CY,2018-01-01,27.6,,
ESTAT:LFSA_EGAN2(1.0),17/04/26 11:00:00,A,THS_PER,T,Y_GE15,C,CZ,2018-01-01,1458.4,,
ESTAT:LFSA_EGAN2(1.0),17/04/26 11:00:00,A,THS_PER,T,Y_GE15,C,DE,2018-01-01,7993.7,,
ESTAT:LFSA_EGAN2(1.0),17/04/26 11:00:00,A,THS_PER,T,Y_GE15,C,DK,2018-01-01,322.7,,
ESTAT:LFSA_EGAN2(1.0),17/04/26 11:00:00,A,THS_PER,T,Y_GE15,C,EA21,2018-01-01,23997.4,,
ESTAT:LFSA_EGAN2(1.0),17/04/26 11:00:00,A,THS_PER,T,Y_GE15,C,EE,2018-01-01,124.9,,
ESTAT:LFSA_EGAN2(1.0),17/04/26 11:00:00,A,THS_PER,T,Y_GE15,C,EL,2018-01-01,357.8,,
ESTAT:LFSA_EGAN2(1.0),17/04/26 11:00:00,A,THS_PER,T,Y_GE15,C,ES,2018-01-01,2444.2,,
ESTAT:LFSA_EGAN2(1.0),17/04/26 11:00:00,A,THS_PER,T,Y_GE15,C,EU27_2020,2018-01-01,32432.8,,
ESTAT:LFSA_EGAN2(1.0),17/04/26 11:00:00,A,THS_PER,T,Y_GE15,C,FI,2018-01-01,337.1,,
ESTAT:LFSA_EGAN2(1.0),17/04/26 11:00:00,A,THS_PER,T,Y_GE15,C,FR,2018-01-01,3156.2,,
ESTAT:LFSA_EGAN2(1.0),17/04/26 11:00:00,A,THS_PER,T,Y_GE15,C,HR,2018-01-01,271.9,,
ESTAT:LFSA_EGAN2(1.0),17/04/26 11:00:00,A,THS_PER,T,Y_GE15,C,HU,2018-01-01,1003.6,b,
ESTAT:LFSA_EGAN2(1.0),17/04/26 11:00:00,A,THS_PER,T,Y_GE15,C,IE,2018-01-01,249.1,,
ESTAT:LFSA_EGAN2(1.0),17/04/26 11:00:00,A,THS_PER,T,Y_GE15,C,IS,2018-01-01,18.0,,
ESTAT:LFSA_EGAN2(1.0),17/04/26 11:00:00,A,THS_PER,T,Y_GE15,C,IT,2018-01-01,4232.4,b,
ESTAT:LFSA_EGAN2(1.0),17/04/26 11:00:00,A,THS_PER,T,Y_GE15,C,LT,2018-01-01,219.7,,
ESTAT:LFSA_EGAN2(1.0),17/04/26 11:00:00,A,THS_PER,T,Y_GE15,C,LU,2018-01-01,11.8,,
ESTAT:LFSA_EGAN2(1.0),17/04/26 11:00:00,A,THS_PER,T,Y_GE15,C,LV,2018-01-01,116.9,,
ESTAT:LFSA_EGAN2(1.0),17/04/26 11:00:00,A,THS_PER,T,Y_GE15,C,ME,2018-01-01,14.4,,
ESTAT:LFSA_EGAN2(1.0),17/04/26 11:00:00,A,THS_PER,T,Y_GE15,C,MK,2018-01-01,150.8,,
ESTAT:LFSA_EGAN2(1.0),17/04/26 11:00:00,A,THS_PER,T,Y_GE15,C,MT,2018-01-01,26.9,,
ESTAT:LFSA_EGAN2(1.0),17/04/26 11:00:00,A,THS_PER,T,Y_GE15,C,NL,2018-01-01,812.5,,
ESTAT:LFSA_EGAN2(1.0),17/04/26 11:00:00,A,THS_PER,T,Y_GE15,C,NO,2018-01-01,207.6,,
ESTAT:LFSA_EGAN2(1.0),17/04/26 11:00:00,A,THS_PER,T,Y_GE15,C,PL,2018-01-01,3463.9,,
ESTAT:LFSA_EGAN2(1.0),17/04/26 11:00:00,A,THS_PER,T,Y_GE15,C,PT,2018-01-01,832.0,,
ESTAT:LFSA_EGAN2(1.0),17/04/26 11:00:00,A,THS_PER,T,Y_GE15,C,RO,2018-01-01,1676.2,,
ESTAT:LFSA_EGAN2(1.0),17/04/26 11:00:00,A,THS_PER,T,Y_GE15,C,RS,2018-01-01,518.1,,
ESTAT:LFSA_EGAN2(1.0),17/04/26 11:00:00,A,THS_PER,T,Y_GE15,C,SE,2018-01-01,510.6,b,
ESTAT:LFSA_EGAN2(1.0),17/04/26 11:00:00,A,THS_PER,T,Y_GE15,C,SI,2018-01-01,243.7,,
ESTAT:LFSA_EGAN2(1.0),17/04/26 11:00:00,A,THS_PER,T,Y_GE15,C,SK,2018-01-01,629.4,,
ESTAT:LFSA_EGAN2(1.0),17/04/26 11:00:00,A,THS_PER,T,Y_GE15,C,TR,2018-01-01,5228.3,,
ESTAT:LFSA_EGAN2(1.0),17/04/26 11:00:00,A,THS_PER,T,Y_GE15,C,UK,2018-01-01,2892.4,,
ESTAT:LFSA_EGAN2(1.0),17/04/26 11:00:00,A,THS_PER,T,Y_GE15,F,AT,2018-01-01,343.7,,
ESTAT:LFSA_EGAN2(1.0),17/04/26 11:00:00,A,THS_PER,T,Y_GE15,F,BE,2018-01-01,323.3,,
ESTAT:LFSA_EGAN2(1.0),17/04/26 11:00:00,A,THS_PER,T,Y_GE15,F,BG,2018-01-01,246.1,,
ESTAT:LFSA_EGAN2(1.0),17/04/26 11:00:00,A,THS_PER,T,Y_GE15,F,CH,2018-01-01,311.6,,
ESTAT:LFSA_EGAN2(1.0),17/04/26 11:00:00,A,THS_PER,T,Y_GE15,F,CY,2018-01-01,33.7,,
ESTAT:LFSA_EGAN2(1.0),17/04/26 11:00:00,A,THS_PER,T,Y_GE15,F,CZ,2018-01-01,384.0,,
ESTAT:LFSA_EGAN2(1.0),17/04/26 11:00:00,A,THS_PER,T,Y_GE15,F,DE,2018-01-01,2821.8,,
ESTAT:LFSA_EGAN2(1.0),17/04/26 11:00:00,A,THS_PER,T,Y_GE15,F,DK,2018-01-01,179.1,,
ESTAT:LFSA_EGAN2(1.0),17/04/26 11:00:00,A,THS_PER,T,Y_GE15,F,EA21,2018-01-01,10038.8,,
ESTAT:LFSA_EGAN2(1.0),17/04/26 11:00:00,A,THS_PER,T,Y_GE15,F,EE,2018-01-01,58.3,,
ESTAT:LFSA_EGAN2(1.0),17/04/26 11:00:00,A,THS_PER,T,Y_GE15,F,EL,2018-01-01,151.6,,
ESTAT:LFSA_EGAN2(1.0),17/04/26 11:00:00,A,THS_PER,T,Y_GE15,F,ES,2018-01-01,1221.8,,
ESTAT:LFSA_EGAN2(1.0),17/04/26 11:00:00,A,THS_PER,T,Y_GE15,F,EU27_2020,2018-01-01,13204.5,,
ESTAT:LFSA_EGAN2(1.0),17/04/26 11:00:00,A,THS_PER,T,Y_GE15,F,FI,2018-01-01,197.8,,
ESTAT:LFSA_EGAN2(1.0),17/04/26 11:00:00,A,THS_PER,T,Y_GE15,F,FR,2018-01-01,1790.6,,
ESTAT:LFSA_EGAN2(1.0),17/04/26 11:00:00,A,THS_PER,T,Y_GE15,F,HR,2018-01-01,108.6,,
ESTAT:LFSA_EGAN2(1.0),17/04/26 11:00:00,A,THS_PER,T,Y_GE15,F,HU,2018-01-01,332.9,b,
ESTAT:LFSA_EGAN2(1.0),17/04/26 11:00:00,A,THS_PER,T,Y_GE15,F,IE,2018-01-01,143.4,,
ESTAT:LFSA_EGAN2(1.0),17/04/26 11:00:00,A,THS_PER,T,Y_GE15,F,IS,2018-01-01,12.4,,
ESTAT:LFSA_EGAN2(1.0),17/04/26 11:00:00,A,THS_PER,T,Y_GE15,F,IT,2018-01-01,1385.3,b,
ESTAT:LFSA_EGAN2(1.0),17/04/26 11:00:00,A,THS_PER,T,Y_GE15,F,LT,2018-01-01,102.6,,
ESTAT:LFSA_EGAN2(1.0),17/04/26 11:00:00,A,THS_PER,T,Y_GE15,F,LU,2018-01-01,15.8,,
ESTAT:LFSA_EGAN2(1.0),17/04/26 11:00:00,A,THS_PER,T,Y_GE15,F,LV,2018-01-01,74.6,,
ESTAT:LFSA_EGAN2(1.0),17/04/26 11:00:00,A,THS_PER,T,Y_GE15,F,ME,2018-01-01,21.4,,
ESTAT:LFSA_EGAN2(1.0),17/04/26 11:00:00,A,THS_PER,T,Y_GE15,F,MK,2018-01-01,56.3,,
ESTAT:LFSA_EGAN2(1.0),17/04/26 11:00:00,A,THS_PER,T,Y_GE15,F,MT,2018-01-01,15.4,,
ESTAT:LFSA_EGAN2(1.0),17/04/26 11:00:00,A,THS_PER,T,Y_GE15,F,NL,2018-01-01,402.8,,
ESTAT:LFSA_EGAN2(1.0),17/04/26 11:00:00,A,THS_PER,T,Y_GE15,F,NO,2018-01-01,220.7,,
ESTAT:LFSA_EGAN2(1.0),17/04/26 11:00:00,A,THS_PER,T,Y_GE15,F,PL,2018-01-01,1243.9,,
ESTAT:LFSA_EGAN2(1.0),17/04/26 11:00:00,A,THS_PER,T,Y_GE15,F,PT,2018-01-01,305.3,,
ESTAT:LFSA_EGAN2(1.0),17/04/26 11:00:00,A,THS_PER,T,Y_GE15,F,RO,2018-01-01,677.2,,
ESTAT:LFSA_EGAN2(1.0),17/04/26 11:00:00,A,THS_PER,T,Y_GE15,F,RS,2018-01-01,125.5,,
ESTAT:LFSA_EGAN2(1.0),17/04/26 11:00:00,A,THS_PER,T,Y_GE15,F,SE,2018-01-01,348.6,b,
ESTAT:LFSA_EGAN2(1.0),17/04/26 11:00:00,A,THS_PER,T,Y_GE15,F,SI,2018-01-01,56.2,,
ESTAT:LFSA_EGAN2(1.0),17/04/26 11:00:00,A,THS_PER,T,Y_GE15,F,SK,2018-01-01,240.4,,
ESTAT:LFSA_EGAN2(1.0),17/04/26 11:00:00,A,THS_PER,T,Y_GE15,F,TR,2018-01-01,1991.3,,
ESTAT:LFSA_EGAN2(1.0),17/04/26 11:00:00,A,THS_PER,T,Y_GE15,F,UK,2018-01-01,2348.7,,
ESTAT:LFSA_EGAN2(1.0),17/04/26 11:00:00,A,THS_PER,T,Y_GE15,G,AT,2018-01-01,624.1,,
ESTAT:LFSA_EGAN2(1.0),17/04/26 11:00:00,A,THS_PER,T,Y_GE15,G,BE,2018-01-01,630.2,,
ESTAT:LFSA_EGAN2(1.0),17/04/26 11:00:00,A,THS_PER,T,Y_GE15,G,BG,2018-01-01,538.6,,
ESTAT:LFSA_EGAN2(1.0),17/04/26 11:00:00,A,THS_PER,T,Y_GE15,G,CH,2018-01-01,557.7,,
ESTAT:LFSA_EGAN2(1.0),17/04/26 11:00:00,A,THS_PER,T,Y_GE15,G,CY,2018-01-01,74.3,,
ESTAT:LFSA_EGAN2(1.0),17/04/26 11:00:00,A,THS_PER,T,Y_GE15,G,CZ,2018-01-01,615.6,,
ESTAT:LFSA_EGAN2(1.0),17/04/26 11:00:00,A,THS_PER,T,Y_GE15,G,DE,2018-01-01,5838.2,,
ESTAT:LFSA_EGAN2(1.0),17/04/26 11:00:00,A,THS_PER,T,Y_GE15,G,DK,2018-01-01,434.4,,
ESTAT:LFSA_EGAN2(1.0),17/04/26 11:00:00,A,THS_PER,T,Y_GE15,G,EA21,2018-01-01,21784.9,,
ESTAT:LFSA_EGAN2(1.0),17/04/26 11:00:00,A,THS_PER,T,Y_GE15,G,EE,2018-01-01,85.3,,
ESTAT:LFSA_EGAN2(1.0),17/04/26 11:00:00,A,THS_PER,T,Y_GE15,G,EL,2018-01-01,688.5,,
ESTAT:LFSA_EGAN2(1.0),17/04/26 11:00:00,A,THS_PER,T,Y_GE15,G,ES,2018-01-01,3006.7,,
ESTAT:LFSA_EGAN2(1.0),17/04/26 11:00:00,A,THS_PER,T,Y_GE15,G,EU27_2020,2018-01-01,27484.5,,
ESTAT:LFSA_EGAN2(1.0),17/04/26 11:00:00,A,THS_PER,T,Y_GE15,G,FI,2018-01-01,292.4,,
ESTAT:LFSA_EGAN2(1.0),17/04/26 11:00:00,A,THS_PER,T,Y_GE15,G,FR,2018-01-01,3428.0,,
ESTAT:LFSA_EGAN2(1.0),17/04/26 11:00:00,A,THS_PER,T,Y_GE15,G,HR,2018-01-01,213.9,,
ESTAT:LFSA_EGAN2(1.0),17/04/26 11:00:00,A,THS_PER,T,Y_GE15,G,HU,2018-01-01,543.6,b,
ESTAT:LFSA_EGAN2(1.0),17/04/26 11:00:00,A,THS_PER,T,Y_GE15,G,IE,2018-01-01,301.5,,
ESTAT:LFSA_EGAN2(1.0),17/04/26 11:00:00,A,THS_PER,T,Y_GE15,G,IS,2018-01-01,24.4,,
ESTAT:LFSA_EGAN2(1.0),17/04/26 11:00:00,A,THS_PER,T,Y_GE15,G,IT,2018-01-01,3255.5,b,
ESTAT:LFSA_EGAN2(1.0),17/04/26 11:00:00,A,THS_PER,T,Y_GE15,G,LT,2018-01-01,234.7,,
ESTAT:LFSA_EGAN2(1.0),17/04/26 11:00:00,A,THS_PER,T,Y_GE15,G,LU,2018-01-01,19.5,,
ESTAT:LFSA_EGAN2(1.0),17/04/26 11:00:00,A,THS_PER,T,Y_GE15,G,LV,2018-01-01,139.3,,
ESTAT:LFSA_EGAN2(1.0),17/04/26 11:00:00,A,THS_PER,T,Y_GE15,G,ME,2018-01-01,46.4,,
ESTAT:LFSA_EGAN2(1.0),17/04/26 11:00:00,A,THS_PER,T,Y_GE15,G,MK,2018-01-01,108.7,,
ESTAT:LFSA_EGAN2(1.0),17/04/26 11:00:00,A,THS_PER,T,Y_GE15,G,MT,2018-01-01,31.8,,
ESTAT:LFSA_EGAN2(1.0),17/04/26 11:00:00,A,THS_PER,T,Y_GE15,G,NL,2018-01-01,1244.8,,
ESTAT:LFSA_EGAN2(1.0),17/04/26 11:00:00,A,THS_PER,T,Y_GE15,G,NO,2018-01-01,350.8,,
ESTAT:LFSA_EGAN2(1.0),17/04/26 11:00:00,A,THS_PER,T,Y_GE15,G,PL,2018-01-01,2288.9,,
ESTAT:LFSA_EGAN2(1.0),17/04/26 11:00:00,A,THS_PER,T,Y_GE15,G,PT,2018-01-01,704.0,,
ESTAT:LFSA_EGAN2(1.0),17/04/26 11:00:00,A,THS_PER,T,Y_GE15,G,RO,2018-01-01,1242.2,,
ESTAT:LFSA_EGAN2(1.0),17/04/26 11:00:00,A,THS_PER,T,Y_GE15,G,RS,2018-01-01,373.7,,
ESTAT:LFSA_EGAN2(1.0),17/04/26 11:00:00,A,THS_PER,T,Y_GE15,G,SE,2018-01-01,574.9,b,
ESTAT:LFSA_EGAN2(1.0),17/04/26 11:00:00,A,THS_PER,T,Y_GE15,G,SI,2018-01-01,120.6,,
ESTAT:LFSA_EGAN2(1.0),17/04/26 11:00:00,A,THS_PER,T,Y_GE15,G,SK,2018-01-01,312.8,,
ESTAT:LFSA_EGAN2(1.0),17/04/26 11:00:00,A,THS_PER,T,Y_GE15,G,TR,2018-01-01,4034.8,,
ESTAT:LFSA_EGAN2(1.0),17/04/26 11:00:00,A,THS_PER,T,Y_GE15,G,UK,2018-01-01,4174.0,,
ESTAT:LFSA_EGAN2(1.0),17/04/26 11:00:00,A,THS_PER,T,Y_GE15,H,AT,2018-01-01,219.8,,
ESTAT:LFSA_EGAN2(1.0),17/04/26 11:00:00,A,THS_PER,T,Y_GE15,H,BE,2018-01-01,257.4,,
ESTAT:LFSA_EGAN2(1.0),17/04/26 11:00:00,A,THS_PER,T,Y_GE15,H,BG,2018-01-01,206.1,,
ESTAT:LFSA_EGAN2(1.0),17/04/26 11:00:00,A,THS_PER,T,Y_GE15,H,CH,2018-01-01,212.2,,
ESTAT:LFSA_EGAN2(1.0),17/04/26 11:00:00,A,THS_PER,T,Y_GE15,H,CY,2018-01-01,19.1,,
ESTAT:LFSA_EGAN2(1.0),17/04/26 11:00:00,A,THS_PER,T,Y_GE15,H,CZ,2018-01-01,328.2,,
ESTAT:LFSA_EGAN2(1.0),17/04/26 11:00:00,A,THS_PER,T,Y_GE15,H,DE,2018-01-01,2116.5,,
ESTAT:LFSA_EGAN2(1.0),17/04/26 11:00:00,A,THS_PER,T,Y_GE15,H,DK,2018-01-01,125.1,,
ESTAT:LFSA_EGAN2(1.0),17/04/26 11:00:00,A,THS_PER,T,Y_GE15,H,EA21,2018-01-01,7960.0,,
ESTAT:LFSA_EGAN2(1.0),17/04/26 11:00:00,A,THS_PER,T,Y_GE15,H,EE,2018-01-01,49.3,,
ESTAT:LFSA_EGAN2(1.0),17/04/26 11:00:00,A,THS_PER,T,Y_GE15,H,EL,2018-01-01,184.7,,
ESTAT:LFSA_EGAN2(1.0),17/04/26 11:00:00,A,THS_PER,T,Y_GE15,H,ES,2018-01-01,981.1,,
ESTAT:LFSA_EGAN2(1.0),17/04/26 11:00:00,A,THS_PER,T,Y_GE15,H,EU27_2020,2018-01-01,10501.5,,
ESTAT:LFSA_EGAN2(1.0),17/04/26 11:00:00,A,THS_PER,T,Y_GE15,H,FI,2018-01-01,142.6,,
ESTAT:LFSA_EGAN2(1.0),17/04/26 11:00:00,A,THS_PER,T,Y_GE15,H,FR,2018-01-01,1421.1,,
ESTAT:LFSA_EGAN2(1.0),17/04/26 11:00:00,A,THS_PER,T,Y_GE15,H,HR,2018-01-01,101.0,,
ESTAT:LFSA_EGAN2(1.0),17/04/26 11:00:00,A,THS_PER,T,Y_GE15,H,HU,2018-01-01,289.8,b,
ESTAT:LFSA_EGAN2(1.0),17/04/26 11:00:00,A,THS_PER,T,Y_GE15,H,IE,2018-01-01,98.7,,
ESTAT:LFSA_EGAN2(1.0),17/04/26 11:00:00,A,THS_PER,T,Y_GE15,H,IS,2018-01-01,13.9,,
ESTAT:LFSA_EGAN2(1.0),17/04/26 11:00:00,A,THS_PER,T,Y_GE15,H,IT,2018-01-01,1117.7,b,
ESTAT:LFSA_EGAN2(1.0),17/04/26 11:00:00,A,THS_PER,T,Y_GE15,H,LT,2018-01-01,98.9,,
ESTAT:LFSA_EGAN2(1.0),17/04/26 11:00:00,A,THS_PER,T,Y_GE15,H,LU,2018-01-01,10.8,,
ESTAT:LFSA_EGAN2(1.0),17/04/26 11:00:00,A,THS_PER,T,Y_GE15,H,LV,2018-01-01,80.7,,
ESTAT:LFSA_EGAN2(1.0),17/04/26 11:00:00,A,THS_PER,T,Y_GE15,H,ME,2018-01-01,12.8,,
ESTAT:LFSA_EGAN2(1.0),17/04/26 11:00:00,A,THS_PER,T,Y_GE15,H,MK,2018-01-01,39.1,,
ESTAT:LFSA_EGAN2(1.0),17/04/26 11:00:00,A,THS_PER,T,Y_GE15,H,MT,2018-01-01,11.6,,
ESTAT:LFSA_EGAN2(1.0),17/04/26 11:00:00,A,THS_PER,T,Y_GE15,H,NL,2018-01-01,403.4,,
ESTAT:LFSA_EGAN2(1.0),17/04/26 11:00:00,A,THS_PER,T,Y_GE15,H,NO,2018-01-01,127.3,,
ESTAT:LFSA_EGAN2(1.0),17/04/26 11:00:00,A,THS_PER,T,Y_GE15,H,PL,2018-01-01,1039.2,,
ESTAT:LFSA_EGAN2(1.0),17/04/26 11:00:00,A,THS_PER,T,Y_GE15,H,PT,2018-01-01,209.9,,
ESTAT:LFSA_EGAN2(1.0),17/04/26 11:00:00,A,THS_PER,T,Y_GE15,H,RO,2018-01-01,510.9,,
ESTAT:LFSA_EGAN2(1.0),17/04/26 11:00:00,A,THS_PER,T,Y_GE15,H,RS,2018-01-01,150.1,,
ESTAT:LFSA_EGAN2(1.0),17/04/26 11:00:00,A,THS_PER,T,Y_GE15,H,SE,2018-01-01,248.4,b,
ESTAT:LFSA_EGAN2(1.0),17/04/26 11:00:00,A,THS_PER,T,Y_GE15,H,SI,2018-01-01,54.7,,
ESTAT:LFSA_EGAN2(1.0),17/04/26 11:00:00,A,THS_PER,T,Y_GE15,H,SK,2018-01-01,175.0,,
ESTAT:LFSA_EGAN2(1.0),17/04/26 11:00:00,A,THS_PER,T,Y_GE15,H,TR,2018-01-01,1256.1,,
ESTAT:LFSA_EGAN2(1.0),17/04/26 11:00:00,A,THS_PER,T,Y_GE15,H,UK,2018-01-01,1605.0,,
ESTAT:LFSA_EGAN2(1.0),17/04/26 11:00:00,A,THS_PER,T,Y_GE15,I,AT,2018-01-01,257.4,,
ESTAT:LFSA_EGAN2(1.0),17/04/26 11:00:00,A,THS_PER,T,Y_GE15,I,BE,2018-01-01,164.2,,
ESTAT:LFSA_EGAN2(1.0),17/04/26 11:00:00,A,THS_PER,T,Y_GE15,I,BG,2018-01-01,168.0,,
ESTAT:LFSA_EGAN2(1.0),17/04/26 11:00:00,A,THS_PER,T,Y_GE15,I,CH,2018-01-01,193.9,,
ESTAT:LFSA_EGAN2(1.0),17/04/26 11:00:00,A,THS_PER,T,Y_GE15,I,CY,2018-01-01,35.0,,
ESTAT:LFSA_EGAN2(1.0),17/04/26 11:00:00,A,THS_PER,T,Y_GE15,I,CZ,2018-01-01,187.3,,
ESTAT:LFSA_EGAN2(1.0),17/04/26 11:00:00,A,THS_PER,T,Y_GE15,I,DE,2018-01-01,1573.4,,
ESTAT:LFSA_EGAN2(1.0),17/04/26 11:00:00,A,THS_PER,T,Y_GE15,I,DK,2018-01-01,110.0,,
ESTAT:LFSA_EGAN2(1.0),17/04/26 11:00:00,A,THS_PER,T,Y_GE15,I,EA21,2018-01-01,8134.0,,
ESTAT:LFSA_EGAN2(1.0),17/04/26 11:00:00,A,THS_PER,T,Y_GE15,I,EE,2018-01-01,28.9,,
ESTAT:LFSA_EGAN2(1.0),17/04/26 11:00:00,A,THS_PER,T,Y_GE15,I,EL,2018-01-01,361.7,,
ESTAT:LFSA_EGAN2(1.0),17/04/26 11:00:00,A,THS_PER,T,Y_GE15,I,ES,2018-01-01,1707.7,,
ESTAT:LFSA_EGAN2(1.0),17/04/26 11:00:00,A,THS_PER,T,Y_GE15,I,EU27_2020,2018-01-01,9412.9,,
ESTAT:LFSA_EGAN2(1.0),17/04/26 11:00:00,A,THS_PER,T,Y_GE15,I,FI,2018-01-01,85.9,,
ESTAT:LFSA_EGAN2(1.0),17/04/26 11:00:00,A,THS_PER,T,Y_GE15,I,FR,2018-01-01,1054.1,,
ESTAT:LFSA_EGAN2(1.0),17/04/26 11:00:00,A,THS_PER,T,Y_GE15,I,HR,2018-01-01,114.5,,
ESTAT:LFSA_EGAN2(1.0),17/04/26 11:00:00,A,THS_PER,T,Y_GE15,I,HU,2018-01-01,182.6,b,
ESTAT:LFSA_EGAN2(1.0),17/04/26 11:00:00,A,THS_PER,T,Y_GE15,I,IE,2018-01-01,175.7,,
ESTAT:LFSA_EGAN2(1.0),17/04/26 11:00:00,A,THS_PER,T,Y_GE15,I,IS,2018-01-01,11.1,,
ESTAT:LFSA_EGAN2(1.0),17/04/26 11:00:00,A,THS_PER,T,Y_GE15,I,IT,2018-01-01,1438.8,b,
ESTAT:LFSA_EGAN2(1.0),17/04/26 11:00:00,A,THS_PER,T,Y_GE15,I,LT,2018-01-01,34.4,,
ESTAT:LFSA_EGAN2(1.0),17/04/26 11:00:00,A,THS_PER,T,Y_GE15,I,LU,2018-01-01,10.2,,
ESTAT:LFSA_EGAN2(1.0),17/04/26 11:00:00,A,THS_PER,T,Y_GE15,I,LV,2018-01-01,32.3,,
ESTAT:LFSA_EGAN2(1.0),17/04/26 11:00:00,A,THS_PER,T,Y_GE15,I,ME,2018-01-01,19.1,,
ESTAT:LFSA_EGAN2(1.0),17/04/26 11:00:00,A,THS_PER,T,Y_GE15,I,MK,2018-01-01,31.0,,
ESTAT:LFSA_EGAN2(1.0),17/04/26 11:00:00,A,THS_PER,T,Y_GE15,I,MT,2018-01-01,16.7,,
ESTAT:LFSA_EGAN2(1.0),17/04/26 11:00:00,A,THS_PER,T,Y_GE15,I,NL,2018-01-01,390.1,,
ESTAT:LFSA_EGAN2(1.0),17/04/26 11:00:00,A,THS_PER,T,Y_GE15,I,NO,2018-01-01,90.5,,
ESTAT:LFSA_EGAN2(1.0),17/04/26 11:00:00,A,THS_PER,T,Y_GE15,I,PL,2018-01-01,405.2,,
ESTAT:LFSA_EGAN2(1.0),17/04/26 11:00:00,A,THS_PER,T,Y_GE15,I,PT,2018-01-01,330.8,,
ESTAT:LFSA_EGAN2(1.0),17/04/26 11:00:00,A,THS_PER,T,Y_GE15,I,RO,2018-01-01,220.5,,
ESTAT:LFSA_EGAN2(1.0),17/04/26 11:00:00,A,THS_PER,T,Y_GE15,I,RS,2018-01-01,102.0,,
ESTAT:LFSA_EGAN2(1.0),17/04/26 11:00:00,A,THS_PER,T,Y_GE15,I,SE,2018-01-01,173.3,b,
ESTAT:LFSA_EGAN2(1.0),17/04/26 11:00:00,A,THS_PER,T,Y_GE15,I,SI,2018-01-01,43.5,,
ESTAT:LFSA_EGAN2(1.0),17/04/26 11:00:00,A,THS_PER,T,Y_GE15,I,SK,2018-01-01,110.7,,
ESTAT:LFSA_EGAN2(1.0),17/04/26 11:00:00,A,THS_PER,T,Y_GE15,I,TR,2018-01-01,1629.3,,
ESTAT:LFSA_EGAN2(1.0),17/04/26 11:00:00,A,THS_PER,T,Y_GE15,I,UK,2018-01-01,1735.1,,
ESTAT:LFSA_EGAN2(1.0),17/04/26 11:00:00,A,THS_PER,T,Y_GE15,J,AT,2018-01-01,131.9,,
ESTAT:LFSA_EGAN2(1.0),17/04/26 11:00:00,A,THS_PER,T,Y_GE15,J,BE,2018-01-01,160.3,,
ESTAT:LFSA_EGAN2(1.0),17/04/26 11:00:00,A,THS_PER,T,Y_GE15,J,BG,2018-01-01,98.5,,
ESTAT:LFSA_EGAN2(1.0),17/04/26 11:00:00,A,THS_PER,T,Y_GE15,J,CH,2018-01-01,162.6,,
ESTAT:LFSA_EGAN2(1.0),17/04/26 11:00:00,A,THS_PER,T,Y_GE15,J,CY,2018-01-01,11.8,,
ESTAT:LFSA_EGAN2(1.0),17/04/26 11:00:00,A,THS_PER,T,Y_GE15,J,CZ,2018-01-01,169.8,,
ESTAT:LFSA_EGAN2(1.0),17/04/26 11:00:00,A,THS_PER,T,Y_GE15,J,DE,2018-01-01,1324.1,,
ESTAT:LFSA_EGAN2(1.0),17/04/26 11:00:00,A,THS_PER,T,Y_GE15,J,DK,2018-01-01,103.6,,
ESTAT:LFSA_EGAN2(1.0),17/04/26 11:00:00,A,THS_PER,T,Y_GE15,J,EA21,2018-01-01,4735.0,,
ESTAT:LFSA_EGAN2(1.0),17/04/26 11:00:00,A,THS_PER,T,Y_GE15,J,EE,2018-01-01,28.2,,
ESTAT:LFSA_EGAN2(1.0),17/04/26 11:00:00,A,THS_PER,T,Y_GE15,J,EL,2018-01-01,96.7,,
ESTAT:LFSA_EGAN2(1.0),17/04/26 11:00:00,A,THS_PER,T,Y_GE15,J,ES,2018-01-01,584.9,,
ESTAT:LFSA_EGAN2(1.0),17/04/26 11:00:00,A,THS_PER,T,Y_GE15,J,EU27_2020,2018-01-01,5957.2,,
ESTAT:LFSA_EGAN2(1.0),17/04/26 11:00:00,A,THS_PER,T,Y_GE15,J,FI,2018-01-01,114.4,,
ESTAT:LFSA_EGAN2(1.0),17/04/26 11:00:00,A,THS_PER,T,Y_GE15,J,FR,2018-01-01,826.6,,
ESTAT:LFSA_EGAN2(1.0),17/04/26 11:00:00,A,THS_PER,T,Y_GE15,J,HR,2018-01-01,52.8,,
ESTAT:LFSA_EGAN2(1.0),17/04/26 11:00:00,A,THS_PER,T,Y_GE15,J,HU,2018-01-01,114.9,b,
ESTAT:LFSA_EGAN2(1.0),17/04/26 11:00:00,A,THS_PER,T,Y_GE15,J,IE,2018-01-01,117.6,,
ESTAT:LFSA_EGAN2(1.0),17/04/26 11:00:00,A,THS_PER,T,Y_GE15,J,IS,2018-01-01,9.3,,
ESTAT:LFSA_EGAN2(1.0),17/04/26 11:00:00,A,THS_PER,T,Y_GE15,J,IT,2018-01-01,598.6,b,
ESTAT:LFSA_EGAN2(1.0),17/04/26 11:00:00,A,THS_PER,T,Y_GE15,J,LT,2018-01-01,32.3,,
ESTAT:LFSA_EGAN2(1.0),17/04/26 11:00:00,A,THS_PER,T,Y_GE15,J,LU,2018-01-01,11.4,,
ESTAT:LFSA_EGAN2(1.0),17/04/26 11:00:00,A,THS_PER,T,Y_GE15,J,LV,2018-01-01,29.0,,
ESTAT:LFSA_EGAN2(1.0),17/04/26 11:00:00,A,THS_PER,T,Y_GE15,J,ME,2018-01-01,5.0,,
ESTAT:LFSA_EGAN2(1.0),17/04/26 11:00:00,A,THS_PER,T,Y_GE15,J,MK,2018-01-01,13.0,,
ESTAT:LFSA_EGAN2(1.0),17/04/26 11:00:00,A,THS_PER,T,Y_GE15,J,MT,2018-01-01,9.2,,
ESTAT:LFSA_EGAN2(1.0),17/04/26 11:00:00,A,THS_PER,T,Y_GE15,J,NL,2018-01-01,282.6,,
ESTAT:LFSA_EGAN2(1.0),17/04/26 11:00:00,A,THS_PER,T,Y_GE15,J,NO,2018-01-01,103.6,,
ESTAT:LFSA_EGAN2(1.0),17/04/26 11:00:00,A,THS_PER,T,Y_GE15,J,PL,2018-01-01,409.3,,
ESTAT:LFSA_EGAN2(1.0),17/04/26 11:00:00,A,THS_PER,T,Y_GE15,J,PT,2018-01-01,123.8,,
ESTAT:LFSA_EGAN2(1.0),17/04/26 11:00:00,A,THS_PER,T,Y_GE15,J,RO,2018-01-01,185.4,,
ESTAT:LFSA_EGAN2(1.0),17/04/26 11:00:00,A,THS_PER,T,Y_GE15,J,RS,2018-01-01,72.6,,
ESTAT:LFSA_EGAN2(1.0),17/04/26 11:00:00,A,THS_PER,T,Y_GE15,J,SE,2018-01-01,239.2,b,
ESTAT:LFSA_EGAN2(1.0),17/04/26 11:00:00,A,THS_PER,T,Y_GE15,J,SI,2018-01-01,33.0,,
ESTAT:LFSA_EGAN2(1.0),17/04/26 11:00:00,A,THS_PER,T,Y_GE15,J,SK,2018-01-01,67.6,,
ESTAT:LFSA_EGAN2(1.0),17/04/26 11:00:00,A,THS_PER,T,Y_GE15,J,TR,2018-01-01,231.1,,
ESTAT:LFSA_EGAN2(1.0),17/04/26 11:00:00,A,THS_PER,T,Y_GE15,J,UK,2018-01-01,1304.6,,
ESTAT:LFSA_EGAN2(1.0),17/04/26 11:00:00,A,THS_PER,T,Y_GE15,K,AT,2018-01-01,137.5,,
ESTAT:LFSA_EGAN2(1.0),17/04/26 11:00:00,A,THS_PER,T,Y_GE15,K,BE,2018-01-01,146.9,,
ESTAT:LFSA_EGAN2(1.0),17/04/26 11:00:00,A,THS_PER,T,Y_GE15,K,BG,2018-01-01,65.4,,
ESTAT:LFSA_EGAN2(1.0),17/04/26 11:00:00,A,THS_PER,T,Y_GE15,K,CH,2018-01-01,238.2,,
ESTAT:LFSA_EGAN2(1.0),17/04/26 11:00:00,A,THS_PER,T,Y_GE15,K,CY,2018-01-01,21.1,,
ESTAT:LFSA_EGAN2(1.0),17/04/26 11:00:00,A,THS_PER,T,Y_GE15,K,CZ,2018-01-01,118.2,,
ESTAT:LFSA_EGAN2(1.0),17/04/26 11:00:00,A,THS_PER,T,Y_GE15,K,DE,2018-01-01,1254.5,,
ESTAT:LFSA_EGAN2(1.0),17/04/26 11:00:00,A,THS_PER,T,Y_GE15,K,DK,2018-01-01,77.6,,
ESTAT:LFSA_EGAN2(1.0),17/04/26 11:00:00,A,THS_PER,T,Y_GE15,K,EA21,2018-01-01,4400.1,,
ESTAT:LFSA_EGAN2(1.0),17/04/26 11:00:00,A,THS_PER,T,Y_GE15,K,EE,2018-01-01,11.8,,
ESTAT:LFSA_EGAN2(1.0),17/04/26 11:00:00,A,THS_PER,T,Y_GE15,K,EL,2018-01-01,87.6,,
ESTAT:LFSA_EGAN2(1.0),17/04/26 11:00:00,A,THS_PER,T,Y_GE15,K,ES,2018-01-01,434.6,,
ESTAT:LFSA_EGAN2(1.0),17/04/26 11:00:00,A,THS_PER,T,Y_GE15,K,EU27_2020,2018-01-01,5300.3,,
ESTAT:LFSA_EGAN2(1.0),17/04/26 11:00:00,A,THS_PER,T,Y_GE15,K,FI,2018-01-01,50.2,,
ESTAT:LFSA_EGAN2(1.0),17/04/26 11:00:00,A,THS_PER,T,Y_GE15,K,FR,2018-01-01,888.5,,
ESTAT:LFSA_EGAN2(1.0),17/04/26 11:00:00,A,THS_PER,T,Y_GE15,K,HR,2018-01-01,41.7,,
ESTAT:LFSA_EGAN2(1.0),17/04/26 11:00:00,A,THS_PER,T,Y_GE15,K,HU,2018-01-01,89.1,b,
ESTAT:LFSA_EGAN2(1.0),17/04/26 11:00:00,A,THS_PER,T,Y_GE15,K,IE,2018-01-01,95.8,,
ESTAT:LFSA_EGAN2(1.0),17/04/26 11:00:00,A,THS_PER,T,Y_GE15,K,IS,2018-01-01,6.2,,
ESTAT:LFSA_EGAN2(1.0),17/04/26 11:00:00,A,THS_PER,T,Y_GE15,K,IT,2018-01-01,638.9,b,
ESTAT:LFSA_EGAN2(1.0),17/04/26 11:00:00,A,THS_PER,T,Y_GE15,K,LT,2018-01-01,19.1,,
ESTAT:LFSA_EGAN2(1.0),17/04/26 11:00:00,A,THS_PER,T,Y_GE15,K,LU,2018-01-01,30.0,,
ESTAT:LFSA_EGAN2(1.0),17/04/26 11:00:00,A,THS_PER,T,Y_GE15,K,LV,2018-01-01,18.8,,
ESTAT:LFSA_EGAN2(1.0),17/04/26 11:00:00,A,THS_PER,T,Y_GE15,K,ME,2018-01-01,4.0,,
ESTAT:LFSA_EGAN2(1.0),17/04/26 11:00:00,A,THS_PER,T,Y_GE15,K,MK,2018-01-01,8.1,,
ESTAT:LFSA_EGAN2(1.0),17/04/26 11:00:00,A,THS_PER,T,Y_GE15,K,MT,2018-01-01,11.7,,
ESTAT:LFSA_EGAN2(1.0),17/04/26 11:00:00,A,THS_PER,T,Y_GE15,K,NL,2018-01-01,256.5,,
ESTAT:LFSA_EGAN2(1.0),17/04/26 11:00:00,A,THS_PER,T,Y_GE15,K,NO,2018-01-01,54.3,,
ESTAT:LFSA_EGAN2(1.0),17/04/26 11:00:00,A,THS_PER,T,Y_GE15,K,PL,2018-01-01,407.4,,
ESTAT:LFSA_EGAN2(1.0),17/04/26 11:00:00,A,THS_PER,T,Y_GE15,K,PT,2018-01-01,114.4,,
ESTAT:LFSA_EGAN2(1.0),17/04/26 11:00:00,A,THS_PER,T,Y_GE15,K,RO,2018-01-01,111.8,,
ESTAT:LFSA_EGAN2(1.0),17/04/26 11:00:00,A,THS_PER,T,Y_GE15,K,RS,2018-01-01,43.0,,
ESTAT:LFSA_EGAN2(1.0),17/04/26 11:00:00,A,THS_PER,T,Y_GE15,K,SE,2018-01-01,96.2,b,
ESTAT:LFSA_EGAN2(1.0),17/04/26 11:00:00,A,THS_PER,T,Y_GE15,K,SI,2018-01-01,24.0,,
ESTAT:LFSA_EGAN2(1.0),17/04/26 11:00:00,A,THS_PER,T,Y_GE15,K,SK,2018-01-01,51.2,,
ESTAT:LFSA_EGAN2(1.0),17/04/26 11:00:00,A,THS_PER,T,Y_GE15,K,TR,2018-01-01,255.3,,
ESTAT:LFSA_EGAN2(1.0),17/04/26 11:00:00,A,THS_PER,T,Y_GE15,K,UK,2018-01-01,1320.2,,
ESTAT:LFSA_EGAN2(1.0),17/04/26 11:00:00,A,THS_PER,T,Y_GE15,O,AT,2018-01-01,282.3,,
ESTAT:LFSA_EGAN2(1.0),17/04/26 11:00:00,A,THS_PER,T,Y_GE15,O,BE,2018-01-01,389.6,,
ESTAT:LFSA_EGAN2(1.0),17/04/26 11:00:00,A,THS_PER,T,Y_GE15,O,BG,2018-01-01,222.5,,
ESTAT:LFSA_EGAN2(1.0),17/04/26 11:00:00,A,THS_PER,T,Y_GE15,O,CH,2018-01-01,212.8,,
ESTAT:LFSA_EGAN2(1.0),17/04/26 11:00:00,A,THS_PER,T,Y_GE15,O,CY,2018-01-01,34.3,,
ESTAT:LFSA_EGAN2(1.0),17/04/26 11:00:00,A,THS_PER,T,Y_GE15,O,CZ,2018-01-01,343.2,,
ESTAT:LFSA_EGAN2(1.0),17/04/26 11:00:00,A,THS_PER,T,Y_GE15,O,DE,2018-01-01,2885.1,,
ESTAT:LFSA_EGAN2(1.0),17/04/26 11:00:00,A,THS_PER,T,Y_GE15,O,DK,2018-01-01,145.0,,
ESTAT:LFSA_EGAN2(1.0),17/04/26 11:00:00,A,THS_PER,T,Y_GE15,O,EA21,2018-01-01,10838.9,,
ESTAT:LFSA_EGAN2(1.0),17/04/26 11:00:00,A,THS_PER,T,Y_GE15,O,EE,2018-01-01,36.6,,
ESTAT:LFSA_EGAN2(1.0),17/04/26 11:00:00,A,THS_PER,T,Y_GE15,O,EL,2018-01-01,336.7,,
ESTAT:LFSA_EGAN2(1.0),17/04/26 11:00:00,A,THS_PER,T,Y_GE15,O,ES,2018-01-01,1344.7,,
ESTAT:LFSA_EGAN2(1.0),17/04/26 11:00:00,A,THS_PER,T,Y_GE15,O,EU27_2020,2018-01-01,13599.7,,
ESTAT:LFSA_EGAN2(1.0),17/04/26 11:00:00,A,THS_PER,T,Y_GE15,O,FI,2018-01-01,115.6,,
ESTAT:LFSA_EGAN2(1.0),17/04/26 11:00:00,A,THS_PER,T,Y_GE15,O,FR,2018-01-01,2454.3,,
ESTAT:LFSA_EGAN2(1.0),17/04/26 11:00:00,A,THS_PER,T,Y_GE15,O,HR,2018-01-01,104.6,,
ESTAT:LFSA_EGAN2(1.0),17/04/26 11:00:00,A,THS_PER,T,Y_GE15,O,HU,2018-01-01,409.1,b,
ESTAT:LFSA_EGAN2(1.0),17/04/26 11:00:00,A,THS_PER,T,Y_GE15,O,IE,2018-01-01,105.4,,
ESTAT:LFSA_EGAN2(1.0),17/04/26 11:00:00,A,THS_PER,T,Y_GE15,O,IS,2018-01-01,10.3,,
ESTAT:LFSA_EGAN2(1.0),17/04/26 11:00:00,A,THS_PER,T,Y_GE15,O,IT,2018-01-01,1235.1,b,
ESTAT:LFSA_EGAN2(1.0),17/04/26 11:00:00,A,THS_PER,T,Y_GE15,O,LT,2018-01-01,78.6,,
ESTAT:LFSA_EGAN2(1.0),17/04/26 11:00:00,A,THS_PER,T,Y_GE15,O,LU,2018-01-01,27.6,,
ESTAT:LFSA_EGAN2(1.0),17/04/26 11:00:00,A,THS_PER,T,Y_GE15,O,LV,2018-01-01,58.9,,
ESTAT:LFSA_EGAN2(1.0),17/04/26 11:00:00,A,THS_PER,T,Y_GE15,O,ME,2018-01-01,21.1,,
ESTAT:LFSA_EGAN2(1.0),17/04/26 11:00:00,A,THS_PER,T,Y_GE15,O,MK,2018-01-01,52.9,,
ESTAT:LFSA_EGAN2(1.0),17/04/26 11:00:00,A,THS_PER,T,Y_GE15,O,MT,2018-01-01,17.1,,
ESTAT:LFSA_EGAN2(1.0),17/04/26 11:00:00,A,THS_PER,T,Y_GE15,O,NL,2018-01-01,500.9,,
ESTAT:LFSA_EGAN2(1.0),17/04/26 11:00:00,A,THS_PER,T,Y_GE15,O,NO,2018-01-01,174.8,,
ESTAT:LFSA_EGAN2(1.0),17/04/26 11:00:00,A,THS_PER,T,Y_GE15,O,PL,2018-01-01,1088.5,,
ESTAT:LFSA_EGAN2(1.0),17/04/26 11:00:00,A,THS_PER,T,Y_GE15,O,PT,2018-01-01,321.1,,
ESTAT:LFSA_EGAN2(1.0),17/04/26 11:00:00,A,THS_PER,T,Y_GE15,O,RO,2018-01-01,408.1,,
ESTAT:LFSA_EGAN2(1.0),17/04/26 11:00:00,A,THS_PER,T,Y_GE15,O,RS,2018-01-01,153.0,,
ESTAT:LFSA_EGAN2(1.0),17/04/26 11:00:00,A,THS_PER,T,Y_GE15,O,SE,2018-01-01,366.8,b,
ESTAT:LFSA_EGAN2(1.0),17/04/26 11:00:00,A,THS_PER,T,Y_GE15,O,SI,2018-01-01,58.3,,
ESTAT:LFSA_EGAN2(1.0),17/04/26 11:00:00,A,THS_PER,T,Y_GE15,O,SK,2018-01-01,229.4,,
ESTAT:LFSA_EGAN2(1.0),17/04/26 11:00:00,A,THS_PER,T,Y_GE15,O,TR,2018-01-01,1812.7,,
ESTAT:LFSA_EGAN2(1.0),17/04/26 11:00:00,A,THS_PER,T,Y_GE15,O,UK,2018-01-01,2100.5,,
ESTAT:LFSA_EGAN2(1.0),17/04/26 11:00:00,A,THS_PER,T,Y_GE15,P,AT,2018-01-01,294.4,,
ESTAT:LFSA_EGAN2(1.0),17/04/26 11:00:00,A,THS_PER,T,Y_GE15,P,BE,2018-01-01,450.8,,
ESTAT:LFSA_EGAN2(1.0),17/04/26 11:00:00,A,THS_PER,T,Y_GE15,P,BG,2018-01-01,183.0,,
ESTAT:LFSA_EGAN2(1.0),17/04/26 11:00:00,A,THS_PER,T,Y_GE15,P,CH,2018-01-01,338.0,,
ESTAT:LFSA_EGAN2(1.0),17/04/26 11:00:00,A,THS_PER,T,Y_GE15,P,CY,2018-01-01,29.6,,
ESTAT:LFSA_EGAN2(1.0),17/04/26 11:00:00,A,THS_PER,T,Y_GE15,P,CZ,2018-01-01,350.5,,
ESTAT:LFSA_EGAN2(1.0),17/04/26 11:00:00,A,THS_PER,T,Y_GE15,P,DE,2018-01-01,2817.8,,
ESTAT:LFSA_EGAN2(1.0),17/04/26 11:00:00,A,THS_PER,T,Y_GE15,P,DK,2018-01-01,256.3,,
ESTAT:LFSA_EGAN2(1.0),17/04/26 11:00:00,A,THS_PER,T,Y_GE15,P,EA21,2018-01-01,10992.5,,
ESTAT:LFSA_EGAN2(1.0),17/04/26 11:00:00,A,THS_PER,T,Y_GE15,P,EE,2018-01-01,58.7,,
ESTAT:LFSA_EGAN2(1.0),17/04/26 11:00:00,A,THS_PER,T,Y_GE15,P,EL,2018-01-01,303.2,,
ESTAT:LFSA_EGAN2(1.0),17/04/26 11:00:00,A,THS_PER,T,Y_GE15,P,ES,2018-01-01,1322.3,,
ESTAT:LFSA_EGAN2(1.0),17/04/26 11:00:00,A,THS_PER,T,Y_GE15,P,EU27_2020,2018-01-01,14155.4,,
ESTAT:LFSA_EGAN2(1.0),17/04/26 11:00:00,A,THS_PER,T,Y_GE15,P,FI,2018-01-01,184.4,,
ESTAT:LFSA_EGAN2(1.0),17/04/26 11:00:00,A,THS_PER,T,Y_GE15,P,FR,2018-01-01,1935.9,,
ESTAT:LFSA_EGAN2(1.0),17/04/26 11:00:00,A,THS_PER,T,Y_GE15,P,HR,2018-01-01,127.3,,
ESTAT:LFSA_EGAN2(1.0),17/04/26 11:00:00,A,THS_PER,T,Y_GE15,P,HU,2018-01-01,345.5,b,
ESTAT:LFSA_EGAN2(1.0),17/04/26 11:00:00,A,THS_PER,T,Y_GE15,P,IE,2018-01-01,170.7,,
ESTAT:LFSA_EGAN2(1.0),17/04/26 11:00:00,A,THS_PER,T,Y_GE15,P,IS,2018-01-01,24.7,,
ESTAT:LFSA_EGAN2(1.0),17/04/26 11:00:00,A,THS_PER,T,Y_GE15,P,IT,2018-01-01,1578.6,b,
ESTAT:LFSA_EGAN2(1.0),17/04/26 11:00:00,A,THS_PER,T,Y_GE15,P,LT,2018-01-01,135.3,,
ESTAT:LFSA_EGAN2(1.0),17/04/26 11:00:00,A,THS_PER,T,Y_GE15,P,LU,2018-01-01,20.5,,
ESTAT:LFSA_EGAN2(1.0),17/04/26 11:00:00,A,THS_PER,T,Y_GE15,P,LV,2018-01-01,83.3,,
ESTAT:LFSA_EGAN2(1.0),17/04/26 11:00:00,A,THS_PER,T,Y_GE15,P,ME,2018-01-01,14.3,,
ESTAT:LFSA_EGAN2(1.0),17/04/26 11:00:00,A,THS_PER,T,Y_GE15,P,MK,2018-01-01,44.7,,
ESTAT:LFSA_EGAN2(1.0),17/04/26 11:00:00,A,THS_PER,T,Y_GE15,P,MT,2018-01-01,21.7,,
ESTAT:LFSA_EGAN2(1.0),17/04/26 11:00:00,A,THS_PER,T,Y_GE15,P,NL,2018-01-01,580.4,,
ESTAT:LFSA_EGAN2(1.0),17/04/26 11:00:00,A,THS_PER,T,Y_GE15,P,NO,2018-01-01,222.3,,
ESTAT:LFSA_EGAN2(1.0),17/04/26 11:00:00,A,THS_PER,T,Y_GE15,P,PL,2018-01-01,1271.8,,
ESTAT:LFSA_EGAN2(1.0),17/04/26 11:00:00,A,THS_PER,T,Y_GE15,P,PT,2018-01-01,424.2,,
ESTAT:LFSA_EGAN2(1.0),17/04/26 11:00:00,A,THS_PER,T,Y_GE15,P,RO,2018-01-01,359.5,,
ESTAT:LFSA_EGAN2(1.0),17/04/26 11:00:00,A,THS_PER,T,Y_GE15,P,RS,2018-01-01,178.0,,
ESTAT:LFSA_EGAN2(1.0),17/04/26 11:00:00,A,THS_PER,T,Y_GE15,P,SE,2018-01-01,579.4,b,
ESTAT:LFSA_EGAN2(1.0),17/04/26 11:00:00,A,THS_PER,T,Y_GE15,P,SI,2018-01-01,83.5,,
ESTAT:LFSA_EGAN2(1.0),17/04/26 11:00:00,A,THS_PER,T,Y_GE15,P,SK,2018-01-01,186.9,,
ESTAT:LFSA_EGAN2(1.0),17/04/26 11:00:00,A,THS_PER,T,Y_GE15,P,TR,2018-01-01,1690.9,,
ESTAT:LFSA_EGAN2(1.0),17/04/26 11:00:00,A,THS_PER,T,Y_GE15,P,UK,2018-01-01,3277.4,,
ESTAT:LFSA_EGAN2(1.0),17/04/26 11:00:00,A,THS_PER,T,Y_GE15,Q,AT,2018-01-01,459.0,,
ESTAT:LFSA_EGAN2(1.0),17/04/26 11:00:00,A,THS_PER,T,Y_GE15,Q,BE,2018-01-01,709.0,,
ESTAT:LFSA_EGAN2(1.0),17/04/26 11:00:00,A,THS_PER,T,Y_GE15,Q,BG,2018-01-01,163.2,,
ESTAT:LFSA_EGAN2(1.0),17/04/26 11:00:00,A,THS_PER,T,Y_GE15,Q,CH,2018-01-01,654.2,,
ESTAT:LFSA_EGAN2(1.0),17/04/26 11:00:00,A,THS_PER,T,Y_GE15,Q,CY,2018-01-01,19.7,,
ESTAT:LFSA_EGAN2(1.0),17/04/26 11:00:00,A,THS_PER,T,Y_GE15,Q,CZ,2018-01-01,370.2,,
ESTAT:LFSA_EGAN2(1.0),17/04/26 11:00:00,A,THS_PER,T,Y_GE15,Q,DE,2018-01-01,5452.8,,
ESTAT:LFSA_EGAN2(1.0),17/04/26 11:00:00,A,THS_PER,T,Y_GE15,Q,DK,2018-01-01,520.1,,
ESTAT:LFSA_EGAN2(1.0),17/04/26 11:00:00,A,THS_PER,T,Y_GE15,Q,EA21,2018-01-01,17567.5,,
ESTAT:LFSA_EGAN2(1.0),17/04/26 11:00:00,A,THS_PER,T,Y_GE15,Q,EE,2018-01-01,39.5,,
ESTAT:LFSA_EGAN2(1.0),17/04/26 11:00:00,A,THS_PER,T,Y_GE15,Q,EL,2018-01-01,242.5,,
ESTAT:LFSA_EGAN2(1.0),17/04/26 11:00:00,A,THS_PER,T,Y_GE15,Q,ES,2018-01-01,1614.8,,
ESTAT:LFSA_EGAN2(1.0),17/04/26 11:00:00,A,THS_PER,T,Y_GE15,Q,EU27_2020,2018-01-01,20920.4,,
ESTAT:LFSA_EGAN2(1.0),17/04/26 11:00:00,A,THS_PER,T,Y_GE15,Q,FI,2018-01-01,417.3,,
ESTAT:LFSA_EGAN2(1.0),17/04/26 11:00:00,A,THS_PER,T,Y_GE15,Q,FR,2018-01-01,3952.8,,
ESTAT:LFSA_EGAN2(1.0),17/04/26 11:00:00,A,THS_PER,T,Y_GE15,Q,HR,2018-01-01,103.1,,
ESTAT:LFSA_EGAN2(1.0),17/04/26 11:00:00,A,THS_PER,T,Y_GE15,Q,HU,2018-01-01,306.7,b,
ESTAT:LFSA_EGAN2(1.0),17/04/26 11:00:00,A,THS_PER,T,Y_GE15,Q,IE,2018-01-01,283.5,,
ESTAT:LFSA_EGAN2(1.0),17/04/26 11:00:00,A,THS_PER,T,Y_GE15,Q,IS,2018-01-01,22.6,,
ESTAT:LFSA_EGAN2(1.0),17/04/26 11:00:00,A,THS_PER,T,Y_GE15,Q,IT,2018-01-01,1879.5,b,
ESTAT:LFSA_EGAN2(1.0),17/04/26 11:00:00,A,THS_PER,T,Y_GE15,Q,LT,2018-01-01,94.3,,
ESTAT:LFSA_EGAN2(1.0),17/04/26 11:00:00,A,THS_PER,T,Y_GE15,Q,LU,2018-01-01,27.7,,
ESTAT:LFSA_EGAN2(1.0),17/04/26 11:00:00,A,THS_PER,T,Y_GE15,Q,LV,2018-01-01,55.9,,
ESTAT:LFSA_EGAN2(1.0),17/04/26 11:00:00,A,THS_PER,T,Y_GE15,Q,ME,2018-01-01,12.5,,
ESTAT:LFSA_EGAN2(1.0),17/04/26 11:00:00,A,THS_PER,T,Y_GE15,Q,MK,2018-01-01,42.8,,
ESTAT:LFSA_EGAN2(1.0),17/04/26 11:00:00,A,THS_PER,T,Y_GE15,Q,MT,2018-01-01,22.9,,
ESTAT:LFSA_EGAN2(1.0),17/04/26 11:00:00,A,THS_PER,T,Y_GE15,Q,NL,2018-01-01,1312.5,,
ESTAT:LFSA_EGAN2(1.0),17/04/26 11:00:00,A,THS_PER,T,Y_GE15,Q,NO,2018-01-01,549.5,,
ESTAT:LFSA_EGAN2(1.0),17/04/26 11:00:00,A,THS_PER,T,Y_GE15,Q,PL,2018-01-01,986.4,,
ESTAT:LFSA_EGAN2(1.0),17/04/26 11:00:00,A,THS_PER,T,Y_GE15,Q,PT,2018-01-01,446.9,,
ESTAT:LFSA_EGAN2(1.0),17/04/26 11:00:00,A,THS_PER,T,Y_GE15,Q,RO,2018-01-01,414.6,,
ESTAT:LFSA_EGAN2(1.0),17/04/26 11:00:00,A,THS_PER,T,Y_GE15,Q,RS,2018-01-01,156.5,,
ESTAT:LFSA_EGAN2(1.0),17/04/26 11:00:00,A,THS_PER,T,Y_GE15,Q,SE,2018-01-01,754.9,b,
ESTAT:LFSA_EGAN2(1.0),17/04/26 11:00:00,A,THS_PER,T,Y_GE15,Q,SI,2018-01-01,69.7,,
ESTAT:LFSA_EGAN2(1.0),17/04/26 11:00:00,A,THS_PER,T,Y_GE15,Q,SK,2018-01-01,201.0,,
ESTAT:LFSA_EGAN2(1.0),17/04/26 11:00:00,A,THS_PER,T,Y_GE15,Q,TR,2018-01-01,1427.0,,
ESTAT:LFSA_EGAN2(1.0),17/04/26 11:00:00,A,THS_PER,T,Y_GE15,Q,UK,2018-01-01,4272.7,,
ESTAT:LFSA_EGAN2(1.0),17/04/26 11:00:00,A,THS_PER,T,Y_GE15,TOTAL,AT,2018-01-01,4319.0,,
ESTAT:LFSA_EGAN2(1.0),17/04/26 11:00:00,A,THS_PER,T,Y_GE15,TOTAL,BE,2018-01-01,4755.2,,
ESTAT:LFSA_EGAN2(1.0),17/04/26 11:00:00,A,THS_PER,T,Y_GE15,TOTAL,BG,2018-01-01,3152.6,,
ESTAT:LFSA_EGAN2(1.0),17/04/26 11:00:00,A,THS_PER,T,Y_GE15,TOTAL,CH,2018-01-01,4675.1,,
ESTAT:LFSA_EGAN2(1.0),17/04/26 11:00:00,A,THS_PER,T,Y_GE15,TOTAL,CY,2018-01-01,400.9,,
ESTAT:LFSA_EGAN2(1.0),17/04/26 11:00:00,A,THS_PER,T,Y_GE15,TOTAL,CZ,2018-01-01,5293.6,,
ESTAT:LFSA_EGAN2(1.0),17/04/26 11:00:00,A,THS_PER,T,Y_GE15,TOTAL,DE,2018-01-01,41912.8,,
ESTAT:LFSA_EGAN2(1.0),17/04/26 11:00:00,A,THS_PER,T,Y_GE15,TOTAL,DK,2018-01-01,2832.3,,
ESTAT:LFSA_EGAN2(1.0),17/04/26 11:00:00,A,THS_PER,T,Y_GE15,TOTAL,EA21,2018-01-01,154760.1,,
ESTAT:LFSA_EGAN2(1.0),17/04/26 11:00:00,A,THS_PER,T,Y_GE15,TOTAL,EE,2018-01-01,656.5,,
ESTAT:LFSA_EGAN2(1.0),17/04/26 11:00:00,A,THS_PER,T,Y_GE15,TOTAL,EL,2018-01-01,3828.0,,
ESTAT:LFSA_EGAN2(1.0),17/04/26 11:00:00,A,THS_PER,T,Y_GE15,TOTAL,ES,2018-01-01,19327.5,,
ESTAT:LFSA_EGAN2(1.0),17/04/26 11:00:00,A,THS_PER,T,Y_GE15,TOTAL,EU27_2020,2018-01-01,197615.0,,
ESTAT:LFSA_EGAN2(1.0),17/04/26 11:00:00,A,THS_PER,T,Y_GE15,TOTAL,FI,2018-01-01,2539.9,,
ESTAT:LFSA_EGAN2(1.0),17/04/26 11:00:00,A,THS_PER,T,Y_GE15,TOTAL,FR,2018-01-01,27021.4,,
ESTAT:LFSA_EGAN2(1.0),17/04/26 11:00:00,A,THS_PER,T,Y_GE15,TOTAL,HR,2018-01-01,1574.8,,
ESTAT:LFSA_EGAN2(1.0),17/04/26 11:00:00,A,THS_PER,T,Y_GE15,TOTAL,HU,2018-01-01,4459.3,b,
ESTAT:LFSA_EGAN2(1.0),17/04/26 11:00:00,A,THS_PER,T,Y_GE15,TOTAL,IE,2018-01-01,2257.3,,
ESTAT:LFSA_EGAN2(1.0),17/04/26 11:00:00,A,THS_PER,T,Y_GE15,TOTAL,IS,2018-01-01,198.3,,
ESTAT:LFSA_EGAN2(1.0),17/04/26 11:00:00,A,THS_PER,T,Y_GE15,TOTAL,IT,2018-01-01,22984.5,b,
ESTAT:LFSA_EGAN2(1.0),17/04/26 11:00:00,A,THS_PER,T,Y_GE15,TOTAL,LT,2018-01-01,1374.7,,
ESTAT:LFSA_EGAN2(1.0),17/04/26 11:00:00,A,THS_PER,T,Y_GE15,TOTAL,LU,2018-01-01,279.9,,
ESTAT:LFSA_EGAN2(1.0),17/04/26 11:00:00,A,THS_PER,T,Y_GE15,TOTAL,LV,2018-01-01,909.4,,
ESTAT:LFSA_EGAN2(1.0),17/04/26 11:00:00,A,THS_PER,T,Y_GE15,TOTAL,ME,2018-01-01,237.4,,
ESTAT:LFSA_EGAN2(1.0),17/04/26 11:00:00,A,THS_PER,T,Y_GE15,TOTAL,MK,2018-01-01,759.0,,
ESTAT:LFSA_EGAN2(1.0),17/04/26 11:00:00,A,THS_PER,T,Y_GE15,TOTAL,MT,2018-01-01,236.7,,
ESTAT:LFSA_EGAN2(1.0),17/04/26 11:00:00,A,THS_PER,T,Y_GE15,TOTAL,NL,2018-01-01,8796.9,,
ESTAT:LFSA_EGAN2(1.0),17/04/26 11:00:00,A,THS_PER,T,Y_GE15,TOTAL,NO,2018-01-01,2685.8,,
ESTAT:LFSA_EGAN2(1.0),17/04/26 11:00:00,A,THS_PER,T,Y_GE15,TOTAL,PL,2018-01-01,16484.0,,
ESTAT:LFSA_EGAN2(1.0),17/04/26 11:00:00,A,THS_PER,T,Y_GE15,TOTAL,PT,2018-01-01,4884.8,,
ESTAT:LFSA_EGAN2(1.0),17/04/26 11:00:00,A,THS_PER,T,Y_GE15,TOTAL,RO,2018-01-01,8688.5,,
ESTAT:LFSA_EGAN2(1.0),17/04/26 11:00:00,A,THS_PER,T,Y_GE15,TOTAL,RS,2018-01-01,2832.6,,
ESTAT:LFSA_EGAN2(1.0),17/04/26 11:00:00,A,THS_PER,T,Y_GE15,TOTAL,SE,2018-01-01,5097.3,b,
ESTAT:LFSA_EGAN2(1.0),17/04/26 11:00:00,A,THS_PER,T,Y_GE15,TOTAL,SI,2018-01-01,980.6,,
ESTAT:LFSA_EGAN2(1.0),17/04/26 11:00:00,A,THS_PER,T,Y_GE15,TOTAL,SK,2018-01-01,2566.7,,
ESTAT:LFSA_EGAN2(1.0),17/04/26 11:00:00,A,THS_PER,T,Y_GE15,TOTAL,TR,2018-01-01,28733.1,,
ESTAT:LFSA_EGAN2(1.0),17/04/26 11:00:00,A,THS_PER,T,Y_GE15,TOTAL,UK,2018-01-01,32352.8,,
ESTAT:LFSA_EGAN2(1.0),17/04/26 11:00:00,A,THS_PER,T,Y_GE15,A,AT,2019-01-01,159.2,,
ESTAT:LFSA_EGAN2(1.0),17/04/26 11:00:00,A,THS_PER,T,Y_GE15,A,BE,2019-01-01,44.4,,
ESTAT:LFSA_EGAN2(1.0),17/04/26 11:00:00,A,THS_PER,T,Y_GE15,A,BG,2019-01-01,200.3,b,
ESTAT:LFSA_EGAN2(1.0),17/04/26 11:00:00,A,THS_PER,T,Y_GE15,A,CH,2019-01-01,119.4,,
ESTAT:LFSA_EGAN2(1.0),17/04/26 11:00:00,A,THS_PER,T,Y_GE15,A,CY,2019-01-01,11.1,,
ESTAT:LFSA_EGAN2(1.0),17/04/26 11:00:00,A,THS_PER,T,Y_GE15,A,CZ,2019-01-01,141.3,,
ESTAT:LFSA_EGAN2(1.0),17/04/26 11:00:00,A,THS_PER,T,Y_GE15,A,DE,2019-01-01,510.5,,
ESTAT:LFSA_EGAN2(1.0),17/04/26 11:00:00,A,THS_PER,T,Y_GE15,A,DK,2019-01-01,63.8,,
ESTAT:LFSA_EGAN2(1.0),17/04/26 11:00:00,A,THS_PER,T,Y_GE15,A,EA21,2019-01-01,4782.5,,
ESTAT:LFSA_EGAN2(1.0),17/04/26 11:00:00,A,THS_PER,T,Y_GE15,A,EE,2019-01-01,22.1,,
ESTAT:LFSA_EGAN2(1.0),17/04/26 11:00:00,A,THS_PER,T,Y_GE15,A,EL,2019-01-01,453.6,,
ESTAT:LFSA_EGAN2(1.0),17/04/26 11:00:00,A,THS_PER,T,Y_GE15,A,ES,2019-01-01,797.3,,
ESTAT:LFSA_EGAN2(1.0),17/04/26 11:00:00,A,THS_PER,T,Y_GE15,A,EU27_2020,2019-01-01,8631.5,,
ESTAT:LFSA_EGAN2(1.0),17/04/26 11:00:00,A,THS_PER,T,Y_GE15,A,FI,2019-01-01,96.7,,
ESTAT:LFSA_EGAN2(1.0),17/04/26 11:00:00,A,THS_PER,T,Y_GE15,A,FR,2019-01-01,672.4,,
ESTAT:LFSA_EGAN2(1.0),17/04/26 11:00:00,A,THS_PER,T,Y_GE15,A,HR,2019-01-01,96.7,,
ESTAT:LFSA_EGAN2(1.0),17/04/26 11:00:00,A,THS_PER,T,Y_GE15,A,HU,2019-01-01,212.7,,
ESTAT:LFSA_EGAN2(1.0),17/04/26 11:00:00,A,THS_PER,T,Y_GE15,A,IE,2019-01-01,102.6,,
ESTAT:LFSA_EGAN2(1.0),17/04/26 11:00:00,A,THS_PER,T,Y_GE15,A,IS,2019-01-01,8.1,,
ESTAT:LFSA_EGAN2(1.0),17/04/26 11:00:00,A,THS_PER,T,Y_GE15,A,IT,2019-01-01,897.3,,
ESTAT:LFSA_EGAN2(1.0),17/04/26 11:00:00,A,THS_PER,T,Y_GE15,A,LT,2019-01-01,88.7,,
ESTAT:LFSA_EGAN2(1.0),17/04/26 11:00:00,A,THS_PER,T,Y_GE15,A,LU,2019-01-01,1.8,,
ESTAT:LFSA_EGAN2(1.0),17/04/26 11:00:00,A,THS_PER,T,Y_GE15,A,LV,2019-01-01,66.3,,
ESTAT:LFSA_EGAN2(1.0),17/04/26 11:00:00,A,THS_PER,T,Y_GE15,A,ME,2019-01-01,17.4,,
ESTAT:LFSA_EGAN2(1.0),17/04/26 11:00:00,A,THS_PER,T,Y_GE15,A,MK,2019-01-01,111.0,,
ESTAT:LFSA_EGAN2(1.0),17/04/26 11:00:00,A,THS_PER,T,Y_GE15,A,MT,2019-01-01,2.7,,
ESTAT:LFSA_EGAN2(1.0),17/04/26 11:00:00,A,THS_PER,T,Y_GE15,A,NL,2019-01-01,167.9,,
ESTAT:LFSA_EGAN2(1.0),17/04/26 11:00:00,A,THS_PER,T,Y_GE15,A,NO,2019-01-01,55.3,,
ESTAT:LFSA_EGAN2(1.0),17/04/26 11:00:00,A,THS_PER,T,Y_GE15,A,PL,2019-01-01,1501.3,b,
ESTAT:LFSA_EGAN2(1.0),17/04/26 11:00:00,A,THS_PER,T,Y_GE15,A,PT,2019-01-01,277.2,,
ESTAT:LFSA_EGAN2(1.0),17/04/26 11:00:00,A,THS_PER,T,Y_GE15,A,RO,2019-01-01,1843.8,,
ESTAT:LFSA_EGAN2(1.0),17/04/26 11:00:00,A,THS_PER,T,Y_GE15,A,RS,2019-01-01,452.5,,
ESTAT:LFSA_EGAN2(1.0),17/04/26 11:00:00,A,THS_PER,T,Y_GE15,A,SE,2019-01-01,86.2,,
ESTAT:LFSA_EGAN2(1.0),17/04/26 11:00:00,A,THS_PER,T,Y_GE15,A,SI,2019-01-01,41.8,,
ESTAT:LFSA_EGAN2(1.0),17/04/26 11:00:00,A,THS_PER,T,Y_GE15,A,SK,2019-01-01,72.0,,
ESTAT:LFSA_EGAN2(1.0),17/04/26 11:00:00,A,THS_PER,T,Y_GE15,A,TR,2019-01-01,5084.7,,
ESTAT:LFSA_EGAN2(1.0),17/04/26 11:00:00,A,THS_PER,T,Y_GE15,A,UK,2019-01-01,340.1,,
ESTAT:LFSA_EGAN2(1.0),17/04/26 11:00:00,A,THS_PER,T,Y_GE15,C,AT,2019-01-01,693.7,,
ESTAT:LFSA_EGAN2(1.0),17/04/26 11:00:00,A,THS_PER,T,Y_GE15,C,BE,2019-01-01,594.4,,
ESTAT:LFSA_EGAN2(1.0),17/04/26 11:00:00,A,THS_PER,T,Y_GE15,C,BG,2019-01-01,572.7,b,
ESTAT:LFSA_EGAN2(1.0),17/04/26 11:00:00,A,THS_PER,T,Y_GE15,C,CH,2019-01-01,590.9,,
ESTAT:LFSA_EGAN2(1.0),17/04/26 11:00:00,A,THS_PER,T,Y_GE15,C,CY,2019-01-01,29.8,,
ESTAT:LFSA_EGAN2(1.0),17/04/26 11:00:00,A,THS_PER,T,Y_GE15,C,CZ,2019-01-01,1455.4,,
ESTAT:LFSA_EGAN2(1.0),17/04/26 11:00:00,A,THS_PER,T,Y_GE15,C,DE,2019-01-01,8012.6,,
ESTAT:LFSA_EGAN2(1.0),17/04/26 11:00:00,A,THS_PER,T,Y_GE15,C,DK,2019-01-01,315.5,,
ESTAT:LFSA_EGAN2(1.0),17/04/26 11:00:00,A,THS_PER,T,Y_GE15,C,EA21,2019-01-01,24147.5,,
ESTAT:LFSA_EGAN2(1.0),17/04/26 11:00:00,A,THS_PER,T,Y_GE15,C,EE,2019-01-01,122.2,,
ESTAT:LFSA_EGAN2(1.0),17/04/26 11:00:00,A,THS_PER,T,Y_GE15,C,EL,2019-01-01,377.1,,
ESTAT:LFSA_EGAN2(1.0),17/04/26 11:00:00,A,THS_PER,T,Y_GE15,C,ES,2019-01-01,2494.8,,
ESTAT:LFSA_EGAN2(1.0),17/04/26 11:00:00,A,THS_PER,T,Y_GE15,C,EU27_2020,2019-01-01,32537.0,,
ESTAT:LFSA_EGAN2(1.0),17/04/26 11:00:00,A,THS_PER,T,Y_GE15,C,FI,2019-01-01,328.7,,
ESTAT:LFSA_EGAN2(1.0),17/04/26 11:00:00,A,THS_PER,T,Y_GE15,C,FR,2019-01-01,3193.3,,
ESTAT:LFSA_EGAN2(1.0),17/04/26 11:00:00,A,THS_PER,T,Y_GE15,C,HR,2019-01-01,283.2,,
ESTAT:LFSA_EGAN2(1.0),17/04/26 11:00:00,A,THS_PER,T,Y_GE15,C,HU,2019-01-01,995.2,,
ESTAT:LFSA_EGAN2(1.0),17/04/26 11:00:00,A,THS_PER,T,Y_GE15,C,IE,2019-01-01,254.3,,
ESTAT:LFSA_EGAN2(1.0),17/04/26 11:00:00,A,THS_PER,T,Y_GE15,C,IS,2019-01-01,18.8,,
ESTAT:LFSA_EGAN2(1.0),17/04/26 11:00:00,A,THS_PER,T,Y_GE15,C,IT,2019-01-01,4287.3,,
ESTAT:LFSA_EGAN2(1.0),17/04/26 11:00:00,A,THS_PER,T,Y_GE15,C,LT,2019-01-01,218.9,,
ESTAT:LFSA_EGAN2(1.0),17/04/26 11:00:00,A,THS_PER,T,Y_GE15,C,LU,2019-01-01,10.9,,
ESTAT:LFSA_EGAN2(1.0),17/04/26 11:00:00,A,THS_PER,T,Y_GE15,C,LV,2019-01-01,115.1,,
ESTAT:LFSA_EGAN2(1.0),17/04/26 11:00:00,A,THS_PER,T,Y_GE15,C,ME,2019-01-01,14.6,,
ESTAT:LFSA_EGAN2(1.0),17/04/26 11:00:00,A,THS_PER,T,Y_GE15,C,MK,2019-01-01,157.8,,
ESTAT:LFSA_EGAN2(1.0),17/04/26 11:00:00,A,THS_PER,T,Y_GE15,C,MT,2019-01-01,27.9,,
ESTAT:LFSA_EGAN2(1.0),17/04/26 11:00:00,A,THS_PER,T,Y_GE15,C,NL,2019-01-01,812.1,,
ESTAT:LFSA_EGAN2(1.0),17/04/26 11:00:00,A,THS_PER,T,Y_GE15,C,NO,2019-01-01,209.4,,
ESTAT:LFSA_EGAN2(1.0),17/04/26 11:00:00,A,THS_PER,T,Y_GE15,C,PL,2019-01-01,3468.9,b,
ESTAT:LFSA_EGAN2(1.0),17/04/26 11:00:00,A,THS_PER,T,Y_GE15,C,PT,2019-01-01,831.1,,
ESTAT:LFSA_EGAN2(1.0),17/04/26 11:00:00,A,THS_PER,T,Y_GE15,C,RO,2019-01-01,1641.1,,
ESTAT:LFSA_EGAN2(1.0),17/04/26 11:00:00,A,THS_PER,T,Y_GE15,C,RS,2019-01-01,541.8,,
ESTAT:LFSA_EGAN2(1.0),17/04/26 11:00:00,A,THS_PER,T,Y_GE15,C,SE,2019-01-01,513.5,,
ESTAT:LFSA_EGAN2(1.0),17/04/26 11:00:00,A,THS_PER,T,Y_GE15,C,SI,2019-01-01,251.5,,
ESTAT:LFSA_EGAN2(1.0),17/04/26 11:00:00,A,THS_PER,T,Y_GE15,C,SK,2019-01-01,635.9,,
ESTAT:LFSA_EGAN2(1.0),17/04/26 11:00:00,A,THS_PER,T,Y_GE15,C,TR,2019-01-01,5152.5,,
ESTAT:LFSA_EGAN2(1.0),17/04/26 11:00:00,A,THS_PER,T,Y_GE15,C,UK,2019-01-01,2989.6,,
ESTAT:LFSA_EGAN2(1.0),17/04/26 11:00:00,A,THS_PER,T,Y_GE15,F,AT,2019-01-01,357.8,,
ESTAT:LFSA_EGAN2(1.0),17/04/26 11:00:00,A,THS_PER,T,Y_GE15,F,BE,2019-01-01,340.3,,
ESTAT:LFSA_EGAN2(1.0),17/04/26 11:00:00,A,THS_PER,T,Y_GE15,F,BG,2019-01-01,236.1,b,
ESTAT:LFSA_EGAN2(1.0),17/04/26 11:00:00,A,THS_PER,T,Y_GE15,F,CH,2019-01-01,301.9,,
ESTAT:LFSA_EGAN2(1.0),17/04/26 11:00:00,A,THS_PER,T,Y_GE15,F,CY,2019-01-01,41.0,,
ESTAT:LFSA_EGAN2(1.0),17/04/26 11:00:00,A,THS_PER,T,Y_GE15,F,CZ,2019-01-01,376.9,,
ESTAT:LFSA_EGAN2(1.0),17/04/26 11:00:00,A,THS_PER,T,Y_GE15,F,DE,2019-01-01,2859.6,,
ESTAT:LFSA_EGAN2(1.0),17/04/26 11:00:00,A,THS_PER,T,Y_GE15,F,DK,2019-01-01,177.4,,
ESTAT:LFSA_EGAN2(1.0),17/04/26 11:00:00,A,THS_PER,T,Y_GE15,F,EA21,2019-01-01,10123.3,,
ESTAT:LFSA_EGAN2(1.0),17/04/26 11:00:00,A,THS_PER,T,Y_GE15,F,EE,2019-01-01,59.3,,
ESTAT:LFSA_EGAN2(1.0),17/04/26 11:00:00,A,THS_PER,T,Y_GE15,F,EL,2019-01-01,147.6,,
ESTAT:LFSA_EGAN2(1.0),17/04/26 11:00:00,A,THS_PER,T,Y_GE15,F,ES,2019-01-01,1277.9,,
ESTAT:LFSA_EGAN2(1.0),17/04/26 11:00:00,A,THS_PER,T,Y_GE15,F,EU27_2020,2019-01-01,13433.4,,
ESTAT:LFSA_EGAN2(1.0),17/04/26 11:00:00,A,THS_PER,T,Y_GE15,F,FI,2019-01-01,192.6,,
ESTAT:LFSA_EGAN2(1.0),17/04/26 11:00:00,A,THS_PER,T,Y_GE15,F,FR,2019-01-01,1806.1,,
ESTAT:LFSA_EGAN2(1.0),17/04/26 11:00:00,A,THS_PER,T,Y_GE15,F,HR,2019-01-01,104.0,,
ESTAT:LFSA_EGAN2(1.0),17/04/26 11:00:00,A,THS_PER,T,Y_GE15,F,HU,2019-01-01,344.5,,
ESTAT:LFSA_EGAN2(1.0),17/04/26 11:00:00,A,THS_PER,T,Y_GE15,F,IE,2019-01-01,147.0,,
ESTAT:LFSA_EGAN2(1.0),17/04/26 11:00:00,A,THS_PER,T,Y_GE15,F,IS,2019-01-01,13.3,,
ESTAT:LFSA_EGAN2(1.0),17/04/26 11:00:00,A,THS_PER,T,Y_GE15,F,IT,2019-01-01,1323.1,,
ESTAT:LFSA_EGAN2(1.0),17/04/26 11:00:00,A,THS_PER,T,Y_GE15,F,LT,2019-01-01,105.2,,
ESTAT:LFSA_EGAN2(1.0),17/04/26 11:00:00,A,THS_PER,T,Y_GE15,F,LU,2019-01-01,16.3,,
ESTAT:LFSA_EGAN2(1.0),17/04/26 11:00:00,A,THS_PER,T,Y_GE15,F,LV,2019-01-01,81.1,,
ESTAT:LFSA_EGAN2(1.0),17/04/26 11:00:00,A,THS_PER,T,Y_GE15,F,ME,2019-01-01,24.2,,
ESTAT:LFSA_EGAN2(1.0),17/04/26 11:00:00,A,THS_PER,T,Y_GE15,F,MK,2019-01-01,56.0,,
ESTAT:LFSA_EGAN2(1.0),17/04/26 11:00:00,A,THS_PER,T,Y_GE15,F,MT,2019-01-01,17.7,,
ESTAT:LFSA_EGAN2(1.0),17/04/26 11:00:00,A,THS_PER,T,Y_GE15,F,NL,2019-01-01,412.6,,
ESTAT:LFSA_EGAN2(1.0),17/04/26 11:00:00,A,THS_PER,T,Y_GE15,F,NO,2019-01-01,226.9,,
ESTAT:LFSA_EGAN2(1.0),17/04/26 11:00:00,A,THS_PER,T,Y_GE15,F,PL,2019-01-01,1336.3,b,
ESTAT:LFSA_EGAN2(1.0),17/04/26 11:00:00,A,THS_PER,T,Y_GE15,F,PT,2019-01-01,305.2,,
ESTAT:LFSA_EGAN2(1.0),17/04/26 11:00:00,A,THS_PER,T,Y_GE15,F,RO,2019-01-01,714.5,,
ESTAT:LFSA_EGAN2(1.0),17/04/26 11:00:00,A,THS_PER,T,Y_GE15,F,RS,2019-01-01,138.9,,
ESTAT:LFSA_EGAN2(1.0),17/04/26 11:00:00,A,THS_PER,T,Y_GE15,F,SE,2019-01-01,360.5,,
ESTAT:LFSA_EGAN2(1.0),17/04/26 11:00:00,A,THS_PER,T,Y_GE15,F,SI,2019-01-01,56.9,,
ESTAT:LFSA_EGAN2(1.0),17/04/26 11:00:00,A,THS_PER,T,Y_GE15,F,SK,2019-01-01,235.9,,
ESTAT:LFSA_EGAN2(1.0),17/04/26 11:00:00,A,THS_PER,T,Y_GE15,F,TR,2019-01-01,1549.1,,
ESTAT:LFSA_EGAN2(1.0),17/04/26 11:00:00,A,THS_PER,T,Y_GE15,F,UK,2019-01-01,2355.9,,
ESTAT:LFSA_EGAN2(1.0),17/04/26 11:00:00,A,THS_PER,T,Y_GE15,G,AT,2019-01-01,625.7,,
ESTAT:LFSA_EGAN2(1.0),17/04/26 11:00:00,A,THS_PER,T,Y_GE15,G,BE,2019-01-01,629.5,,
ESTAT:LFSA_EGAN2(1.0),17/04/26 11:00:00,A,THS_PER,T,Y_GE15,G,BG,2019-01-01,504.8,b,
ESTAT:LFSA_EGAN2(1.0),17/04/26 11:00:00,A,THS_PER,T,Y_GE15,G,CH,2019-01-01,562.7,,
ESTAT:LFSA_EGAN2(1.0),17/04/26 11:00:00,A,THS_PER,T,Y_GE15,G,CY,2019-01-01,74.3,,
ESTAT:LFSA_EGAN2(1.0),17/04/26 11:00:00,A,THS_PER,T,Y_GE15,G,CZ,2019-01-01,595.8,,
ESTAT:LFSA_EGAN2(1.0),17/04/26 11:00:00,A,THS_PER,T,Y_GE15,G,DE,2019-01-01,5780.3,,
ESTAT:LFSA_EGAN2(1.0),17/04/26 11:00:00,A,THS_PER,T,Y_GE15,G,DK,2019-01-01,433.6,,
ESTAT:LFSA_EGAN2(1.0),17/04/26 11:00:00,A,THS_PER,T,Y_GE15,G,EA21,2019-01-01,21732.3,,
ESTAT:LFSA_EGAN2(1.0),17/04/26 11:00:00,A,THS_PER,T,Y_GE15,G,EE,2019-01-01,85.2,,
ESTAT:LFSA_EGAN2(1.0),17/04/26 11:00:00,A,THS_PER,T,Y_GE15,G,EL,2019-01-01,691.9,,
ESTAT:LFSA_EGAN2(1.0),17/04/26 11:00:00,A,THS_PER,T,Y_GE15,G,ES,2019-01-01,3073.3,,
ESTAT:LFSA_EGAN2(1.0),17/04/26 11:00:00,A,THS_PER,T,Y_GE15,G,EU27_2020,2019-01-01,27542.0,,
ESTAT:LFSA_EGAN2(1.0),17/04/26 11:00:00,A,THS_PER,T,Y_GE15,G,FI,2019-01-01,286.8,,
ESTAT:LFSA_EGAN2(1.0),17/04/26 11:00:00,A,THS_PER,T,Y_GE15,G,FR,2019-01-01,3389.0,,
ESTAT:LFSA_EGAN2(1.0),17/04/26 11:00:00,A,THS_PER,T,Y_GE15,G,HR,2019-01-01,218.9,,
ESTAT:LFSA_EGAN2(1.0),17/04/26 11:00:00,A,THS_PER,T,Y_GE15,G,HU,2019-01-01,567.9,,
ESTAT:LFSA_EGAN2(1.0),17/04/26 11:00:00,A,THS_PER,T,Y_GE15,G,IE,2019-01-01,303.4,,
ESTAT:LFSA_EGAN2(1.0),17/04/26 11:00:00,A,THS_PER,T,Y_GE15,G,IS,2019-01-01,24.0,,
ESTAT:LFSA_EGAN2(1.0),17/04/26 11:00:00,A,THS_PER,T,Y_GE15,G,IT,2019-01-01,3256.0,,
ESTAT:LFSA_EGAN2(1.0),17/04/26 11:00:00,A,THS_PER,T,Y_GE15,G,LT,2019-01-01,230.2,,
ESTAT:LFSA_EGAN2(1.0),17/04/26 11:00:00,A,THS_PER,T,Y_GE15,G,LU,2019-01-01,20.5,,
ESTAT:LFSA_EGAN2(1.0),17/04/26 11:00:00,A,THS_PER,T,Y_GE15,G,LV,2019-01-01,137.6,,
ESTAT:LFSA_EGAN2(1.0),17/04/26 11:00:00,A,THS_PER,T,Y_GE15,G,ME,2019-01-01,46.8,,
ESTAT:LFSA_EGAN2(1.0),17/04/26 11:00:00,A,THS_PER,T,Y_GE15,G,MK,2019-01-01,112.6,,
ESTAT:LFSA_EGAN2(1.0),17/04/26 11:00:00,A,THS_PER,T,Y_GE15,G,MT,2019-01-01,35.5,,
ESTAT:LFSA_EGAN2(1.0),17/04/26 11:00:00,A,THS_PER,T,Y_GE15,G,NL,2019-01-01,1249.6,,
ESTAT:LFSA_EGAN2(1.0),17/04/26 11:00:00,A,THS_PER,T,Y_GE15,G,NO,2019-01-01,357.6,,
ESTAT:LFSA_EGAN2(1.0),17/04/26 11:00:00,A,THS_PER,T,Y_GE15,G,PL,2019-01-01,2368.8,b,
ESTAT:LFSA_EGAN2(1.0),17/04/26 11:00:00,A,THS_PER,T,Y_GE15,G,PT,2019-01-01,707.8,,
ESTAT:LFSA_EGAN2(1.0),17/04/26 11:00:00,A,THS_PER,T,Y_GE15,G,RO,2019-01-01,1271.0,,
ESTAT:LFSA_EGAN2(1.0),17/04/26 11:00:00,A,THS_PER,T,Y_GE15,G,RS,2019-01-01,385.9,,
ESTAT:LFSA_EGAN2(1.0),17/04/26 11:00:00,A,THS_PER,T,Y_GE15,G,SE,2019-01-01,572.6,,
ESTAT:LFSA_EGAN2(1.0),17/04/26 11:00:00,A,THS_PER,T,Y_GE15,G,SI,2019-01-01,125.5,,
ESTAT:LFSA_EGAN2(1.0),17/04/26 11:00:00,A,THS_PER,T,Y_GE15,G,SK,2019-01-01,306.5,,
ESTAT:LFSA_EGAN2(1.0),17/04/26 11:00:00,A,THS_PER,T,Y_GE15,G,TR,2019-01-01,3921.0,,
ESTAT:LFSA_EGAN2(1.0),17/04/26 11:00:00,A,THS_PER,T,Y_GE15,G,UK,2019-01-01,4039.8,,
ESTAT:LFSA_EGAN2(1.0),17/04/26 11:00:00,A,THS_PER,T,Y_GE15,H,AT,2019-01-01,222.0,,
ESTAT:LFSA_EGAN2(1.0),17/04/26 11:00:00,A,THS_PER,T,Y_GE15,H,BE,2019-01-01,276.2,,
ESTAT:LFSA_EGAN2(1.0),17/04/26 11:00:00,A,THS_PER,T,Y_GE15,H,BG,2019-01-01,201.2,b,
ESTAT:LFSA_EGAN2(1.0),17/04/26 11:00:00,A,THS_PER,T,Y_GE15,H,CH,2019-01-01,208.7,,
ESTAT:LFSA_EGAN2(1.0),17/04/26 11:00:00,A,THS_PER,T,Y_GE15,H,CY,2019-01-01,17.9,,
ESTAT:LFSA_EGAN2(1.0),17/04/26 11:00:00,A,THS_PER,T,Y_GE15,H,CZ,2019-01-01,352.5,,
ESTAT:LFSA_EGAN2(1.0),17/04/26 11:00:00,A,THS_PER,T,Y_GE15,H,DE,2019-01-01,2141.5,,
ESTAT:LFSA_EGAN2(1.0),17/04/26 11:00:00,A,THS_PER,T,Y_GE15,H,DK,2019-01-01,125.5,,
ESTAT:LFSA_EGAN2(1.0),17/04/26 11:00:00,A,THS_PER,T,Y_GE15,H,EA21,2019-01-01,8083.3,,
ESTAT:LFSA_EGAN2(1.0),17/04/26 11:00:00,A,THS_PER,T,Y_GE15,H,EE,2019-01-01,49.6,,
ESTAT:LFSA_EGAN2(1.0),17/04/26 11:00:00,A,THS_PER,T,Y_GE15,H,EL,2019-01-01,206.8,,
ESTAT:LFSA_EGAN2(1.0),17/04/26 11:00:00,A,THS_PER,T,Y_GE15,H,ES,2019-01-01,1031.1,,
ESTAT:LFSA_EGAN2(1.0),17/04/26 11:00:00,A,THS_PER,T,Y_GE15,H,EU27_2020,2019-01-01,10692.0,,
ESTAT:LFSA_EGAN2(1.0),17/04/26 11:00:00,A,THS_PER,T,Y_GE15,H,FI,2019-01-01,143.2,,
ESTAT:LFSA_EGAN2(1.0),17/04/26 11:00:00,A,THS_PER,T,Y_GE15,H,FR,2019-01-01,1412.3,,
ESTAT:LFSA_EGAN2(1.0),17/04/26 11:00:00,A,THS_PER,T,Y_GE15,H,HR,2019-01-01,100.1,,
ESTAT:LFSA_EGAN2(1.0),17/04/26 11:00:00,A,THS_PER,T,Y_GE15,H,HU,2019-01-01,301.9,,
ESTAT:LFSA_EGAN2(1.0),17/04/26 11:00:00,A,THS_PER,T,Y_GE15,H,IE,2019-01-01,105.8,,
ESTAT:LFSA_EGAN2(1.0),17/04/26 11:00:00,A,THS_PER,T,Y_GE15,H,IS,2019-01-01,12.8,,
ESTAT:LFSA_EGAN2(1.0),17/04/26 11:00:00,A,THS_PER,T,Y_GE15,H,IT,2019-01-01,1131.8,,
ESTAT:LFSA_EGAN2(1.0),17/04/26 11:00:00,A,THS_PER,T,Y_GE15,H,LT,2019-01-01,103.3,,
ESTAT:LFSA_EGAN2(1.0),17/04/26 11:00:00,A,THS_PER,T,Y_GE15,H,LU,2019-01-01,11.6,,
ESTAT:LFSA_EGAN2(1.0),17/04/26 11:00:00,A,THS_PER,T,Y_GE15,H,LV,2019-01-01,74.3,,
ESTAT:LFSA_EGAN2(1.0),17/04/26 11:00:00,A,THS_PER,T,Y_GE15,H,ME,2019-01-01,13.4,,
ESTAT:LFSA_EGAN2(1.0),17/04/26 11:00:00,A,THS_PER,T,Y_GE15,H,MK,2019-01-01,44.4,,
ESTAT:LFSA_EGAN2(1.0),17/04/26 11:00:00,A,THS_PER,T,Y_GE15,H,MT,2019-01-01,12.1,,
ESTAT:LFSA_EGAN2(1.0),17/04/26 11:00:00,A,THS_PER,T,Y_GE15,H,NL,2019-01-01,394.1,,
ESTAT:LFSA_EGAN2(1.0),17/04/26 11:00:00,A,THS_PER,T,Y_GE15,H,NO,2019-01-01,125.1,,
ESTAT:LFSA_EGAN2(1.0),17/04/26 11:00:00,A,THS_PER,T,Y_GE15,H,PL,2019-01-01,1068.9,b,
ESTAT:LFSA_EGAN2(1.0),17/04/26 11:00:00,A,THS_PER,T,Y_GE15,H,PT,2019-01-01,220.3,,
ESTAT:LFSA_EGAN2(1.0),17/04/26 11:00:00,A,THS_PER,T,Y_GE15,H,RO,2019-01-01,512.2,,
ESTAT:LFSA_EGAN2(1.0),17/04/26 11:00:00,A,THS_PER,T,Y_GE15,H,RS,2019-01-01,157.0,,
ESTAT:LFSA_EGAN2(1.0),17/04/26 11:00:00,A,THS_PER,T,Y_GE15,H,SE,2019-01-01,247.6,,
ESTAT:LFSA_EGAN2(1.0),17/04/26 11:00:00,A,THS_PER,T,Y_GE15,H,SI,2019-01-01,53.5,,
ESTAT:LFSA_EGAN2(1.0),17/04/26 11:00:00,A,THS_PER,T,Y_GE15,H,SK,2019-01-01,174.3,,
ESTAT:LFSA_EGAN2(1.0),17/04/26 11:00:00,A,THS_PER,T,Y_GE15,H,TR,2019-01-01,1255.8,,
ESTAT:LFSA_EGAN2(1.0),17/04/26 11:00:00,A,THS_PER,T,Y_GE15,H,UK,2019-01-01,1572.2,,
ESTAT:LFSA_EGAN2(1.0),17/04/26 11:00:00,A,THS_PER,T,Y_GE15,I,AT,2019-01-01,268.7,,
ESTAT:LFSA_EGAN2(1.0),17/04/26 11:00:00,A,THS_PER,T,Y_GE15,I,BE,2019-01-01,183.3,,
ESTAT:LFSA_EGAN2(1.0),17/04/26 11:00:00,A,THS_PER,T,Y_GE15,I,BG,2019-01-01,170.1,b,
ESTAT:LFSA_EGAN2(1.0),17/04/26 11:00:00,A,THS_PER,T,Y_GE15,I,CH,2019-01-01,188.1,,
ESTAT:LFSA_EGAN2(1.0),17/04/26 11:00:00,A,THS_PER,T,Y_GE15,I,CY,2019-01-01,37.4,,
ESTAT:LFSA_EGAN2(1.0),17/04/26 11:00:00,A,THS_PER,T,Y_GE15,I,CZ,2019-01-01,194.7,,
ESTAT:LFSA_EGAN2(1.0),17/04/26 11:00:00,A,THS_PER,T,Y_GE15,I,DE,2019-01-01,1586.1,,
ESTAT:LFSA_EGAN2(1.0),17/04/26 11:00:00,A,THS_PER,T,Y_GE15,I,DK,2019-01-01,112.4,,
ESTAT:LFSA_EGAN2(1.0),17/04/26 11:00:00,A,THS_PER,T,Y_GE15,I,EA21,2019-01-01,8187.3,,
ESTAT:LFSA_EGAN2(1.0),17/04/26 11:00:00,A,THS_PER,T,Y_GE15,I,EE,2019-01-01,29.7,,
ESTAT:LFSA_EGAN2(1.0),17/04/26 11:00:00,A,THS_PER,T,Y_GE15,I,EL,2019-01-01,381.9,,
ESTAT:LFSA_EGAN2(1.0),17/04/26 11:00:00,A,THS_PER,T,Y_GE15,I,ES,2019-01-01,1715.4,,
ESTAT:LFSA_EGAN2(1.0),17/04/26 11:00:00,A,THS_PER,T,Y_GE15,I,EU27_2020,2019-01-01,9491.8,,
ESTAT:LFSA_EGAN2(1.0),17/04/26 11:00:00,A,THS_PER,T,Y_GE15,I,FI,2019-01-01,97.3,,
ESTAT:LFSA_EGAN2(1.0),17/04/26 11:00:00,A,THS_PER,T,Y_GE15,I,FR,2019-01-01,1020.9,,
ESTAT:LFSA_EGAN2(1.0),17/04/26 11:00:00,A,THS_PER,T,Y_GE15,I,HR,2019-01-01,100.9,,
ESTAT:LFSA_EGAN2(1.0),17/04/26 11:00:00,A,THS_PER,T,Y_GE15,I,HU,2019-01-01,188.8,,
ESTAT:LFSA_EGAN2(1.0),17/04/26 11:00:00,A,THS_PER,T,Y_GE15,I,IE,2019-01-01,178.1,,
ESTAT:LFSA_EGAN2(1.0),17/04/26 11:00:00,A,THS_PER,T,Y_GE15,I,IS,2019-01-01,10.5,,
ESTAT:LFSA_EGAN2(1.0),17/04/26 11:00:00,A,THS_PER,T,Y_GE15,I,IT,2019-01-01,1456.8,,
ESTAT:LFSA_EGAN2(1.0),17/04/26 11:00:00,A,THS_PER,T,Y_GE15,I,LT,2019-01-01,39.1,,
ESTAT:LFSA_EGAN2(1.0),17/04/26 11:00:00,A,THS_PER,T,Y_GE15,I,LU,2019-01-01,11.1,,
ESTAT:LFSA_EGAN2(1.0),17/04/26 11:00:00,A,THS_PER,T,Y_GE15,I,LV,2019-01-01,32.0,,
ESTAT:LFSA_EGAN2(1.0),17/04/26 11:00:00,A,THS_PER,T,Y_GE15,I,ME,2019-01-01,20.6,,
ESTAT:LFSA_EGAN2(1.0),17/04/26 11:00:00,A,THS_PER,T,Y_GE15,I,MK,2019-01-01,34.3,,
ESTAT:LFSA_EGAN2(1.0),17/04/26 11:00:00,A,THS_PER,T,Y_GE15,I,MT,2019-01-01,19.4,,
ESTAT:LFSA_EGAN2(1.0),17/04/26 11:00:00,A,THS_PER,T,Y_GE15,I,NL,2019-01-01,387.1,,
ESTAT:LFSA_EGAN2(1.0),17/04/26 11:00:00,A,THS_PER,T,Y_GE15,I,NO,2019-01-01,92.7,,
ESTAT:LFSA_EGAN2(1.0),17/04/26 11:00:00,A,THS_PER,T,Y_GE15,I,PL,2019-01-01,421.6,b,
ESTAT:LFSA_EGAN2(1.0),17/04/26 11:00:00,A,THS_PER,T,Y_GE15,I,PT,2019-01-01,323.7,,
ESTAT:LFSA_EGAN2(1.0),17/04/26 11:00:00,A,THS_PER,T,Y_GE15,I,RO,2019-01-01,222.1,,
ESTAT:LFSA_EGAN2(1.0),17/04/26 11:00:00,A,THS_PER,T,Y_GE15,I,RS,2019-01-01,105.2,,
ESTAT:LFSA_EGAN2(1.0),17/04/26 11:00:00,A,THS_PER,T,Y_GE15,I,SE,2019-01-01,164.8,,
ESTAT:LFSA_EGAN2(1.0),17/04/26 11:00:00,A,THS_PER,T,Y_GE15,I,SI,2019-01-01,40.5,,
ESTAT:LFSA_EGAN2(1.0),17/04/26 11:00:00,A,THS_PER,T,Y_GE15,I,SK,2019-01-01,107.9,,
ESTAT:LFSA_EGAN2(1.0),17/04/26 11:00:00,A,THS_PER,T,Y_GE15,I,TR,2019-01-01,1701.8,,
ESTAT:LFSA_EGAN2(1.0),17/04/26 11:00:00,A,THS_PER,T,Y_GE15,I,UK,2019-01-01,1745.0,,
ESTAT:LFSA_EGAN2(1.0),17/04/26 11:00:00,A,THS_PER,T,Y_GE15,J,AT,2019-01-01,128.4,,
ESTAT:LFSA_EGAN2(1.0),17/04/26 11:00:00,A,THS_PER,T,Y_GE15,J,BE,2019-01-01,164.5,,
ESTAT:LFSA_EGAN2(1.0),17/04/26 11:00:00,A,THS_PER,T,Y_GE15,J,BG,2019-01-01,91.2,b,
ESTAT:LFSA_EGAN2(1.0),17/04/26 11:00:00,A,THS_PER,T,Y_GE15,J,CH,2019-01-01,171.5,,
ESTAT:LFSA_EGAN2(1.0),17/04/26 11:00:00,A,THS_PER,T,Y_GE15,J,CY,2019-01-01,11.1,,
ESTAT:LFSA_EGAN2(1.0),17/04/26 11:00:00,A,THS_PER,T,Y_GE15,J,CZ,2019-01-01,169.9,,
ESTAT:LFSA_EGAN2(1.0),17/04/26 11:00:00,A,THS_PER,T,Y_GE15,J,DE,2019-01-01,1369.1,,
ESTAT:LFSA_EGAN2(1.0),17/04/26 11:00:00,A,THS_PER,T,Y_GE15,J,DK,2019-01-01,114.8,,
ESTAT:LFSA_EGAN2(1.0),17/04/26 11:00:00,A,THS_PER,T,Y_GE15,J,EA21,2019-01-01,4923.9,,
ESTAT:LFSA_EGAN2(1.0),17/04/26 11:00:00,A,THS_PER,T,Y_GE15,J,EE,2019-01-01,30.7,,
ESTAT:LFSA_EGAN2(1.0),17/04/26 11:00:00,A,THS_PER,T,Y_GE15,J,EL,2019-01-01,102.2,,
ESTAT:LFSA_EGAN2(1.0),17/04/26 11:00:00,A,THS_PER,T,Y_GE15,J,ES,2019-01-01,602.6,,
ESTAT:LFSA_EGAN2(1.0),17/04/26 11:00:00,A,THS_PER,T,Y_GE15,J,EU27_2020,2019-01-01,6236.5,,
ESTAT:LFSA_EGAN2(1.0),17/04/26 11:00:00,A,THS_PER,T,Y_GE15,J,FI,2019-01-01,123.3,,
ESTAT:LFSA_EGAN2(1.0),17/04/26 11:00:00,A,THS_PER,T,Y_GE15,J,FR,2019-01-01,874.8,,
ESTAT:LFSA_EGAN2(1.0),17/04/26 11:00:00,A,THS_PER,T,Y_GE15,J,HR,2019-01-01,54.6,,
ESTAT:LFSA_EGAN2(1.0),17/04/26 11:00:00,A,THS_PER,T,Y_GE15,J,HU,2019-01-01,130.1,,
ESTAT:LFSA_EGAN2(1.0),17/04/26 11:00:00,A,THS_PER,T,Y_GE15,J,IE,2019-01-01,123.6,,
ESTAT:LFSA_EGAN2(1.0),17/04/26 11:00:00,A,THS_PER,T,Y_GE15,J,IS,2019-01-01,8.8,,
ESTAT:LFSA_EGAN2(1.0),17/04/26 11:00:00,A,THS_PER,T,Y_GE15,J,IT,2019-01-01,614.0,,
ESTAT:LFSA_EGAN2(1.0),17/04/26 11:00:00,A,THS_PER,T,Y_GE15,J,LT,2019-01-01,37.0,,
ESTAT:LFSA_EGAN2(1.0),17/04/26 11:00:00,A,THS_PER,T,Y_GE15,J,LU,2019-01-01,11.8,,
ESTAT:LFSA_EGAN2(1.0),17/04/26 11:00:00,A,THS_PER,T,Y_GE15,J,LV,2019-01-01,25.6,,
ESTAT:LFSA_EGAN2(1.0),17/04/26 11:00:00,A,THS_PER,T,Y_GE15,J,ME,2019-01-01,5.3,,
ESTAT:LFSA_EGAN2(1.0),17/04/26 11:00:00,A,THS_PER,T,Y_GE15,J,MK,2019-01-01,15.3,,
ESTAT:LFSA_EGAN2(1.0),17/04/26 11:00:00,A,THS_PER,T,Y_GE15,J,MT,2019-01-01,9.9,,
ESTAT:LFSA_EGAN2(1.0),17/04/26 11:00:00,A,THS_PER,T,Y_GE15,J,NL,2019-01-01,300.8,,
ESTAT:LFSA_EGAN2(1.0),17/04/26 11:00:00,A,THS_PER,T,Y_GE15,J,NO,2019-01-01,107.1,,
ESTAT:LFSA_EGAN2(1.0),17/04/26 11:00:00,A,THS_PER,T,Y_GE15,J,PL,2019-01-01,465.1,b,
ESTAT:LFSA_EGAN2(1.0),17/04/26 11:00:00,A,THS_PER,T,Y_GE15,J,PT,2019-01-01,138.6,,
ESTAT:LFSA_EGAN2(1.0),17/04/26 11:00:00,A,THS_PER,T,Y_GE15,J,RO,2019-01-01,177.6,,
ESTAT:LFSA_EGAN2(1.0),17/04/26 11:00:00,A,THS_PER,T,Y_GE15,J,RS,2019-01-01,78.4,,
ESTAT:LFSA_EGAN2(1.0),17/04/26 11:00:00,A,THS_PER,T,Y_GE15,J,SE,2019-01-01,255.2,,
ESTAT:LFSA_EGAN2(1.0),17/04/26 11:00:00,A,THS_PER,T,Y_GE15,J,SI,2019-01-01,33.7,,
ESTAT:LFSA_EGAN2(1.0),17/04/26 11:00:00,A,THS_PER,T,Y_GE15,J,SK,2019-01-01,76.6,,
ESTAT:LFSA_EGAN2(1.0),17/04/26 11:00:00,A,THS_PER,T,Y_GE15,J,TR,2019-01-01,234.3,,
ESTAT:LFSA_EGAN2(1.0),17/04/26 11:00:00,A,THS_PER,T,Y_GE15,J,UK,2019-01-01,1388.5,,
ESTAT:LFSA_EGAN2(1.0),17/04/26 11:00:00,A,THS_PER,T,Y_GE15,K,AT,2019-01-01,131.2,,
ESTAT:LFSA_EGAN2(1.0),17/04/26 11:00:00,A,THS_PER,T,Y_GE15,K,BE,2019-01-01,139.6,,
ESTAT:LFSA_EGAN2(1.0),17/04/26 11:00:00,A,THS_PER,T,Y_GE15,K,BG,2019-01-01,62.7,b,
ESTAT:LFSA_EGAN2(1.0),17/04/26 11:00:00,A,THS_PER,T,Y_GE15,K,CH,2019-01-01,238.6,,
ESTAT:LFSA_EGAN2(1.0),17/04/26 11:00:00,A,THS_PER,T,Y_GE15,K,CY,2019-01-01,21.5,,
ESTAT:LFSA_EGAN2(1.0),17/04/26 11:00:00,A,THS_PER,T,Y_GE15,K,CZ,2019-01-01,119.2,,
ESTAT:LFSA_EGAN2(1.0),17/04/26 11:00:00,A,THS_PER,T,Y_GE15,K,DE,2019-01-01,1249.2,,
ESTAT:LFSA_EGAN2(1.0),17/04/26 11:00:00,A,THS_PER,T,Y_GE15,K,DK,2019-01-01,77.7,,
ESTAT:LFSA_EGAN2(1.0),17/04/26 11:00:00,A,THS_PER,T,Y_GE15,K,EA21,2019-01-01,4388.7,,
ESTAT:LFSA_EGAN2(1.0),17/04/26 11:00:00,A,THS_PER,T,Y_GE15,K,EE,2019-01-01,11.8,,
ESTAT:LFSA_EGAN2(1.0),17/04/26 11:00:00,A,THS_PER,T,Y_GE15,K,EL,2019-01-01,84.2,,
ESTAT:LFSA_EGAN2(1.0),17/04/26 11:00:00,A,THS_PER,T,Y_GE15,K,ES,2019-01-01,429.2,,
ESTAT:LFSA_EGAN2(1.0),17/04/26 11:00:00,A,THS_PER,T,Y_GE15,K,EU27_2020,2019-01-01,5301.1,,
ESTAT:LFSA_EGAN2(1.0),17/04/26 11:00:00,A,THS_PER,T,Y_GE15,K,FI,2019-01-01,51.8,,
ESTAT:LFSA_EGAN2(1.0),17/04/26 11:00:00,A,THS_PER,T,Y_GE15,K,FR,2019-01-01,919.4,,
ESTAT:LFSA_EGAN2(1.0),17/04/26 11:00:00,A,THS_PER,T,Y_GE15,K,HR,2019-01-01,36.6,,
ESTAT:LFSA_EGAN2(1.0),17/04/26 11:00:00,A,THS_PER,T,Y_GE15,K,HU,2019-01-01,75.7,,
ESTAT:LFSA_EGAN2(1.0),17/04/26 11:00:00,A,THS_PER,T,Y_GE15,K,IE,2019-01-01,103.6,,
ESTAT:LFSA_EGAN2(1.0),17/04/26 11:00:00,A,THS_PER,T,Y_GE15,K,IS,2019-01-01,7.4,,
ESTAT:LFSA_EGAN2(1.0),17/04/26 11:00:00,A,THS_PER,T,Y_GE15,K,IT,2019-01-01,633.5,,
ESTAT:LFSA_EGAN2(1.0),17/04/26 11:00:00,A,THS_PER,T,Y_GE15,K,LT,2019-01-01,20.3,,
ESTAT:LFSA_EGAN2(1.0),17/04/26 11:00:00,A,THS_PER,T,Y_GE15,K,LU,2019-01-01,31.8,,
ESTAT:LFSA_EGAN2(1.0),17/04/26 11:00:00,A,THS_PER,T,Y_GE15,K,LV,2019-01-01,23.2,,
ESTAT:LFSA_EGAN2(1.0),17/04/26 11:00:00,A,THS_PER,T,Y_GE15,K,ME,2019-01-01,3.9,,
ESTAT:LFSA_EGAN2(1.0),17/04/26 11:00:00,A,THS_PER,T,Y_GE15,K,MK,2019-01-01,10.6,,
ESTAT:LFSA_EGAN2(1.0),17/04/26 11:00:00,A,THS_PER,T,Y_GE15,K,MT,2019-01-01,11.7,,
ESTAT:LFSA_EGAN2(1.0),17/04/26 11:00:00,A,THS_PER,T,Y_GE15,K,NL,2019-01-01,246.2,,
ESTAT:LFSA_EGAN2(1.0),17/04/26 11:00:00,A,THS_PER,T,Y_GE15,K,NO,2019-01-01,49.9,,
ESTAT:LFSA_EGAN2(1.0),17/04/26 11:00:00,A,THS_PER,T,Y_GE15,K,PL,2019-01-01,422.8,b,
ESTAT:LFSA_EGAN2(1.0),17/04/26 11:00:00,A,THS_PER,T,Y_GE15,K,PT,2019-01-01,101.5,,
ESTAT:LFSA_EGAN2(1.0),17/04/26 11:00:00,A,THS_PER,T,Y_GE15,K,RO,2019-01-01,116.2,,
ESTAT:LFSA_EGAN2(1.0),17/04/26 11:00:00,A,THS_PER,T,Y_GE15,K,RS,2019-01-01,46.7,,
ESTAT:LFSA_EGAN2(1.0),17/04/26 11:00:00,A,THS_PER,T,Y_GE15,K,SE,2019-01-01,100.7,,
ESTAT:LFSA_EGAN2(1.0),17/04/26 11:00:00,A,THS_PER,T,Y_GE15,K,SI,2019-01-01,25.1,,
ESTAT:LFSA_EGAN2(1.0),17/04/26 11:00:00,A,THS_PER,T,Y_GE15,K,SK,2019-01-01,54.7,,
ESTAT:LFSA_EGAN2(1.0),17/04/26 11:00:00,A,THS_PER,T,Y_GE15,K,TR,2019-01-01,295.2,,
ESTAT:LFSA_EGAN2(1.0),17/04/26 11:00:00,A,THS_PER,T,Y_GE15,K,UK,2019-01-01,1286.6,,
ESTAT:LFSA_EGAN2(1.0),17/04/26 11:00:00,A,THS_PER,T,Y_GE15,O,AT,2019-01-01,281.4,,
ESTAT:LFSA_EGAN2(1.0),17/04/26 11:00:00,A,THS_PER,T,Y_GE15,O,BE,2019-01-01,386.1,,
ESTAT:LFSA_EGAN2(1.0),17/04/26 11:00:00,A,THS_PER,T,Y_GE15,O,BG,2019-01-01,213.0,b,
ESTAT:LFSA_EGAN2(1.0),17/04/26 11:00:00,A,THS_PER,T,Y_GE15,O,CH,2019-01-01,220.9,,
ESTAT:LFSA_EGAN2(1.0),17/04/26 11:00:00,A,THS_PER,T,Y_GE15,O,CY,2019-01-01,34.1,,
ESTAT:LFSA_EGAN2(1.0),17/04/26 11:00:00,A,THS_PER,T,Y_GE15,O,CZ,2019-01-01,333.4,,
ESTAT:LFSA_EGAN2(1.0),17/04/26 11:00:00,A,THS_PER,T,Y_GE15,O,DE,2019-01-01,2906.5,,
ESTAT:LFSA_EGAN2(1.0),17/04/26 11:00:00,A,THS_PER,T,Y_GE15,O,DK,2019-01-01,146.3,,
ESTAT:LFSA_EGAN2(1.0),17/04/26 11:00:00,A,THS_PER,T,Y_GE15,O,EA21,2019-01-01,10873.6,,
ESTAT:LFSA_EGAN2(1.0),17/04/26 11:00:00,A,THS_PER,T,Y_GE15,O,EE,2019-01-01,38.8,,
ESTAT:LFSA_EGAN2(1.0),17/04/26 11:00:00,A,THS_PER,T,Y_GE15,O,EL,2019-01-01,341.5,,
ESTAT:LFSA_EGAN2(1.0),17/04/26 11:00:00,A,THS_PER,T,Y_GE15,O,ES,2019-01-01,1346.1,,
ESTAT:LFSA_EGAN2(1.0),17/04/26 11:00:00,A,THS_PER,T,Y_GE15,O,EU27_2020,2019-01-01,13611.9,,
ESTAT:LFSA_EGAN2(1.0),17/04/26 11:00:00,A,THS_PER,T,Y_GE15,O,FI,2019-01-01,113.1,,
ESTAT:LFSA_EGAN2(1.0),17/04/26 11:00:00,A,THS_PER,T,Y_GE15,O,FR,2019-01-01,2466.2,,
ESTAT:LFSA_EGAN2(1.0),17/04/26 11:00:00,A,THS_PER,T,Y_GE15,O,HR,2019-01-01,112.6,,
ESTAT:LFSA_EGAN2(1.0),17/04/26 11:00:00,A,THS_PER,T,Y_GE15,O,HU,2019-01-01,389.5,,
ESTAT:LFSA_EGAN2(1.0),17/04/26 11:00:00,A,THS_PER,T,Y_GE15,O,IE,2019-01-01,113.5,,
ESTAT:LFSA_EGAN2(1.0),17/04/26 11:00:00,A,THS_PER,T,Y_GE15,O,IS,2019-01-01,11.1,,
ESTAT:LFSA_EGAN2(1.0),17/04/26 11:00:00,A,THS_PER,T,Y_GE15,O,IT,2019-01-01,1235.8,,
ESTAT:LFSA_EGAN2(1.0),17/04/26 11:00:00,A,THS_PER,T,Y_GE15,O,LT,2019-01-01,81.0,,
ESTAT:LFSA_EGAN2(1.0),17/04/26 11:00:00,A,THS_PER,T,Y_GE15,O,LU,2019-01-01,29.9,,
ESTAT:LFSA_EGAN2(1.0),17/04/26 11:00:00,A,THS_PER,T,Y_GE15,O,LV,2019-01-01,63.3,,
ESTAT:LFSA_EGAN2(1.0),17/04/26 11:00:00,A,THS_PER,T,Y_GE15,O,ME,2019-01-01,20.3,,
ESTAT:LFSA_EGAN2(1.0),17/04/26 11:00:00,A,THS_PER,T,Y_GE15,O,MK,2019-01-01,53.4,,
ESTAT:LFSA_EGAN2(1.0),17/04/26 11:00:00,A,THS_PER,T,Y_GE15,O,MT,2019-01-01,17.1,,
ESTAT:LFSA_EGAN2(1.0),17/04/26 11:00:00,A,THS_PER,T,Y_GE15,O,NL,2019-01-01,509.1,,
ESTAT:LFSA_EGAN2(1.0),17/04/26 11:00:00,A,THS_PER,T,Y_GE15,O,NO,2019-01-01,166.8,,
ESTAT:LFSA_EGAN2(1.0),17/04/26 11:00:00,A,THS_PER,T,Y_GE15,O,PL,2019-01-01,1084.1,b,
ESTAT:LFSA_EGAN2(1.0),17/04/26 11:00:00,A,THS_PER,T,Y_GE15,O,PT,2019-01-01,310.3,,
ESTAT:LFSA_EGAN2(1.0),17/04/26 11:00:00,A,THS_PER,T,Y_GE15,O,RO,2019-01-01,418.6,,
ESTAT:LFSA_EGAN2(1.0),17/04/26 11:00:00,A,THS_PER,T,Y_GE15,O,RS,2019-01-01,152.4,,
ESTAT:LFSA_EGAN2(1.0),17/04/26 11:00:00,A,THS_PER,T,Y_GE15,O,SE,2019-01-01,366.4,,
ESTAT:LFSA_EGAN2(1.0),17/04/26 11:00:00,A,THS_PER,T,Y_GE15,O,SI,2019-01-01,57.2,,
ESTAT:LFSA_EGAN2(1.0),17/04/26 11:00:00,A,THS_PER,T,Y_GE15,O,SK,2019-01-01,216.8,,
ESTAT:LFSA_EGAN2(1.0),17/04/26 11:00:00,A,THS_PER,T,Y_GE15,O,TR,2019-01-01,1943.0,,
ESTAT:LFSA_EGAN2(1.0),17/04/26 11:00:00,A,THS_PER,T,Y_GE15,O,UK,2019-01-01,2110.8,,
ESTAT:LFSA_EGAN2(1.0),17/04/26 11:00:00,A,THS_PER,T,Y_GE15,P,AT,2019-01-01,298.4,,
ESTAT:LFSA_EGAN2(1.0),17/04/26 11:00:00,A,THS_PER,T,Y_GE15,P,BE,2019-01-01,449.5,,
ESTAT:LFSA_EGAN2(1.0),17/04/26 11:00:00,A,THS_PER,T,Y_GE15,P,BG,2019-01-01,178.6,b,
ESTAT:LFSA_EGAN2(1.0),17/04/26 11:00:00,A,THS_PER,T,Y_GE15,P,CH,2019-01-01,348.1,,
ESTAT:LFSA_EGAN2(1.0),17/04/26 11:00:00,A,THS_PER,T,Y_GE15,P,CY,2019-01-01,31.3,,
ESTAT:LFSA_EGAN2(1.0),17/04/26 11:00:00,A,THS_PER,T,Y_GE15,P,CZ,2019-01-01,350.3,,
ESTAT:LFSA_EGAN2(1.0),17/04/26 11:00:00,A,THS_PER,T,Y_GE15,P,DE,2019-01-01,2882.5,,
ESTAT:LFSA_EGAN2(1.0),17/04/26 11:00:00,A,THS_PER,T,Y_GE15,P,DK,2019-01-01,255.9,,
ESTAT:LFSA_EGAN2(1.0),17/04/26 11:00:00,A,THS_PER,T,Y_GE15,P,EA21,2019-01-01,11256.9,,
ESTAT:LFSA_EGAN2(1.0),17/04/26 11:00:00,A,THS_PER,T,Y_GE15,P,EE,2019-01-01,59.1,,
ESTAT:LFSA_EGAN2(1.0),17/04/26 11:00:00,A,THS_PER,T,Y_GE15,P,EL,2019-01-01,320.9,,
ESTAT:LFSA_EGAN2(1.0),17/04/26 11:00:00,A,THS_PER,T,Y_GE15,P,ES,2019-01-01,1373.6,,
ESTAT:LFSA_EGAN2(1.0),17/04/26 11:00:00,A,THS_PER,T,Y_GE15,P,EU27_2020,2019-01-01,14475.5,,
ESTAT:LFSA_EGAN2(1.0),17/04/26 11:00:00,A,THS_PER,T,Y_GE15,P,FI,2019-01-01,187.3,,
ESTAT:LFSA_EGAN2(1.0),17/04/26 11:00:00,A,THS_PER,T,Y_GE15,P,FR,2019-01-01,2035.1,,
ESTAT:LFSA_EGAN2(1.0),17/04/26 11:00:00,A,THS_PER,T,Y_GE15,P,HR,2019-01-01,123.8,,
ESTAT:LFSA_EGAN2(1.0),17/04/26 11:00:00,A,THS_PER,T,Y_GE15,P,HU,2019-01-01,346.1,,
ESTAT:LFSA_EGAN2(1.0),17/04/26 11:00:00,A,THS_PER,T,Y_GE15,P,IE,2019-01-01,183.6,,
ESTAT:LFSA_EGAN2(1.0),17/04/26 11:00:00,A,THS_PER,T,Y_GE15,P,IS,2019-01-01,25.8,,
ESTAT:LFSA_EGAN2(1.0),17/04/26 11:00:00,A,THS_PER,T,Y_GE15,P,IT,2019-01-01,1580.0,,
ESTAT:LFSA_EGAN2(1.0),17/04/26 11:00:00,A,THS_PER,T,Y_GE15,P,LT,2019-01-01,135.1,,
ESTAT:LFSA_EGAN2(1.0),17/04/26 11:00:00,A,THS_PER,T,Y_GE15,P,LU,2019-01-01,21.9,,
ESTAT:LFSA_EGAN2(1.0),17/04/26 11:00:00,A,THS_PER,T,Y_GE15,P,LV,2019-01-01,83.3,,
ESTAT:LFSA_EGAN2(1.0),17/04/26 11:00:00,A,THS_PER,T,Y_GE15,P,ME,2019-01-01,14.4,,
ESTAT:LFSA_EGAN2(1.0),17/04/26 11:00:00,A,THS_PER,T,Y_GE15,P,MK,2019-01-01,46.2,,
ESTAT:LFSA_EGAN2(1.0),17/04/26 11:00:00,A,THS_PER,T,Y_GE15,P,MT,2019-01-01,22.6,,
ESTAT:LFSA_EGAN2(1.0),17/04/26 11:00:00,A,THS_PER,T,Y_GE15,P,NL,2019-01-01,587.9,,
ESTAT:LFSA_EGAN2(1.0),17/04/26 11:00:00,A,THS_PER,T,Y_GE15,P,NO,2019-01-01,230.2,,
ESTAT:LFSA_EGAN2(1.0),17/04/26 11:00:00,A,THS_PER,T,Y_GE15,P,PL,2019-01-01,1321.2,b,
ESTAT:LFSA_EGAN2(1.0),17/04/26 11:00:00,A,THS_PER,T,Y_GE15,P,PT,2019-01-01,418.2,,
ESTAT:LFSA_EGAN2(1.0),17/04/26 11:00:00,A,THS_PER,T,Y_GE15,P,RO,2019-01-01,359.1,,
ESTAT:LFSA_EGAN2(1.0),17/04/26 11:00:00,A,THS_PER,T,Y_GE15,P,RS,2019-01-01,183.2,,
ESTAT:LFSA_EGAN2(1.0),17/04/26 11:00:00,A,THS_PER,T,Y_GE15,P,SE,2019-01-01,586.1,,
ESTAT:LFSA_EGAN2(1.0),17/04/26 11:00:00,A,THS_PER,T,Y_GE15,P,SI,2019-01-01,84.2,,
ESTAT:LFSA_EGAN2(1.0),17/04/26 11:00:00,A,THS_PER,T,Y_GE15,P,SK,2019-01-01,200.0,,
ESTAT:LFSA_EGAN2(1.0),17/04/26 11:00:00,A,THS_PER,T,Y_GE15,P,TR,2019-01-01,1804.1,,
ESTAT:LFSA_EGAN2(1.0),17/04/26 11:00:00,A,THS_PER,T,Y_GE15,P,UK,2019-01-01,3413.2,,
ESTAT:LFSA_EGAN2(1.0),17/04/26 11:00:00,A,THS_PER,T,Y_GE15,Q,AT,2019-01-01,468.8,,
ESTAT:LFSA_EGAN2(1.0),17/04/26 11:00:00,A,THS_PER,T,Y_GE15,Q,BE,2019-01-01,711.3,,
ESTAT:LFSA_EGAN2(1.0),17/04/26 11:00:00,A,THS_PER,T,Y_GE15,Q,BG,2019-01-01,160.1,b,
ESTAT:LFSA_EGAN2(1.0),17/04/26 11:00:00,A,THS_PER,T,Y_GE15,Q,CH,2019-01-01,681.0,,
ESTAT:LFSA_EGAN2(1.0),17/04/26 11:00:00,A,THS_PER,T,Y_GE15,Q,CY,2019-01-01,21.5,,
ESTAT:LFSA_EGAN2(1.0),17/04/26 11:00:00,A,THS_PER,T,Y_GE15,Q,CZ,2019-01-01,394.9,,
ESTAT:LFSA_EGAN2(1.0),17/04/26 11:00:00,A,THS_PER,T,Y_GE15,Q,DE,2019-01-01,5614.0,,
ESTAT:LFSA_EGAN2(1.0),17/04/26 11:00:00,A,THS_PER,T,Y_GE15,Q,DK,2019-01-01,522.5,,
ESTAT:LFSA_EGAN2(1.0),17/04/26 11:00:00,A,THS_PER,T,Y_GE15,Q,EA21,2019-01-01,17968.0,,
ESTAT:LFSA_EGAN2(1.0),17/04/26 11:00:00,A,THS_PER,T,Y_GE15,Q,EE,2019-01-01,41.4,,
ESTAT:LFSA_EGAN2(1.0),17/04/26 11:00:00,A,THS_PER,T,Y_GE15,Q,EL,2019-01-01,248.4,,
ESTAT:LFSA_EGAN2(1.0),17/04/26 11:00:00,A,THS_PER,T,Y_GE15,Q,ES,2019-01-01,1681.2,,
ESTAT:LFSA_EGAN2(1.0),17/04/26 11:00:00,A,THS_PER,T,Y_GE15,Q,EU27_2020,2019-01-01,21409.9,,
ESTAT:LFSA_EGAN2(1.0),17/04/26 11:00:00,A,THS_PER,T,Y_GE15,Q,FI,2019-01-01,422.5,,
ESTAT:LFSA_EGAN2(1.0),17/04/26 11:00:00,A,THS_PER,T,Y_GE15,Q,FR,2019-01-01,3958.2,,
ESTAT:LFSA_EGAN2(1.0),17/04/26 11:00:00,A,THS_PER,T,Y_GE15,Q,HR,2019-01-01,120.6,,
ESTAT:LFSA_EGAN2(1.0),17/04/26 11:00:00,A,THS_PER,T,Y_GE15,Q,HU,2019-01-01,320.6,,
ESTAT:LFSA_EGAN2(1.0),17/04/26 11:00:00,A,THS_PER,T,Y_GE15,Q,IE,2019-01-01,290.0,,
ESTAT:LFSA_EGAN2(1.0),17/04/26 11:00:00,A,THS_PER,T,Y_GE15,Q,IS,2019-01-01,23.4,,
ESTAT:LFSA_EGAN2(1.0),17/04/26 11:00:00,A,THS_PER,T,Y_GE15,Q,IT,2019-01-01,1909.8,,
ESTAT:LFSA_EGAN2(1.0),17/04/26 11:00:00,A,THS_PER,T,Y_GE15,Q,LT,2019-01-01,99.4,,
ESTAT:LFSA_EGAN2(1.0),17/04/26 11:00:00,A,THS_PER,T,Y_GE15,Q,LU,2019-01-01,31.3,,
ESTAT:LFSA_EGAN2(1.0),17/04/26 11:00:00,A,THS_PER,T,Y_GE15,Q,LV,2019-01-01,58.0,,
ESTAT:LFSA_EGAN2(1.0),17/04/26 11:00:00,A,THS_PER,T,Y_GE15,Q,ME,2019-01-01,12.4,,
ESTAT:LFSA_EGAN2(1.0),17/04/26 11:00:00,A,THS_PER,T,Y_GE15,Q,MK,2019-01-01,45.3,,
ESTAT:LFSA_EGAN2(1.0),17/04/26 11:00:00,A,THS_PER,T,Y_GE15,Q,MT,2019-01-01,23.8,,
ESTAT:LFSA_EGAN2(1.0),17/04/26 11:00:00,A,THS_PER,T,Y_GE15,Q,NL,2019-01-01,1366.9,,
ESTAT:LFSA_EGAN2(1.0),17/04/26 11:00:00,A,THS_PER,T,Y_GE15,Q,NO,2019-01-01,563.8,,
ESTAT:LFSA_EGAN2(1.0),17/04/26 11:00:00,A,THS_PER,T,Y_GE15,Q,PL,2019-01-01,1014.1,b,
ESTAT:LFSA_EGAN2(1.0),17/04/26 11:00:00,A,THS_PER,T,Y_GE15,Q,PT,2019-01-01,472.7,,
ESTAT:LFSA_EGAN2(1.0),17/04/26 11:00:00,A,THS_PER,T,Y_GE15,Q,RO,2019-01-01,427.4,,
ESTAT:LFSA_EGAN2(1.0),17/04/26 11:00:00,A,THS_PER,T,Y_GE15,Q,RS,2019-01-01,158.8,,
ESTAT:LFSA_EGAN2(1.0),17/04/26 11:00:00,A,THS_PER,T,Y_GE15,Q,SE,2019-01-01,762.5,,
ESTAT:LFSA_EGAN2(1.0),17/04/26 11:00:00,A,THS_PER,T,Y_GE15,Q,SI,2019-01-01,69.9,,
ESTAT:LFSA_EGAN2(1.0),17/04/26 11:00:00,A,THS_PER,T,Y_GE15,Q,SK,2019-01-01,198.1,,
ESTAT:LFSA_EGAN2(1.0),17/04/26 11:00:00,A,THS_PER,T,Y_GE15,Q,TR,2019-01-01,1491.0,,
ESTAT:LFSA_EGAN2(1.0),17/04/26 11:00:00,A,THS_PER,T,Y_GE15,Q,UK,2019-01-01,4401.1,,
ESTAT:LFSA_EGAN2(1.0),17/04/26 11:00:00,A,THS_PER,T,Y_GE15,TOTAL,AT,2019-01-01,4354.6,,
ESTAT:LFSA_EGAN2(1.0),17/04/26 11:00:00,A,THS_PER,T,Y_GE15,TOTAL,BE,2019-01-01,4832.0,,
ESTAT:LFSA_EGAN2(1.0),17/04/26 11:00:00,A,THS_PER,T,Y_GE15,TOTAL,BG,2019-01-01,3044.2,b,
ESTAT:LFSA_EGAN2(1.0),17/04/26 11:00:00,A,THS_PER,T,Y_GE15,TOTAL,CH,2019-01-01,4705.8,,
ESTAT:LFSA_EGAN2(1.0),17/04/26 11:00:00,A,THS_PER,T,Y_GE15,TOTAL,CY,2019-01-01,424.6,,
ESTAT:LFSA_EGAN2(1.0),17/04/26 11:00:00,A,THS_PER,T,Y_GE15,TOTAL,CZ,2019-01-01,5302.9,,
ESTAT:LFSA_EGAN2(1.0),17/04/26 11:00:00,A,THS_PER,T,Y_GE15,TOTAL,DE,2019-01-01,42398.5,,
ESTAT:LFSA_EGAN2(1.0),17/04/26 11:00:00,A,THS_PER,T,Y_GE15,TOTAL,DK,2019-01-01,2877.7,,
ESTAT:LFSA_EGAN2(1.0),17/04/26 11:00:00,A,THS_PER,T,Y_GE15,TOTAL,EA21,2019-01-01,156462.6,,
ESTAT:LFSA_EGAN2(1.0),17/04/26 11:00:00,A,THS_PER,T,Y_GE15,TOTAL,EE,2019-01-01,662.2,,
ESTAT:LFSA_EGAN2(1.0),17/04/26 11:00:00,A,THS_PER,T,Y_GE15,TOTAL,EL,2019-01-01,3911.0,,
ESTAT:LFSA_EGAN2(1.0),17/04/26 11:00:00,A,THS_PER,T,Y_GE15,TOTAL,ES,2019-01-01,19779.1,,
ESTAT:LFSA_EGAN2(1.0),17/04/26 11:00:00,A,THS_PER,T,Y_GE15,TOTAL,EU27_2020,2019-01-01,199871.9,,
ESTAT:LFSA_EGAN2(1.0),17/04/26 11:00:00,A,THS_PER,T,Y_GE15,TOTAL,FI,2019-01-01,2565.6,,
ESTAT:LFSA_EGAN2(1.0),17/04/26 11:00:00,A,THS_PER,T,Y_GE15,TOTAL,FR,2019-01-01,27132.2,,
ESTAT:LFSA_EGAN2(1.0),17/04/26 11:00:00,A,THS_PER,T,Y_GE15,TOTAL,HR,2019-01-01,1588.4,,
ESTAT:LFSA_EGAN2(1.0),17/04/26 11:00:00,A,THS_PER,T,Y_GE15,TOTAL,HU,2019-01-01,4495.0,,
ESTAT:LFSA_EGAN2(1.0),17/04/26 11:00:00,A,THS_PER,T,Y_GE15,TOTAL,IE,2019-01-01,2322.3,,
ESTAT:LFSA_EGAN2(1.0),17/04/26 11:00:00,A,THS_PER,T,Y_GE15,TOTAL,IS,2019-01-01,201.0,,
ESTAT:LFSA_EGAN2(1.0),17/04/26 11:00:00,A,THS_PER,T,Y_GE15,TOTAL,IT,2019-01-01,23136.3,,
ESTAT:LFSA_EGAN2(1.0),17/04/26 11:00:00,A,THS_PER,T,Y_GE15,TOTAL,LT,2019-01-01,1378.4,,
ESTAT:LFSA_EGAN2(1.0),17/04/26 11:00:00,A,THS_PER,T,Y_GE15,TOTAL,LU,2019-01-01,289.1,,
ESTAT:LFSA_EGAN2(1.0),17/04/26 11:00:00,A,THS_PER,T,Y_GE15,TOTAL,LV,2019-01-01,910.0,,
ESTAT:LFSA_EGAN2(1.0),17/04/26 11:00:00,A,THS_PER,T,Y_GE15,TOTAL,ME,2019-01-01,243.8,,
ESTAT:LFSA_EGAN2(1.0),17/04/26 11:00:00,A,THS_PER,T,Y_GE15,TOTAL,MK,2019-01-01,797.6,,
ESTAT:LFSA_EGAN2(1.0),17/04/26 11:00:00,A,THS_PER,T,Y_GE15,TOTAL,MT,2019-01-01,252.0,,
ESTAT:LFSA_EGAN2(1.0),17/04/26 11:00:00,A,THS_PER,T,Y_GE15,TOTAL,NL,2019-01-01,8981.9,,
ESTAT:LFSA_EGAN2(1.0),17/04/26 11:00:00,A,THS_PER,T,Y_GE15,TOTAL,NO,2019-01-01,2715.5,,
ESTAT:LFSA_EGAN2(1.0),17/04/26 11:00:00,A,THS_PER,T,Y_GE15,TOTAL,PL,2019-01-01,16921.8,b,
ESTAT:LFSA_EGAN2(1.0),17/04/26 11:00:00,A,THS_PER,T,Y_GE15,TOTAL,PT,2019-01-01,4933.8,,
ESTAT:LFSA_EGAN2(1.0),17/04/26 11:00:00,A,THS_PER,T,Y_GE15,TOTAL,RO,2019-01-01,8680.3,,
ESTAT:LFSA_EGAN2(1.0),17/04/26 11:00:00,A,THS_PER,T,Y_GE15,TOTAL,RS,2019-01-01,2900.3,,
ESTAT:LFSA_EGAN2(1.0),17/04/26 11:00:00,A,THS_PER,T,Y_GE15,TOTAL,SE,2019-01-01,5131.6,,
ESTAT:LFSA_EGAN2(1.0),17/04/26 11:00:00,A,THS_PER,T,Y_GE15,TOTAL,SI,2019-01-01,982.5,,
ESTAT:LFSA_EGAN2(1.0),17/04/26 11:00:00,A,THS_PER,T,Y_GE15,TOTAL,SK,2019-01-01,2583.6,,
ESTAT:LFSA_EGAN2(1.0),17/04/26 11:00:00,A,THS_PER,T,Y_GE15,TOTAL,TR,2019-01-01,28078.9,,
ESTAT:LFSA_EGAN2(1.0),17/04/26 11:00:00,A,THS_PER,T,Y_GE15,TOTAL,UK,2019-01-01,32693.1,,
ESTAT:LFSA_EGAN2(1.0),17/04/26 11:00:00,A,THS_PER,T,Y_GE15,A,AT,2020-01-01,167.9,,
ESTAT:LFSA_EGAN2(1.0),17/04/26 11:00:00,A,THS_PER,T,Y_GE15,A,BE,2020-01-01,44.0,,
ESTAT:LFSA_EGAN2(1.0),17/04/26 11:00:00,A,THS_PER,T,Y_GE15,A,BG,2020-01-01,190.4,,
ESTAT:LFSA_EGAN2(1.0),17/04/26 11:00:00,A,THS_PER,T,Y_GE15,A,CH,2020-01-01,118.4,,
ESTAT:LFSA_EGAN2(1.0),17/04/26 11:00:00,A,THS_PER,T,Y_GE15,A,CY,2020-01-01,12.7,,
ESTAT:LFSA_EGAN2(1.0),17/04/26 11:00:00,A,THS_PER,T,Y_GE15,A,CZ,2020-01-01,136.6,,
ESTAT:LFSA_EGAN2(1.0),17/04/26 11:00:00,A,THS_PER,T,Y_GE15,A,DE,2020-01-01,504.1,b,
ESTAT:LFSA_EGAN2(1.0),17/04/26 11:00:00,A,THS_PER,T,Y_GE15,A,DK,2020-01-01,59.8,,
ESTAT:LFSA_EGAN2(1.0),17/04/26 11:00:00,A,THS_PER,T,Y_GE15,A,EA21,2020-01-01,4629.4,,
ESTAT:LFSA_EGAN2(1.0),17/04/26 11:00:00,A,THS_PER,T,Y_GE15,A,EE,2020-01-01,19.9,,
ESTAT:LFSA_EGAN2(1.0),17/04/26 11:00:00,A,THS_PER,T,Y_GE15,A,EL,2020-01-01,412.0,,
ESTAT:LFSA_EGAN2(1.0),17/04/26 11:00:00,A,THS_PER,T,Y_GE15,A,ES,2020-01-01,765.3,,
ESTAT:LFSA_EGAN2(1.0),17/04/26 11:00:00,A,THS_PER,T,Y_GE15,A,EU27_2020,2020-01-01,8438.4,,
ESTAT:LFSA_EGAN2(1.0),17/04/26 11:00:00,A,THS_PER,T,Y_GE15,A,FI,2020-01-01,92.2,,
ESTAT:LFSA_EGAN2(1.0),17/04/26 11:00:00,A,THS_PER,T,Y_GE15,A,FR,2020-01-01,625.7,,
ESTAT:LFSA_EGAN2(1.0),17/04/26 11:00:00,A,THS_PER,T,Y_GE15,A,HR,2020-01-01,97.4,,
ESTAT:LFSA_EGAN2(1.0),17/04/26 11:00:00,A,THS_PER,T,Y_GE15,A,HU,2020-01-01,210.1,,
ESTAT:LFSA_EGAN2(1.0),17/04/26 11:00:00,A,THS_PER,T,Y_GE15,A,IE,2020-01-01,102.6,,
ESTAT:LFSA_EGAN2(1.0),17/04/26 11:00:00,A,THS_PER,T,Y_GE15,A,IS,2020-01-01,7.9,b,
ESTAT:LFSA_EGAN2(1.0),17/04/26 11:00:00,A,THS_PER,T,Y_GE15,A,IT,2020-01-01,907.3,,
ESTAT:LFSA_EGAN2(1.0),17/04/26 11:00:00,A,THS_PER,T,Y_GE15,A,LT,2020-01-01,77.3,,
ESTAT:LFSA_EGAN2(1.0),17/04/26 11:00:00,A,THS_PER,T,Y_GE15,A,LU,2020-01-01,2.1,,
ESTAT:LFSA_EGAN2(1.0),17/04/26 11:00:00,A,THS_PER,T,Y_GE15,A,LV,2020-01-01,64.3,,
ESTAT:LFSA_EGAN2(1.0),17/04/26 11:00:00,A,THS_PER,T,Y_GE15,A,ME,2020-01-01,16.5,,
ESTAT:LFSA_EGAN2(1.0),17/04/26 11:00:00,A,THS_PER,T,Y_GE15,A,MK,2020-01-01,95.5,,
ESTAT:LFSA_EGAN2(1.0),17/04/26 11:00:00,A,THS_PER,T,Y_GE15,A,MT,2020-01-01,3.0,,
ESTAT:LFSA_EGAN2(1.0),17/04/26 11:00:00,A,THS_PER,T,Y_GE15,A,NL,2020-01-01,166.3,,
ESTAT:LFSA_EGAN2(1.0),17/04/26 11:00:00,A,THS_PER,T,Y_GE15,A,NO,2020-01-01,57.1,,
ESTAT:LFSA_EGAN2(1.0),17/04/26 11:00:00,A,THS_PER,T,Y_GE15,A,PL,2020-01-01,1568.3,,
ESTAT:LFSA_EGAN2(1.0),17/04/26 11:00:00,A,THS_PER,T,Y_GE15,A,PT,2020-01-01,269.7,,
ESTAT:LFSA_EGAN2(1.0),17/04/26 11:00:00,A,THS_PER,T,Y_GE15,A,RO,2020-01-01,1747.3,,
ESTAT:LFSA_EGAN2(1.0),17/04/26 11:00:00,A,THS_PER,T,Y_GE15,A,RS,2020-01-01,421.3,,
ESTAT:LFSA_EGAN2(1.0),17/04/26 11:00:00,A,THS_PER,T,Y_GE15,A,SE,2020-01-01,86.9,,
ESTAT:LFSA_EGAN2(1.0),17/04/26 11:00:00,A,THS_PER,T,Y_GE15,A,SI,2020-01-01,39.8,,
ESTAT:LFSA_EGAN2(1.0),17/04/26 11:00:00,A,THS_PER,T,Y_GE15,A,SK,2020-01-01,65.3,,
ESTAT:LFSA_EGAN2(1.0),17/04/26 11:00:00,A,THS_PER,T,Y_GE15,A,TR,2020-01-01,4705.2,,
ESTAT:LFSA_EGAN2(1.0),17/04/26 11:00:00,A,THS_PER,T,Y_GE15,C,AT,2020-01-01,671.1,,
ESTAT:LFSA_EGAN2(1.0),17/04/26 11:00:00,A,THS_PER,T,Y_GE15,C,BE,2020-01-01,591.0,,
ESTAT:LFSA_EGAN2(1.0),17/04/26 11:00:00,A,THS_PER,T,Y_GE15,C,BG,2020-01-01,542.6,,
ESTAT:LFSA_EGAN2(1.0),17/04/26 11:00:00,A,THS_PER,T,Y_GE15,C,CH,2020-01-01,578.3,,
ESTAT:LFSA_EGAN2(1.0),17/04/26 11:00:00,A,THS_PER,T,Y_GE15,C,CY,2020-01-01,32.6,,
ESTAT:LFSA_EGAN2(1.0),17/04/26 11:00:00,A,THS_PER,T,Y_GE15,C,CZ,2020-01-01,1398.8,,
ESTAT:LFSA_EGAN2(1.0),17/04/26 11:00:00,A,THS_PER,T,Y_GE15,C,DE,2020-01-01,8263.2,b,
ESTAT:LFSA_EGAN2(1.0),17/04/26 11:00:00,A,THS_PER,T,Y_GE15,C,DK,2020-01-01,321.3,,
ESTAT:LFSA_EGAN2(1.0),17/04/26 11:00:00,A,THS_PER,T,Y_GE15,C,EA21,2020-01-01,24109.5,,
ESTAT:LFSA_EGAN2(1.0),17/04/26 11:00:00,A,THS_PER,T,Y_GE15,C,EE,2020-01-01,119.3,,
ESTAT:LFSA_EGAN2(1.0),17/04/26 11:00:00,A,THS_PER,T,Y_GE15,C,EL,2020-01-01,371.1,,
ESTAT:LFSA_EGAN2(1.0),17/04/26 11:00:00,A,THS_PER,T,Y_GE15,C,ES,2020-01-01,2431.2,,
ESTAT:LFSA_EGAN2(1.0),17/04/26 11:00:00,A,THS_PER,T,Y_GE15,C,EU27_2020,2020-01-01,32186.2,,
ESTAT:LFSA_EGAN2(1.0),17/04/26 11:00:00,A,THS_PER,T,Y_GE15,C,FI,2020-01-01,329.4,,
ESTAT:LFSA_EGAN2(1.0),17/04/26 11:00:00,A,THS_PER,T,Y_GE15,C,FR,2020-01-01,3098.7,,
ESTAT:LFSA_EGAN2(1.0),17/04/26 11:00:00,A,THS_PER,T,Y_GE15,C,HR,2020-01-01,274.9,,
ESTAT:LFSA_EGAN2(1.0),17/04/26 11:00:00,A,THS_PER,T,Y_GE15,C,HU,2020-01-01,956.0,,
ESTAT:LFSA_EGAN2(1.0),17/04/26 11:00:00,A,THS_PER,T,Y_GE15,C,IE,2020-01-01,262.7,,
ESTAT:LFSA_EGAN2(1.0),17/04/26 11:00:00,A,THS_PER,T,Y_GE15,C,IS,2020-01-01,18.7,b,
ESTAT:LFSA_EGAN2(1.0),17/04/26 11:00:00,A,THS_PER,T,Y_GE15,C,IT,2020-01-01,4245.0,,
ESTAT:LFSA_EGAN2(1.0),17/04/26 11:00:00,A,THS_PER,T,Y_GE15,C,LT,2020-01-01,214.7,,
ESTAT:LFSA_EGAN2(1.0),17/04/26 11:00:00,A,THS_PER,T,Y_GE15,C,LU,2020-01-01,11.0,,
ESTAT:LFSA_EGAN2(1.0),17/04/26 11:00:00,A,THS_PER,T,Y_GE15,C,LV,2020-01-01,114.5,,
ESTAT:LFSA_EGAN2(1.0),17/04/26 11:00:00,A,THS_PER,T,Y_GE15,C,ME,2020-01-01,13.4,,
ESTAT:LFSA_EGAN2(1.0),17/04/26 11:00:00,A,THS_PER,T,Y_GE15,C,MK,2020-01-01,158.1,,
ESTAT:LFSA_EGAN2(1.0),17/04/26 11:00:00,A,THS_PER,T,Y_GE15,C,MT,2020-01-01,28.9,,
ESTAT:LFSA_EGAN2(1.0),17/04/26 11:00:00,A,THS_PER,T,Y_GE15,C,NL,2020-01-01,805.6,,
ESTAT:LFSA_EGAN2(1.0),17/04/26 11:00:00,A,THS_PER,T,Y_GE15,C,NO,2020-01-01,207.5,,
ESTAT:LFSA_EGAN2(1.0),17/04/26 11:00:00,A,THS_PER,T,Y_GE15,C,PL,2020-01-01,3360.8,,
ESTAT:LFSA_EGAN2(1.0),17/04/26 11:00:00,A,THS_PER,T,Y_GE15,C,PT,2020-01-01,821.2,,
ESTAT:LFSA_EGAN2(1.0),17/04/26 11:00:00,A,THS_PER,T,Y_GE15,C,RO,2020-01-01,1539.2,,
ESTAT:LFSA_EGAN2(1.0),17/04/26 11:00:00,A,THS_PER,T,Y_GE15,C,RS,2020-01-01,542.0,,
ESTAT:LFSA_EGAN2(1.0),17/04/26 11:00:00,A,THS_PER,T,Y_GE15,C,SE,2020-01-01,500.5,,
ESTAT:LFSA_EGAN2(1.0),17/04/26 11:00:00,A,THS_PER,T,Y_GE15,C,SI,2020-01-01,246.9,,
ESTAT:LFSA_EGAN2(1.0),17/04/26 11:00:00,A,THS_PER,T,Y_GE15,C,SK,2020-01-01,633.9,,
ESTAT:LFSA_EGAN2(1.0),17/04/26 11:00:00,A,THS_PER,T,Y_GE15,C,TR,2020-01-01,5071.1,,
ESTAT:LFSA_EGAN2(1.0),17/04/26 11:00:00,A,THS_PER,T,Y_GE15,F,AT,2020-01-01,348.3,,
ESTAT:LFSA_EGAN2(1.0),17/04/26 11:00:00,A,THS_PER,T,Y_GE15,F,BE,2020-01-01,320.7,,
ESTAT:LFSA_EGAN2(1.0),17/04/26 11:00:00,A,THS_PER,T,Y_GE15,F,BG,2020-01-01,232.0,,
ESTAT:LFSA_EGAN2(1.0),17/04/26 11:00:00,A,THS_PER,T,Y_GE15,F,CH,2020-01-01,304.8,,
ESTAT:LFSA_EGAN2(1.0),17/04/26 11:00:00,A,THS_PER,T,Y_GE15,F,CY,2020-01-01,45.0,,
ESTAT:LFSA_EGAN2(1.0),17/04/26 11:00:00,A,THS_PER,T,Y_GE15,F,CZ,2020-01-01,395.5,,
ESTAT:LFSA_EGAN2(1.0),17/04/26 11:00:00,A,THS_PER,T,Y_GE15,F,DE,2020-01-01,2337.3,b,
ESTAT:LFSA_EGAN2(1.0),17/04/26 11:00:00,A,THS_PER,T,Y_GE15,F,DK,2020-01-01,177.9,,
ESTAT:LFSA_EGAN2(1.0),17/04/26 11:00:00,A,THS_PER,T,Y_GE15,F,EA21,2020-01-01,9504.7,,
ESTAT:LFSA_EGAN2(1.0),17/04/26 11:00:00,A,THS_PER,T,Y_GE15,F,EE,2020-01-01,60.6,,
ESTAT:LFSA_EGAN2(1.0),17/04/26 11:00:00,A,THS_PER,T,Y_GE15,F,EL,2020-01-01,140.7,,
ESTAT:LFSA_EGAN2(1.0),17/04/26 11:00:00,A,THS_PER,T,Y_GE15,F,ES,2020-01-01,1244.1,,
ESTAT:LFSA_EGAN2(1.0),17/04/26 11:00:00,A,THS_PER,T,Y_GE15,F,EU27_2020,2020-01-01,12894.3,,
ESTAT:LFSA_EGAN2(1.0),17/04/26 11:00:00,A,THS_PER,T,Y_GE15,F,FI,2020-01-01,188.1,,
ESTAT:LFSA_EGAN2(1.0),17/04/26 11:00:00,A,THS_PER,T,Y_GE15,F,FR,2020-01-01,1797.4,,
ESTAT:LFSA_EGAN2(1.0),17/04/26 11:00:00,A,THS_PER,T,Y_GE15,F,HR,2020-01-01,112.2,,
ESTAT:LFSA_EGAN2(1.0),17/04/26 11:00:00,A,THS_PER,T,Y_GE15,F,HU,2020-01-01,360.2,,
ESTAT:LFSA_EGAN2(1.0),17/04/26 11:00:00,A,THS_PER,T,Y_GE15,F,IE,2020-01-01,137.2,,
ESTAT:LFSA_EGAN2(1.0),17/04/26 11:00:00,A,THS_PER,T,Y_GE15,F,IS,2020-01-01,13.1,b,
ESTAT:LFSA_EGAN2(1.0),17/04/26 11:00:00,A,THS_PER,T,Y_GE15,F,IT,2020-01-01,1341.5,,
ESTAT:LFSA_EGAN2(1.0),17/04/26 11:00:00,A,THS_PER,T,Y_GE15,F,LT,2020-01-01,99.7,,
ESTAT:LFSA_EGAN2(1.0),17/04/26 11:00:00,A,THS_PER,T,Y_GE15,F,LU,2020-01-01,15.7,,
ESTAT:LFSA_EGAN2(1.0),17/04/26 11:00:00,A,THS_PER,T,Y_GE15,F,LV,2020-01-01,76.5,,
ESTAT:LFSA_EGAN2(1.0),17/04/26 11:00:00,A,THS_PER,T,Y_GE15,F,ME,2020-01-01,18.3,,
ESTAT:LFSA_EGAN2(1.0),17/04/26 11:00:00,A,THS_PER,T,Y_GE15,F,MK,2020-01-01,55.2,,
ESTAT:LFSA_EGAN2(1.0),17/04/26 11:00:00,A,THS_PER,T,Y_GE15,F,MT,2020-01-01,15.5,,
ESTAT:LFSA_EGAN2(1.0),17/04/26 11:00:00,A,THS_PER,T,Y_GE15,F,NL,2020-01-01,407.0,,
ESTAT:LFSA_EGAN2(1.0),17/04/26 11:00:00,A,THS_PER,T,Y_GE15,F,NO,2020-01-01,225.5,,
ESTAT:LFSA_EGAN2(1.0),17/04/26 11:00:00,A,THS_PER,T,Y_GE15,F,PL,2020-01-01,1366.6,,
ESTAT:LFSA_EGAN2(1.0),17/04/26 11:00:00,A,THS_PER,T,Y_GE15,F,PT,2020-01-01,296.7,,
ESTAT:LFSA_EGAN2(1.0),17/04/26 11:00:00,A,THS_PER,T,Y_GE15,F,RO,2020-01-01,736.6,,
ESTAT:LFSA_EGAN2(1.0),17/04/26 11:00:00,A,THS_PER,T,Y_GE15,F,RS,2020-01-01,155.4,,
ESTAT:LFSA_EGAN2(1.0),17/04/26 11:00:00,A,THS_PER,T,Y_GE15,F,SE,2020-01-01,352.7,,
ESTAT:LFSA_EGAN2(1.0),17/04/26 11:00:00,A,THS_PER,T,Y_GE15,F,SI,2020-01-01,59.5,,
ESTAT:LFSA_EGAN2(1.0),17/04/26 11:00:00,A,THS_PER,T,Y_GE15,F,SK,2020-01-01,229.1,,
ESTAT:LFSA_EGAN2(1.0),17/04/26 11:00:00,A,THS_PER,T,Y_GE15,F,TR,2020-01-01,1536.3,,
ESTAT:LFSA_EGAN2(1.0),17/04/26 11:00:00,A,THS_PER,T,Y_GE15,G,AT,2020-01-01,619.3,,
ESTAT:LFSA_EGAN2(1.0),17/04/26 11:00:00,A,THS_PER,T,Y_GE15,G,BE,2020-01-01,594.1,,
ESTAT:LFSA_EGAN2(1.0),17/04/26 11:00:00,A,THS_PER,T,Y_GE15,G,BG,2020-01-01,492.2,,
ESTAT:LFSA_EGAN2(1.0),17/04/26 11:00:00,A,THS_PER,T,Y_GE15,G,CH,2020-01-01,544.2,,
ESTAT:LFSA_EGAN2(1.0),17/04/26 11:00:00,A,THS_PER,T,Y_GE15,G,CY,2020-01-01,70.4,,
ESTAT:LFSA_EGAN2(1.0),17/04/26 11:00:00,A,THS_PER,T,Y_GE15,G,CZ,2020-01-01,582.9,,
ESTAT:LFSA_EGAN2(1.0),17/04/26 11:00:00,A,THS_PER,T,Y_GE15,G,DE,2020-01-01,5254.6,b,
ESTAT:LFSA_EGAN2(1.0),17/04/26 11:00:00,A,THS_PER,T,Y_GE15,G,DK,2020-01-01,423.5,,
ESTAT:LFSA_EGAN2(1.0),17/04/26 11:00:00,A,THS_PER,T,Y_GE15,G,EA21,2020-01-01,20892.3,,
ESTAT:LFSA_EGAN2(1.0),17/04/26 11:00:00,A,THS_PER,T,Y_GE15,G,EE,2020-01-01,82.6,,
ESTAT:LFSA_EGAN2(1.0),17/04/26 11:00:00,A,THS_PER,T,Y_GE15,G,EL,2020-01-01,713.7,,
ESTAT:LFSA_EGAN2(1.0),17/04/26 11:00:00,A,THS_PER,T,Y_GE15,G,ES,2020-01-01,2988.5,,
ESTAT:LFSA_EGAN2(1.0),17/04/26 11:00:00,A,THS_PER,T,Y_GE15,G,EU27_2020,2020-01-01,26626.1,,
ESTAT:LFSA_EGAN2(1.0),17/04/26 11:00:00,A,THS_PER,T,Y_GE15,G,FI,2020-01-01,270.2,,
ESTAT:LFSA_EGAN2(1.0),17/04/26 11:00:00,A,THS_PER,T,Y_GE15,G,FR,2020-01-01,3396.6,,
ESTAT:LFSA_EGAN2(1.0),17/04/26 11:00:00,A,THS_PER,T,Y_GE15,G,HR,2020-01-01,220.1,,
ESTAT:LFSA_EGAN2(1.0),17/04/26 11:00:00,A,THS_PER,T,Y_GE15,G,HU,2020-01-01,564.6,,
ESTAT:LFSA_EGAN2(1.0),17/04/26 11:00:00,A,THS_PER,T,Y_GE15,G,IE,2020-01-01,303.9,,
ESTAT:LFSA_EGAN2(1.0),17/04/26 11:00:00,A,THS_PER,T,Y_GE15,G,IS,2020-01-01,23.1,b,
ESTAT:LFSA_EGAN2(1.0),17/04/26 11:00:00,A,THS_PER,T,Y_GE15,G,IT,2020-01-01,3154.9,,
ESTAT:LFSA_EGAN2(1.0),17/04/26 11:00:00,A,THS_PER,T,Y_GE15,G,LT,2020-01-01,218.9,,
ESTAT:LFSA_EGAN2(1.0),17/04/26 11:00:00,A,THS_PER,T,Y_GE15,G,LU,2020-01-01,23.8,,
ESTAT:LFSA_EGAN2(1.0),17/04/26 11:00:00,A,THS_PER,T,Y_GE15,G,LV,2020-01-01,130.6,,
ESTAT:LFSA_EGAN2(1.0),17/04/26 11:00:00,A,THS_PER,T,Y_GE15,G,ME,2020-01-01,41.9,,
ESTAT:LFSA_EGAN2(1.0),17/04/26 11:00:00,A,THS_PER,T,Y_GE15,G,MK,2020-01-01,117.0,,
ESTAT:LFSA_EGAN2(1.0),17/04/26 11:00:00,A,THS_PER,T,Y_GE15,G,MT,2020-01-01,33.5,,
ESTAT:LFSA_EGAN2(1.0),17/04/26 11:00:00,A,THS_PER,T,Y_GE15,G,NL,2020-01-01,1228.0,,
ESTAT:LFSA_EGAN2(1.0),17/04/26 11:00:00,A,THS_PER,T,Y_GE15,G,NO,2020-01-01,349.4,,
ESTAT:LFSA_EGAN2(1.0),17/04/26 11:00:00,A,THS_PER,T,Y_GE15,G,PL,2020-01-01,2291.0,,
ESTAT:LFSA_EGAN2(1.0),17/04/26 11:00:00,A,THS_PER,T,Y_GE15,G,PT,2020-01-01,672.4,,
ESTAT:LFSA_EGAN2(1.0),17/04/26 11:00:00,A,THS_PER,T,Y_GE15,G,RO,2020-01-01,1309.5,,
ESTAT:LFSA_EGAN2(1.0),17/04/26 11:00:00,A,THS_PER,T,Y_GE15,G,RS,2020-01-01,393.5,,
ESTAT:LFSA_EGAN2(1.0),17/04/26 11:00:00,A,THS_PER,T,Y_GE15,G,SE,2020-01-01,562.3,,
ESTAT:LFSA_EGAN2(1.0),17/04/26 11:00:00,A,THS_PER,T,Y_GE15,G,SI,2020-01-01,116.8,,
ESTAT:LFSA_EGAN2(1.0),17/04/26 11:00:00,A,THS_PER,T,Y_GE15,G,SK,2020-01-01,307.2,,
ESTAT:LFSA_EGAN2(1.0),17/04/26 11:00:00,A,THS_PER,T,Y_GE15,G,TR,2020-01-01,3723.9,,
ESTAT:LFSA_EGAN2(1.0),17/04/26 11:00:00,A,THS_PER,T,Y_GE15,H,AT,2020-01-01,218.6,,
ESTAT:LFSA_EGAN2(1.0),17/04/26 11:00:00,A,THS_PER,T,Y_GE15,H,BE,2020-01-01,257.4,,
ESTAT:LFSA_EGAN2(1.0),17/04/26 11:00:00,A,THS_PER,T,Y_GE15,H,BG,2020-01-01,193.1,,
ESTAT:LFSA_EGAN2(1.0),17/04/26 11:00:00,A,THS_PER,T,Y_GE15,H,CH,2020-01-01,207.4,,
ESTAT:LFSA_EGAN2(1.0),17/04/26 11:00:00,A,THS_PER,T,Y_GE15,H,CY,2020-01-01,18.1,,
ESTAT:LFSA_EGAN2(1.0),17/04/26 11:00:00,A,THS_PER,T,Y_GE15,H,CZ,2020-01-01,326.4,,
ESTAT:LFSA_EGAN2(1.0),17/04/26 11:00:00,A,THS_PER,T,Y_GE15,H,DE,2020-01-01,1912.9,b,
ESTAT:LFSA_EGAN2(1.0),17/04/26 11:00:00,A,THS_PER,T,Y_GE15,H,DK,2020-01-01,126.3,,
ESTAT:LFSA_EGAN2(1.0),17/04/26 11:00:00,A,THS_PER,T,Y_GE15,H,EA21,2020-01-01,7670.8,,
ESTAT:LFSA_EGAN2(1.0),17/04/26 11:00:00,A,THS_PER,T,Y_GE15,H,EE,2020-01-01,45.1,,
ESTAT:LFSA_EGAN2(1.0),17/04/26 11:00:00,A,THS_PER,T,Y_GE15,H,EL,2020-01-01,208.5,,
ESTAT:LFSA_EGAN2(1.0),17/04/26 11:00:00,A,THS_PER,T,Y_GE15,H,ES,2020-01-01,992.1,,
ESTAT:LFSA_EGAN2(1.0),17/04/26 11:00:00,A,THS_PER,T,Y_GE15,H,EU27_2020,2020-01-01,10269.8,,
ESTAT:LFSA_EGAN2(1.0),17/04/26 11:00:00,A,THS_PER,T,Y_GE15,H,FI,2020-01-01,133.8,,
ESTAT:LFSA_EGAN2(1.0),17/04/26 11:00:00,A,THS_PER,T,Y_GE15,H,FR,2020-01-01,1385.0,,
ESTAT:LFSA_EGAN2(1.0),17/04/26 11:00:00,A,THS_PER,T,Y_GE15,H,HR,2020-01-01,98.0,,
ESTAT:LFSA_EGAN2(1.0),17/04/26 11:00:00,A,THS_PER,T,Y_GE15,H,HU,2020-01-01,276.9,,
ESTAT:LFSA_EGAN2(1.0),17/04/26 11:00:00,A,THS_PER,T,Y_GE15,H,IE,2020-01-01,102.1,,
ESTAT:LFSA_EGAN2(1.0),17/04/26 11:00:00,A,THS_PER,T,Y_GE15,H,IS,2020-01-01,10.2,b,
ESTAT:LFSA_EGAN2(1.0),17/04/26 11:00:00,A,THS_PER,T,Y_GE15,H,IT,2020-01-01,1114.2,,
ESTAT:LFSA_EGAN2(1.0),17/04/26 11:00:00,A,THS_PER,T,Y_GE15,H,LT,2020-01-01,103.2,,
ESTAT:LFSA_EGAN2(1.0),17/04/26 11:00:00,A,THS_PER,T,Y_GE15,H,LU,2020-01-01,13.0,,
ESTAT:LFSA_EGAN2(1.0),17/04/26 11:00:00,A,THS_PER,T,Y_GE15,H,LV,2020-01-01,69.3,,
ESTAT:LFSA_EGAN2(1.0),17/04/26 11:00:00,A,THS_PER,T,Y_GE15,H,ME,2020-01-01,12.7,,
ESTAT:LFSA_EGAN2(1.0),17/04/26 11:00:00,A,THS_PER,T,Y_GE15,H,MK,2020-01-01,43.3,,
ESTAT:LFSA_EGAN2(1.0),17/04/26 11:00:00,A,THS_PER,T,Y_GE15,H,MT,2020-01-01,13.7,,
ESTAT:LFSA_EGAN2(1.0),17/04/26 11:00:00,A,THS_PER,T,Y_GE15,H,NL,2020-01-01,367.5,,
ESTAT:LFSA_EGAN2(1.0),17/04/26 11:00:00,A,THS_PER,T,Y_GE15,H,NO,2020-01-01,127.6,,
ESTAT:LFSA_EGAN2(1.0),17/04/26 11:00:00,A,THS_PER,T,Y_GE15,H,PL,2020-01-01,1119.2,,
ESTAT:LFSA_EGAN2(1.0),17/04/26 11:00:00,A,THS_PER,T,Y_GE15,H,PT,2020-01-01,212.9,,
ESTAT:LFSA_EGAN2(1.0),17/04/26 11:00:00,A,THS_PER,T,Y_GE15,H,RO,2020-01-01,517.5,,
ESTAT:LFSA_EGAN2(1.0),17/04/26 11:00:00,A,THS_PER,T,Y_GE15,H,RS,2020-01-01,152.3,,
ESTAT:LFSA_EGAN2(1.0),17/04/26 11:00:00,A,THS_PER,T,Y_GE15,H,SE,2020-01-01,232.7,,
ESTAT:LFSA_EGAN2(1.0),17/04/26 11:00:00,A,THS_PER,T,Y_GE15,H,SI,2020-01-01,51.3,,
ESTAT:LFSA_EGAN2(1.0),17/04/26 11:00:00,A,THS_PER,T,Y_GE15,H,SK,2020-01-01,161.0,,
ESTAT:LFSA_EGAN2(1.0),17/04/26 11:00:00,A,THS_PER,T,Y_GE15,H,TR,2020-01-01,1209.3,,
ESTAT:LFSA_EGAN2(1.0),17/04/26 11:00:00,A,THS_PER,T,Y_GE15,I,AT,2020-01-01,227.4,,
ESTAT:LFSA_EGAN2(1.0),17/04/26 11:00:00,A,THS_PER,T,Y_GE15,I,BE,2020-01-01,158.1,,
ESTAT:LFSA_EGAN2(1.0),17/04/26 11:00:00,A,THS_PER,T,Y_GE15,I,BG,2020-01-01,135.3,,
ESTAT:LFSA_EGAN2(1.0),17/04/26 11:00:00,A,THS_PER,T,Y_GE15,I,CH,2020-01-01,179.8,,
ESTAT:LFSA_EGAN2(1.0),17/04/26 11:00:00,A,THS_PER,T,Y_GE15,I,CY,2020-01-01,29.1,,
ESTAT:LFSA_EGAN2(1.0),17/04/26 11:00:00,A,THS_PER,T,Y_GE15,I,CZ,2020-01-01,173.9,,
ESTAT:LFSA_EGAN2(1.0),17/04/26 11:00:00,A,THS_PER,T,Y_GE15,I,DE,2020-01-01,1309.1,b,
ESTAT:LFSA_EGAN2(1.0),17/04/26 11:00:00,A,THS_PER,T,Y_GE15,I,DK,2020-01-01,100.1,,
ESTAT:LFSA_EGAN2(1.0),17/04/26 11:00:00,A,THS_PER,T,Y_GE15,I,EA21,2020-01-01,7118.0,,
ESTAT:LFSA_EGAN2(1.0),17/04/26 11:00:00,A,THS_PER,T,Y_GE15,I,EE,2020-01-01,23.5,,
ESTAT:LFSA_EGAN2(1.0),17/04/26 11:00:00,A,THS_PER,T,Y_GE15,I,EL,2020-01-01,343.6,,
ESTAT:LFSA_EGAN2(1.0),17/04/26 11:00:00,A,THS_PER,T,Y_GE15,I,ES,2020-01-01,1432.1,,
ESTAT:LFSA_EGAN2(1.0),17/04/26 11:00:00,A,THS_PER,T,Y_GE15,I,EU27_2020,2020-01-01,8282.7,,
ESTAT:LFSA_EGAN2(1.0),17/04/26 11:00:00,A,THS_PER,T,Y_GE15,I,FI,2020-01-01,77.8,,
ESTAT:LFSA_EGAN2(1.0),17/04/26 11:00:00,A,THS_PER,T,Y_GE15,I,FR,2020-01-01,993.5,,
ESTAT:LFSA_EGAN2(1.0),17/04/26 11:00:00,A,THS_PER,T,Y_GE15,I,HR,2020-01-01,89.6,,
ESTAT:LFSA_EGAN2(1.0),17/04/26 11:00:00,A,THS_PER,T,Y_GE15,I,HU,2020-01-01,171.0,,
ESTAT:LFSA_EGAN2(1.0),17/04/26 11:00:00,A,THS_PER,T,Y_GE15,I,IE,2020-01-01,144.9,,
ESTAT:LFSA_EGAN2(1.0),17/04/26 11:00:00,A,THS_PER,T,Y_GE15,I,IS,2020-01-01,9.7,b,
ESTAT:LFSA_EGAN2(1.0),17/04/26 11:00:00,A,THS_PER,T,Y_GE15,I,IT,2020-01-01,1291.0,,
ESTAT:LFSA_EGAN2(1.0),17/04/26 11:00:00,A,THS_PER,T,Y_GE15,I,LT,2020-01-01,33.5,,
ESTAT:LFSA_EGAN2(1.0),17/04/26 11:00:00,A,THS_PER,T,Y_GE15,I,LU,2020-01-01,11.1,,
ESTAT:LFSA_EGAN2(1.0),17/04/26 11:00:00,A,THS_PER,T,Y_GE15,I,LV,2020-01-01,29.6,,
ESTAT:LFSA_EGAN2(1.0),17/04/26 11:00:00,A,THS_PER,T,Y_GE15,I,ME,2020-01-01,15.9,,
ESTAT:LFSA_EGAN2(1.0),17/04/26 11:00:00,A,THS_PER,T,Y_GE15,I,MK,2020-01-01,33.8,,
ESTAT:LFSA_EGAN2(1.0),17/04/26 11:00:00,A,THS_PER,T,Y_GE15,I,MT,2020-01-01,17.8,,
ESTAT:LFSA_EGAN2(1.0),17/04/26 11:00:00,A,THS_PER,T,Y_GE15,I,NL,2020-01-01,345.1,,
ESTAT:LFSA_EGAN2(1.0),17/04/26 11:00:00,A,THS_PER,T,Y_GE15,I,NO,2020-01-01,85.2,,
ESTAT:LFSA_EGAN2(1.0),17/04/26 11:00:00,A,THS_PER,T,Y_GE15,I,PL,2020-01-01,373.4,,
ESTAT:LFSA_EGAN2(1.0),17/04/26 11:00:00,A,THS_PER,T,Y_GE15,I,PT,2020-01-01,296.9,,
ESTAT:LFSA_EGAN2(1.0),17/04/26 11:00:00,A,THS_PER,T,Y_GE15,I,RO,2020-01-01,206.1,,
ESTAT:LFSA_EGAN2(1.0),17/04/26 11:00:00,A,THS_PER,T,Y_GE15,I,RS,2020-01-01,92.4,,
ESTAT:LFSA_EGAN2(1.0),17/04/26 11:00:00,A,THS_PER,T,Y_GE15,I,SE,2020-01-01,140.1,,
ESTAT:LFSA_EGAN2(1.0),17/04/26 11:00:00,A,THS_PER,T,Y_GE15,I,SI,2020-01-01,34.3,,
ESTAT:LFSA_EGAN2(1.0),17/04/26 11:00:00,A,THS_PER,T,Y_GE15,I,SK,2020-01-01,94.6,,
ESTAT:LFSA_EGAN2(1.0),17/04/26 11:00:00,A,THS_PER,T,Y_GE15,I,TR,2020-01-01,1379.0,,
ESTAT:LFSA_EGAN2(1.0),17/04/26 11:00:00,A,THS_PER,T,Y_GE15,J,AT,2020-01-01,128.2,,
ESTAT:LFSA_EGAN2(1.0),17/04/26 11:00:00,A,THS_PER,T,Y_GE15,J,BE,2020-01-01,175.0,,
ESTAT:LFSA_EGAN2(1.0),17/04/26 11:00:00,A,THS_PER,T,Y_GE15,J,BG,2020-01-01,88.7,,
ESTAT:LFSA_EGAN2(1.0),17/04/26 11:00:00,A,THS_PER,T,Y_GE15,J,CH,2020-01-01,178.0,,
ESTAT:LFSA_EGAN2(1.0),17/04/26 11:00:00,A,THS_PER,T,Y_GE15,J,CY,2020-01-01,12.9,,
ESTAT:LFSA_EGAN2(1.0),17/04/26 11:00:00,A,THS_PER,T,Y_GE15,J,CZ,2020-01-01,180.1,,
ESTAT:LFSA_EGAN2(1.0),17/04/26 11:00:00,A,THS_PER,T,Y_GE15,J,DE,2020-01-01,1637.7,b,
ESTAT:LFSA_EGAN2(1.0),17/04/26 11:00:00,A,THS_PER,T,Y_GE15,J,DK,2020-01-01,114.8,,
ESTAT:LFSA_EGAN2(1.0),17/04/26 11:00:00,A,THS_PER,T,Y_GE15,J,EA21,2020-01-01,5329.9,,
ESTAT:LFSA_EGAN2(1.0),17/04/26 11:00:00,A,THS_PER,T,Y_GE15,J,EE,2020-01-01,29.6,,
ESTAT:LFSA_EGAN2(1.0),17/04/26 11:00:00,A,THS_PER,T,Y_GE15,J,EL,2020-01-01,100.1,,
ESTAT:LFSA_EGAN2(1.0),17/04/26 11:00:00,A,THS_PER,T,Y_GE15,J,ES,2020-01-01,613.0,,
ESTAT:LFSA_EGAN2(1.0),17/04/26 11:00:00,A,THS_PER,T,Y_GE15,J,EU27_2020,2020-01-01,6710.6,,
ESTAT:LFSA_EGAN2(1.0),17/04/26 11:00:00,A,THS_PER,T,Y_GE15,J,FI,2020-01-01,130.3,,
ESTAT:LFSA_EGAN2(1.0),17/04/26 11:00:00,A,THS_PER,T,Y_GE15,J,FR,2020-01-01,934.4,,
ESTAT:LFSA_EGAN2(1.0),17/04/26 11:00:00,A,THS_PER,T,Y_GE15,J,HR,2020-01-01,52.3,,
ESTAT:LFSA_EGAN2(1.0),17/04/26 11:00:00,A,THS_PER,T,Y_GE15,J,HU,2020-01-01,144.7,,
ESTAT:LFSA_EGAN2(1.0),17/04/26 11:00:00,A,THS_PER,T,Y_GE15,J,IE,2020-01-01,132.8,,
ESTAT:LFSA_EGAN2(1.0),17/04/26 11:00:00,A,THS_PER,T,Y_GE15,J,IS,2020-01-01,9.7,b,
ESTAT:LFSA_EGAN2(1.0),17/04/26 11:00:00,A,THS_PER,T,Y_GE15,J,IT,2020-01-01,614.7,,
ESTAT:LFSA_EGAN2(1.0),17/04/26 11:00:00,A,THS_PER,T,Y_GE15,J,LT,2020-01-01,39.2,,
ESTAT:LFSA_EGAN2(1.0),17/04/26 11:00:00,A,THS_PER,T,Y_GE15,J,LU,2020-01-01,10.9,,
ESTAT:LFSA_EGAN2(1.0),17/04/26 11:00:00,A,THS_PER,T,Y_GE15,J,LV,2020-01-01,31.1,,
ESTAT:LFSA_EGAN2(1.0),17/04/26 11:00:00,A,THS_PER,T,Y_GE15,J,ME,2020-01-01,5.4,,
ESTAT:LFSA_EGAN2(1.0),17/04/26 11:00:00,A,THS_PER,T,Y_GE15,J,MK,2020-01-01,18.5,,
ESTAT:LFSA_EGAN2(1.0),17/04/26 11:00:00,A,THS_PER,T,Y_GE15,J,MT,2020-01-01,9.8,,
ESTAT:LFSA_EGAN2(1.0),17/04/26 11:00:00,A,THS_PER,T,Y_GE15,J,NL,2020-01-01,309.5,,
ESTAT:LFSA_EGAN2(1.0),17/04/26 11:00:00,A,THS_PER,T,Y_GE15,J,NO,2020-01-01,110.1,,
ESTAT:LFSA_EGAN2(1.0),17/04/26 11:00:00,A,THS_PER,T,Y_GE15,J,PL,2020-01-01,480.4,,
ESTAT:LFSA_EGAN2(1.0),17/04/26 11:00:00,A,THS_PER,T,Y_GE15,J,PT,2020-01-01,147.8,,
ESTAT:LFSA_EGAN2(1.0),17/04/26 11:00:00,A,THS_PER,T,Y_GE15,J,RO,2020-01-01,190.8,,
ESTAT:LFSA_EGAN2(1.0),17/04/26 11:00:00,A,THS_PER,T,Y_GE15,J,RS,2020-01-01,90.6,,
ESTAT:LFSA_EGAN2(1.0),17/04/26 11:00:00,A,THS_PER,T,Y_GE15,J,SE,2020-01-01,269.9,,
ESTAT:LFSA_EGAN2(1.0),17/04/26 11:00:00,A,THS_PER,T,Y_GE15,J,SI,2020-01-01,38.9,,
ESTAT:LFSA_EGAN2(1.0),17/04/26 11:00:00,A,THS_PER,T,Y_GE15,J,SK,2020-01-01,92.9,,
ESTAT:LFSA_EGAN2(1.0),17/04/26 11:00:00,A,THS_PER,T,Y_GE15,J,TR,2020-01-01,241.2,,
ESTAT:LFSA_EGAN2(1.0),17/04/26 11:00:00,A,THS_PER,T,Y_GE15,K,AT,2020-01-01,141.6,,
ESTAT:LFSA_EGAN2(1.0),17/04/26 11:00:00,A,THS_PER,T,Y_GE15,K,BE,2020-01-01,154.7,,
ESTAT:LFSA_EGAN2(1.0),17/04/26 11:00:00,A,THS_PER,T,Y_GE15,K,BG,2020-01-01,58.6,,
ESTAT:LFSA_EGAN2(1.0),17/04/26 11:00:00,A,THS_PER,T,Y_GE15,K,CH,2020-01-01,242.2,,
ESTAT:LFSA_EGAN2(1.0),17/04/26 11:00:00,A,THS_PER,T,Y_GE15,K,CY,2020-01-01,23.1,,
ESTAT:LFSA_EGAN2(1.0),17/04/26 11:00:00,A,THS_PER,T,Y_GE15,K,CZ,2020-01-01,116.2,,
ESTAT:LFSA_EGAN2(1.0),17/04/26 11:00:00,A,THS_PER,T,Y_GE15,K,DE,2020-01-01,1302.5,b,
ESTAT:LFSA_EGAN2(1.0),17/04/26 11:00:00,A,THS_PER,T,Y_GE15,K,DK,2020-01-01,81.8,,
ESTAT:LFSA_EGAN2(1.0),17/04/26 11:00:00,A,THS_PER,T,Y_GE15,K,EA21,2020-01-01,4517.0,,
ESTAT:LFSA_EGAN2(1.0),17/04/26 11:00:00,A,THS_PER,T,Y_GE15,K,EE,2020-01-01,11.0,,
ESTAT:LFSA_EGAN2(1.0),17/04/26 11:00:00,A,THS_PER,T,Y_GE15,K,EL,2020-01-01,84.6,,
ESTAT:LFSA_EGAN2(1.0),17/04/26 11:00:00,A,THS_PER,T,Y_GE15,K,ES,2020-01-01,444.9,,
ESTAT:LFSA_EGAN2(1.0),17/04/26 11:00:00,A,THS_PER,T,Y_GE15,K,EU27_2020,2020-01-01,5445.1,,
ESTAT:LFSA_EGAN2(1.0),17/04/26 11:00:00,A,THS_PER,T,Y_GE15,K,FI,2020-01-01,52.3,,
ESTAT:LFSA_EGAN2(1.0),17/04/26 11:00:00,A,THS_PER,T,Y_GE15,K,FR,2020-01-01,961.3,,
ESTAT:LFSA_EGAN2(1.0),17/04/26 11:00:00,A,THS_PER,T,Y_GE15,K,HR,2020-01-01,37.4,,
ESTAT:LFSA_EGAN2(1.0),17/04/26 11:00:00,A,THS_PER,T,Y_GE15,K,HU,2020-01-01,83.3,,
ESTAT:LFSA_EGAN2(1.0),17/04/26 11:00:00,A,THS_PER,T,Y_GE15,K,IE,2020-01-01,111.9,,
ESTAT:LFSA_EGAN2(1.0),17/04/26 11:00:00,A,THS_PER,T,Y_GE15,K,IS,2020-01-01,7.5,b,
ESTAT:LFSA_EGAN2(1.0),17/04/26 11:00:00,A,THS_PER,T,Y_GE15,K,IT,2020-01-01,616.3,,
ESTAT:LFSA_EGAN2(1.0),17/04/26 11:00:00,A,THS_PER,T,Y_GE15,K,LT,2020-01-01,25.9,,
ESTAT:LFSA_EGAN2(1.0),17/04/26 11:00:00,A,THS_PER,T,Y_GE15,K,LU,2020-01-01,32.9,,
ESTAT:LFSA_EGAN2(1.0),17/04/26 11:00:00,A,THS_PER,T,Y_GE15,K,LV,2020-01-01,20.3,,
ESTAT:LFSA_EGAN2(1.0),17/04/26 11:00:00,A,THS_PER,T,Y_GE15,K,ME,2020-01-01,3.8,,
ESTAT:LFSA_EGAN2(1.0),17/04/26 11:00:00,A,THS_PER,T,Y_GE15,K,MK,2020-01-01,11.8,,
ESTAT:LFSA_EGAN2(1.0),17/04/26 11:00:00,A,THS_PER,T,Y_GE15,K,MT,2020-01-01,15.2,,
ESTAT:LFSA_EGAN2(1.0),17/04/26 11:00:00,A,THS_PER,T,Y_GE15,K,NL,2020-01-01,244.8,,
ESTAT:LFSA_EGAN2(1.0),17/04/26 11:00:00,A,THS_PER,T,Y_GE15,K,NO,2020-01-01,49.7,,
ESTAT:LFSA_EGAN2(1.0),17/04/26 11:00:00,A,THS_PER,T,Y_GE15,K,PL,2020-01-01,431.9,,
ESTAT:LFSA_EGAN2(1.0),17/04/26 11:00:00,A,THS_PER,T,Y_GE15,K,PT,2020-01-01,96.0,,
ESTAT:LFSA_EGAN2(1.0),17/04/26 11:00:00,A,THS_PER,T,Y_GE15,K,RO,2020-01-01,107.4,,
ESTAT:LFSA_EGAN2(1.0),17/04/26 11:00:00,A,THS_PER,T,Y_GE15,K,RS,2020-01-01,44.7,,
ESTAT:LFSA_EGAN2(1.0),17/04/26 11:00:00,A,THS_PER,T,Y_GE15,K,SE,2020-01-01,107.6,,
ESTAT:LFSA_EGAN2(1.0),17/04/26 11:00:00,A,THS_PER,T,Y_GE15,K,SI,2020-01-01,27.2,,
ESTAT:LFSA_EGAN2(1.0),17/04/26 11:00:00,A,THS_PER,T,Y_GE15,K,SK,2020-01-01,54.5,,
ESTAT:LFSA_EGAN2(1.0),17/04/26 11:00:00,A,THS_PER,T,Y_GE15,K,TR,2020-01-01,314.9,,
ESTAT:LFSA_EGAN2(1.0),17/04/26 11:00:00,A,THS_PER,T,Y_GE15,O,AT,2020-01-01,290.7,,
ESTAT:LFSA_EGAN2(1.0),17/04/26 11:00:00,A,THS_PER,T,Y_GE15,O,BE,2020-01-01,405.1,,
ESTAT:LFSA_EGAN2(1.0),17/04/26 11:00:00,A,THS_PER,T,Y_GE15,O,BG,2020-01-01,215.7,,
ESTAT:LFSA_EGAN2(1.0),17/04/26 11:00:00,A,THS_PER,T,Y_GE15,O,CH,2020-01-01,223.7,,
ESTAT:LFSA_EGAN2(1.0),17/04/26 11:00:00,A,THS_PER,T,Y_GE15,O,CY,2020-01-01,34.3,,
ESTAT:LFSA_EGAN2(1.0),17/04/26 11:00:00,A,THS_PER,T,Y_GE15,O,CZ,2020-01-01,347.9,,
ESTAT:LFSA_EGAN2(1.0),17/04/26 11:00:00,A,THS_PER,T,Y_GE15,O,DE,2020-01-01,3367.7,b,
ESTAT:LFSA_EGAN2(1.0),17/04/26 11:00:00,A,THS_PER,T,Y_GE15,O,DK,2020-01-01,154.1,,
ESTAT:LFSA_EGAN2(1.0),17/04/26 11:00:00,A,THS_PER,T,Y_GE15,O,EA21,2020-01-01,11444.8,,
ESTAT:LFSA_EGAN2(1.0),17/04/26 11:00:00,A,THS_PER,T,Y_GE15,O,EE,2020-01-01,41.5,,
ESTAT:LFSA_EGAN2(1.0),17/04/26 11:00:00,A,THS_PER,T,Y_GE15,O,EL,2020-01-01,350.5,,
ESTAT:LFSA_EGAN2(1.0),17/04/26 11:00:00,A,THS_PER,T,Y_GE15,O,ES,2020-01-01,1356.0,,
ESTAT:LFSA_EGAN2(1.0),17/04/26 11:00:00,A,THS_PER,T,Y_GE15,O,EU27_2020,2020-01-01,14189.2,,
ESTAT:LFSA_EGAN2(1.0),17/04/26 11:00:00,A,THS_PER,T,Y_GE15,O,FI,2020-01-01,120.7,,
ESTAT:LFSA_EGAN2(1.0),17/04/26 11:00:00,A,THS_PER,T,Y_GE15,O,FR,2020-01-01,2520.4,,
ESTAT:LFSA_EGAN2(1.0),17/04/26 11:00:00,A,THS_PER,T,Y_GE15,O,HR,2020-01-01,116.3,,
ESTAT:LFSA_EGAN2(1.0),17/04/26 11:00:00,A,THS_PER,T,Y_GE15,O,HU,2020-01-01,381.8,,
ESTAT:LFSA_EGAN2(1.0),17/04/26 11:00:00,A,THS_PER,T,Y_GE15,O,IE,2020-01-01,118.9,,
ESTAT:LFSA_EGAN2(1.0),17/04/26 11:00:00,A,THS_PER,T,Y_GE15,O,IS,2020-01-01,11.1,b,
ESTAT:LFSA_EGAN2(1.0),17/04/26 11:00:00,A,THS_PER,T,Y_GE15,O,IT,2020-01-01,1199.6,,
ESTAT:LFSA_EGAN2(1.0),17/04/26 11:00:00,A,THS_PER,T,Y_GE15,O,LT,2020-01-01,86.4,,
ESTAT:LFSA_EGAN2(1.0),17/04/26 11:00:00,A,THS_PER,T,Y_GE15,O,LU,2020-01-01,33.6,,
ESTAT:LFSA_EGAN2(1.0),17/04/26 11:00:00,A,THS_PER,T,Y_GE15,O,LV,2020-01-01,63.1,,
ESTAT:LFSA_EGAN2(1.0),17/04/26 11:00:00,A,THS_PER,T,Y_GE15,O,ME,2020-01-01,19.9,,
ESTAT:LFSA_EGAN2(1.0),17/04/26 11:00:00,A,THS_PER,T,Y_GE15,O,MK,2020-01-01,55.0,,
ESTAT:LFSA_EGAN2(1.0),17/04/26 11:00:00,A,THS_PER,T,Y_GE15,O,MT,2020-01-01,17.4,,
ESTAT:LFSA_EGAN2(1.0),17/04/26 11:00:00,A,THS_PER,T,Y_GE15,O,NL,2020-01-01,534.3,,
ESTAT:LFSA_EGAN2(1.0),17/04/26 11:00:00,A,THS_PER,T,Y_GE15,O,NO,2020-01-01,164.4,,
ESTAT:LFSA_EGAN2(1.0),17/04/26 11:00:00,A,THS_PER,T,Y_GE15,O,PL,2020-01-01,1061.1,,
ESTAT:LFSA_EGAN2(1.0),17/04/26 11:00:00,A,THS_PER,T,Y_GE15,O,PT,2020-01-01,296.6,,
ESTAT:LFSA_EGAN2(1.0),17/04/26 11:00:00,A,THS_PER,T,Y_GE15,O,RO,2020-01-01,430.6,,
ESTAT:LFSA_EGAN2(1.0),17/04/26 11:00:00,A,THS_PER,T,Y_GE15,O,RS,2020-01-01,150.1,,
ESTAT:LFSA_EGAN2(1.0),17/04/26 11:00:00,A,THS_PER,T,Y_GE15,O,SE,2020-01-01,368.7,,
ESTAT:LFSA_EGAN2(1.0),17/04/26 11:00:00,A,THS_PER,T,Y_GE15,O,SI,2020-01-01,57.2,,
ESTAT:LFSA_EGAN2(1.0),17/04/26 11:00:00,A,THS_PER,T,Y_GE15,O,SK,2020-01-01,219.1,,
ESTAT:LFSA_EGAN2(1.0),17/04/26 11:00:00,A,THS_PER,T,Y_GE15,O,TR,2020-01-01,1964.3,,
ESTAT:LFSA_EGAN2(1.0),17/04/26 11:00:00,A,THS_PER,T,Y_GE15,P,AT,2020-01-01,289.2,,
ESTAT:LFSA_EGAN2(1.0),17/04/26 11:00:00,A,THS_PER,T,Y_GE15,P,BE,2020-01-01,472.7,,
ESTAT:LFSA_EGAN2(1.0),17/04/26 11:00:00,A,THS_PER,T,Y_GE15,P,BG,2020-01-01,168.4,,
ESTAT:LFSA_EGAN2(1.0),17/04/26 11:00:00,A,THS_PER,T,Y_GE15,P,CH,2020-01-01,353.5,,
ESTAT:LFSA_EGAN2(1.0),17/04/26 11:00:00,A,THS_PER,T,Y_GE15,P,CY,2020-01-01,33.4,,
ESTAT:LFSA_EGAN2(1.0),17/04/26 11:00:00,A,THS_PER,T,Y_GE15,P,CZ,2020-01-01,354.4,,
ESTAT:LFSA_EGAN2(1.0),17/04/26 11:00:00,A,THS_PER,T,Y_GE15,P,DE,2020-01-01,2745.1,b,
ESTAT:LFSA_EGAN2(1.0),17/04/26 11:00:00,A,THS_PER,T,Y_GE15,P,DK,2020-01-01,260.2,,
ESTAT:LFSA_EGAN2(1.0),17/04/26 11:00:00,A,THS_PER,T,Y_GE15,P,EA21,2020-01-01,11192.3,,
ESTAT:LFSA_EGAN2(1.0),17/04/26 11:00:00,A,THS_PER,T,Y_GE15,P,EE,2020-01-01,61.5,,
ESTAT:LFSA_EGAN2(1.0),17/04/26 11:00:00,A,THS_PER,T,Y_GE15,P,EL,2020-01-01,323.9,,
ESTAT:LFSA_EGAN2(1.0),17/04/26 11:00:00,A,THS_PER,T,Y_GE15,P,ES,2020-01-01,1322.9,,
ESTAT:LFSA_EGAN2(1.0),17/04/26 11:00:00,A,THS_PER,T,Y_GE15,P,EU27_2020,2020-01-01,14404.0,,
ESTAT:LFSA_EGAN2(1.0),17/04/26 11:00:00,A,THS_PER,T,Y_GE15,P,FI,2020-01-01,189.2,,
ESTAT:LFSA_EGAN2(1.0),17/04/26 11:00:00,A,THS_PER,T,Y_GE15,P,FR,2020-01-01,2109.4,,
ESTAT:LFSA_EGAN2(1.0),17/04/26 11:00:00,A,THS_PER,T,Y_GE15,P,HR,2020-01-01,116.1,,
ESTAT:LFSA_EGAN2(1.0),17/04/26 11:00:00,A,THS_PER,T,Y_GE15,P,HU,2020-01-01,329.8,,
ESTAT:LFSA_EGAN2(1.0),17/04/26 11:00:00,A,THS_PER,T,Y_GE15,P,IE,2020-01-01,192.9,,
ESTAT:LFSA_EGAN2(1.0),17/04/26 11:00:00,A,THS_PER,T,Y_GE15,P,IS,2020-01-01,25.1,b,
ESTAT:LFSA_EGAN2(1.0),17/04/26 11:00:00,A,THS_PER,T,Y_GE15,P,IT,2020-01-01,1613.7,,
ESTAT:LFSA_EGAN2(1.0),17/04/26 11:00:00,A,THS_PER,T,Y_GE15,P,LT,2020-01-01,134.5,,
ESTAT:LFSA_EGAN2(1.0),17/04/26 11:00:00,A,THS_PER,T,Y_GE15,P,LU,2020-01-01,24.3,,
ESTAT:LFSA_EGAN2(1.0),17/04/26 11:00:00,A,THS_PER,T,Y_GE15,P,LV,2020-01-01,81.6,,
ESTAT:LFSA_EGAN2(1.0),17/04/26 11:00:00,A,THS_PER,T,Y_GE15,P,ME,2020-01-01,13.7,,
ESTAT:LFSA_EGAN2(1.0),17/04/26 11:00:00,A,THS_PER,T,Y_GE15,P,MK,2020-01-01,48.8,,
ESTAT:LFSA_EGAN2(1.0),17/04/26 11:00:00,A,THS_PER,T,Y_GE15,P,MT,2020-01-01,22.2,,
ESTAT:LFSA_EGAN2(1.0),17/04/26 11:00:00,A,THS_PER,T,Y_GE15,P,NL,2020-01-01,597.7,,
ESTAT:LFSA_EGAN2(1.0),17/04/26 11:00:00,A,THS_PER,T,Y_GE15,P,NO,2020-01-01,229.6,,
ESTAT:LFSA_EGAN2(1.0),17/04/26 11:00:00,A,THS_PER,T,Y_GE15,P,PL,2020-01-01,1344.0,,
ESTAT:LFSA_EGAN2(1.0),17/04/26 11:00:00,A,THS_PER,T,Y_GE15,P,PT,2020-01-01,409.6,,
ESTAT:LFSA_EGAN2(1.0),17/04/26 11:00:00,A,THS_PER,T,Y_GE15,P,RO,2020-01-01,355.4,,
ESTAT:LFSA_EGAN2(1.0),17/04/26 11:00:00,A,THS_PER,T,Y_GE15,P,RS,2020-01-01,184.6,,
ESTAT:LFSA_EGAN2(1.0),17/04/26 11:00:00,A,THS_PER,T,Y_GE15,P,SE,2020-01-01,567.9,,
ESTAT:LFSA_EGAN2(1.0),17/04/26 11:00:00,A,THS_PER,T,Y_GE15,P,SI,2020-01-01,90.4,,
ESTAT:LFSA_EGAN2(1.0),17/04/26 11:00:00,A,THS_PER,T,Y_GE15,P,SK,2020-01-01,193.6,,
ESTAT:LFSA_EGAN2(1.0),17/04/26 11:00:00,A,THS_PER,T,Y_GE15,P,TR,2020-01-01,1800.1,,
ESTAT:LFSA_EGAN2(1.0),17/04/26 11:00:00,A,THS_PER,T,Y_GE15,Q,AT,2020-01-01,466.4,,
ESTAT:LFSA_EGAN2(1.0),17/04/26 11:00:00,A,THS_PER,T,Y_GE15,Q,BE,2020-01-01,729.7,,
ESTAT:LFSA_EGAN2(1.0),17/04/26 11:00:00,A,THS_PER,T,Y_GE15,Q,BG,2020-01-01,164.9,,
ESTAT:LFSA_EGAN2(1.0),17/04/26 11:00:00,A,THS_PER,T,Y_GE15,Q,CH,2020-01-01,688.9,,
ESTAT:LFSA_EGAN2(1.0),17/04/26 11:00:00,A,THS_PER,T,Y_GE15,Q,CY,2020-01-01,22.6,,
ESTAT:LFSA_EGAN2(1.0),17/04/26 11:00:00,A,THS_PER,T,Y_GE15,Q,CZ,2020-01-01,404.4,,
ESTAT:LFSA_EGAN2(1.0),17/04/26 11:00:00,A,THS_PER,T,Y_GE15,Q,DE,2020-01-01,5440.4,b,
ESTAT:LFSA_EGAN2(1.0),17/04/26 11:00:00,A,THS_PER,T,Y_GE15,Q,DK,2020-01-01,517.1,,
ESTAT:LFSA_EGAN2(1.0),17/04/26 11:00:00,A,THS_PER,T,Y_GE15,Q,EA21,2020-01-01,17836.8,,
ESTAT:LFSA_EGAN2(1.0),17/04/26 11:00:00,A,THS_PER,T,Y_GE15,Q,EE,2020-01-01,38.5,,
ESTAT:LFSA_EGAN2(1.0),17/04/26 11:00:00,A,THS_PER,T,Y_GE15,Q,EL,2020-01-01,269.0,,
ESTAT:LFSA_EGAN2(1.0),17/04/26 11:00:00,A,THS_PER,T,Y_GE15,Q,ES,2020-01-01,1769.3,,
ESTAT:LFSA_EGAN2(1.0),17/04/26 11:00:00,A,THS_PER,T,Y_GE15,Q,EU27_2020,2020-01-01,21304.1,,
ESTAT:LFSA_EGAN2(1.0),17/04/26 11:00:00,A,THS_PER,T,Y_GE15,Q,FI,2020-01-01,411.3,,
ESTAT:LFSA_EGAN2(1.0),17/04/26 11:00:00,A,THS_PER,T,Y_GE15,Q,FR,2020-01-01,3921.9,,
ESTAT:LFSA_EGAN2(1.0),17/04/26 11:00:00,A,THS_PER,T,Y_GE15,Q,HR,2020-01-01,117.1,,
ESTAT:LFSA_EGAN2(1.0),17/04/26 11:00:00,A,THS_PER,T,Y_GE15,Q,HU,2020-01-01,319.4,,
ESTAT:LFSA_EGAN2(1.0),17/04/26 11:00:00,A,THS_PER,T,Y_GE15,Q,IE,2020-01-01,291.1,,
ESTAT:LFSA_EGAN2(1.0),17/04/26 11:00:00,A,THS_PER,T,Y_GE15,Q,IS,2020-01-01,25.0,b,
ESTAT:LFSA_EGAN2(1.0),17/04/26 11:00:00,A,THS_PER,T,Y_GE15,Q,IT,2020-01-01,1863.6,,
ESTAT:LFSA_EGAN2(1.0),17/04/26 11:00:00,A,THS_PER,T,Y_GE15,Q,LT,2020-01-01,96.7,,
ESTAT:LFSA_EGAN2(1.0),17/04/26 11:00:00,A,THS_PER,T,Y_GE15,Q,LU,2020-01-01,28.0,,
ESTAT:LFSA_EGAN2(1.0),17/04/26 11:00:00,A,THS_PER,T,Y_GE15,Q,LV,2020-01-01,56.7,,
ESTAT:LFSA_EGAN2(1.0),17/04/26 11:00:00,A,THS_PER,T,Y_GE15,Q,ME,2020-01-01,12.2,,
ESTAT:LFSA_EGAN2(1.0),17/04/26 11:00:00,A,THS_PER,T,Y_GE15,Q,MK,2020-01-01,49.7,,
ESTAT:LFSA_EGAN2(1.0),17/04/26 11:00:00,A,THS_PER,T,Y_GE15,Q,MT,2020-01-01,24.9,,
ESTAT:LFSA_EGAN2(1.0),17/04/26 11:00:00,A,THS_PER,T,Y_GE15,Q,NL,2020-01-01,1388.2,,
ESTAT:LFSA_EGAN2(1.0),17/04/26 11:00:00,A,THS_PER,T,Y_GE15,Q,NO,2020-01-01,565.6,,
ESTAT:LFSA_EGAN2(1.0),17/04/26 11:00:00,A,THS_PER,T,Y_GE15,Q,PL,2020-01-01,1044.6,,
ESTAT:LFSA_EGAN2(1.0),17/04/26 11:00:00,A,THS_PER,T,Y_GE15,Q,PT,2020-01-01,472.9,,
ESTAT:LFSA_EGAN2(1.0),17/04/26 11:00:00,A,THS_PER,T,Y_GE15,Q,RO,2020-01-01,424.0,,
ESTAT:LFSA_EGAN2(1.0),17/04/26 11:00:00,A,THS_PER,T,Y_GE15,Q,RS,2020-01-01,158.0,,
ESTAT:LFSA_EGAN2(1.0),17/04/26 11:00:00,A,THS_PER,T,Y_GE15,Q,SE,2020-01-01,757.8,,
ESTAT:LFSA_EGAN2(1.0),17/04/26 11:00:00,A,THS_PER,T,Y_GE15,Q,SI,2020-01-01,72.3,,
ESTAT:LFSA_EGAN2(1.0),17/04/26 11:00:00,A,THS_PER,T,Y_GE15,Q,SK,2020-01-01,191.3,,
ESTAT:LFSA_EGAN2(1.0),17/04/26 11:00:00,A,THS_PER,T,Y_GE15,Q,TR,2020-01-01,1466.7,,
ESTAT:LFSA_EGAN2(1.0),17/04/26 11:00:00,A,THS_PER,T,Y_GE15,TOTAL,AT,2020-01-01,4296.8,,
ESTAT:LFSA_EGAN2(1.0),17/04/26 11:00:00,A,THS_PER,T,Y_GE15,TOTAL,BE,2020-01-01,4802.2,,
ESTAT:LFSA_EGAN2(1.0),17/04/26 11:00:00,A,THS_PER,T,Y_GE15,TOTAL,BG,2020-01-01,2932.5,,
ESTAT:LFSA_EGAN2(1.0),17/04/26 11:00:00,A,THS_PER,T,Y_GE15,TOTAL,CH,2020-01-01,4696.1,,
ESTAT:LFSA_EGAN2(1.0),17/04/26 11:00:00,A,THS_PER,T,Y_GE15,TOTAL,CY,2020-01-01,429.7,,
ESTAT:LFSA_EGAN2(1.0),17/04/26 11:00:00,A,THS_PER,T,Y_GE15,TOTAL,CZ,2020-01-01,5234.9,,
ESTAT:LFSA_EGAN2(1.0),17/04/26 11:00:00,A,THS_PER,T,Y_GE15,TOTAL,DE,2020-01-01,41474.3,b,
ESTAT:LFSA_EGAN2(1.0),17/04/26 11:00:00,A,THS_PER,T,Y_GE15,TOTAL,DK,2020-01-01,2853.0,,
ESTAT:LFSA_EGAN2(1.0),17/04/26 11:00:00,A,THS_PER,T,Y_GE15,TOTAL,EA21,2020-01-01,153771.5,,
ESTAT:LFSA_EGAN2(1.0),17/04/26 11:00:00,A,THS_PER,T,Y_GE15,TOTAL,EE,2020-01-01,646.8,,
ESTAT:LFSA_EGAN2(1.0),17/04/26 11:00:00,A,THS_PER,T,Y_GE15,TOTAL,EL,2020-01-01,3875.4,,
ESTAT:LFSA_EGAN2(1.0),17/04/26 11:00:00,A,THS_PER,T,Y_GE15,TOTAL,ES,2020-01-01,19202.3,,
ESTAT:LFSA_EGAN2(1.0),17/04/26 11:00:00,A,THS_PER,T,Y_GE15,TOTAL,EU27_2020,2020-01-01,196823.1,,
ESTAT:LFSA_EGAN2(1.0),17/04/26 11:00:00,A,THS_PER,T,Y_GE15,TOTAL,FI,2020-01-01,2528.2,,
ESTAT:LFSA_EGAN2(1.0),17/04/26 11:00:00,A,THS_PER,T,Y_GE15,TOTAL,FR,2020-01-01,26995.3,,
ESTAT:LFSA_EGAN2(1.0),17/04/26 11:00:00,A,THS_PER,T,Y_GE15,TOTAL,HR,2020-01-01,1563.9,,
ESTAT:LFSA_EGAN2(1.0),17/04/26 11:00:00,A,THS_PER,T,Y_GE15,TOTAL,HU,2020-01-01,4430.5,,
ESTAT:LFSA_EGAN2(1.0),17/04/26 11:00:00,A,THS_PER,T,Y_GE15,TOTAL,IE,2020-01-01,2294.1,,
ESTAT:LFSA_EGAN2(1.0),17/04/26 11:00:00,A,THS_PER,T,Y_GE15,TOTAL,IS,2020-01-01,194.5,b,
ESTAT:LFSA_EGAN2(1.0),17/04/26 11:00:00,A,THS_PER,T,Y_GE15,TOTAL,IT,2020-01-01,22617.6,,
ESTAT:LFSA_EGAN2(1.0),17/04/26 11:00:00,A,THS_PER,T,Y_GE15,TOTAL,LT,2020-01-01,1358.1,,
ESTAT:LFSA_EGAN2(1.0),17/04/26 11:00:00,A,THS_PER,T,Y_GE15,TOTAL,LU,2020-01-01,292.4,,
ESTAT:LFSA_EGAN2(1.0),17/04/26 11:00:00,A,THS_PER,T,Y_GE15,TOTAL,LV,2020-01-01,893.0,,
ESTAT:LFSA_EGAN2(1.0),17/04/26 11:00:00,A,THS_PER,T,Y_GE15,TOTAL,ME,2020-01-01,219.4,,
ESTAT:LFSA_EGAN2(1.0),17/04/26 11:00:00,A,THS_PER,T,Y_GE15,TOTAL,MK,2020-01-01,794.9,,
ESTAT:LFSA_EGAN2(1.0),17/04/26 11:00:00,A,THS_PER,T,Y_GE15,TOTAL,MT,2020-01-01,258.5,,
ESTAT:LFSA_EGAN2(1.0),17/04/26 11:00:00,A,THS_PER,T,Y_GE15,TOTAL,NL,2020-01-01,8981.0,,
ESTAT:LFSA_EGAN2(1.0),17/04/26 11:00:00,A,THS_PER,T,Y_GE15,TOTAL,NO,2020-01-01,2702.0,,
ESTAT:LFSA_EGAN2(1.0),17/04/26 11:00:00,A,THS_PER,T,Y_GE15,TOTAL,PL,2020-01-01,16947.8,,
ESTAT:LFSA_EGAN2(1.0),17/04/26 11:00:00,A,THS_PER,T,Y_GE15,TOTAL,PT,2020-01-01,4820.4,,
ESTAT:LFSA_EGAN2(1.0),17/04/26 11:00:00,A,THS_PER,T,Y_GE15,TOTAL,RO,2020-01-01,8521.1,,
ESTAT:LFSA_EGAN2(1.0),17/04/26 11:00:00,A,THS_PER,T,Y_GE15,TOTAL,RS,2020-01-01,2894.6,,
ESTAT:LFSA_EGAN2(1.0),17/04/26 11:00:00,A,THS_PER,T,Y_GE15,TOTAL,SE,2020-01-01,5064.3,,
ESTAT:LFSA_EGAN2(1.0),17/04/26 11:00:00,A,THS_PER,T,Y_GE15,TOTAL,SI,2020-01-01,978.0,,
ESTAT:LFSA_EGAN2(1.0),17/04/26 11:00:00,A,THS_PER,T,Y_GE15,TOTAL,SK,2020-01-01,2531.1,,
ESTAT:LFSA_EGAN2(1.0),17/04/26 11:00:00,A,THS_PER,T,Y_GE15,TOTAL,TR,2020-01-01,26804.4,,
ESTAT:LFSA_EGAN2(1.0),17/04/26 11:00:00,A,THS_PER,T,Y_GE15,A,AT,2021-01-01,160.8,b,
ESTAT:LFSA_EGAN2(1.0),17/04/26 11:00:00,A,THS_PER,T,Y_GE15,A,BA,2021-01-01,108.7,b,
ESTAT:LFSA_EGAN2(1.0),17/04/26 11:00:00,A,THS_PER,T,Y_GE15,A,BE,2021-01-01,45.4,b,
ESTAT:LFSA_EGAN2(1.0),17/04/26 11:00:00,A,THS_PER,T,Y_GE15,A,BG,2021-01-01,178.1,b,
ESTAT:LFSA_EGAN2(1.0),17/04/26 11:00:00,A,THS_PER,T,Y_GE15,A,CH,2021-01-01,98.7,b,
ESTAT:LFSA_EGAN2(1.0),17/04/26 11:00:00,A,THS_PER,T,Y_GE15,A,CY,2021-01-01,13.7,b,
ESTAT:LFSA_EGAN2(1.0),17/04/26 11:00:00,A,THS_PER,T,Y_GE15,A,CZ,2021-01-01,132.9,b,
ESTAT:LFSA_EGAN2(1.0),17/04/26 11:00:00,A,THS_PER,T,Y_GE15,A,DE,2021-01-01,508.0,b,
ESTAT:LFSA_EGAN2(1.0),17/04/26 11:00:00,A,THS_PER,T,Y_GE15,A,DK,2021-01-01,59.0,b,
ESTAT:LFSA_EGAN2(1.0),17/04/26 11:00:00,A,THS_PER,T,Y_GE15,A,EA21,2021-01-01,4677.3,b,
ESTAT:LFSA_EGAN2(1.0),17/04/26 11:00:00,A,THS_PER,T,Y_GE15,A,EE,2021-01-01,17.6,b,
ESTAT:LFSA_EGAN2(1.0),17/04/26 11:00:00,A,THS_PER,T,Y_GE15,A,EL,2021-01-01,446.0,b,
ESTAT:LFSA_EGAN2(1.0),17/04/26 11:00:00,A,THS_PER,T,Y_GE15,A,ES,2021-01-01,818.0,bd,
ESTAT:LFSA_EGAN2(1.0),17/04/26 11:00:00,A,THS_PER,T,Y_GE15,A,EU27_2020,2021-01-01,7470.2,b,
ESTAT:LFSA_EGAN2(1.0),17/04/26 11:00:00,A,THS_PER,T,Y_GE15,A,FI,2021-01-01,104.7,b,
ESTAT:LFSA_EGAN2(1.0),17/04/26 11:00:00,A,THS_PER,T,Y_GE15,A,FR,2021-01-01,675.9,bd,
ESTAT:LFSA_EGAN2(1.0),17/04/26 11:00:00,A,THS_PER,T,Y_GE15,A,HR,2021-01-01,106.2,b,
ESTAT:LFSA_EGAN2(1.0),17/04/26 11:00:00,A,THS_PER,T,Y_GE15,A,HU,2021-01-01,202.3,b,
ESTAT:LFSA_EGAN2(1.0),17/04/26 11:00:00,A,THS_PER,T,Y_GE15,A,IE,2021-01-01,109.4,b,
ESTAT:LFSA_EGAN2(1.0),17/04/26 11:00:00,A,THS_PER,T,Y_GE15,A,IS,2021-01-01,8.1,b,
ESTAT:LFSA_EGAN2(1.0),17/04/26 11:00:00,A,THS_PER,T,Y_GE15,A,IT,2021-01-01,913.5,b,
ESTAT:LFSA_EGAN2(1.0),17/04/26 11:00:00,A,THS_PER,T,Y_GE15,A,LT,2021-01-01,72.7,b,
ESTAT:LFSA_EGAN2(1.0),17/04/26 11:00:00,A,THS_PER,T,Y_GE15,A,LU,2021-01-01,3.3,b,
ESTAT:LFSA_EGAN2(1.0),17/04/26 11:00:00,A,THS_PER,T,Y_GE15,A,LV,2021-01-01,58.9,b,
ESTAT:LFSA_EGAN2(1.0),17/04/26 11:00:00,A,THS_PER,T,Y_GE15,A,MK,2021-01-01,81.8,b,
ESTAT:LFSA_EGAN2(1.0),17/04/26 11:00:00,A,THS_PER,T,Y_GE15,A,MT,2021-01-01,2.2,b,
ESTAT:LFSA_EGAN2(1.0),17/04/26 11:00:00,A,THS_PER,T,Y_GE15,A,NL,2021-01-01,205.1,b,
ESTAT:LFSA_EGAN2(1.0),17/04/26 11:00:00,A,THS_PER,T,Y_GE15,A,NO,2021-01-01,65.4,b,
ESTAT:LFSA_EGAN2(1.0),17/04/26 11:00:00,A,THS_PER,T,Y_GE15,A,PL,2021-01-01,1387.4,b,
ESTAT:LFSA_EGAN2(1.0),17/04/26 11:00:00,A,THS_PER,T,Y_GE15,A,PT,2021-01-01,135.4,b,
ESTAT:LFSA_EGAN2(1.0),17/04/26 11:00:00,A,THS_PER,T,Y_GE15,A,RO,2021-01-01,911.4,b,
ESTAT:LFSA_EGAN2(1.0),17/04/26 11:00:00,A,THS_PER,T,Y_GE15,A,RS,2021-01-01,390.5,b,
ESTAT:LFSA_EGAN2(1.0),17/04/26 11:00:00,A,THS_PER,T,Y_GE15,A,SE,2021-01-01,99.9,b,
ESTAT:LFSA_EGAN2(1.0),17/04/26 11:00:00,A,THS_PER,T,Y_GE15,A,SI,2021-01-01,39.2,b,
ESTAT:LFSA_EGAN2(1.0),17/04/26 11:00:00,A,THS_PER,T,Y_GE15,A,SK,2021-01-01,63.2,b,
ESTAT:LFSA_EGAN2(1.0),17/04/26 11:00:00,A,THS_PER,T,Y_GE15,A,TR,2021-01-01,4948.3,b,
ESTAT:LFSA_EGAN2(1.0),17/04/26 11:00:00,A,THS_PER,T,Y_GE15,C,AT,2021-01-01,716.1,b,
ESTAT:LFSA_EGAN2(1.0),17/04/26 11:00:00,A,THS_PER,T,Y_GE15,C,BA,2021-01-01,218.6,b,
ESTAT:LFSA_EGAN2(1.0),17/04/26 11:00:00,A,THS_PER,T,Y_GE15,C,BE,2021-01-01,556.1,b,
ESTAT:LFSA_EGAN2(1.0),17/04/26 11:00:00,A,THS_PER,T,Y_GE15,C,BG,2021-01-01,535.7,b,
ESTAT:LFSA_EGAN2(1.0),17/04/26 11:00:00,A,THS_PER,T,Y_GE15,C,CH,2021-01-01,543.1,b,
ESTAT:LFSA_EGAN2(1.0),17/04/26 11:00:00,A,THS_PER,T,Y_GE15,C,CY,2021-01-01,32.6,b,
ESTAT:LFSA_EGAN2(1.0),17/04/26 11:00:00,A,THS_PER,T,Y_GE15,C,CZ,2021-01-01,1358.2,b,
ESTAT:LFSA_EGAN2(1.0),17/04/26 11:00:00,A,THS_PER,T,Y_GE15,C,DE,2021-01-01,8097.1,b,
ESTAT:LFSA_EGAN2(1.0),17/04/26 11:00:00,A,THS_PER,T,Y_GE15,C,DK,2021-01-01,332.4,b,
ESTAT:LFSA_EGAN2(1.0),17/04/26 11:00:00,A,THS_PER,T,Y_GE15,C,EA21,2021-01-01,23810.6,b,
ESTAT:LFSA_EGAN2(1.0),17/04/26 11:00:00,A,THS_PER,T,Y_GE15,C,EE,2021-01-01,119.1,b,
ESTAT:LFSA_EGAN2(1.0),17/04/26 11:00:00,A,THS_PER,T,Y_GE15,C,EL,2021-01-01,390.0,b,
ESTAT:LFSA_EGAN2(1.0),17/04/26 11:00:00,A,THS_PER,T,Y_GE15,C,ES,2021-01-01,2434.3,bd,
ESTAT:LFSA_EGAN2(1.0),17/04/26 11:00:00,A,THS_PER,T,Y_GE15,C,EU27_2020,2021-01-01,31809.6,b,
ESTAT:LFSA_EGAN2(1.0),17/04/26 11:00:00,A,THS_PER,T,Y_GE15,C,FI,2021-01-01,323.3,b,
ESTAT:LFSA_EGAN2(1.0),17/04/26 11:00:00,A,THS_PER,T,Y_GE15,C,FR,2021-01-01,3039.1,bd,
ESTAT:LFSA_EGAN2(1.0),17/04/26 11:00:00,A,THS_PER,T,Y_GE15,C,HR,2021-01-01,278.7,b,
ESTAT:LFSA_EGAN2(1.0),17/04/26 11:00:00,A,THS_PER,T,Y_GE15,C,HU,2021-01-01,975.4,b,
ESTAT:LFSA_EGAN2(1.0),17/04/26 11:00:00,A,THS_PER,T,Y_GE15,C,IE,2021-01-01,282.9,b,
ESTAT:LFSA_EGAN2(1.0),17/04/26 11:00:00,A,THS_PER,T,Y_GE15,C,IS,2021-01-01,18.7,b,
ESTAT:LFSA_EGAN2(1.0),17/04/26 11:00:00,A,THS_PER,T,Y_GE15,C,IT,2021-01-01,4184.6,b,
ESTAT:LFSA_EGAN2(1.0),17/04/26 11:00:00,A,THS_PER,T,Y_GE15,C,LT,2021-01-01,226.5,b,
ESTAT:LFSA_EGAN2(1.0),17/04/26 11:00:00,A,THS_PER,T,Y_GE15,C,LU,2021-01-01,9.7,b,
ESTAT:LFSA_EGAN2(1.0),17/04/26 11:00:00,A,THS_PER,T,Y_GE15,C,LV,2021-01-01,109.3,b,
ESTAT:LFSA_EGAN2(1.0),17/04/26 11:00:00,A,THS_PER,T,Y_GE15,C,MK,2021-01-01,133.0,b,
ESTAT:LFSA_EGAN2(1.0),17/04/26 11:00:00,A,THS_PER,T,Y_GE15,C,MT,2021-01-01,28.0,b,
ESTAT:LFSA_EGAN2(1.0),17/04/26 11:00:00,A,THS_PER,T,Y_GE15,C,NL,2021-01-01,774.2,b,
ESTAT:LFSA_EGAN2(1.0),17/04/26 11:00:00,A,THS_PER,T,Y_GE15,C,NO,2021-01-01,201.7,b,
ESTAT:LFSA_EGAN2(1.0),17/04/26 11:00:00,A,THS_PER,T,Y_GE15,C,PL,2021-01-01,3313.8,b,
ESTAT:LFSA_EGAN2(1.0),17/04/26 11:00:00,A,THS_PER,T,Y_GE15,C,PT,2021-01-01,822.2,b,
ESTAT:LFSA_EGAN2(1.0),17/04/26 11:00:00,A,THS_PER,T,Y_GE15,C,RO,2021-01-01,1524.2,b,
ESTAT:LFSA_EGAN2(1.0),17/04/26 11:00:00,A,THS_PER,T,Y_GE15,C,RS,2021-01-01,541.6,b,
ESTAT:LFSA_EGAN2(1.0),17/04/26 11:00:00,A,THS_PER,T,Y_GE15,C,SE,2021-01-01,494.9,b,
ESTAT:LFSA_EGAN2(1.0),17/04/26 11:00:00,A,THS_PER,T,Y_GE15,C,SI,2021-01-01,214.3,b,
ESTAT:LFSA_EGAN2(1.0),17/04/26 11:00:00,A,THS_PER,T,Y_GE15,C,SK,2021-01-01,636.5,b,
ESTAT:LFSA_EGAN2(1.0),17/04/26 11:00:00,A,THS_PER,T,Y_GE15,C,TR,2021-01-01,5689.5,b,
ESTAT:LFSA_EGAN2(1.0),17/04/26 11:00:00,A,THS_PER,T,Y_GE15,F,AT,2021-01-01,323.9,b,
ESTAT:LFSA_EGAN2(1.0),17/04/26 11:00:00,A,THS_PER,T,Y_GE15,F,BA,2021-01-01,105.2,b,
ESTAT:LFSA_EGAN2(1.0),17/04/26 11:00:00,A,THS_PER,T,Y_GE15,F,BE,2021-01-01,311.9,b,
ESTAT:LFSA_EGAN2(1.0),17/04/26 11:00:00,A,THS_PER,T,Y_GE15,F,BG,2021-01-01,247.1,b,
ESTAT:LFSA_EGAN2(1.0),17/04/26 11:00:00,A,THS_PER,T,Y_GE15,F,CH,2021-01-01,299.6,b,
ESTAT:LFSA_EGAN2(1.0),17/04/26 11:00:00,A,THS_PER,T,Y_GE15,F,CY,2021-01-01,41.0,b,
ESTAT:LFSA_EGAN2(1.0),17/04/26 11:00:00,A,THS_PER,T,Y_GE15,F,CZ,2021-01-01,413.4,b,
ESTAT:LFSA_EGAN2(1.0),17/04/26 11:00:00,A,THS_PER,T,Y_GE15,F,DE,2021-01-01,2392.1,b,
ESTAT:LFSA_EGAN2(1.0),17/04/26 11:00:00,A,THS_PER,T,Y_GE15,F,DK,2021-01-01,194.6,b,
ESTAT:LFSA_EGAN2(1.0),17/04/26 11:00:00,A,THS_PER,T,Y_GE15,F,EA21,2021-01-01,9697.5,b,
ESTAT:LFSA_EGAN2(1.0),17/04/26 11:00:00,A,THS_PER,T,Y_GE15,F,EE,2021-01-01,57.2,b,
ESTAT:LFSA_EGAN2(1.0),17/04/26 11:00:00,A,THS_PER,T,Y_GE15,F,EL,2021-01-01,141.8,b,
ESTAT:LFSA_EGAN2(1.0),17/04/26 11:00:00,A,THS_PER,T,Y_GE15,F,ES,2021-01-01,1315.2,bd,
ESTAT:LFSA_EGAN2(1.0),17/04/26 11:00:00,A,THS_PER,T,Y_GE15,F,EU27_2020,2021-01-01,13159.7,b,
ESTAT:LFSA_EGAN2(1.0),17/04/26 11:00:00,A,THS_PER,T,Y_GE15,F,FI,2021-01-01,189.1,b,
ESTAT:LFSA_EGAN2(1.0),17/04/26 11:00:00,A,THS_PER,T,Y_GE15,F,FR,2021-01-01,1777.5,bd,
ESTAT:LFSA_EGAN2(1.0),17/04/26 11:00:00,A,THS_PER,T,Y_GE15,F,HR,2021-01-01,118.0,b,
ESTAT:LFSA_EGAN2(1.0),17/04/26 11:00:00,A,THS_PER,T,Y_GE15,F,HU,2021-01-01,375.4,b,
ESTAT:LFSA_EGAN2(1.0),17/04/26 11:00:00,A,THS_PER,T,Y_GE15,F,IE,2021-01-01,141.0,b,
ESTAT:LFSA_EGAN2(1.0),17/04/26 11:00:00,A,THS_PER,T,Y_GE15,F,IS,2021-01-01,15.6,b,
ESTAT:LFSA_EGAN2(1.0),17/04/26 11:00:00,A,THS_PER,T,Y_GE15,F,IT,2021-01-01,1430.8,b,
ESTAT:LFSA_EGAN2(1.0),17/04/26 11:00:00,A,THS_PER,T,Y_GE15,F,LT,2021-01-01,101.5,b,
ESTAT:LFSA_EGAN2(1.0),17/04/26 11:00:00,A,THS_PER,T,Y_GE15,F,LU,2021-01-01,15.8,b,
ESTAT:LFSA_EGAN2(1.0),17/04/26 11:00:00,A,THS_PER,T,Y_GE15,F,LV,2021-01-01,72.3,b,
ESTAT:LFSA_EGAN2(1.0),17/04/26 11:00:00,A,THS_PER,T,Y_GE15,F,MK,2021-01-01,45.2,b,
ESTAT:LFSA_EGAN2(1.0),17/04/26 11:00:00,A,THS_PER,T,Y_GE15,F,MT,2021-01-01,17.6,b,
ESTAT:LFSA_EGAN2(1.0),17/04/26 11:00:00,A,THS_PER,T,Y_GE15,F,NL,2021-01-01,396.6,b,
ESTAT:LFSA_EGAN2(1.0),17/04/26 11:00:00,A,THS_PER,T,Y_GE15,F,NO,2021-01-01,231.1,b,
ESTAT:LFSA_EGAN2(1.0),17/04/26 11:00:00,A,THS_PER,T,Y_GE15,F,PL,2021-01-01,1365.8,b,
ESTAT:LFSA_EGAN2(1.0),17/04/26 11:00:00,A,THS_PER,T,Y_GE15,F,PT,2021-01-01,314.9,b,
ESTAT:LFSA_EGAN2(1.0),17/04/26 11:00:00,A,THS_PER,T,Y_GE15,F,RO,2021-01-01,763.8,b,
ESTAT:LFSA_EGAN2(1.0),17/04/26 11:00:00,A,THS_PER,T,Y_GE15,F,RS,2021-01-01,165.2,b,
ESTAT:LFSA_EGAN2(1.0),17/04/26 11:00:00,A,THS_PER,T,Y_GE15,F,SE,2021-01-01,349.2,b,
ESTAT:LFSA_EGAN2(1.0),17/04/26 11:00:00,A,THS_PER,T,Y_GE15,F,SI,2021-01-01,52.5,b,
ESTAT:LFSA_EGAN2(1.0),17/04/26 11:00:00,A,THS_PER,T,Y_GE15,F,SK,2021-01-01,239.9,b,
ESTAT:LFSA_EGAN2(1.0),17/04/26 11:00:00,A,THS_PER,T,Y_GE15,F,TR,2021-01-01,1769.9,b,
ESTAT:LFSA_EGAN2(1.0),17/04/26 11:00:00,A,THS_PER,T,Y_GE15,G,AT,2021-01-01,614.6,b,
ESTAT:LFSA_EGAN2(1.0),17/04/26 11:00:00,A,THS_PER,T,Y_GE15,G,BA,2021-01-01,169.7,b,
ESTAT:LFSA_EGAN2(1.0),17/04/26 11:00:00,A,THS_PER,T,Y_GE15,G,BE,2021-01-01,597.5,b,
ESTAT:LFSA_EGAN2(1.0),17/04/26 11:00:00,A,THS_PER,T,Y_GE15,G,BG,2021-01-01,476.8,b,
ESTAT:LFSA_EGAN2(1.0),17/04/26 11:00:00,A,THS_PER,T,Y_GE15,G,CH,2021-01-01,528.1,b,
ESTAT:LFSA_EGAN2(1.0),17/04/26 11:00:00,A,THS_PER,T,Y_GE15,G,CY,2021-01-01,74.0,b,
ESTAT:LFSA_EGAN2(1.0),17/04/26 11:00:00,A,THS_PER,T,Y_GE15,G,CZ,2021-01-01,577.0,b,
ESTAT:LFSA_EGAN2(1.0),17/04/26 11:00:00,A,THS_PER,T,Y_GE15,G,DE,2021-01-01,5175.3,b,
ESTAT:LFSA_EGAN2(1.0),17/04/26 11:00:00,A,THS_PER,T,Y_GE15,G,DK,2021-01-01,427.6,b,
ESTAT:LFSA_EGAN2(1.0),17/04/26 11:00:00,A,THS_PER,T,Y_GE15,G,EA21,2021-01-01,21062.0,b,
ESTAT:LFSA_EGAN2(1.0),17/04/26 11:00:00,A,THS_PER,T,Y_GE15,G,EE,2021-01-01,82.2,b,
ESTAT:LFSA_EGAN2(1.0),17/04/26 11:00:00,A,THS_PER,T,Y_GE15,G,EL,2021-01-01,696.8,b,
ESTAT:LFSA_EGAN2(1.0),17/04/26 11:00:00,A,THS_PER,T,Y_GE15,G,ES,2021-01-01,2970.3,bd,
ESTAT:LFSA_EGAN2(1.0),17/04/26 11:00:00,A,THS_PER,T,Y_GE15,G,EU27_2020,2021-01-01,26910.5,b,
ESTAT:LFSA_EGAN2(1.0),17/04/26 11:00:00,A,THS_PER,T,Y_GE15,G,FI,2021-01-01,291.7,b,
ESTAT:LFSA_EGAN2(1.0),17/04/26 11:00:00,A,THS_PER,T,Y_GE15,G,FR,2021-01-01,3456.3,bd,
ESTAT:LFSA_EGAN2(1.0),17/04/26 11:00:00,A,THS_PER,T,Y_GE15,G,HR,2021-01-01,219.0,b,
ESTAT:LFSA_EGAN2(1.0),17/04/26 11:00:00,A,THS_PER,T,Y_GE15,G,HU,2021-01-01,574.7,b,
ESTAT:LFSA_EGAN2(1.0),17/04/26 11:00:00,A,THS_PER,T,Y_GE15,G,IE,2021-01-01,309.1,b,
ESTAT:LFSA_EGAN2(1.0),17/04/26 11:00:00,A,THS_PER,T,Y_GE15,G,IS,2021-01-01,24.0,b,
ESTAT:LFSA_EGAN2(1.0),17/04/26 11:00:00,A,THS_PER,T,Y_GE15,G,IT,2021-01-01,3106.6,b,
ESTAT:LFSA_EGAN2(1.0),17/04/26 11:00:00,A,THS_PER,T,Y_GE15,G,LT,2021-01-01,204.9,b,
ESTAT:LFSA_EGAN2(1.0),17/04/26 11:00:00,A,THS_PER,T,Y_GE15,G,LU,2021-01-01,26.0,b,
ESTAT:LFSA_EGAN2(1.0),17/04/26 11:00:00,A,THS_PER,T,Y_GE15,G,LV,2021-01-01,132.5,b,
ESTAT:LFSA_EGAN2(1.0),17/04/26 11:00:00,A,THS_PER,T,Y_GE15,G,MK,2021-01-01,107.6,b,
ESTAT:LFSA_EGAN2(1.0),17/04/26 11:00:00,A,THS_PER,T,Y_GE15,G,MT,2021-01-01,31.9,b,
ESTAT:LFSA_EGAN2(1.0),17/04/26 11:00:00,A,THS_PER,T,Y_GE15,G,NL,2021-01-01,1449.8,b,
ESTAT:LFSA_EGAN2(1.0),17/04/26 11:00:00,A,THS_PER,T,Y_GE15,G,NO,2021-01-01,351.4,b,
ESTAT:LFSA_EGAN2(1.0),17/04/26 11:00:00,A,THS_PER,T,Y_GE15,G,PL,2021-01-01,2369.2,b,
ESTAT:LFSA_EGAN2(1.0),17/04/26 11:00:00,A,THS_PER,T,Y_GE15,G,PT,2021-01-01,718.5,b,
ESTAT:LFSA_EGAN2(1.0),17/04/26 11:00:00,A,THS_PER,T,Y_GE15,G,RO,2021-01-01,1369.0,b,
ESTAT:LFSA_EGAN2(1.0),17/04/26 11:00:00,A,THS_PER,T,Y_GE15,G,RS,2021-01-01,385.3,b,
ESTAT:LFSA_EGAN2(1.0),17/04/26 11:00:00,A,THS_PER,T,Y_GE15,G,SE,2021-01-01,531.0,b,
ESTAT:LFSA_EGAN2(1.0),17/04/26 11:00:00,A,THS_PER,T,Y_GE15,G,SI,2021-01-01,115.2,b,
ESTAT:LFSA_EGAN2(1.0),17/04/26 11:00:00,A,THS_PER,T,Y_GE15,G,SK,2021-01-01,313.1,b,
ESTAT:LFSA_EGAN2(1.0),17/04/26 11:00:00,A,THS_PER,T,Y_GE15,G,TR,2021-01-01,4051.1,b,
ESTAT:LFSA_EGAN2(1.0),17/04/26 11:00:00,A,THS_PER,T,Y_GE15,H,AT,2021-01-01,216.1,b,
ESTAT:LFSA_EGAN2(1.0),17/04/26 11:00:00,A,THS_PER,T,Y_GE15,H,BA,2021-01-01,66.8,b,
ESTAT:LFSA_EGAN2(1.0),17/04/26 11:00:00,A,THS_PER,T,Y_GE15,H,BE,2021-01-01,273.0,b,
ESTAT:LFSA_EGAN2(1.0),17/04/26 11:00:00,A,THS_PER,T,Y_GE15,H,BG,2021-01-01,194.8,b,
ESTAT:LFSA_EGAN2(1.0),17/04/26 11:00:00,A,THS_PER,T,Y_GE15,H,CH,2021-01-01,196.1,b,
ESTAT:LFSA_EGAN2(1.0),17/04/26 11:00:00,A,THS_PER,T,Y_GE15,H,CY,2021-01-01,16.4,b,
ESTAT:LFSA_EGAN2(1.0),17/04/26 11:00:00,A,THS_PER,T,Y_GE15,H,CZ,2021-01-01,311.9,b,
ESTAT:LFSA_EGAN2(1.0),17/04/26 11:00:00,A,THS_PER,T,Y_GE15,H,DE,2021-01-01,1887.0,b,
ESTAT:LFSA_EGAN2(1.0),17/04/26 11:00:00,A,THS_PER,T,Y_GE15,H,DK,2021-01-01,124.0,b,
ESTAT:LFSA_EGAN2(1.0),17/04/26 11:00:00,A,THS_PER,T,Y_GE15,H,EA21,2021-01-01,7831.8,b,
ESTAT:LFSA_EGAN2(1.0),17/04/26 11:00:00,A,THS_PER,T,Y_GE15,H,EE,2021-01-01,46.8,b,
ESTAT:LFSA_EGAN2(1.0),17/04/26 11:00:00,A,THS_PER,T,Y_GE15,H,EL,2021-01-01,208.3,b,
ESTAT:LFSA_EGAN2(1.0),17/04/26 11:00:00,A,THS_PER,T,Y_GE15,H,ES,2021-01-01,1028.3,bd,
ESTAT:LFSA_EGAN2(1.0),17/04/26 11:00:00,A,THS_PER,T,Y_GE15,H,EU27_2020,2021-01-01,10471.4,b,
ESTAT:LFSA_EGAN2(1.0),17/04/26 11:00:00,A,THS_PER,T,Y_GE15,H,FI,2021-01-01,135.5,b,
ESTAT:LFSA_EGAN2(1.0),17/04/26 11:00:00,A,THS_PER,T,Y_GE15,H,FR,2021-01-01,1411.6,bd,
ESTAT:LFSA_EGAN2(1.0),17/04/26 11:00:00,A,THS_PER,T,Y_GE15,H,HR,2021-01-01,100.2,b,
ESTAT:LFSA_EGAN2(1.0),17/04/26 11:00:00,A,THS_PER,T,Y_GE15,H,HU,2021-01-01,284.7,b,
ESTAT:LFSA_EGAN2(1.0),17/04/26 11:00:00,A,THS_PER,T,Y_GE15,H,IE,2021-01-01,102.9,b,
ESTAT:LFSA_EGAN2(1.0),17/04/26 11:00:00,A,THS_PER,T,Y_GE15,H,IS,2021-01-01,9.6,b,
ESTAT:LFSA_EGAN2(1.0),17/04/26 11:00:00,A,THS_PER,T,Y_GE15,H,IT,2021-01-01,1141.3,b,
ESTAT:LFSA_EGAN2(1.0),17/04/26 11:00:00,A,THS_PER,T,Y_GE15,H,LT,2021-01-01,104.1,b,
ESTAT:LFSA_EGAN2(1.0),17/04/26 11:00:00,A,THS_PER,T,Y_GE15,H,LU,2021-01-01,11.9,b,
ESTAT:LFSA_EGAN2(1.0),17/04/26 11:00:00,A,THS_PER,T,Y_GE15,H,LV,2021-01-01,66.9,b,
ESTAT:LFSA_EGAN2(1.0),17/04/26 11:00:00,A,THS_PER,T,Y_GE15,H,MK,2021-01-01,36.2,b,
ESTAT:LFSA_EGAN2(1.0),17/04/26 11:00:00,A,THS_PER,T,Y_GE15,H,MT,2021-01-01,13.8,b,
ESTAT:LFSA_EGAN2(1.0),17/04/26 11:00:00,A,THS_PER,T,Y_GE15,H,NL,2021-01-01,460.2,b,
ESTAT:LFSA_EGAN2(1.0),17/04/26 11:00:00,A,THS_PER,T,Y_GE15,H,NO,2021-01-01,128.9,b,
ESTAT:LFSA_EGAN2(1.0),17/04/26 11:00:00,A,THS_PER,T,Y_GE15,H,PL,2021-01-01,1165.3,b,
ESTAT:LFSA_EGAN2(1.0),17/04/26 11:00:00,A,THS_PER,T,Y_GE15,H,PT,2021-01-01,215.2,b,
ESTAT:LFSA_EGAN2(1.0),17/04/26 11:00:00,A,THS_PER,T,Y_GE15,H,RO,2021-01-01,544.0,b,
ESTAT:LFSA_EGAN2(1.0),17/04/26 11:00:00,A,THS_PER,T,Y_GE15,H,RS,2021-01-01,158.1,b,
ESTAT:LFSA_EGAN2(1.0),17/04/26 11:00:00,A,THS_PER,T,Y_GE15,H,SE,2021-01-01,209.8,b,
ESTAT:LFSA_EGAN2(1.0),17/04/26 11:00:00,A,THS_PER,T,Y_GE15,H,SI,2021-01-01,46.6,b,
ESTAT:LFSA_EGAN2(1.0),17/04/26 11:00:00,A,THS_PER,T,Y_GE15,H,SK,2021-01-01,150.9,b,
ESTAT:LFSA_EGAN2(1.0),17/04/26 11:00:00,A,THS_PER,T,Y_GE15,H,TR,2021-01-01,1338.9,b,
ESTAT:LFSA_EGAN2(1.0),17/04/26 11:00:00,A,THS_PER,T,Y_GE15,I,AT,2021-01-01,216.2,b,
ESTAT:LFSA_EGAN2(1.0),17/04/26 11:00:00,A,THS_PER,T,Y_GE15,I,BA,2021-01-01,57.8,b,
ESTAT:LFSA_EGAN2(1.0),17/04/26 11:00:00,A,THS_PER,T,Y_GE15,I,BE,2021-01-01,141.9,b,
ESTAT:LFSA_EGAN2(1.0),17/04/26 11:00:00,A,THS_PER,T,Y_GE15,I,BG,2021-01-01,114.7,b,
ESTAT:LFSA_EGAN2(1.0),17/04/26 11:00:00,A,THS_PER,T,Y_GE15,I,CH,2021-01-01,159.1,b,
ESTAT:LFSA_EGAN2(1.0),17/04/26 11:00:00,A,THS_PER,T,Y_GE15,I,CY,2021-01-01,29.1,b,
ESTAT:LFSA_EGAN2(1.0),17/04/26 11:00:00,A,THS_PER,T,Y_GE15,I,CZ,2021-01-01,150.9,b,
ESTAT:LFSA_EGAN2(1.0),17/04/26 11:00:00,A,THS_PER,T,Y_GE15,I,DE,2021-01-01,1160.9,b,
ESTAT:LFSA_EGAN2(1.0),17/04/26 11:00:00,A,THS_PER,T,Y_GE15,I,DK,2021-01-01,97.6,b,
ESTAT:LFSA_EGAN2(1.0),17/04/26 11:00:00,A,THS_PER,T,Y_GE15,I,EA21,2021-01-01,6806.6,b,
ESTAT:LFSA_EGAN2(1.0),17/04/26 11:00:00,A,THS_PER,T,Y_GE15,I,EE,2021-01-01,21.6,b,
ESTAT:LFSA_EGAN2(1.0),17/04/26 11:00:00,A,THS_PER,T,Y_GE15,I,EL,2021-01-01,324.5,b,
ESTAT:LFSA_EGAN2(1.0),17/04/26 11:00:00,A,THS_PER,T,Y_GE15,I,ES,2021-01-01,1467.7,bd,
ESTAT:LFSA_EGAN2(1.0),17/04/26 11:00:00,A,THS_PER,T,Y_GE15,I,EU27_2020,2021-01-01,7933.9,b,
ESTAT:LFSA_EGAN2(1.0),17/04/26 11:00:00,A,THS_PER,T,Y_GE15,I,FI,2021-01-01,86.3,b,
ESTAT:LFSA_EGAN2(1.0),17/04/26 11:00:00,A,THS_PER,T,Y_GE15,I,FR,2021-01-01,975.1,bd,
ESTAT:LFSA_EGAN2(1.0),17/04/26 11:00:00,A,THS_PER,T,Y_GE15,I,HR,2021-01-01,91.5,b,
ESTAT:LFSA_EGAN2(1.0),17/04/26 11:00:00,A,THS_PER,T,Y_GE15,I,HU,2021-01-01,172.0,b,
ESTAT:LFSA_EGAN2(1.0),17/04/26 11:00:00,A,THS_PER,T,Y_GE15,I,IE,2021-01-01,141.2,b,
ESTAT:LFSA_EGAN2(1.0),17/04/26 11:00:00,A,THS_PER,T,Y_GE15,I,IS,2021-01-01,10.4,b,
ESTAT:LFSA_EGAN2(1.0),17/04/26 11:00:00,A,THS_PER,T,Y_GE15,I,IT,2021-01-01,1202.8,b,
ESTAT:LFSA_EGAN2(1.0),17/04/26 11:00:00,A,THS_PER,T,Y_GE15,I,LT,2021-01-01,34.9,b,
ESTAT:LFSA_EGAN2(1.0),17/04/26 11:00:00,A,THS_PER,T,Y_GE15,I,LU,2021-01-01,9.9,b,
ESTAT:LFSA_EGAN2(1.0),17/04/26 11:00:00,A,THS_PER,T,Y_GE15,I,LV,2021-01-01,25.8,b,
ESTAT:LFSA_EGAN2(1.0),17/04/26 11:00:00,A,THS_PER,T,Y_GE15,I,MK,2021-01-01,23.5,b,
ESTAT:LFSA_EGAN2(1.0),17/04/26 11:00:00,A,THS_PER,T,Y_GE15,I,MT,2021-01-01,15.9,b,
ESTAT:LFSA_EGAN2(1.0),17/04/26 11:00:00,A,THS_PER,T,Y_GE15,I,NL,2021-01-01,379.6,b,
ESTAT:LFSA_EGAN2(1.0),17/04/26 11:00:00,A,THS_PER,T,Y_GE15,I,NO,2021-01-01,87.0,b,
ESTAT:LFSA_EGAN2(1.0),17/04/26 11:00:00,A,THS_PER,T,Y_GE15,I,PL,2021-01-01,381.5,b,
ESTAT:LFSA_EGAN2(1.0),17/04/26 11:00:00,A,THS_PER,T,Y_GE15,I,PT,2021-01-01,253.3,b,
ESTAT:LFSA_EGAN2(1.0),17/04/26 11:00:00,A,THS_PER,T,Y_GE15,I,RO,2021-01-01,197.1,b,
ESTAT:LFSA_EGAN2(1.0),17/04/26 11:00:00,A,THS_PER,T,Y_GE15,I,RS,2021-01-01,89.9,b,
ESTAT:LFSA_EGAN2(1.0),17/04/26 11:00:00,A,THS_PER,T,Y_GE15,I,SE,2021-01-01,128.3,b,
ESTAT:LFSA_EGAN2(1.0),17/04/26 11:00:00,A,THS_PER,T,Y_GE15,I,SI,2021-01-01,29.6,b,
ESTAT:LFSA_EGAN2(1.0),17/04/26 11:00:00,A,THS_PER,T,Y_GE15,I,SK,2021-01-01,84.0,b,
ESTAT:LFSA_EGAN2(1.0),17/04/26 11:00:00,A,THS_PER,T,Y_GE15,I,TR,2021-01-01,1422.5,b,
ESTAT:LFSA_EGAN2(1.0),17/04/26 11:00:00,A,THS_PER,T,Y_GE15,J,AT,2021-01-01,138.9,b,
ESTAT:LFSA_EGAN2(1.0),17/04/26 11:00:00,A,THS_PER,T,Y_GE15,J,BA,2021-01-01,23.0,b,
ESTAT:LFSA_EGAN2(1.0),17/04/26 11:00:00,A,THS_PER,T,Y_GE15,J,BE,2021-01-01,213.5,b,
ESTAT:LFSA_EGAN2(1.0),17/04/26 11:00:00,A,THS_PER,T,Y_GE15,J,BG,2021-01-01,94.3,b,
ESTAT:LFSA_EGAN2(1.0),17/04/26 11:00:00,A,THS_PER,T,Y_GE15,J,CH,2021-01-01,167.9,b,
ESTAT:LFSA_EGAN2(1.0),17/04/26 11:00:00,A,THS_PER,T,Y_GE15,J,CY,2021-01-01,15.3,b,
ESTAT:LFSA_EGAN2(1.0),17/04/26 11:00:00,A,THS_PER,T,Y_GE15,J,CZ,2021-01-01,210.5,b,
ESTAT:LFSA_EGAN2(1.0),17/04/26 11:00:00,A,THS_PER,T,Y_GE15,J,DE,2021-01-01,1566.5,b,
ESTAT:LFSA_EGAN2(1.0),17/04/26 11:00:00,A,THS_PER,T,Y_GE15,J,DK,2021-01-01,122.8,b,
ESTAT:LFSA_EGAN2(1.0),17/04/26 11:00:00,A,THS_PER,T,Y_GE15,J,EA21,2021-01-01,5625.1,b,
ESTAT:LFSA_EGAN2(1.0),17/04/26 11:00:00,A,THS_PER,T,Y_GE15,J,EE,2021-01-01,31.9,b,
ESTAT:LFSA_EGAN2(1.0),17/04/26 11:00:00,A,THS_PER,T,Y_GE15,J,EL,2021-01-01,102.2,b,
ESTAT:LFSA_EGAN2(1.0),17/04/26 11:00:00,A,THS_PER,T,Y_GE15,J,ES,2021-01-01,666.5,bd,
ESTAT:LFSA_EGAN2(1.0),17/04/26 11:00:00,A,THS_PER,T,Y_GE15,J,EU27_2020,2021-01-01,7140.9,b,
ESTAT:LFSA_EGAN2(1.0),17/04/26 11:00:00,A,THS_PER,T,Y_GE15,J,FI,2021-01-01,126.6,b,
ESTAT:LFSA_EGAN2(1.0),17/04/26 11:00:00,A,THS_PER,T,Y_GE15,J,FR,2021-01-01,982.7,bd,
ESTAT:LFSA_EGAN2(1.0),17/04/26 11:00:00,A,THS_PER,T,Y_GE15,J,HR,2021-01-01,45.2,b,
ESTAT:LFSA_EGAN2(1.0),17/04/26 11:00:00,A,THS_PER,T,Y_GE15,J,HU,2021-01-01,168.8,b,
ESTAT:LFSA_EGAN2(1.0),17/04/26 11:00:00,A,THS_PER,T,Y_GE15,J,IE,2021-01-01,153.0,b,
ESTAT:LFSA_EGAN2(1.0),17/04/26 11:00:00,A,THS_PER,T,Y_GE15,J,IS,2021-01-01,9.1,b,
ESTAT:LFSA_EGAN2(1.0),17/04/26 11:00:00,A,THS_PER,T,Y_GE15,J,IT,2021-01-01,655.7,b,
ESTAT:LFSA_EGAN2(1.0),17/04/26 11:00:00,A,THS_PER,T,Y_GE15,J,LT,2021-01-01,50.5,b,
ESTAT:LFSA_EGAN2(1.0),17/04/26 11:00:00,A,THS_PER,T,Y_GE15,J,LU,2021-01-01,13.6,b,
ESTAT:LFSA_EGAN2(1.0),17/04/26 11:00:00,A,THS_PER,T,Y_GE15,J,LV,2021-01-01,35.9,b,
ESTAT:LFSA_EGAN2(1.0),17/04/26 11:00:00,A,THS_PER,T,Y_GE15,J,MK,2021-01-01,19.1,b,
ESTAT:LFSA_EGAN2(1.0),17/04/26 11:00:00,A,THS_PER,T,Y_GE15,J,MT,2021-01-01,10.3,b,
ESTAT:LFSA_EGAN2(1.0),17/04/26 11:00:00,A,THS_PER,T,Y_GE15,J,NL,2021-01-01,410.2,b,
ESTAT:LFSA_EGAN2(1.0),17/04/26 11:00:00,A,THS_PER,T,Y_GE15,J,NO,2021-01-01,117.6,b,
ESTAT:LFSA_EGAN2(1.0),17/04/26 11:00:00,A,THS_PER,T,Y_GE15,J,PL,2021-01-01,522.8,b,
ESTAT:LFSA_EGAN2(1.0),17/04/26 11:00:00,A,THS_PER,T,Y_GE15,J,PT,2021-01-01,169.1,b,
ESTAT:LFSA_EGAN2(1.0),17/04/26 11:00:00,A,THS_PER,T,Y_GE15,J,RO,2021-01-01,198.4,b,
ESTAT:LFSA_EGAN2(1.0),17/04/26 11:00:00,A,THS_PER,T,Y_GE15,J,RS,2021-01-01,109.4,b,
ESTAT:LFSA_EGAN2(1.0),17/04/26 11:00:00,A,THS_PER,T,Y_GE15,J,SE,2021-01-01,292.5,b,
ESTAT:LFSA_EGAN2(1.0),17/04/26 11:00:00,A,THS_PER,T,Y_GE15,J,SI,2021-01-01,37.6,b,
ESTAT:LFSA_EGAN2(1.0),17/04/26 11:00:00,A,THS_PER,T,Y_GE15,J,SK,2021-01-01,105.4,b,
ESTAT:LFSA_EGAN2(1.0),17/04/26 11:00:00,A,THS_PER,T,Y_GE15,J,TR,2021-01-01,249.2,b,
ESTAT:LFSA_EGAN2(1.0),17/04/26 11:00:00,A,THS_PER,T,Y_GE15,K,AT,2021-01-01,131.9,b,
ESTAT:LFSA_EGAN2(1.0),17/04/26 11:00:00,A,THS_PER,T,Y_GE15,K,BA,2021-01-01,20.6,b,
ESTAT:LFSA_EGAN2(1.0),17/04/26 11:00:00,A,THS_PER,T,Y_GE15,K,BE,2021-01-01,163.7,b,
ESTAT:LFSA_EGAN2(1.0),17/04/26 11:00:00,A,THS_PER,T,Y_GE15,K,BG,2021-01-01,60.7,b,
ESTAT:LFSA_EGAN2(1.0),17/04/26 11:00:00,A,THS_PER,T,Y_GE15,K,CH,2021-01-01,241.6,b,
ESTAT:LFSA_EGAN2(1.0),17/04/26 11:00:00,A,THS_PER,T,Y_GE15,K,CY,2021-01-01,25.0,b,
ESTAT:LFSA_EGAN2(1.0),17/04/26 11:00:00,A,THS_PER,T,Y_GE15,K,CZ,2021-01-01,126.1,b,
ESTAT:LFSA_EGAN2(1.0),17/04/26 11:00:00,A,THS_PER,T,Y_GE15,K,DE,2021-01-01,1223.4,b,
ESTAT:LFSA_EGAN2(1.0),17/04/26 11:00:00,A,THS_PER,T,Y_GE15,K,DK,2021-01-01,82.7,b,
ESTAT:LFSA_EGAN2(1.0),17/04/26 11:00:00,A,THS_PER,T,Y_GE15,K,EA21,2021-01-01,4592.2,b,
ESTAT:LFSA_EGAN2(1.0),17/04/26 11:00:00,A,THS_PER,T,Y_GE15,K,EE,2021-01-01,15.0,b,
ESTAT:LFSA_EGAN2(1.0),17/04/26 11:00:00,A,THS_PER,T,Y_GE15,K,EL,2021-01-01,75.6,b,
ESTAT:LFSA_EGAN2(1.0),17/04/26 11:00:00,A,THS_PER,T,Y_GE15,K,ES,2021-01-01,482.6,bd,
ESTAT:LFSA_EGAN2(1.0),17/04/26 11:00:00,A,THS_PER,T,Y_GE15,K,EU27_2020,2021-01-01,5536.7,b,
ESTAT:LFSA_EGAN2(1.0),17/04/26 11:00:00,A,THS_PER,T,Y_GE15,K,FI,2021-01-01,45.7,b,
ESTAT:LFSA_EGAN2(1.0),17/04/26 11:00:00,A,THS_PER,T,Y_GE15,K,FR,2021-01-01,1006.7,bd,
ESTAT:LFSA_EGAN2(1.0),17/04/26 11:00:00,A,THS_PER,T,Y_GE15,K,HR,2021-01-01,34.7,b,
ESTAT:LFSA_EGAN2(1.0),17/04/26 11:00:00,A,THS_PER,T,Y_GE15,K,HU,2021-01-01,95.0,b,
ESTAT:LFSA_EGAN2(1.0),17/04/26 11:00:00,A,THS_PER,T,Y_GE15,K,IE,2021-01-01,120.3,b,
ESTAT:LFSA_EGAN2(1.0),17/04/26 11:00:00,A,THS_PER,T,Y_GE15,K,IS,2021-01-01,6.4,b,
ESTAT:LFSA_EGAN2(1.0),17/04/26 11:00:00,A,THS_PER,T,Y_GE15,K,IT,2021-01-01,625.1,b,
ESTAT:LFSA_EGAN2(1.0),17/04/26 11:00:00,A,THS_PER,T,Y_GE15,K,LT,2021-01-01,30.4,b,
ESTAT:LFSA_EGAN2(1.0),17/04/26 11:00:00,A,THS_PER,T,Y_GE15,K,LU,2021-01-01,34.1,b,
ESTAT:LFSA_EGAN2(1.0),17/04/26 11:00:00,A,THS_PER,T,Y_GE15,K,LV,2021-01-01,17.7,b,
ESTAT:LFSA_EGAN2(1.0),17/04/26 11:00:00,A,THS_PER,T,Y_GE15,K,MK,2021-01-01,10.2,b,
ESTAT:LFSA_EGAN2(1.0),17/04/26 11:00:00,A,THS_PER,T,Y_GE15,K,MT,2021-01-01,16.0,b,
ESTAT:LFSA_EGAN2(1.0),17/04/26 11:00:00,A,THS_PER,T,Y_GE15,K,NL,2021-01-01,282.7,b,
ESTAT:LFSA_EGAN2(1.0),17/04/26 11:00:00,A,THS_PER,T,Y_GE15,K,NO,2021-01-01,53.8,b,
ESTAT:LFSA_EGAN2(1.0),17/04/26 11:00:00,A,THS_PER,T,Y_GE15,K,PL,2021-01-01,424.8,b,
ESTAT:LFSA_EGAN2(1.0),17/04/26 11:00:00,A,THS_PER,T,Y_GE15,K,PT,2021-01-01,120.1,b,
ESTAT:LFSA_EGAN2(1.0),17/04/26 11:00:00,A,THS_PER,T,Y_GE15,K,RO,2021-01-01,106.0,b,
ESTAT:LFSA_EGAN2(1.0),17/04/26 11:00:00,A,THS_PER,T,Y_GE15,K,RS,2021-01-01,46.3,b,
ESTAT:LFSA_EGAN2(1.0),17/04/26 11:00:00,A,THS_PER,T,Y_GE15,K,SE,2021-01-01,109.8,b,
ESTAT:LFSA_EGAN2(1.0),17/04/26 11:00:00,A,THS_PER,T,Y_GE15,K,SI,2021-01-01,23.7,b,
ESTAT:LFSA_EGAN2(1.0),17/04/26 11:00:00,A,THS_PER,T,Y_GE15,K,SK,2021-01-01,57.0,b,
ESTAT:LFSA_EGAN2(1.0),17/04/26 11:00:00,A,THS_PER,T,Y_GE15,K,TR,2021-01-01,298.0,b,
ESTAT:LFSA_EGAN2(1.0),17/04/26 11:00:00,A,THS_PER,T,Y_GE15,O,AT,2021-01-01,305.8,b,
ESTAT:LFSA_EGAN2(1.0),17/04/26 11:00:00,A,THS_PER,T,Y_GE15,O,BA,2021-01-01,88.7,b,
ESTAT:LFSA_EGAN2(1.0),17/04/26 11:00:00,A,THS_PER,T,Y_GE15,O,BE,2021-01-01,415.5,b,
ESTAT:LFSA_EGAN2(1.0),17/04/26 11:00:00,A,THS_PER,T,Y_GE15,O,BG,2021-01-01,213.1,b,
ESTAT:LFSA_EGAN2(1.0),17/04/26 11:00:00,A,THS_PER,T,Y_GE15,O,CH,2021-01-01,233.1,b,
ESTAT:LFSA_EGAN2(1.0),17/04/26 11:00:00,A,THS_PER,T,Y_GE15,O,CY,2021-01-01,41.3,b,
ESTAT:LFSA_EGAN2(1.0),17/04/26 11:00:00,A,THS_PER,T,Y_GE15,O,CZ,2021-01-01,342.8,b,
ESTAT:LFSA_EGAN2(1.0),17/04/26 11:00:00,A,THS_PER,T,Y_GE15,O,DE,2021-01-01,3281.3,b,
ESTAT:LFSA_EGAN2(1.0),17/04/26 11:00:00,A,THS_PER,T,Y_GE15,O,DK,2021-01-01,158.3,b,
ESTAT:LFSA_EGAN2(1.0),17/04/26 11:00:00,A,THS_PER,T,Y_GE15,O,EA21,2021-01-01,11303.5,b,
ESTAT:LFSA_EGAN2(1.0),17/04/26 11:00:00,A,THS_PER,T,Y_GE15,O,EE,2021-01-01,43.1,b,
ESTAT:LFSA_EGAN2(1.0),17/04/26 11:00:00,A,THS_PER,T,Y_GE15,O,EL,2021-01-01,383.9,b,
ESTAT:LFSA_EGAN2(1.0),17/04/26 11:00:00,A,THS_PER,T,Y_GE15,O,ES,2021-01-01,1363.9,bd,
ESTAT:LFSA_EGAN2(1.0),17/04/26 11:00:00,A,THS_PER,T,Y_GE15,O,EU27_2020,2021-01-01,14166.3,b,
ESTAT:LFSA_EGAN2(1.0),17/04/26 11:00:00,A,THS_PER,T,Y_GE15,O,FI,2021-01-01,117.2,b,
ESTAT:LFSA_EGAN2(1.0),17/04/26 11:00:00,A,THS_PER,T,Y_GE15,O,FR,2021-01-01,2297.8,bd,
ESTAT:LFSA_EGAN2(1.0),17/04/26 11:00:00,A,THS_PER,T,Y_GE15,O,HR,2021-01-01,114.9,b,
ESTAT:LFSA_EGAN2(1.0),17/04/26 11:00:00,A,THS_PER,T,Y_GE15,O,HU,2021-01-01,404.9,b,
ESTAT:LFSA_EGAN2(1.0),17/04/26 11:00:00,A,THS_PER,T,Y_GE15,O,IE,2021-01-01,130.2,b,
ESTAT:LFSA_EGAN2(1.0),17/04/26 11:00:00,A,THS_PER,T,Y_GE15,O,IS,2021-01-01,11.7,b,
ESTAT:LFSA_EGAN2(1.0),17/04/26 11:00:00,A,THS_PER,T,Y_GE15,O,IT,2021-01-01,1147.7,b,
ESTAT:LFSA_EGAN2(1.0),17/04/26 11:00:00,A,THS_PER,T,Y_GE15,O,LT,2021-01-01,89.8,b,
ESTAT:LFSA_EGAN2(1.0),17/04/26 11:00:00,A,THS_PER,T,Y_GE15,O,LU,2021-01-01,33.8,b,
ESTAT:LFSA_EGAN2(1.0),17/04/26 11:00:00,A,THS_PER,T,Y_GE15,O,LV,2021-01-01,62.9,b,
ESTAT:LFSA_EGAN2(1.0),17/04/26 11:00:00,A,THS_PER,T,Y_GE15,O,MK,2021-01-01,50.9,b,
ESTAT:LFSA_EGAN2(1.0),17/04/26 11:00:00,A,THS_PER,T,Y_GE15,O,MT,2021-01-01,17.9,b,
ESTAT:LFSA_EGAN2(1.0),17/04/26 11:00:00,A,THS_PER,T,Y_GE15,O,NL,2021-01-01,629.9,b,
ESTAT:LFSA_EGAN2(1.0),17/04/26 11:00:00,A,THS_PER,T,Y_GE15,O,NO,2021-01-01,178.8,b,
ESTAT:LFSA_EGAN2(1.0),17/04/26 11:00:00,A,THS_PER,T,Y_GE15,O,PL,2021-01-01,1140.5,b,
ESTAT:LFSA_EGAN2(1.0),17/04/26 11:00:00,A,THS_PER,T,Y_GE15,O,PT,2021-01-01,336.0,b,
ESTAT:LFSA_EGAN2(1.0),17/04/26 11:00:00,A,THS_PER,T,Y_GE15,O,RO,2021-01-01,408.3,b,
ESTAT:LFSA_EGAN2(1.0),17/04/26 11:00:00,A,THS_PER,T,Y_GE15,O,RS,2021-01-01,149.5,b,
ESTAT:LFSA_EGAN2(1.0),17/04/26 11:00:00,A,THS_PER,T,Y_GE15,O,SE,2021-01-01,408.0,b,
ESTAT:LFSA_EGAN2(1.0),17/04/26 11:00:00,A,THS_PER,T,Y_GE15,O,SI,2021-01-01,62.1,b,
ESTAT:LFSA_EGAN2(1.0),17/04/26 11:00:00,A,THS_PER,T,Y_GE15,O,SK,2021-01-01,215.6,b,
ESTAT:LFSA_EGAN2(1.0),17/04/26 11:00:00,A,THS_PER,T,Y_GE15,O,TR,2021-01-01,1984.8,b,
ESTAT:LFSA_EGAN2(1.0),17/04/26 11:00:00,A,THS_PER,T,Y_GE15,P,AT,2021-01-01,295.1,b,
ESTAT:LFSA_EGAN2(1.0),17/04/26 11:00:00,A,THS_PER,T,Y_GE15,P,BA,2021-01-01,70.6,b,
ESTAT:LFSA_EGAN2(1.0),17/04/26 11:00:00,A,THS_PER,T,Y_GE15,P,BE,2021-01-01,482.1,b,
ESTAT:LFSA_EGAN2(1.0),17/04/26 11:00:00,A,THS_PER,T,Y_GE15,P,BG,2021-01-01,166.5,b,
ESTAT:LFSA_EGAN2(1.0),17/04/26 11:00:00,A,THS_PER,T,Y_GE15,P,CH,2021-01-01,337.0,b,
ESTAT:LFSA_EGAN2(1.0),17/04/26 11:00:00,A,THS_PER,T,Y_GE15,P,CY,2021-01-01,34.3,b,
ESTAT:LFSA_EGAN2(1.0),17/04/26 11:00:00,A,THS_PER,T,Y_GE15,P,CZ,2021-01-01,386.3,b,
ESTAT:LFSA_EGAN2(1.0),17/04/26 11:00:00,A,THS_PER,T,Y_GE15,P,DE,2021-01-01,2724.5,b,
ESTAT:LFSA_EGAN2(1.0),17/04/26 11:00:00,A,THS_PER,T,Y_GE15,P,DK,2021-01-01,263.7,b,
ESTAT:LFSA_EGAN2(1.0),17/04/26 11:00:00,A,THS_PER,T,Y_GE15,P,EA21,2021-01-01,11490.8,b,
ESTAT:LFSA_EGAN2(1.0),17/04/26 11:00:00,A,THS_PER,T,Y_GE15,P,EE,2021-01-01,63.9,b,
ESTAT:LFSA_EGAN2(1.0),17/04/26 11:00:00,A,THS_PER,T,Y_GE15,P,EL,2021-01-01,312.1,b,
ESTAT:LFSA_EGAN2(1.0),17/04/26 11:00:00,A,THS_PER,T,Y_GE15,P,ES,2021-01-01,1433.2,bd,
ESTAT:LFSA_EGAN2(1.0),17/04/26 11:00:00,A,THS_PER,T,Y_GE15,P,EU27_2020,2021-01-01,14775.6,b,
ESTAT:LFSA_EGAN2(1.0),17/04/26 11:00:00,A,THS_PER,T,Y_GE15,P,FI,2021-01-01,181.5,b,
ESTAT:LFSA_EGAN2(1.0),17/04/26 11:00:00,A,THS_PER,T,Y_GE15,P,FR,2021-01-01,2164.2,bd,
ESTAT:LFSA_EGAN2(1.0),17/04/26 11:00:00,A,THS_PER,T,Y_GE15,P,HR,2021-01-01,115.7,b,
ESTAT:LFSA_EGAN2(1.0),17/04/26 11:00:00,A,THS_PER,T,Y_GE15,P,HU,2021-01-01,365.7,b,
ESTAT:LFSA_EGAN2(1.0),17/04/26 11:00:00,A,THS_PER,T,Y_GE15,P,IE,2021-01-01,213.5,b,
ESTAT:LFSA_EGAN2(1.0),17/04/26 11:00:00,A,THS_PER,T,Y_GE15,P,IS,2021-01-01,23.8,b,
ESTAT:LFSA_EGAN2(1.0),17/04/26 11:00:00,A,THS_PER,T,Y_GE15,P,IT,2021-01-01,1615.2,b,
ESTAT:LFSA_EGAN2(1.0),17/04/26 11:00:00,A,THS_PER,T,Y_GE15,P,LT,2021-01-01,120.7,b,
ESTAT:LFSA_EGAN2(1.0),17/04/26 11:00:00,A,THS_PER,T,Y_GE15,P,LU,2021-01-01,25.9,b,
ESTAT:LFSA_EGAN2(1.0),17/04/26 11:00:00,A,THS_PER,T,Y_GE15,P,LV,2021-01-01,83.4,b,
ESTAT:LFSA_EGAN2(1.0),17/04/26 11:00:00,A,THS_PER,T,Y_GE15,P,MK,2021-01-01,44.8,b,
ESTAT:LFSA_EGAN2(1.0),17/04/26 11:00:00,A,THS_PER,T,Y_GE15,P,MT,2021-01-01,23.4,b,
ESTAT:LFSA_EGAN2(1.0),17/04/26 11:00:00,A,THS_PER,T,Y_GE15,P,NL,2021-01-01,698.3,b,
ESTAT:LFSA_EGAN2(1.0),17/04/26 11:00:00,A,THS_PER,T,Y_GE15,P,NO,2021-01-01,238.2,b,
ESTAT:LFSA_EGAN2(1.0),17/04/26 11:00:00,A,THS_PER,T,Y_GE15,P,PL,2021-01-01,1336.0,b,
ESTAT:LFSA_EGAN2(1.0),17/04/26 11:00:00,A,THS_PER,T,Y_GE15,P,PT,2021-01-01,427.5,b,
ESTAT:LFSA_EGAN2(1.0),17/04/26 11:00:00,A,THS_PER,T,Y_GE15,P,RO,2021-01-01,365.7,b,
ESTAT:LFSA_EGAN2(1.0),17/04/26 11:00:00,A,THS_PER,T,Y_GE15,P,RS,2021-01-01,177.9,b,
ESTAT:LFSA_EGAN2(1.0),17/04/26 11:00:00,A,THS_PER,T,Y_GE15,P,SE,2021-01-01,567.3,b,
ESTAT:LFSA_EGAN2(1.0),17/04/26 11:00:00,A,THS_PER,T,Y_GE15,P,SI,2021-01-01,96.7,b,
ESTAT:LFSA_EGAN2(1.0),17/04/26 11:00:00,A,THS_PER,T,Y_GE15,P,SK,2021-01-01,212.9,b,
ESTAT:LFSA_EGAN2(1.0),17/04/26 11:00:00,A,THS_PER,T,Y_GE15,P,TR,2021-01-01,1808.1,b,
ESTAT:LFSA_EGAN2(1.0),17/04/26 11:00:00,A,THS_PER,T,Y_GE15,Q,AT,2021-01-01,480.0,b,
ESTAT:LFSA_EGAN2(1.0),17/04/26 11:00:00,A,THS_PER,T,Y_GE15,Q,BA,2021-01-01,65.5,b,
ESTAT:LFSA_EGAN2(1.0),17/04/26 11:00:00,A,THS_PER,T,Y_GE15,Q,BE,2021-01-01,741.5,b,
ESTAT:LFSA_EGAN2(1.0),17/04/26 11:00:00,A,THS_PER,T,Y_GE15,Q,BG,2021-01-01,160.8,b,
ESTAT:LFSA_EGAN2(1.0),17/04/26 11:00:00,A,THS_PER,T,Y_GE15,Q,CH,2021-01-01,665.8,b,
ESTAT:LFSA_EGAN2(1.0),17/04/26 11:00:00,A,THS_PER,T,Y_GE15,Q,CY,2021-01-01,23.4,b,
ESTAT:LFSA_EGAN2(1.0),17/04/26 11:00:00,A,THS_PER,T,Y_GE15,Q,CZ,2021-01-01,403.4,b,
ESTAT:LFSA_EGAN2(1.0),17/04/26 11:00:00,A,THS_PER,T,Y_GE15,Q,DE,2021-01-01,5554.9,b,
ESTAT:LFSA_EGAN2(1.0),17/04/26 11:00:00,A,THS_PER,T,Y_GE15,Q,DK,2021-01-01,533.7,b,
ESTAT:LFSA_EGAN2(1.0),17/04/26 11:00:00,A,THS_PER,T,Y_GE15,Q,EA21,2021-01-01,18310.4,b,
ESTAT:LFSA_EGAN2(1.0),17/04/26 11:00:00,A,THS_PER,T,Y_GE15,Q,EE,2021-01-01,40.2,b,
ESTAT:LFSA_EGAN2(1.0),17/04/26 11:00:00,A,THS_PER,T,Y_GE15,Q,EL,2021-01-01,283.0,b,
ESTAT:LFSA_EGAN2(1.0),17/04/26 11:00:00,A,THS_PER,T,Y_GE15,Q,ES,2021-01-01,1860.4,bd,
ESTAT:LFSA_EGAN2(1.0),17/04/26 11:00:00,A,THS_PER,T,Y_GE15,Q,EU27_2020,2021-01-01,21872.4,b,
ESTAT:LFSA_EGAN2(1.0),17/04/26 11:00:00,A,THS_PER,T,Y_GE15,Q,FI,2021-01-01,411.2,b,
ESTAT:LFSA_EGAN2(1.0),17/04/26 11:00:00,A,THS_PER,T,Y_GE15,Q,FR,2021-01-01,3881.0,bd,
ESTAT:LFSA_EGAN2(1.0),17/04/26 11:00:00,A,THS_PER,T,Y_GE15,Q,HR,2021-01-01,118.3,b,
ESTAT:LFSA_EGAN2(1.0),17/04/26 11:00:00,A,THS_PER,T,Y_GE15,Q,HU,2021-01-01,317.9,b,
ESTAT:LFSA_EGAN2(1.0),17/04/26 11:00:00,A,THS_PER,T,Y_GE15,Q,IE,2021-01-01,313.7,b,
ESTAT:LFSA_EGAN2(1.0),17/04/26 11:00:00,A,THS_PER,T,Y_GE15,Q,IS,2021-01-01,25.6,b,
ESTAT:LFSA_EGAN2(1.0),17/04/26 11:00:00,A,THS_PER,T,Y_GE15,Q,IT,2021-01-01,1887.3,b,
ESTAT:LFSA_EGAN2(1.0),17/04/26 11:00:00,A,THS_PER,T,Y_GE15,Q,LT,2021-01-01,99.5,b,
ESTAT:LFSA_EGAN2(1.0),17/04/26 11:00:00,A,THS_PER,T,Y_GE15,Q,LU,2021-01-01,32.1,b,
ESTAT:LFSA_EGAN2(1.0),17/04/26 11:00:00,A,THS_PER,T,Y_GE15,Q,LV,2021-01-01,59.2,b,
ESTAT:LFSA_EGAN2(1.0),17/04/26 11:00:00,A,THS_PER,T,Y_GE15,Q,MK,2021-01-01,47.2,b,
ESTAT:LFSA_EGAN2(1.0),17/04/26 11:00:00,A,THS_PER,T,Y_GE15,Q,MT,2021-01-01,27.3,b,
ESTAT:LFSA_EGAN2(1.0),17/04/26 11:00:00,A,THS_PER,T,Y_GE15,Q,NL,2021-01-01,1569.5,b,
ESTAT:LFSA_EGAN2(1.0),17/04/26 11:00:00,A,THS_PER,T,Y_GE15,Q,NO,2021-01-01,578.2,b,
ESTAT:LFSA_EGAN2(1.0),17/04/26 11:00:00,A,THS_PER,T,Y_GE15,Q,PL,2021-01-01,1136.8,b,
ESTAT:LFSA_EGAN2(1.0),17/04/26 11:00:00,A,THS_PER,T,Y_GE15,Q,PT,2021-01-01,490.8,b,
ESTAT:LFSA_EGAN2(1.0),17/04/26 11:00:00,A,THS_PER,T,Y_GE15,Q,RO,2021-01-01,435.5,b,
ESTAT:LFSA_EGAN2(1.0),17/04/26 11:00:00,A,THS_PER,T,Y_GE15,Q,RS,2021-01-01,157.0,b,
ESTAT:LFSA_EGAN2(1.0),17/04/26 11:00:00,A,THS_PER,T,Y_GE15,Q,SE,2021-01-01,734.7,b,
ESTAT:LFSA_EGAN2(1.0),17/04/26 11:00:00,A,THS_PER,T,Y_GE15,Q,SI,2021-01-01,80.8,b,
ESTAT:LFSA_EGAN2(1.0),17/04/26 11:00:00,A,THS_PER,T,Y_GE15,Q,SK,2021-01-01,195.3,b,
ESTAT:LFSA_EGAN2(1.0),17/04/26 11:00:00,A,THS_PER,T,Y_GE15,Q,TR,2021-01-01,1605.0,b,
ESTAT:LFSA_EGAN2(1.0),17/04/26 11:00:00,A,THS_PER,T,Y_GE15,TOTAL,AT,2021-01-01,4305.9,b,
ESTAT:LFSA_EGAN2(1.0),17/04/26 11:00:00,A,THS_PER,T,Y_GE15,TOTAL,BA,2021-01-01,1150.7,b,
ESTAT:LFSA_EGAN2(1.0),17/04/26 11:00:00,A,THS_PER,T,Y_GE15,TOTAL,BE,2021-01-01,4853.7,b,
ESTAT:LFSA_EGAN2(1.0),17/04/26 11:00:00,A,THS_PER,T,Y_GE15,TOTAL,BG,2021-01-01,2877.2,b,
ESTAT:LFSA_EGAN2(1.0),17/04/26 11:00:00,A,THS_PER,T,Y_GE15,TOTAL,CH,2021-01-01,4707.0,b,
ESTAT:LFSA_EGAN2(1.0),17/04/26 11:00:00,A,THS_PER,T,Y_GE15,TOTAL,CY,2021-01-01,444.8,b,
ESTAT:LFSA_EGAN2(1.0),17/04/26 11:00:00,A,THS_PER,T,Y_GE15,TOTAL,CZ,2021-01-01,5213.4,b,
ESTAT:LFSA_EGAN2(1.0),17/04/26 11:00:00,A,THS_PER,T,Y_GE15,TOTAL,DE,2021-01-01,40857.5,b,
ESTAT:LFSA_EGAN2(1.0),17/04/26 11:00:00,A,THS_PER,T,Y_GE15,TOTAL,DK,2021-01-01,2907.5,b,
ESTAT:LFSA_EGAN2(1.0),17/04/26 11:00:00,A,THS_PER,T,Y_GE15,TOTAL,EA21,2021-01-01,155029.3,b,
ESTAT:LFSA_EGAN2(1.0),17/04/26 11:00:00,A,THS_PER,T,Y_GE15,TOTAL,EE,2021-01-01,654.2,b,
ESTAT:LFSA_EGAN2(1.0),17/04/26 11:00:00,A,THS_PER,T,Y_GE15,TOTAL,EL,2021-01-01,3928.0,b,
ESTAT:LFSA_EGAN2(1.0),17/04/26 11:00:00,A,THS_PER,T,Y_GE15,TOTAL,ES,2021-01-01,19833.5,bd,
ESTAT:LFSA_EGAN2(1.0),17/04/26 11:00:00,A,THS_PER,T,Y_GE15,TOTAL,EU27_2020,2021-01-01,197789.0,b,
ESTAT:LFSA_EGAN2(1.0),17/04/26 11:00:00,A,THS_PER,T,Y_GE15,TOTAL,FI,2021-01-01,2573.4,b,
ESTAT:LFSA_EGAN2(1.0),17/04/26 11:00:00,A,THS_PER,T,Y_GE15,TOTAL,FR,2021-01-01,27727.6,bd,
ESTAT:LFSA_EGAN2(1.0),17/04/26 11:00:00,A,THS_PER,T,Y_GE15,TOTAL,HR,2021-01-01,1584.0,b,
ESTAT:LFSA_EGAN2(1.0),17/04/26 11:00:00,A,THS_PER,T,Y_GE15,TOTAL,HU,2021-01-01,4617.0,b,
ESTAT:LFSA_EGAN2(1.0),17/04/26 11:00:00,A,THS_PER,T,Y_GE15,TOTAL,IE,2021-01-01,2427.1,b,
ESTAT:LFSA_EGAN2(1.0),17/04/26 11:00:00,A,THS_PER,T,Y_GE15,TOTAL,IS,2021-01-01,197.0,b,
ESTAT:LFSA_EGAN2(1.0),17/04/26 11:00:00,A,THS_PER,T,Y_GE15,TOTAL,IT,2021-01-01,22554.0,b,
ESTAT:LFSA_EGAN2(1.0),17/04/26 11:00:00,A,THS_PER,T,Y_GE15,TOTAL,LT,2021-01-01,1368.6,b,
ESTAT:LFSA_EGAN2(1.0),17/04/26 11:00:00,A,THS_PER,T,Y_GE15,TOTAL,LU,2021-01-01,306.8,b,
ESTAT:LFSA_EGAN2(1.0),17/04/26 11:00:00,A,THS_PER,T,Y_GE15,TOTAL,LV,2021-01-01,869.5,b,
ESTAT:LFSA_EGAN2(1.0),17/04/26 11:00:00,A,THS_PER,T,Y_GE15,TOTAL,MK,2021-01-01,693.5,b,
ESTAT:LFSA_EGAN2(1.0),17/04/26 11:00:00,A,THS_PER,T,Y_GE15,TOTAL,MT,2021-01-01,266.3,b,
ESTAT:LFSA_EGAN2(1.0),17/04/26 11:00:00,A,THS_PER,T,Y_GE15,TOTAL,NL,2021-01-01,9282.2,b,
ESTAT:LFSA_EGAN2(1.0),17/04/26 11:00:00,A,THS_PER,T,Y_GE15,TOTAL,NO,2021-01-01,2797.7,b,
ESTAT:LFSA_EGAN2(1.0),17/04/26 11:00:00,A,THS_PER,T,Y_GE15,TOTAL,PL,2021-01-01,17161.2,b,
ESTAT:LFSA_EGAN2(1.0),17/04/26 11:00:00,A,THS_PER,T,Y_GE15,TOTAL,PT,2021-01-01,4782.9,b,
ESTAT:LFSA_EGAN2(1.0),17/04/26 11:00:00,A,THS_PER,T,Y_GE15,TOTAL,RO,2021-01-01,7755.5,b,
ESTAT:LFSA_EGAN2(1.0),17/04/26 11:00:00,A,THS_PER,T,Y_GE15,TOTAL,RS,2021-01-01,2754.8,b,
ESTAT:LFSA_EGAN2(1.0),17/04/26 11:00:00,A,THS_PER,T,Y_GE15,TOTAL,SE,2021-01-01,5105.1,b,
ESTAT:LFSA_EGAN2(1.0),17/04/26 11:00:00,A,THS_PER,T,Y_GE15,TOTAL,SI,2021-01-01,971.6,b,
ESTAT:LFSA_EGAN2(1.0),17/04/26 11:00:00,A,THS_PER,T,Y_GE15,TOTAL,SK,2021-01-01,2560.6,b,
ESTAT:LFSA_EGAN2(1.0),17/04/26 11:00:00,A,THS_PER,T,Y_GE15,TOTAL,TR,2021-01-01,28825.8,b,
ESTAT:LFSA_EGAN2(1.0),17/04/26 11:00:00,A,THS_PER,T,Y_GE15,A,AT,2022-01-01,157.2,,
ESTAT:LFSA_EGAN2(1.0),17/04/26 11:00:00,A,THS_PER,T,Y_GE15,A,BA,2022-01-01,84.3,,
ESTAT:LFSA_EGAN2(1.0),17/04/26 11:00:00,A,THS_PER,T,Y_GE15,A,BE,2022-01-01,45.3,,
ESTAT:LFSA_EGAN2(1.0),17/04/26 11:00:00,A,THS_PER,T,Y_GE15,A,BG,2022-01-01,184.9,,
ESTAT:LFSA_EGAN2(1.0),17/04/26 11:00:00,A,THS_PER,T,Y_GE15,A,CH,2022-01-01,85.0,,
ESTAT:LFSA_EGAN2(1.0),17/04/26 11:00:00,A,THS_PER,T,Y_GE15,A,CY,2022-01-01,12.1,,
ESTAT:LFSA_EGAN2(1.0),17/04/26 11:00:00,A,THS_PER,T,Y_GE15,A,CZ,2022-01-01,130.9,,
ESTAT:LFSA_EGAN2(1.0),17/04/26 11:00:00,A,THS_PER,T,Y_GE15,A,DE,2022-01-01,523.5,,
ESTAT:LFSA_EGAN2(1.0),17/04/26 11:00:00,A,THS_PER,T,Y_GE15,A,DK,2022-01-01,63.2,,
ESTAT:LFSA_EGAN2(1.0),17/04/26 11:00:00,A,THS_PER,T,Y_GE15,A,EA21,2022-01-01,4662.1,,
ESTAT:LFSA_EGAN2(1.0),17/04/26 11:00:00,A,THS_PER,T,Y_GE15,A,EE,2022-01-01,17.7,,
ESTAT:LFSA_EGAN2(1.0),17/04/26 11:00:00,A,THS_PER,T,Y_GE15,A,EL,2022-01-01,461.4,,
ESTAT:LFSA_EGAN2(1.0),17/04/26 11:00:00,A,THS_PER,T,Y_GE15,A,ES,2022-01-01,798.5,d,
ESTAT:LFSA_EGAN2(1.0),17/04/26 11:00:00,A,THS_PER,T,Y_GE15,A,EU27_2020,2022-01-01,7403.6,,
ESTAT:LFSA_EGAN2(1.0),17/04/26 11:00:00,A,THS_PER,T,Y_GE15,A,FI,2022-01-01,98.1,,
ESTAT:LFSA_EGAN2(1.0),17/04/26 11:00:00,A,THS_PER,T,Y_GE15,A,FR,2022-01-01,722.1,d,
ESTAT:LFSA_EGAN2(1.0),17/04/26 11:00:00,A,THS_PER,T,Y_GE15,A,HR,2022-01-01,93.0,,
ESTAT:LFSA_EGAN2(1.0),17/04/26 11:00:00,A,THS_PER,T,Y_GE15,A,HU,2022-01-01,203.6,,
ESTAT:LFSA_EGAN2(1.0),17/04/26 11:00:00,A,THS_PER,T,Y_GE15,A,IE,2022-01-01,103.8,,
ESTAT:LFSA_EGAN2(1.0),17/04/26 11:00:00,A,THS_PER,T,Y_GE15,A,IS,2022-01-01,8.6,,
ESTAT:LFSA_EGAN2(1.0),17/04/26 11:00:00,A,THS_PER,T,Y_GE15,A,IT,2022-01-01,874.9,,
ESTAT:LFSA_EGAN2(1.0),17/04/26 11:00:00,A,THS_PER,T,Y_GE15,A,LT,2022-01-01,77.5,,
ESTAT:LFSA_EGAN2(1.0),17/04/26 11:00:00,A,THS_PER,T,Y_GE15,A,LU,2022-01-01,3.2,,
ESTAT:LFSA_EGAN2(1.0),17/04/26 11:00:00,A,THS_PER,T,Y_GE15,A,LV,2022-01-01,60.3,,
ESTAT:LFSA_EGAN2(1.0),17/04/26 11:00:00,A,THS_PER,T,Y_GE15,A,MK,2022-01-01,69.1,,
ESTAT:LFSA_EGAN2(1.0),17/04/26 11:00:00,A,THS_PER,T,Y_GE15,A,MT,2022-01-01,2.3,,
ESTAT:LFSA_EGAN2(1.0),17/04/26 11:00:00,A,THS_PER,T,Y_GE15,A,NL,2022-01-01,179.5,,
ESTAT:LFSA_EGAN2(1.0),17/04/26 11:00:00,A,THS_PER,T,Y_GE15,A,NO,2022-01-01,62.5,,
ESTAT:LFSA_EGAN2(1.0),17/04/26 11:00:00,A,THS_PER,T,Y_GE15,A,PL,2022-01-01,1367.3,,
ESTAT:LFSA_EGAN2(1.0),17/04/26 11:00:00,A,THS_PER,T,Y_GE15,A,PT,2022-01-01,138.2,,
ESTAT:LFSA_EGAN2(1.0),17/04/26 11:00:00,A,THS_PER,T,Y_GE15,A,RO,2022-01-01,878.4,,
ESTAT:LFSA_EGAN2(1.0),17/04/26 11:00:00,A,THS_PER,T,Y_GE15,A,RS,2022-01-01,390.7,,
ESTAT:LFSA_EGAN2(1.0),17/04/26 11:00:00,A,THS_PER,T,Y_GE15,A,SE,2022-01-01,98.2,,
ESTAT:LFSA_EGAN2(1.0),17/04/26 11:00:00,A,THS_PER,T,Y_GE15,A,SI,2022-01-01,42.3,,
ESTAT:LFSA_EGAN2(1.0),17/04/26 11:00:00,A,THS_PER,T,Y_GE15,A,SK,2022-01-01,66.1,,
ESTAT:LFSA_EGAN2(1.0),17/04/26 11:00:00,A,THS_PER,T,Y_GE15,A,TR,2022-01-01,4813.9,,
ESTAT:LFSA_EGAN2(1.0),17/04/26 11:00:00,A,THS_PER,T,Y_GE15,C,AT,2022-01-01,745.4,,
ESTAT:LFSA_EGAN2(1.0),17/04/26 11:00:00,A,THS_PER,T,Y_GE15,C,BA,2022-01-01,229.0,,
ESTAT:LFSA_EGAN2(1.0),17/04/26 11:00:00,A,THS_PER,T,Y_GE15,C,BE,2022-01-01,567.9,,
ESTAT:LFSA_EGAN2(1.0),17/04/26 11:00:00,A,THS_PER,T,Y_GE15,C,BG,2022-01-01,535.0,,
ESTAT:LFSA_EGAN2(1.0),17/04/26 11:00:00,A,THS_PER,T,Y_GE15,C,CH,2022-01-01,540.6,,
ESTAT:LFSA_EGAN2(1.0),17/04/26 11:00:00,A,THS_PER,T,Y_GE15,C,CY,2022-01-01,30.1,,
ESTAT:LFSA_EGAN2(1.0),17/04/26 11:00:00,A,THS_PER,T,Y_GE15,C,CZ,2022-01-01,1339.8,,
ESTAT:LFSA_EGAN2(1.0),17/04/26 11:00:00,A,THS_PER,T,Y_GE15,C,DE,2022-01-01,7966.4,,
ESTAT:LFSA_EGAN2(1.0),17/04/26 11:00:00,A,THS_PER,T,Y_GE15,C,DK,2022-01-01,337.1,,
ESTAT:LFSA_EGAN2(1.0),17/04/26 11:00:00,A,THS_PER,T,Y_GE15,C,EA21,2022-01-01,24008.3,,
ESTAT:LFSA_EGAN2(1.0),17/04/26 11:00:00,A,THS_PER,T,Y_GE15,C,EE,2022-01-01,123.6,,
ESTAT:LFSA_EGAN2(1.0),17/04/26 11:00:00,A,THS_PER,T,Y_GE15,C,EL,2022-01-01,412.9,,
ESTAT:LFSA_EGAN2(1.0),17/04/26 11:00:00,A,THS_PER,T,Y_GE15,C,ES,2022-01-01,2513.8,d,
ESTAT:LFSA_EGAN2(1.0),17/04/26 11:00:00,A,THS_PER,T,Y_GE15,C,EU27_2020,2022-01-01,32043.3,,
ESTAT:LFSA_EGAN2(1.0),17/04/26 11:00:00,A,THS_PER,T,Y_GE15,C,FI,2022-01-01,334.4,,
ESTAT:LFSA_EGAN2(1.0),17/04/26 11:00:00,A,THS_PER,T,Y_GE15,C,FR,2022-01-01,3096.0,d,
ESTAT:LFSA_EGAN2(1.0),17/04/26 11:00:00,A,THS_PER,T,Y_GE15,C,HR,2022-01-01,278.4,,
ESTAT:LFSA_EGAN2(1.0),17/04/26 11:00:00,A,THS_PER,T,Y_GE15,C,HU,2022-01-01,980.7,,
ESTAT:LFSA_EGAN2(1.0),17/04/26 11:00:00,A,THS_PER,T,Y_GE15,C,IE,2022-01-01,289.1,,
ESTAT:LFSA_EGAN2(1.0),17/04/26 11:00:00,A,THS_PER,T,Y_GE15,C,IS,2022-01-01,18.2,,
ESTAT:LFSA_EGAN2(1.0),17/04/26 11:00:00,A,THS_PER,T,Y_GE15,C,IT,2022-01-01,4258.4,,
ESTAT:LFSA_EGAN2(1.0),17/04/26 11:00:00,A,THS_PER,T,Y_GE15,C,LT,2022-01-01,223.6,,
ESTAT:LFSA_EGAN2(1.0),17/04/26 11:00:00,A,THS_PER,T,Y_GE15,C,LU,2022-01-01,9.4,,
ESTAT:LFSA_EGAN2(1.0),17/04/26 11:00:00,A,THS_PER,T,Y_GE15,C,LV,2022-01-01,114.6,,
ESTAT:LFSA_EGAN2(1.0),17/04/26 11:00:00,A,THS_PER,T,Y_GE15,C,MK,2022-01-01,135.5,,
ESTAT:LFSA_EGAN2(1.0),17/04/26 11:00:00,A,THS_PER,T,Y_GE15,C,MT,2022-01-01,27.8,,
ESTAT:LFSA_EGAN2(1.0),17/04/26 11:00:00,A,THS_PER,T,Y_GE15,C,NL,2022-01-01,803.9,,
ESTAT:LFSA_EGAN2(1.0),17/04/26 11:00:00,A,THS_PER,T,Y_GE15,C,NO,2022-01-01,207.9,,
ESTAT:LFSA_EGAN2(1.0),17/04/26 11:00:00,A,THS_PER,T,Y_GE15,C,PL,2022-01-01,3344.2,,
ESTAT:LFSA_EGAN2(1.0),17/04/26 11:00:00,A,THS_PER,T,Y_GE15,C,PT,2022-01-01,839.9,,
ESTAT:LFSA_EGAN2(1.0),17/04/26 11:00:00,A,THS_PER,T,Y_GE15,C,RO,2022-01-01,1541.1,,
ESTAT:LFSA_EGAN2(1.0),17/04/26 11:00:00,A,THS_PER,T,Y_GE15,C,RS,2022-01-01,557.4,,
ESTAT:LFSA_EGAN2(1.0),17/04/26 11:00:00,A,THS_PER,T,Y_GE15,C,SE,2022-01-01,492.1,,
ESTAT:LFSA_EGAN2(1.0),17/04/26 11:00:00,A,THS_PER,T,Y_GE15,C,SI,2022-01-01,216.0,,
ESTAT:LFSA_EGAN2(1.0),17/04/26 11:00:00,A,THS_PER,T,Y_GE15,C,SK,2022-01-01,621.8,,
ESTAT:LFSA_EGAN2(1.0),17/04/26 11:00:00,A,THS_PER,T,Y_GE15,C,TR,2022-01-01,6164.5,,
ESTAT:LFSA_EGAN2(1.0),17/04/26 11:00:00,A,THS_PER,T,Y_GE15,F,AT,2022-01-01,367.0,,
ESTAT:LFSA_EGAN2(1.0),17/04/26 11:00:00,A,THS_PER,T,Y_GE15,F,BA,2022-01-01,106.4,,
ESTAT:LFSA_EGAN2(1.0),17/04/26 11:00:00,A,THS_PER,T,Y_GE15,F,BE,2022-01-01,311.4,,
ESTAT:LFSA_EGAN2(1.0),17/04/26 11:00:00,A,THS_PER,T,Y_GE15,F,BG,2022-01-01,252.1,,
ESTAT:LFSA_EGAN2(1.0),17/04/26 11:00:00,A,THS_PER,T,Y_GE15,F,CH,2022-01-01,284.7,,
ESTAT:LFSA_EGAN2(1.0),17/04/26 11:00:00,A,THS_PER,T,Y_GE15,F,CY,2022-01-01,41.9,,
ESTAT:LFSA_EGAN2(1.0),17/04/26 11:00:00,A,THS_PER,T,Y_GE15,F,CZ,2022-01-01,406.5,,
ESTAT:LFSA_EGAN2(1.0),17/04/26 11:00:00,A,THS_PER,T,Y_GE15,F,DE,2022-01-01,2599.3,,
ESTAT:LFSA_EGAN2(1.0),17/04/26 11:00:00,A,THS_PER,T,Y_GE15,F,DK,2022-01-01,194.4,,
ESTAT:LFSA_EGAN2(1.0),17/04/26 11:00:00,A,THS_PER,T,Y_GE15,F,EA21,2022-01-01,10266.1,,
ESTAT:LFSA_EGAN2(1.0),17/04/26 11:00:00,A,THS_PER,T,Y_GE15,F,EE,2022-01-01,58.3,,
ESTAT:LFSA_EGAN2(1.0),17/04/26 11:00:00,A,THS_PER,T,Y_GE15,F,EL,2022-01-01,148.6,,
ESTAT:LFSA_EGAN2(1.0),17/04/26 11:00:00,A,THS_PER,T,Y_GE15,F,ES,2022-01-01,1355.0,d,
ESTAT:LFSA_EGAN2(1.0),17/04/26 11:00:00,A,THS_PER,T,Y_GE15,F,EU27_2020,2022-01-01,13702.0,,
ESTAT:LFSA_EGAN2(1.0),17/04/26 11:00:00,A,THS_PER,T,Y_GE15,F,FI,2022-01-01,185.0,,
ESTAT:LFSA_EGAN2(1.0),17/04/26 11:00:00,A,THS_PER,T,Y_GE15,F,FR,2022-01-01,1838.6,d,
ESTAT:LFSA_EGAN2(1.0),17/04/26 11:00:00,A,THS_PER,T,Y_GE15,F,HR,2022-01-01,117.8,,
ESTAT:LFSA_EGAN2(1.0),17/04/26 11:00:00,A,THS_PER,T,Y_GE15,F,HU,2022-01-01,382.2,,
ESTAT:LFSA_EGAN2(1.0),17/04/26 11:00:00,A,THS_PER,T,Y_GE15,F,IE,2022-01-01,168.1,,
ESTAT:LFSA_EGAN2(1.0),17/04/26 11:00:00,A,THS_PER,T,Y_GE15,F,IS,2022-01-01,16.3,,
ESTAT:LFSA_EGAN2(1.0),17/04/26 11:00:00,A,THS_PER,T,Y_GE15,F,IT,2022-01-01,1550.7,,
ESTAT:LFSA_EGAN2(1.0),17/04/26 11:00:00,A,THS_PER,T,Y_GE15,F,LT,2022-01-01,111.2,,
ESTAT:LFSA_EGAN2(1.0),17/04/26 11:00:00,A,THS_PER,T,Y_GE15,F,LU,2022-01-01,14.7,,
ESTAT:LFSA_EGAN2(1.0),17/04/26 11:00:00,A,THS_PER,T,Y_GE15,F,LV,2022-01-01,72.2,,
ESTAT:LFSA_EGAN2(1.0),17/04/26 11:00:00,A,THS_PER,T,Y_GE15,F,MK,2022-01-01,45.0,,
ESTAT:LFSA_EGAN2(1.0),17/04/26 11:00:00,A,THS_PER,T,Y_GE15,F,MT,2022-01-01,18.4,,
ESTAT:LFSA_EGAN2(1.0),17/04/26 11:00:00,A,THS_PER,T,Y_GE15,F,NL,2022-01-01,414.7,,
ESTAT:LFSA_EGAN2(1.0),17/04/26 11:00:00,A,THS_PER,T,Y_GE15,F,NO,2022-01-01,236.5,,
ESTAT:LFSA_EGAN2(1.0),17/04/26 11:00:00,A,THS_PER,T,Y_GE15,F,PL,2022-01-01,1351.8,,
ESTAT:LFSA_EGAN2(1.0),17/04/26 11:00:00,A,THS_PER,T,Y_GE15,F,PT,2022-01-01,330.4,,
ESTAT:LFSA_EGAN2(1.0),17/04/26 11:00:00,A,THS_PER,T,Y_GE15,F,RO,2022-01-01,765.2,,
ESTAT:LFSA_EGAN2(1.0),17/04/26 11:00:00,A,THS_PER,T,Y_GE15,F,RS,2022-01-01,167.2,,
ESTAT:LFSA_EGAN2(1.0),17/04/26 11:00:00,A,THS_PER,T,Y_GE15,F,SE,2022-01-01,335.8,,
ESTAT:LFSA_EGAN2(1.0),17/04/26 11:00:00,A,THS_PER,T,Y_GE15,F,SI,2022-01-01,55.7,,
ESTAT:LFSA_EGAN2(1.0),17/04/26 11:00:00,A,THS_PER,T,Y_GE15,F,SK,2022-01-01,254.9,,
ESTAT:LFSA_EGAN2(1.0),17/04/26 11:00:00,A,THS_PER,T,Y_GE15,F,TR,2022-01-01,1845.7,,
ESTAT:LFSA_EGAN2(1.0),17/04/26 11:00:00,A,THS_PER,T,Y_GE15,G,AT,2022-01-01,604.5,,
ESTAT:LFSA_EGAN2(1.0),17/04/26 11:00:00,A,THS_PER,T,Y_GE15,G,BA,2022-01-01,182.5,,
ESTAT:LFSA_EGAN2(1.0),17/04/26 11:00:00,A,THS_PER,T,Y_GE15,G,BE,2022-01-01,616.1,,
ESTAT:LFSA_EGAN2(1.0),17/04/26 11:00:00,A,THS_PER,T,Y_GE15,G,BG,2022-01-01,498.3,,
ESTAT:LFSA_EGAN2(1.0),17/04/26 11:00:00,A,THS_PER,T,Y_GE15,G,CH,2022-01-01,512.2,,
ESTAT:LFSA_EGAN2(1.0),17/04/26 11:00:00,A,THS_PER,T,Y_GE15,G,CY,2022-01-01,77.5,,
ESTAT:LFSA_EGAN2(1.0),17/04/26 11:00:00,A,THS_PER,T,Y_GE15,G,CZ,2022-01-01,583.0,,
ESTAT:LFSA_EGAN2(1.0),17/04/26 11:00:00,A,THS_PER,T,Y_GE15,G,DE,2022-01-01,5307.2,,
ESTAT:LFSA_EGAN2(1.0),17/04/26 11:00:00,A,THS_PER,T,Y_GE15,G,DK,2022-01-01,458.5,,
ESTAT:LFSA_EGAN2(1.0),17/04/26 11:00:00,A,THS_PER,T,Y_GE15,G,EA21,2022-01-01,21602.4,,
ESTAT:LFSA_EGAN2(1.0),17/04/26 11:00:00,A,THS_PER,T,Y_GE15,G,EE,2022-01-01,90.0,,
ESTAT:LFSA_EGAN2(1.0),17/04/26 11:00:00,A,THS_PER,T,Y_GE15,G,EL,2022-01-01,716.7,,
ESTAT:LFSA_EGAN2(1.0),17/04/26 11:00:00,A,THS_PER,T,Y_GE15,G,ES,2022-01-01,3009.6,d,
ESTAT:LFSA_EGAN2(1.0),17/04/26 11:00:00,A,THS_PER,T,Y_GE15,G,EU27_2020,2022-01-01,27510.6,,
ESTAT:LFSA_EGAN2(1.0),17/04/26 11:00:00,A,THS_PER,T,Y_GE15,G,FI,2022-01-01,290.5,,
ESTAT:LFSA_EGAN2(1.0),17/04/26 11:00:00,A,THS_PER,T,Y_GE15,G,FR,2022-01-01,3705.3,d,
ESTAT:LFSA_EGAN2(1.0),17/04/26 11:00:00,A,THS_PER,T,Y_GE15,G,HR,2022-01-01,224.8,,
ESTAT:LFSA_EGAN2(1.0),17/04/26 11:00:00,A,THS_PER,T,Y_GE15,G,HU,2022-01-01,595.2,,
ESTAT:LFSA_EGAN2(1.0),17/04/26 11:00:00,A,THS_PER,T,Y_GE15,G,IE,2022-01-01,318.8,,
ESTAT:LFSA_EGAN2(1.0),17/04/26 11:00:00,A,THS_PER,T,Y_GE15,G,IS,2022-01-01,24.5,,
ESTAT:LFSA_EGAN2(1.0),17/04/26 11:00:00,A,THS_PER,T,Y_GE15,G,IT,2022-01-01,3137.1,,
ESTAT:LFSA_EGAN2(1.0),17/04/26 11:00:00,A,THS_PER,T,Y_GE15,G,LT,2022-01-01,206.5,,
ESTAT:LFSA_EGAN2(1.0),17/04/26 11:00:00,A,THS_PER,T,Y_GE15,G,LU,2022-01-01,24.9,,
ESTAT:LFSA_EGAN2(1.0),17/04/26 11:00:00,A,THS_PER,T,Y_GE15,G,LV,2022-01-01,139.9,,
ESTAT:LFSA_EGAN2(1.0),17/04/26 11:00:00,A,THS_PER,T,Y_GE15,G,MK,2022-01-01,107.3,,
ESTAT:LFSA_EGAN2(1.0),17/04/26 11:00:00,A,THS_PER,T,Y_GE15,G,MT,2022-01-01,34.3,,
ESTAT:LFSA_EGAN2(1.0),17/04/26 11:00:00,A,THS_PER,T,Y_GE15,G,NL,2022-01-01,1442.6,,
ESTAT:LFSA_EGAN2(1.0),17/04/26 11:00:00,A,THS_PER,T,Y_GE15,G,NO,2022-01-01,347.6,,
ESTAT:LFSA_EGAN2(1.0),17/04/26 11:00:00,A,THS_PER,T,Y_GE15,G,PL,2022-01-01,2353.4,,
ESTAT:LFSA_EGAN2(1.0),17/04/26 11:00:00,A,THS_PER,T,Y_GE15,G,PT,2022-01-01,729.2,,
ESTAT:LFSA_EGAN2(1.0),17/04/26 11:00:00,A,THS_PER,T,Y_GE15,G,RO,2022-01-01,1382.3,,
ESTAT:LFSA_EGAN2(1.0),17/04/26 11:00:00,A,THS_PER,T,Y_GE15,G,RS,2022-01-01,375.9,,
ESTAT:LFSA_EGAN2(1.0),17/04/26 11:00:00,A,THS_PER,T,Y_GE15,G,SE,2022-01-01,535.8,,
ESTAT:LFSA_EGAN2(1.0),17/04/26 11:00:00,A,THS_PER,T,Y_GE15,G,SI,2022-01-01,113.4,,
ESTAT:LFSA_EGAN2(1.0),17/04/26 11:00:00,A,THS_PER,T,Y_GE15,G,SK,2022-01-01,315.2,,
ESTAT:LFSA_EGAN2(1.0),17/04/26 11:00:00,A,THS_PER,T,Y_GE15,G,TR,2022-01-01,4363.4,,
ESTAT:LFSA_EGAN2(1.0),17/04/26 11:00:00,A,THS_PER,T,Y_GE15,H,AT,2022-01-01,207.3,,
ESTAT:LFSA_EGAN2(1.0),17/04/26 11:00:00,A,THS_PER,T,Y_GE15,H,BA,2022-01-01,68.6,,
ESTAT:LFSA_EGAN2(1.0),17/04/26 11:00:00,A,THS_PER,T,Y_GE15,H,BE,2022-01-01,277.4,,
ESTAT:LFSA_EGAN2(1.0),17/04/26 11:00:00,A,THS_PER,T,Y_GE15,H,BG,2022-01-01,200.5,,
ESTAT:LFSA_EGAN2(1.0),17/04/26 11:00:00,A,THS_PER,T,Y_GE15,H,CH,2022-01-01,197.9,,
ESTAT:LFSA_EGAN2(1.0),17/04/26 11:00:00,A,THS_PER,T,Y_GE15,H,CY,2022-01-01,16.4,,
ESTAT:LFSA_EGAN2(1.0),17/04/26 11:00:00,A,THS_PER,T,Y_GE15,H,CZ,2022-01-01,320.6,,
ESTAT:LFSA_EGAN2(1.0),17/04/26 11:00:00,A,THS_PER,T,Y_GE15,H,DE,2022-01-01,2024.5,,
ESTAT:LFSA_EGAN2(1.0),17/04/26 11:00:00,A,THS_PER,T,Y_GE15,H,DK,2022-01-01,124.6,,
ESTAT:LFSA_EGAN2(1.0),17/04/26 11:00:00,A,THS_PER,T,Y_GE15,H,EA21,2022-01-01,8145.4,,
ESTAT:LFSA_EGAN2(1.0),17/04/26 11:00:00,A,THS_PER,T,Y_GE15,H,EE,2022-01-01,50.3,,
ESTAT:LFSA_EGAN2(1.0),17/04/26 11:00:00,A,THS_PER,T,Y_GE15,H,EL,2022-01-01,204.3,,
ESTAT:LFSA_EGAN2(1.0),17/04/26 11:00:00,A,THS_PER,T,Y_GE15,H,ES,2022-01-01,1113.3,d,
ESTAT:LFSA_EGAN2(1.0),17/04/26 11:00:00,A,THS_PER,T,Y_GE15,H,EU27_2020,2022-01-01,10774.2,,
ESTAT:LFSA_EGAN2(1.0),17/04/26 11:00:00,A,THS_PER,T,Y_GE15,H,FI,2022-01-01,136.4,,
ESTAT:LFSA_EGAN2(1.0),17/04/26 11:00:00,A,THS_PER,T,Y_GE15,H,FR,2022-01-01,1443.9,d,
ESTAT:LFSA_EGAN2(1.0),17/04/26 11:00:00,A,THS_PER,T,Y_GE15,H,HR,2022-01-01,102.8,,
ESTAT:LFSA_EGAN2(1.0),17/04/26 11:00:00,A,THS_PER,T,Y_GE15,H,HU,2022-01-01,288.2,,
ESTAT:LFSA_EGAN2(1.0),17/04/26 11:00:00,A,THS_PER,T,Y_GE15,H,IE,2022-01-01,113.4,,
ESTAT:LFSA_EGAN2(1.0),17/04/26 11:00:00,A,THS_PER,T,Y_GE15,H,IS,2022-01-01,13.3,,
ESTAT:LFSA_EGAN2(1.0),17/04/26 11:00:00,A,THS_PER,T,Y_GE15,H,IT,2022-01-01,1167.3,,
ESTAT:LFSA_EGAN2(1.0),17/04/26 11:00:00,A,THS_PER,T,Y_GE15,H,LT,2022-01-01,103.6,,
ESTAT:LFSA_EGAN2(1.0),17/04/26 11:00:00,A,THS_PER,T,Y_GE15,H,LU,2022-01-01,13.4,,
ESTAT:LFSA_EGAN2(1.0),17/04/26 11:00:00,A,THS_PER,T,Y_GE15,H,LV,2022-01-01,66.4,,
ESTAT:LFSA_EGAN2(1.0),17/04/26 11:00:00,A,THS_PER,T,Y_GE15,H,MK,2022-01-01,35.2,,
ESTAT:LFSA_EGAN2(1.0),17/04/26 11:00:00,A,THS_PER,T,Y_GE15,H,MT,2022-01-01,15.2,,
ESTAT:LFSA_EGAN2(1.0),17/04/26 11:00:00,A,THS_PER,T,Y_GE15,H,NL,2022-01-01,450.9,,
ESTAT:LFSA_EGAN2(1.0),17/04/26 11:00:00,A,THS_PER,T,Y_GE15,H,NO,2022-01-01,136.3,,
ESTAT:LFSA_EGAN2(1.0),17/04/26 11:00:00,A,THS_PER,T,Y_GE15,H,PL,2022-01-01,1134.1,,
ESTAT:LFSA_EGAN2(1.0),17/04/26 11:00:00,A,THS_PER,T,Y_GE15,H,PT,2022-01-01,232.1,,
ESTAT:LFSA_EGAN2(1.0),17/04/26 11:00:00,A,THS_PER,T,Y_GE15,H,RO,2022-01-01,555.5,,
ESTAT:LFSA_EGAN2(1.0),17/04/26 11:00:00,A,THS_PER,T,Y_GE15,H,RS,2022-01-01,152.7,,
ESTAT:LFSA_EGAN2(1.0),17/04/26 11:00:00,A,THS_PER,T,Y_GE15,H,SE,2022-01-01,205.9,,
ESTAT:LFSA_EGAN2(1.0),17/04/26 11:00:00,A,THS_PER,T,Y_GE15,H,SI,2022-01-01,46.4,,
ESTAT:LFSA_EGAN2(1.0),17/04/26 11:00:00,A,THS_PER,T,Y_GE15,H,SK,2022-01-01,159.6,,
ESTAT:LFSA_EGAN2(1.0),17/04/26 11:00:00,A,THS_PER,T,Y_GE15,H,TR,2022-01-01,1492.8,,
ESTAT:LFSA_EGAN2(1.0),17/04/26 11:00:00,A,THS_PER,T,Y_GE15,I,AT,2022-01-01,252.9,,
ESTAT:LFSA_EGAN2(1.0),17/04/26 11:00:00,A,THS_PER,T,Y_GE15,I,BA,2022-01-01,60.9,,
ESTAT:LFSA_EGAN2(1.0),17/04/26 11:00:00,A,THS_PER,T,Y_GE15,I,BE,2022-01-01,184.7,,
ESTAT:LFSA_EGAN2(1.0),17/04/26 11:00:00,A,THS_PER,T,Y_GE15,I,BG,2022-01-01,135.7,,
ESTAT:LFSA_EGAN2(1.0),17/04/26 11:00:00,A,THS_PER,T,Y_GE15,I,CH,2022-01-01,165.1,,
ESTAT:LFSA_EGAN2(1.0),17/04/26 11:00:00,A,THS_PER,T,Y_GE15,I,CY,2022-01-01,36.4,,
ESTAT:LFSA_EGAN2(1.0),17/04/26 11:00:00,A,THS_PER,T,Y_GE15,I,CZ,2022-01-01,163.5,,
ESTAT:LFSA_EGAN2(1.0),17/04/26 11:00:00,A,THS_PER,T,Y_GE15,I,DE,2022-01-01,1347.5,,
ESTAT:LFSA_EGAN2(1.0),17/04/26 11:00:00,A,THS_PER,T,Y_GE15,I,DK,2022-01-01,108.5,,
ESTAT:LFSA_EGAN2(1.0),17/04/26 11:00:00,A,THS_PER,T,Y_GE15,I,EA21,2022-01-01,7896.7,,
ESTAT:LFSA_EGAN2(1.0),17/04/26 11:00:00,A,THS_PER,T,Y_GE15,I,EE,2022-01-01,21.9,,
ESTAT:LFSA_EGAN2(1.0),17/04/26 11:00:00,A,THS_PER,T,Y_GE15,I,EL,2022-01-01,376.7,,
ESTAT:LFSA_EGAN2(1.0),17/04/26 11:00:00,A,THS_PER,T,Y_GE15,I,ES,2022-01-01,1666.3,d,
ESTAT:LFSA_EGAN2(1.0),17/04/26 11:00:00,A,THS_PER,T,Y_GE15,I,EU27_2020,2022-01-01,9124.6,,
ESTAT:LFSA_EGAN2(1.0),17/04/26 11:00:00,A,THS_PER,T,Y_GE15,I,FI,2022-01-01,99.9,,
ESTAT:LFSA_EGAN2(1.0),17/04/26 11:00:00,A,THS_PER,T,Y_GE15,I,FR,2022-01-01,1144.3,d,
ESTAT:LFSA_EGAN2(1.0),17/04/26 11:00:00,A,THS_PER,T,Y_GE15,I,HR,2022-01-01,99.0,,
ESTAT:LFSA_EGAN2(1.0),17/04/26 11:00:00,A,THS_PER,T,Y_GE15,I,HU,2022-01-01,182.8,,
ESTAT:LFSA_EGAN2(1.0),17/04/26 11:00:00,A,THS_PER,T,Y_GE15,I,IE,2022-01-01,168.8,,
ESTAT:LFSA_EGAN2(1.0),17/04/26 11:00:00,A,THS_PER,T,Y_GE15,I,IS,2022-01-01,11.3,,
ESTAT:LFSA_EGAN2(1.0),17/04/26 11:00:00,A,THS_PER,T,Y_GE15,I,IT,2022-01-01,1405.0,,
ESTAT:LFSA_EGAN2(1.0),17/04/26 11:00:00,A,THS_PER,T,Y_GE15,I,LT,2022-01-01,38.5,,
ESTAT:LFSA_EGAN2(1.0),17/04/26 11:00:00,A,THS_PER,T,Y_GE15,I,LU,2022-01-01,10.6,,
ESTAT:LFSA_EGAN2(1.0),17/04/26 11:00:00,A,THS_PER,T,Y_GE15,I,LV,2022-01-01,26.7,,
ESTAT:LFSA_EGAN2(1.0),17/04/26 11:00:00,A,THS_PER,T,Y_GE15,I,MK,2022-01-01,24.5,,
ESTAT:LFSA_EGAN2(1.0),17/04/26 11:00:00,A,THS_PER,T,Y_GE15,I,MT,2022-01-01,19.2,,
ESTAT:LFSA_EGAN2(1.0),17/04/26 11:00:00,A,THS_PER,T,Y_GE15,I,NL,2022-01-01,433.2,,
ESTAT:LFSA_EGAN2(1.0),17/04/26 11:00:00,A,THS_PER,T,Y_GE15,I,NO,2022-01-01,109.7,,
ESTAT:LFSA_EGAN2(1.0),17/04/26 11:00:00,A,THS_PER,T,Y_GE15,I,PL,2022-01-01,421.5,,
ESTAT:LFSA_EGAN2(1.0),17/04/26 11:00:00,A,THS_PER,T,Y_GE15,I,PT,2022-01-01,300.2,,
ESTAT:LFSA_EGAN2(1.0),17/04/26 11:00:00,A,THS_PER,T,Y_GE15,I,RO,2022-01-01,191.4,,
ESTAT:LFSA_EGAN2(1.0),17/04/26 11:00:00,A,THS_PER,T,Y_GE15,I,RS,2022-01-01,98.1,,
ESTAT:LFSA_EGAN2(1.0),17/04/26 11:00:00,A,THS_PER,T,Y_GE15,I,SE,2022-01-01,160.1,,
ESTAT:LFSA_EGAN2(1.0),17/04/26 11:00:00,A,THS_PER,T,Y_GE15,I,SI,2022-01-01,38.9,,
ESTAT:LFSA_EGAN2(1.0),17/04/26 11:00:00,A,THS_PER,T,Y_GE15,I,SK,2022-01-01,90.3,,
ESTAT:LFSA_EGAN2(1.0),17/04/26 11:00:00,A,THS_PER,T,Y_GE15,I,TR,2022-01-01,1692.3,,
ESTAT:LFSA_EGAN2(1.0),17/04/26 11:00:00,A,THS_PER,T,Y_GE15,J,AT,2022-01-01,159.8,,
ESTAT:LFSA_EGAN2(1.0),17/04/26 11:00:00,A,THS_PER,T,Y_GE15,J,BA,2022-01-01,30.5,,
ESTAT:LFSA_EGAN2(1.0),17/04/26 11:00:00,A,THS_PER,T,Y_GE15,J,BE,2022-01-01,219.2,,
ESTAT:LFSA_EGAN2(1.0),17/04/26 11:00:00,A,THS_PER,T,Y_GE15,J,BG,2022-01-01,111.8,,
ESTAT:LFSA_EGAN2(1.0),17/04/26 11:00:00,A,THS_PER,T,Y_GE15,J,CH,2022-01-01,170.3,,
ESTAT:LFSA_EGAN2(1.0),17/04/26 11:00:00,A,THS_PER,T,Y_GE15,J,CY,2022-01-01,19.2,,
ESTAT:LFSA_EGAN2(1.0),17/04/26 11:00:00,A,THS_PER,T,Y_GE15,J,CZ,2022-01-01,195.0,,
ESTAT:LFSA_EGAN2(1.0),17/04/26 11:00:00,A,THS_PER,T,Y_GE15,J,DE,2022-01-01,1642.2,,
ESTAT:LFSA_EGAN2(1.0),17/04/26 11:00:00,A,THS_PER,T,Y_GE15,J,DK,2022-01-01,130.2,,
ESTAT:LFSA_EGAN2(1.0),17/04/26 11:00:00,A,THS_PER,T,Y_GE15,J,EA21,2022-01-01,5952.6,,
ESTAT:LFSA_EGAN2(1.0),17/04/26 11:00:00,A,THS_PER,T,Y_GE15,J,EE,2022-01-01,36.7,,
ESTAT:LFSA_EGAN2(1.0),17/04/26 11:00:00,A,THS_PER,T,Y_GE15,J,EL,2022-01-01,107.6,,
ESTAT:LFSA_EGAN2(1.0),17/04/26 11:00:00,A,THS_PER,T,Y_GE15,J,ES,2022-01-01,737.5,d,
ESTAT:LFSA_EGAN2(1.0),17/04/26 11:00:00,A,THS_PER,T,Y_GE15,J,EU27_2020,2022-01-01,7493.5,,
ESTAT:LFSA_EGAN2(1.0),17/04/26 11:00:00,A,THS_PER,T,Y_GE15,J,FI,2022-01-01,134.8,,
ESTAT:LFSA_EGAN2(1.0),17/04/26 11:00:00,A,THS_PER,T,Y_GE15,J,FR,2022-01-01,977.2,d,
ESTAT:LFSA_EGAN2(1.0),17/04/26 11:00:00,A,THS_PER,T,Y_GE15,J,HR,2022-01-01,56.1,,
ESTAT:LFSA_EGAN2(1.0),17/04/26 11:00:00,A,THS_PER,T,Y_GE15,J,HU,2022-01-01,168.6,,
ESTAT:LFSA_EGAN2(1.0),17/04/26 11:00:00,A,THS_PER,T,Y_GE15,J,IE,2022-01-01,167.8,,
ESTAT:LFSA_EGAN2(1.0),17/04/26 11:00:00,A,THS_PER,T,Y_GE15,J,IS,2022-01-01,10.0,,
ESTAT:LFSA_EGAN2(1.0),17/04/26 11:00:00,A,THS_PER,T,Y_GE15,J,IT,2022-01-01,688.5,,
ESTAT:LFSA_EGAN2(1.0),17/04/26 11:00:00,A,THS_PER,T,Y_GE15,J,LT,2022-01-01,57.1,,
ESTAT:LFSA_EGAN2(1.0),17/04/26 11:00:00,A,THS_PER,T,Y_GE15,J,LU,2022-01-01,16.3,,
ESTAT:LFSA_EGAN2(1.0),17/04/26 11:00:00,A,THS_PER,T,Y_GE15,J,LV,2022-01-01,42.9,,
ESTAT:LFSA_EGAN2(1.0),17/04/26 11:00:00,A,THS_PER,T,Y_GE15,J,MK,2022-01-01,21.2,,
ESTAT:LFSA_EGAN2(1.0),17/04/26 11:00:00,A,THS_PER,T,Y_GE15,J,MT,2022-01-01,12.7,,
ESTAT:LFSA_EGAN2(1.0),17/04/26 11:00:00,A,THS_PER,T,Y_GE15,J,NL,2022-01-01,431.6,,
ESTAT:LFSA_EGAN2(1.0),17/04/26 11:00:00,A,THS_PER,T,Y_GE15,J,NO,2022-01-01,124.0,,
ESTAT:LFSA_EGAN2(1.0),17/04/26 11:00:00,A,THS_PER,T,Y_GE15,J,PL,2022-01-01,530.5,,
ESTAT:LFSA_EGAN2(1.0),17/04/26 11:00:00,A,THS_PER,T,Y_GE15,J,PT,2022-01-01,189.6,,
ESTAT:LFSA_EGAN2(1.0),17/04/26 11:00:00,A,THS_PER,T,Y_GE15,J,RO,2022-01-01,201.8,,
ESTAT:LFSA_EGAN2(1.0),17/04/26 11:00:00,A,THS_PER,T,Y_GE15,J,RS,2022-01-01,109.9,,
ESTAT:LFSA_EGAN2(1.0),17/04/26 11:00:00,A,THS_PER,T,Y_GE15,J,SE,2022-01-01,314.7,,
ESTAT:LFSA_EGAN2(1.0),17/04/26 11:00:00,A,THS_PER,T,Y_GE15,J,SI,2022-01-01,36.3,,
ESTAT:LFSA_EGAN2(1.0),17/04/26 11:00:00,A,THS_PER,T,Y_GE15,J,SK,2022-01-01,107.9,,
ESTAT:LFSA_EGAN2(1.0),17/04/26 11:00:00,A,THS_PER,T,Y_GE15,J,TR,2022-01-01,283.1,,
ESTAT:LFSA_EGAN2(1.0),17/04/26 11:00:00,A,THS_PER,T,Y_GE15,K,AT,2022-01-01,139.1,,
ESTAT:LFSA_EGAN2(1.0),17/04/26 11:00:00,A,THS_PER,T,Y_GE15,K,BA,2022-01-01,21.6,,
ESTAT:LFSA_EGAN2(1.0),17/04/26 11:00:00,A,THS_PER,T,Y_GE15,K,BE,2022-01-01,154.8,,
ESTAT:LFSA_EGAN2(1.0),17/04/26 11:00:00,A,THS_PER,T,Y_GE15,K,BG,2022-01-01,64.1,,
ESTAT:LFSA_EGAN2(1.0),17/04/26 11:00:00,A,THS_PER,T,Y_GE15,K,CH,2022-01-01,233.8,,
ESTAT:LFSA_EGAN2(1.0),17/04/26 11:00:00,A,THS_PER,T,Y_GE15,K,CY,2022-01-01,27.4,,
ESTAT:LFSA_EGAN2(1.0),17/04/26 11:00:00,A,THS_PER,T,Y_GE15,K,CZ,2022-01-01,122.3,,
ESTAT:LFSA_EGAN2(1.0),17/04/26 11:00:00,A,THS_PER,T,Y_GE15,K,DE,2022-01-01,1289.9,,
ESTAT:LFSA_EGAN2(1.0),17/04/26 11:00:00,A,THS_PER,T,Y_GE15,K,DK,2022-01-01,83.3,,
ESTAT:LFSA_EGAN2(1.0),17/04/26 11:00:00,A,THS_PER,T,Y_GE15,K,EA21,2022-01-01,4588.5,,
ESTAT:LFSA_EGAN2(1.0),17/04/26 11:00:00,A,THS_PER,T,Y_GE15,K,EE,2022-01-01,16.9,,
ESTAT:LFSA_EGAN2(1.0),17/04/26 11:00:00,A,THS_PER,T,Y_GE15,K,EL,2022-01-01,73.9,,
ESTAT:LFSA_EGAN2(1.0),17/04/26 11:00:00,A,THS_PER,T,Y_GE15,K,ES,2022-01-01,472.8,d,
ESTAT:LFSA_EGAN2(1.0),17/04/26 11:00:00,A,THS_PER,T,Y_GE15,K,EU27_2020,2022-01-01,5546.0,,
ESTAT:LFSA_EGAN2(1.0),17/04/26 11:00:00,A,THS_PER,T,Y_GE15,K,FI,2022-01-01,47.5,,
ESTAT:LFSA_EGAN2(1.0),17/04/26 11:00:00,A,THS_PER,T,Y_GE15,K,FR,2022-01-01,955.4,d,
ESTAT:LFSA_EGAN2(1.0),17/04/26 11:00:00,A,THS_PER,T,Y_GE15,K,HR,2022-01-01,33.1,,
ESTAT:LFSA_EGAN2(1.0),17/04/26 11:00:00,A,THS_PER,T,Y_GE15,K,HU,2022-01-01,99.3,,
ESTAT:LFSA_EGAN2(1.0),17/04/26 11:00:00,A,THS_PER,T,Y_GE15,K,IE,2022-01-01,121.3,,
ESTAT:LFSA_EGAN2(1.0),17/04/26 11:00:00,A,THS_PER,T,Y_GE15,K,IS,2022-01-01,6.0,,
ESTAT:LFSA_EGAN2(1.0),17/04/26 11:00:00,A,THS_PER,T,Y_GE15,K,IT,2022-01-01,605.1,,
ESTAT:LFSA_EGAN2(1.0),17/04/26 11:00:00,A,THS_PER,T,Y_GE15,K,LT,2022-01-01,31.0,,
ESTAT:LFSA_EGAN2(1.0),17/04/26 11:00:00,A,THS_PER,T,Y_GE15,K,LU,2022-01-01,34.7,,
ESTAT:LFSA_EGAN2(1.0),17/04/26 11:00:00,A,THS_PER,T,Y_GE15,K,LV,2022-01-01,16.9,,
ESTAT:LFSA_EGAN2(1.0),17/04/26 11:00:00,A,THS_PER,T,Y_GE15,K,MK,2022-01-01,10.5,,
ESTAT:LFSA_EGAN2(1.0),17/04/26 11:00:00,A,THS_PER,T,Y_GE15,K,MT,2022-01-01,17.6,,
ESTAT:LFSA_EGAN2(1.0),17/04/26 11:00:00,A,THS_PER,T,Y_GE15,K,NL,2022-01-01,297.8,,
ESTAT:LFSA_EGAN2(1.0),17/04/26 11:00:00,A,THS_PER,T,Y_GE15,K,NO,2022-01-01,60.4,,
ESTAT:LFSA_EGAN2(1.0),17/04/26 11:00:00,A,THS_PER,T,Y_GE15,K,PL,2022-01-01,416.9,,
ESTAT:LFSA_EGAN2(1.0),17/04/26 11:00:00,A,THS_PER,T,Y_GE15,K,PT,2022-01-01,103.3,,
ESTAT:LFSA_EGAN2(1.0),17/04/26 11:00:00,A,THS_PER,T,Y_GE15,K,RO,2022-01-01,115.1,,
ESTAT:LFSA_EGAN2(1.0),17/04/26 11:00:00,A,THS_PER,T,Y_GE15,K,RS,2022-01-01,51.3,,
ESTAT:LFSA_EGAN2(1.0),17/04/26 11:00:00,A,THS_PER,T,Y_GE15,K,SE,2022-01-01,120.7,,
ESTAT:LFSA_EGAN2(1.0),17/04/26 11:00:00,A,THS_PER,T,Y_GE15,K,SI,2022-01-01,22.9,,
ESTAT:LFSA_EGAN2(1.0),17/04/26 11:00:00,A,THS_PER,T,Y_GE15,K,SK,2022-01-01,62.9,,
ESTAT:LFSA_EGAN2(1.0),17/04/26 11:00:00,A,THS_PER,T,Y_GE15,K,TR,2022-01-01,316.4,,
ESTAT:LFSA_EGAN2(1.0),17/04/26 11:00:00,A,THS_PER,T,Y_GE15,O,AT,2022-01-01,295.8,,
ESTAT:LFSA_EGAN2(1.0),17/04/26 11:00:00,A,THS_PER,T,Y_GE15,O,BA,2022-01-01,87.9,,
ESTAT:LFSA_EGAN2(1.0),17/04/26 11:00:00,A,THS_PER,T,Y_GE15,O,BE,2022-01-01,428.9,,
ESTAT:LFSA_EGAN2(1.0),17/04/26 11:00:00,A,THS_PER,T,Y_GE15,O,BG,2022-01-01,202.2,,
ESTAT:LFSA_EGAN2(1.0),17/04/26 11:00:00,A,THS_PER,T,Y_GE15,O,CH,2022-01-01,234.8,,
ESTAT:LFSA_EGAN2(1.0),17/04/26 11:00:00,A,THS_PER,T,Y_GE15,O,CY,2022-01-01,41.5,,
ESTAT:LFSA_EGAN2(1.0),17/04/26 11:00:00,A,THS_PER,T,Y_GE15,O,CZ,2022-01-01,342.6,,
ESTAT:LFSA_EGAN2(1.0),17/04/26 11:00:00,A,THS_PER,T,Y_GE15,O,DE,2022-01-01,3154.4,,
ESTAT:LFSA_EGAN2(1.0),17/04/26 11:00:00,A,THS_PER,T,Y_GE15,O,DK,2022-01-01,160.5,,
ESTAT:LFSA_EGAN2(1.0),17/04/26 11:00:00,A,THS_PER,T,Y_GE15,O,EA21,2022-01-01,11278.5,,
ESTAT:LFSA_EGAN2(1.0),17/04/26 11:00:00,A,THS_PER,T,Y_GE15,O,EE,2022-01-01,42.7,,
ESTAT:LFSA_EGAN2(1.0),17/04/26 11:00:00,A,THS_PER,T,Y_GE15,O,EL,2022-01-01,373.6,,
ESTAT:LFSA_EGAN2(1.0),17/04/26 11:00:00,A,THS_PER,T,Y_GE15,O,ES,2022-01-01,1412.6,d,
ESTAT:LFSA_EGAN2(1.0),17/04/26 11:00:00,A,THS_PER,T,Y_GE15,O,EU27_2020,2022-01-01,14195.6,,
ESTAT:LFSA_EGAN2(1.0),17/04/26 11:00:00,A,THS_PER,T,Y_GE15,O,FI,2022-01-01,122.3,,
ESTAT:LFSA_EGAN2(1.0),17/04/26 11:00:00,A,THS_PER,T,Y_GE15,O,FR,2022-01-01,2342.0,d,
ESTAT:LFSA_EGAN2(1.0),17/04/26 11:00:00,A,THS_PER,T,Y_GE15,O,HR,2022-01-01,107.0,,
ESTAT:LFSA_EGAN2(1.0),17/04/26 11:00:00,A,THS_PER,T,Y_GE15,O,HU,2022-01-01,409.3,,
ESTAT:LFSA_EGAN2(1.0),17/04/26 11:00:00,A,THS_PER,T,Y_GE15,O,IE,2022-01-01,136.1,,
ESTAT:LFSA_EGAN2(1.0),17/04/26 11:00:00,A,THS_PER,T,Y_GE15,O,IS,2022-01-01,12.1,,
ESTAT:LFSA_EGAN2(1.0),17/04/26 11:00:00,A,THS_PER,T,Y_GE15,O,IT,2022-01-01,1142.2,,
ESTAT:LFSA_EGAN2(1.0),17/04/26 11:00:00,A,THS_PER,T,Y_GE15,O,LT,2022-01-01,92.3,,
ESTAT:LFSA_EGAN2(1.0),17/04/26 11:00:00,A,THS_PER,T,Y_GE15,O,LU,2022-01-01,35.6,,
ESTAT:LFSA_EGAN2(1.0),17/04/26 11:00:00,A,THS_PER,T,Y_GE15,O,LV,2022-01-01,62.6,,
ESTAT:LFSA_EGAN2(1.0),17/04/26 11:00:00,A,THS_PER,T,Y_GE15,O,MK,2022-01-01,50.7,,
ESTAT:LFSA_EGAN2(1.0),17/04/26 11:00:00,A,THS_PER,T,Y_GE15,O,MT,2022-01-01,18.9,,
ESTAT:LFSA_EGAN2(1.0),17/04/26 11:00:00,A,THS_PER,T,Y_GE15,O,NL,2022-01-01,655.8,,
ESTAT:LFSA_EGAN2(1.0),17/04/26 11:00:00,A,THS_PER,T,Y_GE15,O,NO,2022-01-01,176.8,,
ESTAT:LFSA_EGAN2(1.0),17/04/26 11:00:00,A,THS_PER,T,Y_GE15,O,PL,2022-01-01,1160.4,,
ESTAT:LFSA_EGAN2(1.0),17/04/26 11:00:00,A,THS_PER,T,Y_GE15,O,PT,2022-01-01,341.2,,
ESTAT:LFSA_EGAN2(1.0),17/04/26 11:00:00,A,THS_PER,T,Y_GE15,O,RO,2022-01-01,422.1,,
ESTAT:LFSA_EGAN2(1.0),17/04/26 11:00:00,A,THS_PER,T,Y_GE15,O,RS,2022-01-01,148.1,,
ESTAT:LFSA_EGAN2(1.0),17/04/26 11:00:00,A,THS_PER,T,Y_GE15,O,SE,2022-01-01,422.3,,
ESTAT:LFSA_EGAN2(1.0),17/04/26 11:00:00,A,THS_PER,T,Y_GE15,O,SI,2022-01-01,61.0,,
ESTAT:LFSA_EGAN2(1.0),17/04/26 11:00:00,A,THS_PER,T,Y_GE15,O,SK,2022-01-01,209.6,,
ESTAT:LFSA_EGAN2(1.0),17/04/26 11:00:00,A,THS_PER,T,Y_GE15,O,TR,2022-01-01,2028.9,,
ESTAT:LFSA_EGAN2(1.0),17/04/26 11:00:00,A,THS_PER,T,Y_GE15,P,AT,2022-01-01,294.1,,
ESTAT:LFSA_EGAN2(1.0),17/04/26 11:00:00,A,THS_PER,T,Y_GE15,P,BA,2022-01-01,67.7,,
ESTAT:LFSA_EGAN2(1.0),17/04/26 11:00:00,A,THS_PER,T,Y_GE15,P,BE,2022-01-01,481.4,,
ESTAT:LFSA_EGAN2(1.0),17/04/26 11:00:00,A,THS_PER,T,Y_GE15,P,BG,2022-01-01,162.1,,
ESTAT:LFSA_EGAN2(1.0),17/04/26 11:00:00,A,THS_PER,T,Y_GE15,P,CH,2022-01-01,312.3,,
ESTAT:LFSA_EGAN2(1.0),17/04/26 11:00:00,A,THS_PER,T,Y_GE15,P,CY,2022-01-01,33.0,,
ESTAT:LFSA_EGAN2(1.0),17/04/26 11:00:00,A,THS_PER,T,Y_GE15,P,CZ,2022-01-01,375.2,,
ESTAT:LFSA_EGAN2(1.0),17/04/26 11:00:00,A,THS_PER,T,Y_GE15,P,DE,2022-01-01,2810.7,,
ESTAT:LFSA_EGAN2(1.0),17/04/26 11:00:00,A,THS_PER,T,Y_GE15,P,DK,2022-01-01,259.4,,
ESTAT:LFSA_EGAN2(1.0),17/04/26 11:00:00,A,THS_PER,T,Y_GE15,P,EA21,2022-01-01,11712.8,,
ESTAT:LFSA_EGAN2(1.0),17/04/26 11:00:00,A,THS_PER,T,Y_GE15,P,EE,2022-01-01,65.4,,
ESTAT:LFSA_EGAN2(1.0),17/04/26 11:00:00,A,THS_PER,T,Y_GE15,P,EL,2022-01-01,344.4,,
ESTAT:LFSA_EGAN2(1.0),17/04/26 11:00:00,A,THS_PER,T,Y_GE15,P,ES,2022-01-01,1494.6,d,
ESTAT:LFSA_EGAN2(1.0),17/04/26 11:00:00,A,THS_PER,T,Y_GE15,P,EU27_2020,2022-01-01,14990.0,,
ESTAT:LFSA_EGAN2(1.0),17/04/26 11:00:00,A,THS_PER,T,Y_GE15,P,FI,2022-01-01,184.6,,
ESTAT:LFSA_EGAN2(1.0),17/04/26 11:00:00,A,THS_PER,T,Y_GE15,P,FR,2022-01-01,2146.8,d,
ESTAT:LFSA_EGAN2(1.0),17/04/26 11:00:00,A,THS_PER,T,Y_GE15,P,HR,2022-01-01,127.6,,
ESTAT:LFSA_EGAN2(1.0),17/04/26 11:00:00,A,THS_PER,T,Y_GE15,P,HU,2022-01-01,359.6,,
ESTAT:LFSA_EGAN2(1.0),17/04/26 11:00:00,A,THS_PER,T,Y_GE15,P,IE,2022-01-01,214.5,,
ESTAT:LFSA_EGAN2(1.0),17/04/26 11:00:00,A,THS_PER,T,Y_GE15,P,IS,2022-01-01,26.5,,
ESTAT:LFSA_EGAN2(1.0),17/04/26 11:00:00,A,THS_PER,T,Y_GE15,P,IT,2022-01-01,1603.9,,
ESTAT:LFSA_EGAN2(1.0),17/04/26 11:00:00,A,THS_PER,T,Y_GE15,P,LT,2022-01-01,126.8,,
ESTAT:LFSA_EGAN2(1.0),17/04/26 11:00:00,A,THS_PER,T,Y_GE15,P,LU,2022-01-01,24.3,,
ESTAT:LFSA_EGAN2(1.0),17/04/26 11:00:00,A,THS_PER,T,Y_GE15,P,LV,2022-01-01,83.5,,
ESTAT:LFSA_EGAN2(1.0),17/04/26 11:00:00,A,THS_PER,T,Y_GE15,P,MK,2022-01-01,47.8,,
ESTAT:LFSA_EGAN2(1.0),17/04/26 11:00:00,A,THS_PER,T,Y_GE15,P,MT,2022-01-01,24.9,,
ESTAT:LFSA_EGAN2(1.0),17/04/26 11:00:00,A,THS_PER,T,Y_GE15,P,NL,2022-01-01,750.5,,
ESTAT:LFSA_EGAN2(1.0),17/04/26 11:00:00,A,THS_PER,T,Y_GE15,P,NO,2022-01-01,234.4,,
ESTAT:LFSA_EGAN2(1.0),17/04/26 11:00:00,A,THS_PER,T,Y_GE15,P,PL,2022-01-01,1334.0,,
ESTAT:LFSA_EGAN2(1.0),17/04/26 11:00:00,A,THS_PER,T,Y_GE15,P,PT,2022-01-01,419.7,,
ESTAT:LFSA_EGAN2(1.0),17/04/26 11:00:00,A,THS_PER,T,Y_GE15,P,RO,2022-01-01,370.4,,
ESTAT:LFSA_EGAN2(1.0),17/04/26 11:00:00,A,THS_PER,T,Y_GE15,P,RS,2022-01-01,178.7,,
ESTAT:LFSA_EGAN2(1.0),17/04/26 11:00:00,A,THS_PER,T,Y_GE15,P,SE,2022-01-01,578.7,,
ESTAT:LFSA_EGAN2(1.0),17/04/26 11:00:00,A,THS_PER,T,Y_GE15,P,SI,2022-01-01,96.3,,
ESTAT:LFSA_EGAN2(1.0),17/04/26 11:00:00,A,THS_PER,T,Y_GE15,P,SK,2022-01-01,223.7,,
ESTAT:LFSA_EGAN2(1.0),17/04/26 11:00:00,A,THS_PER,T,Y_GE15,P,TR,2022-01-01,1902.4,,
ESTAT:LFSA_EGAN2(1.0),17/04/26 11:00:00,A,THS_PER,T,Y_GE15,Q,AT,2022-01-01,496.3,,
ESTAT:LFSA_EGAN2(1.0),17/04/26 11:00:00,A,THS_PER,T,Y_GE15,Q,BA,2022-01-01,64.6,,
ESTAT:LFSA_EGAN2(1.0),17/04/26 11:00:00,A,THS_PER,T,Y_GE15,Q,BE,2022-01-01,719.1,,
ESTAT:LFSA_EGAN2(1.0),17/04/26 11:00:00,A,THS_PER,T,Y_GE15,Q,BG,2022-01-01,168.2,,
ESTAT:LFSA_EGAN2(1.0),17/04/26 11:00:00,A,THS_PER,T,Y_GE15,Q,CH,2022-01-01,667.2,,
ESTAT:LFSA_EGAN2(1.0),17/04/26 11:00:00,A,THS_PER,T,Y_GE15,Q,CY,2022-01-01,25.6,,
ESTAT:LFSA_EGAN2(1.0),17/04/26 11:00:00,A,THS_PER,T,Y_GE15,Q,CZ,2022-01-01,407.9,,
ESTAT:LFSA_EGAN2(1.0),17/04/26 11:00:00,A,THS_PER,T,Y_GE15,Q,DE,2022-01-01,5736.5,,
ESTAT:LFSA_EGAN2(1.0),17/04/26 11:00:00,A,THS_PER,T,Y_GE15,Q,DK,2022-01-01,549.5,,
ESTAT:LFSA_EGAN2(1.0),17/04/26 11:00:00,A,THS_PER,T,Y_GE15,Q,EA21,2022-01-01,18708.3,,
ESTAT:LFSA_EGAN2(1.0),17/04/26 11:00:00,A,THS_PER,T,Y_GE15,Q,EE,2022-01-01,46.4,,
ESTAT:LFSA_EGAN2(1.0),17/04/26 11:00:00,A,THS_PER,T,Y_GE15,Q,EL,2022-01-01,288.5,,
ESTAT:LFSA_EGAN2(1.0),17/04/26 11:00:00,A,THS_PER,T,Y_GE15,Q,ES,2022-01-01,1884.8,d,
ESTAT:LFSA_EGAN2(1.0),17/04/26 11:00:00,A,THS_PER,T,Y_GE15,Q,EU27_2020,2022-01-01,22357.1,,
ESTAT:LFSA_EGAN2(1.0),17/04/26 11:00:00,A,THS_PER,T,Y_GE15,Q,FI,2022-01-01,415.4,,
ESTAT:LFSA_EGAN2(1.0),17/04/26 11:00:00,A,THS_PER,T,Y_GE15,Q,FR,2022-01-01,3962.2,d,
ESTAT:LFSA_EGAN2(1.0),17/04/26 11:00:00,A,THS_PER,T,Y_GE15,Q,HR,2022-01-01,119.9,,
ESTAT:LFSA_EGAN2(1.0),17/04/26 11:00:00,A,THS_PER,T,Y_GE15,Q,HU,2022-01-01,312.6,,
ESTAT:LFSA_EGAN2(1.0),17/04/26 11:00:00,A,THS_PER,T,Y_GE15,Q,IE,2022-01-01,341.3,,
ESTAT:LFSA_EGAN2(1.0),17/04/26 11:00:00,A,THS_PER,T,Y_GE15,Q,IS,2022-01-01,26.7,,
ESTAT:LFSA_EGAN2(1.0),17/04/26 11:00:00,A,THS_PER,T,Y_GE15,Q,IT,2022-01-01,1882.7,,
ESTAT:LFSA_EGAN2(1.0),17/04/26 11:00:00,A,THS_PER,T,Y_GE15,Q,LT,2022-01-01,109.5,,
ESTAT:LFSA_EGAN2(1.0),17/04/26 11:00:00,A,THS_PER,T,Y_GE15,Q,LU,2022-01-01,34.5,,
ESTAT:LFSA_EGAN2(1.0),17/04/26 11:00:00,A,THS_PER,T,Y_GE15,Q,LV,2022-01-01,60.5,,
ESTAT:LFSA_EGAN2(1.0),17/04/26 11:00:00,A,THS_PER,T,Y_GE15,Q,MK,2022-01-01,46.5,,
ESTAT:LFSA_EGAN2(1.0),17/04/26 11:00:00,A,THS_PER,T,Y_GE15,Q,MT,2022-01-01,28.0,,
ESTAT:LFSA_EGAN2(1.0),17/04/26 11:00:00,A,THS_PER,T,Y_GE15,Q,NL,2022-01-01,1615.9,,
ESTAT:LFSA_EGAN2(1.0),17/04/26 11:00:00,A,THS_PER,T,Y_GE15,Q,NO,2022-01-01,577.1,,
ESTAT:LFSA_EGAN2(1.0),17/04/26 11:00:00,A,THS_PER,T,Y_GE15,Q,PL,2022-01-01,1168.0,,
ESTAT:LFSA_EGAN2(1.0),17/04/26 11:00:00,A,THS_PER,T,Y_GE15,Q,PT,2022-01-01,497.2,,
ESTAT:LFSA_EGAN2(1.0),17/04/26 11:00:00,A,THS_PER,T,Y_GE15,Q,RO,2022-01-01,449.1,,
ESTAT:LFSA_EGAN2(1.0),17/04/26 11:00:00,A,THS_PER,T,Y_GE15,Q,RS,2022-01-01,172.0,,
ESTAT:LFSA_EGAN2(1.0),17/04/26 11:00:00,A,THS_PER,T,Y_GE15,Q,SE,2022-01-01,761.7,,
ESTAT:LFSA_EGAN2(1.0),17/04/26 11:00:00,A,THS_PER,T,Y_GE15,Q,SI,2022-01-01,80.4,,
ESTAT:LFSA_EGAN2(1.0),17/04/26 11:00:00,A,THS_PER,T,Y_GE15,Q,SK,2022-01-01,195.3,,
ESTAT:LFSA_EGAN2(1.0),17/04/26 11:00:00,A,THS_PER,T,Y_GE15,Q,TR,2022-01-01,1840.3,,
ESTAT:LFSA_EGAN2(1.0),17/04/26 11:00:00,A,THS_PER,T,Y_GE15,TOTAL,AT,2022-01-01,4442.5,,
ESTAT:LFSA_EGAN2(1.0),17/04/26 11:00:00,A,THS_PER,T,Y_GE15,TOTAL,BA,2022-01-01,1162.0,,
ESTAT:LFSA_EGAN2(1.0),17/04/26 11:00:00,A,THS_PER,T,Y_GE15,TOTAL,BE,2022-01-01,4990.3,,
ESTAT:LFSA_EGAN2(1.0),17/04/26 11:00:00,A,THS_PER,T,Y_GE15,TOTAL,BG,2022-01-01,2940.6,,
ESTAT:LFSA_EGAN2(1.0),17/04/26 11:00:00,A,THS_PER,T,Y_GE15,TOTAL,CH,2022-01-01,4752.2,,
ESTAT:LFSA_EGAN2(1.0),17/04/26 11:00:00,A,THS_PER,T,Y_GE15,TOTAL,CY,2022-01-01,466.9,,
ESTAT:LFSA_EGAN2(1.0),17/04/26 11:00:00,A,THS_PER,T,Y_GE15,TOTAL,CZ,2022-01-01,5173.5,,
ESTAT:LFSA_EGAN2(1.0),17/04/26 11:00:00,A,THS_PER,T,Y_GE15,TOTAL,DE,2022-01-01,41937.1,,
ESTAT:LFSA_EGAN2(1.0),17/04/26 11:00:00,A,THS_PER,T,Y_GE15,TOTAL,DK,2022-01-01,2994.4,,
ESTAT:LFSA_EGAN2(1.0),17/04/26 11:00:00,A,THS_PER,T,Y_GE15,TOTAL,EA21,2022-01-01,159453.8,,
ESTAT:LFSA_EGAN2(1.0),17/04/26 11:00:00,A,THS_PER,T,Y_GE15,TOTAL,EE,2022-01-01,680.8,,
ESTAT:LFSA_EGAN2(1.0),17/04/26 11:00:00,A,THS_PER,T,Y_GE15,TOTAL,EL,2022-01-01,4140.6,,
ESTAT:LFSA_EGAN2(1.0),17/04/26 11:00:00,A,THS_PER,T,Y_GE15,TOTAL,ES,2022-01-01,20547.5,d,
ESTAT:LFSA_EGAN2(1.0),17/04/26 11:00:00,A,THS_PER,T,Y_GE15,TOTAL,EU27_2020,2022-01-01,202618.9,,
ESTAT:LFSA_EGAN2(1.0),17/04/26 11:00:00,A,THS_PER,T,Y_GE15,TOTAL,FI,2022-01-01,2640.2,,
ESTAT:LFSA_EGAN2(1.0),17/04/26 11:00:00,A,THS_PER,T,Y_GE15,TOTAL,FR,2022-01-01,28341.1,d,
ESTAT:LFSA_EGAN2(1.0),17/04/26 11:00:00,A,THS_PER,T,Y_GE15,TOTAL,HR,2022-01-01,1606.8,,
ESTAT:LFSA_EGAN2(1.0),17/04/26 11:00:00,A,THS_PER,T,Y_GE15,TOTAL,HU,2022-01-01,4682.6,,
ESTAT:LFSA_EGAN2(1.0),17/04/26 11:00:00,A,THS_PER,T,Y_GE15,TOTAL,IE,2022-01-01,2595.0,,
ESTAT:LFSA_EGAN2(1.0),17/04/26 11:00:00,A,THS_PER,T,Y_GE15,TOTAL,IS,2022-01-01,210.4,,
ESTAT:LFSA_EGAN2(1.0),17/04/26 11:00:00,A,THS_PER,T,Y_GE15,TOTAL,IT,2022-01-01,23099.4,,
ESTAT:LFSA_EGAN2(1.0),17/04/26 11:00:00,A,THS_PER,T,Y_GE15,TOTAL,LT,2022-01-01,1420.8,,
ESTAT:LFSA_EGAN2(1.0),17/04/26 11:00:00,A,THS_PER,T,Y_GE15,TOTAL,LU,2022-01-01,312.0,,
ESTAT:LFSA_EGAN2(1.0),17/04/26 11:00:00,A,THS_PER,T,Y_GE15,TOTAL,LV,2022-01-01,891.2,,
ESTAT:LFSA_EGAN2(1.0),17/04/26 11:00:00,A,THS_PER,T,Y_GE15,TOTAL,MK,2022-01-01,692.1,,
ESTAT:LFSA_EGAN2(1.0),17/04/26 11:00:00,A,THS_PER,T,Y_GE15,TOTAL,MT,2022-01-01,284.1,,
ESTAT:LFSA_EGAN2(1.0),17/04/26 11:00:00,A,THS_PER,T,Y_GE15,TOTAL,NL,2022-01-01,9587.0,,
ESTAT:LFSA_EGAN2(1.0),17/04/26 11:00:00,A,THS_PER,T,Y_GE15,TOTAL,NO,2022-01-01,2859.2,,
ESTAT:LFSA_EGAN2(1.0),17/04/26 11:00:00,A,THS_PER,T,Y_GE15,TOTAL,PL,2022-01-01,17250.9,,
ESTAT:LFSA_EGAN2(1.0),17/04/26 11:00:00,A,THS_PER,T,Y_GE15,TOTAL,PT,2022-01-01,4939.9,,
ESTAT:LFSA_EGAN2(1.0),17/04/26 11:00:00,A,THS_PER,T,Y_GE15,TOTAL,RO,2022-01-01,7806.5,,
ESTAT:LFSA_EGAN2(1.0),17/04/26 11:00:00,A,THS_PER,T,Y_GE15,TOTAL,RS,2022-01-01,2818.5,,
ESTAT:LFSA_EGAN2(1.0),17/04/26 11:00:00,A,THS_PER,T,Y_GE15,TOTAL,SE,2022-01-01,5257.2,,
ESTAT:LFSA_EGAN2(1.0),17/04/26 11:00:00,A,THS_PER,T,Y_GE15,TOTAL,SI,2022-01-01,986.1,,
ESTAT:LFSA_EGAN2(1.0),17/04/26 11:00:00,A,THS_PER,T,Y_GE15,TOTAL,SK,2022-01-01,2603.9,,
ESTAT:LFSA_EGAN2(1.0),17/04/26 11:00:00,A,THS_PER,T,Y_GE15,TOTAL,TR,2022-01-01,30724.0,,
ESTAT:LFSA_EGAN2(1.0),17/04/26 11:00:00,A,THS_PER,T,Y_GE15,A,AT,2023-01-01,139.7,,
ESTAT:LFSA_EGAN2(1.0),17/04/26 11:00:00,A,THS_PER,T,Y_GE15,A,BA,2023-01-01,90.8,,
ESTAT:LFSA_EGAN2(1.0),17/04/26 11:00:00,A,THS_PER,T,Y_GE15,A,BE,2023-01-01,54.8,,
ESTAT:LFSA_EGAN2(1.0),17/04/26 11:00:00,A,THS_PER,T,Y_GE15,A,BG,2023-01-01,166.4,,
ESTAT:LFSA_EGAN2(1.0),17/04/26 11:00:00,A,THS_PER,T,Y_GE15,A,CH,2023-01-01,92.3,,
ESTAT:LFSA_EGAN2(1.0),17/04/26 11:00:00,A,THS_PER,T,Y_GE15,A,CY,2023-01-01,11.8,,
ESTAT:LFSA_EGAN2(1.0),17/04/26 11:00:00,A,THS_PER,T,Y_GE15,A,CZ,2023-01-01,138.9,,
ESTAT:LFSA_EGAN2(1.0),17/04/26 11:00:00,A,THS_PER,T,Y_GE15,A,DE,2023-01-01,513.3,,
ESTAT:LFSA_EGAN2(1.0),17/04/26 11:00:00,A,THS_PER,T,Y_GE15,A,DK,2023-01-01,60.8,b,
ESTAT:LFSA_EGAN2(1.0),17/04/26 11:00:00,A,THS_PER,T,Y_GE15,A,EA21,2023-01-01,4561.8,,
ESTAT:LFSA_EGAN2(1.0),17/04/26 11:00:00,A,THS_PER,T,Y_GE15,A,EE,2023-01-01,18.2,,
ESTAT:LFSA_EGAN2(1.0),17/04/26 11:00:00,A,THS_PER,T,Y_GE15,A,EL,2023-01-01,480.9,,
ESTAT:LFSA_EGAN2(1.0),17/04/26 11:00:00,A,THS_PER,T,Y_GE15,A,ES,2023-01-01,767.3,d,
ESTAT:LFSA_EGAN2(1.0),17/04/26 11:00:00,A,THS_PER,T,Y_GE15,A,EU27_2020,2023-01-01,7288.6,,
ESTAT:LFSA_EGAN2(1.0),17/04/26 11:00:00,A,THS_PER,T,Y_GE15,A,FI,2023-01-01,94.6,,
ESTAT:LFSA_EGAN2(1.0),17/04/26 11:00:00,A,THS_PER,T,Y_GE15,A,FR,2023-01-01,710.0,d,
ESTAT:LFSA_EGAN2(1.0),17/04/26 11:00:00,A,THS_PER,T,Y_GE15,A,HR,2023-01-01,75.0,,
ESTAT:LFSA_EGAN2(1.0),17/04/26 11:00:00,A,THS_PER,T,Y_GE15,A,HU,2023-01-01,208.6,,
ESTAT:LFSA_EGAN2(1.0),17/04/26 11:00:00,A,THS_PER,T,Y_GE15,A,IE,2023-01-01,107.8,,
ESTAT:LFSA_EGAN2(1.0),17/04/26 11:00:00,A,THS_PER,T,Y_GE15,A,IS,2023-01-01,8.1,,
ESTAT:LFSA_EGAN2(1.0),17/04/26 11:00:00,A,THS_PER,T,Y_GE15,A,IT,2023-01-01,847.6,,
ESTAT:LFSA_EGAN2(1.0),17/04/26 11:00:00,A,THS_PER,T,Y_GE15,A,LT,2023-01-01,72.9,,
ESTAT:LFSA_EGAN2(1.0),17/04/26 11:00:00,A,THS_PER,T,Y_GE15,A,LU,2023-01-01,2.7,u,
ESTAT:LFSA_EGAN2(1.0),17/04/26 11:00:00,A,THS_PER,T,Y_GE15,A,LV,2023-01-01,59.9,,
ESTAT:LFSA_EGAN2(1.0),17/04/26 11:00:00,A,THS_PER,T,Y_GE15,A,MK,2023-01-01,53.7,,
ESTAT:LFSA_EGAN2(1.0),17/04/26 11:00:00,A,THS_PER,T,Y_GE15,A,MT,2023-01-01,3.3,,
ESTAT:LFSA_EGAN2(1.0),17/04/26 11:00:00,A,THS_PER,T,Y_GE15,A,NL,2023-01-01,182.8,,
ESTAT:LFSA_EGAN2(1.0),17/04/26 11:00:00,A,THS_PER,T,Y_GE15,A,NO,2023-01-01,71.9,,
ESTAT:LFSA_EGAN2(1.0),17/04/26 11:00:00,A,THS_PER,T,Y_GE15,A,PL,2023-01-01,1307.4,,
ESTAT:LFSA_EGAN2(1.0),17/04/26 11:00:00,A,THS_PER,T,Y_GE15,A,PT,2023-01-01,151.3,,
ESTAT:LFSA_EGAN2(1.0),17/04/26 11:00:00,A,THS_PER,T,Y_GE15,A,RO,2023-01-01,917.0,,
ESTAT:LFSA_EGAN2(1.0),17/04/26 11:00:00,A,THS_PER,T,Y_GE15,A,RS,2023-01-01,373.2,,
ESTAT:LFSA_EGAN2(1.0),17/04/26 11:00:00,A,THS_PER,T,Y_GE15,A,SE,2023-01-01,94.1,,
ESTAT:LFSA_EGAN2(1.0),17/04/26 11:00:00,A,THS_PER,T,Y_GE15,A,SI,2023-01-01,39.7,,
ESTAT:LFSA_EGAN2(1.0),17/04/26 11:00:00,A,THS_PER,T,Y_GE15,A,SK,2023-01-01,61.9,,
ESTAT:LFSA_EGAN2(1.0),17/04/26 11:00:00,A,THS_PER,T,Y_GE15,A,TR,2023-01-01,4627.9,,
ESTAT:LFSA_EGAN2(1.0),17/04/26 11:00:00,A,THS_PER,T,Y_GE15,C,AT,2023-01-01,743.5,,
ESTAT:LFSA_EGAN2(1.0),17/04/26 11:00:00,A,THS_PER,T,Y_GE15,C,BA,2023-01-01,236.2,,
ESTAT:LFSA_EGAN2(1.0),17/04/26 11:00:00,A,THS_PER,T,Y_GE15,C,BE,2023-01-01,575.8,,
ESTAT:LFSA_EGAN2(1.0),17/04/26 11:00:00,A,THS_PER,T,Y_GE15,C,BG,2023-01-01,536.4,,
ESTAT:LFSA_EGAN2(1.0),17/04/26 11:00:00,A,THS_PER,T,Y_GE15,C,CH,2023-01-01,558.9,,
ESTAT:LFSA_EGAN2(1.0),17/04/26 11:00:00,A,THS_PER,T,Y_GE15,C,CY,2023-01-01,29.8,,
ESTAT:LFSA_EGAN2(1.0),17/04/26 11:00:00,A,THS_PER,T,Y_GE15,C,CZ,2023-01-01,1279.2,,
ESTAT:LFSA_EGAN2(1.0),17/04/26 11:00:00,A,THS_PER,T,Y_GE15,C,DE,2023-01-01,7757.9,,
ESTAT:LFSA_EGAN2(1.0),17/04/26 11:00:00,A,THS_PER,T,Y_GE15,C,DK,2023-01-01,337.2,b,
ESTAT:LFSA_EGAN2(1.0),17/04/26 11:00:00,A,THS_PER,T,Y_GE15,C,EA21,2023-01-01,23955.6,,
ESTAT:LFSA_EGAN2(1.0),17/04/26 11:00:00,A,THS_PER,T,Y_GE15,C,EE,2023-01-01,120.3,,
ESTAT:LFSA_EGAN2(1.0),17/04/26 11:00:00,A,THS_PER,T,Y_GE15,C,EL,2023-01-01,417.0,,
ESTAT:LFSA_EGAN2(1.0),17/04/26 11:00:00,A,THS_PER,T,Y_GE15,C,ES,2023-01-01,2552.4,d,
ESTAT:LFSA_EGAN2(1.0),17/04/26 11:00:00,A,THS_PER,T,Y_GE15,C,EU27_2020,2023-01-01,31823.6,,
ESTAT:LFSA_EGAN2(1.0),17/04/26 11:00:00,A,THS_PER,T,Y_GE15,C,FI,2023-01-01,342.2,,
ESTAT:LFSA_EGAN2(1.0),17/04/26 11:00:00,A,THS_PER,T,Y_GE15,C,FR,2023-01-01,3170.6,d,
ESTAT:LFSA_EGAN2(1.0),17/04/26 11:00:00,A,THS_PER,T,Y_GE15,C,HR,2023-01-01,271.6,,
ESTAT:LFSA_EGAN2(1.0),17/04/26 11:00:00,A,THS_PER,T,Y_GE15,C,HU,2023-01-01,980.3,,
ESTAT:LFSA_EGAN2(1.0),17/04/26 11:00:00,A,THS_PER,T,Y_GE15,C,IE,2023-01-01,287.8,,
ESTAT:LFSA_EGAN2(1.0),17/04/26 11:00:00,A,THS_PER,T,Y_GE15,C,IS,2023-01-01,20.5,,
ESTAT:LFSA_EGAN2(1.0),17/04/26 11:00:00,A,THS_PER,T,Y_GE15,C,IT,2023-01-01,4320.1,,
ESTAT:LFSA_EGAN2(1.0),17/04/26 11:00:00,A,THS_PER,T,Y_GE15,C,LT,2023-01-01,229.4,,
ESTAT:LFSA_EGAN2(1.0),17/04/26 11:00:00,A,THS_PER,T,Y_GE15,C,LU,2023-01-01,10.3,,
ESTAT:LFSA_EGAN2(1.0),17/04/26 11:00:00,A,THS_PER,T,Y_GE15,C,LV,2023-01-01,112.1,,
ESTAT:LFSA_EGAN2(1.0),17/04/26 11:00:00,A,THS_PER,T,Y_GE15,C,MK,2023-01-01,134.6,,
ESTAT:LFSA_EGAN2(1.0),17/04/26 11:00:00,A,THS_PER,T,Y_GE15,C,MT,2023-01-01,30.7,,
ESTAT:LFSA_EGAN2(1.0),17/04/26 11:00:00,A,THS_PER,T,Y_GE15,C,NL,2023-01-01,812.1,,
ESTAT:LFSA_EGAN2(1.0),17/04/26 11:00:00,A,THS_PER,T,Y_GE15,C,NO,2023-01-01,202.8,,
ESTAT:LFSA_EGAN2(1.0),17/04/26 11:00:00,A,THS_PER,T,Y_GE15,C,PL,2023-01-01,3245.8,,
ESTAT:LFSA_EGAN2(1.0),17/04/26 11:00:00,A,THS_PER,T,Y_GE15,C,PT,2023-01-01,833.5,,
ESTAT:LFSA_EGAN2(1.0),17/04/26 11:00:00,A,THS_PER,T,Y_GE15,C,RO,2023-01-01,1502.9,,
ESTAT:LFSA_EGAN2(1.0),17/04/26 11:00:00,A,THS_PER,T,Y_GE15,C,RS,2023-01-01,551.3,,
ESTAT:LFSA_EGAN2(1.0),17/04/26 11:00:00,A,THS_PER,T,Y_GE15,C,SE,2023-01-01,522.7,,
ESTAT:LFSA_EGAN2(1.0),17/04/26 11:00:00,A,THS_PER,T,Y_GE15,C,SI,2023-01-01,223.2,,
ESTAT:LFSA_EGAN2(1.0),17/04/26 11:00:00,A,THS_PER,T,Y_GE15,C,SK,2023-01-01,579.1,,
ESTAT:LFSA_EGAN2(1.0),17/04/26 11:00:00,A,THS_PER,T,Y_GE15,C,TR,2023-01-01,6249.0,,
ESTAT:LFSA_EGAN2(1.0),17/04/26 11:00:00,A,THS_PER,T,Y_GE15,F,AT,2023-01-01,349.3,,
ESTAT:LFSA_EGAN2(1.0),17/04/26 11:00:00,A,THS_PER,T,Y_GE15,F,BA,2023-01-01,110.5,,
ESTAT:LFSA_EGAN2(1.0),17/04/26 11:00:00,A,THS_PER,T,Y_GE15,F,BE,2023-01-01,333.8,,
ESTAT:LFSA_EGAN2(1.0),17/04/26 11:00:00,A,THS_PER,T,Y_GE15,F,BG,2023-01-01,247.4,,
ESTAT:LFSA_EGAN2(1.0),17/04/26 11:00:00,A,THS_PER,T,Y_GE15,F,CH,2023-01-01,290.4,,
ESTAT:LFSA_EGAN2(1.0),17/04/26 11:00:00,A,THS_PER,T,Y_GE15,F,CY,2023-01-01,39.9,,
ESTAT:LFSA_EGAN2(1.0),17/04/26 11:00:00,A,THS_PER,T,Y_GE15,F,CZ,2023-01-01,392.8,,
ESTAT:LFSA_EGAN2(1.0),17/04/26 11:00:00,A,THS_PER,T,Y_GE15,F,DE,2023-01-01,2776.2,,
ESTAT:LFSA_EGAN2(1.0),17/04/26 11:00:00,A,THS_PER,T,Y_GE15,F,DK,2023-01-01,193.9,b,
ESTAT:LFSA_EGAN2(1.0),17/04/26 11:00:00,A,THS_PER,T,Y_GE15,F,EA21,2023-01-01,10522.3,,
ESTAT:LFSA_EGAN2(1.0),17/04/26 11:00:00,A,THS_PER,T,Y_GE15,F,EE,2023-01-01,58.1,,
ESTAT:LFSA_EGAN2(1.0),17/04/26 11:00:00,A,THS_PER,T,Y_GE15,F,EL,2023-01-01,165.8,,
ESTAT:LFSA_EGAN2(1.0),17/04/26 11:00:00,A,THS_PER,T,Y_GE15,F,ES,2023-01-01,1398.0,d,
ESTAT:LFSA_EGAN2(1.0),17/04/26 11:00:00,A,THS_PER,T,Y_GE15,F,EU27_2020,2023-01-01,13942.5,,
ESTAT:LFSA_EGAN2(1.0),17/04/26 11:00:00,A,THS_PER,T,Y_GE15,F,FI,2023-01-01,184.1,,
ESTAT:LFSA_EGAN2(1.0),17/04/26 11:00:00,A,THS_PER,T,Y_GE15,F,FR,2023-01-01,1812.3,d,
ESTAT:LFSA_EGAN2(1.0),17/04/26 11:00:00,A,THS_PER,T,Y_GE15,F,HR,2023-01-01,121.2,,
ESTAT:LFSA_EGAN2(1.0),17/04/26 11:00:00,A,THS_PER,T,Y_GE15,F,HU,2023-01-01,391.2,,
ESTAT:LFSA_EGAN2(1.0),17/04/26 11:00:00,A,THS_PER,T,Y_GE15,F,IE,2023-01-01,166.5,,
ESTAT:LFSA_EGAN2(1.0),17/04/26 11:00:00,A,THS_PER,T,Y_GE15,F,IS,2023-01-01,15.9,,
ESTAT:LFSA_EGAN2(1.0),17/04/26 11:00:00,A,THS_PER,T,Y_GE15,F,IT,2023-01-01,1530.9,,
ESTAT:LFSA_EGAN2(1.0),17/04/26 11:00:00,A,THS_PER,T,Y_GE15,F,LT,2023-01-01,113.1,,
ESTAT:LFSA_EGAN2(1.0),17/04/26 11:00:00,A,THS_PER,T,Y_GE15,F,LU,2023-01-01,15.7,,
ESTAT:LFSA_EGAN2(1.0),17/04/26 11:00:00,A,THS_PER,T,Y_GE15,F,LV,2023-01-01,70.4,,
ESTAT:LFSA_EGAN2(1.0),17/04/26 11:00:00,A,THS_PER,T,Y_GE15,F,MK,2023-01-01,50.4,,
ESTAT:LFSA_EGAN2(1.0),17/04/26 11:00:00,A,THS_PER,T,Y_GE15,F,MT,2023-01-01,19.9,,
ESTAT:LFSA_EGAN2(1.0),17/04/26 11:00:00,A,THS_PER,T,Y_GE15,F,NL,2023-01-01,432.5,,
ESTAT:LFSA_EGAN2(1.0),17/04/26 11:00:00,A,THS_PER,T,Y_GE15,F,NO,2023-01-01,239.9,,
ESTAT:LFSA_EGAN2(1.0),17/04/26 11:00:00,A,THS_PER,T,Y_GE15,F,PL,2023-01-01,1311.2,,
ESTAT:LFSA_EGAN2(1.0),17/04/26 11:00:00,A,THS_PER,T,Y_GE15,F,PT,2023-01-01,354.8,,
ESTAT:LFSA_EGAN2(1.0),17/04/26 11:00:00,A,THS_PER,T,Y_GE15,F,RO,2023-01-01,803.4,,
ESTAT:LFSA_EGAN2(1.0),17/04/26 11:00:00,A,THS_PER,T,Y_GE15,F,RS,2023-01-01,167.3,,
ESTAT:LFSA_EGAN2(1.0),17/04/26 11:00:00,A,THS_PER,T,Y_GE15,F,SE,2023-01-01,327.7,,
ESTAT:LFSA_EGAN2(1.0),17/04/26 11:00:00,A,THS_PER,T,Y_GE15,F,SI,2023-01-01,67.2,,
ESTAT:LFSA_EGAN2(1.0),17/04/26 11:00:00,A,THS_PER,T,Y_GE15,F,SK,2023-01-01,265.2,,
ESTAT:LFSA_EGAN2(1.0),17/04/26 11:00:00,A,THS_PER,T,Y_GE15,F,TR,2023-01-01,1990.4,,
ESTAT:LFSA_EGAN2(1.0),17/04/26 11:00:00,A,THS_PER,T,Y_GE15,G,AT,2023-01-01,629.6,,
ESTAT:LFSA_EGAN2(1.0),17/04/26 11:00:00,A,THS_PER,T,Y_GE15,G,BA,2023-01-01,184.8,,
ESTAT:LFSA_EGAN2(1.0),17/04/26 11:00:00,A,THS_PER,T,Y_GE15,G,BE,2023-01-01,608.0,,
ESTAT:LFSA_EGAN2(1.0),17/04/26 11:00:00,A,THS_PER,T,Y_GE15,G,BG,2023-01-01,488.0,,
ESTAT:LFSA_EGAN2(1.0),17/04/26 11:00:00,A,THS_PER,T,Y_GE15,G,CH,2023-01-01,532.5,,
ESTAT:LFSA_EGAN2(1.0),17/04/26 11:00:00,A,THS_PER,T,Y_GE15,G,CY,2023-01-01,77.2,,
ESTAT:LFSA_EGAN2(1.0),17/04/26 11:00:00,A,THS_PER,T,Y_GE15,G,CZ,2023-01-01,551.1,,
ESTAT:LFSA_EGAN2(1.0),17/04/26 11:00:00,A,THS_PER,T,Y_GE15,G,DE,2023-01-01,5463.6,,
ESTAT:LFSA_EGAN2(1.0),17/04/26 11:00:00,A,THS_PER,T,Y_GE15,G,DK,2023-01-01,444.5,b,
ESTAT:LFSA_EGAN2(1.0),17/04/26 11:00:00,A,THS_PER,T,Y_GE15,G,EA21,2023-01-01,21888.7,,
ESTAT:LFSA_EGAN2(1.0),17/04/26 11:00:00,A,THS_PER,T,Y_GE15,G,EE,2023-01-01,91.3,,
ESTAT:LFSA_EGAN2(1.0),17/04/26 11:00:00,A,THS_PER,T,Y_GE15,G,EL,2023-01-01,694.2,,
ESTAT:LFSA_EGAN2(1.0),17/04/26 11:00:00,A,THS_PER,T,Y_GE15,G,ES,2023-01-01,3135.5,d,
ESTAT:LFSA_EGAN2(1.0),17/04/26 11:00:00,A,THS_PER,T,Y_GE15,G,EU27_2020,2023-01-01,27693.7,,
ESTAT:LFSA_EGAN2(1.0),17/04/26 11:00:00,A,THS_PER,T,Y_GE15,G,FI,2023-01-01,283.3,,
ESTAT:LFSA_EGAN2(1.0),17/04/26 11:00:00,A,THS_PER,T,Y_GE15,G,FR,2023-01-01,3613.6,d,
ESTAT:LFSA_EGAN2(1.0),17/04/26 11:00:00,A,THS_PER,T,Y_GE15,G,HR,2023-01-01,229.2,,
ESTAT:LFSA_EGAN2(1.0),17/04/26 11:00:00,A,THS_PER,T,Y_GE15,G,HU,2023-01-01,602.8,,
ESTAT:LFSA_EGAN2(1.0),17/04/26 11:00:00,A,THS_PER,T,Y_GE15,G,IE,2023-01-01,335.5,,
ESTAT:LFSA_EGAN2(1.0),17/04/26 11:00:00,A,THS_PER,T,Y_GE15,G,IS,2023-01-01,26.0,,
ESTAT:LFSA_EGAN2(1.0),17/04/26 11:00:00,A,THS_PER,T,Y_GE15,G,IT,2023-01-01,3189.8,,
ESTAT:LFSA_EGAN2(1.0),17/04/26 11:00:00,A,THS_PER,T,Y_GE15,G,LT,2023-01-01,209.4,,
ESTAT:LFSA_EGAN2(1.0),17/04/26 11:00:00,A,THS_PER,T,Y_GE15,G,LU,2023-01-01,26.3,,
ESTAT:LFSA_EGAN2(1.0),17/04/26 11:00:00,A,THS_PER,T,Y_GE15,G,LV,2023-01-01,127.9,,
ESTAT:LFSA_EGAN2(1.0),17/04/26 11:00:00,A,THS_PER,T,Y_GE15,G,MK,2023-01-01,105.7,,
ESTAT:LFSA_EGAN2(1.0),17/04/26 11:00:00,A,THS_PER,T,Y_GE15,G,MT,2023-01-01,37.5,,
ESTAT:LFSA_EGAN2(1.0),17/04/26 11:00:00,A,THS_PER,T,Y_GE15,G,NL,2023-01-01,1464.8,,
ESTAT:LFSA_EGAN2(1.0),17/04/26 11:00:00,A,THS_PER,T,Y_GE15,G,NO,2023-01-01,346.0,,
ESTAT:LFSA_EGAN2(1.0),17/04/26 11:00:00,A,THS_PER,T,Y_GE15,G,PL,2023-01-01,2336.9,,
ESTAT:LFSA_EGAN2(1.0),17/04/26 11:00:00,A,THS_PER,T,Y_GE15,G,PT,2023-01-01,729.0,,
ESTAT:LFSA_EGAN2(1.0),17/04/26 11:00:00,A,THS_PER,T,Y_GE15,G,RO,2023-01-01,1334.9,,
ESTAT:LFSA_EGAN2(1.0),17/04/26 11:00:00,A,THS_PER,T,Y_GE15,G,RS,2023-01-01,382.9,,
ESTAT:LFSA_EGAN2(1.0),17/04/26 11:00:00,A,THS_PER,T,Y_GE15,G,SE,2023-01-01,534.8,,
ESTAT:LFSA_EGAN2(1.0),17/04/26 11:00:00,A,THS_PER,T,Y_GE15,G,SI,2023-01-01,124.9,,
ESTAT:LFSA_EGAN2(1.0),17/04/26 11:00:00,A,THS_PER,T,Y_GE15,G,SK,2023-01-01,330.1,,
ESTAT:LFSA_EGAN2(1.0),17/04/26 11:00:00,A,THS_PER,T,Y_GE15,G,TR,2023-01-01,4545.4,,
ESTAT:LFSA_EGAN2(1.0),17/04/26 11:00:00,A,THS_PER,T,Y_GE15,H,AT,2023-01-01,213.9,,
ESTAT:LFSA_EGAN2(1.0),17/04/26 11:00:00,A,THS_PER,T,Y_GE15,H,BA,2023-01-01,73.9,,
ESTAT:LFSA_EGAN2(1.0),17/04/26 11:00:00,A,THS_PER,T,Y_GE15,H,BE,2023-01-01,272.3,,
ESTAT:LFSA_EGAN2(1.0),17/04/26 11:00:00,A,THS_PER,T,Y_GE15,H,BG,2023-01-01,201.8,,
ESTAT:LFSA_EGAN2(1.0),17/04/26 11:00:00,A,THS_PER,T,Y_GE15,H,CH,2023-01-01,206.1,,
ESTAT:LFSA_EGAN2(1.0),17/04/26 11:00:00,A,THS_PER,T,Y_GE15,H,CY,2023-01-01,19.1,,
ESTAT:LFSA_EGAN2(1.0),17/04/26 11:00:00,A,THS_PER,T,Y_GE15,H,CZ,2023-01-01,313.5,,
ESTAT:LFSA_EGAN2(1.0),17/04/26 11:00:00,A,THS_PER,T,Y_GE15,H,DE,2023-01-01,2064.4,,
ESTAT:LFSA_EGAN2(1.0),17/04/26 11:00:00,A,THS_PER,T,Y_GE15,H,DK,2023-01-01,131.7,b,
ESTAT:LFSA_EGAN2(1.0),17/04/26 11:00:00,A,THS_PER,T,Y_GE15,H,EA21,2023-01-01,8304.4,,
ESTAT:LFSA_EGAN2(1.0),17/04/26 11:00:00,A,THS_PER,T,Y_GE15,H,EE,2023-01-01,49.9,,
ESTAT:LFSA_EGAN2(1.0),17/04/26 11:00:00,A,THS_PER,T,Y_GE15,H,EL,2023-01-01,224.5,,
ESTAT:LFSA_EGAN2(1.0),17/04/26 11:00:00,A,THS_PER,T,Y_GE15,H,ES,2023-01-01,1177.2,d,
ESTAT:LFSA_EGAN2(1.0),17/04/26 11:00:00,A,THS_PER,T,Y_GE15,H,EU27_2020,2023-01-01,10973.8,,
ESTAT:LFSA_EGAN2(1.0),17/04/26 11:00:00,A,THS_PER,T,Y_GE15,H,FI,2023-01-01,134.4,,
ESTAT:LFSA_EGAN2(1.0),17/04/26 11:00:00,A,THS_PER,T,Y_GE15,H,FR,2023-01-01,1445.7,d,
ESTAT:LFSA_EGAN2(1.0),17/04/26 11:00:00,A,THS_PER,T,Y_GE15,H,HR,2023-01-01,101.9,,
ESTAT:LFSA_EGAN2(1.0),17/04/26 11:00:00,A,THS_PER,T,Y_GE15,H,HU,2023-01-01,293.8,,
ESTAT:LFSA_EGAN2(1.0),17/04/26 11:00:00,A,THS_PER,T,Y_GE15,H,IE,2023-01-01,113.9,,
ESTAT:LFSA_EGAN2(1.0),17/04/26 11:00:00,A,THS_PER,T,Y_GE15,H,IS,2023-01-01,14.0,,
ESTAT:LFSA_EGAN2(1.0),17/04/26 11:00:00,A,THS_PER,T,Y_GE15,H,IT,2023-01-01,1180.0,,
ESTAT:LFSA_EGAN2(1.0),17/04/26 11:00:00,A,THS_PER,T,Y_GE15,H,LT,2023-01-01,105.7,,
ESTAT:LFSA_EGAN2(1.0),17/04/26 11:00:00,A,THS_PER,T,Y_GE15,H,LU,2023-01-01,13.2,,
ESTAT:LFSA_EGAN2(1.0),17/04/26 11:00:00,A,THS_PER,T,Y_GE15,H,LV,2023-01-01,73.7,,
ESTAT:LFSA_EGAN2(1.0),17/04/26 11:00:00,A,THS_PER,T,Y_GE15,H,MK,2023-01-01,36.7,,
ESTAT:LFSA_EGAN2(1.0),17/04/26 11:00:00,A,THS_PER,T,Y_GE15,H,MT,2023-01-01,14.6,,
ESTAT:LFSA_EGAN2(1.0),17/04/26 11:00:00,A,THS_PER,T,Y_GE15,H,NL,2023-01-01,453.7,,
ESTAT:LFSA_EGAN2(1.0),17/04/26 11:00:00,A,THS_PER,T,Y_GE15,H,NO,2023-01-01,137.7,,
ESTAT:LFSA_EGAN2(1.0),17/04/26 11:00:00,A,THS_PER,T,Y_GE15,H,PL,2023-01-01,1130.8,,
ESTAT:LFSA_EGAN2(1.0),17/04/26 11:00:00,A,THS_PER,T,Y_GE15,H,PT,2023-01-01,232.0,,
ESTAT:LFSA_EGAN2(1.0),17/04/26 11:00:00,A,THS_PER,T,Y_GE15,H,RO,2023-01-01,570.3,,
ESTAT:LFSA_EGAN2(1.0),17/04/26 11:00:00,A,THS_PER,T,Y_GE15,H,RS,2023-01-01,154.3,,
ESTAT:LFSA_EGAN2(1.0),17/04/26 11:00:00,A,THS_PER,T,Y_GE15,H,SE,2023-01-01,229.2,,
ESTAT:LFSA_EGAN2(1.0),17/04/26 11:00:00,A,THS_PER,T,Y_GE15,H,SI,2023-01-01,47.1,,
ESTAT:LFSA_EGAN2(1.0),17/04/26 11:00:00,A,THS_PER,T,Y_GE15,H,SK,2023-01-01,165.6,,
ESTAT:LFSA_EGAN2(1.0),17/04/26 11:00:00,A,THS_PER,T,Y_GE15,H,TR,2023-01-01,1569.8,,
ESTAT:LFSA_EGAN2(1.0),17/04/26 11:00:00,A,THS_PER,T,Y_GE15,I,AT,2023-01-01,239.7,,
ESTAT:LFSA_EGAN2(1.0),17/04/26 11:00:00,A,THS_PER,T,Y_GE15,I,BA,2023-01-01,58.1,,
ESTAT:LFSA_EGAN2(1.0),17/04/26 11:00:00,A,THS_PER,T,Y_GE15,I,BE,2023-01-01,192.9,,
ESTAT:LFSA_EGAN2(1.0),17/04/26 11:00:00,A,THS_PER,T,Y_GE15,I,BG,2023-01-01,152.5,,
ESTAT:LFSA_EGAN2(1.0),17/04/26 11:00:00,A,THS_PER,T,Y_GE15,I,CH,2023-01-01,173.4,,
ESTAT:LFSA_EGAN2(1.0),17/04/26 11:00:00,A,THS_PER,T,Y_GE15,I,CY,2023-01-01,39.3,,
ESTAT:LFSA_EGAN2(1.0),17/04/26 11:00:00,A,THS_PER,T,Y_GE15,I,CZ,2023-01-01,161.9,,
ESTAT:LFSA_EGAN2(1.0),17/04/26 11:00:00,A,THS_PER,T,Y_GE15,I,DE,2023-01-01,1474.7,,
ESTAT:LFSA_EGAN2(1.0),17/04/26 11:00:00,A,THS_PER,T,Y_GE15,I,DK,2023-01-01,109.3,b,
ESTAT:LFSA_EGAN2(1.0),17/04/26 11:00:00,A,THS_PER,T,Y_GE15,I,EA21,2023-01-01,8362.7,,
ESTAT:LFSA_EGAN2(1.0),17/04/26 11:00:00,A,THS_PER,T,Y_GE15,I,EE,2023-01-01,23.1,,
ESTAT:LFSA_EGAN2(1.0),17/04/26 11:00:00,A,THS_PER,T,Y_GE15,I,EL,2023-01-01,382.6,,
ESTAT:LFSA_EGAN2(1.0),17/04/26 11:00:00,A,THS_PER,T,Y_GE15,I,ES,2023-01-01,1756.4,d,
ESTAT:LFSA_EGAN2(1.0),17/04/26 11:00:00,A,THS_PER,T,Y_GE15,I,EU27_2020,2023-01-01,9589.3,,
ESTAT:LFSA_EGAN2(1.0),17/04/26 11:00:00,A,THS_PER,T,Y_GE15,I,FI,2023-01-01,98.5,,
ESTAT:LFSA_EGAN2(1.0),17/04/26 11:00:00,A,THS_PER,T,Y_GE15,I,FR,2023-01-01,1169.4,d,
ESTAT:LFSA_EGAN2(1.0),17/04/26 11:00:00,A,THS_PER,T,Y_GE15,I,HR,2023-01-01,96.2,,
ESTAT:LFSA_EGAN2(1.0),17/04/26 11:00:00,A,THS_PER,T,Y_GE15,I,HU,2023-01-01,184.2,,
ESTAT:LFSA_EGAN2(1.0),17/04/26 11:00:00,A,THS_PER,T,Y_GE15,I,IE,2023-01-01,179.4,,
ESTAT:LFSA_EGAN2(1.0),17/04/26 11:00:00,A,THS_PER,T,Y_GE15,I,IS,2023-01-01,11.7,,
ESTAT:LFSA_EGAN2(1.0),17/04/26 11:00:00,A,THS_PER,T,Y_GE15,I,IT,2023-01-01,1511.1,,
ESTAT:LFSA_EGAN2(1.0),17/04/26 11:00:00,A,THS_PER,T,Y_GE15,I,LT,2023-01-01,37.9,,
ESTAT:LFSA_EGAN2(1.0),17/04/26 11:00:00,A,THS_PER,T,Y_GE15,I,LU,2023-01-01,10.2,,
ESTAT:LFSA_EGAN2(1.0),17/04/26 11:00:00,A,THS_PER,T,Y_GE15,I,LV,2023-01-01,29.0,,
ESTAT:LFSA_EGAN2(1.0),17/04/26 11:00:00,A,THS_PER,T,Y_GE15,I,MK,2023-01-01,26.7,,
ESTAT:LFSA_EGAN2(1.0),17/04/26 11:00:00,A,THS_PER,T,Y_GE15,I,MT,2023-01-01,24.0,,
ESTAT:LFSA_EGAN2(1.0),17/04/26 11:00:00,A,THS_PER,T,Y_GE15,I,NL,2023-01-01,466.9,,
ESTAT:LFSA_EGAN2(1.0),17/04/26 11:00:00,A,THS_PER,T,Y_GE15,I,NO,2023-01-01,105.7,,
ESTAT:LFSA_EGAN2(1.0),17/04/26 11:00:00,A,THS_PER,T,Y_GE15,I,PL,2023-01-01,412.8,,
ESTAT:LFSA_EGAN2(1.0),17/04/26 11:00:00,A,THS_PER,T,Y_GE15,I,PT,2023-01-01,335.2,,
ESTAT:LFSA_EGAN2(1.0),17/04/26 11:00:00,A,THS_PER,T,Y_GE15,I,RO,2023-01-01,198.6,,
ESTAT:LFSA_EGAN2(1.0),17/04/26 11:00:00,A,THS_PER,T,Y_GE15,I,RS,2023-01-01,99.2,,
ESTAT:LFSA_EGAN2(1.0),17/04/26 11:00:00,A,THS_PER,T,Y_GE15,I,SE,2023-01-01,159.8,,
ESTAT:LFSA_EGAN2(1.0),17/04/26 11:00:00,A,THS_PER,T,Y_GE15,I,SI,2023-01-01,41.7,,
ESTAT:LFSA_EGAN2(1.0),17/04/26 11:00:00,A,THS_PER,T,Y_GE15,I,SK,2023-01-01,101.9,,
ESTAT:LFSA_EGAN2(1.0),17/04/26 11:00:00,A,THS_PER,T,Y_GE15,I,TR,2023-01-01,1794.7,,
ESTAT:LFSA_EGAN2(1.0),17/04/26 11:00:00,A,THS_PER,T,Y_GE15,J,AT,2023-01-01,160.7,,
ESTAT:LFSA_EGAN2(1.0),17/04/26 11:00:00,A,THS_PER,T,Y_GE15,J,BA,2023-01-01,37.0,,
ESTAT:LFSA_EGAN2(1.0),17/04/26 11:00:00,A,THS_PER,T,Y_GE15,J,BE,2023-01-01,203.8,,
ESTAT:LFSA_EGAN2(1.0),17/04/26 11:00:00,A,THS_PER,T,Y_GE15,J,BG,2023-01-01,122.3,,
ESTAT:LFSA_EGAN2(1.0),17/04/26 11:00:00,A,THS_PER,T,Y_GE15,J,CH,2023-01-01,173.6,,
ESTAT:LFSA_EGAN2(1.0),17/04/26 11:00:00,A,THS_PER,T,Y_GE15,J,CY,2023-01-01,27.2,,
ESTAT:LFSA_EGAN2(1.0),17/04/26 11:00:00,A,THS_PER,T,Y_GE15,J,CZ,2023-01-01,189.5,,
ESTAT:LFSA_EGAN2(1.0),17/04/26 11:00:00,A,THS_PER,T,Y_GE15,J,DE,2023-01-01,1706.8,,
ESTAT:LFSA_EGAN2(1.0),17/04/26 11:00:00,A,THS_PER,T,Y_GE15,J,DK,2023-01-01,133.3,b,
ESTAT:LFSA_EGAN2(1.0),17/04/26 11:00:00,A,THS_PER,T,Y_GE15,J,EA21,2023-01-01,6176.0,,
ESTAT:LFSA_EGAN2(1.0),17/04/26 11:00:00,A,THS_PER,T,Y_GE15,J,EE,2023-01-01,36.7,,
ESTAT:LFSA_EGAN2(1.0),17/04/26 11:00:00,A,THS_PER,T,Y_GE15,J,EL,2023-01-01,105.6,,
ESTAT:LFSA_EGAN2(1.0),17/04/26 11:00:00,A,THS_PER,T,Y_GE15,J,ES,2023-01-01,753.5,d,
ESTAT:LFSA_EGAN2(1.0),17/04/26 11:00:00,A,THS_PER,T,Y_GE15,J,EU27_2020,2023-01-01,7818.7,,
ESTAT:LFSA_EGAN2(1.0),17/04/26 11:00:00,A,THS_PER,T,Y_GE15,J,FI,2023-01-01,139.3,,
ESTAT:LFSA_EGAN2(1.0),17/04/26 11:00:00,A,THS_PER,T,Y_GE15,J,FR,2023-01-01,1013.5,d,
ESTAT:LFSA_EGAN2(1.0),17/04/26 11:00:00,A,THS_PER,T,Y_GE15,J,HR,2023-01-01,62.7,,
ESTAT:LFSA_EGAN2(1.0),17/04/26 11:00:00,A,THS_PER,T,Y_GE15,J,HU,2023-01-01,179.7,,
ESTAT:LFSA_EGAN2(1.0),17/04/26 11:00:00,A,THS_PER,T,Y_GE15,J,IE,2023-01-01,174.1,,
ESTAT:LFSA_EGAN2(1.0),17/04/26 11:00:00,A,THS_PER,T,Y_GE15,J,IS,2023-01-01,11.0,,
ESTAT:LFSA_EGAN2(1.0),17/04/26 11:00:00,A,THS_PER,T,Y_GE15,J,IT,2023-01-01,776.1,,
ESTAT:LFSA_EGAN2(1.0),17/04/26 11:00:00,A,THS_PER,T,Y_GE15,J,LT,2023-01-01,62.2,,
ESTAT:LFSA_EGAN2(1.0),17/04/26 11:00:00,A,THS_PER,T,Y_GE15,J,LU,2023-01-01,16.0,,
ESTAT:LFSA_EGAN2(1.0),17/04/26 11:00:00,A,THS_PER,T,Y_GE15,J,LV,2023-01-01,42.1,,
ESTAT:LFSA_EGAN2(1.0),17/04/26 11:00:00,A,THS_PER,T,Y_GE15,J,MK,2023-01-01,24.3,,
ESTAT:LFSA_EGAN2(1.0),17/04/26 11:00:00,A,THS_PER,T,Y_GE15,J,MT,2023-01-01,14.9,,
ESTAT:LFSA_EGAN2(1.0),17/04/26 11:00:00,A,THS_PER,T,Y_GE15,J,NL,2023-01-01,436.9,,
ESTAT:LFSA_EGAN2(1.0),17/04/26 11:00:00,A,THS_PER,T,Y_GE15,J,NO,2023-01-01,131.8,,
ESTAT:LFSA_EGAN2(1.0),17/04/26 11:00:00,A,THS_PER,T,Y_GE15,J,PL,2023-01-01,636.8,,
ESTAT:LFSA_EGAN2(1.0),17/04/26 11:00:00,A,THS_PER,T,Y_GE15,J,PT,2023-01-01,191.2,,
ESTAT:LFSA_EGAN2(1.0),17/04/26 11:00:00,A,THS_PER,T,Y_GE15,J,RO,2023-01-01,182.3,,
ESTAT:LFSA_EGAN2(1.0),17/04/26 11:00:00,A,THS_PER,T,Y_GE15,J,RS,2023-01-01,122.2,,
ESTAT:LFSA_EGAN2(1.0),17/04/26 11:00:00,A,THS_PER,T,Y_GE15,J,SE,2023-01-01,321.1,,
ESTAT:LFSA_EGAN2(1.0),17/04/26 11:00:00,A,THS_PER,T,Y_GE15,J,SI,2023-01-01,30.8,,
ESTAT:LFSA_EGAN2(1.0),17/04/26 11:00:00,A,THS_PER,T,Y_GE15,J,SK,2023-01-01,99.4,,
ESTAT:LFSA_EGAN2(1.0),17/04/26 11:00:00,A,THS_PER,T,Y_GE15,J,TR,2023-01-01,313.0,,
ESTAT:LFSA_EGAN2(1.0),17/04/26 11:00:00,A,THS_PER,T,Y_GE15,K,AT,2023-01-01,143.3,,
ESTAT:LFSA_EGAN2(1.0),17/04/26 11:00:00,A,THS_PER,T,Y_GE15,K,BA,2023-01-01,22.2,,
ESTAT:LFSA_EGAN2(1.0),17/04/26 11:00:00,A,THS_PER,T,Y_GE15,K,BE,2023-01-01,151.5,,
ESTAT:LFSA_EGAN2(1.0),17/04/26 11:00:00,A,THS_PER,T,Y_GE15,K,BG,2023-01-01,62.6,,
ESTAT:LFSA_EGAN2(1.0),17/04/26 11:00:00,A,THS_PER,T,Y_GE15,K,CH,2023-01-01,251.5,,
ESTAT:LFSA_EGAN2(1.0),17/04/26 11:00:00,A,THS_PER,T,Y_GE15,K,CY,2023-01-01,28.7,,
ESTAT:LFSA_EGAN2(1.0),17/04/26 11:00:00,A,THS_PER,T,Y_GE15,K,CZ,2023-01-01,127.2,,
ESTAT:LFSA_EGAN2(1.0),17/04/26 11:00:00,A,THS_PER,T,Y_GE15,K,DE,2023-01-01,1319.5,,
ESTAT:LFSA_EGAN2(1.0),17/04/26 11:00:00,A,THS_PER,T,Y_GE15,K,DK,2023-01-01,86.9,b,
ESTAT:LFSA_EGAN2(1.0),17/04/26 11:00:00,A,THS_PER,T,Y_GE15,K,EA21,2023-01-01,4653.0,,
ESTAT:LFSA_EGAN2(1.0),17/04/26 11:00:00,A,THS_PER,T,Y_GE15,K,EE,2023-01-01,17.7,,
ESTAT:LFSA_EGAN2(1.0),17/04/26 11:00:00,A,THS_PER,T,Y_GE15,K,EL,2023-01-01,83.9,,
ESTAT:LFSA_EGAN2(1.0),17/04/26 11:00:00,A,THS_PER,T,Y_GE15,K,ES,2023-01-01,482.2,d,
ESTAT:LFSA_EGAN2(1.0),17/04/26 11:00:00,A,THS_PER,T,Y_GE15,K,EU27_2020,2023-01-01,5647.9,,
ESTAT:LFSA_EGAN2(1.0),17/04/26 11:00:00,A,THS_PER,T,Y_GE15,K,FI,2023-01-01,49.3,,
ESTAT:LFSA_EGAN2(1.0),17/04/26 11:00:00,A,THS_PER,T,Y_GE15,K,FR,2023-01-01,941.9,d,
ESTAT:LFSA_EGAN2(1.0),17/04/26 11:00:00,A,THS_PER,T,Y_GE15,K,HR,2023-01-01,29.7,,
ESTAT:LFSA_EGAN2(1.0),17/04/26 11:00:00,A,THS_PER,T,Y_GE15,K,HU,2023-01-01,103.9,,
ESTAT:LFSA_EGAN2(1.0),17/04/26 11:00:00,A,THS_PER,T,Y_GE15,K,IE,2023-01-01,125.0,,
ESTAT:LFSA_EGAN2(1.0),17/04/26 11:00:00,A,THS_PER,T,Y_GE15,K,IS,2023-01-01,5.5,,
ESTAT:LFSA_EGAN2(1.0),17/04/26 11:00:00,A,THS_PER,T,Y_GE15,K,IT,2023-01-01,606.7,,
ESTAT:LFSA_EGAN2(1.0),17/04/26 11:00:00,A,THS_PER,T,Y_GE15,K,LT,2023-01-01,29.1,,
ESTAT:LFSA_EGAN2(1.0),17/04/26 11:00:00,A,THS_PER,T,Y_GE15,K,LU,2023-01-01,38.6,,
ESTAT:LFSA_EGAN2(1.0),17/04/26 11:00:00,A,THS_PER,T,Y_GE15,K,LV,2023-01-01,16.4,,
ESTAT:LFSA_EGAN2(1.0),17/04/26 11:00:00,A,THS_PER,T,Y_GE15,K,MK,2023-01-01,12.4,,
ESTAT:LFSA_EGAN2(1.0),17/04/26 11:00:00,A,THS_PER,T,Y_GE15,K,MT,2023-01-01,18.9,,
ESTAT:LFSA_EGAN2(1.0),17/04/26 11:00:00,A,THS_PER,T,Y_GE15,K,NL,2023-01-01,305.7,,
ESTAT:LFSA_EGAN2(1.0),17/04/26 11:00:00,A,THS_PER,T,Y_GE15,K,NO,2023-01-01,56.1,,
ESTAT:LFSA_EGAN2(1.0),17/04/26 11:00:00,A,THS_PER,T,Y_GE15,K,PL,2023-01-01,451.8,,
ESTAT:LFSA_EGAN2(1.0),17/04/26 11:00:00,A,THS_PER,T,Y_GE15,K,PT,2023-01-01,108.9,,
ESTAT:LFSA_EGAN2(1.0),17/04/26 11:00:00,A,THS_PER,T,Y_GE15,K,RO,2023-01-01,105.6,,
ESTAT:LFSA_EGAN2(1.0),17/04/26 11:00:00,A,THS_PER,T,Y_GE15,K,RS,2023-01-01,51.1,,
ESTAT:LFSA_EGAN2(1.0),17/04/26 11:00:00,A,THS_PER,T,Y_GE15,K,SE,2023-01-01,119.6,,
ESTAT:LFSA_EGAN2(1.0),17/04/26 11:00:00,A,THS_PER,T,Y_GE15,K,SI,2023-01-01,20.2,,
ESTAT:LFSA_EGAN2(1.0),17/04/26 11:00:00,A,THS_PER,T,Y_GE15,K,SK,2023-01-01,73.1,,
ESTAT:LFSA_EGAN2(1.0),17/04/26 11:00:00,A,THS_PER,T,Y_GE15,K,TR,2023-01-01,337.6,,
ESTAT:LFSA_EGAN2(1.0),17/04/26 11:00:00,A,THS_PER,T,Y_GE15,O,AT,2023-01-01,306.9,,
ESTAT:LFSA_EGAN2(1.0),17/04/26 11:00:00,A,THS_PER,T,Y_GE15,O,BA,2023-01-01,90.1,,
ESTAT:LFSA_EGAN2(1.0),17/04/26 11:00:00,A,THS_PER,T,Y_GE15,O,BE,2023-01-01,430.4,,
ESTAT:LFSA_EGAN2(1.0),17/04/26 11:00:00,A,THS_PER,T,Y_GE15,O,BG,2023-01-01,201.8,,
ESTAT:LFSA_EGAN2(1.0),17/04/26 11:00:00,A,THS_PER,T,Y_GE15,O,CH,2023-01-01,241.7,,
ESTAT:LFSA_EGAN2(1.0),17/04/26 11:00:00,A,THS_PER,T,Y_GE15,O,CY,2023-01-01,37.7,,
ESTAT:LFSA_EGAN2(1.0),17/04/26 11:00:00,A,THS_PER,T,Y_GE15,O,CZ,2023-01-01,316.9,,
ESTAT:LFSA_EGAN2(1.0),17/04/26 11:00:00,A,THS_PER,T,Y_GE15,O,DE,2023-01-01,3092.2,,
ESTAT:LFSA_EGAN2(1.0),17/04/26 11:00:00,A,THS_PER,T,Y_GE15,O,DK,2023-01-01,168.9,b,
ESTAT:LFSA_EGAN2(1.0),17/04/26 11:00:00,A,THS_PER,T,Y_GE15,O,EA21,2023-01-01,11386.5,,
ESTAT:LFSA_EGAN2(1.0),17/04/26 11:00:00,A,THS_PER,T,Y_GE15,O,EE,2023-01-01,41.5,,
ESTAT:LFSA_EGAN2(1.0),17/04/26 11:00:00,A,THS_PER,T,Y_GE15,O,EL,2023-01-01,368.4,,
ESTAT:LFSA_EGAN2(1.0),17/04/26 11:00:00,A,THS_PER,T,Y_GE15,O,ES,2023-01-01,1439.9,d,
ESTAT:LFSA_EGAN2(1.0),17/04/26 11:00:00,A,THS_PER,T,Y_GE15,O,EU27_2020,2023-01-01,14292.8,,
ESTAT:LFSA_EGAN2(1.0),17/04/26 11:00:00,A,THS_PER,T,Y_GE15,O,FI,2023-01-01,125.1,,
ESTAT:LFSA_EGAN2(1.0),17/04/26 11:00:00,A,THS_PER,T,Y_GE15,O,FR,2023-01-01,2417.6,d,
ESTAT:LFSA_EGAN2(1.0),17/04/26 11:00:00,A,THS_PER,T,Y_GE15,O,HR,2023-01-01,115.8,,
ESTAT:LFSA_EGAN2(1.0),17/04/26 11:00:00,A,THS_PER,T,Y_GE15,O,HU,2023-01-01,393.1,,
ESTAT:LFSA_EGAN2(1.0),17/04/26 11:00:00,A,THS_PER,T,Y_GE15,O,IE,2023-01-01,141.8,,
ESTAT:LFSA_EGAN2(1.0),17/04/26 11:00:00,A,THS_PER,T,Y_GE15,O,IS,2023-01-01,10.6,,
ESTAT:LFSA_EGAN2(1.0),17/04/26 11:00:00,A,THS_PER,T,Y_GE15,O,IT,2023-01-01,1181.8,,
ESTAT:LFSA_EGAN2(1.0),17/04/26 11:00:00,A,THS_PER,T,Y_GE15,O,LT,2023-01-01,88.2,,
ESTAT:LFSA_EGAN2(1.0),17/04/26 11:00:00,A,THS_PER,T,Y_GE15,O,LU,2023-01-01,36.1,,
ESTAT:LFSA_EGAN2(1.0),17/04/26 11:00:00,A,THS_PER,T,Y_GE15,O,LV,2023-01-01,57.3,,
ESTAT:LFSA_EGAN2(1.0),17/04/26 11:00:00,A,THS_PER,T,Y_GE15,O,MK,2023-01-01,51.6,,
ESTAT:LFSA_EGAN2(1.0),17/04/26 11:00:00,A,THS_PER,T,Y_GE15,O,MT,2023-01-01,19.4,,
ESTAT:LFSA_EGAN2(1.0),17/04/26 11:00:00,A,THS_PER,T,Y_GE15,O,NL,2023-01-01,694.0,,
ESTAT:LFSA_EGAN2(1.0),17/04/26 11:00:00,A,THS_PER,T,Y_GE15,O,NO,2023-01-01,177.5,,
ESTAT:LFSA_EGAN2(1.0),17/04/26 11:00:00,A,THS_PER,T,Y_GE15,O,PL,2023-01-01,1216.2,,
ESTAT:LFSA_EGAN2(1.0),17/04/26 11:00:00,A,THS_PER,T,Y_GE15,O,PT,2023-01-01,326.8,,
ESTAT:LFSA_EGAN2(1.0),17/04/26 11:00:00,A,THS_PER,T,Y_GE15,O,RO,2023-01-01,392.8,,
ESTAT:LFSA_EGAN2(1.0),17/04/26 11:00:00,A,THS_PER,T,Y_GE15,O,RS,2023-01-01,156.3,,
ESTAT:LFSA_EGAN2(1.0),17/04/26 11:00:00,A,THS_PER,T,Y_GE15,O,SE,2023-01-01,418.5,,
ESTAT:LFSA_EGAN2(1.0),17/04/26 11:00:00,A,THS_PER,T,Y_GE15,O,SI,2023-01-01,52.8,,
ESTAT:LFSA_EGAN2(1.0),17/04/26 11:00:00,A,THS_PER,T,Y_GE15,O,SK,2023-01-01,210.9,,
ESTAT:LFSA_EGAN2(1.0),17/04/26 11:00:00,A,THS_PER,T,Y_GE15,O,TR,2023-01-01,2089.9,,
ESTAT:LFSA_EGAN2(1.0),17/04/26 11:00:00,A,THS_PER,T,Y_GE15,P,AT,2023-01-01,308.6,,
ESTAT:LFSA_EGAN2(1.0),17/04/26 11:00:00,A,THS_PER,T,Y_GE15,P,BA,2023-01-01,71.1,,
ESTAT:LFSA_EGAN2(1.0),17/04/26 11:00:00,A,THS_PER,T,Y_GE15,P,BE,2023-01-01,486.7,,
ESTAT:LFSA_EGAN2(1.0),17/04/26 11:00:00,A,THS_PER,T,Y_GE15,P,BG,2023-01-01,163.7,,
ESTAT:LFSA_EGAN2(1.0),17/04/26 11:00:00,A,THS_PER,T,Y_GE15,P,CH,2023-01-01,326.2,,
ESTAT:LFSA_EGAN2(1.0),17/04/26 11:00:00,A,THS_PER,T,Y_GE15,P,CY,2023-01-01,34.7,,
ESTAT:LFSA_EGAN2(1.0),17/04/26 11:00:00,A,THS_PER,T,Y_GE15,P,CZ,2023-01-01,382.6,,
ESTAT:LFSA_EGAN2(1.0),17/04/26 11:00:00,A,THS_PER,T,Y_GE15,P,DE,2023-01-01,2867.0,,
ESTAT:LFSA_EGAN2(1.0),17/04/26 11:00:00,A,THS_PER,T,Y_GE15,P,DK,2023-01-01,256.1,b,
ESTAT:LFSA_EGAN2(1.0),17/04/26 11:00:00,A,THS_PER,T,Y_GE15,P,EA21,2023-01-01,11934.4,,
ESTAT:LFSA_EGAN2(1.0),17/04/26 11:00:00,A,THS_PER,T,Y_GE15,P,EE,2023-01-01,66.2,,
ESTAT:LFSA_EGAN2(1.0),17/04/26 11:00:00,A,THS_PER,T,Y_GE15,P,EL,2023-01-01,329.6,,
ESTAT:LFSA_EGAN2(1.0),17/04/26 11:00:00,A,THS_PER,T,Y_GE15,P,ES,2023-01-01,1490.4,d,
ESTAT:LFSA_EGAN2(1.0),17/04/26 11:00:00,A,THS_PER,T,Y_GE15,P,EU27_2020,2023-01-01,15280.0,,
ESTAT:LFSA_EGAN2(1.0),17/04/26 11:00:00,A,THS_PER,T,Y_GE15,P,FI,2023-01-01,194.1,,
ESTAT:LFSA_EGAN2(1.0),17/04/26 11:00:00,A,THS_PER,T,Y_GE15,P,FR,2023-01-01,2257.0,d,
ESTAT:LFSA_EGAN2(1.0),17/04/26 11:00:00,A,THS_PER,T,Y_GE15,P,HR,2023-01-01,141.6,,
ESTAT:LFSA_EGAN2(1.0),17/04/26 11:00:00,A,THS_PER,T,Y_GE15,P,HU,2023-01-01,368.5,,
ESTAT:LFSA_EGAN2(1.0),17/04/26 11:00:00,A,THS_PER,T,Y_GE15,P,IE,2023-01-01,223.3,,
ESTAT:LFSA_EGAN2(1.0),17/04/26 11:00:00,A,THS_PER,T,Y_GE15,P,IS,2023-01-01,27.6,,
ESTAT:LFSA_EGAN2(1.0),17/04/26 11:00:00,A,THS_PER,T,Y_GE15,P,IT,2023-01-01,1670.6,,
ESTAT:LFSA_EGAN2(1.0),17/04/26 11:00:00,A,THS_PER,T,Y_GE15,P,LT,2023-01-01,130.7,,
ESTAT:LFSA_EGAN2(1.0),17/04/26 11:00:00,A,THS_PER,T,Y_GE15,P,LU,2023-01-01,23.5,,
ESTAT:LFSA_EGAN2(1.0),17/04/26 11:00:00,A,THS_PER,T,Y_GE15,P,LV,2023-01-01,83.2,,
ESTAT:LFSA_EGAN2(1.0),17/04/26 11:00:00,A,THS_PER,T,Y_GE15,P,MK,2023-01-01,49.1,,
ESTAT:LFSA_EGAN2(1.0),17/04/26 11:00:00,A,THS_PER,T,Y_GE15,P,MT,2023-01-01,24.7,,
ESTAT:LFSA_EGAN2(1.0),17/04/26 11:00:00,A,THS_PER,T,Y_GE15,P,NL,2023-01-01,735.7,,
ESTAT:LFSA_EGAN2(1.0),17/04/26 11:00:00,A,THS_PER,T,Y_GE15,P,NO,2023-01-01,241.1,,
ESTAT:LFSA_EGAN2(1.0),17/04/26 11:00:00,A,THS_PER,T,Y_GE15,P,PL,2023-01-01,1381.1,,
ESTAT:LFSA_EGAN2(1.0),17/04/26 11:00:00,A,THS_PER,T,Y_GE15,P,PT,2023-01-01,406.0,,
ESTAT:LFSA_EGAN2(1.0),17/04/26 11:00:00,A,THS_PER,T,Y_GE15,P,RO,2023-01-01,353.1,,
ESTAT:LFSA_EGAN2(1.0),17/04/26 11:00:00,A,THS_PER,T,Y_GE15,P,RS,2023-01-01,174.9,,
ESTAT:LFSA_EGAN2(1.0),17/04/26 11:00:00,A,THS_PER,T,Y_GE15,P,SE,2023-01-01,604.2,,
ESTAT:LFSA_EGAN2(1.0),17/04/26 11:00:00,A,THS_PER,T,Y_GE15,P,SI,2023-01-01,85.6,,
ESTAT:LFSA_EGAN2(1.0),17/04/26 11:00:00,A,THS_PER,T,Y_GE15,P,SK,2023-01-01,211.4,,
ESTAT:LFSA_EGAN2(1.0),17/04/26 11:00:00,A,THS_PER,T,Y_GE15,P,TR,2023-01-01,1961.6,,
ESTAT:LFSA_EGAN2(1.0),17/04/26 11:00:00,A,THS_PER,T,Y_GE15,Q,AT,2023-01-01,496.1,,
ESTAT:LFSA_EGAN2(1.0),17/04/26 11:00:00,A,THS_PER,T,Y_GE15,Q,BA,2023-01-01,64.8,,
ESTAT:LFSA_EGAN2(1.0),17/04/26 11:00:00,A,THS_PER,T,Y_GE15,Q,BE,2023-01-01,714.9,,
ESTAT:LFSA_EGAN2(1.0),17/04/26 11:00:00,A,THS_PER,T,Y_GE15,Q,BG,2023-01-01,176.5,,
ESTAT:LFSA_EGAN2(1.0),17/04/26 11:00:00,A,THS_PER,T,Y_GE15,Q,CH,2023-01-01,681.6,,
ESTAT:LFSA_EGAN2(1.0),17/04/26 11:00:00,A,THS_PER,T,Y_GE15,Q,CY,2023-01-01,27.3,,
ESTAT:LFSA_EGAN2(1.0),17/04/26 11:00:00,A,THS_PER,T,Y_GE15,Q,CZ,2023-01-01,404.2,,
ESTAT:LFSA_EGAN2(1.0),17/04/26 11:00:00,A,THS_PER,T,Y_GE15,Q,DE,2023-01-01,5981.0,,
ESTAT:LFSA_EGAN2(1.0),17/04/26 11:00:00,A,THS_PER,T,Y_GE15,Q,DK,2023-01-01,560.3,b,
ESTAT:LFSA_EGAN2(1.0),17/04/26 11:00:00,A,THS_PER,T,Y_GE15,Q,EA21,2023-01-01,19330.3,,
ESTAT:LFSA_EGAN2(1.0),17/04/26 11:00:00,A,THS_PER,T,Y_GE15,Q,EE,2023-01-01,51.5,,
ESTAT:LFSA_EGAN2(1.0),17/04/26 11:00:00,A,THS_PER,T,Y_GE15,Q,EL,2023-01-01,310.1,,
ESTAT:LFSA_EGAN2(1.0),17/04/26 11:00:00,A,THS_PER,T,Y_GE15,Q,ES,2023-01-01,1974.8,d,
ESTAT:LFSA_EGAN2(1.0),17/04/26 11:00:00,A,THS_PER,T,Y_GE15,Q,EU27_2020,2023-01-01,22966.8,,
ESTAT:LFSA_EGAN2(1.0),17/04/26 11:00:00,A,THS_PER,T,Y_GE15,Q,FI,2023-01-01,419.0,,
ESTAT:LFSA_EGAN2(1.0),17/04/26 11:00:00,A,THS_PER,T,Y_GE15,Q,FR,2023-01-01,4077.8,d,
ESTAT:LFSA_EGAN2(1.0),17/04/26 11:00:00,A,THS_PER,T,Y_GE15,Q,HR,2023-01-01,118.4,,
ESTAT:LFSA_EGAN2(1.0),17/04/26 11:00:00,A,THS_PER,T,Y_GE15,Q,HU,2023-01-01,313.1,,
ESTAT:LFSA_EGAN2(1.0),17/04/26 11:00:00,A,THS_PER,T,Y_GE15,Q,IE,2023-01-01,360.5,,
ESTAT:LFSA_EGAN2(1.0),17/04/26 11:00:00,A,THS_PER,T,Y_GE15,Q,IS,2023-01-01,26.4,,
ESTAT:LFSA_EGAN2(1.0),17/04/26 11:00:00,A,THS_PER,T,Y_GE15,Q,IT,2023-01-01,1931.6,,
ESTAT:LFSA_EGAN2(1.0),17/04/26 11:00:00,A,THS_PER,T,Y_GE15,Q,LT,2023-01-01,110.0,,
ESTAT:LFSA_EGAN2(1.0),17/04/26 11:00:00,A,THS_PER,T,Y_GE15,Q,LU,2023-01-01,34.3,,
ESTAT:LFSA_EGAN2(1.0),17/04/26 11:00:00,A,THS_PER,T,Y_GE15,Q,LV,2023-01-01,65.6,,
ESTAT:LFSA_EGAN2(1.0),17/04/26 11:00:00,A,THS_PER,T,Y_GE15,Q,MK,2023-01-01,48.7,,
ESTAT:LFSA_EGAN2(1.0),17/04/26 11:00:00,A,THS_PER,T,Y_GE15,Q,MT,2023-01-01,30.4,,
ESTAT:LFSA_EGAN2(1.0),17/04/26 11:00:00,A,THS_PER,T,Y_GE15,Q,NL,2023-01-01,1664.4,,
ESTAT:LFSA_EGAN2(1.0),17/04/26 11:00:00,A,THS_PER,T,Y_GE15,Q,NO,2023-01-01,584.7,,
ESTAT:LFSA_EGAN2(1.0),17/04/26 11:00:00,A,THS_PER,T,Y_GE15,Q,PL,2023-01-01,1183.1,,
ESTAT:LFSA_EGAN2(1.0),17/04/26 11:00:00,A,THS_PER,T,Y_GE15,Q,PT,2023-01-01,504.0,,
ESTAT:LFSA_EGAN2(1.0),17/04/26 11:00:00,A,THS_PER,T,Y_GE15,Q,RO,2023-01-01,415.4,,
ESTAT:LFSA_EGAN2(1.0),17/04/26 11:00:00,A,THS_PER,T,Y_GE15,Q,RS,2023-01-01,172.0,,
ESTAT:LFSA_EGAN2(1.0),17/04/26 11:00:00,A,THS_PER,T,Y_GE15,Q,SE,2023-01-01,760.4,,
ESTAT:LFSA_EGAN2(1.0),17/04/26 11:00:00,A,THS_PER,T,Y_GE15,Q,SI,2023-01-01,78.9,,
ESTAT:LFSA_EGAN2(1.0),17/04/26 11:00:00,A,THS_PER,T,Y_GE15,Q,SK,2023-01-01,203.3,,
ESTAT:LFSA_EGAN2(1.0),17/04/26 11:00:00,A,THS_PER,T,Y_GE15,Q,TR,2023-01-01,2005.7,,
ESTAT:LFSA_EGAN2(1.0),17/04/26 11:00:00,A,THS_PER,T,Y_GE15,TOTAL,AT,2023-01-01,4482.9,,
ESTAT:LFSA_EGAN2(1.0),17/04/26 11:00:00,A,THS_PER,T,Y_GE15,TOTAL,BA,2023-01-01,1195.6,,
ESTAT:LFSA_EGAN2(1.0),17/04/26 11:00:00,A,THS_PER,T,Y_GE15,TOTAL,BE,2023-01-01,5028.4,,
ESTAT:LFSA_EGAN2(1.0),17/04/26 11:00:00,A,THS_PER,T,Y_GE15,TOTAL,BG,2023-01-01,2931.9,,
ESTAT:LFSA_EGAN2(1.0),17/04/26 11:00:00,A,THS_PER,T,Y_GE15,TOTAL,CH,2023-01-01,4848.2,,
ESTAT:LFSA_EGAN2(1.0),17/04/26 11:00:00,A,THS_PER,T,Y_GE15,TOTAL,CY,2023-01-01,479.9,,
ESTAT:LFSA_EGAN2(1.0),17/04/26 11:00:00,A,THS_PER,T,Y_GE15,TOTAL,CZ,2023-01-01,5060.8,,
ESTAT:LFSA_EGAN2(1.0),17/04/26 11:00:00,A,THS_PER,T,Y_GE15,TOTAL,DE,2023-01-01,42479.5,,
ESTAT:LFSA_EGAN2(1.0),17/04/26 11:00:00,A,THS_PER,T,Y_GE15,TOTAL,DK,2023-01-01,3017.5,b,
ESTAT:LFSA_EGAN2(1.0),17/04/26 11:00:00,A,THS_PER,T,Y_GE15,TOTAL,EA21,2023-01-01,161986.2,,
ESTAT:LFSA_EGAN2(1.0),17/04/26 11:00:00,A,THS_PER,T,Y_GE15,TOTAL,EE,2023-01-01,700.0,,
ESTAT:LFSA_EGAN2(1.0),17/04/26 11:00:00,A,THS_PER,T,Y_GE15,TOTAL,EL,2023-01-01,4193.5,,
ESTAT:LFSA_EGAN2(1.0),17/04/26 11:00:00,A,THS_PER,T,Y_GE15,TOTAL,ES,2023-01-01,21182.2,d,
ESTAT:LFSA_EGAN2(1.0),17/04/26 11:00:00,A,THS_PER,T,Y_GE15,TOTAL,EU27_2020,2023-01-01,205114.2,,
ESTAT:LFSA_EGAN2(1.0),17/04/26 11:00:00,A,THS_PER,T,Y_GE15,TOTAL,FI,2023-01-01,2647.9,,
ESTAT:LFSA_EGAN2(1.0),17/04/26 11:00:00,A,THS_PER,T,Y_GE15,TOTAL,FR,2023-01-01,28588.6,d,
ESTAT:LFSA_EGAN2(1.0),17/04/26 11:00:00,A,THS_PER,T,Y_GE15,TOTAL,HR,2023-01-01,1619.8,,
ESTAT:LFSA_EGAN2(1.0),17/04/26 11:00:00,A,THS_PER,T,Y_GE15,TOTAL,HU,2023-01-01,4710.7,,
ESTAT:LFSA_EGAN2(1.0),17/04/26 11:00:00,A,THS_PER,T,Y_GE15,TOTAL,IE,2023-01-01,2684.5,,
ESTAT:LFSA_EGAN2(1.0),17/04/26 11:00:00,A,THS_PER,T,Y_GE15,TOTAL,IS,2023-01-01,220.3,,
ESTAT:LFSA_EGAN2(1.0),17/04/26 11:00:00,A,THS_PER,T,Y_GE15,TOTAL,IT,2023-01-01,23579.9,,
ESTAT:LFSA_EGAN2(1.0),17/04/26 11:00:00,A,THS_PER,T,Y_GE15,TOTAL,LT,2023-01-01,1441.1,,
ESTAT:LFSA_EGAN2(1.0),17/04/26 11:00:00,A,THS_PER,T,Y_GE15,TOTAL,LU,2023-01-01,321.7,,
ESTAT:LFSA_EGAN2(1.0),17/04/26 11:00:00,A,THS_PER,T,Y_GE15,TOTAL,LV,2023-01-01,889.9,,
ESTAT:LFSA_EGAN2(1.0),17/04/26 11:00:00,A,THS_PER,T,Y_GE15,TOTAL,MK,2023-01-01,688.4,,
ESTAT:LFSA_EGAN2(1.0),17/04/26 11:00:00,A,THS_PER,T,Y_GE15,TOTAL,MT,2023-01-01,303.1,,
ESTAT:LFSA_EGAN2(1.0),17/04/26 11:00:00,A,THS_PER,T,Y_GE15,TOTAL,NL,2023-01-01,9780.7,,
ESTAT:LFSA_EGAN2(1.0),17/04/26 11:00:00,A,THS_PER,T,Y_GE15,TOTAL,NO,2023-01-01,2891.6,,
ESTAT:LFSA_EGAN2(1.0),17/04/26 11:00:00,A,THS_PER,T,Y_GE15,TOTAL,PL,2023-01-01,17306.8,,
ESTAT:LFSA_EGAN2(1.0),17/04/26 11:00:00,A,THS_PER,T,Y_GE15,TOTAL,PT,2023-01-01,5051.2,,
ESTAT:LFSA_EGAN2(1.0),17/04/26 11:00:00,A,THS_PER,T,Y_GE15,TOTAL,RO,2023-01-01,7696.4,,
ESTAT:LFSA_EGAN2(1.0),17/04/26 11:00:00,A,THS_PER,T,Y_GE15,TOTAL,RS,2023-01-01,2842.0,,
ESTAT:LFSA_EGAN2(1.0),17/04/26 11:00:00,A,THS_PER,T,Y_GE15,TOTAL,SE,2023-01-01,5335.7,,
ESTAT:LFSA_EGAN2(1.0),17/04/26 11:00:00,A,THS_PER,T,Y_GE15,TOTAL,SI,2023-01-01,989.4,,
ESTAT:LFSA_EGAN2(1.0),17/04/26 11:00:00,A,THS_PER,T,Y_GE15,TOTAL,SK,2023-01-01,2610.1,,
ESTAT:LFSA_EGAN2(1.0),17/04/26 11:00:00,A,THS_PER,T,Y_GE15,TOTAL,TR,2023-01-01,31605.4,,
ESTAT:LFSA_EGAN2(1.0),17/04/26 11:00:00,A,THS_PER,T,Y_GE15,A,AT,2024-01-01,126.9,,
ESTAT:LFSA_EGAN2(1.0),17/04/26 11:00:00,A,THS_PER,T,Y_GE15,A,BA,2024-01-01,94.5,,
ESTAT:LFSA_EGAN2(1.0),17/04/26 11:00:00,A,THS_PER,T,Y_GE15,A,BE,2024-01-01,51.1,,
ESTAT:LFSA_EGAN2(1.0),17/04/26 11:00:00,A,THS_PER,T,Y_GE15,A,BG,2024-01-01,141.9,b,
ESTAT:LFSA_EGAN2(1.0),17/04/26 11:00:00,A,THS_PER,T,Y_GE15,A,CH,2024-01-01,97.1,,
ESTAT:LFSA_EGAN2(1.0),17/04/26 11:00:00,A,THS_PER,T,Y_GE15,A,CY,2024-01-01,10.7,,
ESTAT:LFSA_EGAN2(1.0),17/04/26 11:00:00,A,THS_PER,T,Y_GE15,A,CZ,2024-01-01,146.2,,
ESTAT:LFSA_EGAN2(1.0),17/04/26 11:00:00,A,THS_PER,T,Y_GE15,A,DE,2024-01-01,481.6,,
ESTAT:LFSA_EGAN2(1.0),17/04/26 11:00:00,A,THS_PER,T,Y_GE15,A,DK,2024-01-01,50.9,,
ESTAT:LFSA_EGAN2(1.0),17/04/26 11:00:00,A,THS_PER,T,Y_GE15,A,EA21,2024-01-01,4379.8,,
ESTAT:LFSA_EGAN2(1.0),17/04/26 11:00:00,A,THS_PER,T,Y_GE15,A,EE,2024-01-01,21.6,,
ESTAT:LFSA_EGAN2(1.0),17/04/26 11:00:00,A,THS_PER,T,Y_GE15,A,EL,2024-01-01,469.6,,
ESTAT:LFSA_EGAN2(1.0),17/04/26 11:00:00,A,THS_PER,T,Y_GE15,A,ES,2024-01-01,752.1,d,
ESTAT:LFSA_EGAN2(1.0),17/04/26 11:00:00,A,THS_PER,T,Y_GE15,A,EU27_2020,2024-01-01,6869.5,,
ESTAT:LFSA_EGAN2(1.0),17/04/26 11:00:00,A,THS_PER,T,Y_GE15,A,FI,2024-01-01,92.9,,
ESTAT:LFSA_EGAN2(1.0),17/04/26 11:00:00,A,THS_PER,T,Y_GE15,A,FR,2024-01-01,679.9,d,
ESTAT:LFSA_EGAN2(1.0),17/04/26 11:00:00,A,THS_PER,T,Y_GE15,A,HR,2024-01-01,75.0,,
ESTAT:LFSA_EGAN2(1.0),17/04/26 11:00:00,A,THS_PER,T,Y_GE15,A,HU,2024-01-01,200.0,,
ESTAT:LFSA_EGAN2(1.0),17/04/26 11:00:00,A,THS_PER,T,Y_GE15,A,IE,2024-01-01,108.5,,
ESTAT:LFSA_EGAN2(1.0),17/04/26 11:00:00,A,THS_PER,T,Y_GE15,A,IS,2024-01-01,8.4,,
ESTAT:LFSA_EGAN2(1.0),17/04/26 11:00:00,A,THS_PER,T,Y_GE15,A,IT,2024-01-01,819.9,,
ESTAT:LFSA_EGAN2(1.0),17/04/26 11:00:00,A,THS_PER,T,Y_GE15,A,LT,2024-01-01,70.9,,
ESTAT:LFSA_EGAN2(1.0),17/04/26 11:00:00,A,THS_PER,T,Y_GE15,A,LU,2024-01-01,2.8,u,
ESTAT:LFSA_EGAN2(1.0),17/04/26 11:00:00,A,THS_PER,T,Y_GE15,A,LV,2024-01-01,61.0,,
ESTAT:LFSA_EGAN2(1.0),17/04/26 11:00:00,A,THS_PER,T,Y_GE15,A,MK,2024-01-01,62.9,,
ESTAT:LFSA_EGAN2(1.0),17/04/26 11:00:00,A,THS_PER,T,Y_GE15,A,MT,2024-01-01,2.9,,
ESTAT:LFSA_EGAN2(1.0),17/04/26 11:00:00,A,THS_PER,T,Y_GE15,A,NL,2024-01-01,168.6,,
ESTAT:LFSA_EGAN2(1.0),17/04/26 11:00:00,A,THS_PER,T,Y_GE15,A,NO,2024-01-01,73.8,,
ESTAT:LFSA_EGAN2(1.0),17/04/26 11:00:00,A,THS_PER,T,Y_GE15,A,PL,2024-01-01,1112.2,,
ESTAT:LFSA_EGAN2(1.0),17/04/26 11:00:00,A,THS_PER,T,Y_GE15,A,PT,2024-01-01,145.9,,
ESTAT:LFSA_EGAN2(1.0),17/04/26 11:00:00,A,THS_PER,T,Y_GE15,A,RO,2024-01-01,884.6,,
ESTAT:LFSA_EGAN2(1.0),17/04/26 11:00:00,A,THS_PER,T,Y_GE15,A,RS,2024-01-01,371.9,,
ESTAT:LFSA_EGAN2(1.0),17/04/26 11:00:00,A,THS_PER,T,Y_GE15,A,SE,2024-01-01,95.8,,
ESTAT:LFSA_EGAN2(1.0),17/04/26 11:00:00,A,THS_PER,T,Y_GE15,A,SI,2024-01-01,37.5,,
ESTAT:LFSA_EGAN2(1.0),17/04/26 11:00:00,A,THS_PER,T,Y_GE15,A,SK,2024-01-01,58.6,,
ESTAT:LFSA_EGAN2(1.0),17/04/26 11:00:00,A,THS_PER,T,Y_GE15,A,TR,2024-01-01,4742.0,,
ESTAT:LFSA_EGAN2(1.0),17/04/26 11:00:00,A,THS_PER,T,Y_GE15,C,AT,2024-01-01,710.1,,
ESTAT:LFSA_EGAN2(1.0),17/04/26 11:00:00,A,THS_PER,T,Y_GE15,C,BA,2024-01-01,233.2,,
ESTAT:LFSA_EGAN2(1.0),17/04/26 11:00:00,A,THS_PER,T,Y_GE15,C,BE,2024-01-01,573.6,,
ESTAT:LFSA_EGAN2(1.0),17/04/26 11:00:00,A,THS_PER,T,Y_GE15,C,BG,2024-01-01,503.3,b,
ESTAT:LFSA_EGAN2(1.0),17/04/26 11:00:00,A,THS_PER,T,Y_GE15,C,CH,2024-01-01,561.2,,
ESTAT:LFSA_EGAN2(1.0),17/04/26 11:00:00,A,THS_PER,T,Y_GE15,C,CY,2024-01-01,29.7,,
ESTAT:LFSA_EGAN2(1.0),17/04/26 11:00:00,A,THS_PER,T,Y_GE15,C,CZ,2024-01-01,1276.7,,
ESTAT:LFSA_EGAN2(1.0),17/04/26 11:00:00,A,THS_PER,T,Y_GE15,C,DE,2024-01-01,7767.0,,
ESTAT:LFSA_EGAN2(1.0),17/04/26 11:00:00,A,THS_PER,T,Y_GE15,C,DK,2024-01-01,344.2,,
ESTAT:LFSA_EGAN2(1.0),17/04/26 11:00:00,A,THS_PER,T,Y_GE15,C,EA21,2024-01-01,23871.1,,
ESTAT:LFSA_EGAN2(1.0),17/04/26 11:00:00,A,THS_PER,T,Y_GE15,C,EE,2024-01-01,111.3,,
ESTAT:LFSA_EGAN2(1.0),17/04/26 11:00:00,A,THS_PER,T,Y_GE15,C,EL,2024-01-01,418.1,,
ESTAT:LFSA_EGAN2(1.0),17/04/26 11:00:00,A,THS_PER,T,Y_GE15,C,ES,2024-01-01,2600.2,d,
ESTAT:LFSA_EGAN2(1.0),17/04/26 11:00:00,A,THS_PER,T,Y_GE15,C,EU27_2020,2024-01-01,31739.5,,
ESTAT:LFSA_EGAN2(1.0),17/04/26 11:00:00,A,THS_PER,T,Y_GE15,C,FI,2024-01-01,333.4,,
ESTAT:LFSA_EGAN2(1.0),17/04/26 11:00:00,A,THS_PER,T,Y_GE15,C,FR,2024-01-01,3119.0,d,
ESTAT:LFSA_EGAN2(1.0),17/04/26 11:00:00,A,THS_PER,T,Y_GE15,C,HR,2024-01-01,267.9,,
ESTAT:LFSA_EGAN2(1.0),17/04/26 11:00:00,A,THS_PER,T,Y_GE15,C,HU,2024-01-01,964.0,,
ESTAT:LFSA_EGAN2(1.0),17/04/26 11:00:00,A,THS_PER,T,Y_GE15,C,IE,2024-01-01,290.2,,
ESTAT:LFSA_EGAN2(1.0),17/04/26 11:00:00,A,THS_PER,T,Y_GE15,C,IS,2024-01-01,20.8,,
ESTAT:LFSA_EGAN2(1.0),17/04/26 11:00:00,A,THS_PER,T,Y_GE15,C,IT,2024-01-01,4347.9,,
ESTAT:LFSA_EGAN2(1.0),17/04/26 11:00:00,A,THS_PER,T,Y_GE15,C,LT,2024-01-01,234.3,,
ESTAT:LFSA_EGAN2(1.0),17/04/26 11:00:00,A,THS_PER,T,Y_GE15,C,LU,2024-01-01,7.8,,
ESTAT:LFSA_EGAN2(1.0),17/04/26 11:00:00,A,THS_PER,T,Y_GE15,C,LV,2024-01-01,108.1,,
ESTAT:LFSA_EGAN2(1.0),17/04/26 11:00:00,A,THS_PER,T,Y_GE15,C,MK,2024-01-01,137.6,,
ESTAT:LFSA_EGAN2(1.0),17/04/26 11:00:00,A,THS_PER,T,Y_GE15,C,MT,2024-01-01,30.4,,
ESTAT:LFSA_EGAN2(1.0),17/04/26 11:00:00,A,THS_PER,T,Y_GE15,C,NL,2024-01-01,788.3,,
ESTAT:LFSA_EGAN2(1.0),17/04/26 11:00:00,A,THS_PER,T,Y_GE15,C,NO,2024-01-01,190.7,,
ESTAT:LFSA_EGAN2(1.0),17/04/26 11:00:00,A,THS_PER,T,Y_GE15,C,PL,2024-01-01,3300.9,,
ESTAT:LFSA_EGAN2(1.0),17/04/26 11:00:00,A,THS_PER,T,Y_GE15,C,PT,2024-01-01,826.9,,
ESTAT:LFSA_EGAN2(1.0),17/04/26 11:00:00,A,THS_PER,T,Y_GE15,C,RO,2024-01-01,1478.8,,
ESTAT:LFSA_EGAN2(1.0),17/04/26 11:00:00,A,THS_PER,T,Y_GE15,C,RS,2024-01-01,555.1,,
ESTAT:LFSA_EGAN2(1.0),17/04/26 11:00:00,A,THS_PER,T,Y_GE15,C,SE,2024-01-01,503.8,,
ESTAT:LFSA_EGAN2(1.0),17/04/26 11:00:00,A,THS_PER,T,Y_GE15,C,SI,2024-01-01,228.9,,
ESTAT:LFSA_EGAN2(1.0),17/04/26 11:00:00,A,THS_PER,T,Y_GE15,C,SK,2024-01-01,574.7,,
ESTAT:LFSA_EGAN2(1.0),17/04/26 11:00:00,A,THS_PER,T,Y_GE15,C,TR,2024-01-01,6280.0,,
ESTAT:LFSA_EGAN2(1.0),17/04/26 11:00:00,A,THS_PER,T,Y_GE15,F,AT,2024-01-01,344.9,,
ESTAT:LFSA_EGAN2(1.0),17/04/26 11:00:00,A,THS_PER,T,Y_GE15,F,BA,2024-01-01,116.8,,
ESTAT:LFSA_EGAN2(1.0),17/04/26 11:00:00,A,THS_PER,T,Y_GE15,F,BE,2024-01-01,345.1,,
ESTAT:LFSA_EGAN2(1.0),17/04/26 11:00:00,A,THS_PER,T,Y_GE15,F,BG,2024-01-01,236.4,b,
ESTAT:LFSA_EGAN2(1.0),17/04/26 11:00:00,A,THS_PER,T,Y_GE15,F,CH,2024-01-01,302.5,,
ESTAT:LFSA_EGAN2(1.0),17/04/26 11:00:00,A,THS_PER,T,Y_GE15,F,CY,2024-01-01,43.9,,
ESTAT:LFSA_EGAN2(1.0),17/04/26 11:00:00,A,THS_PER,T,Y_GE15,F,CZ,2024-01-01,414.2,,
ESTAT:LFSA_EGAN2(1.0),17/04/26 11:00:00,A,THS_PER,T,Y_GE15,F,DE,2024-01-01,2710.3,,
ESTAT:LFSA_EGAN2(1.0),17/04/26 11:00:00,A,THS_PER,T,Y_GE15,F,DK,2024-01-01,184.1,,
ESTAT:LFSA_EGAN2(1.0),17/04/26 11:00:00,A,THS_PER,T,Y_GE15,F,EA21,2024-01-01,10730.9,,
ESTAT:LFSA_EGAN2(1.0),17/04/26 11:00:00,A,THS_PER,T,Y_GE15,F,EE,2024-01-01,60.4,,
ESTAT:LFSA_EGAN2(1.0),17/04/26 11:00:00,A,THS_PER,T,Y_GE15,F,EL,2024-01-01,185.8,,
ESTAT:LFSA_EGAN2(1.0),17/04/26 11:00:00,A,THS_PER,T,Y_GE15,F,ES,2024-01-01,1463.8,d,
ESTAT:LFSA_EGAN2(1.0),17/04/26 11:00:00,A,THS_PER,T,Y_GE15,F,EU27_2020,2024-01-01,14192.4,,
ESTAT:LFSA_EGAN2(1.0),17/04/26 11:00:00,A,THS_PER,T,Y_GE15,F,FI,2024-01-01,175.0,,
ESTAT:LFSA_EGAN2(1.0),17/04/26 11:00:00,A,THS_PER,T,Y_GE15,F,FR,2024-01-01,1903.3,d,
ESTAT:LFSA_EGAN2(1.0),17/04/26 11:00:00,A,THS_PER,T,Y_GE15,F,HR,2024-01-01,122.9,,
ESTAT:LFSA_EGAN2(1.0),17/04/26 11:00:00,A,THS_PER,T,Y_GE15,F,HU,2024-01-01,389.0,,
ESTAT:LFSA_EGAN2(1.0),17/04/26 11:00:00,A,THS_PER,T,Y_GE15,F,IE,2024-01-01,171.2,,
ESTAT:LFSA_EGAN2(1.0),17/04/26 11:00:00,A,THS_PER,T,Y_GE15,F,IS,2024-01-01,17.6,,
ESTAT:LFSA_EGAN2(1.0),17/04/26 11:00:00,A,THS_PER,T,Y_GE15,F,IT,2024-01-01,1607.4,,
ESTAT:LFSA_EGAN2(1.0),17/04/26 11:00:00,A,THS_PER,T,Y_GE15,F,LT,2024-01-01,114.5,,
ESTAT:LFSA_EGAN2(1.0),17/04/26 11:00:00,A,THS_PER,T,Y_GE15,F,LU,2024-01-01,14.4,,
ESTAT:LFSA_EGAN2(1.0),17/04/26 11:00:00,A,THS_PER,T,Y_GE15,F,LV,2024-01-01,65.2,,
ESTAT:LFSA_EGAN2(1.0),17/04/26 11:00:00,A,THS_PER,T,Y_GE15,F,MK,2024-01-01,46.4,,
ESTAT:LFSA_EGAN2(1.0),17/04/26 11:00:00,A,THS_PER,T,Y_GE15,F,MT,2024-01-01,22.2,,
ESTAT:LFSA_EGAN2(1.0),17/04/26 11:00:00,A,THS_PER,T,Y_GE15,F,NL,2024-01-01,454.9,,
ESTAT:LFSA_EGAN2(1.0),17/04/26 11:00:00,A,THS_PER,T,Y_GE15,F,NO,2024-01-01,234.3,,
ESTAT:LFSA_EGAN2(1.0),17/04/26 11:00:00,A,THS_PER,T,Y_GE15,F,PL,2024-01-01,1309.0,,
ESTAT:LFSA_EGAN2(1.0),17/04/26 11:00:00,A,THS_PER,T,Y_GE15,F,PT,2024-01-01,359.5,,
ESTAT:LFSA_EGAN2(1.0),17/04/26 11:00:00,A,THS_PER,T,Y_GE15,F,RO,2024-01-01,839.9,,
ESTAT:LFSA_EGAN2(1.0),17/04/26 11:00:00,A,THS_PER,T,Y_GE15,F,RS,2024-01-01,173.3,,
ESTAT:LFSA_EGAN2(1.0),17/04/26 11:00:00,A,THS_PER,T,Y_GE15,F,SE,2024-01-01,325.3,,
ESTAT:LFSA_EGAN2(1.0),17/04/26 11:00:00,A,THS_PER,T,Y_GE15,F,SI,2024-01-01,63.9,,
ESTAT:LFSA_EGAN2(1.0),17/04/26 11:00:00,A,THS_PER,T,Y_GE15,F,SK,2024-01-01,265.7,,
ESTAT:LFSA_EGAN2(1.0),17/04/26 11:00:00,A,THS_PER,T,Y_GE15,F,TR,2024-01-01,2157.2,,
ESTAT:LFSA_EGAN2(1.0),17/04/26 11:00:00,A,THS_PER,T,Y_GE15,G,AT,2024-01-01,625.5,,
ESTAT:LFSA_EGAN2(1.0),17/04/26 11:00:00,A,THS_PER,T,Y_GE15,G,BA,2024-01-01,185.7,,
ESTAT:LFSA_EGAN2(1.0),17/04/26 11:00:00,A,THS_PER,T,Y_GE15,G,BE,2024-01-01,607.4,,
ESTAT:LFSA_EGAN2(1.0),17/04/26 11:00:00,A,THS_PER,T,Y_GE15,G,BG,2024-01-01,508.7,b,
ESTAT:LFSA_EGAN2(1.0),17/04/26 11:00:00,A,THS_PER,T,Y_GE15,G,CH,2024-01-01,531.1,,
ESTAT:LFSA_EGAN2(1.0),17/04/26 11:00:00,A,THS_PER,T,Y_GE15,G,CY,2024-01-01,77.9,,
ESTAT:LFSA_EGAN2(1.0),17/04/26 11:00:00,A,THS_PER,T,Y_GE15,G,CZ,2024-01-01,569.7,,
ESTAT:LFSA_EGAN2(1.0),17/04/26 11:00:00,A,THS_PER,T,Y_GE15,G,DE,2024-01-01,5352.6,,
ESTAT:LFSA_EGAN2(1.0),17/04/26 11:00:00,A,THS_PER,T,Y_GE15,G,DK,2024-01-01,454.8,,
ESTAT:LFSA_EGAN2(1.0),17/04/26 11:00:00,A,THS_PER,T,Y_GE15,G,EA21,2024-01-01,21955.5,,
ESTAT:LFSA_EGAN2(1.0),17/04/26 11:00:00,A,THS_PER,T,Y_GE15,G,EE,2024-01-01,94.8,,
ESTAT:LFSA_EGAN2(1.0),17/04/26 11:00:00,A,THS_PER,T,Y_GE15,G,EL,2024-01-01,714.1,,
ESTAT:LFSA_EGAN2(1.0),17/04/26 11:00:00,A,THS_PER,T,Y_GE15,G,ES,2024-01-01,3129.0,d,
ESTAT:LFSA_EGAN2(1.0),17/04/26 11:00:00,A,THS_PER,T,Y_GE15,G,EU27_2020,2024-01-01,27737.4,,
ESTAT:LFSA_EGAN2(1.0),17/04/26 11:00:00,A,THS_PER,T,Y_GE15,G,FI,2024-01-01,278.7,,
ESTAT:LFSA_EGAN2(1.0),17/04/26 11:00:00,A,THS_PER,T,Y_GE15,G,FR,2024-01-01,3654.8,d,
ESTAT:LFSA_EGAN2(1.0),17/04/26 11:00:00,A,THS_PER,T,Y_GE15,G,HR,2024-01-01,237.1,,
ESTAT:LFSA_EGAN2(1.0),17/04/26 11:00:00,A,THS_PER,T,Y_GE15,G,HU,2024-01-01,568.3,,
ESTAT:LFSA_EGAN2(1.0),17/04/26 11:00:00,A,THS_PER,T,Y_GE15,G,IE,2024-01-01,323.4,,
ESTAT:LFSA_EGAN2(1.0),17/04/26 11:00:00,A,THS_PER,T,Y_GE15,G,IS,2024-01-01,26.6,,
ESTAT:LFSA_EGAN2(1.0),17/04/26 11:00:00,A,THS_PER,T,Y_GE15,G,IT,2024-01-01,3317.7,,
ESTAT:LFSA_EGAN2(1.0),17/04/26 11:00:00,A,THS_PER,T,Y_GE15,G,LT,2024-01-01,206.9,,
ESTAT:LFSA_EGAN2(1.0),17/04/26 11:00:00,A,THS_PER,T,Y_GE15,G,LU,2024-01-01,25.2,,
ESTAT:LFSA_EGAN2(1.0),17/04/26 11:00:00,A,THS_PER,T,Y_GE15,G,LV,2024-01-01,119.5,,
ESTAT:LFSA_EGAN2(1.0),17/04/26 11:00:00,A,THS_PER,T,Y_GE15,G,MK,2024-01-01,102.1,,
ESTAT:LFSA_EGAN2(1.0),17/04/26 11:00:00,A,THS_PER,T,Y_GE15,G,MT,2024-01-01,37.3,,
ESTAT:LFSA_EGAN2(1.0),17/04/26 11:00:00,A,THS_PER,T,Y_GE15,G,NL,2024-01-01,1438.4,,
ESTAT:LFSA_EGAN2(1.0),17/04/26 11:00:00,A,THS_PER,T,Y_GE15,G,NO,2024-01-01,353.7,,
ESTAT:LFSA_EGAN2(1.0),17/04/26 11:00:00,A,THS_PER,T,Y_GE15,G,PL,2024-01-01,2282.9,,
ESTAT:LFSA_EGAN2(1.0),17/04/26 11:00:00,A,THS_PER,T,Y_GE15,G,PT,2024-01-01,754.4,,
ESTAT:LFSA_EGAN2(1.0),17/04/26 11:00:00,A,THS_PER,T,Y_GE15,G,RO,2024-01-01,1378.1,,
ESTAT:LFSA_EGAN2(1.0),17/04/26 11:00:00,A,THS_PER,T,Y_GE15,G,RS,2024-01-01,385.9,,
ESTAT:LFSA_EGAN2(1.0),17/04/26 11:00:00,A,THS_PER,T,Y_GE15,G,SE,2024-01-01,528.2,,
ESTAT:LFSA_EGAN2(1.0),17/04/26 11:00:00,A,THS_PER,T,Y_GE15,G,SI,2024-01-01,123.5,,
ESTAT:LFSA_EGAN2(1.0),17/04/26 11:00:00,A,THS_PER,T,Y_GE15,G,SK,2024-01-01,328.9,,
ESTAT:LFSA_EGAN2(1.0),17/04/26 11:00:00,A,THS_PER,T,Y_GE15,G,TR,2024-01-01,4697.0,,
ESTAT:LFSA_EGAN2(1.0),17/04/26 11:00:00,A,THS_PER,T,Y_GE15,H,AT,2024-01-01,213.2,,
ESTAT:LFSA_EGAN2(1.0),17/04/26 11:00:00,A,THS_PER,T,Y_GE15,H,BA,2024-01-01,84.0,,
ESTAT:LFSA_EGAN2(1.0),17/04/26 11:00:00,A,THS_PER,T,Y_GE15,H,BE,2024-01-01,281.0,,
ESTAT:LFSA_EGAN2(1.0),17/04/26 11:00:00,A,THS_PER,T,Y_GE15,H,BG,2024-01-01,197.8,b,
ESTAT:LFSA_EGAN2(1.0),17/04/26 11:00:00,A,THS_PER,T,Y_GE15,H,CH,2024-01-01,206.2,,
ESTAT:LFSA_EGAN2(1.0),17/04/26 11:00:00,A,THS_PER,T,Y_GE15,H,CY,2024-01-01,22.6,,
ESTAT:LFSA_EGAN2(1.0),17/04/26 11:00:00,A,THS_PER,T,Y_GE15,H,CZ,2024-01-01,309.0,,
ESTAT:LFSA_EGAN2(1.0),17/04/26 11:00:00,A,THS_PER,T,Y_GE15,H,DE,2024-01-01,2068.5,,
ESTAT:LFSA_EGAN2(1.0),17/04/26 11:00:00,A,THS_PER,T,Y_GE15,H,DK,2024-01-01,133.8,,
ESTAT:LFSA_EGAN2(1.0),17/04/26 11:00:00,A,THS_PER,T,Y_GE15,H,EA21,2024-01-01,8393.3,,
ESTAT:LFSA_EGAN2(1.0),17/04/26 11:00:00,A,THS_PER,T,Y_GE15,H,EE,2024-01-01,48.6,,
ESTAT:LFSA_EGAN2(1.0),17/04/26 11:00:00,A,THS_PER,T,Y_GE15,H,EL,2024-01-01,240.7,,
ESTAT:LFSA_EGAN2(1.0),17/04/26 11:00:00,A,THS_PER,T,Y_GE15,H,ES,2024-01-01,1206.5,d,
ESTAT:LFSA_EGAN2(1.0),17/04/26 11:00:00,A,THS_PER,T,Y_GE15,H,EU27_2020,2024-01-01,11133.4,,
ESTAT:LFSA_EGAN2(1.0),17/04/26 11:00:00,A,THS_PER,T,Y_GE15,H,FI,2024-01-01,136.5,,
ESTAT:LFSA_EGAN2(1.0),17/04/26 11:00:00,A,THS_PER,T,Y_GE15,H,FR,2024-01-01,1456.5,d,
ESTAT:LFSA_EGAN2(1.0),17/04/26 11:00:00,A,THS_PER,T,Y_GE15,H,HR,2024-01-01,107.7,,
ESTAT:LFSA_EGAN2(1.0),17/04/26 11:00:00,A,THS_PER,T,Y_GE15,H,HU,2024-01-01,289.6,,
ESTAT:LFSA_EGAN2(1.0),17/04/26 11:00:00,A,THS_PER,T,Y_GE15,H,IE,2024-01-01,117.8,,
ESTAT:LFSA_EGAN2(1.0),17/04/26 11:00:00,A,THS_PER,T,Y_GE15,H,IS,2024-01-01,14.6,,
ESTAT:LFSA_EGAN2(1.0),17/04/26 11:00:00,A,THS_PER,T,Y_GE15,H,IT,2024-01-01,1184.0,,
ESTAT:LFSA_EGAN2(1.0),17/04/26 11:00:00,A,THS_PER,T,Y_GE15,H,LT,2024-01-01,95.3,,
ESTAT:LFSA_EGAN2(1.0),17/04/26 11:00:00,A,THS_PER,T,Y_GE15,H,LU,2024-01-01,11.2,,
ESTAT:LFSA_EGAN2(1.0),17/04/26 11:00:00,A,THS_PER,T,Y_GE15,H,LV,2024-01-01,69.0,,
ESTAT:LFSA_EGAN2(1.0),17/04/26 11:00:00,A,THS_PER,T,Y_GE15,H,MK,2024-01-01,36.2,,
ESTAT:LFSA_EGAN2(1.0),17/04/26 11:00:00,A,THS_PER,T,Y_GE15,H,MT,2024-01-01,16.5,,
ESTAT:LFSA_EGAN2(1.0),17/04/26 11:00:00,A,THS_PER,T,Y_GE15,H,NL,2024-01-01,465.9,,
ESTAT:LFSA_EGAN2(1.0),17/04/26 11:00:00,A,THS_PER,T,Y_GE15,H,NO,2024-01-01,149.2,,
ESTAT:LFSA_EGAN2(1.0),17/04/26 11:00:00,A,THS_PER,T,Y_GE15,H,PL,2024-01-01,1168.3,,
ESTAT:LFSA_EGAN2(1.0),17/04/26 11:00:00,A,THS_PER,T,Y_GE15,H,PT,2024-01-01,234.7,,
ESTAT:LFSA_EGAN2(1.0),17/04/26 11:00:00,A,THS_PER,T,Y_GE15,H,RO,2024-01-01,607.1,,
ESTAT:LFSA_EGAN2(1.0),17/04/26 11:00:00,A,THS_PER,T,Y_GE15,H,RS,2024-01-01,160.2,,
ESTAT:LFSA_EGAN2(1.0),17/04/26 11:00:00,A,THS_PER,T,Y_GE15,H,SE,2024-01-01,232.4,,
ESTAT:LFSA_EGAN2(1.0),17/04/26 11:00:00,A,THS_PER,T,Y_GE15,H,SI,2024-01-01,50.0,,
ESTAT:LFSA_EGAN2(1.0),17/04/26 11:00:00,A,THS_PER,T,Y_GE15,H,SK,2024-01-01,169.3,,
ESTAT:LFSA_EGAN2(1.0),17/04/26 11:00:00,A,THS_PER,T,Y_GE15,H,TR,2024-01-01,1683.3,,
ESTAT:LFSA_EGAN2(1.0),17/04/26 11:00:00,A,THS_PER,T,Y_GE15,I,AT,2024-01-01,243.2,,
ESTAT:LFSA_EGAN2(1.0),17/04/26 11:00:00,A,THS_PER,T,Y_GE15,I,BA,2024-01-01,65.4,,
ESTAT:LFSA_EGAN2(1.0),17/04/26 11:00:00,A,THS_PER,T,Y_GE15,I,BE,2024-01-01,191.6,,
ESTAT:LFSA_EGAN2(1.0),17/04/26 11:00:00,A,THS_PER,T,Y_GE15,I,BG,2024-01-01,147.5,b,
ESTAT:LFSA_EGAN2(1.0),17/04/26 11:00:00,A,THS_PER,T,Y_GE15,I,CH,2024-01-01,178.5,,
ESTAT:LFSA_EGAN2(1.0),17/04/26 11:00:00,A,THS_PER,T,Y_GE15,I,CY,2024-01-01,40.6,,
ESTAT:LFSA_EGAN2(1.0),17/04/26 11:00:00,A,THS_PER,T,Y_GE15,I,CZ,2024-01-01,168.1,,
ESTAT:LFSA_EGAN2(1.0),17/04/26 11:00:00,A,THS_PER,T,Y_GE15,I,DE,2024-01-01,1557.2,,
ESTAT:LFSA_EGAN2(1.0),17/04/26 11:00:00,A,THS_PER,T,Y_GE15,I,DK,2024-01-01,111.6,,
ESTAT:LFSA_EGAN2(1.0),17/04/26 11:00:00,A,THS_PER,T,Y_GE15,I,EA21,2024-01-01,8693.4,,
ESTAT:LFSA_EGAN2(1.0),17/04/26 11:00:00,A,THS_PER,T,Y_GE15,I,EE,2024-01-01,27.6,,
ESTAT:LFSA_EGAN2(1.0),17/04/26 11:00:00,A,THS_PER,T,Y_GE15,I,EL,2024-01-01,401.0,,
ESTAT:LFSA_EGAN2(1.0),17/04/26 11:00:00,A,THS_PER,T,Y_GE15,I,ES,2024-01-01,1851.5,d,
ESTAT:LFSA_EGAN2(1.0),17/04/26 11:00:00,A,THS_PER,T,Y_GE15,I,EU27_2020,2024-01-01,9920.4,,
ESTAT:LFSA_EGAN2(1.0),17/04/26 11:00:00,A,THS_PER,T,Y_GE15,I,FI,2024-01-01,103.3,,
ESTAT:LFSA_EGAN2(1.0),17/04/26 11:00:00,A,THS_PER,T,Y_GE15,I,FR,2024-01-01,1244.5,d,
ESTAT:LFSA_EGAN2(1.0),17/04/26 11:00:00,A,THS_PER,T,Y_GE15,I,HR,2024-01-01,109.9,,
ESTAT:LFSA_EGAN2(1.0),17/04/26 11:00:00,A,THS_PER,T,Y_GE15,I,HU,2024-01-01,181.2,,
ESTAT:LFSA_EGAN2(1.0),17/04/26 11:00:00,A,THS_PER,T,Y_GE15,I,IE,2024-01-01,185.7,,
ESTAT:LFSA_EGAN2(1.0),17/04/26 11:00:00,A,THS_PER,T,Y_GE15,I,IS,2024-01-01,12.0,,
ESTAT:LFSA_EGAN2(1.0),17/04/26 11:00:00,A,THS_PER,T,Y_GE15,I,IT,2024-01-01,1542.6,,
ESTAT:LFSA_EGAN2(1.0),17/04/26 11:00:00,A,THS_PER,T,Y_GE15,I,LT,2024-01-01,40.9,,
ESTAT:LFSA_EGAN2(1.0),17/04/26 11:00:00,A,THS_PER,T,Y_GE15,I,LU,2024-01-01,9.4,,
ESTAT:LFSA_EGAN2(1.0),17/04/26 11:00:00,A,THS_PER,T,Y_GE15,I,LV,2024-01-01,31.5,,
ESTAT:LFSA_EGAN2(1.0),17/04/26 11:00:00,A,THS_PER,T,Y_GE15,I,MK,2024-01-01,27.6,,
ESTAT:LFSA_EGAN2(1.0),17/04/26 11:00:00,A,THS_PER,T,Y_GE15,I,MT,2024-01-01,25.4,,
ESTAT:LFSA_EGAN2(1.0),17/04/26 11:00:00,A,THS_PER,T,Y_GE15,I,NL,2024-01-01,474.6,,
ESTAT:LFSA_EGAN2(1.0),17/04/26 11:00:00,A,THS_PER,T,Y_GE15,I,NO,2024-01-01,101.3,,
ESTAT:LFSA_EGAN2(1.0),17/04/26 11:00:00,A,THS_PER,T,Y_GE15,I,PL,2024-01-01,386.2,,
ESTAT:LFSA_EGAN2(1.0),17/04/26 11:00:00,A,THS_PER,T,Y_GE15,I,PT,2024-01-01,318.0,,
ESTAT:LFSA_EGAN2(1.0),17/04/26 11:00:00,A,THS_PER,T,Y_GE15,I,RO,2024-01-01,210.6,,
ESTAT:LFSA_EGAN2(1.0),17/04/26 11:00:00,A,THS_PER,T,Y_GE15,I,RS,2024-01-01,106.8,,
ESTAT:LFSA_EGAN2(1.0),17/04/26 11:00:00,A,THS_PER,T,Y_GE15,I,SE,2024-01-01,169.3,,
ESTAT:LFSA_EGAN2(1.0),17/04/26 11:00:00,A,THS_PER,T,Y_GE15,I,SI,2024-01-01,42.5,,
ESTAT:LFSA_EGAN2(1.0),17/04/26 11:00:00,A,THS_PER,T,Y_GE15,I,SK,2024-01-01,105.0,,
ESTAT:LFSA_EGAN2(1.0),17/04/26 11:00:00,A,THS_PER,T,Y_GE15,I,TR,2024-01-01,1898.7,,
ESTAT:LFSA_EGAN2(1.0),17/04/26 11:00:00,A,THS_PER,T,Y_GE15,J,AT,2024-01-01,158.3,,
ESTAT:LFSA_EGAN2(1.0),17/04/26 11:00:00,A,THS_PER,T,Y_GE15,J,BA,2024-01-01,37.6,,
ESTAT:LFSA_EGAN2(1.0),17/04/26 11:00:00,A,THS_PER,T,Y_GE15,J,BE,2024-01-01,206.0,,
ESTAT:LFSA_EGAN2(1.0),17/04/26 11:00:00,A,THS_PER,T,Y_GE15,J,BG,2024-01-01,125.2,b,
ESTAT:LFSA_EGAN2(1.0),17/04/26 11:00:00,A,THS_PER,T,Y_GE15,J,CH,2024-01-01,179.3,,
ESTAT:LFSA_EGAN2(1.0),17/04/26 11:00:00,A,THS_PER,T,Y_GE15,J,CY,2024-01-01,26.0,,
ESTAT:LFSA_EGAN2(1.0),17/04/26 11:00:00,A,THS_PER,T,Y_GE15,J,CZ,2024-01-01,197.3,,
ESTAT:LFSA_EGAN2(1.0),17/04/26 11:00:00,A,THS_PER,T,Y_GE15,J,DE,2024-01-01,1739.8,,
ESTAT:LFSA_EGAN2(1.0),17/04/26 11:00:00,A,THS_PER,T,Y_GE15,J,DK,2024-01-01,127.2,,
ESTAT:LFSA_EGAN2(1.0),17/04/26 11:00:00,A,THS_PER,T,Y_GE15,J,EA21,2024-01-01,6361.1,,
ESTAT:LFSA_EGAN2(1.0),17/04/26 11:00:00,A,THS_PER,T,Y_GE15,J,EE,2024-01-01,40.0,,
ESTAT:LFSA_EGAN2(1.0),17/04/26 11:00:00,A,THS_PER,T,Y_GE15,J,EL,2024-01-01,106.6,,
ESTAT:LFSA_EGAN2(1.0),17/04/26 11:00:00,A,THS_PER,T,Y_GE15,J,ES,2024-01-01,831.7,d,
ESTAT:LFSA_EGAN2(1.0),17/04/26 11:00:00,A,THS_PER,T,Y_GE15,J,EU27_2020,2024-01-01,8045.7,,
ESTAT:LFSA_EGAN2(1.0),17/04/26 11:00:00,A,THS_PER,T,Y_GE15,J,FI,2024-01-01,141.5,,
ESTAT:LFSA_EGAN2(1.0),17/04/26 11:00:00,A,THS_PER,T,Y_GE15,J,FR,2024-01-01,1034.6,d,
ESTAT:LFSA_EGAN2(1.0),17/04/26 11:00:00,A,THS_PER,T,Y_GE15,J,HR,2024-01-01,74.1,,
ESTAT:LFSA_EGAN2(1.0),17/04/26 11:00:00,A,THS_PER,T,Y_GE15,J,HU,2024-01-01,179.6,,
ESTAT:LFSA_EGAN2(1.0),17/04/26 11:00:00,A,THS_PER,T,Y_GE15,J,IE,2024-01-01,183.5,,
ESTAT:LFSA_EGAN2(1.0),17/04/26 11:00:00,A,THS_PER,T,Y_GE15,J,IS,2024-01-01,10.8,,
ESTAT:LFSA_EGAN2(1.0),17/04/26 11:00:00,A,THS_PER,T,Y_GE15,J,IT,2024-01-01,760.8,,
ESTAT:LFSA_EGAN2(1.0),17/04/26 11:00:00,A,THS_PER,T,Y_GE15,J,LT,2024-01-01,70.9,,
ESTAT:LFSA_EGAN2(1.0),17/04/26 11:00:00,A,THS_PER,T,Y_GE15,J,LU,2024-01-01,15.1,,
ESTAT:LFSA_EGAN2(1.0),17/04/26 11:00:00,A,THS_PER,T,Y_GE15,J,LV,2024-01-01,44.2,,
ESTAT:LFSA_EGAN2(1.0),17/04/26 11:00:00,A,THS_PER,T,Y_GE15,J,MK,2024-01-01,23.6,,
ESTAT:LFSA_EGAN2(1.0),17/04/26 11:00:00,A,THS_PER,T,Y_GE15,J,MT,2024-01-01,15.7,,
ESTAT:LFSA_EGAN2(1.0),17/04/26 11:00:00,A,THS_PER,T,Y_GE15,J,NL,2024-01-01,433.7,,
ESTAT:LFSA_EGAN2(1.0),17/04/26 11:00:00,A,THS_PER,T,Y_GE15,J,NO,2024-01-01,127.9,,
ESTAT:LFSA_EGAN2(1.0),17/04/26 11:00:00,A,THS_PER,T,Y_GE15,J,PL,2024-01-01,670.7,,
ESTAT:LFSA_EGAN2(1.0),17/04/26 11:00:00,A,THS_PER,T,Y_GE15,J,PT,2024-01-01,206.0,,
ESTAT:LFSA_EGAN2(1.0),17/04/26 11:00:00,A,THS_PER,T,Y_GE15,J,RO,2024-01-01,206.7,,
ESTAT:LFSA_EGAN2(1.0),17/04/26 11:00:00,A,THS_PER,T,Y_GE15,J,RS,2024-01-01,125.9,,
ESTAT:LFSA_EGAN2(1.0),17/04/26 11:00:00,A,THS_PER,T,Y_GE15,J,SE,2024-01-01,303.1,,
ESTAT:LFSA_EGAN2(1.0),17/04/26 11:00:00,A,THS_PER,T,Y_GE15,J,SI,2024-01-01,35.0,,
ESTAT:LFSA_EGAN2(1.0),17/04/26 11:00:00,A,THS_PER,T,Y_GE15,J,SK,2024-01-01,112.2,,
ESTAT:LFSA_EGAN2(1.0),17/04/26 11:00:00,A,THS_PER,T,Y_GE15,J,TR,2024-01-01,349.8,,
ESTAT:LFSA_EGAN2(1.0),17/04/26 11:00:00,A,THS_PER,T,Y_GE15,K,AT,2024-01-01,145.1,,
ESTAT:LFSA_EGAN2(1.0),17/04/26 11:00:00,A,THS_PER,T,Y_GE15,K,BA,2024-01-01,24.4,,
ESTAT:LFSA_EGAN2(1.0),17/04/26 11:00:00,A,THS_PER,T,Y_GE15,K,BE,2024-01-01,148.5,,
ESTAT:LFSA_EGAN2(1.0),17/04/26 11:00:00,A,THS_PER,T,Y_GE15,K,BG,2024-01-01,65.4,b,
ESTAT:LFSA_EGAN2(1.0),17/04/26 11:00:00,A,THS_PER,T,Y_GE15,K,CH,2024-01-01,251.3,,
ESTAT:LFSA_EGAN2(1.0),17/04/26 11:00:00,A,THS_PER,T,Y_GE15,K,CY,2024-01-01,25.9,,
ESTAT:LFSA_EGAN2(1.0),17/04/26 11:00:00,A,THS_PER,T,Y_GE15,K,CZ,2024-01-01,132.1,,
ESTAT:LFSA_EGAN2(1.0),17/04/26 11:00:00,A,THS_PER,T,Y_GE15,K,DE,2024-01-01,1311.4,,
ESTAT:LFSA_EGAN2(1.0),17/04/26 11:00:00,A,THS_PER,T,Y_GE15,K,DK,2024-01-01,82.8,,
ESTAT:LFSA_EGAN2(1.0),17/04/26 11:00:00,A,THS_PER,T,Y_GE15,K,EA21,2024-01-01,4638.0,,
ESTAT:LFSA_EGAN2(1.0),17/04/26 11:00:00,A,THS_PER,T,Y_GE15,K,EE,2024-01-01,18.2,,
ESTAT:LFSA_EGAN2(1.0),17/04/26 11:00:00,A,THS_PER,T,Y_GE15,K,EL,2024-01-01,82.6,,
ESTAT:LFSA_EGAN2(1.0),17/04/26 11:00:00,A,THS_PER,T,Y_GE15,K,ES,2024-01-01,450.0,d,
ESTAT:LFSA_EGAN2(1.0),17/04/26 11:00:00,A,THS_PER,T,Y_GE15,K,EU27_2020,2024-01-01,5647.3,,
ESTAT:LFSA_EGAN2(1.0),17/04/26 11:00:00,A,THS_PER,T,Y_GE15,K,FI,2024-01-01,52.5,,
ESTAT:LFSA_EGAN2(1.0),17/04/26 11:00:00,A,THS_PER,T,Y_GE15,K,FR,2024-01-01,973.8,d,
ESTAT:LFSA_EGAN2(1.0),17/04/26 11:00:00,A,THS_PER,T,Y_GE15,K,HR,2024-01-01,39.9,,
ESTAT:LFSA_EGAN2(1.0),17/04/26 11:00:00,A,THS_PER,T,Y_GE15,K,HU,2024-01-01,112.5,,
ESTAT:LFSA_EGAN2(1.0),17/04/26 11:00:00,A,THS_PER,T,Y_GE15,K,IE,2024-01-01,125.0,,
ESTAT:LFSA_EGAN2(1.0),17/04/26 11:00:00,A,THS_PER,T,Y_GE15,K,IS,2024-01-01,6.1,,
ESTAT:LFSA_EGAN2(1.0),17/04/26 11:00:00,A,THS_PER,T,Y_GE15,K,IT,2024-01-01,615.4,,
ESTAT:LFSA_EGAN2(1.0),17/04/26 11:00:00,A,THS_PER,T,Y_GE15,K,LT,2024-01-01,24.2,,
ESTAT:LFSA_EGAN2(1.0),17/04/26 11:00:00,A,THS_PER,T,Y_GE15,K,LU,2024-01-01,40.8,,
ESTAT:LFSA_EGAN2(1.0),17/04/26 11:00:00,A,THS_PER,T,Y_GE15,K,LV,2024-01-01,18.2,,
ESTAT:LFSA_EGAN2(1.0),17/04/26 11:00:00,A,THS_PER,T,Y_GE15,K,MK,2024-01-01,13.4,,
ESTAT:LFSA_EGAN2(1.0),17/04/26 11:00:00,A,THS_PER,T,Y_GE15,K,MT,2024-01-01,19.4,,
ESTAT:LFSA_EGAN2(1.0),17/04/26 11:00:00,A,THS_PER,T,Y_GE15,K,NL,2024-01-01,287.9,,
ESTAT:LFSA_EGAN2(1.0),17/04/26 11:00:00,A,THS_PER,T,Y_GE15,K,NO,2024-01-01,47.2,,
ESTAT:LFSA_EGAN2(1.0),17/04/26 11:00:00,A,THS_PER,T,Y_GE15,K,PL,2024-01-01,462.5,,
ESTAT:LFSA_EGAN2(1.0),17/04/26 11:00:00,A,THS_PER,T,Y_GE15,K,PT,2024-01-01,109.8,,
ESTAT:LFSA_EGAN2(1.0),17/04/26 11:00:00,A,THS_PER,T,Y_GE15,K,RO,2024-01-01,98.5,,
ESTAT:LFSA_EGAN2(1.0),17/04/26 11:00:00,A,THS_PER,T,Y_GE15,K,RS,2024-01-01,52.3,,
ESTAT:LFSA_EGAN2(1.0),17/04/26 11:00:00,A,THS_PER,T,Y_GE15,K,SE,2024-01-01,121.0,,
ESTAT:LFSA_EGAN2(1.0),17/04/26 11:00:00,A,THS_PER,T,Y_GE15,K,SI,2024-01-01,19.3,,
ESTAT:LFSA_EGAN2(1.0),17/04/26 11:00:00,A,THS_PER,T,Y_GE15,K,SK,2024-01-01,64.9,,
ESTAT:LFSA_EGAN2(1.0),17/04/26 11:00:00,A,THS_PER,T,Y_GE15,K,TR,2024-01-01,350.5,,
ESTAT:LFSA_EGAN2(1.0),17/04/26 11:00:00,A,THS_PER,T,Y_GE15,O,AT,2024-01-01,310.6,,
ESTAT:LFSA_EGAN2(1.0),17/04/26 11:00:00,A,THS_PER,T,Y_GE15,O,BA,2024-01-01,91.4,,
ESTAT:LFSA_EGAN2(1.0),17/04/26 11:00:00,A,THS_PER,T,Y_GE15,O,BE,2024-01-01,425.6,,
ESTAT:LFSA_EGAN2(1.0),17/04/26 11:00:00,A,THS_PER,T,Y_GE15,O,BG,2024-01-01,219.0,b,
ESTAT:LFSA_EGAN2(1.0),17/04/26 11:00:00,A,THS_PER,T,Y_GE15,O,CH,2024-01-01,243.9,,
ESTAT:LFSA_EGAN2(1.0),17/04/26 11:00:00,A,THS_PER,T,Y_GE15,O,CY,2024-01-01,36.7,,
ESTAT:LFSA_EGAN2(1.0),17/04/26 11:00:00,A,THS_PER,T,Y_GE15,O,CZ,2024-01-01,345.4,,
ESTAT:LFSA_EGAN2(1.0),17/04/26 11:00:00,A,THS_PER,T,Y_GE15,O,DE,2024-01-01,3089.8,,
ESTAT:LFSA_EGAN2(1.0),17/04/26 11:00:00,A,THS_PER,T,Y_GE15,O,DK,2024-01-01,175.2,,
ESTAT:LFSA_EGAN2(1.0),17/04/26 11:00:00,A,THS_PER,T,Y_GE15,O,EA21,2024-01-01,11443.1,,
ESTAT:LFSA_EGAN2(1.0),17/04/26 11:00:00,A,THS_PER,T,Y_GE15,O,EE,2024-01-01,39.3,,
ESTAT:LFSA_EGAN2(1.0),17/04/26 11:00:00,A,THS_PER,T,Y_GE15,O,EL,2024-01-01,354.4,,
ESTAT:LFSA_EGAN2(1.0),17/04/26 11:00:00,A,THS_PER,T,Y_GE15,O,ES,2024-01-01,1421.3,d,
ESTAT:LFSA_EGAN2(1.0),17/04/26 11:00:00,A,THS_PER,T,Y_GE15,O,EU27_2020,2024-01-01,14424.9,,
ESTAT:LFSA_EGAN2(1.0),17/04/26 11:00:00,A,THS_PER,T,Y_GE15,O,FI,2024-01-01,123.9,,
ESTAT:LFSA_EGAN2(1.0),17/04/26 11:00:00,A,THS_PER,T,Y_GE15,O,FR,2024-01-01,2392.8,d,
ESTAT:LFSA_EGAN2(1.0),17/04/26 11:00:00,A,THS_PER,T,Y_GE15,O,HR,2024-01-01,116.4,,
ESTAT:LFSA_EGAN2(1.0),17/04/26 11:00:00,A,THS_PER,T,Y_GE15,O,HU,2024-01-01,381.2,,
ESTAT:LFSA_EGAN2(1.0),17/04/26 11:00:00,A,THS_PER,T,Y_GE15,O,IE,2024-01-01,150.4,,
ESTAT:LFSA_EGAN2(1.0),17/04/26 11:00:00,A,THS_PER,T,Y_GE15,O,IS,2024-01-01,13.4,,
ESTAT:LFSA_EGAN2(1.0),17/04/26 11:00:00,A,THS_PER,T,Y_GE15,O,IT,2024-01-01,1207.6,,
ESTAT:LFSA_EGAN2(1.0),17/04/26 11:00:00,A,THS_PER,T,Y_GE15,O,LT,2024-01-01,96.1,,
ESTAT:LFSA_EGAN2(1.0),17/04/26 11:00:00,A,THS_PER,T,Y_GE15,O,LU,2024-01-01,38.5,,
ESTAT:LFSA_EGAN2(1.0),17/04/26 11:00:00,A,THS_PER,T,Y_GE15,O,LV,2024-01-01,63.6,,
ESTAT:LFSA_EGAN2(1.0),17/04/26 11:00:00,A,THS_PER,T,Y_GE15,O,MK,2024-01-01,52.7,,
ESTAT:LFSA_EGAN2(1.0),17/04/26 11:00:00,A,THS_PER,T,Y_GE15,O,MT,2024-01-01,22.3,,
ESTAT:LFSA_EGAN2(1.0),17/04/26 11:00:00,A,THS_PER,T,Y_GE15,O,NL,2024-01-01,728.9,,
ESTAT:LFSA_EGAN2(1.0),17/04/26 11:00:00,A,THS_PER,T,Y_GE15,O,NO,2024-01-01,177.7,,
ESTAT:LFSA_EGAN2(1.0),17/04/26 11:00:00,A,THS_PER,T,Y_GE15,O,PL,2024-01-01,1241.4,,
ESTAT:LFSA_EGAN2(1.0),17/04/26 11:00:00,A,THS_PER,T,Y_GE15,O,PT,2024-01-01,336.6,,
ESTAT:LFSA_EGAN2(1.0),17/04/26 11:00:00,A,THS_PER,T,Y_GE15,O,RO,2024-01-01,412.3,,
ESTAT:LFSA_EGAN2(1.0),17/04/26 11:00:00,A,THS_PER,T,Y_GE15,O,RS,2024-01-01,153.4,,
ESTAT:LFSA_EGAN2(1.0),17/04/26 11:00:00,A,THS_PER,T,Y_GE15,O,SE,2024-01-01,426.3,,
ESTAT:LFSA_EGAN2(1.0),17/04/26 11:00:00,A,THS_PER,T,Y_GE15,O,SI,2024-01-01,54.9,,
ESTAT:LFSA_EGAN2(1.0),17/04/26 11:00:00,A,THS_PER,T,Y_GE15,O,SK,2024-01-01,214.1,,
ESTAT:LFSA_EGAN2(1.0),17/04/26 11:00:00,A,THS_PER,T,Y_GE15,O,TR,2024-01-01,2142.2,,
ESTAT:LFSA_EGAN2(1.0),17/04/26 11:00:00,A,THS_PER,T,Y_GE15,P,AT,2024-01-01,323.0,,
ESTAT:LFSA_EGAN2(1.0),17/04/26 11:00:00,A,THS_PER,T,Y_GE15,P,BA,2024-01-01,75.6,,
ESTAT:LFSA_EGAN2(1.0),17/04/26 11:00:00,A,THS_PER,T,Y_GE15,P,BE,2024-01-01,490.1,,
ESTAT:LFSA_EGAN2(1.0),17/04/26 11:00:00,A,THS_PER,T,Y_GE15,P,BG,2024-01-01,181.5,b,
ESTAT:LFSA_EGAN2(1.0),17/04/26 11:00:00,A,THS_PER,T,Y_GE15,P,CH,2024-01-01,335.3,,
ESTAT:LFSA_EGAN2(1.0),17/04/26 11:00:00,A,THS_PER,T,Y_GE15,P,CY,2024-01-01,36.0,,
ESTAT:LFSA_EGAN2(1.0),17/04/26 11:00:00,A,THS_PER,T,Y_GE15,P,CZ,2024-01-01,405.8,,
ESTAT:LFSA_EGAN2(1.0),17/04/26 11:00:00,A,THS_PER,T,Y_GE15,P,DE,2024-01-01,2946.1,,
ESTAT:LFSA_EGAN2(1.0),17/04/26 11:00:00,A,THS_PER,T,Y_GE15,P,DK,2024-01-01,262.0,,
ESTAT:LFSA_EGAN2(1.0),17/04/26 11:00:00,A,THS_PER,T,Y_GE15,P,EA21,2024-01-01,12117.3,,
ESTAT:LFSA_EGAN2(1.0),17/04/26 11:00:00,A,THS_PER,T,Y_GE15,P,EE,2024-01-01,68.6,,
ESTAT:LFSA_EGAN2(1.0),17/04/26 11:00:00,A,THS_PER,T,Y_GE15,P,EL,2024-01-01,331.2,,
ESTAT:LFSA_EGAN2(1.0),17/04/26 11:00:00,A,THS_PER,T,Y_GE15,P,ES,2024-01-01,1533.9,d,
ESTAT:LFSA_EGAN2(1.0),17/04/26 11:00:00,A,THS_PER,T,Y_GE15,P,EU27_2020,2024-01-01,15459.7,,
ESTAT:LFSA_EGAN2(1.0),17/04/26 11:00:00,A,THS_PER,T,Y_GE15,P,FI,2024-01-01,193.8,,
ESTAT:LFSA_EGAN2(1.0),17/04/26 11:00:00,A,THS_PER,T,Y_GE15,P,FR,2024-01-01,2231.6,d,
ESTAT:LFSA_EGAN2(1.0),17/04/26 11:00:00,A,THS_PER,T,Y_GE15,P,HR,2024-01-01,135.5,,
ESTAT:LFSA_EGAN2(1.0),17/04/26 11:00:00,A,THS_PER,T,Y_GE15,P,HU,2024-01-01,366.3,,
ESTAT:LFSA_EGAN2(1.0),17/04/26 11:00:00,A,THS_PER,T,Y_GE15,P,IE,2024-01-01,233.0,,
ESTAT:LFSA_EGAN2(1.0),17/04/26 11:00:00,A,THS_PER,T,Y_GE15,P,IS,2024-01-01,27.4,,
ESTAT:LFSA_EGAN2(1.0),17/04/26 11:00:00,A,THS_PER,T,Y_GE15,P,IT,2024-01-01,1673.7,,
ESTAT:LFSA_EGAN2(1.0),17/04/26 11:00:00,A,THS_PER,T,Y_GE15,P,LT,2024-01-01,137.0,,
ESTAT:LFSA_EGAN2(1.0),17/04/26 11:00:00,A,THS_PER,T,Y_GE15,P,LU,2024-01-01,26.2,,
ESTAT:LFSA_EGAN2(1.0),17/04/26 11:00:00,A,THS_PER,T,Y_GE15,P,LV,2024-01-01,77.9,,
ESTAT:LFSA_EGAN2(1.0),17/04/26 11:00:00,A,THS_PER,T,Y_GE15,P,MK,2024-01-01,45.0,,
ESTAT:LFSA_EGAN2(1.0),17/04/26 11:00:00,A,THS_PER,T,Y_GE15,P,MT,2024-01-01,26.1,,
ESTAT:LFSA_EGAN2(1.0),17/04/26 11:00:00,A,THS_PER,T,Y_GE15,P,NL,2024-01-01,745.7,,
ESTAT:LFSA_EGAN2(1.0),17/04/26 11:00:00,A,THS_PER,T,Y_GE15,P,NO,2024-01-01,243.9,,
ESTAT:LFSA_EGAN2(1.0),17/04/26 11:00:00,A,THS_PER,T,Y_GE15,P,PL,2024-01-01,1377.5,,
ESTAT:LFSA_EGAN2(1.0),17/04/26 11:00:00,A,THS_PER,T,Y_GE15,P,PT,2024-01-01,427.1,,
ESTAT:LFSA_EGAN2(1.0),17/04/26 11:00:00,A,THS_PER,T,Y_GE15,P,RO,2024-01-01,351.6,,
ESTAT:LFSA_EGAN2(1.0),17/04/26 11:00:00,A,THS_PER,T,Y_GE15,P,RS,2024-01-01,197.4,,
ESTAT:LFSA_EGAN2(1.0),17/04/26 11:00:00,A,THS_PER,T,Y_GE15,P,SE,2024-01-01,579.2,,
ESTAT:LFSA_EGAN2(1.0),17/04/26 11:00:00,A,THS_PER,T,Y_GE15,P,SI,2024-01-01,86.6,,
ESTAT:LFSA_EGAN2(1.0),17/04/26 11:00:00,A,THS_PER,T,Y_GE15,P,SK,2024-01-01,212.7,,
ESTAT:LFSA_EGAN2(1.0),17/04/26 11:00:00,A,THS_PER,T,Y_GE15,P,TR,2024-01-01,2004.6,,
ESTAT:LFSA_EGAN2(1.0),17/04/26 11:00:00,A,THS_PER,T,Y_GE15,Q,AT,2024-01-01,501.6,,
ESTAT:LFSA_EGAN2(1.0),17/04/26 11:00:00,A,THS_PER,T,Y_GE15,Q,BA,2024-01-01,66.6,,
ESTAT:LFSA_EGAN2(1.0),17/04/26 11:00:00,A,THS_PER,T,Y_GE15,Q,BE,2024-01-01,752.3,,
ESTAT:LFSA_EGAN2(1.0),17/04/26 11:00:00,A,THS_PER,T,Y_GE15,Q,BG,2024-01-01,182.6,b,
ESTAT:LFSA_EGAN2(1.0),17/04/26 11:00:00,A,THS_PER,T,Y_GE15,Q,CH,2024-01-01,698.3,,
ESTAT:LFSA_EGAN2(1.0),17/04/26 11:00:00,A,THS_PER,T,Y_GE15,Q,CY,2024-01-01,28.2,,
ESTAT:LFSA_EGAN2(1.0),17/04/26 11:00:00,A,THS_PER,T,Y_GE15,Q,CZ,2024-01-01,431.5,,
ESTAT:LFSA_EGAN2(1.0),17/04/26 11:00:00,A,THS_PER,T,Y_GE15,Q,DE,2024-01-01,6171.1,,
ESTAT:LFSA_EGAN2(1.0),17/04/26 11:00:00,A,THS_PER,T,Y_GE15,Q,DK,2024-01-01,570.8,,
ESTAT:LFSA_EGAN2(1.0),17/04/26 11:00:00,A,THS_PER,T,Y_GE15,Q,EA21,2024-01-01,19617.4,,
ESTAT:LFSA_EGAN2(1.0),17/04/26 11:00:00,A,THS_PER,T,Y_GE15,Q,EE,2024-01-01,47.6,,
ESTAT:LFSA_EGAN2(1.0),17/04/26 11:00:00,A,THS_PER,T,Y_GE15,Q,EL,2024-01-01,308.4,,
ESTAT:LFSA_EGAN2(1.0),17/04/26 11:00:00,A,THS_PER,T,Y_GE15,Q,ES,2024-01-01,2061.1,d,
ESTAT:LFSA_EGAN2(1.0),17/04/26 11:00:00,A,THS_PER,T,Y_GE15,Q,EU27_2020,2024-01-01,23347.9,,
ESTAT:LFSA_EGAN2(1.0),17/04/26 11:00:00,A,THS_PER,T,Y_GE15,Q,FI,2024-01-01,441.7,,
ESTAT:LFSA_EGAN2(1.0),17/04/26 11:00:00,A,THS_PER,T,Y_GE15,Q,FR,2024-01-01,3930.3,d,
ESTAT:LFSA_EGAN2(1.0),17/04/26 11:00:00,A,THS_PER,T,Y_GE15,Q,HR,2024-01-01,126.9,,
ESTAT:LFSA_EGAN2(1.0),17/04/26 11:00:00,A,THS_PER,T,Y_GE15,Q,HU,2024-01-01,337.8,,
ESTAT:LFSA_EGAN2(1.0),17/04/26 11:00:00,A,THS_PER,T,Y_GE15,Q,IE,2024-01-01,373.4,,
ESTAT:LFSA_EGAN2(1.0),17/04/26 11:00:00,A,THS_PER,T,Y_GE15,Q,IS,2024-01-01,28.3,,
ESTAT:LFSA_EGAN2(1.0),17/04/26 11:00:00,A,THS_PER,T,Y_GE15,Q,IT,2024-01-01,1973.2,,
ESTAT:LFSA_EGAN2(1.0),17/04/26 11:00:00,A,THS_PER,T,Y_GE15,Q,LT,2024-01-01,111.9,,
ESTAT:LFSA_EGAN2(1.0),17/04/26 11:00:00,A,THS_PER,T,Y_GE15,Q,LU,2024-01-01,33.8,,
ESTAT:LFSA_EGAN2(1.0),17/04/26 11:00:00,A,THS_PER,T,Y_GE15,Q,LV,2024-01-01,72.4,,
ESTAT:LFSA_EGAN2(1.0),17/04/26 11:00:00,A,THS_PER,T,Y_GE15,Q,MK,2024-01-01,48.7,,
ESTAT:LFSA_EGAN2(1.0),17/04/26 11:00:00,A,THS_PER,T,Y_GE15,Q,MT,2024-01-01,32.8,,
ESTAT:LFSA_EGAN2(1.0),17/04/26 11:00:00,A,THS_PER,T,Y_GE15,Q,NL,2024-01-01,1689.2,,
ESTAT:LFSA_EGAN2(1.0),17/04/26 11:00:00,A,THS_PER,T,Y_GE15,Q,NO,2024-01-01,593.9,,
ESTAT:LFSA_EGAN2(1.0),17/04/26 11:00:00,A,THS_PER,T,Y_GE15,Q,PL,2024-01-01,1184.9,,
ESTAT:LFSA_EGAN2(1.0),17/04/26 11:00:00,A,THS_PER,T,Y_GE15,Q,PT,2024-01-01,497.8,,
ESTAT:LFSA_EGAN2(1.0),17/04/26 11:00:00,A,THS_PER,T,Y_GE15,Q,RO,2024-01-01,440.1,,
ESTAT:LFSA_EGAN2(1.0),17/04/26 11:00:00,A,THS_PER,T,Y_GE15,Q,RS,2024-01-01,175.6,,
ESTAT:LFSA_EGAN2(1.0),17/04/26 11:00:00,A,THS_PER,T,Y_GE15,Q,SE,2024-01-01,765.4,,
ESTAT:LFSA_EGAN2(1.0),17/04/26 11:00:00,A,THS_PER,T,Y_GE15,Q,SI,2024-01-01,81.8,,
ESTAT:LFSA_EGAN2(1.0),17/04/26 11:00:00,A,THS_PER,T,Y_GE15,Q,SK,2024-01-01,199.3,,
ESTAT:LFSA_EGAN2(1.0),17/04/26 11:00:00,A,THS_PER,T,Y_GE15,Q,TR,2024-01-01,2065.2,,
ESTAT:LFSA_EGAN2(1.0),17/04/26 11:00:00,A,THS_PER,T,Y_GE15,TOTAL,AT,2024-01-01,4488.7,,
ESTAT:LFSA_EGAN2(1.0),17/04/26 11:00:00,A,THS_PER,T,Y_GE15,TOTAL,BA,2024-01-01,1234.6,,
ESTAT:LFSA_EGAN2(1.0),17/04/26 11:00:00,A,THS_PER,T,Y_GE15,TOTAL,BE,2024-01-01,5064.6,,
ESTAT:LFSA_EGAN2(1.0),17/04/26 11:00:00,A,THS_PER,T,Y_GE15,TOTAL,BG,2024-01-01,2932.9,b,
ESTAT:LFSA_EGAN2(1.0),17/04/26 11:00:00,A,THS_PER,T,Y_GE15,TOTAL,CH,2024-01-01,4875.6,,
ESTAT:LFSA_EGAN2(1.0),17/04/26 11:00:00,A,THS_PER,T,Y_GE15,TOTAL,CY,2024-01-01,487.0,,
ESTAT:LFSA_EGAN2(1.0),17/04/26 11:00:00,A,THS_PER,T,Y_GE15,TOTAL,CZ,2024-01-01,5192.4,,
ESTAT:LFSA_EGAN2(1.0),17/04/26 11:00:00,A,THS_PER,T,Y_GE15,TOTAL,DE,2024-01-01,42702.6,,
ESTAT:LFSA_EGAN2(1.0),17/04/26 11:00:00,A,THS_PER,T,Y_GE15,TOTAL,DK,2024-01-01,3079.3,,
ESTAT:LFSA_EGAN2(1.0),17/04/26 11:00:00,A,THS_PER,T,Y_GE15,TOTAL,EA21,2024-01-01,163852.1,,
ESTAT:LFSA_EGAN2(1.0),17/04/26 11:00:00,A,THS_PER,T,Y_GE15,TOTAL,EE,2024-01-01,703.8,,
ESTAT:LFSA_EGAN2(1.0),17/04/26 11:00:00,A,THS_PER,T,Y_GE15,TOTAL,EL,2024-01-01,4276.0,,
ESTAT:LFSA_EGAN2(1.0),17/04/26 11:00:00,A,THS_PER,T,Y_GE15,TOTAL,ES,2024-01-01,21653.9,d,
ESTAT:LFSA_EGAN2(1.0),17/04/26 11:00:00,A,THS_PER,T,Y_GE15,TOTAL,EU27_2020,2024-01-01,207225.3,,
ESTAT:LFSA_EGAN2(1.0),17/04/26 11:00:00,A,THS_PER,T,Y_GE15,TOTAL,FI,2024-01-01,2621.1,,
ESTAT:LFSA_EGAN2(1.0),17/04/26 11:00:00,A,THS_PER,T,Y_GE15,TOTAL,FR,2024-01-01,28965.0,d,
ESTAT:LFSA_EGAN2(1.0),17/04/26 11:00:00,A,THS_PER,T,Y_GE15,TOTAL,HR,2024-01-01,1683.6,,
ESTAT:LFSA_EGAN2(1.0),17/04/26 11:00:00,A,THS_PER,T,Y_GE15,TOTAL,HU,2024-01-01,4714.6,,
ESTAT:LFSA_EGAN2(1.0),17/04/26 11:00:00,A,THS_PER,T,Y_GE15,TOTAL,IE,2024-01-01,2757.4,,
ESTAT:LFSA_EGAN2(1.0),17/04/26 11:00:00,A,THS_PER,T,Y_GE15,TOTAL,IS,2024-01-01,229.5,,
ESTAT:LFSA_EGAN2(1.0),17/04/26 11:00:00,A,THS_PER,T,Y_GE15,TOTAL,IT,2024-01-01,23932.3,,
ESTAT:LFSA_EGAN2(1.0),17/04/26 11:00:00,A,THS_PER,T,Y_GE15,TOTAL,LT,2024-01-01,1463.7,,
ESTAT:LFSA_EGAN2(1.0),17/04/26 11:00:00,A,THS_PER,T,Y_GE15,TOTAL,LU,2024-01-01,323.9,,
ESTAT:LFSA_EGAN2(1.0),17/04/26 11:00:00,A,THS_PER,T,Y_GE15,TOTAL,LV,2024-01-01,883.6,,
ESTAT:LFSA_EGAN2(1.0),17/04/26 11:00:00,A,THS_PER,T,Y_GE15,TOTAL,MK,2024-01-01,695.2,,
ESTAT:LFSA_EGAN2(1.0),17/04/26 11:00:00,A,THS_PER,T,Y_GE15,TOTAL,MT,2024-01-01,317.7,,
ESTAT:LFSA_EGAN2(1.0),17/04/26 11:00:00,A,THS_PER,T,Y_GE15,TOTAL,NL,2024-01-01,9862.9,,
ESTAT:LFSA_EGAN2(1.0),17/04/26 11:00:00,A,THS_PER,T,Y_GE15,TOTAL,NO,2024-01-01,2907.8,,
ESTAT:LFSA_EGAN2(1.0),17/04/26 11:00:00,A,THS_PER,T,Y_GE15,TOTAL,PL,2024-01-01,17230.8,,
ESTAT:LFSA_EGAN2(1.0),17/04/26 11:00:00,A,THS_PER,T,Y_GE15,TOTAL,PT,2024-01-01,5112.3,,
ESTAT:LFSA_EGAN2(1.0),17/04/26 11:00:00,A,THS_PER,T,Y_GE15,TOTAL,RO,2024-01-01,7853.3,,
ESTAT:LFSA_EGAN2(1.0),17/04/26 11:00:00,A,THS_PER,T,Y_GE15,TOTAL,RS,2024-01-01,2897.5,,
ESTAT:LFSA_EGAN2(1.0),17/04/26 11:00:00,A,THS_PER,T,Y_GE15,TOTAL,SE,2024-01-01,5302.8,,
ESTAT:LFSA_EGAN2(1.0),17/04/26 11:00:00,A,THS_PER,T,Y_GE15,TOTAL,SI,2024-01-01,998.4,,
ESTAT:LFSA_EGAN2(1.0),17/04/26 11:00:00,A,THS_PER,T,Y_GE15,TOTAL,SK,2024-01-01,2620.8,,
ESTAT:LFSA_EGAN2(1.0),17/04/26 11:00:00,A,THS_PER,T,Y_GE15,TOTAL,TR,2024-01-01,32588.8,,
