DATAFLOW,FREQ,REF_AREA,DATA_TYPE,ADJUSTMENT,SEX,AGE,EDITION,TIME_PERIOD,OBS_VALUE,OBS_STATUS,NOTE_DS,NOTE_REF_AREA,NOTE_DATA_TYPE,NOTE_ADJUSTMENT,NOTE_SEX,NOTE_AGE,NOTE_EDITION,NOTE_TIME_PERIOD,BASE_PER,UNIT_MEAS,UNIT_MULT
IT1:151_874(1.0),M,IT,UNEM_R,N,9,Y15-74,2022M11G3,2013-01-01,13.135348,,,,,,,,,,,,
IT1:151_874(1.0),M,IT,UNEM_R,N,9,Y15-74,2022M12G1,2013-01-01,13.135348,,,,,,,,,,,,
IT1:151_874(1.0),M,IT,UNEM_R,N,9,Y15-74,2022M2G1,2013-01-01,13.135348,,,,,,,,,,,,
IT1:151_874(1.0),M,IT,UNEM_R,N,9,Y15-74,2022M3G3,2013-01-01,13.135348,,,,,,,,,,,,
IT1:151_874(1.0),M,IT,UNEM_R,N,9,Y15-74,2022M3G31,2013-01-01,13.135348,,,,,,,,,,,,
IT1:151_874(1.0),M,IT,UNEM_R,N,9,Y15-74,2022M5G2,2013-01-01,13.135348,,,,,,,,,,,,
IT1:151_874(1.0),M,IT,UNEM_R,N,9,Y15-74,2022M6G1,2013-01-01,13.135348,,,,,,,,,,,,
IT1:151_874(1.0),M,IT,UNEM_R,N,9,Y15-74,2022M6G30,2013-01-01,13.135348,,,,,,,,,,,,
IT1:151_874(1.0),M,IT,UNEM_R,N,9,Y15-74,2022M8G1,2013-01-01,13.135348,,,,,,,,,,,,
IT1:151_874(1.0),M,IT,UNEM_R,N,9,Y15-74,2022M9G1,2013-01-01,13.135348,,,,,,,,,,,,
IT1:151_874(1.0),M,IT,UNEM_R,N,9,Y15-74,2022M9G30,2013-01-01,13.135348,,,,,,,,,,,,
IT1:151_874(1.0),M,IT,UNEM_R,N,9,Y15-74,2023M10G2,2013-01-01,13.135348,,,,,,,,,,,,
IT1:151_874(1.0),M,IT,UNEM_R,N,9,Y15-74,2023M11G3,2013-01-01,13.135348,,,,,,,,,,,,
IT1:151_874(1.0),M,IT,UNEM_R,N,9,Y15-74,2023M11G30,2013-01-01,13.135348,,,,,,,,,,,,
IT1:151_874(1.0),M,IT,UNEM_R,N,9,Y15-74,2023M1G31,2013-01-01,13.135348,,,,,,,,,,,,
IT1:151_874(1.0),M,IT,UNEM_R,N,9,Y15-74,2023M1G9,2013-01-01,13.135348,,,,,,,,,,,,
IT1:151_874(1.0),M,IT,UNEM_R,N,9,Y15-74,2023M3G2,2013-01-01,13.135348,,,,,,,,,,,,
IT1:151_874(1.0),M,IT,UNEM_R,N,9,Y15-74,2023M3G30,2013-01-01,13.135348,,,,,,,,,,,,
IT1:151_874(1.0),M,IT,UNEM_R,N,9,Y15-74,2023M5G3,2013-01-01,13.135348,,,,,,,,,,,,
IT1:151_874(1.0),M,IT,UNEM_R,N,9,Y15-74,2023M6G1,2013-01-01,13.135348,,,,,,,,,,,,
IT1:151_874(1.0),M,IT,UNEM_R,N,9,Y15-74,2023M6G30,2013-01-01,13.135348,,,,,,,,,,,,
IT1:151_874(1.0),M,IT,UNEM_R,N,9,Y15-74,2023M8G1,2013-01-01,13.135348,,,,,,,,,,,,
IT1:151_874(1.0),M,IT,UNEM_R,N,9,Y15-74,2023M8G31,2013-01-01,13.135348,,,,,,,,,,,,
IT1:151_874(1.0),M,IT,UNEM_R,N,9,Y15-74,2024M10G2,2013-01-01,13.135348,,,,,,,,,,,,
IT1:151_874(1.0),M,IT,UNEM_R,N,9,Y15-74,2024M10G31,2013-01-01,13.135348,,,,,,,,,,,,
IT1:151_874(1.0),M,IT,UNEM_R,N,9,Y15-74,2024M12G2,2013-01-01,13.135348,,,,,,,,,,,,
IT1:151_874(1.0),M,IT,UNEM_R,N,9,Y15-74,2024M1G31,2013-01-01,13.135348,,,,,,,,,,,,
IT1:151_874(1.0),M,IT,UNEM_R,N,9,Y15-74,2024M1G9,2013-01-01,13.135348,,,,,,,,,,,,
IT1:151_874(1.0),M,IT,UNEM_R,N,9,Y15-74,2024M3G1,2013-01-01,13.135348,,,,,,,,,,,,
IT1:151_874(1.0),M,IT,UNEM_R,N,9,Y15-74,2024M4G3,2013-01-01,13.135348,,,,,,,,,,,,
IT1:151_874(1.0),M,IT,UNEM_R,N,9,Y15-74,2024M5G3,2013-01-01,13.135348,,,,,,,,,,,,
IT1:151_874(1.0),M,IT,UNEM_R,N,9,Y15-74,2024M5G30,2013-01-01,13.135348,,,,,,,,,,,,
IT1:151_874(1.0),M,IT,UNEM_R,N,9,Y15-74,2024M7G2,2013-01-01,13.135348,,,,,,,,,,,,
IT1:151_874(1.0),M,IT,UNEM_R,N,9,Y15-74,2024M8G1,2013-01-01,13.135348,,,,,,,,,,,,
IT1:151_874(1.0),M,IT,UNEM_R,N,9,Y15-74,2024M8G30,2013-01-01,13.135348,,,,,,,,,,,,
IT1:151_874(1.0),M,IT,UNEM_R,N,9,Y15-74,2025M10G2,2013-01-01,13.135348,,,,,,,,,,,,
IT1:151_874(1.0),M,IT,UNEM_R,N,9,Y15-74,2025M10G30,2013-01-01,13.135348,,,,,,,,,,,,
IT1:151_874(1.0),M,IT,UNEM_R,N,9,Y15-74,2025M12G2,2013-01-01,13.135348,,,,,,,,,,,,
IT1:151_874(1.0),M,IT,UNEM_R,N,9,Y15-74,2025M1G30,2013-01-01,13.135348,,,,,,,,,,,,
IT1:151_874(1.0),M,IT,UNEM_R,N,9,Y15-74,2025M1G7,2013-01-01,13.135348,,,,,,,,,,,,
IT1:151_874(1.0),M,IT,UNEM_R,N,9,Y15-74,2025M3G4,2013-01-01,13.135348,,,,,,,,,,,,
IT1:151_874(1.0),M,IT,UNEM_R,N,9,Y15-74,2025M4G1,2013-01-01,13.135348,,,,,,,,,,,,
IT1:151_874(1.0),M,IT,UNEM_R,N,9,Y15-74,2025M5G2,2013-01-01,13.135348,,,,,,,,,,,,
IT1:151_874(1.0),M,IT,UNEM_R,N,9,Y15-74,2025M6G3,2013-01-01,13.135348,,,,,,,,,,,,
IT1:151_874(1.0),M,IT,UNEM_R,N,9,Y15-74,2025M7G2,2013-01-01,13.135348,,,,,,,,,,,,
IT1:151_874(1.0),M,IT,UNEM_R,N,9,Y15-74,2025M7G31,2013-01-01,13.135348,,,,,,,,,,,,
IT1:151_874(1.0),M,IT,UNEM_R,N,9,Y15-74,2025M9G1,2013-01-01,13.135348,,,,,,,,,,,,
IT1:151_874(1.0),M,IT,UNEM_R,N,9,Y15-74,2026M1G30,2013-01-01,13.135348,,,,,,,,,,,,
IT1:151_874(1.0),M,IT,UNEM_R,N,9,Y15-74,2026M1G8,2013-01-01,13.135348,,,,,,,,,,,,
IT1:151_874(1.0),M,IT,UNEM_R,N,9,Y15-74,2026M3G4,2013-01-01,13.135348,,,,,,,,,,,,
IT1:151_874(1.0),M,IT,UNEM_R,N,9,Y15-74,2026M4G1,2013-01-01,13.135348,,,,,,,,,,,,
IT1:151_874(1.0),M,IT,UNEM_R,N,9,Y15-74,2026M4G30,2013-01-01,13.135348,,,,,,,,,,,,
IT1:151_874(1.0),M,IT,UNEM_R,N,9,Y15-74,2022M11G3,2013-02-01,13.092303,,,,,,,,,,,,
IT1:151_874(1.0),M,IT,UNEM_R,N,9,Y15-74,2022M12G1,2013-02-01,13.092303,,,,,,,,,,,,
IT1:151_874(1.0),M,IT,UNEM_R,N,9,Y15-74,2022M2G1,2013-02-01,13.092303,,,,,,,,,,,,
IT1:151_874(1.0),M,IT,UNEM_R,N,9,Y15-74,2022M3G3,2013-02-01,13.092303,,,,,,,,,,,,
IT1:151_874(1.0),M,IT,UNEM_R,N,9,Y15-74,2022M3G31,2013-02-01,13.092303,,,,,,,,,,,,
IT1:151_874(1.0),M,IT,UNEM_R,N,9,Y15-74,2022M5G2,2013-02-01,13.092303,,,,,,,,,,,,
IT1:151_874(1.0),M,IT,UNEM_R,N,9,Y15-74,2022M6G1,2013-02-01,13.092303,,,,,,,,,,,,
IT1:151_874(1.0),M,IT,UNEM_R,N,9,Y15-74,2022M6G30,2013-02-01,13.092303,,,,,,,,,,,,
IT1:151_874(1.0),M,IT,UNEM_R,N,9,Y15-74,2022M8G1,2013-02-01,13.092303,,,,,,,,,,,,
IT1:151_874(1.0),M,IT,UNEM_R,N,9,Y15-74,2022M9G1,2013-02-01,13.092303,,,,,,,,,,,,
IT1:151_874(1.0),M,IT,UNEM_R,N,9,Y15-74,2022M9G30,2013-02-01,13.092303,,,,,,,,,,,,
IT1:151_874(1.0),M,IT,UNEM_R,N,9,Y15-74,2023M10G2,2013-02-01,13.092303,,,,,,,,,,,,
IT1:151_874(1.0),M,IT,UNEM_R,N,9,Y15-74,2023M11G3,2013-02-01,13.092303,,,,,,,,,,,,
IT1:151_874(1.0),M,IT,UNEM_R,N,9,Y15-74,2023M11G30,2013-02-01,13.092303,,,,,,,,,,,,
IT1:151_874(1.0),M,IT,UNEM_R,N,9,Y15-74,2023M1G31,2013-02-01,13.092303,,,,,,,,,,,,
IT1:151_874(1.0),M,IT,UNEM_R,N,9,Y15-74,2023M1G9,2013-02-01,13.092303,,,,,,,,,,,,
IT1:151_874(1.0),M,IT,UNEM_R,N,9,Y15-74,2023M3G2,2013-02-01,13.092303,,,,,,,,,,,,
IT1:151_874(1.0),M,IT,UNEM_R,N,9,Y15-74,2023M3G30,2013-02-01,13.092303,,,,,,,,,,,,
IT1:151_874(1.0),M,IT,UNEM_R,N,9,Y15-74,2023M5G3,2013-02-01,13.092303,,,,,,,,,,,,
IT1:151_874(1.0),M,IT,UNEM_R,N,9,Y15-74,2023M6G1,2013-02-01,13.092303,,,,,,,,,,,,
IT1:151_874(1.0),M,IT,UNEM_R,N,9,Y15-74,2023M6G30,2013-02-01,13.092303,,,,,,,,,,,,
IT1:151_874(1.0),M,IT,UNEM_R,N,9,Y15-74,2023M8G1,2013-02-01,13.092303,,,,,,,,,,,,
IT1:151_874(1.0),M,IT,UNEM_R,N,9,Y15-74,2023M8G31,2013-02-01,13.092303,,,,,,,,,,,,
IT1:151_874(1.0),M,IT,UNEM_R,N,9,Y15-74,2024M10G2,2013-02-01,13.092303,,,,,,,,,,,,
IT1:151_874(1.0),M,IT,UNEM_R,N,9,Y15-74,2024M10G31,2013-02-01,13.092303,,,,,,,,,,,,
IT1:151_874(1.0),M,IT,UNEM_R,N,9,Y15-74,2024M12G2,2013-02-01,13.092303,,,,,,,,,,,,
IT1:151_874(1.0),M,IT,UNEM_R,N,9,Y15-74,2024M1G31,2013-02-01,13.092303,,,,,,,,,,,,
IT1:151_874(1.0),M,IT,UNEM_R,N,9,Y15-74,2024M1G9,2013-02-01,13.092303,,,,,,,,,,,,
IT1:151_874(1.0),M,IT,UNEM_R,N,9,Y15-74,2024M3G1,2013-02-01,13.092303,,,,,,,,,,,,
IT1:151_874(1.0),M,IT,UNEM_R,N,9,Y15-74,2024M4G3,2013-02-01,13.092303,,,,,,,,,,,,
IT1:151_874(1.0),M,IT,UNEM_R,N,9,Y15-74,2024M5G3,2013-02-01,13.092303,,,,,,,,,,,,
IT1:151_874(1.0),M,IT,UNEM_R,N,9,Y15-74,2024M5G30,2013-02-01,13.092303,,,,,,,,,,,,
IT1:151_874(1.0),M,IT,UNEM_R,N,9,Y15-74,2024M7G2,2013-02-01,13.092303,,,,,,,,,,,,
IT1:151_874(1.0),M,IT,UNEM_R,N,9,Y15-74,2024M8G1,2013-02-01,13.092303,,,,,,,,,,,,
IT1:151_874(1.0),M,IT,UNEM_R,N,9,Y15-74,2024M8G30,2013-02-01,13.092303,,,,,,,,,,,,
IT1:151_874(1.0),M,IT,UNEM_R,N,9,Y15-74,2025M10G2,2013-02-01,13.092303,,,,,,,,,,,,
IT1:151_874(1.0),M,IT,UNEM_R,N,9,Y15-74,2025M10G30,2013-02-01,13.092303,,,,,,,,,,,,
IT1:151_874(1.0),M,IT,UNEM_R,N,9,Y15-74,2025M12G2,2013-02-01,13.092303,,,,,,,,,,,,
IT1:151_874(1.0),M,IT,UNEM_R,N,9,Y15-74,2025M1G30,2013-02-01,13.092303,,,,,,,,,,,,
IT1:151_874(1.0),M,IT,UNEM_R,N,9,Y15-74,2025M1G7,2013-02-01,13.092303,,,,,,,,,,,,
IT1:151_874(1.0),M,IT,UNEM_R,N,9,Y15-74,2025M3G4,2013-02-01,13.092303,,,,,,,,,,,,
IT1:151_874(1.0),M,IT,UNEM_R,N,9,Y15-74,2025M4G1,2013-02-01,13.092303,,,,,,,,,,,,
IT1:151_874(1.0),M,IT,UNEM_R,N,9,Y15-74,2025M5G2,2013-02-01,13.092303,,,,,,,,,,,,
IT1:151_874(1.0),M,IT,UNEM_R,N,9,Y15-74,2025M6G3,2013-02-01,13.092303,,,,,,,,,,,,
IT1:151_874(1.0),M,IT,UNEM_R,N,9,Y15-74,2025M7G2,2013-02-01,13.092303,,,,,,,,,,,,
IT1:151_874(1.0),M,IT,UNEM_R,N,9,Y15-74,2025M7G31,2013-02-01,13.092303,,,,,,,,,,,,
IT1:151_874(1.0),M,IT,UNEM_R,N,9,Y15-74,2025M9G1,2013-02-01,13.092303,,,,,,,,,,,,
IT1:151_874(1.0),M,IT,UNEM_R,N,9,Y15-74,2026M1G30,2013-02-01,13.092303,,,,,,,,,,,,
IT1:151_874(1.0),M,IT,UNEM_R,N,9,Y15-74,2026M1G8,2013-02-01,13.092303,,,,,,,,,,,,
IT1:151_874(1.0),M,IT,UNEM_R,N,9,Y15-74,2026M3G4,2013-02-01,13.092303,,,,,,,,,,,,
IT1:151_874(1.0),M,IT,UNEM_R,N,9,Y15-74,2026M4G1,2013-02-01,13.092303,,,,,,,,,,,,
IT1:151_874(1.0),M,IT,UNEM_R,N,9,Y15-74,2026M4G30,2013-02-01,13.092303,,,,,,,,,,,,
IT1:151_874(1.0),M,IT,UNEM_R,N,9,Y15-74,2022M11G3,2013-03-01,12.689799,,,,,,,,,,,,
IT1:151_874(1.0),M,IT,UNEM_R,N,9,Y15-74,2022M12G1,2013-03-01,12.689799,,,,,,,,,,,,
IT1:151_874(1.0),M,IT,UNEM_R,N,9,Y15-74,2022M2G1,2013-03-01,12.689799,,,,,,,,,,,,
IT1:151_874(1.0),M,IT,UNEM_R,N,9,Y15-74,2022M3G3,2013-03-01,12.689799,,,,,,,,,,,,
IT1:151_874(1.0),M,IT,UNEM_R,N,9,Y15-74,2022M3G31,2013-03-01,12.689799,,,,,,,,,,,,
IT1:151_874(1.0),M,IT,UNEM_R,N,9,Y15-74,2022M5G2,2013-03-01,12.689799,,,,,,,,,,,,
IT1:151_874(1.0),M,IT,UNEM_R,N,9,Y15-74,2022M6G1,2013-03-01,12.689799,,,,,,,,,,,,
IT1:151_874(1.0),M,IT,UNEM_R,N,9,Y15-74,2022M6G30,2013-03-01,12.689799,,,,,,,,,,,,
IT1:151_874(1.0),M,IT,UNEM_R,N,9,Y15-74,2022M8G1,2013-03-01,12.689799,,,,,,,,,,,,
IT1:151_874(1.0),M,IT,UNEM_R,N,9,Y15-74,2022M9G1,2013-03-01,12.689799,,,,,,,,,,,,
IT1:151_874(1.0),M,IT,UNEM_R,N,9,Y15-74,2022M9G30,2013-03-01,12.689799,,,,,,,,,,,,
IT1:151_874(1.0),M,IT,UNEM_R,N,9,Y15-74,2023M10G2,2013-03-01,12.689799,,,,,,,,,,,,
IT1:151_874(1.0),M,IT,UNEM_R,N,9,Y15-74,2023M11G3,2013-03-01,12.689799,,,,,,,,,,,,
IT1:151_874(1.0),M,IT,UNEM_R,N,9,Y15-74,2023M11G30,2013-03-01,12.689799,,,,,,,,,,,,
IT1:151_874(1.0),M,IT,UNEM_R,N,9,Y15-74,2023M1G31,2013-03-01,12.689799,,,,,,,,,,,,
IT1:151_874(1.0),M,IT,UNEM_R,N,9,Y15-74,2023M1G9,2013-03-01,12.689799,,,,,,,,,,,,
IT1:151_874(1.0),M,IT,UNEM_R,N,9,Y15-74,2023M3G2,2013-03-01,12.689799,,,,,,,,,,,,
IT1:151_874(1.0),M,IT,UNEM_R,N,9,Y15-74,2023M3G30,2013-03-01,12.689799,,,,,,,,,,,,
IT1:151_874(1.0),M,IT,UNEM_R,N,9,Y15-74,2023M5G3,2013-03-01,12.689799,,,,,,,,,,,,
IT1:151_874(1.0),M,IT,UNEM_R,N,9,Y15-74,2023M6G1,2013-03-01,12.689799,,,,,,,,,,,,
IT1:151_874(1.0),M,IT,UNEM_R,N,9,Y15-74,2023M6G30,2013-03-01,12.689799,,,,,,,,,,,,
IT1:151_874(1.0),M,IT,UNEM_R,N,9,Y15-74,2023M8G1,2013-03-01,12.689799,,,,,,,,,,,,
IT1:151_874(1.0),M,IT,UNEM_R,N,9,Y15-74,2023M8G31,2013-03-01,12.689799,,,,,,,,,,,,
IT1:151_874(1.0),M,IT,UNEM_R,N,9,Y15-74,2024M10G2,2013-03-01,12.689799,,,,,,,,,,,,
IT1:151_874(1.0),M,IT,UNEM_R,N,9,Y15-74,2024M10G31,2013-03-01,12.689799,,,,,,,,,,,,
IT1:151_874(1.0),M,IT,UNEM_R,N,9,Y15-74,2024M12G2,2013-03-01,12.689799,,,,,,,,,,,,
IT1:151_874(1.0),M,IT,UNEM_R,N,9,Y15-74,2024M1G31,2013-03-01,12.689799,,,,,,,,,,,,
IT1:151_874(1.0),M,IT,UNEM_R,N,9,Y15-74,2024M1G9,2013-03-01,12.689799,,,,,,,,,,,,
IT1:151_874(1.0),M,IT,UNEM_R,N,9,Y15-74,2024M3G1,2013-03-01,12.689799,,,,,,,,,,,,
IT1:151_874(1.0),M,IT,UNEM_R,N,9,Y15-74,2024M4G3,2013-03-01,12.689799,,,,,,,,,,,,
IT1:151_874(1.0),M,IT,UNEM_R,N,9,Y15-74,2024M5G3,2013-03-01,12.689799,,,,,,,,,,,,
IT1:151_874(1.0),M,IT,UNEM_R,N,9,Y15-74,2024M5G30,2013-03-01,12.689799,,,,,,,,,,,,
IT1:151_874(1.0),M,IT,UNEM_R,N,9,Y15-74,2024M7G2,2013-03-01,12.689799,,,,,,,,,,,,
IT1:151_874(1.0),M,IT,UNEM_R,N,9,Y15-74,2024M8G1,2013-03-01,12.689799,,,,,,,,,,,,
IT1:151_874(1.0),M,IT,UNEM_R,N,9,Y15-74,2024M8G30,2013-03-01,12.689799,,,,,,,,,,,,
IT1:151_874(1.0),M,IT,UNEM_R,N,9,Y15-74,2025M10G2,2013-03-01,12.689799,,,,,,,,,,,,
IT1:151_874(1.0),M,IT,UNEM_R,N,9,Y15-74,2025M10G30,2013-03-01,12.689799,,,,,,,,,,,,
IT1:151_874(1.0),M,IT,UNEM_R,N,9,Y15-74,2025M12G2,2013-03-01,12.689799,,,,,,,,,,,,
IT1:151_874(1.0),M,IT,UNEM_R,N,9,Y15-74,2025M1G30,2013-03-01,12.689799,,,,,,,,,,,,
IT1:151_874(1.0),M,IT,UNEM_R,N,9,Y15-74,2025M1G7,2013-03-01,12.689799,,,,,,,,,,,,
IT1:151_874(1.0),M,IT,UNEM_R,N,9,Y15-74,2025M3G4,2013-03-01,12.689799,,,,,,,,,,,,
IT1:151_874(1.0),M,IT,UNEM_R,N,9,Y15-74,2025M4G1,2013-03-01,12.689799,,,,,,,,,,,,
IT1:151_874(1.0),M,IT,UNEM_R,N,9,Y15-74,2025M5G2,2013-03-01,12.689799,,,,,,,,,,,,
IT1:151_874(1.0),M,IT,UNEM_R,N,9,Y15-74,2025M6G3,2013-03-01,12.689799,,,,,,,,,,,,
IT1:151_874(1.0),M,IT,UNEM_R,N,9,Y15-74,2025M7G2,2013-03-01,12.689799,,,,,,,,,,,,
IT1:151_874(1.0),M,IT,UNEM_R,N,9,Y15-74,2025M7G31,2013-03-01,12.689799,,,,,,,,,,,,
IT1:151_874(1.0),M,IT,UNEM_R,N,9,Y15-74,2025M9G1,2013-03-01,12.689799,,,,,,,,,,,,
IT1:151_874(1.0),M,IT,UNEM_R,N,9,Y15-74,2026M1G30,2013-03-01,12.689799,,,,,,,,,,,,
IT1:151_874(1.0),M,IT,UNEM_R,N,9,Y15-74,2026M1G8,2013-03-01,12.689799,,,,,,,,,,,,
IT1:151_874(1.0),M,IT,UNEM_R,N,9,Y15-74,2026M3G4,2013-03-01,12.689799,,,,,,,,,,,,
IT1:151_874(1.0),M,IT,UNEM_R,N,9,Y15-74,2026M4G1,2013-03-01,12.689799,,,,,,,,,,,,
IT1:151_874(1.0),M,IT,UNEM_R,N,9,Y15-74,2026M4G30,2013-03-01,12.689799,,,,,,,,,,,,
IT1:151_874(1.0),M,IT,UNEM_R,N,9,Y15-74,2022M11G3,2013-04-01,12.629847,,,,,,,,,,,,
IT1:151_874(1.0),M,IT,UNEM_R,N,9,Y15-74,2022M12G1,2013-04-01,12.629847,,,,,,,,,,,,
IT1:151_874(1.0),M,IT,UNEM_R,N,9,Y15-74,2022M2G1,2013-04-01,12.629847,,,,,,,,,,,,
IT1:151_874(1.0),M,IT,UNEM_R,N,9,Y15-74,2022M3G3,2013-04-01,12.629847,,,,,,,,,,,,
IT1:151_874(1.0),M,IT,UNEM_R,N,9,Y15-74,2022M3G31,2013-04-01,12.629847,,,,,,,,,,,,
IT1:151_874(1.0),M,IT,UNEM_R,N,9,Y15-74,2022M5G2,2013-04-01,12.629847,,,,,,,,,,,,
IT1:151_874(1.0),M,IT,UNEM_R,N,9,Y15-74,2022M6G1,2013-04-01,12.629847,,,,,,,,,,,,
IT1:151_874(1.0),M,IT,UNEM_R,N,9,Y15-74,2022M6G30,2013-04-01,12.629847,,,,,,,,,,,,
IT1:151_874(1.0),M,IT,UNEM_R,N,9,Y15-74,2022M8G1,2013-04-01,12.629847,,,,,,,,,,,,
IT1:151_874(1.0),M,IT,UNEM_R,N,9,Y15-74,2022M9G1,2013-04-01,12.629847,,,,,,,,,,,,
IT1:151_874(1.0),M,IT,UNEM_R,N,9,Y15-74,2022M9G30,2013-04-01,12.629847,,,,,,,,,,,,
IT1:151_874(1.0),M,IT,UNEM_R,N,9,Y15-74,2023M10G2,2013-04-01,12.629847,,,,,,,,,,,,
IT1:151_874(1.0),M,IT,UNEM_R,N,9,Y15-74,2023M11G3,2013-04-01,12.629847,,,,,,,,,,,,
IT1:151_874(1.0),M,IT,UNEM_R,N,9,Y15-74,2023M11G30,2013-04-01,12.629847,,,,,,,,,,,,
IT1:151_874(1.0),M,IT,UNEM_R,N,9,Y15-74,2023M1G31,2013-04-01,12.629847,,,,,,,,,,,,
IT1:151_874(1.0),M,IT,UNEM_R,N,9,Y15-74,2023M1G9,2013-04-01,12.629847,,,,,,,,,,,,
IT1:151_874(1.0),M,IT,UNEM_R,N,9,Y15-74,2023M3G2,2013-04-01,12.629847,,,,,,,,,,,,
IT1:151_874(1.0),M,IT,UNEM_R,N,9,Y15-74,2023M3G30,2013-04-01,12.629847,,,,,,,,,,,,
IT1:151_874(1.0),M,IT,UNEM_R,N,9,Y15-74,2023M5G3,2013-04-01,12.629847,,,,,,,,,,,,
IT1:151_874(1.0),M,IT,UNEM_R,N,9,Y15-74,2023M6G1,2013-04-01,12.629847,,,,,,,,,,,,
IT1:151_874(1.0),M,IT,UNEM_R,N,9,Y15-74,2023M6G30,2013-04-01,12.629847,,,,,,,,,,,,
IT1:151_874(1.0),M,IT,UNEM_R,N,9,Y15-74,2023M8G1,2013-04-01,12.629847,,,,,,,,,,,,
IT1:151_874(1.0),M,IT,UNEM_R,N,9,Y15-74,2023M8G31,2013-04-01,12.629847,,,,,,,,,,,,
IT1:151_874(1.0),M,IT,UNEM_R,N,9,Y15-74,2024M10G2,2013-04-01,12.629847,,,,,,,,,,,,
IT1:151_874(1.0),M,IT,UNEM_R,N,9,Y15-74,2024M10G31,2013-04-01,12.629847,,,,,,,,,,,,
IT1:151_874(1.0),M,IT,UNEM_R,N,9,Y15-74,2024M12G2,2013-04-01,12.629847,,,,,,,,,,,,
IT1:151_874(1.0),M,IT,UNEM_R,N,9,Y15-74,2024M1G31,2013-04-01,12.629847,,,,,,,,,,,,
IT1:151_874(1.0),M,IT,UNEM_R,N,9,Y15-74,2024M1G9,2013-04-01,12.629847,,,,,,,,,,,,
IT1:151_874(1.0),M,IT,UNEM_R,N,9,Y15-74,2024M3G1,2013-04-01,12.629847,,,,,,,,,,,,
IT1:151_874(1.0),M,IT,UNEM_R,N,9,Y15-74,2024M4G3,2013-04-01,12.629847,,,,,,,,,,,,
IT1:151_874(1.0),M,IT,UNEM_R,N,9,Y15-74,2024M5G3,2013-04-01,12.629847,,,,,,,,,,,,
IT1:151_874(1.0),M,IT,UNEM_R,N,9,Y15-74,2024M5G30,2013-04-01,12.629847,,,,,,,,,,,,
IT1:151_874(1.0),M,IT,UNEM_R,N,9,Y15-74,2024M7G2,2013-04-01,12.629847,,,,,,,,,,,,
IT1:151_874(1.0),M,IT,UNEM_R,N,9,Y15-74,2024M8G1,2013-04-01,12.629847,,,,,,,,,,,,
IT1:151_874(1.0),M,IT,UNEM_R,N,9,Y15-74,2024M8G30,2013-04-01,12.629847,,,,,,,,,,,,
IT1:151_874(1.0),M,IT,UNEM_R,N,9,Y15-74,2025M10G2,2013-04-01,12.629847,,,,,,,,,,,,
IT1:151_874(1.0),M,IT,UNEM_R,N,9,Y15-74,2025M10G30,2013-04-01,12.629847,,,,,,,,,,,,
IT1:151_874(1.0),M,IT,UNEM_R,N,9,Y15-74,2025M12G2,2013-04-01,12.629847,,,,,,,,,,,,
IT1:151_874(1.0),M,IT,UNEM_R,N,9,Y15-74,2025M1G30,2013-04-01,12.629847,,,,,,,,,,,,
IT1:151_874(1.0),M,IT,UNEM_R,N,9,Y15-74,2025M1G7,2013-04-01,12.629847,,,,,,,,,,,,
IT1:151_874(1.0),M,IT,UNEM_R,N,9,Y15-74,2025M3G4,2013-04-01,12.629847,,,,,,,,,,,,
IT1:151_874(1.0),M,IT,UNEM_R,N,9,Y15-74,2025M4G1,2013-04-01,12.629847,,,,,,,,,,,,
IT1:151_874(1.0),M,IT,UNEM_R,N,9,Y15-74,2025M5G2,2013-04-01,12.629847,,,,,,,,,,,,
IT1:151_874(1.0),M,IT,UNEM_R,N,9,Y15-74,2025M6G3,2013-04-01,12.629847,,,,,,,,,,,,
IT1:151_874(1.0),M,IT,UNEM_R,N,9,Y15-74,2025M7G2,2013-04-01,12.629847,,,,,,,,,,,,
IT1:151_874(1.0),M,IT,UNEM_R,N,9,Y15-74,2025M7G31,2013-04-01,12.629847,,,,,,,,,,,,
IT1:151_874(1.0),M,IT,UNEM_R,N,9,Y15-74,2025M9G1,2013-04-01,12.629847,,,,,,,,,,,,
IT1:151_874(1.0),M,IT,UNEM_R,N,9,Y15-74,2026M1G30,2013-04-01,12.629847,,,,,,,,,,,,
IT1:151_874(1.0),M,IT,UNEM_R,N,9,Y15-74,2026M1G8,2013-04-01,12.629847,,,,,,,,,,,,
IT1:151_874(1.0),M,IT,UNEM_R,N,9,Y15-74,2026M3G4,2013-04-01,12.629847,,,,,,,,,,,,
IT1:151_874(1.0),M,IT,UNEM_R,N,9,Y15-74,2026M4G1,2013-04-01,12.629847,,,,,,,,,,,,
IT1:151_874(1.0),M,IT,UNEM_R,N,9,Y15-74,2026M4G30,2013-04-01,12.629847,,,,,,,,,,,,
IT1:151_874(1.0),M,IT,UNEM_R,N,9,Y15-74,2022M11G3,2013-05-01,12.357224,,,,,,,,,,,,
IT1:151_874(1.0),M,IT,UNEM_R,N,9,Y15-74,2022M12G1,2013-05-01,12.357224,,,,,,,,,,,,
IT1:151_874(1.0),M,IT,UNEM_R,N,9,Y15-74,2022M2G1,2013-05-01,12.357224,,,,,,,,,,,,
IT1:151_874(1.0),M,IT,UNEM_R,N,9,Y15-74,2022M3G3,2013-05-01,12.357224,,,,,,,,,,,,
IT1:151_874(1.0),M,IT,UNEM_R,N,9,Y15-74,2022M3G31,2013-05-01,12.357224,,,,,,,,,,,,
IT1:151_874(1.0),M,IT,UNEM_R,N,9,Y15-74,2022M5G2,2013-05-01,12.357224,,,,,,,,,,,,
IT1:151_874(1.0),M,IT,UNEM_R,N,9,Y15-74,2022M6G1,2013-05-01,12.357224,,,,,,,,,,,,
IT1:151_874(1.0),M,IT,UNEM_R,N,9,Y15-74,2022M6G30,2013-05-01,12.357224,,,,,,,,,,,,
IT1:151_874(1.0),M,IT,UNEM_R,N,9,Y15-74,2022M8G1,2013-05-01,12.357224,,,,,,,,,,,,
IT1:151_874(1.0),M,IT,UNEM_R,N,9,Y15-74,2022M9G1,2013-05-01,12.357224,,,,,,,,,,,,
IT1:151_874(1.0),M,IT,UNEM_R,N,9,Y15-74,2022M9G30,2013-05-01,12.357224,,,,,,,,,,,,
IT1:151_874(1.0),M,IT,UNEM_R,N,9,Y15-74,2023M10G2,2013-05-01,12.357224,,,,,,,,,,,,
IT1:151_874(1.0),M,IT,UNEM_R,N,9,Y15-74,2023M11G3,2013-05-01,12.357224,,,,,,,,,,,,
IT1:151_874(1.0),M,IT,UNEM_R,N,9,Y15-74,2023M11G30,2013-05-01,12.357224,,,,,,,,,,,,
IT1:151_874(1.0),M,IT,UNEM_R,N,9,Y15-74,2023M1G31,2013-05-01,12.357224,,,,,,,,,,,,
IT1:151_874(1.0),M,IT,UNEM_R,N,9,Y15-74,2023M1G9,2013-05-01,12.357224,,,,,,,,,,,,
IT1:151_874(1.0),M,IT,UNEM_R,N,9,Y15-74,2023M3G2,2013-05-01,12.357224,,,,,,,,,,,,
IT1:151_874(1.0),M,IT,UNEM_R,N,9,Y15-74,2023M3G30,2013-05-01,12.357224,,,,,,,,,,,,
IT1:151_874(1.0),M,IT,UNEM_R,N,9,Y15-74,2023M5G3,2013-05-01,12.357224,,,,,,,,,,,,
IT1:151_874(1.0),M,IT,UNEM_R,N,9,Y15-74,2023M6G1,2013-05-01,12.357224,,,,,,,,,,,,
IT1:151_874(1.0),M,IT,UNEM_R,N,9,Y15-74,2023M6G30,2013-05-01,12.357224,,,,,,,,,,,,
IT1:151_874(1.0),M,IT,UNEM_R,N,9,Y15-74,2023M8G1,2013-05-01,12.357224,,,,,,,,,,,,
IT1:151_874(1.0),M,IT,UNEM_R,N,9,Y15-74,2023M8G31,2013-05-01,12.357224,,,,,,,,,,,,
IT1:151_874(1.0),M,IT,UNEM_R,N,9,Y15-74,2024M10G2,2013-05-01,12.357224,,,,,,,,,,,,
IT1:151_874(1.0),M,IT,UNEM_R,N,9,Y15-74,2024M10G31,2013-05-01,12.357224,,,,,,,,,,,,
IT1:151_874(1.0),M,IT,UNEM_R,N,9,Y15-74,2024M12G2,2013-05-01,12.357224,,,,,,,,,,,,
IT1:151_874(1.0),M,IT,UNEM_R,N,9,Y15-74,2024M1G31,2013-05-01,12.357224,,,,,,,,,,,,
IT1:151_874(1.0),M,IT,UNEM_R,N,9,Y15-74,2024M1G9,2013-05-01,12.357224,,,,,,,,,,,,
IT1:151_874(1.0),M,IT,UNEM_R,N,9,Y15-74,2024M3G1,2013-05-01,12.357224,,,,,,,,,,,,
IT1:151_874(1.0),M,IT,UNEM_R,N,9,Y15-74,2024M4G3,2013-05-01,12.357224,,,,,,,,,,,,
IT1:151_874(1.0),M,IT,UNEM_R,N,9,Y15-74,2024M5G3,2013-05-01,12.357224,,,,,,,,,,,,
IT1:151_874(1.0),M,IT,UNEM_R,N,9,Y15-74,2024M5G30,2013-05-01,12.357224,,,,,,,,,,,,
IT1:151_874(1.0),M,IT,UNEM_R,N,9,Y15-74,2024M7G2,2013-05-01,12.357224,,,,,,,,,,,,
IT1:151_874(1.0),M,IT,UNEM_R,N,9,Y15-74,2024M8G1,2013-05-01,12.357224,,,,,,,,,,,,
IT1:151_874(1.0),M,IT,UNEM_R,N,9,Y15-74,2024M8G30,2013-05-01,12.357224,,,,,,,,,,,,
IT1:151_874(1.0),M,IT,UNEM_R,N,9,Y15-74,2025M10G2,2013-05-01,12.357224,,,,,,,,,,,,
IT1:151_874(1.0),M,IT,UNEM_R,N,9,Y15-74,2025M10G30,2013-05-01,12.357224,,,,,,,,,,,,
IT1:151_874(1.0),M,IT,UNEM_R,N,9,Y15-74,2025M12G2,2013-05-01,12.357224,,,,,,,,,,,,
IT1:151_874(1.0),M,IT,UNEM_R,N,9,Y15-74,2025M1G30,2013-05-01,12.357224,,,,,,,,,,,,
IT1:151_874(1.0),M,IT,UNEM_R,N,9,Y15-74,2025M1G7,2013-05-01,12.357224,,,,,,,,,,,,
IT1:151_874(1.0),M,IT,UNEM_R,N,9,Y15-74,2025M3G4,2013-05-01,12.357224,,,,,,,,,,,,
IT1:151_874(1.0),M,IT,UNEM_R,N,9,Y15-74,2025M4G1,2013-05-01,12.357224,,,,,,,,,,,,
IT1:151_874(1.0),M,IT,UNEM_R,N,9,Y15-74,2025M5G2,2013-05-01,12.357224,,,,,,,,,,,,
IT1:151_874(1.0),M,IT,UNEM_R,N,9,Y15-74,2025M6G3,2013-05-01,12.357224,,,,,,,,,,,,
IT1:151_874(1.0),M,IT,UNEM_R,N,9,Y15-74,2025M7G2,2013-05-01,12.357224,,,,,,,,,,,,
IT1:151_874(1.0),M,IT,UNEM_R,N,9,Y15-74,2025M7G31,2013-05-01,12.357224,,,,,,,,,,,,
IT1:151_874(1.0),M,IT,UNEM_R,N,9,Y15-74,2025M9G1,2013-05-01,12.357224,,,,,,,,,,,,
IT1:151_874(1.0),M,IT,UNEM_R,N,9,Y15-74,2026M1G30,2013-05-01,12.357224,,,,,,,,,,,,
IT1:151_874(1.0),M,IT,UNEM_R,N,9,Y15-74,2026M1G8,2013-05-01,12.357224,,,,,,,,,,,,
IT1:151_874(1.0),M,IT,UNEM_R,N,9,Y15-74,2026M3G4,2013-05-01,12.357224,,,,,,,,,,,,
IT1:151_874(1.0),M,IT,UNEM_R,N,9,Y15-74,2026M4G1,2013-05-01,12.357224,,,,,,,,,,,,
IT1:151_874(1.0),M,IT,UNEM_R,N,9,Y15-74,2026M4G30,2013-05-01,12.357224,,,,,,,,,,,,
IT1:151_874(1.0),M,IT,UNEM_R,N,9,Y15-74,2022M11G3,2013-06-01,11.682296,,,,,,,,,,,,
IT1:151_874(1.0),M,IT,UNEM_R,N,9,Y15-74,2022M12G1,2013-06-01,11.682296,,,,,,,,,,,,
IT1:151_874(1.0),M,IT,UNEM_R,N,9,Y15-74,2022M2G1,2013-06-01,11.682296,,,,,,,,,,,,
IT1:151_874(1.0),M,IT,UNEM_R,N,9,Y15-74,2022M3G3,2013-06-01,11.682296,,,,,,,,,,,,
IT1:151_874(1.0),M,IT,UNEM_R,N,9,Y15-74,2022M3G31,2013-06-01,11.682296,,,,,,,,,,,,
IT1:151_874(1.0),M,IT,UNEM_R,N,9,Y15-74,2022M5G2,2013-06-01,11.682296,,,,,,,,,,,,
IT1:151_874(1.0),M,IT,UNEM_R,N,9,Y15-74,2022M6G1,2013-06-01,11.682296,,,,,,,,,,,,
IT1:151_874(1.0),M,IT,UNEM_R,N,9,Y15-74,2022M6G30,2013-06-01,11.682296,,,,,,,,,,,,
IT1:151_874(1.0),M,IT,UNEM_R,N,9,Y15-74,2022M8G1,2013-06-01,11.682296,,,,,,,,,,,,
IT1:151_874(1.0),M,IT,UNEM_R,N,9,Y15-74,2022M9G1,2013-06-01,11.682296,,,,,,,,,,,,
IT1:151_874(1.0),M,IT,UNEM_R,N,9,Y15-74,2022M9G30,2013-06-01,11.682296,,,,,,,,,,,,
IT1:151_874(1.0),M,IT,UNEM_R,N,9,Y15-74,2023M10G2,2013-06-01,11.682296,,,,,,,,,,,,
IT1:151_874(1.0),M,IT,UNEM_R,N,9,Y15-74,2023M11G3,2013-06-01,11.682296,,,,,,,,,,,,
IT1:151_874(1.0),M,IT,UNEM_R,N,9,Y15-74,2023M11G30,2013-06-01,11.682296,,,,,,,,,,,,
IT1:151_874(1.0),M,IT,UNEM_R,N,9,Y15-74,2023M1G31,2013-06-01,11.682296,,,,,,,,,,,,
IT1:151_874(1.0),M,IT,UNEM_R,N,9,Y15-74,2023M1G9,2013-06-01,11.682296,,,,,,,,,,,,
IT1:151_874(1.0),M,IT,UNEM_R,N,9,Y15-74,2023M3G2,2013-06-01,11.682296,,,,,,,,,,,,
IT1:151_874(1.0),M,IT,UNEM_R,N,9,Y15-74,2023M3G30,2013-06-01,11.682296,,,,,,,,,,,,
IT1:151_874(1.0),M,IT,UNEM_R,N,9,Y15-74,2023M5G3,2013-06-01,11.682296,,,,,,,,,,,,
IT1:151_874(1.0),M,IT,UNEM_R,N,9,Y15-74,2023M6G1,2013-06-01,11.682296,,,,,,,,,,,,
IT1:151_874(1.0),M,IT,UNEM_R,N,9,Y15-74,2023M6G30,2013-06-01,11.682296,,,,,,,,,,,,
IT1:151_874(1.0),M,IT,UNEM_R,N,9,Y15-74,2023M8G1,2013-06-01,11.682296,,,,,,,,,,,,
IT1:151_874(1.0),M,IT,UNEM_R,N,9,Y15-74,2023M8G31,2013-06-01,11.682296,,,,,,,,,,,,
IT1:151_874(1.0),M,IT,UNEM_R,N,9,Y15-74,2024M10G2,2013-06-01,11.682296,,,,,,,,,,,,
IT1:151_874(1.0),M,IT,UNEM_R,N,9,Y15-74,2024M10G31,2013-06-01,11.682296,,,,,,,,,,,,
IT1:151_874(1.0),M,IT,UNEM_R,N,9,Y15-74,2024M12G2,2013-06-01,11.682296,,,,,,,,,,,,
IT1:151_874(1.0),M,IT,UNEM_R,N,9,Y15-74,2024M1G31,2013-06-01,11.682296,,,,,,,,,,,,
IT1:151_874(1.0),M,IT,UNEM_R,N,9,Y15-74,2024M1G9,2013-06-01,11.682296,,,,,,,,,,,,
IT1:151_874(1.0),M,IT,UNEM_R,N,9,Y15-74,2024M3G1,2013-06-01,11.682296,,,,,,,,,,,,
IT1:151_874(1.0),M,IT,UNEM_R,N,9,Y15-74,2024M4G3,2013-06-01,11.682296,,,,,,,,,,,,
IT1:151_874(1.0),M,IT,UNEM_R,N,9,Y15-74,2024M5G3,2013-06-01,11.682296,,,,,,,,,,,,
IT1:151_874(1.0),M,IT,UNEM_R,N,9,Y15-74,2024M5G30,2013-06-01,11.682296,,,,,,,,,,,,
IT1:151_874(1.0),M,IT,UNEM_R,N,9,Y15-74,2024M7G2,2013-06-01,11.682296,,,,,,,,,,,,
IT1:151_874(1.0),M,IT,UNEM_R,N,9,Y15-74,2024M8G1,2013-06-01,11.682296,,,,,,,,,,,,
IT1:151_874(1.0),M,IT,UNEM_R,N,9,Y15-74,2024M8G30,2013-06-01,11.682296,,,,,,,,,,,,
IT1:151_874(1.0),M,IT,UNEM_R,N,9,Y15-74,2025M10G2,2013-06-01,11.682296,,,,,,,,,,,,
IT1:151_874(1.0),M,IT,UNEM_R,N,9,Y15-74,2025M10G30,2013-06-01,11.682296,,,,,,,,,,,,
IT1:151_874(1.0),M,IT,UNEM_R,N,9,Y15-74,2025M12G2,2013-06-01,11.682296,,,,,,,,,,,,
IT1:151_874(1.0),M,IT,UNEM_R,N,9,Y15-74,2025M1G30,2013-06-01,11.682296,,,,,,,,,,,,
IT1:151_874(1.0),M,IT,UNEM_R,N,9,Y15-74,2025M1G7,2013-06-01,11.682296,,,,,,,,,,,,
IT1:151_874(1.0),M,IT,UNEM_R,N,9,Y15-74,2025M3G4,2013-06-01,11.682296,,,,,,,,,,,,
IT1:151_874(1.0),M,IT,UNEM_R,N,9,Y15-74,2025M4G1,2013-06-01,11.682296,,,,,,,,,,,,
IT1:151_874(1.0),M,IT,UNEM_R,N,9,Y15-74,2025M5G2,2013-06-01,11.682296,,,,,,,,,,,,
IT1:151_874(1.0),M,IT,UNEM_R,N,9,Y15-74,2025M6G3,2013-06-01,11.682296,,,,,,,,,,,,
IT1:151_874(1.0),M,IT,UNEM_R,N,9,Y15-74,2025M7G2,2013-06-01,11.682296,,,,,,,,,,,,
IT1:151_874(1.0),M,IT,UNEM_R,N,9,Y15-74,2025M7G31,2013-06-01,11.682296,,,,,,,,,,,,
IT1:151_874(1.0),M,IT,UNEM_R,N,9,Y15-74,2025M9G1,2013-06-01,11.682296,,,,,,,,,,,,
IT1:151_874(1.0),M,IT,UNEM_R,N,9,Y15-74,2026M1G30,2013-06-01,11.682296,,,,,,,,,,,,
IT1:151_874(1.0),M,IT,UNEM_R,N,9,Y15-74,2026M1G8,2013-06-01,11.682296,,,,,,,,,,,,
IT1:151_874(1.0),M,IT,UNEM_R,N,9,Y15-74,2026M3G4,2013-06-01,11.682296,,,,,,,,,,,,
IT1:151_874(1.0),M,IT,UNEM_R,N,9,Y15-74,2026M4G1,2013-06-01,11.682296,,,,,,,,,,,,
IT1:151_874(1.0),M,IT,UNEM_R,N,9,Y15-74,2026M4G30,2013-06-01,11.682296,,,,,,,,,,,,
IT1:151_874(1.0),M,IT,UNEM_R,N,9,Y15-74,2022M11G3,2013-07-01,11.114115,,,,,,,,,,,,
IT1:151_874(1.0),M,IT,UNEM_R,N,9,Y15-74,2022M12G1,2013-07-01,11.114115,,,,,,,,,,,,
IT1:151_874(1.0),M,IT,UNEM_R,N,9,Y15-74,2022M2G1,2013-07-01,11.114115,,,,,,,,,,,,
IT1:151_874(1.0),M,IT,UNEM_R,N,9,Y15-74,2022M3G3,2013-07-01,11.114115,,,,,,,,,,,,
IT1:151_874(1.0),M,IT,UNEM_R,N,9,Y15-74,2022M3G31,2013-07-01,11.114115,,,,,,,,,,,,
IT1:151_874(1.0),M,IT,UNEM_R,N,9,Y15-74,2022M5G2,2013-07-01,11.114115,,,,,,,,,,,,
IT1:151_874(1.0),M,IT,UNEM_R,N,9,Y15-74,2022M6G1,2013-07-01,11.114115,,,,,,,,,,,,
IT1:151_874(1.0),M,IT,UNEM_R,N,9,Y15-74,2022M6G30,2013-07-01,11.114115,,,,,,,,,,,,
IT1:151_874(1.0),M,IT,UNEM_R,N,9,Y15-74,2022M8G1,2013-07-01,11.114115,,,,,,,,,,,,
IT1:151_874(1.0),M,IT,UNEM_R,N,9,Y15-74,2022M9G1,2013-07-01,11.114115,,,,,,,,,,,,
IT1:151_874(1.0),M,IT,UNEM_R,N,9,Y15-74,2022M9G30,2013-07-01,11.114115,,,,,,,,,,,,
IT1:151_874(1.0),M,IT,UNEM_R,N,9,Y15-74,2023M10G2,2013-07-01,11.114115,,,,,,,,,,,,
IT1:151_874(1.0),M,IT,UNEM_R,N,9,Y15-74,2023M11G3,2013-07-01,11.114115,,,,,,,,,,,,
IT1:151_874(1.0),M,IT,UNEM_R,N,9,Y15-74,2023M11G30,2013-07-01,11.114115,,,,,,,,,,,,
IT1:151_874(1.0),M,IT,UNEM_R,N,9,Y15-74,2023M1G31,2013-07-01,11.114115,,,,,,,,,,,,
IT1:151_874(1.0),M,IT,UNEM_R,N,9,Y15-74,2023M1G9,2013-07-01,11.114115,,,,,,,,,,,,
IT1:151_874(1.0),M,IT,UNEM_R,N,9,Y15-74,2023M3G2,2013-07-01,11.114115,,,,,,,,,,,,
IT1:151_874(1.0),M,IT,UNEM_R,N,9,Y15-74,2023M3G30,2013-07-01,11.114115,,,,,,,,,,,,
IT1:151_874(1.0),M,IT,UNEM_R,N,9,Y15-74,2023M5G3,2013-07-01,11.114115,,,,,,,,,,,,
IT1:151_874(1.0),M,IT,UNEM_R,N,9,Y15-74,2023M6G1,2013-07-01,11.114115,,,,,,,,,,,,
IT1:151_874(1.0),M,IT,UNEM_R,N,9,Y15-74,2023M6G30,2013-07-01,11.114115,,,,,,,,,,,,
IT1:151_874(1.0),M,IT,UNEM_R,N,9,Y15-74,2023M8G1,2013-07-01,11.114115,,,,,,,,,,,,
IT1:151_874(1.0),M,IT,UNEM_R,N,9,Y15-74,2023M8G31,2013-07-01,11.114115,,,,,,,,,,,,
IT1:151_874(1.0),M,IT,UNEM_R,N,9,Y15-74,2024M10G2,2013-07-01,11.114115,,,,,,,,,,,,
IT1:151_874(1.0),M,IT,UNEM_R,N,9,Y15-74,2024M10G31,2013-07-01,11.114115,,,,,,,,,,,,
IT1:151_874(1.0),M,IT,UNEM_R,N,9,Y15-74,2024M12G2,2013-07-01,11.114115,,,,,,,,,,,,
IT1:151_874(1.0),M,IT,UNEM_R,N,9,Y15-74,2024M1G31,2013-07-01,11.114115,,,,,,,,,,,,
IT1:151_874(1.0),M,IT,UNEM_R,N,9,Y15-74,2024M1G9,2013-07-01,11.114115,,,,,,,,,,,,
IT1:151_874(1.0),M,IT,UNEM_R,N,9,Y15-74,2024M3G1,2013-07-01,11.114115,,,,,,,,,,,,
IT1:151_874(1.0),M,IT,UNEM_R,N,9,Y15-74,2024M4G3,2013-07-01,11.114115,,,,,,,,,,,,
IT1:151_874(1.0),M,IT,UNEM_R,N,9,Y15-74,2024M5G3,2013-07-01,11.114115,,,,,,,,,,,,
IT1:151_874(1.0),M,IT,UNEM_R,N,9,Y15-74,2024M5G30,2013-07-01,11.114115,,,,,,,,,,,,
IT1:151_874(1.0),M,IT,UNEM_R,N,9,Y15-74,2024M7G2,2013-07-01,11.114115,,,,,,,,,,,,
IT1:151_874(1.0),M,IT,UNEM_R,N,9,Y15-74,2024M8G1,2013-07-01,11.114115,,,,,,,,,,,,
IT1:151_874(1.0),M,IT,UNEM_R,N,9,Y15-74,2024M8G30,2013-07-01,11.114115,,,,,,,,,,,,
IT1:151_874(1.0),M,IT,UNEM_R,N,9,Y15-74,2025M10G2,2013-07-01,11.114115,,,,,,,,,,,,
IT1:151_874(1.0),M,IT,UNEM_R,N,9,Y15-74,2025M10G30,2013-07-01,11.114115,,,,,,,,,,,,
IT1:151_874(1.0),M,IT,UNEM_R,N,9,Y15-74,2025M12G2,2013-07-01,11.114115,,,,,,,,,,,,
IT1:151_874(1.0),M,IT,UNEM_R,N,9,Y15-74,2025M1G30,2013-07-01,11.114115,,,,,,,,,,,,
IT1:151_874(1.0),M,IT,UNEM_R,N,9,Y15-74,2025M1G7,2013-07-01,11.114115,,,,,,,,,,,,
IT1:151_874(1.0),M,IT,UNEM_R,N,9,Y15-74,2025M3G4,2013-07-01,11.114115,,,,,,,,,,,,
IT1:151_874(1.0),M,IT,UNEM_R,N,9,Y15-74,2025M4G1,2013-07-01,11.114115,,,,,,,,,,,,
IT1:151_874(1.0),M,IT,UNEM_R,N,9,Y15-74,2025M5G2,2013-07-01,11.114115,,,,,,,,,,,,
IT1:151_874(1.0),M,IT,UNEM_R,N,9,Y15-74,2025M6G3,2013-07-01,11.114115,,,,,,,,,,,,
IT1:151_874(1.0),M,IT,UNEM_R,N,9,Y15-74,2025M7G2,2013-07-01,11.114115,,,,,,,,,,,,
IT1:151_874(1.0),M,IT,UNEM_R,N,9,Y15-74,2025M7G31,2013-07-01,11.114115,,,,,,,,,,,,
IT1:151_874(1.0),M,IT,UNEM_R,N,9,Y15-74,2025M9G1,2013-07-01,11.114115,,,,,,,,,,,,
IT1:151_874(1.0),M,IT,UNEM_R,N,9,Y15-74,2026M1G30,2013-07-01,11.114115,,,,,,,,,,,,
IT1:151_874(1.0),M,IT,UNEM_R,N,9,Y15-74,2026M1G8,2013-07-01,11.114115,,,,,,,,,,,,
IT1:151_874(1.0),M,IT,UNEM_R,N,9,Y15-74,2026M3G4,2013-07-01,11.114115,,,,,,,,,,,,
IT1:151_874(1.0),M,IT,UNEM_R,N,9,Y15-74,2026M4G1,2013-07-01,11.114115,,,,,,,,,,,,
IT1:151_874(1.0),M,IT,UNEM_R,N,9,Y15-74,2026M4G30,2013-07-01,11.114115,,,,,,,,,,,,
IT1:151_874(1.0),M,IT,UNEM_R,N,9,Y15-74,2022M11G3,2013-08-01,10.99617,,,,,,,,,,,,
IT1:151_874(1.0),M,IT,UNEM_R,N,9,Y15-74,2022M12G1,2013-08-01,10.99617,,,,,,,,,,,,
IT1:151_874(1.0),M,IT,UNEM_R,N,9,Y15-74,2022M2G1,2013-08-01,10.99617,,,,,,,,,,,,
IT1:151_874(1.0),M,IT,UNEM_R,N,9,Y15-74,2022M3G3,2013-08-01,10.99617,,,,,,,,,,,,
IT1:151_874(1.0),M,IT,UNEM_R,N,9,Y15-74,2022M3G31,2013-08-01,10.99617,,,,,,,,,,,,
IT1:151_874(1.0),M,IT,UNEM_R,N,9,Y15-74,2022M5G2,2013-08-01,10.99617,,,,,,,,,,,,
IT1:151_874(1.0),M,IT,UNEM_R,N,9,Y15-74,2022M6G1,2013-08-01,10.99617,,,,,,,,,,,,
IT1:151_874(1.0),M,IT,UNEM_R,N,9,Y15-74,2022M6G30,2013-08-01,10.99617,,,,,,,,,,,,
IT1:151_874(1.0),M,IT,UNEM_R,N,9,Y15-74,2022M8G1,2013-08-01,10.99617,,,,,,,,,,,,
IT1:151_874(1.0),M,IT,UNEM_R,N,9,Y15-74,2022M9G1,2013-08-01,10.99617,,,,,,,,,,,,
IT1:151_874(1.0),M,IT,UNEM_R,N,9,Y15-74,2022M9G30,2013-08-01,10.99617,,,,,,,,,,,,
IT1:151_874(1.0),M,IT,UNEM_R,N,9,Y15-74,2023M10G2,2013-08-01,10.99617,,,,,,,,,,,,
IT1:151_874(1.0),M,IT,UNEM_R,N,9,Y15-74,2023M11G3,2013-08-01,10.99617,,,,,,,,,,,,
IT1:151_874(1.0),M,IT,UNEM_R,N,9,Y15-74,2023M11G30,2013-08-01,10.99617,,,,,,,,,,,,
IT1:151_874(1.0),M,IT,UNEM_R,N,9,Y15-74,2023M1G31,2013-08-01,10.99617,,,,,,,,,,,,
IT1:151_874(1.0),M,IT,UNEM_R,N,9,Y15-74,2023M1G9,2013-08-01,10.99617,,,,,,,,,,,,
IT1:151_874(1.0),M,IT,UNEM_R,N,9,Y15-74,2023M3G2,2013-08-01,10.99617,,,,,,,,,,,,
IT1:151_874(1.0),M,IT,UNEM_R,N,9,Y15-74,2023M3G30,2013-08-01,10.99617,,,,,,,,,,,,
IT1:151_874(1.0),M,IT,UNEM_R,N,9,Y15-74,2023M5G3,2013-08-01,10.99617,,,,,,,,,,,,
IT1:151_874(1.0),M,IT,UNEM_R,N,9,Y15-74,2023M6G1,2013-08-01,10.99617,,,,,,,,,,,,
IT1:151_874(1.0),M,IT,UNEM_R,N,9,Y15-74,2023M6G30,2013-08-01,10.99617,,,,,,,,,,,,
IT1:151_874(1.0),M,IT,UNEM_R,N,9,Y15-74,2023M8G1,2013-08-01,10.99617,,,,,,,,,,,,
IT1:151_874(1.0),M,IT,UNEM_R,N,9,Y15-74,2023M8G31,2013-08-01,10.99617,,,,,,,,,,,,
IT1:151_874(1.0),M,IT,UNEM_R,N,9,Y15-74,2024M10G2,2013-08-01,10.99617,,,,,,,,,,,,
IT1:151_874(1.0),M,IT,UNEM_R,N,9,Y15-74,2024M10G31,2013-08-01,10.99617,,,,,,,,,,,,
IT1:151_874(1.0),M,IT,UNEM_R,N,9,Y15-74,2024M12G2,2013-08-01,10.99617,,,,,,,,,,,,
IT1:151_874(1.0),M,IT,UNEM_R,N,9,Y15-74,2024M1G31,2013-08-01,10.99617,,,,,,,,,,,,
IT1:151_874(1.0),M,IT,UNEM_R,N,9,Y15-74,2024M1G9,2013-08-01,10.99617,,,,,,,,,,,,
IT1:151_874(1.0),M,IT,UNEM_R,N,9,Y15-74,2024M3G1,2013-08-01,10.99617,,,,,,,,,,,,
IT1:151_874(1.0),M,IT,UNEM_R,N,9,Y15-74,2024M4G3,2013-08-01,10.99617,,,,,,,,,,,,
IT1:151_874(1.0),M,IT,UNEM_R,N,9,Y15-74,2024M5G3,2013-08-01,10.99617,,,,,,,,,,,,
IT1:151_874(1.0),M,IT,UNEM_R,N,9,Y15-74,2024M5G30,2013-08-01,10.99617,,,,,,,,,,,,
IT1:151_874(1.0),M,IT,UNEM_R,N,9,Y15-74,2024M7G2,2013-08-01,10.99617,,,,,,,,,,,,
IT1:151_874(1.0),M,IT,UNEM_R,N,9,Y15-74,2024M8G1,2013-08-01,10.99617,,,,,,,,,,,,
IT1:151_874(1.0),M,IT,UNEM_R,N,9,Y15-74,2024M8G30,2013-08-01,10.99617,,,,,,,,,,,,
IT1:151_874(1.0),M,IT,UNEM_R,N,9,Y15-74,2025M10G2,2013-08-01,10.99617,,,,,,,,,,,,
IT1:151_874(1.0),M,IT,UNEM_R,N,9,Y15-74,2025M10G30,2013-08-01,10.99617,,,,,,,,,,,,
IT1:151_874(1.0),M,IT,UNEM_R,N,9,Y15-74,2025M12G2,2013-08-01,10.99617,,,,,,,,,,,,
IT1:151_874(1.0),M,IT,UNEM_R,N,9,Y15-74,2025M1G30,2013-08-01,10.99617,,,,,,,,,,,,
IT1:151_874(1.0),M,IT,UNEM_R,N,9,Y15-74,2025M1G7,2013-08-01,10.99617,,,,,,,,,,,,
IT1:151_874(1.0),M,IT,UNEM_R,N,9,Y15-74,2025M3G4,2013-08-01,10.99617,,,,,,,,,,,,
IT1:151_874(1.0),M,IT,UNEM_R,N,9,Y15-74,2025M4G1,2013-08-01,10.99617,,,,,,,,,,,,
IT1:151_874(1.0),M,IT,UNEM_R,N,9,Y15-74,2025M5G2,2013-08-01,10.99617,,,,,,,,,,,,
IT1:151_874(1.0),M,IT,UNEM_R,N,9,Y15-74,2025M6G3,2013-08-01,10.99617,,,,,,,,,,,,
IT1:151_874(1.0),M,IT,UNEM_R,N,9,Y15-74,2025M7G2,2013-08-01,10.99617,,,,,,,,,,,,
IT1:151_874(1.0),M,IT,UNEM_R,N,9,Y15-74,2025M7G31,2013-08-01,10.99617,,,,,,,,,,,,
IT1:151_874(1.0),M,IT,UNEM_R,N,9,Y15-74,2025M9G1,2013-08-01,10.99617,,,,,,,,,,,,
IT1:151_874(1.0),M,IT,UNEM_R,N,9,Y15-74,2026M1G30,2013-08-01,10.99617,,,,,,,,,,,,
IT1:151_874(1.0),M,IT,UNEM_R,N,9,Y15-74,2026M1G8,2013-08-01,10.99617,,,,,,,,,,,,
IT1:151_874(1.0),M,IT,UNEM_R,N,9,Y15-74,2026M3G4,2013-08-01,10.99617,,,,,,,,,,,,
IT1:151_874(1.0),M,IT,UNEM_R,N,9,Y15-74,2026M4G1,2013-08-01,10.99617,,,,,,,,,,,,
IT1:151_874(1.0),M,IT,UNEM_R,N,9,Y15-74,2026M4G30,2013-08-01,10.99617,,,,,,,,,,,,
IT1:151_874(1.0),M,IT,UNEM_R,N,9,Y15-74,2022M11G3,2013-09-01,12.290935,,,,,,,,,,,,
IT1:151_874(1.0),M,IT,UNEM_R,N,9,Y15-74,2022M12G1,2013-09-01,12.290935,,,,,,,,,,,,
IT1:151_874(1.0),M,IT,UNEM_R,N,9,Y15-74,2022M2G1,2013-09-01,12.290935,,,,,,,,,,,,
IT1:151_874(1.0),M,IT,UNEM_R,N,9,Y15-74,2022M3G3,2013-09-01,12.290935,,,,,,,,,,,,
IT1:151_874(1.0),M,IT,UNEM_R,N,9,Y15-74,2022M3G31,2013-09-01,12.290935,,,,,,,,,,,,
IT1:151_874(1.0),M,IT,UNEM_R,N,9,Y15-74,2022M5G2,2013-09-01,12.290935,,,,,,,,,,,,
IT1:151_874(1.0),M,IT,UNEM_R,N,9,Y15-74,2022M6G1,2013-09-01,12.290935,,,,,,,,,,,,
IT1:151_874(1.0),M,IT,UNEM_R,N,9,Y15-74,2022M6G30,2013-09-01,12.290935,,,,,,,,,,,,
IT1:151_874(1.0),M,IT,UNEM_R,N,9,Y15-74,2022M8G1,2013-09-01,12.290935,,,,,,,,,,,,
IT1:151_874(1.0),M,IT,UNEM_R,N,9,Y15-74,2022M9G1,2013-09-01,12.290935,,,,,,,,,,,,
IT1:151_874(1.0),M,IT,UNEM_R,N,9,Y15-74,2022M9G30,2013-09-01,12.290935,,,,,,,,,,,,
IT1:151_874(1.0),M,IT,UNEM_R,N,9,Y15-74,2023M10G2,2013-09-01,12.290935,,,,,,,,,,,,
IT1:151_874(1.0),M,IT,UNEM_R,N,9,Y15-74,2023M11G3,2013-09-01,12.290935,,,,,,,,,,,,
IT1:151_874(1.0),M,IT,UNEM_R,N,9,Y15-74,2023M11G30,2013-09-01,12.290935,,,,,,,,,,,,
IT1:151_874(1.0),M,IT,UNEM_R,N,9,Y15-74,2023M1G31,2013-09-01,12.290935,,,,,,,,,,,,
IT1:151_874(1.0),M,IT,UNEM_R,N,9,Y15-74,2023M1G9,2013-09-01,12.290935,,,,,,,,,,,,
IT1:151_874(1.0),M,IT,UNEM_R,N,9,Y15-74,2023M3G2,2013-09-01,12.290935,,,,,,,,,,,,
IT1:151_874(1.0),M,IT,UNEM_R,N,9,Y15-74,2023M3G30,2013-09-01,12.290935,,,,,,,,,,,,
IT1:151_874(1.0),M,IT,UNEM_R,N,9,Y15-74,2023M5G3,2013-09-01,12.290935,,,,,,,,,,,,
IT1:151_874(1.0),M,IT,UNEM_R,N,9,Y15-74,2023M6G1,2013-09-01,12.290935,,,,,,,,,,,,
IT1:151_874(1.0),M,IT,UNEM_R,N,9,Y15-74,2023M6G30,2013-09-01,12.290935,,,,,,,,,,,,
IT1:151_874(1.0),M,IT,UNEM_R,N,9,Y15-74,2023M8G1,2013-09-01,12.290935,,,,,,,,,,,,
IT1:151_874(1.0),M,IT,UNEM_R,N,9,Y15-74,2023M8G31,2013-09-01,12.290935,,,,,,,,,,,,
IT1:151_874(1.0),M,IT,UNEM_R,N,9,Y15-74,2024M10G2,2013-09-01,12.290935,,,,,,,,,,,,
IT1:151_874(1.0),M,IT,UNEM_R,N,9,Y15-74,2024M10G31,2013-09-01,12.290935,,,,,,,,,,,,
IT1:151_874(1.0),M,IT,UNEM_R,N,9,Y15-74,2024M12G2,2013-09-01,12.290935,,,,,,,,,,,,
IT1:151_874(1.0),M,IT,UNEM_R,N,9,Y15-74,2024M1G31,2013-09-01,12.290935,,,,,,,,,,,,
IT1:151_874(1.0),M,IT,UNEM_R,N,9,Y15-74,2024M1G9,2013-09-01,12.290935,,,,,,,,,,,,
IT1:151_874(1.0),M,IT,UNEM_R,N,9,Y15-74,2024M3G1,2013-09-01,12.290935,,,,,,,,,,,,
IT1:151_874(1.0),M,IT,UNEM_R,N,9,Y15-74,2024M4G3,2013-09-01,12.290935,,,,,,,,,,,,
IT1:151_874(1.0),M,IT,UNEM_R,N,9,Y15-74,2024M5G3,2013-09-01,12.290935,,,,,,,,,,,,
IT1:151_874(1.0),M,IT,UNEM_R,N,9,Y15-74,2024M5G30,2013-09-01,12.290935,,,,,,,,,,,,
IT1:151_874(1.0),M,IT,UNEM_R,N,9,Y15-74,2024M7G2,2013-09-01,12.290935,,,,,,,,,,,,
IT1:151_874(1.0),M,IT,UNEM_R,N,9,Y15-74,2024M8G1,2013-09-01,12.290935,,,,,,,,,,,,
IT1:151_874(1.0),M,IT,UNEM_R,N,9,Y15-74,2024M8G30,2013-09-01,12.290935,,,,,,,,,,,,
IT1:151_874(1.0),M,IT,UNEM_R,N,9,Y15-74,2025M10G2,2013-09-01,12.290935,,,,,,,,,,,,
IT1:151_874(1.0),M,IT,UNEM_R,N,9,Y15-74,2025M10G30,2013-09-01,12.290935,,,,,,,,,,,,
IT1:151_874(1.0),M,IT,UNEM_R,N,9,Y15-74,2025M12G2,2013-09-01,12.290935,,,,,,,,,,,,
IT1:151_874(1.0),M,IT,UNEM_R,N,9,Y15-74,2025M1G30,2013-09-01,12.290935,,,,,,,,,,,,
IT1:151_874(1.0),M,IT,UNEM_R,N,9,Y15-74,2025M1G7,2013-09-01,12.290935,,,,,,,,,,,,
IT1:151_874(1.0),M,IT,UNEM_R,N,9,Y15-74,2025M3G4,2013-09-01,12.290935,,,,,,,,,,,,
IT1:151_874(1.0),M,IT,UNEM_R,N,9,Y15-74,2025M4G1,2013-09-01,12.290935,,,,,,,,,,,,
IT1:151_874(1.0),M,IT,UNEM_R,N,9,Y15-74,2025M5G2,2013-09-01,12.290935,,,,,,,,,,,,
IT1:151_874(1.0),M,IT,UNEM_R,N,9,Y15-74,2025M6G3,2013-09-01,12.290935,,,,,,,,,,,,
IT1:151_874(1.0),M,IT,UNEM_R,N,9,Y15-74,2025M7G2,2013-09-01,12.290935,,,,,,,,,,,,
IT1:151_874(1.0),M,IT,UNEM_R,N,9,Y15-74,2025M7G31,2013-09-01,12.290935,,,,,,,,,,,,
IT1:151_874(1.0),M,IT,UNEM_R,N,9,Y15-74,2025M9G1,2013-09-01,12.290935,,,,,,,,,,,,
IT1:151_874(1.0),M,IT,UNEM_R,N,9,Y15-74,2026M1G30,2013-09-01,12.290935,,,,,,,,,,,,
IT1:151_874(1.0),M,IT,UNEM_R,N,9,Y15-74,2026M1G8,2013-09-01,12.290935,,,,,,,,,,,,
IT1:151_874(1.0),M,IT,UNEM_R,N,9,Y15-74,2026M3G4,2013-09-01,12.290935,,,,,,,,,,,,
IT1:151_874(1.0),M,IT,UNEM_R,N,9,Y15-74,2026M4G1,2013-09-01,12.290935,,,,,,,,,,,,
IT1:151_874(1.0),M,IT,UNEM_R,N,9,Y15-74,2026M4G30,2013-09-01,12.290935,,,,,,,,,,,,
IT1:151_874(1.0),M,IT,UNEM_R,N,9,Y15-74,2022M11G3,2013-10-01,12.949894,,,,,,,,,,,,
IT1:151_874(1.0),M,IT,UNEM_R,N,9,Y15-74,2022M12G1,2013-10-01,12.949894,,,,,,,,,,,,
IT1:151_874(1.0),M,IT,UNEM_R,N,9,Y15-74,2022M2G1,2013-10-01,12.949894,,,,,,,,,,,,
IT1:151_874(1.0),M,IT,UNEM_R,N,9,Y15-74,2022M3G3,2013-10-01,12.949894,,,,,,,,,,,,
IT1:151_874(1.0),M,IT,UNEM_R,N,9,Y15-74,2022M3G31,2013-10-01,12.949894,,,,,,,,,,,,
IT1:151_874(1.0),M,IT,UNEM_R,N,9,Y15-74,2022M5G2,2013-10-01,12.949894,,,,,,,,,,,,
IT1:151_874(1.0),M,IT,UNEM_R,N,9,Y15-74,2022M6G1,2013-10-01,12.949894,,,,,,,,,,,,
IT1:151_874(1.0),M,IT,UNEM_R,N,9,Y15-74,2022M6G30,2013-10-01,12.949894,,,,,,,,,,,,
IT1:151_874(1.0),M,IT,UNEM_R,N,9,Y15-74,2022M8G1,2013-10-01,12.949894,,,,,,,,,,,,
IT1:151_874(1.0),M,IT,UNEM_R,N,9,Y15-74,2022M9G1,2013-10-01,12.949894,,,,,,,,,,,,
IT1:151_874(1.0),M,IT,UNEM_R,N,9,Y15-74,2022M9G30,2013-10-01,12.949894,,,,,,,,,,,,
IT1:151_874(1.0),M,IT,UNEM_R,N,9,Y15-74,2023M10G2,2013-10-01,12.949894,,,,,,,,,,,,
IT1:151_874(1.0),M,IT,UNEM_R,N,9,Y15-74,2023M11G3,2013-10-01,12.949894,,,,,,,,,,,,
IT1:151_874(1.0),M,IT,UNEM_R,N,9,Y15-74,2023M11G30,2013-10-01,12.949894,,,,,,,,,,,,
IT1:151_874(1.0),M,IT,UNEM_R,N,9,Y15-74,2023M1G31,2013-10-01,12.949894,,,,,,,,,,,,
IT1:151_874(1.0),M,IT,UNEM_R,N,9,Y15-74,2023M1G9,2013-10-01,12.949894,,,,,,,,,,,,
IT1:151_874(1.0),M,IT,UNEM_R,N,9,Y15-74,2023M3G2,2013-10-01,12.949894,,,,,,,,,,,,
IT1:151_874(1.0),M,IT,UNEM_R,N,9,Y15-74,2023M3G30,2013-10-01,12.949894,,,,,,,,,,,,
IT1:151_874(1.0),M,IT,UNEM_R,N,9,Y15-74,2023M5G3,2013-10-01,12.949894,,,,,,,,,,,,
IT1:151_874(1.0),M,IT,UNEM_R,N,9,Y15-74,2023M6G1,2013-10-01,12.949894,,,,,,,,,,,,
IT1:151_874(1.0),M,IT,UNEM_R,N,9,Y15-74,2023M6G30,2013-10-01,12.949894,,,,,,,,,,,,
IT1:151_874(1.0),M,IT,UNEM_R,N,9,Y15-74,2023M8G1,2013-10-01,12.949894,,,,,,,,,,,,
IT1:151_874(1.0),M,IT,UNEM_R,N,9,Y15-74,2023M8G31,2013-10-01,12.949894,,,,,,,,,,,,
IT1:151_874(1.0),M,IT,UNEM_R,N,9,Y15-74,2024M10G2,2013-10-01,12.949894,,,,,,,,,,,,
IT1:151_874(1.0),M,IT,UNEM_R,N,9,Y15-74,2024M10G31,2013-10-01,12.949894,,,,,,,,,,,,
IT1:151_874(1.0),M,IT,UNEM_R,N,9,Y15-74,2024M12G2,2013-10-01,12.949894,,,,,,,,,,,,
IT1:151_874(1.0),M,IT,UNEM_R,N,9,Y15-74,2024M1G31,2013-10-01,12.949894,,,,,,,,,,,,
IT1:151_874(1.0),M,IT,UNEM_R,N,9,Y15-74,2024M1G9,2013-10-01,12.949894,,,,,,,,,,,,
IT1:151_874(1.0),M,IT,UNEM_R,N,9,Y15-74,2024M3G1,2013-10-01,12.949894,,,,,,,,,,,,
IT1:151_874(1.0),M,IT,UNEM_R,N,9,Y15-74,2024M4G3,2013-10-01,12.949894,,,,,,,,,,,,
IT1:151_874(1.0),M,IT,UNEM_R,N,9,Y15-74,2024M5G3,2013-10-01,12.949894,,,,,,,,,,,,
IT1:151_874(1.0),M,IT,UNEM_R,N,9,Y15-74,2024M5G30,2013-10-01,12.949894,,,,,,,,,,,,
IT1:151_874(1.0),M,IT,UNEM_R,N,9,Y15-74,2024M7G2,2013-10-01,12.949894,,,,,,,,,,,,
IT1:151_874(1.0),M,IT,UNEM_R,N,9,Y15-74,2024M8G1,2013-10-01,12.949894,,,,,,,,,,,,
IT1:151_874(1.0),M,IT,UNEM_R,N,9,Y15-74,2024M8G30,2013-10-01,12.949894,,,,,,,,,,,,
IT1:151_874(1.0),M,IT,UNEM_R,N,9,Y15-74,2025M10G2,2013-10-01,12.949894,,,,,,,,,,,,
IT1:151_874(1.0),M,IT,UNEM_R,N,9,Y15-74,2025M10G30,2013-10-01,12.949894,,,,,,,,,,,,
IT1:151_874(1.0),M,IT,UNEM_R,N,9,Y15-74,2025M12G2,2013-10-01,12.949894,,,,,,,,,,,,
IT1:151_874(1.0),M,IT,UNEM_R,N,9,Y15-74,2025M1G30,2013-10-01,12.949894,,,,,,,,,,,,
IT1:151_874(1.0),M,IT,UNEM_R,N,9,Y15-74,2025M1G7,2013-10-01,12.949894,,,,,,,,,,,,
IT1:151_874(1.0),M,IT,UNEM_R,N,9,Y15-74,2025M3G4,2013-10-01,12.949894,,,,,,,,,,,,
IT1:151_874(1.0),M,IT,UNEM_R,N,9,Y15-74,2025M4G1,2013-10-01,12.949894,,,,,,,,,,,,
IT1:151_874(1.0),M,IT,UNEM_R,N,9,Y15-74,2025M5G2,2013-10-01,12.949894,,,,,,,,,,,,
IT1:151_874(1.0),M,IT,UNEM_R,N,9,Y15-74,2025M6G3,2013-10-01,12.949894,,,,,,,,,,,,
IT1:151_874(1.0),M,IT,UNEM_R,N,9,Y15-74,2025M7G2,2013-10-01,12.949894,,,,,,,,,,,,
IT1:151_874(1.0),M,IT,UNEM_R,N,9,Y15-74,2025M7G31,2013-10-01,12.949894,,,,,,,,,,,,
IT1:151_874(1.0),M,IT,UNEM_R,N,9,Y15-74,2025M9G1,2013-10-01,12.949894,,,,,,,,,,,,
IT1:151_874(1.0),M,IT,UNEM_R,N,9,Y15-74,2026M1G30,2013-10-01,12.949894,,,,,,,,,,,,
IT1:151_874(1.0),M,IT,UNEM_R,N,9,Y15-74,2026M1G8,2013-10-01,12.949894,,,,,,,,,,,,
IT1:151_874(1.0),M,IT,UNEM_R,N,9,Y15-74,2026M3G4,2013-10-01,12.949894,,,,,,,,,,,,
IT1:151_874(1.0),M,IT,UNEM_R,N,9,Y15-74,2026M4G1,2013-10-01,12.949894,,,,,,,,,,,,
IT1:151_874(1.0),M,IT,UNEM_R,N,9,Y15-74,2026M4G30,2013-10-01,12.949894,,,,,,,,,,,,
IT1:151_874(1.0),M,IT,UNEM_R,N,9,Y15-74,2022M11G3,2013-11-01,13.207882,,,,,,,,,,,,
IT1:151_874(1.0),M,IT,UNEM_R,N,9,Y15-74,2022M12G1,2013-11-01,13.207882,,,,,,,,,,,,
IT1:151_874(1.0),M,IT,UNEM_R,N,9,Y15-74,2022M2G1,2013-11-01,13.207882,,,,,,,,,,,,
IT1:151_874(1.0),M,IT,UNEM_R,N,9,Y15-74,2022M3G3,2013-11-01,13.207882,,,,,,,,,,,,
IT1:151_874(1.0),M,IT,UNEM_R,N,9,Y15-74,2022M3G31,2013-11-01,13.207882,,,,,,,,,,,,
IT1:151_874(1.0),M,IT,UNEM_R,N,9,Y15-74,2022M5G2,2013-11-01,13.207882,,,,,,,,,,,,
IT1:151_874(1.0),M,IT,UNEM_R,N,9,Y15-74,2022M6G1,2013-11-01,13.207882,,,,,,,,,,,,
IT1:151_874(1.0),M,IT,UNEM_R,N,9,Y15-74,2022M6G30,2013-11-01,13.207882,,,,,,,,,,,,
IT1:151_874(1.0),M,IT,UNEM_R,N,9,Y15-74,2022M8G1,2013-11-01,13.207882,,,,,,,,,,,,
IT1:151_874(1.0),M,IT,UNEM_R,N,9,Y15-74,2022M9G1,2013-11-01,13.207882,,,,,,,,,,,,
IT1:151_874(1.0),M,IT,UNEM_R,N,9,Y15-74,2022M9G30,2013-11-01,13.207882,,,,,,,,,,,,
IT1:151_874(1.0),M,IT,UNEM_R,N,9,Y15-74,2023M10G2,2013-11-01,13.207882,,,,,,,,,,,,
IT1:151_874(1.0),M,IT,UNEM_R,N,9,Y15-74,2023M11G3,2013-11-01,13.207882,,,,,,,,,,,,
IT1:151_874(1.0),M,IT,UNEM_R,N,9,Y15-74,2023M11G30,2013-11-01,13.207882,,,,,,,,,,,,
IT1:151_874(1.0),M,IT,UNEM_R,N,9,Y15-74,2023M1G31,2013-11-01,13.207882,,,,,,,,,,,,
IT1:151_874(1.0),M,IT,UNEM_R,N,9,Y15-74,2023M1G9,2013-11-01,13.207882,,,,,,,,,,,,
IT1:151_874(1.0),M,IT,UNEM_R,N,9,Y15-74,2023M3G2,2013-11-01,13.207882,,,,,,,,,,,,
IT1:151_874(1.0),M,IT,UNEM_R,N,9,Y15-74,2023M3G30,2013-11-01,13.207882,,,,,,,,,,,,
IT1:151_874(1.0),M,IT,UNEM_R,N,9,Y15-74,2023M5G3,2013-11-01,13.207882,,,,,,,,,,,,
IT1:151_874(1.0),M,IT,UNEM_R,N,9,Y15-74,2023M6G1,2013-11-01,13.207882,,,,,,,,,,,,
IT1:151_874(1.0),M,IT,UNEM_R,N,9,Y15-74,2023M6G30,2013-11-01,13.207882,,,,,,,,,,,,
IT1:151_874(1.0),M,IT,UNEM_R,N,9,Y15-74,2023M8G1,2013-11-01,13.207882,,,,,,,,,,,,
IT1:151_874(1.0),M,IT,UNEM_R,N,9,Y15-74,2023M8G31,2013-11-01,13.207882,,,,,,,,,,,,
IT1:151_874(1.0),M,IT,UNEM_R,N,9,Y15-74,2024M10G2,2013-11-01,13.207882,,,,,,,,,,,,
IT1:151_874(1.0),M,IT,UNEM_R,N,9,Y15-74,2024M10G31,2013-11-01,13.207882,,,,,,,,,,,,
IT1:151_874(1.0),M,IT,UNEM_R,N,9,Y15-74,2024M12G2,2013-11-01,13.207882,,,,,,,,,,,,
IT1:151_874(1.0),M,IT,UNEM_R,N,9,Y15-74,2024M1G31,2013-11-01,13.207882,,,,,,,,,,,,
IT1:151_874(1.0),M,IT,UNEM_R,N,9,Y15-74,2024M1G9,2013-11-01,13.207882,,,,,,,,,,,,
IT1:151_874(1.0),M,IT,UNEM_R,N,9,Y15-74,2024M3G1,2013-11-01,13.207882,,,,,,,,,,,,
IT1:151_874(1.0),M,IT,UNEM_R,N,9,Y15-74,2024M4G3,2013-11-01,13.207882,,,,,,,,,,,,
IT1:151_874(1.0),M,IT,UNEM_R,N,9,Y15-74,2024M5G3,2013-11-01,13.207882,,,,,,,,,,,,
IT1:151_874(1.0),M,IT,UNEM_R,N,9,Y15-74,2024M5G30,2013-11-01,13.207882,,,,,,,,,,,,
IT1:151_874(1.0),M,IT,UNEM_R,N,9,Y15-74,2024M7G2,2013-11-01,13.207882,,,,,,,,,,,,
IT1:151_874(1.0),M,IT,UNEM_R,N,9,Y15-74,2024M8G1,2013-11-01,13.207882,,,,,,,,,,,,
IT1:151_874(1.0),M,IT,UNEM_R,N,9,Y15-74,2024M8G30,2013-11-01,13.207882,,,,,,,,,,,,
IT1:151_874(1.0),M,IT,UNEM_R,N,9,Y15-74,2025M10G2,2013-11-01,13.207882,,,,,,,,,,,,
IT1:151_874(1.0),M,IT,UNEM_R,N,9,Y15-74,2025M10G30,2013-11-01,13.207882,,,,,,,,,,,,
IT1:151_874(1.0),M,IT,UNEM_R,N,9,Y15-74,2025M12G2,2013-11-01,13.207882,,,,,,,,,,,,
IT1:151_874(1.0),M,IT,UNEM_R,N,9,Y15-74,2025M1G30,2013-11-01,13.207882,,,,,,,,,,,,
IT1:151_874(1.0),M,IT,UNEM_R,N,9,Y15-74,2025M1G7,2013-11-01,13.207882,,,,,,,,,,,,
IT1:151_874(1.0),M,IT,UNEM_R,N,9,Y15-74,2025M3G4,2013-11-01,13.207882,,,,,,,,,,,,
IT1:151_874(1.0),M,IT,UNEM_R,N,9,Y15-74,2025M4G1,2013-11-01,13.207882,,,,,,,,,,,,
IT1:151_874(1.0),M,IT,UNEM_R,N,9,Y15-74,2025M5G2,2013-11-01,13.207882,,,,,,,,,,,,
IT1:151_874(1.0),M,IT,UNEM_R,N,9,Y15-74,2025M6G3,2013-11-01,13.207882,,,,,,,,,,,,
IT1:151_874(1.0),M,IT,UNEM_R,N,9,Y15-74,2025M7G2,2013-11-01,13.207882,,,,,,,,,,,,
IT1:151_874(1.0),M,IT,UNEM_R,N,9,Y15-74,2025M7G31,2013-11-01,13.207882,,,,,,,,,,,,
IT1:151_874(1.0),M,IT,UNEM_R,N,9,Y15-74,2025M9G1,2013-11-01,13.207882,,,,,,,,,,,,
IT1:151_874(1.0),M,IT,UNEM_R,N,9,Y15-74,2026M1G30,2013-11-01,13.207882,,,,,,,,,,,,
IT1:151_874(1.0),M,IT,UNEM_R,N,9,Y15-74,2026M1G8,2013-11-01,13.207882,,,,,,,,,,,,
IT1:151_874(1.0),M,IT,UNEM_R,N,9,Y15-74,2026M3G4,2013-11-01,13.207882,,,,,,,,,,,,
IT1:151_874(1.0),M,IT,UNEM_R,N,9,Y15-74,2026M4G1,2013-11-01,13.207882,,,,,,,,,,,,
IT1:151_874(1.0),M,IT,UNEM_R,N,9,Y15-74,2026M4G30,2013-11-01,13.207882,,,,,,,,,,,,
IT1:151_874(1.0),M,IT,UNEM_R,N,9,Y15-74,2022M11G3,2013-12-01,12.294408,,,,,,,,,,,,
IT1:151_874(1.0),M,IT,UNEM_R,N,9,Y15-74,2022M12G1,2013-12-01,12.294408,,,,,,,,,,,,
IT1:151_874(1.0),M,IT,UNEM_R,N,9,Y15-74,2022M2G1,2013-12-01,12.294408,,,,,,,,,,,,
IT1:151_874(1.0),M,IT,UNEM_R,N,9,Y15-74,2022M3G3,2013-12-01,12.294408,,,,,,,,,,,,
IT1:151_874(1.0),M,IT,UNEM_R,N,9,Y15-74,2022M3G31,2013-12-01,12.294408,,,,,,,,,,,,
IT1:151_874(1.0),M,IT,UNEM_R,N,9,Y15-74,2022M5G2,2013-12-01,12.294408,,,,,,,,,,,,
IT1:151_874(1.0),M,IT,UNEM_R,N,9,Y15-74,2022M6G1,2013-12-01,12.294408,,,,,,,,,,,,
IT1:151_874(1.0),M,IT,UNEM_R,N,9,Y15-74,2022M6G30,2013-12-01,12.294408,,,,,,,,,,,,
IT1:151_874(1.0),M,IT,UNEM_R,N,9,Y15-74,2022M8G1,2013-12-01,12.294408,,,,,,,,,,,,
IT1:151_874(1.0),M,IT,UNEM_R,N,9,Y15-74,2022M9G1,2013-12-01,12.294408,,,,,,,,,,,,
IT1:151_874(1.0),M,IT,UNEM_R,N,9,Y15-74,2022M9G30,2013-12-01,12.294408,,,,,,,,,,,,
IT1:151_874(1.0),M,IT,UNEM_R,N,9,Y15-74,2023M10G2,2013-12-01,12.294408,,,,,,,,,,,,
IT1:151_874(1.0),M,IT,UNEM_R,N,9,Y15-74,2023M11G3,2013-12-01,12.294408,,,,,,,,,,,,
IT1:151_874(1.0),M,IT,UNEM_R,N,9,Y15-74,2023M11G30,2013-12-01,12.294408,,,,,,,,,,,,
IT1:151_874(1.0),M,IT,UNEM_R,N,9,Y15-74,2023M1G31,2013-12-01,12.294408,,,,,,,,,,,,
IT1:151_874(1.0),M,IT,UNEM_R,N,9,Y15-74,2023M1G9,2013-12-01,12.294408,,,,,,,,,,,,
IT1:151_874(1.0),M,IT,UNEM_R,N,9,Y15-74,2023M3G2,2013-12-01,12.294408,,,,,,,,,,,,
IT1:151_874(1.0),M,IT,UNEM_R,N,9,Y15-74,2023M3G30,2013-12-01,12.294408,,,,,,,,,,,,
IT1:151_874(1.0),M,IT,UNEM_R,N,9,Y15-74,2023M5G3,2013-12-01,12.294408,,,,,,,,,,,,
IT1:151_874(1.0),M,IT,UNEM_R,N,9,Y15-74,2023M6G1,2013-12-01,12.294408,,,,,,,,,,,,
IT1:151_874(1.0),M,IT,UNEM_R,N,9,Y15-74,2023M6G30,2013-12-01,12.294408,,,,,,,,,,,,
IT1:151_874(1.0),M,IT,UNEM_R,N,9,Y15-74,2023M8G1,2013-12-01,12.294408,,,,,,,,,,,,
IT1:151_874(1.0),M,IT,UNEM_R,N,9,Y15-74,2023M8G31,2013-12-01,12.294408,,,,,,,,,,,,
IT1:151_874(1.0),M,IT,UNEM_R,N,9,Y15-74,2024M10G2,2013-12-01,12.294408,,,,,,,,,,,,
IT1:151_874(1.0),M,IT,UNEM_R,N,9,Y15-74,2024M10G31,2013-12-01,12.294408,,,,,,,,,,,,
IT1:151_874(1.0),M,IT,UNEM_R,N,9,Y15-74,2024M12G2,2013-12-01,12.294408,,,,,,,,,,,,
IT1:151_874(1.0),M,IT,UNEM_R,N,9,Y15-74,2024M1G31,2013-12-01,12.294408,,,,,,,,,,,,
IT1:151_874(1.0),M,IT,UNEM_R,N,9,Y15-74,2024M1G9,2013-12-01,12.294408,,,,,,,,,,,,
IT1:151_874(1.0),M,IT,UNEM_R,N,9,Y15-74,2024M3G1,2013-12-01,12.294408,,,,,,,,,,,,
IT1:151_874(1.0),M,IT,UNEM_R,N,9,Y15-74,2024M4G3,2013-12-01,12.294408,,,,,,,,,,,,
IT1:151_874(1.0),M,IT,UNEM_R,N,9,Y15-74,2024M5G3,2013-12-01,12.294408,,,,,,,,,,,,
IT1:151_874(1.0),M,IT,UNEM_R,N,9,Y15-74,2024M5G30,2013-12-01,12.294408,,,,,,,,,,,,
IT1:151_874(1.0),M,IT,UNEM_R,N,9,Y15-74,2024M7G2,2013-12-01,12.294408,,,,,,,,,,,,
IT1:151_874(1.0),M,IT,UNEM_R,N,9,Y15-74,2024M8G1,2013-12-01,12.294408,,,,,,,,,,,,
IT1:151_874(1.0),M,IT,UNEM_R,N,9,Y15-74,2024M8G30,2013-12-01,12.294408,,,,,,,,,,,,
IT1:151_874(1.0),M,IT,UNEM_R,N,9,Y15-74,2025M10G2,2013-12-01,12.294408,,,,,,,,,,,,
IT1:151_874(1.0),M,IT,UNEM_R,N,9,Y15-74,2025M10G30,2013-12-01,12.294408,,,,,,,,,,,,
IT1:151_874(1.0),M,IT,UNEM_R,N,9,Y15-74,2025M12G2,2013-12-01,12.294408,,,,,,,,,,,,
IT1:151_874(1.0),M,IT,UNEM_R,N,9,Y15-74,2025M1G30,2013-12-01,12.294408,,,,,,,,,,,,
IT1:151_874(1.0),M,IT,UNEM_R,N,9,Y15-74,2025M1G7,2013-12-01,12.294408,,,,,,,,,,,,
IT1:151_874(1.0),M,IT,UNEM_R,N,9,Y15-74,2025M3G4,2013-12-01,12.294408,,,,,,,,,,,,
IT1:151_874(1.0),M,IT,UNEM_R,N,9,Y15-74,2025M4G1,2013-12-01,12.294408,,,,,,,,,,,,
IT1:151_874(1.0),M,IT,UNEM_R,N,9,Y15-74,2025M5G2,2013-12-01,12.294408,,,,,,,,,,,,
IT1:151_874(1.0),M,IT,UNEM_R,N,9,Y15-74,2025M6G3,2013-12-01,12.294408,,,,,,,,,,,,
IT1:151_874(1.0),M,IT,UNEM_R,N,9,Y15-74,2025M7G2,2013-12-01,12.294408,,,,,,,,,,,,
IT1:151_874(1.0),M,IT,UNEM_R,N,9,Y15-74,2025M7G31,2013-12-01,12.294408,,,,,,,,,,,,
IT1:151_874(1.0),M,IT,UNEM_R,N,9,Y15-74,2025M9G1,2013-12-01,12.294408,,,,,,,,,,,,
IT1:151_874(1.0),M,IT,UNEM_R,N,9,Y15-74,2026M1G30,2013-12-01,12.294408,,,,,,,,,,,,
IT1:151_874(1.0),M,IT,UNEM_R,N,9,Y15-74,2026M1G8,2013-12-01,12.294408,,,,,,,,,,,,
IT1:151_874(1.0),M,IT,UNEM_R,N,9,Y15-74,2026M3G4,2013-12-01,12.294408,,,,,,,,,,,,
IT1:151_874(1.0),M,IT,UNEM_R,N,9,Y15-74,2026M4G1,2013-12-01,12.294408,,,,,,,,,,,,
IT1:151_874(1.0),M,IT,UNEM_R,N,9,Y15-74,2026M4G30,2013-12-01,12.294408,,,,,,,,,,,,
IT1:151_874(1.0),M,IT,UNEM_R,N,9,Y15-74,2022M11G3,2014-01-01,13.95333,,,,,,,,,,,,
IT1:151_874(1.0),M,IT,UNEM_R,N,9,Y15-74,2022M12G1,2014-01-01,13.95333,,,,,,,,,,,,
IT1:151_874(1.0),M,IT,UNEM_R,N,9,Y15-74,2022M2G1,2014-01-01,13.95333,,,,,,,,,,,,
IT1:151_874(1.0),M,IT,UNEM_R,N,9,Y15-74,2022M3G3,2014-01-01,13.95333,,,,,,,,,,,,
IT1:151_874(1.0),M,IT,UNEM_R,N,9,Y15-74,2022M3G31,2014-01-01,13.95333,,,,,,,,,,,,
IT1:151_874(1.0),M,IT,UNEM_R,N,9,Y15-74,2022M5G2,2014-01-01,13.95333,,,,,,,,,,,,
IT1:151_874(1.0),M,IT,UNEM_R,N,9,Y15-74,2022M6G1,2014-01-01,13.95333,,,,,,,,,,,,
IT1:151_874(1.0),M,IT,UNEM_R,N,9,Y15-74,2022M6G30,2014-01-01,13.95333,,,,,,,,,,,,
IT1:151_874(1.0),M,IT,UNEM_R,N,9,Y15-74,2022M8G1,2014-01-01,13.95333,,,,,,,,,,,,
IT1:151_874(1.0),M,IT,UNEM_R,N,9,Y15-74,2022M9G1,2014-01-01,13.95333,,,,,,,,,,,,
IT1:151_874(1.0),M,IT,UNEM_R,N,9,Y15-74,2022M9G30,2014-01-01,13.95333,,,,,,,,,,,,
IT1:151_874(1.0),M,IT,UNEM_R,N,9,Y15-74,2023M10G2,2014-01-01,13.95333,,,,,,,,,,,,
IT1:151_874(1.0),M,IT,UNEM_R,N,9,Y15-74,2023M11G3,2014-01-01,13.95333,,,,,,,,,,,,
IT1:151_874(1.0),M,IT,UNEM_R,N,9,Y15-74,2023M11G30,2014-01-01,13.95333,,,,,,,,,,,,
IT1:151_874(1.0),M,IT,UNEM_R,N,9,Y15-74,2023M1G31,2014-01-01,13.95333,,,,,,,,,,,,
IT1:151_874(1.0),M,IT,UNEM_R,N,9,Y15-74,2023M1G9,2014-01-01,13.95333,,,,,,,,,,,,
IT1:151_874(1.0),M,IT,UNEM_R,N,9,Y15-74,2023M3G2,2014-01-01,13.95333,,,,,,,,,,,,
IT1:151_874(1.0),M,IT,UNEM_R,N,9,Y15-74,2023M3G30,2014-01-01,13.95333,,,,,,,,,,,,
IT1:151_874(1.0),M,IT,UNEM_R,N,9,Y15-74,2023M5G3,2014-01-01,13.95333,,,,,,,,,,,,
IT1:151_874(1.0),M,IT,UNEM_R,N,9,Y15-74,2023M6G1,2014-01-01,13.95333,,,,,,,,,,,,
IT1:151_874(1.0),M,IT,UNEM_R,N,9,Y15-74,2023M6G30,2014-01-01,13.95333,,,,,,,,,,,,
IT1:151_874(1.0),M,IT,UNEM_R,N,9,Y15-74,2023M8G1,2014-01-01,13.95333,,,,,,,,,,,,
IT1:151_874(1.0),M,IT,UNEM_R,N,9,Y15-74,2023M8G31,2014-01-01,13.95333,,,,,,,,,,,,
IT1:151_874(1.0),M,IT,UNEM_R,N,9,Y15-74,2024M10G2,2014-01-01,13.95333,,,,,,,,,,,,
IT1:151_874(1.0),M,IT,UNEM_R,N,9,Y15-74,2024M10G31,2014-01-01,13.95333,,,,,,,,,,,,
IT1:151_874(1.0),M,IT,UNEM_R,N,9,Y15-74,2024M12G2,2014-01-01,13.95333,,,,,,,,,,,,
IT1:151_874(1.0),M,IT,UNEM_R,N,9,Y15-74,2024M1G31,2014-01-01,13.95333,,,,,,,,,,,,
IT1:151_874(1.0),M,IT,UNEM_R,N,9,Y15-74,2024M1G9,2014-01-01,13.95333,,,,,,,,,,,,
IT1:151_874(1.0),M,IT,UNEM_R,N,9,Y15-74,2024M3G1,2014-01-01,13.95333,,,,,,,,,,,,
IT1:151_874(1.0),M,IT,UNEM_R,N,9,Y15-74,2024M4G3,2014-01-01,13.95333,,,,,,,,,,,,
IT1:151_874(1.0),M,IT,UNEM_R,N,9,Y15-74,2024M5G3,2014-01-01,13.95333,,,,,,,,,,,,
IT1:151_874(1.0),M,IT,UNEM_R,N,9,Y15-74,2024M5G30,2014-01-01,13.95333,,,,,,,,,,,,
IT1:151_874(1.0),M,IT,UNEM_R,N,9,Y15-74,2024M7G2,2014-01-01,13.95333,,,,,,,,,,,,
IT1:151_874(1.0),M,IT,UNEM_R,N,9,Y15-74,2024M8G1,2014-01-01,13.95333,,,,,,,,,,,,
IT1:151_874(1.0),M,IT,UNEM_R,N,9,Y15-74,2024M8G30,2014-01-01,13.95333,,,,,,,,,,,,
IT1:151_874(1.0),M,IT,UNEM_R,N,9,Y15-74,2025M10G2,2014-01-01,13.95333,,,,,,,,,,,,
IT1:151_874(1.0),M,IT,UNEM_R,N,9,Y15-74,2025M10G30,2014-01-01,13.95333,,,,,,,,,,,,
IT1:151_874(1.0),M,IT,UNEM_R,N,9,Y15-74,2025M12G2,2014-01-01,13.95333,,,,,,,,,,,,
IT1:151_874(1.0),M,IT,UNEM_R,N,9,Y15-74,2025M1G30,2014-01-01,13.95333,,,,,,,,,,,,
IT1:151_874(1.0),M,IT,UNEM_R,N,9,Y15-74,2025M1G7,2014-01-01,13.95333,,,,,,,,,,,,
IT1:151_874(1.0),M,IT,UNEM_R,N,9,Y15-74,2025M3G4,2014-01-01,13.95333,,,,,,,,,,,,
IT1:151_874(1.0),M,IT,UNEM_R,N,9,Y15-74,2025M4G1,2014-01-01,13.95333,,,,,,,,,,,,
IT1:151_874(1.0),M,IT,UNEM_R,N,9,Y15-74,2025M5G2,2014-01-01,13.95333,,,,,,,,,,,,
IT1:151_874(1.0),M,IT,UNEM_R,N,9,Y15-74,2025M6G3,2014-01-01,13.95333,,,,,,,,,,,,
IT1:151_874(1.0),M,IT,UNEM_R,N,9,Y15-74,2025M7G2,2014-01-01,13.95333,,,,,,,,,,,,
IT1:151_874(1.0),M,IT,UNEM_R,N,9,Y15-74,2025M7G31,2014-01-01,13.95333,,,,,,,,,,,,
IT1:151_874(1.0),M,IT,UNEM_R,N,9,Y15-74,2025M9G1,2014-01-01,13.95333,,,,,,,,,,,,
IT1:151_874(1.0),M,IT,UNEM_R,N,9,Y15-74,2026M1G30,2014-01-01,13.95333,,,,,,,,,,,,
IT1:151_874(1.0),M,IT,UNEM_R,N,9,Y15-74,2026M1G8,2014-01-01,13.95333,,,,,,,,,,,,
IT1:151_874(1.0),M,IT,UNEM_R,N,9,Y15-74,2026M3G4,2014-01-01,13.95333,,,,,,,,,,,,
IT1:151_874(1.0),M,IT,UNEM_R,N,9,Y15-74,2026M4G1,2014-01-01,13.95333,,,,,,,,,,,,
IT1:151_874(1.0),M,IT,UNEM_R,N,9,Y15-74,2026M4G30,2014-01-01,13.95333,,,,,,,,,,,,
IT1:151_874(1.0),M,IT,UNEM_R,N,9,Y15-74,2022M11G3,2014-02-01,13.964874,,,,,,,,,,,,
IT1:151_874(1.0),M,IT,UNEM_R,N,9,Y15-74,2022M12G1,2014-02-01,13.964874,,,,,,,,,,,,
IT1:151_874(1.0),M,IT,UNEM_R,N,9,Y15-74,2022M2G1,2014-02-01,13.964874,,,,,,,,,,,,
IT1:151_874(1.0),M,IT,UNEM_R,N,9,Y15-74,2022M3G3,2014-02-01,13.964874,,,,,,,,,,,,
IT1:151_874(1.0),M,IT,UNEM_R,N,9,Y15-74,2022M3G31,2014-02-01,13.964874,,,,,,,,,,,,
IT1:151_874(1.0),M,IT,UNEM_R,N,9,Y15-74,2022M5G2,2014-02-01,13.964874,,,,,,,,,,,,
IT1:151_874(1.0),M,IT,UNEM_R,N,9,Y15-74,2022M6G1,2014-02-01,13.964874,,,,,,,,,,,,
IT1:151_874(1.0),M,IT,UNEM_R,N,9,Y15-74,2022M6G30,2014-02-01,13.964874,,,,,,,,,,,,
IT1:151_874(1.0),M,IT,UNEM_R,N,9,Y15-74,2022M8G1,2014-02-01,13.964874,,,,,,,,,,,,
IT1:151_874(1.0),M,IT,UNEM_R,N,9,Y15-74,2022M9G1,2014-02-01,13.964874,,,,,,,,,,,,
IT1:151_874(1.0),M,IT,UNEM_R,N,9,Y15-74,2022M9G30,2014-02-01,13.964874,,,,,,,,,,,,
IT1:151_874(1.0),M,IT,UNEM_R,N,9,Y15-74,2023M10G2,2014-02-01,13.964874,,,,,,,,,,,,
IT1:151_874(1.0),M,IT,UNEM_R,N,9,Y15-74,2023M11G3,2014-02-01,13.964874,,,,,,,,,,,,
IT1:151_874(1.0),M,IT,UNEM_R,N,9,Y15-74,2023M11G30,2014-02-01,13.964874,,,,,,,,,,,,
IT1:151_874(1.0),M,IT,UNEM_R,N,9,Y15-74,2023M1G31,2014-02-01,13.964874,,,,,,,,,,,,
IT1:151_874(1.0),M,IT,UNEM_R,N,9,Y15-74,2023M1G9,2014-02-01,13.964874,,,,,,,,,,,,
IT1:151_874(1.0),M,IT,UNEM_R,N,9,Y15-74,2023M3G2,2014-02-01,13.964874,,,,,,,,,,,,
IT1:151_874(1.0),M,IT,UNEM_R,N,9,Y15-74,2023M3G30,2014-02-01,13.964874,,,,,,,,,,,,
IT1:151_874(1.0),M,IT,UNEM_R,N,9,Y15-74,2023M5G3,2014-02-01,13.964874,,,,,,,,,,,,
IT1:151_874(1.0),M,IT,UNEM_R,N,9,Y15-74,2023M6G1,2014-02-01,13.964874,,,,,,,,,,,,
IT1:151_874(1.0),M,IT,UNEM_R,N,9,Y15-74,2023M6G30,2014-02-01,13.964874,,,,,,,,,,,,
IT1:151_874(1.0),M,IT,UNEM_R,N,9,Y15-74,2023M8G1,2014-02-01,13.964874,,,,,,,,,,,,
IT1:151_874(1.0),M,IT,UNEM_R,N,9,Y15-74,2023M8G31,2014-02-01,13.964874,,,,,,,,,,,,
IT1:151_874(1.0),M,IT,UNEM_R,N,9,Y15-74,2024M10G2,2014-02-01,13.964874,,,,,,,,,,,,
IT1:151_874(1.0),M,IT,UNEM_R,N,9,Y15-74,2024M10G31,2014-02-01,13.964874,,,,,,,,,,,,
IT1:151_874(1.0),M,IT,UNEM_R,N,9,Y15-74,2024M12G2,2014-02-01,13.964874,,,,,,,,,,,,
IT1:151_874(1.0),M,IT,UNEM_R,N,9,Y15-74,2024M1G31,2014-02-01,13.964874,,,,,,,,,,,,
IT1:151_874(1.0),M,IT,UNEM_R,N,9,Y15-74,2024M1G9,2014-02-01,13.964874,,,,,,,,,,,,
IT1:151_874(1.0),M,IT,UNEM_R,N,9,Y15-74,2024M3G1,2014-02-01,13.964874,,,,,,,,,,,,
IT1:151_874(1.0),M,IT,UNEM_R,N,9,Y15-74,2024M4G3,2014-02-01,13.964874,,,,,,,,,,,,
IT1:151_874(1.0),M,IT,UNEM_R,N,9,Y15-74,2024M5G3,2014-02-01,13.964874,,,,,,,,,,,,
IT1:151_874(1.0),M,IT,UNEM_R,N,9,Y15-74,2024M5G30,2014-02-01,13.964874,,,,,,,,,,,,
IT1:151_874(1.0),M,IT,UNEM_R,N,9,Y15-74,2024M7G2,2014-02-01,13.964874,,,,,,,,,,,,
IT1:151_874(1.0),M,IT,UNEM_R,N,9,Y15-74,2024M8G1,2014-02-01,13.964874,,,,,,,,,,,,
IT1:151_874(1.0),M,IT,UNEM_R,N,9,Y15-74,2024M8G30,2014-02-01,13.964874,,,,,,,,,,,,
IT1:151_874(1.0),M,IT,UNEM_R,N,9,Y15-74,2025M10G2,2014-02-01,13.964874,,,,,,,,,,,,
IT1:151_874(1.0),M,IT,UNEM_R,N,9,Y15-74,2025M10G30,2014-02-01,13.964874,,,,,,,,,,,,
IT1:151_874(1.0),M,IT,UNEM_R,N,9,Y15-74,2025M12G2,2014-02-01,13.964874,,,,,,,,,,,,
IT1:151_874(1.0),M,IT,UNEM_R,N,9,Y15-74,2025M1G30,2014-02-01,13.964874,,,,,,,,,,,,
IT1:151_874(1.0),M,IT,UNEM_R,N,9,Y15-74,2025M1G7,2014-02-01,13.964874,,,,,,,,,,,,
IT1:151_874(1.0),M,IT,UNEM_R,N,9,Y15-74,2025M3G4,2014-02-01,13.964874,,,,,,,,,,,,
IT1:151_874(1.0),M,IT,UNEM_R,N,9,Y15-74,2025M4G1,2014-02-01,13.964874,,,,,,,,,,,,
IT1:151_874(1.0),M,IT,UNEM_R,N,9,Y15-74,2025M5G2,2014-02-01,13.964874,,,,,,,,,,,,
IT1:151_874(1.0),M,IT,UNEM_R,N,9,Y15-74,2025M6G3,2014-02-01,13.964874,,,,,,,,,,,,
IT1:151_874(1.0),M,IT,UNEM_R,N,9,Y15-74,2025M7G2,2014-02-01,13.964874,,,,,,,,,,,,
IT1:151_874(1.0),M,IT,UNEM_R,N,9,Y15-74,2025M7G31,2014-02-01,13.964874,,,,,,,,,,,,
IT1:151_874(1.0),M,IT,UNEM_R,N,9,Y15-74,2025M9G1,2014-02-01,13.964874,,,,,,,,,,,,
IT1:151_874(1.0),M,IT,UNEM_R,N,9,Y15-74,2026M1G30,2014-02-01,13.964874,,,,,,,,,,,,
IT1:151_874(1.0),M,IT,UNEM_R,N,9,Y15-74,2026M1G8,2014-02-01,13.964874,,,,,,,,,,,,
IT1:151_874(1.0),M,IT,UNEM_R,N,9,Y15-74,2026M3G4,2014-02-01,13.964874,,,,,,,,,,,,
IT1:151_874(1.0),M,IT,UNEM_R,N,9,Y15-74,2026M4G1,2014-02-01,13.964874,,,,,,,,,,,,
IT1:151_874(1.0),M,IT,UNEM_R,N,9,Y15-74,2026M4G30,2014-02-01,13.964874,,,,,,,,,,,,
IT1:151_874(1.0),M,IT,UNEM_R,N,9,Y15-74,2022M11G3,2014-03-01,13.225007,,,,,,,,,,,,
IT1:151_874(1.0),M,IT,UNEM_R,N,9,Y15-74,2022M12G1,2014-03-01,13.225007,,,,,,,,,,,,
IT1:151_874(1.0),M,IT,UNEM_R,N,9,Y15-74,2022M2G1,2014-03-01,13.225007,,,,,,,,,,,,
IT1:151_874(1.0),M,IT,UNEM_R,N,9,Y15-74,2022M3G3,2014-03-01,13.225007,,,,,,,,,,,,
IT1:151_874(1.0),M,IT,UNEM_R,N,9,Y15-74,2022M3G31,2014-03-01,13.225007,,,,,,,,,,,,
IT1:151_874(1.0),M,IT,UNEM_R,N,9,Y15-74,2022M5G2,2014-03-01,13.225007,,,,,,,,,,,,
IT1:151_874(1.0),M,IT,UNEM_R,N,9,Y15-74,2022M6G1,2014-03-01,13.225007,,,,,,,,,,,,
IT1:151_874(1.0),M,IT,UNEM_R,N,9,Y15-74,2022M6G30,2014-03-01,13.225007,,,,,,,,,,,,
IT1:151_874(1.0),M,IT,UNEM_R,N,9,Y15-74,2022M8G1,2014-03-01,13.225007,,,,,,,,,,,,
IT1:151_874(1.0),M,IT,UNEM_R,N,9,Y15-74,2022M9G1,2014-03-01,13.225007,,,,,,,,,,,,
IT1:151_874(1.0),M,IT,UNEM_R,N,9,Y15-74,2022M9G30,2014-03-01,13.225007,,,,,,,,,,,,
IT1:151_874(1.0),M,IT,UNEM_R,N,9,Y15-74,2023M10G2,2014-03-01,13.225007,,,,,,,,,,,,
IT1:151_874(1.0),M,IT,UNEM_R,N,9,Y15-74,2023M11G3,2014-03-01,13.225007,,,,,,,,,,,,
IT1:151_874(1.0),M,IT,UNEM_R,N,9,Y15-74,2023M11G30,2014-03-01,13.225007,,,,,,,,,,,,
IT1:151_874(1.0),M,IT,UNEM_R,N,9,Y15-74,2023M1G31,2014-03-01,13.225007,,,,,,,,,,,,
IT1:151_874(1.0),M,IT,UNEM_R,N,9,Y15-74,2023M1G9,2014-03-01,13.225007,,,,,,,,,,,,
IT1:151_874(1.0),M,IT,UNEM_R,N,9,Y15-74,2023M3G2,2014-03-01,13.225007,,,,,,,,,,,,
IT1:151_874(1.0),M,IT,UNEM_R,N,9,Y15-74,2023M3G30,2014-03-01,13.225007,,,,,,,,,,,,
IT1:151_874(1.0),M,IT,UNEM_R,N,9,Y15-74,2023M5G3,2014-03-01,13.225007,,,,,,,,,,,,
IT1:151_874(1.0),M,IT,UNEM_R,N,9,Y15-74,2023M6G1,2014-03-01,13.225007,,,,,,,,,,,,
IT1:151_874(1.0),M,IT,UNEM_R,N,9,Y15-74,2023M6G30,2014-03-01,13.225007,,,,,,,,,,,,
IT1:151_874(1.0),M,IT,UNEM_R,N,9,Y15-74,2023M8G1,2014-03-01,13.225007,,,,,,,,,,,,
IT1:151_874(1.0),M,IT,UNEM_R,N,9,Y15-74,2023M8G31,2014-03-01,13.225007,,,,,,,,,,,,
IT1:151_874(1.0),M,IT,UNEM_R,N,9,Y15-74,2024M10G2,2014-03-01,13.225007,,,,,,,,,,,,
IT1:151_874(1.0),M,IT,UNEM_R,N,9,Y15-74,2024M10G31,2014-03-01,13.225007,,,,,,,,,,,,
IT1:151_874(1.0),M,IT,UNEM_R,N,9,Y15-74,2024M12G2,2014-03-01,13.225007,,,,,,,,,,,,
IT1:151_874(1.0),M,IT,UNEM_R,N,9,Y15-74,2024M1G31,2014-03-01,13.225007,,,,,,,,,,,,
IT1:151_874(1.0),M,IT,UNEM_R,N,9,Y15-74,2024M1G9,2014-03-01,13.225007,,,,,,,,,,,,
IT1:151_874(1.0),M,IT,UNEM_R,N,9,Y15-74,2024M3G1,2014-03-01,13.225007,,,,,,,,,,,,
IT1:151_874(1.0),M,IT,UNEM_R,N,9,Y15-74,2024M4G3,2014-03-01,13.225007,,,,,,,,,,,,
IT1:151_874(1.0),M,IT,UNEM_R,N,9,Y15-74,2024M5G3,2014-03-01,13.225007,,,,,,,,,,,,
IT1:151_874(1.0),M,IT,UNEM_R,N,9,Y15-74,2024M5G30,2014-03-01,13.225007,,,,,,,,,,,,
IT1:151_874(1.0),M,IT,UNEM_R,N,9,Y15-74,2024M7G2,2014-03-01,13.225007,,,,,,,,,,,,
IT1:151_874(1.0),M,IT,UNEM_R,N,9,Y15-74,2024M8G1,2014-03-01,13.225007,,,,,,,,,,,,
IT1:151_874(1.0),M,IT,UNEM_R,N,9,Y15-74,2024M8G30,2014-03-01,13.225007,,,,,,,,,,,,
IT1:151_874(1.0),M,IT,UNEM_R,N,9,Y15-74,2025M10G2,2014-03-01,13.225007,,,,,,,,,,,,
IT1:151_874(1.0),M,IT,UNEM_R,N,9,Y15-74,2025M10G30,2014-03-01,13.225007,,,,,,,,,,,,
IT1:151_874(1.0),M,IT,UNEM_R,N,9,Y15-74,2025M12G2,2014-03-01,13.225007,,,,,,,,,,,,
IT1:151_874(1.0),M,IT,UNEM_R,N,9,Y15-74,2025M1G30,2014-03-01,13.225007,,,,,,,,,,,,
IT1:151_874(1.0),M,IT,UNEM_R,N,9,Y15-74,2025M1G7,2014-03-01,13.225007,,,,,,,,,,,,
IT1:151_874(1.0),M,IT,UNEM_R,N,9,Y15-74,2025M3G4,2014-03-01,13.225007,,,,,,,,,,,,
IT1:151_874(1.0),M,IT,UNEM_R,N,9,Y15-74,2025M4G1,2014-03-01,13.225007,,,,,,,,,,,,
IT1:151_874(1.0),M,IT,UNEM_R,N,9,Y15-74,2025M5G2,2014-03-01,13.225007,,,,,,,,,,,,
IT1:151_874(1.0),M,IT,UNEM_R,N,9,Y15-74,2025M6G3,2014-03-01,13.225007,,,,,,,,,,,,
IT1:151_874(1.0),M,IT,UNEM_R,N,9,Y15-74,2025M7G2,2014-03-01,13.225007,,,,,,,,,,,,
IT1:151_874(1.0),M,IT,UNEM_R,N,9,Y15-74,2025M7G31,2014-03-01,13.225007,,,,,,,,,,,,
IT1:151_874(1.0),M,IT,UNEM_R,N,9,Y15-74,2025M9G1,2014-03-01,13.225007,,,,,,,,,,,,
IT1:151_874(1.0),M,IT,UNEM_R,N,9,Y15-74,2026M1G30,2014-03-01,13.225007,,,,,,,,,,,,
IT1:151_874(1.0),M,IT,UNEM_R,N,9,Y15-74,2026M1G8,2014-03-01,13.225007,,,,,,,,,,,,
IT1:151_874(1.0),M,IT,UNEM_R,N,9,Y15-74,2026M3G4,2014-03-01,13.225007,,,,,,,,,,,,
IT1:151_874(1.0),M,IT,UNEM_R,N,9,Y15-74,2026M4G1,2014-03-01,13.225007,,,,,,,,,,,,
IT1:151_874(1.0),M,IT,UNEM_R,N,9,Y15-74,2026M4G30,2014-03-01,13.225007,,,,,,,,,,,,
IT1:151_874(1.0),M,IT,UNEM_R,N,9,Y15-74,2022M11G3,2014-04-01,12.923406,,,,,,,,,,,,
IT1:151_874(1.0),M,IT,UNEM_R,N,9,Y15-74,2022M12G1,2014-04-01,12.923406,,,,,,,,,,,,
IT1:151_874(1.0),M,IT,UNEM_R,N,9,Y15-74,2022M2G1,2014-04-01,12.923406,,,,,,,,,,,,
IT1:151_874(1.0),M,IT,UNEM_R,N,9,Y15-74,2022M3G3,2014-04-01,12.923406,,,,,,,,,,,,
IT1:151_874(1.0),M,IT,UNEM_R,N,9,Y15-74,2022M3G31,2014-04-01,12.923406,,,,,,,,,,,,
IT1:151_874(1.0),M,IT,UNEM_R,N,9,Y15-74,2022M5G2,2014-04-01,12.923406,,,,,,,,,,,,
IT1:151_874(1.0),M,IT,UNEM_R,N,9,Y15-74,2022M6G1,2014-04-01,12.923406,,,,,,,,,,,,
IT1:151_874(1.0),M,IT,UNEM_R,N,9,Y15-74,2022M6G30,2014-04-01,12.923406,,,,,,,,,,,,
IT1:151_874(1.0),M,IT,UNEM_R,N,9,Y15-74,2022M8G1,2014-04-01,12.923406,,,,,,,,,,,,
IT1:151_874(1.0),M,IT,UNEM_R,N,9,Y15-74,2022M9G1,2014-04-01,12.923406,,,,,,,,,,,,
IT1:151_874(1.0),M,IT,UNEM_R,N,9,Y15-74,2022M9G30,2014-04-01,12.923406,,,,,,,,,,,,
IT1:151_874(1.0),M,IT,UNEM_R,N,9,Y15-74,2023M10G2,2014-04-01,12.923406,,,,,,,,,,,,
IT1:151_874(1.0),M,IT,UNEM_R,N,9,Y15-74,2023M11G3,2014-04-01,12.923406,,,,,,,,,,,,
IT1:151_874(1.0),M,IT,UNEM_R,N,9,Y15-74,2023M11G30,2014-04-01,12.923406,,,,,,,,,,,,
IT1:151_874(1.0),M,IT,UNEM_R,N,9,Y15-74,2023M1G31,2014-04-01,12.923406,,,,,,,,,,,,
IT1:151_874(1.0),M,IT,UNEM_R,N,9,Y15-74,2023M1G9,2014-04-01,12.923406,,,,,,,,,,,,
IT1:151_874(1.0),M,IT,UNEM_R,N,9,Y15-74,2023M3G2,2014-04-01,12.923406,,,,,,,,,,,,
IT1:151_874(1.0),M,IT,UNEM_R,N,9,Y15-74,2023M3G30,2014-04-01,12.923406,,,,,,,,,,,,
IT1:151_874(1.0),M,IT,UNEM_R,N,9,Y15-74,2023M5G3,2014-04-01,12.923406,,,,,,,,,,,,
IT1:151_874(1.0),M,IT,UNEM_R,N,9,Y15-74,2023M6G1,2014-04-01,12.923406,,,,,,,,,,,,
IT1:151_874(1.0),M,IT,UNEM_R,N,9,Y15-74,2023M6G30,2014-04-01,12.923406,,,,,,,,,,,,
IT1:151_874(1.0),M,IT,UNEM_R,N,9,Y15-74,2023M8G1,2014-04-01,12.923406,,,,,,,,,,,,
IT1:151_874(1.0),M,IT,UNEM_R,N,9,Y15-74,2023M8G31,2014-04-01,12.923406,,,,,,,,,,,,
IT1:151_874(1.0),M,IT,UNEM_R,N,9,Y15-74,2024M10G2,2014-04-01,12.923406,,,,,,,,,,,,
IT1:151_874(1.0),M,IT,UNEM_R,N,9,Y15-74,2024M10G31,2014-04-01,12.923406,,,,,,,,,,,,
IT1:151_874(1.0),M,IT,UNEM_R,N,9,Y15-74,2024M12G2,2014-04-01,12.923406,,,,,,,,,,,,
IT1:151_874(1.0),M,IT,UNEM_R,N,9,Y15-74,2024M1G31,2014-04-01,12.923406,,,,,,,,,,,,
IT1:151_874(1.0),M,IT,UNEM_R,N,9,Y15-74,2024M1G9,2014-04-01,12.923406,,,,,,,,,,,,
IT1:151_874(1.0),M,IT,UNEM_R,N,9,Y15-74,2024M3G1,2014-04-01,12.923406,,,,,,,,,,,,
IT1:151_874(1.0),M,IT,UNEM_R,N,9,Y15-74,2024M4G3,2014-04-01,12.923406,,,,,,,,,,,,
IT1:151_874(1.0),M,IT,UNEM_R,N,9,Y15-74,2024M5G3,2014-04-01,12.923406,,,,,,,,,,,,
IT1:151_874(1.0),M,IT,UNEM_R,N,9,Y15-74,2024M5G30,2014-04-01,12.923406,,,,,,,,,,,,
IT1:151_874(1.0),M,IT,UNEM_R,N,9,Y15-74,2024M7G2,2014-04-01,12.923406,,,,,,,,,,,,
IT1:151_874(1.0),M,IT,UNEM_R,N,9,Y15-74,2024M8G1,2014-04-01,12.923406,,,,,,,,,,,,
IT1:151_874(1.0),M,IT,UNEM_R,N,9,Y15-74,2024M8G30,2014-04-01,12.923406,,,,,,,,,,,,
IT1:151_874(1.0),M,IT,UNEM_R,N,9,Y15-74,2025M10G2,2014-04-01,12.923406,,,,,,,,,,,,
IT1:151_874(1.0),M,IT,UNEM_R,N,9,Y15-74,2025M10G30,2014-04-01,12.923406,,,,,,,,,,,,
IT1:151_874(1.0),M,IT,UNEM_R,N,9,Y15-74,2025M12G2,2014-04-01,12.923406,,,,,,,,,,,,
IT1:151_874(1.0),M,IT,UNEM_R,N,9,Y15-74,2025M1G30,2014-04-01,12.923406,,,,,,,,,,,,
IT1:151_874(1.0),M,IT,UNEM_R,N,9,Y15-74,2025M1G7,2014-04-01,12.923406,,,,,,,,,,,,
IT1:151_874(1.0),M,IT,UNEM_R,N,9,Y15-74,2025M3G4,2014-04-01,12.923406,,,,,,,,,,,,
IT1:151_874(1.0),M,IT,UNEM_R,N,9,Y15-74,2025M4G1,2014-04-01,12.923406,,,,,,,,,,,,
IT1:151_874(1.0),M,IT,UNEM_R,N,9,Y15-74,2025M5G2,2014-04-01,12.923406,,,,,,,,,,,,
IT1:151_874(1.0),M,IT,UNEM_R,N,9,Y15-74,2025M6G3,2014-04-01,12.923406,,,,,,,,,,,,
IT1:151_874(1.0),M,IT,UNEM_R,N,9,Y15-74,2025M7G2,2014-04-01,12.923406,,,,,,,,,,,,
IT1:151_874(1.0),M,IT,UNEM_R,N,9,Y15-74,2025M7G31,2014-04-01,12.923406,,,,,,,,,,,,
IT1:151_874(1.0),M,IT,UNEM_R,N,9,Y15-74,2025M9G1,2014-04-01,12.923406,,,,,,,,,,,,
IT1:151_874(1.0),M,IT,UNEM_R,N,9,Y15-74,2026M1G30,2014-04-01,12.923406,,,,,,,,,,,,
IT1:151_874(1.0),M,IT,UNEM_R,N,9,Y15-74,2026M1G8,2014-04-01,12.923406,,,,,,,,,,,,
IT1:151_874(1.0),M,IT,UNEM_R,N,9,Y15-74,2026M3G4,2014-04-01,12.923406,,,,,,,,,,,,
IT1:151_874(1.0),M,IT,UNEM_R,N,9,Y15-74,2026M4G1,2014-04-01,12.923406,,,,,,,,,,,,
IT1:151_874(1.0),M,IT,UNEM_R,N,9,Y15-74,2026M4G30,2014-04-01,12.923406,,,,,,,,,,,,
IT1:151_874(1.0),M,IT,UNEM_R,N,9,Y15-74,2022M11G3,2014-05-01,12.771156,,,,,,,,,,,,
IT1:151_874(1.0),M,IT,UNEM_R,N,9,Y15-74,2022M12G1,2014-05-01,12.771156,,,,,,,,,,,,
IT1:151_874(1.0),M,IT,UNEM_R,N,9,Y15-74,2022M2G1,2014-05-01,12.771156,,,,,,,,,,,,
IT1:151_874(1.0),M,IT,UNEM_R,N,9,Y15-74,2022M3G3,2014-05-01,12.771156,,,,,,,,,,,,
IT1:151_874(1.0),M,IT,UNEM_R,N,9,Y15-74,2022M3G31,2014-05-01,12.771156,,,,,,,,,,,,
IT1:151_874(1.0),M,IT,UNEM_R,N,9,Y15-74,2022M5G2,2014-05-01,12.771156,,,,,,,,,,,,
IT1:151_874(1.0),M,IT,UNEM_R,N,9,Y15-74,2022M6G1,2014-05-01,12.771156,,,,,,,,,,,,
IT1:151_874(1.0),M,IT,UNEM_R,N,9,Y15-74,2022M6G30,2014-05-01,12.771156,,,,,,,,,,,,
IT1:151_874(1.0),M,IT,UNEM_R,N,9,Y15-74,2022M8G1,2014-05-01,12.771156,,,,,,,,,,,,
IT1:151_874(1.0),M,IT,UNEM_R,N,9,Y15-74,2022M9G1,2014-05-01,12.771156,,,,,,,,,,,,
IT1:151_874(1.0),M,IT,UNEM_R,N,9,Y15-74,2022M9G30,2014-05-01,12.771156,,,,,,,,,,,,
IT1:151_874(1.0),M,IT,UNEM_R,N,9,Y15-74,2023M10G2,2014-05-01,12.771156,,,,,,,,,,,,
IT1:151_874(1.0),M,IT,UNEM_R,N,9,Y15-74,2023M11G3,2014-05-01,12.771156,,,,,,,,,,,,
IT1:151_874(1.0),M,IT,UNEM_R,N,9,Y15-74,2023M11G30,2014-05-01,12.771156,,,,,,,,,,,,
IT1:151_874(1.0),M,IT,UNEM_R,N,9,Y15-74,2023M1G31,2014-05-01,12.771156,,,,,,,,,,,,
IT1:151_874(1.0),M,IT,UNEM_R,N,9,Y15-74,2023M1G9,2014-05-01,12.771156,,,,,,,,,,,,
IT1:151_874(1.0),M,IT,UNEM_R,N,9,Y15-74,2023M3G2,2014-05-01,12.771156,,,,,,,,,,,,
IT1:151_874(1.0),M,IT,UNEM_R,N,9,Y15-74,2023M3G30,2014-05-01,12.771156,,,,,,,,,,,,
IT1:151_874(1.0),M,IT,UNEM_R,N,9,Y15-74,2023M5G3,2014-05-01,12.771156,,,,,,,,,,,,
IT1:151_874(1.0),M,IT,UNEM_R,N,9,Y15-74,2023M6G1,2014-05-01,12.771156,,,,,,,,,,,,
IT1:151_874(1.0),M,IT,UNEM_R,N,9,Y15-74,2023M6G30,2014-05-01,12.771156,,,,,,,,,,,,
IT1:151_874(1.0),M,IT,UNEM_R,N,9,Y15-74,2023M8G1,2014-05-01,12.771156,,,,,,,,,,,,
IT1:151_874(1.0),M,IT,UNEM_R,N,9,Y15-74,2023M8G31,2014-05-01,12.771156,,,,,,,,,,,,
IT1:151_874(1.0),M,IT,UNEM_R,N,9,Y15-74,2024M10G2,2014-05-01,12.771156,,,,,,,,,,,,
IT1:151_874(1.0),M,IT,UNEM_R,N,9,Y15-74,2024M10G31,2014-05-01,12.771156,,,,,,,,,,,,
IT1:151_874(1.0),M,IT,UNEM_R,N,9,Y15-74,2024M12G2,2014-05-01,12.771156,,,,,,,,,,,,
IT1:151_874(1.0),M,IT,UNEM_R,N,9,Y15-74,2024M1G31,2014-05-01,12.771156,,,,,,,,,,,,
IT1:151_874(1.0),M,IT,UNEM_R,N,9,Y15-74,2024M1G9,2014-05-01,12.771156,,,,,,,,,,,,
IT1:151_874(1.0),M,IT,UNEM_R,N,9,Y15-74,2024M3G1,2014-05-01,12.771156,,,,,,,,,,,,
IT1:151_874(1.0),M,IT,UNEM_R,N,9,Y15-74,2024M4G3,2014-05-01,12.771156,,,,,,,,,,,,
IT1:151_874(1.0),M,IT,UNEM_R,N,9,Y15-74,2024M5G3,2014-05-01,12.771156,,,,,,,,,,,,
IT1:151_874(1.0),M,IT,UNEM_R,N,9,Y15-74,2024M5G30,2014-05-01,12.771156,,,,,,,,,,,,
IT1:151_874(1.0),M,IT,UNEM_R,N,9,Y15-74,2024M7G2,2014-05-01,12.771156,,,,,,,,,,,,
IT1:151_874(1.0),M,IT,UNEM_R,N,9,Y15-74,2024M8G1,2014-05-01,12.771156,,,,,,,,,,,,
IT1:151_874(1.0),M,IT,UNEM_R,N,9,Y15-74,2024M8G30,2014-05-01,12.771156,,,,,,,,,,,,
IT1:151_874(1.0),M,IT,UNEM_R,N,9,Y15-74,2025M10G2,2014-05-01,12.771156,,,,,,,,,,,,
IT1:151_874(1.0),M,IT,UNEM_R,N,9,Y15-74,2025M10G30,2014-05-01,12.771156,,,,,,,,,,,,
IT1:151_874(1.0),M,IT,UNEM_R,N,9,Y15-74,2025M12G2,2014-05-01,12.771156,,,,,,,,,,,,
IT1:151_874(1.0),M,IT,UNEM_R,N,9,Y15-74,2025M1G30,2014-05-01,12.771156,,,,,,,,,,,,
IT1:151_874(1.0),M,IT,UNEM_R,N,9,Y15-74,2025M1G7,2014-05-01,12.771156,,,,,,,,,,,,
IT1:151_874(1.0),M,IT,UNEM_R,N,9,Y15-74,2025M3G4,2014-05-01,12.771156,,,,,,,,,,,,
IT1:151_874(1.0),M,IT,UNEM_R,N,9,Y15-74,2025M4G1,2014-05-01,12.771156,,,,,,,,,,,,
IT1:151_874(1.0),M,IT,UNEM_R,N,9,Y15-74,2025M5G2,2014-05-01,12.771156,,,,,,,,,,,,
IT1:151_874(1.0),M,IT,UNEM_R,N,9,Y15-74,2025M6G3,2014-05-01,12.771156,,,,,,,,,,,,
IT1:151_874(1.0),M,IT,UNEM_R,N,9,Y15-74,2025M7G2,2014-05-01,12.771156,,,,,,,,,,,,
IT1:151_874(1.0),M,IT,UNEM_R,N,9,Y15-74,2025M7G31,2014-05-01,12.771156,,,,,,,,,,,,
IT1:151_874(1.0),M,IT,UNEM_R,N,9,Y15-74,2025M9G1,2014-05-01,12.771156,,,,,,,,,,,,
IT1:151_874(1.0),M,IT,UNEM_R,N,9,Y15-74,2026M1G30,2014-05-01,12.771156,,,,,,,,,,,,
IT1:151_874(1.0),M,IT,UNEM_R,N,9,Y15-74,2026M1G8,2014-05-01,12.771156,,,,,,,,,,,,
IT1:151_874(1.0),M,IT,UNEM_R,N,9,Y15-74,2026M3G4,2014-05-01,12.771156,,,,,,,,,,,,
IT1:151_874(1.0),M,IT,UNEM_R,N,9,Y15-74,2026M4G1,2014-05-01,12.771156,,,,,,,,,,,,
IT1:151_874(1.0),M,IT,UNEM_R,N,9,Y15-74,2026M4G30,2014-05-01,12.771156,,,,,,,,,,,,
IT1:151_874(1.0),M,IT,UNEM_R,N,9,Y15-74,2022M11G3,2014-06-01,11.31187,,,,,,,,,,,,
IT1:151_874(1.0),M,IT,UNEM_R,N,9,Y15-74,2022M12G1,2014-06-01,11.31187,,,,,,,,,,,,
IT1:151_874(1.0),M,IT,UNEM_R,N,9,Y15-74,2022M2G1,2014-06-01,11.31187,,,,,,,,,,,,
IT1:151_874(1.0),M,IT,UNEM_R,N,9,Y15-74,2022M3G3,2014-06-01,11.31187,,,,,,,,,,,,
IT1:151_874(1.0),M,IT,UNEM_R,N,9,Y15-74,2022M3G31,2014-06-01,11.31187,,,,,,,,,,,,
IT1:151_874(1.0),M,IT,UNEM_R,N,9,Y15-74,2022M5G2,2014-06-01,11.31187,,,,,,,,,,,,
IT1:151_874(1.0),M,IT,UNEM_R,N,9,Y15-74,2022M6G1,2014-06-01,11.31187,,,,,,,,,,,,
IT1:151_874(1.0),M,IT,UNEM_R,N,9,Y15-74,2022M6G30,2014-06-01,11.31187,,,,,,,,,,,,
IT1:151_874(1.0),M,IT,UNEM_R,N,9,Y15-74,2022M8G1,2014-06-01,11.31187,,,,,,,,,,,,
IT1:151_874(1.0),M,IT,UNEM_R,N,9,Y15-74,2022M9G1,2014-06-01,11.31187,,,,,,,,,,,,
IT1:151_874(1.0),M,IT,UNEM_R,N,9,Y15-74,2022M9G30,2014-06-01,11.31187,,,,,,,,,,,,
IT1:151_874(1.0),M,IT,UNEM_R,N,9,Y15-74,2023M10G2,2014-06-01,11.31187,,,,,,,,,,,,
IT1:151_874(1.0),M,IT,UNEM_R,N,9,Y15-74,2023M11G3,2014-06-01,11.31187,,,,,,,,,,,,
IT1:151_874(1.0),M,IT,UNEM_R,N,9,Y15-74,2023M11G30,2014-06-01,11.31187,,,,,,,,,,,,
IT1:151_874(1.0),M,IT,UNEM_R,N,9,Y15-74,2023M1G31,2014-06-01,11.31187,,,,,,,,,,,,
IT1:151_874(1.0),M,IT,UNEM_R,N,9,Y15-74,2023M1G9,2014-06-01,11.31187,,,,,,,,,,,,
IT1:151_874(1.0),M,IT,UNEM_R,N,9,Y15-74,2023M3G2,2014-06-01,11.31187,,,,,,,,,,,,
IT1:151_874(1.0),M,IT,UNEM_R,N,9,Y15-74,2023M3G30,2014-06-01,11.31187,,,,,,,,,,,,
IT1:151_874(1.0),M,IT,UNEM_R,N,9,Y15-74,2023M5G3,2014-06-01,11.31187,,,,,,,,,,,,
IT1:151_874(1.0),M,IT,UNEM_R,N,9,Y15-74,2023M6G1,2014-06-01,11.31187,,,,,,,,,,,,
IT1:151_874(1.0),M,IT,UNEM_R,N,9,Y15-74,2023M6G30,2014-06-01,11.31187,,,,,,,,,,,,
IT1:151_874(1.0),M,IT,UNEM_R,N,9,Y15-74,2023M8G1,2014-06-01,11.31187,,,,,,,,,,,,
IT1:151_874(1.0),M,IT,UNEM_R,N,9,Y15-74,2023M8G31,2014-06-01,11.31187,,,,,,,,,,,,
IT1:151_874(1.0),M,IT,UNEM_R,N,9,Y15-74,2024M10G2,2014-06-01,11.31187,,,,,,,,,,,,
IT1:151_874(1.0),M,IT,UNEM_R,N,9,Y15-74,2024M10G31,2014-06-01,11.31187,,,,,,,,,,,,
IT1:151_874(1.0),M,IT,UNEM_R,N,9,Y15-74,2024M12G2,2014-06-01,11.31187,,,,,,,,,,,,
IT1:151_874(1.0),M,IT,UNEM_R,N,9,Y15-74,2024M1G31,2014-06-01,11.31187,,,,,,,,,,,,
IT1:151_874(1.0),M,IT,UNEM_R,N,9,Y15-74,2024M1G9,2014-06-01,11.31187,,,,,,,,,,,,
IT1:151_874(1.0),M,IT,UNEM_R,N,9,Y15-74,2024M3G1,2014-06-01,11.31187,,,,,,,,,,,,
IT1:151_874(1.0),M,IT,UNEM_R,N,9,Y15-74,2024M4G3,2014-06-01,11.31187,,,,,,,,,,,,
IT1:151_874(1.0),M,IT,UNEM_R,N,9,Y15-74,2024M5G3,2014-06-01,11.31187,,,,,,,,,,,,
IT1:151_874(1.0),M,IT,UNEM_R,N,9,Y15-74,2024M5G30,2014-06-01,11.31187,,,,,,,,,,,,
IT1:151_874(1.0),M,IT,UNEM_R,N,9,Y15-74,2024M7G2,2014-06-01,11.31187,,,,,,,,,,,,
IT1:151_874(1.0),M,IT,UNEM_R,N,9,Y15-74,2024M8G1,2014-06-01,11.31187,,,,,,,,,,,,
IT1:151_874(1.0),M,IT,UNEM_R,N,9,Y15-74,2024M8G30,2014-06-01,11.31187,,,,,,,,,,,,
IT1:151_874(1.0),M,IT,UNEM_R,N,9,Y15-74,2025M10G2,2014-06-01,11.31187,,,,,,,,,,,,
IT1:151_874(1.0),M,IT,UNEM_R,N,9,Y15-74,2025M10G30,2014-06-01,11.31187,,,,,,,,,,,,
IT1:151_874(1.0),M,IT,UNEM_R,N,9,Y15-74,2025M12G2,2014-06-01,11.31187,,,,,,,,,,,,
IT1:151_874(1.0),M,IT,UNEM_R,N,9,Y15-74,2025M1G30,2014-06-01,11.31187,,,,,,,,,,,,
IT1:151_874(1.0),M,IT,UNEM_R,N,9,Y15-74,2025M1G7,2014-06-01,11.31187,,,,,,,,,,,,
IT1:151_874(1.0),M,IT,UNEM_R,N,9,Y15-74,2025M3G4,2014-06-01,11.31187,,,,,,,,,,,,
IT1:151_874(1.0),M,IT,UNEM_R,N,9,Y15-74,2025M4G1,2014-06-01,11.31187,,,,,,,,,,,,
IT1:151_874(1.0),M,IT,UNEM_R,N,9,Y15-74,2025M5G2,2014-06-01,11.31187,,,,,,,,,,,,
IT1:151_874(1.0),M,IT,UNEM_R,N,9,Y15-74,2025M6G3,2014-06-01,11.31187,,,,,,,,,,,,
IT1:151_874(1.0),M,IT,UNEM_R,N,9,Y15-74,2025M7G2,2014-06-01,11.31187,,,,,,,,,,,,
IT1:151_874(1.0),M,IT,UNEM_R,N,9,Y15-74,2025M7G31,2014-06-01,11.31187,,,,,,,,,,,,
IT1:151_874(1.0),M,IT,UNEM_R,N,9,Y15-74,2025M9G1,2014-06-01,11.31187,,,,,,,,,,,,
IT1:151_874(1.0),M,IT,UNEM_R,N,9,Y15-74,2026M1G30,2014-06-01,11.31187,,,,,,,,,,,,
IT1:151_874(1.0),M,IT,UNEM_R,N,9,Y15-74,2026M1G8,2014-06-01,11.31187,,,,,,,,,,,,
IT1:151_874(1.0),M,IT,UNEM_R,N,9,Y15-74,2026M3G4,2014-06-01,11.31187,,,,,,,,,,,,
IT1:151_874(1.0),M,IT,UNEM_R,N,9,Y15-74,2026M4G1,2014-06-01,11.31187,,,,,,,,,,,,
IT1:151_874(1.0),M,IT,UNEM_R,N,9,Y15-74,2026M4G30,2014-06-01,11.31187,,,,,,,,,,,,
IT1:151_874(1.0),M,IT,UNEM_R,N,9,Y15-74,2022M11G3,2014-07-01,11.930926,,,,,,,,,,,,
IT1:151_874(1.0),M,IT,UNEM_R,N,9,Y15-74,2022M12G1,2014-07-01,11.930926,,,,,,,,,,,,
IT1:151_874(1.0),M,IT,UNEM_R,N,9,Y15-74,2022M2G1,2014-07-01,11.930926,,,,,,,,,,,,
IT1:151_874(1.0),M,IT,UNEM_R,N,9,Y15-74,2022M3G3,2014-07-01,11.930926,,,,,,,,,,,,
IT1:151_874(1.0),M,IT,UNEM_R,N,9,Y15-74,2022M3G31,2014-07-01,11.930926,,,,,,,,,,,,
IT1:151_874(1.0),M,IT,UNEM_R,N,9,Y15-74,2022M5G2,2014-07-01,11.930926,,,,,,,,,,,,
IT1:151_874(1.0),M,IT,UNEM_R,N,9,Y15-74,2022M6G1,2014-07-01,11.930926,,,,,,,,,,,,
IT1:151_874(1.0),M,IT,UNEM_R,N,9,Y15-74,2022M6G30,2014-07-01,11.930926,,,,,,,,,,,,
IT1:151_874(1.0),M,IT,UNEM_R,N,9,Y15-74,2022M8G1,2014-07-01,11.930926,,,,,,,,,,,,
IT1:151_874(1.0),M,IT,UNEM_R,N,9,Y15-74,2022M9G1,2014-07-01,11.930926,,,,,,,,,,,,
IT1:151_874(1.0),M,IT,UNEM_R,N,9,Y15-74,2022M9G30,2014-07-01,11.930926,,,,,,,,,,,,
IT1:151_874(1.0),M,IT,UNEM_R,N,9,Y15-74,2023M10G2,2014-07-01,11.930926,,,,,,,,,,,,
IT1:151_874(1.0),M,IT,UNEM_R,N,9,Y15-74,2023M11G3,2014-07-01,11.930926,,,,,,,,,,,,
IT1:151_874(1.0),M,IT,UNEM_R,N,9,Y15-74,2023M11G30,2014-07-01,11.930926,,,,,,,,,,,,
IT1:151_874(1.0),M,IT,UNEM_R,N,9,Y15-74,2023M1G31,2014-07-01,11.930926,,,,,,,,,,,,
IT1:151_874(1.0),M,IT,UNEM_R,N,9,Y15-74,2023M1G9,2014-07-01,11.930926,,,,,,,,,,,,
IT1:151_874(1.0),M,IT,UNEM_R,N,9,Y15-74,2023M3G2,2014-07-01,11.930926,,,,,,,,,,,,
IT1:151_874(1.0),M,IT,UNEM_R,N,9,Y15-74,2023M3G30,2014-07-01,11.930926,,,,,,,,,,,,
IT1:151_874(1.0),M,IT,UNEM_R,N,9,Y15-74,2023M5G3,2014-07-01,11.930926,,,,,,,,,,,,
IT1:151_874(1.0),M,IT,UNEM_R,N,9,Y15-74,2023M6G1,2014-07-01,11.930926,,,,,,,,,,,,
IT1:151_874(1.0),M,IT,UNEM_R,N,9,Y15-74,2023M6G30,2014-07-01,11.930926,,,,,,,,,,,,
IT1:151_874(1.0),M,IT,UNEM_R,N,9,Y15-74,2023M8G1,2014-07-01,11.930926,,,,,,,,,,,,
IT1:151_874(1.0),M,IT,UNEM_R,N,9,Y15-74,2023M8G31,2014-07-01,11.930926,,,,,,,,,,,,
IT1:151_874(1.0),M,IT,UNEM_R,N,9,Y15-74,2024M10G2,2014-07-01,11.930926,,,,,,,,,,,,
IT1:151_874(1.0),M,IT,UNEM_R,N,9,Y15-74,2024M10G31,2014-07-01,11.930926,,,,,,,,,,,,
IT1:151_874(1.0),M,IT,UNEM_R,N,9,Y15-74,2024M12G2,2014-07-01,11.930926,,,,,,,,,,,,
IT1:151_874(1.0),M,IT,UNEM_R,N,9,Y15-74,2024M1G31,2014-07-01,11.930926,,,,,,,,,,,,
IT1:151_874(1.0),M,IT,UNEM_R,N,9,Y15-74,2024M1G9,2014-07-01,11.930926,,,,,,,,,,,,
IT1:151_874(1.0),M,IT,UNEM_R,N,9,Y15-74,2024M3G1,2014-07-01,11.930926,,,,,,,,,,,,
IT1:151_874(1.0),M,IT,UNEM_R,N,9,Y15-74,2024M4G3,2014-07-01,11.930926,,,,,,,,,,,,
IT1:151_874(1.0),M,IT,UNEM_R,N,9,Y15-74,2024M5G3,2014-07-01,11.930926,,,,,,,,,,,,
IT1:151_874(1.0),M,IT,UNEM_R,N,9,Y15-74,2024M5G30,2014-07-01,11.930926,,,,,,,,,,,,
IT1:151_874(1.0),M,IT,UNEM_R,N,9,Y15-74,2024M7G2,2014-07-01,11.930926,,,,,,,,,,,,
IT1:151_874(1.0),M,IT,UNEM_R,N,9,Y15-74,2024M8G1,2014-07-01,11.930926,,,,,,,,,,,,
IT1:151_874(1.0),M,IT,UNEM_R,N,9,Y15-74,2024M8G30,2014-07-01,11.930926,,,,,,,,,,,,
IT1:151_874(1.0),M,IT,UNEM_R,N,9,Y15-74,2025M10G2,2014-07-01,11.930926,,,,,,,,,,,,
IT1:151_874(1.0),M,IT,UNEM_R,N,9,Y15-74,2025M10G30,2014-07-01,11.930926,,,,,,,,,,,,
IT1:151_874(1.0),M,IT,UNEM_R,N,9,Y15-74,2025M12G2,2014-07-01,11.930926,,,,,,,,,,,,
IT1:151_874(1.0),M,IT,UNEM_R,N,9,Y15-74,2025M1G30,2014-07-01,11.930926,,,,,,,,,,,,
IT1:151_874(1.0),M,IT,UNEM_R,N,9,Y15-74,2025M1G7,2014-07-01,11.930926,,,,,,,,,,,,
IT1:151_874(1.0),M,IT,UNEM_R,N,9,Y15-74,2025M3G4,2014-07-01,11.930926,,,,,,,,,,,,
IT1:151_874(1.0),M,IT,UNEM_R,N,9,Y15-74,2025M4G1,2014-07-01,11.930926,,,,,,,,,,,,
IT1:151_874(1.0),M,IT,UNEM_R,N,9,Y15-74,2025M5G2,2014-07-01,11.930926,,,,,,,,,,,,
IT1:151_874(1.0),M,IT,UNEM_R,N,9,Y15-74,2025M6G3,2014-07-01,11.930926,,,,,,,,,,,,
IT1:151_874(1.0),M,IT,UNEM_R,N,9,Y15-74,2025M7G2,2014-07-01,11.930926,,,,,,,,,,,,
IT1:151_874(1.0),M,IT,UNEM_R,N,9,Y15-74,2025M7G31,2014-07-01,11.930926,,,,,,,,,,,,
IT1:151_874(1.0),M,IT,UNEM_R,N,9,Y15-74,2025M9G1,2014-07-01,11.930926,,,,,,,,,,,,
IT1:151_874(1.0),M,IT,UNEM_R,N,9,Y15-74,2026M1G30,2014-07-01,11.930926,,,,,,,,,,,,
IT1:151_874(1.0),M,IT,UNEM_R,N,9,Y15-74,2026M1G8,2014-07-01,11.930926,,,,,,,,,,,,
IT1:151_874(1.0),M,IT,UNEM_R,N,9,Y15-74,2026M3G4,2014-07-01,11.930926,,,,,,,,,,,,
IT1:151_874(1.0),M,IT,UNEM_R,N,9,Y15-74,2026M4G1,2014-07-01,11.930926,,,,,,,,,,,,
IT1:151_874(1.0),M,IT,UNEM_R,N,9,Y15-74,2026M4G30,2014-07-01,11.930926,,,,,,,,,,,,
IT1:151_874(1.0),M,IT,UNEM_R,N,9,Y15-74,2022M11G3,2014-08-01,11.006051,,,,,,,,,,,,
IT1:151_874(1.0),M,IT,UNEM_R,N,9,Y15-74,2022M12G1,2014-08-01,11.006051,,,,,,,,,,,,
IT1:151_874(1.0),M,IT,UNEM_R,N,9,Y15-74,2022M2G1,2014-08-01,11.006051,,,,,,,,,,,,
IT1:151_874(1.0),M,IT,UNEM_R,N,9,Y15-74,2022M3G3,2014-08-01,11.006051,,,,,,,,,,,,
IT1:151_874(1.0),M,IT,UNEM_R,N,9,Y15-74,2022M3G31,2014-08-01,11.006051,,,,,,,,,,,,
IT1:151_874(1.0),M,IT,UNEM_R,N,9,Y15-74,2022M5G2,2014-08-01,11.006051,,,,,,,,,,,,
IT1:151_874(1.0),M,IT,UNEM_R,N,9,Y15-74,2022M6G1,2014-08-01,11.006051,,,,,,,,,,,,
IT1:151_874(1.0),M,IT,UNEM_R,N,9,Y15-74,2022M6G30,2014-08-01,11.006051,,,,,,,,,,,,
IT1:151_874(1.0),M,IT,UNEM_R,N,9,Y15-74,2022M8G1,2014-08-01,11.006051,,,,,,,,,,,,
IT1:151_874(1.0),M,IT,UNEM_R,N,9,Y15-74,2022M9G1,2014-08-01,11.006051,,,,,,,,,,,,
IT1:151_874(1.0),M,IT,UNEM_R,N,9,Y15-74,2022M9G30,2014-08-01,11.006051,,,,,,,,,,,,
IT1:151_874(1.0),M,IT,UNEM_R,N,9,Y15-74,2023M10G2,2014-08-01,11.006051,,,,,,,,,,,,
IT1:151_874(1.0),M,IT,UNEM_R,N,9,Y15-74,2023M11G3,2014-08-01,11.006051,,,,,,,,,,,,
IT1:151_874(1.0),M,IT,UNEM_R,N,9,Y15-74,2023M11G30,2014-08-01,11.006051,,,,,,,,,,,,
IT1:151_874(1.0),M,IT,UNEM_R,N,9,Y15-74,2023M1G31,2014-08-01,11.006051,,,,,,,,,,,,
IT1:151_874(1.0),M,IT,UNEM_R,N,9,Y15-74,2023M1G9,2014-08-01,11.006051,,,,,,,,,,,,
IT1:151_874(1.0),M,IT,UNEM_R,N,9,Y15-74,2023M3G2,2014-08-01,11.006051,,,,,,,,,,,,
IT1:151_874(1.0),M,IT,UNEM_R,N,9,Y15-74,2023M3G30,2014-08-01,11.006051,,,,,,,,,,,,
IT1:151_874(1.0),M,IT,UNEM_R,N,9,Y15-74,2023M5G3,2014-08-01,11.006051,,,,,,,,,,,,
IT1:151_874(1.0),M,IT,UNEM_R,N,9,Y15-74,2023M6G1,2014-08-01,11.006051,,,,,,,,,,,,
IT1:151_874(1.0),M,IT,UNEM_R,N,9,Y15-74,2023M6G30,2014-08-01,11.006051,,,,,,,,,,,,
IT1:151_874(1.0),M,IT,UNEM_R,N,9,Y15-74,2023M8G1,2014-08-01,11.006051,,,,,,,,,,,,
IT1:151_874(1.0),M,IT,UNEM_R,N,9,Y15-74,2023M8G31,2014-08-01,11.006051,,,,,,,,,,,,
IT1:151_874(1.0),M,IT,UNEM_R,N,9,Y15-74,2024M10G2,2014-08-01,11.006051,,,,,,,,,,,,
IT1:151_874(1.0),M,IT,UNEM_R,N,9,Y15-74,2024M10G31,2014-08-01,11.006051,,,,,,,,,,,,
IT1:151_874(1.0),M,IT,UNEM_R,N,9,Y15-74,2024M12G2,2014-08-01,11.006051,,,,,,,,,,,,
IT1:151_874(1.0),M,IT,UNEM_R,N,9,Y15-74,2024M1G31,2014-08-01,11.006051,,,,,,,,,,,,
IT1:151_874(1.0),M,IT,UNEM_R,N,9,Y15-74,2024M1G9,2014-08-01,11.006051,,,,,,,,,,,,
IT1:151_874(1.0),M,IT,UNEM_R,N,9,Y15-74,2024M3G1,2014-08-01,11.006051,,,,,,,,,,,,
IT1:151_874(1.0),M,IT,UNEM_R,N,9,Y15-74,2024M4G3,2014-08-01,11.006051,,,,,,,,,,,,
IT1:151_874(1.0),M,IT,UNEM_R,N,9,Y15-74,2024M5G3,2014-08-01,11.006051,,,,,,,,,,,,
IT1:151_874(1.0),M,IT,UNEM_R,N,9,Y15-74,2024M5G30,2014-08-01,11.006051,,,,,,,,,,,,
IT1:151_874(1.0),M,IT,UNEM_R,N,9,Y15-74,2024M7G2,2014-08-01,11.006051,,,,,,,,,,,,
IT1:151_874(1.0),M,IT,UNEM_R,N,9,Y15-74,2024M8G1,2014-08-01,11.006051,,,,,,,,,,,,
IT1:151_874(1.0),M,IT,UNEM_R,N,9,Y15-74,2024M8G30,2014-08-01,11.006051,,,,,,,,,,,,
IT1:151_874(1.0),M,IT,UNEM_R,N,9,Y15-74,2025M10G2,2014-08-01,11.006051,,,,,,,,,,,,
IT1:151_874(1.0),M,IT,UNEM_R,N,9,Y15-74,2025M10G30,2014-08-01,11.006051,,,,,,,,,,,,
IT1:151_874(1.0),M,IT,UNEM_R,N,9,Y15-74,2025M12G2,2014-08-01,11.006051,,,,,,,,,,,,
IT1:151_874(1.0),M,IT,UNEM_R,N,9,Y15-74,2025M1G30,2014-08-01,11.006051,,,,,,,,,,,,
IT1:151_874(1.0),M,IT,UNEM_R,N,9,Y15-74,2025M1G7,2014-08-01,11.006051,,,,,,,,,,,,
IT1:151_874(1.0),M,IT,UNEM_R,N,9,Y15-74,2025M3G4,2014-08-01,11.006051,,,,,,,,,,,,
IT1:151_874(1.0),M,IT,UNEM_R,N,9,Y15-74,2025M4G1,2014-08-01,11.006051,,,,,,,,,,,,
IT1:151_874(1.0),M,IT,UNEM_R,N,9,Y15-74,2025M5G2,2014-08-01,11.006051,,,,,,,,,,,,
IT1:151_874(1.0),M,IT,UNEM_R,N,9,Y15-74,2025M6G3,2014-08-01,11.006051,,,,,,,,,,,,
IT1:151_874(1.0),M,IT,UNEM_R,N,9,Y15-74,2025M7G2,2014-08-01,11.006051,,,,,,,,,,,,
IT1:151_874(1.0),M,IT,UNEM_R,N,9,Y15-74,2025M7G31,2014-08-01,11.006051,,,,,,,,,,,,
IT1:151_874(1.0),M,IT,UNEM_R,N,9,Y15-74,2025M9G1,2014-08-01,11.006051,,,,,,,,,,,,
IT1:151_874(1.0),M,IT,UNEM_R,N,9,Y15-74,2026M1G30,2014-08-01,11.006051,,,,,,,,,,,,
IT1:151_874(1.0),M,IT,UNEM_R,N,9,Y15-74,2026M1G8,2014-08-01,11.006051,,,,,,,,,,,,
IT1:151_874(1.0),M,IT,UNEM_R,N,9,Y15-74,2026M3G4,2014-08-01,11.006051,,,,,,,,,,,,
IT1:151_874(1.0),M,IT,UNEM_R,N,9,Y15-74,2026M4G1,2014-08-01,11.006051,,,,,,,,,,,,
IT1:151_874(1.0),M,IT,UNEM_R,N,9,Y15-74,2026M4G30,2014-08-01,11.006051,,,,,,,,,,,,
IT1:151_874(1.0),M,IT,UNEM_R,N,9,Y15-74,2022M11G3,2014-09-01,12.680205,,,,,,,,,,,,
IT1:151_874(1.0),M,IT,UNEM_R,N,9,Y15-74,2022M12G1,2014-09-01,12.680205,,,,,,,,,,,,
IT1:151_874(1.0),M,IT,UNEM_R,N,9,Y15-74,2022M2G1,2014-09-01,12.680205,,,,,,,,,,,,
IT1:151_874(1.0),M,IT,UNEM_R,N,9,Y15-74,2022M3G3,2014-09-01,12.680205,,,,,,,,,,,,
IT1:151_874(1.0),M,IT,UNEM_R,N,9,Y15-74,2022M3G31,2014-09-01,12.680205,,,,,,,,,,,,
IT1:151_874(1.0),M,IT,UNEM_R,N,9,Y15-74,2022M5G2,2014-09-01,12.680205,,,,,,,,,,,,
IT1:151_874(1.0),M,IT,UNEM_R,N,9,Y15-74,2022M6G1,2014-09-01,12.680205,,,,,,,,,,,,
IT1:151_874(1.0),M,IT,UNEM_R,N,9,Y15-74,2022M6G30,2014-09-01,12.680205,,,,,,,,,,,,
IT1:151_874(1.0),M,IT,UNEM_R,N,9,Y15-74,2022M8G1,2014-09-01,12.680205,,,,,,,,,,,,
IT1:151_874(1.0),M,IT,UNEM_R,N,9,Y15-74,2022M9G1,2014-09-01,12.680205,,,,,,,,,,,,
IT1:151_874(1.0),M,IT,UNEM_R,N,9,Y15-74,2022M9G30,2014-09-01,12.680205,,,,,,,,,,,,
IT1:151_874(1.0),M,IT,UNEM_R,N,9,Y15-74,2023M10G2,2014-09-01,12.680205,,,,,,,,,,,,
IT1:151_874(1.0),M,IT,UNEM_R,N,9,Y15-74,2023M11G3,2014-09-01,12.680205,,,,,,,,,,,,
IT1:151_874(1.0),M,IT,UNEM_R,N,9,Y15-74,2023M11G30,2014-09-01,12.680205,,,,,,,,,,,,
IT1:151_874(1.0),M,IT,UNEM_R,N,9,Y15-74,2023M1G31,2014-09-01,12.680205,,,,,,,,,,,,
IT1:151_874(1.0),M,IT,UNEM_R,N,9,Y15-74,2023M1G9,2014-09-01,12.680205,,,,,,,,,,,,
IT1:151_874(1.0),M,IT,UNEM_R,N,9,Y15-74,2023M3G2,2014-09-01,12.680205,,,,,,,,,,,,
IT1:151_874(1.0),M,IT,UNEM_R,N,9,Y15-74,2023M3G30,2014-09-01,12.680205,,,,,,,,,,,,
IT1:151_874(1.0),M,IT,UNEM_R,N,9,Y15-74,2023M5G3,2014-09-01,12.680205,,,,,,,,,,,,
IT1:151_874(1.0),M,IT,UNEM_R,N,9,Y15-74,2023M6G1,2014-09-01,12.680205,,,,,,,,,,,,
IT1:151_874(1.0),M,IT,UNEM_R,N,9,Y15-74,2023M6G30,2014-09-01,12.680205,,,,,,,,,,,,
IT1:151_874(1.0),M,IT,UNEM_R,N,9,Y15-74,2023M8G1,2014-09-01,12.680205,,,,,,,,,,,,
IT1:151_874(1.0),M,IT,UNEM_R,N,9,Y15-74,2023M8G31,2014-09-01,12.680205,,,,,,,,,,,,
IT1:151_874(1.0),M,IT,UNEM_R,N,9,Y15-74,2024M10G2,2014-09-01,12.680205,,,,,,,,,,,,
IT1:151_874(1.0),M,IT,UNEM_R,N,9,Y15-74,2024M10G31,2014-09-01,12.680205,,,,,,,,,,,,
IT1:151_874(1.0),M,IT,UNEM_R,N,9,Y15-74,2024M12G2,2014-09-01,12.680205,,,,,,,,,,,,
IT1:151_874(1.0),M,IT,UNEM_R,N,9,Y15-74,2024M1G31,2014-09-01,12.680205,,,,,,,,,,,,
IT1:151_874(1.0),M,IT,UNEM_R,N,9,Y15-74,2024M1G9,2014-09-01,12.680205,,,,,,,,,,,,
IT1:151_874(1.0),M,IT,UNEM_R,N,9,Y15-74,2024M3G1,2014-09-01,12.680205,,,,,,,,,,,,
IT1:151_874(1.0),M,IT,UNEM_R,N,9,Y15-74,2024M4G3,2014-09-01,12.680205,,,,,,,,,,,,
IT1:151_874(1.0),M,IT,UNEM_R,N,9,Y15-74,2024M5G3,2014-09-01,12.680205,,,,,,,,,,,,
IT1:151_874(1.0),M,IT,UNEM_R,N,9,Y15-74,2024M5G30,2014-09-01,12.680205,,,,,,,,,,,,
IT1:151_874(1.0),M,IT,UNEM_R,N,9,Y15-74,2024M7G2,2014-09-01,12.680205,,,,,,,,,,,,
IT1:151_874(1.0),M,IT,UNEM_R,N,9,Y15-74,2024M8G1,2014-09-01,12.680205,,,,,,,,,,,,
IT1:151_874(1.0),M,IT,UNEM_R,N,9,Y15-74,2024M8G30,2014-09-01,12.680205,,,,,,,,,,,,
IT1:151_874(1.0),M,IT,UNEM_R,N,9,Y15-74,2025M10G2,2014-09-01,12.680205,,,,,,,,,,,,
IT1:151_874(1.0),M,IT,UNEM_R,N,9,Y15-74,2025M10G30,2014-09-01,12.680205,,,,,,,,,,,,
IT1:151_874(1.0),M,IT,UNEM_R,N,9,Y15-74,2025M12G2,2014-09-01,12.680205,,,,,,,,,,,,
IT1:151_874(1.0),M,IT,UNEM_R,N,9,Y15-74,2025M1G30,2014-09-01,12.680205,,,,,,,,,,,,
IT1:151_874(1.0),M,IT,UNEM_R,N,9,Y15-74,2025M1G7,2014-09-01,12.680205,,,,,,,,,,,,
IT1:151_874(1.0),M,IT,UNEM_R,N,9,Y15-74,2025M3G4,2014-09-01,12.680205,,,,,,,,,,,,
IT1:151_874(1.0),M,IT,UNEM_R,N,9,Y15-74,2025M4G1,2014-09-01,12.680205,,,,,,,,,,,,
IT1:151_874(1.0),M,IT,UNEM_R,N,9,Y15-74,2025M5G2,2014-09-01,12.680205,,,,,,,,,,,,
IT1:151_874(1.0),M,IT,UNEM_R,N,9,Y15-74,2025M6G3,2014-09-01,12.680205,,,,,,,,,,,,
IT1:151_874(1.0),M,IT,UNEM_R,N,9,Y15-74,2025M7G2,2014-09-01,12.680205,,,,,,,,,,,,
IT1:151_874(1.0),M,IT,UNEM_R,N,9,Y15-74,2025M7G31,2014-09-01,12.680205,,,,,,,,,,,,
IT1:151_874(1.0),M,IT,UNEM_R,N,9,Y15-74,2025M9G1,2014-09-01,12.680205,,,,,,,,,,,,
IT1:151_874(1.0),M,IT,UNEM_R,N,9,Y15-74,2026M1G30,2014-09-01,12.680205,,,,,,,,,,,,
IT1:151_874(1.0),M,IT,UNEM_R,N,9,Y15-74,2026M1G8,2014-09-01,12.680205,,,,,,,,,,,,
IT1:151_874(1.0),M,IT,UNEM_R,N,9,Y15-74,2026M3G4,2014-09-01,12.680205,,,,,,,,,,,,
IT1:151_874(1.0),M,IT,UNEM_R,N,9,Y15-74,2026M4G1,2014-09-01,12.680205,,,,,,,,,,,,
IT1:151_874(1.0),M,IT,UNEM_R,N,9,Y15-74,2026M4G30,2014-09-01,12.680205,,,,,,,,,,,,
IT1:151_874(1.0),M,IT,UNEM_R,N,9,Y15-74,2022M11G3,2014-10-01,13.591094,,,,,,,,,,,,
IT1:151_874(1.0),M,IT,UNEM_R,N,9,Y15-74,2022M12G1,2014-10-01,13.591094,,,,,,,,,,,,
IT1:151_874(1.0),M,IT,UNEM_R,N,9,Y15-74,2022M2G1,2014-10-01,13.591094,,,,,,,,,,,,
IT1:151_874(1.0),M,IT,UNEM_R,N,9,Y15-74,2022M3G3,2014-10-01,13.591094,,,,,,,,,,,,
IT1:151_874(1.0),M,IT,UNEM_R,N,9,Y15-74,2022M3G31,2014-10-01,13.591094,,,,,,,,,,,,
IT1:151_874(1.0),M,IT,UNEM_R,N,9,Y15-74,2022M5G2,2014-10-01,13.591094,,,,,,,,,,,,
IT1:151_874(1.0),M,IT,UNEM_R,N,9,Y15-74,2022M6G1,2014-10-01,13.591094,,,,,,,,,,,,
IT1:151_874(1.0),M,IT,UNEM_R,N,9,Y15-74,2022M6G30,2014-10-01,13.591094,,,,,,,,,,,,
IT1:151_874(1.0),M,IT,UNEM_R,N,9,Y15-74,2022M8G1,2014-10-01,13.591094,,,,,,,,,,,,
IT1:151_874(1.0),M,IT,UNEM_R,N,9,Y15-74,2022M9G1,2014-10-01,13.591094,,,,,,,,,,,,
IT1:151_874(1.0),M,IT,UNEM_R,N,9,Y15-74,2022M9G30,2014-10-01,13.591094,,,,,,,,,,,,
IT1:151_874(1.0),M,IT,UNEM_R,N,9,Y15-74,2023M10G2,2014-10-01,13.591094,,,,,,,,,,,,
IT1:151_874(1.0),M,IT,UNEM_R,N,9,Y15-74,2023M11G3,2014-10-01,13.591094,,,,,,,,,,,,
IT1:151_874(1.0),M,IT,UNEM_R,N,9,Y15-74,2023M11G30,2014-10-01,13.591094,,,,,,,,,,,,
IT1:151_874(1.0),M,IT,UNEM_R,N,9,Y15-74,2023M1G31,2014-10-01,13.591094,,,,,,,,,,,,
IT1:151_874(1.0),M,IT,UNEM_R,N,9,Y15-74,2023M1G9,2014-10-01,13.591094,,,,,,,,,,,,
IT1:151_874(1.0),M,IT,UNEM_R,N,9,Y15-74,2023M3G2,2014-10-01,13.591094,,,,,,,,,,,,
IT1:151_874(1.0),M,IT,UNEM_R,N,9,Y15-74,2023M3G30,2014-10-01,13.591094,,,,,,,,,,,,
IT1:151_874(1.0),M,IT,UNEM_R,N,9,Y15-74,2023M5G3,2014-10-01,13.591094,,,,,,,,,,,,
IT1:151_874(1.0),M,IT,UNEM_R,N,9,Y15-74,2023M6G1,2014-10-01,13.591094,,,,,,,,,,,,
IT1:151_874(1.0),M,IT,UNEM_R,N,9,Y15-74,2023M6G30,2014-10-01,13.591094,,,,,,,,,,,,
IT1:151_874(1.0),M,IT,UNEM_R,N,9,Y15-74,2023M8G1,2014-10-01,13.591094,,,,,,,,,,,,
IT1:151_874(1.0),M,IT,UNEM_R,N,9,Y15-74,2023M8G31,2014-10-01,13.591094,,,,,,,,,,,,
IT1:151_874(1.0),M,IT,UNEM_R,N,9,Y15-74,2024M10G2,2014-10-01,13.591094,,,,,,,,,,,,
IT1:151_874(1.0),M,IT,UNEM_R,N,9,Y15-74,2024M10G31,2014-10-01,13.591094,,,,,,,,,,,,
IT1:151_874(1.0),M,IT,UNEM_R,N,9,Y15-74,2024M12G2,2014-10-01,13.591094,,,,,,,,,,,,
IT1:151_874(1.0),M,IT,UNEM_R,N,9,Y15-74,2024M1G31,2014-10-01,13.591094,,,,,,,,,,,,
IT1:151_874(1.0),M,IT,UNEM_R,N,9,Y15-74,2024M1G9,2014-10-01,13.591094,,,,,,,,,,,,
IT1:151_874(1.0),M,IT,UNEM_R,N,9,Y15-74,2024M3G1,2014-10-01,13.591094,,,,,,,,,,,,
IT1:151_874(1.0),M,IT,UNEM_R,N,9,Y15-74,2024M4G3,2014-10-01,13.591094,,,,,,,,,,,,
IT1:151_874(1.0),M,IT,UNEM_R,N,9,Y15-74,2024M5G3,2014-10-01,13.591094,,,,,,,,,,,,
IT1:151_874(1.0),M,IT,UNEM_R,N,9,Y15-74,2024M5G30,2014-10-01,13.591094,,,,,,,,,,,,
IT1:151_874(1.0),M,IT,UNEM_R,N,9,Y15-74,2024M7G2,2014-10-01,13.591094,,,,,,,,,,,,
IT1:151_874(1.0),M,IT,UNEM_R,N,9,Y15-74,2024M8G1,2014-10-01,13.591094,,,,,,,,,,,,
IT1:151_874(1.0),M,IT,UNEM_R,N,9,Y15-74,2024M8G30,2014-10-01,13.591094,,,,,,,,,,,,
IT1:151_874(1.0),M,IT,UNEM_R,N,9,Y15-74,2025M10G2,2014-10-01,13.591094,,,,,,,,,,,,
IT1:151_874(1.0),M,IT,UNEM_R,N,9,Y15-74,2025M10G30,2014-10-01,13.591094,,,,,,,,,,,,
IT1:151_874(1.0),M,IT,UNEM_R,N,9,Y15-74,2025M12G2,2014-10-01,13.591094,,,,,,,,,,,,
IT1:151_874(1.0),M,IT,UNEM_R,N,9,Y15-74,2025M1G30,2014-10-01,13.591094,,,,,,,,,,,,
IT1:151_874(1.0),M,IT,UNEM_R,N,9,Y15-74,2025M1G7,2014-10-01,13.591094,,,,,,,,,,,,
IT1:151_874(1.0),M,IT,UNEM_R,N,9,Y15-74,2025M3G4,2014-10-01,13.591094,,,,,,,,,,,,
IT1:151_874(1.0),M,IT,UNEM_R,N,9,Y15-74,2025M4G1,2014-10-01,13.591094,,,,,,,,,,,,
IT1:151_874(1.0),M,IT,UNEM_R,N,9,Y15-74,2025M5G2,2014-10-01,13.591094,,,,,,,,,,,,
IT1:151_874(1.0),M,IT,UNEM_R,N,9,Y15-74,2025M6G3,2014-10-01,13.591094,,,,,,,,,,,,
IT1:151_874(1.0),M,IT,UNEM_R,N,9,Y15-74,2025M7G2,2014-10-01,13.591094,,,,,,,,,,,,
IT1:151_874(1.0),M,IT,UNEM_R,N,9,Y15-74,2025M7G31,2014-10-01,13.591094,,,,,,,,,,,,
IT1:151_874(1.0),M,IT,UNEM_R,N,9,Y15-74,2025M9G1,2014-10-01,13.591094,,,,,,,,,,,,
IT1:151_874(1.0),M,IT,UNEM_R,N,9,Y15-74,2026M1G30,2014-10-01,13.591094,,,,,,,,,,,,
IT1:151_874(1.0),M,IT,UNEM_R,N,9,Y15-74,2026M1G8,2014-10-01,13.591094,,,,,,,,,,,,
IT1:151_874(1.0),M,IT,UNEM_R,N,9,Y15-74,2026M3G4,2014-10-01,13.591094,,,,,,,,,,,,
IT1:151_874(1.0),M,IT,UNEM_R,N,9,Y15-74,2026M4G1,2014-10-01,13.591094,,,,,,,,,,,,
IT1:151_874(1.0),M,IT,UNEM_R,N,9,Y15-74,2026M4G30,2014-10-01,13.591094,,,,,,,,,,,,
IT1:151_874(1.0),M,IT,UNEM_R,N,9,Y15-74,2022M11G3,2014-11-01,14.427034,,,,,,,,,,,,
IT1:151_874(1.0),M,IT,UNEM_R,N,9,Y15-74,2022M12G1,2014-11-01,14.427034,,,,,,,,,,,,
IT1:151_874(1.0),M,IT,UNEM_R,N,9,Y15-74,2022M2G1,2014-11-01,14.427034,,,,,,,,,,,,
IT1:151_874(1.0),M,IT,UNEM_R,N,9,Y15-74,2022M3G3,2014-11-01,14.427034,,,,,,,,,,,,
IT1:151_874(1.0),M,IT,UNEM_R,N,9,Y15-74,2022M3G31,2014-11-01,14.427034,,,,,,,,,,,,
IT1:151_874(1.0),M,IT,UNEM_R,N,9,Y15-74,2022M5G2,2014-11-01,14.427034,,,,,,,,,,,,
IT1:151_874(1.0),M,IT,UNEM_R,N,9,Y15-74,2022M6G1,2014-11-01,14.427034,,,,,,,,,,,,
IT1:151_874(1.0),M,IT,UNEM_R,N,9,Y15-74,2022M6G30,2014-11-01,14.427034,,,,,,,,,,,,
IT1:151_874(1.0),M,IT,UNEM_R,N,9,Y15-74,2022M8G1,2014-11-01,14.427034,,,,,,,,,,,,
IT1:151_874(1.0),M,IT,UNEM_R,N,9,Y15-74,2022M9G1,2014-11-01,14.427034,,,,,,,,,,,,
IT1:151_874(1.0),M,IT,UNEM_R,N,9,Y15-74,2022M9G30,2014-11-01,14.427034,,,,,,,,,,,,
IT1:151_874(1.0),M,IT,UNEM_R,N,9,Y15-74,2023M10G2,2014-11-01,14.427034,,,,,,,,,,,,
IT1:151_874(1.0),M,IT,UNEM_R,N,9,Y15-74,2023M11G3,2014-11-01,14.427034,,,,,,,,,,,,
IT1:151_874(1.0),M,IT,UNEM_R,N,9,Y15-74,2023M11G30,2014-11-01,14.427034,,,,,,,,,,,,
IT1:151_874(1.0),M,IT,UNEM_R,N,9,Y15-74,2023M1G31,2014-11-01,14.427034,,,,,,,,,,,,
IT1:151_874(1.0),M,IT,UNEM_R,N,9,Y15-74,2023M1G9,2014-11-01,14.427034,,,,,,,,,,,,
IT1:151_874(1.0),M,IT,UNEM_R,N,9,Y15-74,2023M3G2,2014-11-01,14.427034,,,,,,,,,,,,
IT1:151_874(1.0),M,IT,UNEM_R,N,9,Y15-74,2023M3G30,2014-11-01,14.427034,,,,,,,,,,,,
IT1:151_874(1.0),M,IT,UNEM_R,N,9,Y15-74,2023M5G3,2014-11-01,14.427034,,,,,,,,,,,,
IT1:151_874(1.0),M,IT,UNEM_R,N,9,Y15-74,2023M6G1,2014-11-01,14.427034,,,,,,,,,,,,
IT1:151_874(1.0),M,IT,UNEM_R,N,9,Y15-74,2023M6G30,2014-11-01,14.427034,,,,,,,,,,,,
IT1:151_874(1.0),M,IT,UNEM_R,N,9,Y15-74,2023M8G1,2014-11-01,14.427034,,,,,,,,,,,,
IT1:151_874(1.0),M,IT,UNEM_R,N,9,Y15-74,2023M8G31,2014-11-01,14.427034,,,,,,,,,,,,
IT1:151_874(1.0),M,IT,UNEM_R,N,9,Y15-74,2024M10G2,2014-11-01,14.427034,,,,,,,,,,,,
IT1:151_874(1.0),M,IT,UNEM_R,N,9,Y15-74,2024M10G31,2014-11-01,14.427034,,,,,,,,,,,,
IT1:151_874(1.0),M,IT,UNEM_R,N,9,Y15-74,2024M12G2,2014-11-01,14.427034,,,,,,,,,,,,
IT1:151_874(1.0),M,IT,UNEM_R,N,9,Y15-74,2024M1G31,2014-11-01,14.427034,,,,,,,,,,,,
IT1:151_874(1.0),M,IT,UNEM_R,N,9,Y15-74,2024M1G9,2014-11-01,14.427034,,,,,,,,,,,,
IT1:151_874(1.0),M,IT,UNEM_R,N,9,Y15-74,2024M3G1,2014-11-01,14.427034,,,,,,,,,,,,
IT1:151_874(1.0),M,IT,UNEM_R,N,9,Y15-74,2024M4G3,2014-11-01,14.427034,,,,,,,,,,,,
IT1:151_874(1.0),M,IT,UNEM_R,N,9,Y15-74,2024M5G3,2014-11-01,14.427034,,,,,,,,,,,,
IT1:151_874(1.0),M,IT,UNEM_R,N,9,Y15-74,2024M5G30,2014-11-01,14.427034,,,,,,,,,,,,
IT1:151_874(1.0),M,IT,UNEM_R,N,9,Y15-74,2024M7G2,2014-11-01,14.427034,,,,,,,,,,,,
IT1:151_874(1.0),M,IT,UNEM_R,N,9,Y15-74,2024M8G1,2014-11-01,14.427034,,,,,,,,,,,,
IT1:151_874(1.0),M,IT,UNEM_R,N,9,Y15-74,2024M8G30,2014-11-01,14.427034,,,,,,,,,,,,
IT1:151_874(1.0),M,IT,UNEM_R,N,9,Y15-74,2025M10G2,2014-11-01,14.427034,,,,,,,,,,,,
IT1:151_874(1.0),M,IT,UNEM_R,N,9,Y15-74,2025M10G30,2014-11-01,14.427034,,,,,,,,,,,,
IT1:151_874(1.0),M,IT,UNEM_R,N,9,Y15-74,2025M12G2,2014-11-01,14.427034,,,,,,,,,,,,
IT1:151_874(1.0),M,IT,UNEM_R,N,9,Y15-74,2025M1G30,2014-11-01,14.427034,,,,,,,,,,,,
IT1:151_874(1.0),M,IT,UNEM_R,N,9,Y15-74,2025M1G7,2014-11-01,14.427034,,,,,,,,,,,,
IT1:151_874(1.0),M,IT,UNEM_R,N,9,Y15-74,2025M3G4,2014-11-01,14.427034,,,,,,,,,,,,
IT1:151_874(1.0),M,IT,UNEM_R,N,9,Y15-74,2025M4G1,2014-11-01,14.427034,,,,,,,,,,,,
IT1:151_874(1.0),M,IT,UNEM_R,N,9,Y15-74,2025M5G2,2014-11-01,14.427034,,,,,,,,,,,,
IT1:151_874(1.0),M,IT,UNEM_R,N,9,Y15-74,2025M6G3,2014-11-01,14.427034,,,,,,,,,,,,
IT1:151_874(1.0),M,IT,UNEM_R,N,9,Y15-74,2025M7G2,2014-11-01,14.427034,,,,,,,,,,,,
IT1:151_874(1.0),M,IT,UNEM_R,N,9,Y15-74,2025M7G31,2014-11-01,14.427034,,,,,,,,,,,,
IT1:151_874(1.0),M,IT,UNEM_R,N,9,Y15-74,2025M9G1,2014-11-01,14.427034,,,,,,,,,,,,
IT1:151_874(1.0),M,IT,UNEM_R,N,9,Y15-74,2026M1G30,2014-11-01,14.427034,,,,,,,,,,,,
IT1:151_874(1.0),M,IT,UNEM_R,N,9,Y15-74,2026M1G8,2014-11-01,14.427034,,,,,,,,,,,,
IT1:151_874(1.0),M,IT,UNEM_R,N,9,Y15-74,2026M3G4,2014-11-01,14.427034,,,,,,,,,,,,
IT1:151_874(1.0),M,IT,UNEM_R,N,9,Y15-74,2026M4G1,2014-11-01,14.427034,,,,,,,,,,,,
IT1:151_874(1.0),M,IT,UNEM_R,N,9,Y15-74,2026M4G30,2014-11-01,14.427034,,,,,,,,,,,,
IT1:151_874(1.0),M,IT,UNEM_R,N,9,Y15-74,2022M11G3,2014-12-01,12.113478,,,,,,,,,,,,
IT1:151_874(1.0),M,IT,UNEM_R,N,9,Y15-74,2022M12G1,2014-12-01,12.113478,,,,,,,,,,,,
IT1:151_874(1.0),M,IT,UNEM_R,N,9,Y15-74,2022M2G1,2014-12-01,12.113478,,,,,,,,,,,,
IT1:151_874(1.0),M,IT,UNEM_R,N,9,Y15-74,2022M3G3,2014-12-01,12.113478,,,,,,,,,,,,
IT1:151_874(1.0),M,IT,UNEM_R,N,9,Y15-74,2022M3G31,2014-12-01,12.113478,,,,,,,,,,,,
IT1:151_874(1.0),M,IT,UNEM_R,N,9,Y15-74,2022M5G2,2014-12-01,12.113478,,,,,,,,,,,,
IT1:151_874(1.0),M,IT,UNEM_R,N,9,Y15-74,2022M6G1,2014-12-01,12.113478,,,,,,,,,,,,
IT1:151_874(1.0),M,IT,UNEM_R,N,9,Y15-74,2022M6G30,2014-12-01,12.113478,,,,,,,,,,,,
IT1:151_874(1.0),M,IT,UNEM_R,N,9,Y15-74,2022M8G1,2014-12-01,12.113478,,,,,,,,,,,,
IT1:151_874(1.0),M,IT,UNEM_R,N,9,Y15-74,2022M9G1,2014-12-01,12.113478,,,,,,,,,,,,
IT1:151_874(1.0),M,IT,UNEM_R,N,9,Y15-74,2022M9G30,2014-12-01,12.113478,,,,,,,,,,,,
IT1:151_874(1.0),M,IT,UNEM_R,N,9,Y15-74,2023M10G2,2014-12-01,12.113478,,,,,,,,,,,,
IT1:151_874(1.0),M,IT,UNEM_R,N,9,Y15-74,2023M11G3,2014-12-01,12.113478,,,,,,,,,,,,
IT1:151_874(1.0),M,IT,UNEM_R,N,9,Y15-74,2023M11G30,2014-12-01,12.113478,,,,,,,,,,,,
IT1:151_874(1.0),M,IT,UNEM_R,N,9,Y15-74,2023M1G31,2014-12-01,12.113478,,,,,,,,,,,,
IT1:151_874(1.0),M,IT,UNEM_R,N,9,Y15-74,2023M1G9,2014-12-01,12.113478,,,,,,,,,,,,
IT1:151_874(1.0),M,IT,UNEM_R,N,9,Y15-74,2023M3G2,2014-12-01,12.113478,,,,,,,,,,,,
IT1:151_874(1.0),M,IT,UNEM_R,N,9,Y15-74,2023M3G30,2014-12-01,12.113478,,,,,,,,,,,,
IT1:151_874(1.0),M,IT,UNEM_R,N,9,Y15-74,2023M5G3,2014-12-01,12.113478,,,,,,,,,,,,
IT1:151_874(1.0),M,IT,UNEM_R,N,9,Y15-74,2023M6G1,2014-12-01,12.113478,,,,,,,,,,,,
IT1:151_874(1.0),M,IT,UNEM_R,N,9,Y15-74,2023M6G30,2014-12-01,12.113478,,,,,,,,,,,,
IT1:151_874(1.0),M,IT,UNEM_R,N,9,Y15-74,2023M8G1,2014-12-01,12.113478,,,,,,,,,,,,
IT1:151_874(1.0),M,IT,UNEM_R,N,9,Y15-74,2023M8G31,2014-12-01,12.113478,,,,,,,,,,,,
IT1:151_874(1.0),M,IT,UNEM_R,N,9,Y15-74,2024M10G2,2014-12-01,12.113478,,,,,,,,,,,,
IT1:151_874(1.0),M,IT,UNEM_R,N,9,Y15-74,2024M10G31,2014-12-01,12.113478,,,,,,,,,,,,
IT1:151_874(1.0),M,IT,UNEM_R,N,9,Y15-74,2024M12G2,2014-12-01,12.113478,,,,,,,,,,,,
IT1:151_874(1.0),M,IT,UNEM_R,N,9,Y15-74,2024M1G31,2014-12-01,12.113478,,,,,,,,,,,,
IT1:151_874(1.0),M,IT,UNEM_R,N,9,Y15-74,2024M1G9,2014-12-01,12.113478,,,,,,,,,,,,
IT1:151_874(1.0),M,IT,UNEM_R,N,9,Y15-74,2024M3G1,2014-12-01,12.113478,,,,,,,,,,,,
IT1:151_874(1.0),M,IT,UNEM_R,N,9,Y15-74,2024M4G3,2014-12-01,12.113478,,,,,,,,,,,,
IT1:151_874(1.0),M,IT,UNEM_R,N,9,Y15-74,2024M5G3,2014-12-01,12.113478,,,,,,,,,,,,
IT1:151_874(1.0),M,IT,UNEM_R,N,9,Y15-74,2024M5G30,2014-12-01,12.113478,,,,,,,,,,,,
IT1:151_874(1.0),M,IT,UNEM_R,N,9,Y15-74,2024M7G2,2014-12-01,12.113478,,,,,,,,,,,,
IT1:151_874(1.0),M,IT,UNEM_R,N,9,Y15-74,2024M8G1,2014-12-01,12.113478,,,,,,,,,,,,
IT1:151_874(1.0),M,IT,UNEM_R,N,9,Y15-74,2024M8G30,2014-12-01,12.113478,,,,,,,,,,,,
IT1:151_874(1.0),M,IT,UNEM_R,N,9,Y15-74,2025M10G2,2014-12-01,12.113478,,,,,,,,,,,,
IT1:151_874(1.0),M,IT,UNEM_R,N,9,Y15-74,2025M10G30,2014-12-01,12.113478,,,,,,,,,,,,
IT1:151_874(1.0),M,IT,UNEM_R,N,9,Y15-74,2025M12G2,2014-12-01,12.113478,,,,,,,,,,,,
IT1:151_874(1.0),M,IT,UNEM_R,N,9,Y15-74,2025M1G30,2014-12-01,12.113478,,,,,,,,,,,,
IT1:151_874(1.0),M,IT,UNEM_R,N,9,Y15-74,2025M1G7,2014-12-01,12.113478,,,,,,,,,,,,
IT1:151_874(1.0),M,IT,UNEM_R,N,9,Y15-74,2025M3G4,2014-12-01,12.113478,,,,,,,,,,,,
IT1:151_874(1.0),M,IT,UNEM_R,N,9,Y15-74,2025M4G1,2014-12-01,12.113478,,,,,,,,,,,,
IT1:151_874(1.0),M,IT,UNEM_R,N,9,Y15-74,2025M5G2,2014-12-01,12.113478,,,,,,,,,,,,
IT1:151_874(1.0),M,IT,UNEM_R,N,9,Y15-74,2025M6G3,2014-12-01,12.113478,,,,,,,,,,,,
IT1:151_874(1.0),M,IT,UNEM_R,N,9,Y15-74,2025M7G2,2014-12-01,12.113478,,,,,,,,,,,,
IT1:151_874(1.0),M,IT,UNEM_R,N,9,Y15-74,2025M7G31,2014-12-01,12.113478,,,,,,,,,,,,
IT1:151_874(1.0),M,IT,UNEM_R,N,9,Y15-74,2025M9G1,2014-12-01,12.113478,,,,,,,,,,,,
IT1:151_874(1.0),M,IT,UNEM_R,N,9,Y15-74,2026M1G30,2014-12-01,12.113478,,,,,,,,,,,,
IT1:151_874(1.0),M,IT,UNEM_R,N,9,Y15-74,2026M1G8,2014-12-01,12.113478,,,,,,,,,,,,
IT1:151_874(1.0),M,IT,UNEM_R,N,9,Y15-74,2026M3G4,2014-12-01,12.113478,,,,,,,,,,,,
IT1:151_874(1.0),M,IT,UNEM_R,N,9,Y15-74,2026M4G1,2014-12-01,12.113478,,,,,,,,,,,,
IT1:151_874(1.0),M,IT,UNEM_R,N,9,Y15-74,2026M4G30,2014-12-01,12.113478,,,,,,,,,,,,
IT1:151_874(1.0),M,IT,UNEM_R,N,9,Y15-74,2022M11G3,2015-01-01,12.936575,,,,,,,,,,,,
IT1:151_874(1.0),M,IT,UNEM_R,N,9,Y15-74,2022M12G1,2015-01-01,12.936575,,,,,,,,,,,,
IT1:151_874(1.0),M,IT,UNEM_R,N,9,Y15-74,2022M2G1,2015-01-01,12.936575,,,,,,,,,,,,
IT1:151_874(1.0),M,IT,UNEM_R,N,9,Y15-74,2022M3G3,2015-01-01,12.936575,,,,,,,,,,,,
IT1:151_874(1.0),M,IT,UNEM_R,N,9,Y15-74,2022M3G31,2015-01-01,12.936575,,,,,,,,,,,,
IT1:151_874(1.0),M,IT,UNEM_R,N,9,Y15-74,2022M5G2,2015-01-01,12.936575,,,,,,,,,,,,
IT1:151_874(1.0),M,IT,UNEM_R,N,9,Y15-74,2022M6G1,2015-01-01,12.936575,,,,,,,,,,,,
IT1:151_874(1.0),M,IT,UNEM_R,N,9,Y15-74,2022M6G30,2015-01-01,12.936575,,,,,,,,,,,,
IT1:151_874(1.0),M,IT,UNEM_R,N,9,Y15-74,2022M8G1,2015-01-01,12.936575,,,,,,,,,,,,
IT1:151_874(1.0),M,IT,UNEM_R,N,9,Y15-74,2022M9G1,2015-01-01,12.936575,,,,,,,,,,,,
IT1:151_874(1.0),M,IT,UNEM_R,N,9,Y15-74,2022M9G30,2015-01-01,12.936575,,,,,,,,,,,,
IT1:151_874(1.0),M,IT,UNEM_R,N,9,Y15-74,2023M10G2,2015-01-01,12.936575,,,,,,,,,,,,
IT1:151_874(1.0),M,IT,UNEM_R,N,9,Y15-74,2023M11G3,2015-01-01,12.936575,,,,,,,,,,,,
IT1:151_874(1.0),M,IT,UNEM_R,N,9,Y15-74,2023M11G30,2015-01-01,12.936575,,,,,,,,,,,,
IT1:151_874(1.0),M,IT,UNEM_R,N,9,Y15-74,2023M1G31,2015-01-01,12.936575,,,,,,,,,,,,
IT1:151_874(1.0),M,IT,UNEM_R,N,9,Y15-74,2023M1G9,2015-01-01,12.936575,,,,,,,,,,,,
IT1:151_874(1.0),M,IT,UNEM_R,N,9,Y15-74,2023M3G2,2015-01-01,12.936575,,,,,,,,,,,,
IT1:151_874(1.0),M,IT,UNEM_R,N,9,Y15-74,2023M3G30,2015-01-01,12.936575,,,,,,,,,,,,
IT1:151_874(1.0),M,IT,UNEM_R,N,9,Y15-74,2023M5G3,2015-01-01,12.936575,,,,,,,,,,,,
IT1:151_874(1.0),M,IT,UNEM_R,N,9,Y15-74,2023M6G1,2015-01-01,12.936575,,,,,,,,,,,,
IT1:151_874(1.0),M,IT,UNEM_R,N,9,Y15-74,2023M6G30,2015-01-01,12.936575,,,,,,,,,,,,
IT1:151_874(1.0),M,IT,UNEM_R,N,9,Y15-74,2023M8G1,2015-01-01,12.936575,,,,,,,,,,,,
IT1:151_874(1.0),M,IT,UNEM_R,N,9,Y15-74,2023M8G31,2015-01-01,12.936575,,,,,,,,,,,,
IT1:151_874(1.0),M,IT,UNEM_R,N,9,Y15-74,2024M10G2,2015-01-01,12.936575,,,,,,,,,,,,
IT1:151_874(1.0),M,IT,UNEM_R,N,9,Y15-74,2024M10G31,2015-01-01,12.936575,,,,,,,,,,,,
IT1:151_874(1.0),M,IT,UNEM_R,N,9,Y15-74,2024M12G2,2015-01-01,12.936575,,,,,,,,,,,,
IT1:151_874(1.0),M,IT,UNEM_R,N,9,Y15-74,2024M1G31,2015-01-01,12.936575,,,,,,,,,,,,
IT1:151_874(1.0),M,IT,UNEM_R,N,9,Y15-74,2024M1G9,2015-01-01,12.936575,,,,,,,,,,,,
IT1:151_874(1.0),M,IT,UNEM_R,N,9,Y15-74,2024M3G1,2015-01-01,12.936575,,,,,,,,,,,,
IT1:151_874(1.0),M,IT,UNEM_R,N,9,Y15-74,2024M4G3,2015-01-01,12.936575,,,,,,,,,,,,
IT1:151_874(1.0),M,IT,UNEM_R,N,9,Y15-74,2024M5G3,2015-01-01,12.936575,,,,,,,,,,,,
IT1:151_874(1.0),M,IT,UNEM_R,N,9,Y15-74,2024M5G30,2015-01-01,12.936575,,,,,,,,,,,,
IT1:151_874(1.0),M,IT,UNEM_R,N,9,Y15-74,2024M7G2,2015-01-01,12.936575,,,,,,,,,,,,
IT1:151_874(1.0),M,IT,UNEM_R,N,9,Y15-74,2024M8G1,2015-01-01,12.936575,,,,,,,,,,,,
IT1:151_874(1.0),M,IT,UNEM_R,N,9,Y15-74,2024M8G30,2015-01-01,12.936575,,,,,,,,,,,,
IT1:151_874(1.0),M,IT,UNEM_R,N,9,Y15-74,2025M10G2,2015-01-01,12.936575,,,,,,,,,,,,
IT1:151_874(1.0),M,IT,UNEM_R,N,9,Y15-74,2025M10G30,2015-01-01,12.936575,,,,,,,,,,,,
IT1:151_874(1.0),M,IT,UNEM_R,N,9,Y15-74,2025M12G2,2015-01-01,12.936575,,,,,,,,,,,,
IT1:151_874(1.0),M,IT,UNEM_R,N,9,Y15-74,2025M1G30,2015-01-01,12.936575,,,,,,,,,,,,
IT1:151_874(1.0),M,IT,UNEM_R,N,9,Y15-74,2025M1G7,2015-01-01,12.936575,,,,,,,,,,,,
IT1:151_874(1.0),M,IT,UNEM_R,N,9,Y15-74,2025M3G4,2015-01-01,12.936575,,,,,,,,,,,,
IT1:151_874(1.0),M,IT,UNEM_R,N,9,Y15-74,2025M4G1,2015-01-01,12.936575,,,,,,,,,,,,
IT1:151_874(1.0),M,IT,UNEM_R,N,9,Y15-74,2025M5G2,2015-01-01,12.936575,,,,,,,,,,,,
IT1:151_874(1.0),M,IT,UNEM_R,N,9,Y15-74,2025M6G3,2015-01-01,12.936575,,,,,,,,,,,,
IT1:151_874(1.0),M,IT,UNEM_R,N,9,Y15-74,2025M7G2,2015-01-01,12.936575,,,,,,,,,,,,
IT1:151_874(1.0),M,IT,UNEM_R,N,9,Y15-74,2025M7G31,2015-01-01,12.936575,,,,,,,,,,,,
IT1:151_874(1.0),M,IT,UNEM_R,N,9,Y15-74,2025M9G1,2015-01-01,12.936575,,,,,,,,,,,,
IT1:151_874(1.0),M,IT,UNEM_R,N,9,Y15-74,2026M1G30,2015-01-01,12.936575,,,,,,,,,,,,
IT1:151_874(1.0),M,IT,UNEM_R,N,9,Y15-74,2026M1G8,2015-01-01,12.936575,,,,,,,,,,,,
IT1:151_874(1.0),M,IT,UNEM_R,N,9,Y15-74,2026M3G4,2015-01-01,12.936575,,,,,,,,,,,,
IT1:151_874(1.0),M,IT,UNEM_R,N,9,Y15-74,2026M4G1,2015-01-01,12.936575,,,,,,,,,,,,
IT1:151_874(1.0),M,IT,UNEM_R,N,9,Y15-74,2026M4G30,2015-01-01,12.936575,,,,,,,,,,,,
IT1:151_874(1.0),M,IT,UNEM_R,N,9,Y15-74,2022M11G3,2015-02-01,13.163159,,,,,,,,,,,,
IT1:151_874(1.0),M,IT,UNEM_R,N,9,Y15-74,2022M12G1,2015-02-01,13.163159,,,,,,,,,,,,
IT1:151_874(1.0),M,IT,UNEM_R,N,9,Y15-74,2022M2G1,2015-02-01,13.163159,,,,,,,,,,,,
IT1:151_874(1.0),M,IT,UNEM_R,N,9,Y15-74,2022M3G3,2015-02-01,13.163159,,,,,,,,,,,,
IT1:151_874(1.0),M,IT,UNEM_R,N,9,Y15-74,2022M3G31,2015-02-01,13.163159,,,,,,,,,,,,
IT1:151_874(1.0),M,IT,UNEM_R,N,9,Y15-74,2022M5G2,2015-02-01,13.163159,,,,,,,,,,,,
IT1:151_874(1.0),M,IT,UNEM_R,N,9,Y15-74,2022M6G1,2015-02-01,13.163159,,,,,,,,,,,,
IT1:151_874(1.0),M,IT,UNEM_R,N,9,Y15-74,2022M6G30,2015-02-01,13.163159,,,,,,,,,,,,
IT1:151_874(1.0),M,IT,UNEM_R,N,9,Y15-74,2022M8G1,2015-02-01,13.163159,,,,,,,,,,,,
IT1:151_874(1.0),M,IT,UNEM_R,N,9,Y15-74,2022M9G1,2015-02-01,13.163159,,,,,,,,,,,,
IT1:151_874(1.0),M,IT,UNEM_R,N,9,Y15-74,2022M9G30,2015-02-01,13.163159,,,,,,,,,,,,
IT1:151_874(1.0),M,IT,UNEM_R,N,9,Y15-74,2023M10G2,2015-02-01,13.163159,,,,,,,,,,,,
IT1:151_874(1.0),M,IT,UNEM_R,N,9,Y15-74,2023M11G3,2015-02-01,13.163159,,,,,,,,,,,,
IT1:151_874(1.0),M,IT,UNEM_R,N,9,Y15-74,2023M11G30,2015-02-01,13.163159,,,,,,,,,,,,
IT1:151_874(1.0),M,IT,UNEM_R,N,9,Y15-74,2023M1G31,2015-02-01,13.163159,,,,,,,,,,,,
IT1:151_874(1.0),M,IT,UNEM_R,N,9,Y15-74,2023M1G9,2015-02-01,13.163159,,,,,,,,,,,,
IT1:151_874(1.0),M,IT,UNEM_R,N,9,Y15-74,2023M3G2,2015-02-01,13.163159,,,,,,,,,,,,
IT1:151_874(1.0),M,IT,UNEM_R,N,9,Y15-74,2023M3G30,2015-02-01,13.163159,,,,,,,,,,,,
IT1:151_874(1.0),M,IT,UNEM_R,N,9,Y15-74,2023M5G3,2015-02-01,13.163159,,,,,,,,,,,,
IT1:151_874(1.0),M,IT,UNEM_R,N,9,Y15-74,2023M6G1,2015-02-01,13.163159,,,,,,,,,,,,
IT1:151_874(1.0),M,IT,UNEM_R,N,9,Y15-74,2023M6G30,2015-02-01,13.163159,,,,,,,,,,,,
IT1:151_874(1.0),M,IT,UNEM_R,N,9,Y15-74,2023M8G1,2015-02-01,13.163159,,,,,,,,,,,,
IT1:151_874(1.0),M,IT,UNEM_R,N,9,Y15-74,2023M8G31,2015-02-01,13.163159,,,,,,,,,,,,
IT1:151_874(1.0),M,IT,UNEM_R,N,9,Y15-74,2024M10G2,2015-02-01,13.163159,,,,,,,,,,,,
IT1:151_874(1.0),M,IT,UNEM_R,N,9,Y15-74,2024M10G31,2015-02-01,13.163159,,,,,,,,,,,,
IT1:151_874(1.0),M,IT,UNEM_R,N,9,Y15-74,2024M12G2,2015-02-01,13.163159,,,,,,,,,,,,
IT1:151_874(1.0),M,IT,UNEM_R,N,9,Y15-74,2024M1G31,2015-02-01,13.163159,,,,,,,,,,,,
IT1:151_874(1.0),M,IT,UNEM_R,N,9,Y15-74,2024M1G9,2015-02-01,13.163159,,,,,,,,,,,,
IT1:151_874(1.0),M,IT,UNEM_R,N,9,Y15-74,2024M3G1,2015-02-01,13.163159,,,,,,,,,,,,
IT1:151_874(1.0),M,IT,UNEM_R,N,9,Y15-74,2024M4G3,2015-02-01,13.163159,,,,,,,,,,,,
IT1:151_874(1.0),M,IT,UNEM_R,N,9,Y15-74,2024M5G3,2015-02-01,13.163159,,,,,,,,,,,,
IT1:151_874(1.0),M,IT,UNEM_R,N,9,Y15-74,2024M5G30,2015-02-01,13.163159,,,,,,,,,,,,
IT1:151_874(1.0),M,IT,UNEM_R,N,9,Y15-74,2024M7G2,2015-02-01,13.163159,,,,,,,,,,,,
IT1:151_874(1.0),M,IT,UNEM_R,N,9,Y15-74,2024M8G1,2015-02-01,13.163159,,,,,,,,,,,,
IT1:151_874(1.0),M,IT,UNEM_R,N,9,Y15-74,2024M8G30,2015-02-01,13.163159,,,,,,,,,,,,
IT1:151_874(1.0),M,IT,UNEM_R,N,9,Y15-74,2025M10G2,2015-02-01,13.163159,,,,,,,,,,,,
IT1:151_874(1.0),M,IT,UNEM_R,N,9,Y15-74,2025M10G30,2015-02-01,13.163159,,,,,,,,,,,,
IT1:151_874(1.0),M,IT,UNEM_R,N,9,Y15-74,2025M12G2,2015-02-01,13.163159,,,,,,,,,,,,
IT1:151_874(1.0),M,IT,UNEM_R,N,9,Y15-74,2025M1G30,2015-02-01,13.163159,,,,,,,,,,,,
IT1:151_874(1.0),M,IT,UNEM_R,N,9,Y15-74,2025M1G7,2015-02-01,13.163159,,,,,,,,,,,,
IT1:151_874(1.0),M,IT,UNEM_R,N,9,Y15-74,2025M3G4,2015-02-01,13.163159,,,,,,,,,,,,
IT1:151_874(1.0),M,IT,UNEM_R,N,9,Y15-74,2025M4G1,2015-02-01,13.163159,,,,,,,,,,,,
IT1:151_874(1.0),M,IT,UNEM_R,N,9,Y15-74,2025M5G2,2015-02-01,13.163159,,,,,,,,,,,,
IT1:151_874(1.0),M,IT,UNEM_R,N,9,Y15-74,2025M6G3,2015-02-01,13.163159,,,,,,,,,,,,
IT1:151_874(1.0),M,IT,UNEM_R,N,9,Y15-74,2025M7G2,2015-02-01,13.163159,,,,,,,,,,,,
IT1:151_874(1.0),M,IT,UNEM_R,N,9,Y15-74,2025M7G31,2015-02-01,13.163159,,,,,,,,,,,,
IT1:151_874(1.0),M,IT,UNEM_R,N,9,Y15-74,2025M9G1,2015-02-01,13.163159,,,,,,,,,,,,
IT1:151_874(1.0),M,IT,UNEM_R,N,9,Y15-74,2026M1G30,2015-02-01,13.163159,,,,,,,,,,,,
IT1:151_874(1.0),M,IT,UNEM_R,N,9,Y15-74,2026M1G8,2015-02-01,13.163159,,,,,,,,,,,,
IT1:151_874(1.0),M,IT,UNEM_R,N,9,Y15-74,2026M3G4,2015-02-01,13.163159,,,,,,,,,,,,
IT1:151_874(1.0),M,IT,UNEM_R,N,9,Y15-74,2026M4G1,2015-02-01,13.163159,,,,,,,,,,,,
IT1:151_874(1.0),M,IT,UNEM_R,N,9,Y15-74,2026M4G30,2015-02-01,13.163159,,,,,,,,,,,,
IT1:151_874(1.0),M,IT,UNEM_R,N,9,Y15-74,2022M11G3,2015-03-01,13.266841,,,,,,,,,,,,
IT1:151_874(1.0),M,IT,UNEM_R,N,9,Y15-74,2022M12G1,2015-03-01,13.266841,,,,,,,,,,,,
IT1:151_874(1.0),M,IT,UNEM_R,N,9,Y15-74,2022M2G1,2015-03-01,13.266841,,,,,,,,,,,,
IT1:151_874(1.0),M,IT,UNEM_R,N,9,Y15-74,2022M3G3,2015-03-01,13.266841,,,,,,,,,,,,
IT1:151_874(1.0),M,IT,UNEM_R,N,9,Y15-74,2022M3G31,2015-03-01,13.266841,,,,,,,,,,,,
IT1:151_874(1.0),M,IT,UNEM_R,N,9,Y15-74,2022M5G2,2015-03-01,13.266841,,,,,,,,,,,,
IT1:151_874(1.0),M,IT,UNEM_R,N,9,Y15-74,2022M6G1,2015-03-01,13.266841,,,,,,,,,,,,
IT1:151_874(1.0),M,IT,UNEM_R,N,9,Y15-74,2022M6G30,2015-03-01,13.266841,,,,,,,,,,,,
IT1:151_874(1.0),M,IT,UNEM_R,N,9,Y15-74,2022M8G1,2015-03-01,13.266841,,,,,,,,,,,,
IT1:151_874(1.0),M,IT,UNEM_R,N,9,Y15-74,2022M9G1,2015-03-01,13.266841,,,,,,,,,,,,
IT1:151_874(1.0),M,IT,UNEM_R,N,9,Y15-74,2022M9G30,2015-03-01,13.266841,,,,,,,,,,,,
IT1:151_874(1.0),M,IT,UNEM_R,N,9,Y15-74,2023M10G2,2015-03-01,13.266841,,,,,,,,,,,,
IT1:151_874(1.0),M,IT,UNEM_R,N,9,Y15-74,2023M11G3,2015-03-01,13.266841,,,,,,,,,,,,
IT1:151_874(1.0),M,IT,UNEM_R,N,9,Y15-74,2023M11G30,2015-03-01,13.266841,,,,,,,,,,,,
IT1:151_874(1.0),M,IT,UNEM_R,N,9,Y15-74,2023M1G31,2015-03-01,13.266841,,,,,,,,,,,,
IT1:151_874(1.0),M,IT,UNEM_R,N,9,Y15-74,2023M1G9,2015-03-01,13.266841,,,,,,,,,,,,
IT1:151_874(1.0),M,IT,UNEM_R,N,9,Y15-74,2023M3G2,2015-03-01,13.266841,,,,,,,,,,,,
IT1:151_874(1.0),M,IT,UNEM_R,N,9,Y15-74,2023M3G30,2015-03-01,13.266841,,,,,,,,,,,,
IT1:151_874(1.0),M,IT,UNEM_R,N,9,Y15-74,2023M5G3,2015-03-01,13.266841,,,,,,,,,,,,
IT1:151_874(1.0),M,IT,UNEM_R,N,9,Y15-74,2023M6G1,2015-03-01,13.266841,,,,,,,,,,,,
IT1:151_874(1.0),M,IT,UNEM_R,N,9,Y15-74,2023M6G30,2015-03-01,13.266841,,,,,,,,,,,,
IT1:151_874(1.0),M,IT,UNEM_R,N,9,Y15-74,2023M8G1,2015-03-01,13.266841,,,,,,,,,,,,
IT1:151_874(1.0),M,IT,UNEM_R,N,9,Y15-74,2023M8G31,2015-03-01,13.266841,,,,,,,,,,,,
IT1:151_874(1.0),M,IT,UNEM_R,N,9,Y15-74,2024M10G2,2015-03-01,13.266841,,,,,,,,,,,,
IT1:151_874(1.0),M,IT,UNEM_R,N,9,Y15-74,2024M10G31,2015-03-01,13.266841,,,,,,,,,,,,
IT1:151_874(1.0),M,IT,UNEM_R,N,9,Y15-74,2024M12G2,2015-03-01,13.266841,,,,,,,,,,,,
IT1:151_874(1.0),M,IT,UNEM_R,N,9,Y15-74,2024M1G31,2015-03-01,13.266841,,,,,,,,,,,,
IT1:151_874(1.0),M,IT,UNEM_R,N,9,Y15-74,2024M1G9,2015-03-01,13.266841,,,,,,,,,,,,
IT1:151_874(1.0),M,IT,UNEM_R,N,9,Y15-74,2024M3G1,2015-03-01,13.266841,,,,,,,,,,,,
IT1:151_874(1.0),M,IT,UNEM_R,N,9,Y15-74,2024M4G3,2015-03-01,13.266841,,,,,,,,,,,,
IT1:151_874(1.0),M,IT,UNEM_R,N,9,Y15-74,2024M5G3,2015-03-01,13.266841,,,,,,,,,,,,
IT1:151_874(1.0),M,IT,UNEM_R,N,9,Y15-74,2024M5G30,2015-03-01,13.266841,,,,,,,,,,,,
IT1:151_874(1.0),M,IT,UNEM_R,N,9,Y15-74,2024M7G2,2015-03-01,13.266841,,,,,,,,,,,,
IT1:151_874(1.0),M,IT,UNEM_R,N,9,Y15-74,2024M8G1,2015-03-01,13.266841,,,,,,,,,,,,
IT1:151_874(1.0),M,IT,UNEM_R,N,9,Y15-74,2024M8G30,2015-03-01,13.266841,,,,,,,,,,,,
IT1:151_874(1.0),M,IT,UNEM_R,N,9,Y15-74,2025M10G2,2015-03-01,13.266841,,,,,,,,,,,,
IT1:151_874(1.0),M,IT,UNEM_R,N,9,Y15-74,2025M10G30,2015-03-01,13.266841,,,,,,,,,,,,
IT1:151_874(1.0),M,IT,UNEM_R,N,9,Y15-74,2025M12G2,2015-03-01,13.266841,,,,,,,,,,,,
IT1:151_874(1.0),M,IT,UNEM_R,N,9,Y15-74,2025M1G30,2015-03-01,13.266841,,,,,,,,,,,,
IT1:151_874(1.0),M,IT,UNEM_R,N,9,Y15-74,2025M1G7,2015-03-01,13.266841,,,,,,,,,,,,
IT1:151_874(1.0),M,IT,UNEM_R,N,9,Y15-74,2025M3G4,2015-03-01,13.266841,,,,,,,,,,,,
IT1:151_874(1.0),M,IT,UNEM_R,N,9,Y15-74,2025M4G1,2015-03-01,13.266841,,,,,,,,,,,,
IT1:151_874(1.0),M,IT,UNEM_R,N,9,Y15-74,2025M5G2,2015-03-01,13.266841,,,,,,,,,,,,
IT1:151_874(1.0),M,IT,UNEM_R,N,9,Y15-74,2025M6G3,2015-03-01,13.266841,,,,,,,,,,,,
IT1:151_874(1.0),M,IT,UNEM_R,N,9,Y15-74,2025M7G2,2015-03-01,13.266841,,,,,,,,,,,,
IT1:151_874(1.0),M,IT,UNEM_R,N,9,Y15-74,2025M7G31,2015-03-01,13.266841,,,,,,,,,,,,
IT1:151_874(1.0),M,IT,UNEM_R,N,9,Y15-74,2025M9G1,2015-03-01,13.266841,,,,,,,,,,,,
IT1:151_874(1.0),M,IT,UNEM_R,N,9,Y15-74,2026M1G30,2015-03-01,13.266841,,,,,,,,,,,,
IT1:151_874(1.0),M,IT,UNEM_R,N,9,Y15-74,2026M1G8,2015-03-01,13.266841,,,,,,,,,,,,
IT1:151_874(1.0),M,IT,UNEM_R,N,9,Y15-74,2026M3G4,2015-03-01,13.266841,,,,,,,,,,,,
IT1:151_874(1.0),M,IT,UNEM_R,N,9,Y15-74,2026M4G1,2015-03-01,13.266841,,,,,,,,,,,,
IT1:151_874(1.0),M,IT,UNEM_R,N,9,Y15-74,2026M4G30,2015-03-01,13.266841,,,,,,,,,,,,
IT1:151_874(1.0),M,IT,UNEM_R,N,9,Y15-74,2022M11G3,2015-04-01,12.236763,,,,,,,,,,,,
IT1:151_874(1.0),M,IT,UNEM_R,N,9,Y15-74,2022M12G1,2015-04-01,12.236763,,,,,,,,,,,,
IT1:151_874(1.0),M,IT,UNEM_R,N,9,Y15-74,2022M2G1,2015-04-01,12.236763,,,,,,,,,,,,
IT1:151_874(1.0),M,IT,UNEM_R,N,9,Y15-74,2022M3G3,2015-04-01,12.236763,,,,,,,,,,,,
IT1:151_874(1.0),M,IT,UNEM_R,N,9,Y15-74,2022M3G31,2015-04-01,12.236763,,,,,,,,,,,,
IT1:151_874(1.0),M,IT,UNEM_R,N,9,Y15-74,2022M5G2,2015-04-01,12.236763,,,,,,,,,,,,
IT1:151_874(1.0),M,IT,UNEM_R,N,9,Y15-74,2022M6G1,2015-04-01,12.236763,,,,,,,,,,,,
IT1:151_874(1.0),M,IT,UNEM_R,N,9,Y15-74,2022M6G30,2015-04-01,12.236763,,,,,,,,,,,,
IT1:151_874(1.0),M,IT,UNEM_R,N,9,Y15-74,2022M8G1,2015-04-01,12.236763,,,,,,,,,,,,
IT1:151_874(1.0),M,IT,UNEM_R,N,9,Y15-74,2022M9G1,2015-04-01,12.236763,,,,,,,,,,,,
IT1:151_874(1.0),M,IT,UNEM_R,N,9,Y15-74,2022M9G30,2015-04-01,12.236763,,,,,,,,,,,,
IT1:151_874(1.0),M,IT,UNEM_R,N,9,Y15-74,2023M10G2,2015-04-01,12.236763,,,,,,,,,,,,
IT1:151_874(1.0),M,IT,UNEM_R,N,9,Y15-74,2023M11G3,2015-04-01,12.236763,,,,,,,,,,,,
IT1:151_874(1.0),M,IT,UNEM_R,N,9,Y15-74,2023M11G30,2015-04-01,12.236763,,,,,,,,,,,,
IT1:151_874(1.0),M,IT,UNEM_R,N,9,Y15-74,2023M1G31,2015-04-01,12.236763,,,,,,,,,,,,
IT1:151_874(1.0),M,IT,UNEM_R,N,9,Y15-74,2023M1G9,2015-04-01,12.236763,,,,,,,,,,,,
IT1:151_874(1.0),M,IT,UNEM_R,N,9,Y15-74,2023M3G2,2015-04-01,12.236763,,,,,,,,,,,,
IT1:151_874(1.0),M,IT,UNEM_R,N,9,Y15-74,2023M3G30,2015-04-01,12.236763,,,,,,,,,,,,
IT1:151_874(1.0),M,IT,UNEM_R,N,9,Y15-74,2023M5G3,2015-04-01,12.236763,,,,,,,,,,,,
IT1:151_874(1.0),M,IT,UNEM_R,N,9,Y15-74,2023M6G1,2015-04-01,12.236763,,,,,,,,,,,,
IT1:151_874(1.0),M,IT,UNEM_R,N,9,Y15-74,2023M6G30,2015-04-01,12.236763,,,,,,,,,,,,
IT1:151_874(1.0),M,IT,UNEM_R,N,9,Y15-74,2023M8G1,2015-04-01,12.236763,,,,,,,,,,,,
IT1:151_874(1.0),M,IT,UNEM_R,N,9,Y15-74,2023M8G31,2015-04-01,12.236763,,,,,,,,,,,,
IT1:151_874(1.0),M,IT,UNEM_R,N,9,Y15-74,2024M10G2,2015-04-01,12.236763,,,,,,,,,,,,
IT1:151_874(1.0),M,IT,UNEM_R,N,9,Y15-74,2024M10G31,2015-04-01,12.236763,,,,,,,,,,,,
IT1:151_874(1.0),M,IT,UNEM_R,N,9,Y15-74,2024M12G2,2015-04-01,12.236763,,,,,,,,,,,,
IT1:151_874(1.0),M,IT,UNEM_R,N,9,Y15-74,2024M1G31,2015-04-01,12.236763,,,,,,,,,,,,
IT1:151_874(1.0),M,IT,UNEM_R,N,9,Y15-74,2024M1G9,2015-04-01,12.236763,,,,,,,,,,,,
IT1:151_874(1.0),M,IT,UNEM_R,N,9,Y15-74,2024M3G1,2015-04-01,12.236763,,,,,,,,,,,,
IT1:151_874(1.0),M,IT,UNEM_R,N,9,Y15-74,2024M4G3,2015-04-01,12.236763,,,,,,,,,,,,
IT1:151_874(1.0),M,IT,UNEM_R,N,9,Y15-74,2024M5G3,2015-04-01,12.236763,,,,,,,,,,,,
IT1:151_874(1.0),M,IT,UNEM_R,N,9,Y15-74,2024M5G30,2015-04-01,12.236763,,,,,,,,,,,,
IT1:151_874(1.0),M,IT,UNEM_R,N,9,Y15-74,2024M7G2,2015-04-01,12.236763,,,,,,,,,,,,
IT1:151_874(1.0),M,IT,UNEM_R,N,9,Y15-74,2024M8G1,2015-04-01,12.236763,,,,,,,,,,,,
IT1:151_874(1.0),M,IT,UNEM_R,N,9,Y15-74,2024M8G30,2015-04-01,12.236763,,,,,,,,,,,,
IT1:151_874(1.0),M,IT,UNEM_R,N,9,Y15-74,2025M10G2,2015-04-01,12.236763,,,,,,,,,,,,
IT1:151_874(1.0),M,IT,UNEM_R,N,9,Y15-74,2025M10G30,2015-04-01,12.236763,,,,,,,,,,,,
IT1:151_874(1.0),M,IT,UNEM_R,N,9,Y15-74,2025M12G2,2015-04-01,12.236763,,,,,,,,,,,,
IT1:151_874(1.0),M,IT,UNEM_R,N,9,Y15-74,2025M1G30,2015-04-01,12.236763,,,,,,,,,,,,
IT1:151_874(1.0),M,IT,UNEM_R,N,9,Y15-74,2025M1G7,2015-04-01,12.236763,,,,,,,,,,,,
IT1:151_874(1.0),M,IT,UNEM_R,N,9,Y15-74,2025M3G4,2015-04-01,12.236763,,,,,,,,,,,,
IT1:151_874(1.0),M,IT,UNEM_R,N,9,Y15-74,2025M4G1,2015-04-01,12.236763,,,,,,,,,,,,
IT1:151_874(1.0),M,IT,UNEM_R,N,9,Y15-74,2025M5G2,2015-04-01,12.236763,,,,,,,,,,,,
IT1:151_874(1.0),M,IT,UNEM_R,N,9,Y15-74,2025M6G3,2015-04-01,12.236763,,,,,,,,,,,,
IT1:151_874(1.0),M,IT,UNEM_R,N,9,Y15-74,2025M7G2,2015-04-01,12.236763,,,,,,,,,,,,
IT1:151_874(1.0),M,IT,UNEM_R,N,9,Y15-74,2025M7G31,2015-04-01,12.236763,,,,,,,,,,,,
IT1:151_874(1.0),M,IT,UNEM_R,N,9,Y15-74,2025M9G1,2015-04-01,12.236763,,,,,,,,,,,,
IT1:151_874(1.0),M,IT,UNEM_R,N,9,Y15-74,2026M1G30,2015-04-01,12.236763,,,,,,,,,,,,
IT1:151_874(1.0),M,IT,UNEM_R,N,9,Y15-74,2026M1G8,2015-04-01,12.236763,,,,,,,,,,,,
IT1:151_874(1.0),M,IT,UNEM_R,N,9,Y15-74,2026M3G4,2015-04-01,12.236763,,,,,,,,,,,,
IT1:151_874(1.0),M,IT,UNEM_R,N,9,Y15-74,2026M4G1,2015-04-01,12.236763,,,,,,,,,,,,
IT1:151_874(1.0),M,IT,UNEM_R,N,9,Y15-74,2026M4G30,2015-04-01,12.236763,,,,,,,,,,,,
IT1:151_874(1.0),M,IT,UNEM_R,N,9,Y15-74,2022M11G3,2015-05-01,12.380499,,,,,,,,,,,,
IT1:151_874(1.0),M,IT,UNEM_R,N,9,Y15-74,2022M12G1,2015-05-01,12.380499,,,,,,,,,,,,
IT1:151_874(1.0),M,IT,UNEM_R,N,9,Y15-74,2022M2G1,2015-05-01,12.380499,,,,,,,,,,,,
IT1:151_874(1.0),M,IT,UNEM_R,N,9,Y15-74,2022M3G3,2015-05-01,12.380499,,,,,,,,,,,,
IT1:151_874(1.0),M,IT,UNEM_R,N,9,Y15-74,2022M3G31,2015-05-01,12.380499,,,,,,,,,,,,
IT1:151_874(1.0),M,IT,UNEM_R,N,9,Y15-74,2022M5G2,2015-05-01,12.380499,,,,,,,,,,,,
IT1:151_874(1.0),M,IT,UNEM_R,N,9,Y15-74,2022M6G1,2015-05-01,12.380499,,,,,,,,,,,,
IT1:151_874(1.0),M,IT,UNEM_R,N,9,Y15-74,2022M6G30,2015-05-01,12.380499,,,,,,,,,,,,
IT1:151_874(1.0),M,IT,UNEM_R,N,9,Y15-74,2022M8G1,2015-05-01,12.380499,,,,,,,,,,,,
IT1:151_874(1.0),M,IT,UNEM_R,N,9,Y15-74,2022M9G1,2015-05-01,12.380499,,,,,,,,,,,,
IT1:151_874(1.0),M,IT,UNEM_R,N,9,Y15-74,2022M9G30,2015-05-01,12.380499,,,,,,,,,,,,
IT1:151_874(1.0),M,IT,UNEM_R,N,9,Y15-74,2023M10G2,2015-05-01,12.380499,,,,,,,,,,,,
IT1:151_874(1.0),M,IT,UNEM_R,N,9,Y15-74,2023M11G3,2015-05-01,12.380499,,,,,,,,,,,,
IT1:151_874(1.0),M,IT,UNEM_R,N,9,Y15-74,2023M11G30,2015-05-01,12.380499,,,,,,,,,,,,
IT1:151_874(1.0),M,IT,UNEM_R,N,9,Y15-74,2023M1G31,2015-05-01,12.380499,,,,,,,,,,,,
IT1:151_874(1.0),M,IT,UNEM_R,N,9,Y15-74,2023M1G9,2015-05-01,12.380499,,,,,,,,,,,,
IT1:151_874(1.0),M,IT,UNEM_R,N,9,Y15-74,2023M3G2,2015-05-01,12.380499,,,,,,,,,,,,
IT1:151_874(1.0),M,IT,UNEM_R,N,9,Y15-74,2023M3G30,2015-05-01,12.380499,,,,,,,,,,,,
IT1:151_874(1.0),M,IT,UNEM_R,N,9,Y15-74,2023M5G3,2015-05-01,12.380499,,,,,,,,,,,,
IT1:151_874(1.0),M,IT,UNEM_R,N,9,Y15-74,2023M6G1,2015-05-01,12.380499,,,,,,,,,,,,
IT1:151_874(1.0),M,IT,UNEM_R,N,9,Y15-74,2023M6G30,2015-05-01,12.380499,,,,,,,,,,,,
IT1:151_874(1.0),M,IT,UNEM_R,N,9,Y15-74,2023M8G1,2015-05-01,12.380499,,,,,,,,,,,,
IT1:151_874(1.0),M,IT,UNEM_R,N,9,Y15-74,2023M8G31,2015-05-01,12.380499,,,,,,,,,,,,
IT1:151_874(1.0),M,IT,UNEM_R,N,9,Y15-74,2024M10G2,2015-05-01,12.380499,,,,,,,,,,,,
IT1:151_874(1.0),M,IT,UNEM_R,N,9,Y15-74,2024M10G31,2015-05-01,12.380499,,,,,,,,,,,,
IT1:151_874(1.0),M,IT,UNEM_R,N,9,Y15-74,2024M12G2,2015-05-01,12.380499,,,,,,,,,,,,
IT1:151_874(1.0),M,IT,UNEM_R,N,9,Y15-74,2024M1G31,2015-05-01,12.380499,,,,,,,,,,,,
IT1:151_874(1.0),M,IT,UNEM_R,N,9,Y15-74,2024M1G9,2015-05-01,12.380499,,,,,,,,,,,,
IT1:151_874(1.0),M,IT,UNEM_R,N,9,Y15-74,2024M3G1,2015-05-01,12.380499,,,,,,,,,,,,
IT1:151_874(1.0),M,IT,UNEM_R,N,9,Y15-74,2024M4G3,2015-05-01,12.380499,,,,,,,,,,,,
IT1:151_874(1.0),M,IT,UNEM_R,N,9,Y15-74,2024M5G3,2015-05-01,12.380499,,,,,,,,,,,,
IT1:151_874(1.0),M,IT,UNEM_R,N,9,Y15-74,2024M5G30,2015-05-01,12.380499,,,,,,,,,,,,
IT1:151_874(1.0),M,IT,UNEM_R,N,9,Y15-74,2024M7G2,2015-05-01,12.380499,,,,,,,,,,,,
IT1:151_874(1.0),M,IT,UNEM_R,N,9,Y15-74,2024M8G1,2015-05-01,12.380499,,,,,,,,,,,,
IT1:151_874(1.0),M,IT,UNEM_R,N,9,Y15-74,2024M8G30,2015-05-01,12.380499,,,,,,,,,,,,
IT1:151_874(1.0),M,IT,UNEM_R,N,9,Y15-74,2025M10G2,2015-05-01,12.380499,,,,,,,,,,,,
IT1:151_874(1.0),M,IT,UNEM_R,N,9,Y15-74,2025M10G30,2015-05-01,12.380499,,,,,,,,,,,,
IT1:151_874(1.0),M,IT,UNEM_R,N,9,Y15-74,2025M12G2,2015-05-01,12.380499,,,,,,,,,,,,
IT1:151_874(1.0),M,IT,UNEM_R,N,9,Y15-74,2025M1G30,2015-05-01,12.380499,,,,,,,,,,,,
IT1:151_874(1.0),M,IT,UNEM_R,N,9,Y15-74,2025M1G7,2015-05-01,12.380499,,,,,,,,,,,,
IT1:151_874(1.0),M,IT,UNEM_R,N,9,Y15-74,2025M3G4,2015-05-01,12.380499,,,,,,,,,,,,
IT1:151_874(1.0),M,IT,UNEM_R,N,9,Y15-74,2025M4G1,2015-05-01,12.380499,,,,,,,,,,,,
IT1:151_874(1.0),M,IT,UNEM_R,N,9,Y15-74,2025M5G2,2015-05-01,12.380499,,,,,,,,,,,,
IT1:151_874(1.0),M,IT,UNEM_R,N,9,Y15-74,2025M6G3,2015-05-01,12.380499,,,,,,,,,,,,
IT1:151_874(1.0),M,IT,UNEM_R,N,9,Y15-74,2025M7G2,2015-05-01,12.380499,,,,,,,,,,,,
IT1:151_874(1.0),M,IT,UNEM_R,N,9,Y15-74,2025M7G31,2015-05-01,12.380499,,,,,,,,,,,,
IT1:151_874(1.0),M,IT,UNEM_R,N,9,Y15-74,2025M9G1,2015-05-01,12.380499,,,,,,,,,,,,
IT1:151_874(1.0),M,IT,UNEM_R,N,9,Y15-74,2026M1G30,2015-05-01,12.380499,,,,,,,,,,,,
IT1:151_874(1.0),M,IT,UNEM_R,N,9,Y15-74,2026M1G8,2015-05-01,12.380499,,,,,,,,,,,,
IT1:151_874(1.0),M,IT,UNEM_R,N,9,Y15-74,2026M3G4,2015-05-01,12.380499,,,,,,,,,,,,
IT1:151_874(1.0),M,IT,UNEM_R,N,9,Y15-74,2026M4G1,2015-05-01,12.380499,,,,,,,,,,,,
IT1:151_874(1.0),M,IT,UNEM_R,N,9,Y15-74,2026M4G30,2015-05-01,12.380499,,,,,,,,,,,,
IT1:151_874(1.0),M,IT,UNEM_R,N,9,Y15-74,2022M11G3,2015-06-01,12.062699,,,,,,,,,,,,
IT1:151_874(1.0),M,IT,UNEM_R,N,9,Y15-74,2022M12G1,2015-06-01,12.062699,,,,,,,,,,,,
IT1:151_874(1.0),M,IT,UNEM_R,N,9,Y15-74,2022M2G1,2015-06-01,12.062699,,,,,,,,,,,,
IT1:151_874(1.0),M,IT,UNEM_R,N,9,Y15-74,2022M3G3,2015-06-01,12.062699,,,,,,,,,,,,
IT1:151_874(1.0),M,IT,UNEM_R,N,9,Y15-74,2022M3G31,2015-06-01,12.062699,,,,,,,,,,,,
IT1:151_874(1.0),M,IT,UNEM_R,N,9,Y15-74,2022M5G2,2015-06-01,12.062699,,,,,,,,,,,,
IT1:151_874(1.0),M,IT,UNEM_R,N,9,Y15-74,2022M6G1,2015-06-01,12.062699,,,,,,,,,,,,
IT1:151_874(1.0),M,IT,UNEM_R,N,9,Y15-74,2022M6G30,2015-06-01,12.062699,,,,,,,,,,,,
IT1:151_874(1.0),M,IT,UNEM_R,N,9,Y15-74,2022M8G1,2015-06-01,12.062699,,,,,,,,,,,,
IT1:151_874(1.0),M,IT,UNEM_R,N,9,Y15-74,2022M9G1,2015-06-01,12.062699,,,,,,,,,,,,
IT1:151_874(1.0),M,IT,UNEM_R,N,9,Y15-74,2022M9G30,2015-06-01,12.062699,,,,,,,,,,,,
IT1:151_874(1.0),M,IT,UNEM_R,N,9,Y15-74,2023M10G2,2015-06-01,12.062699,,,,,,,,,,,,
IT1:151_874(1.0),M,IT,UNEM_R,N,9,Y15-74,2023M11G3,2015-06-01,12.062699,,,,,,,,,,,,
IT1:151_874(1.0),M,IT,UNEM_R,N,9,Y15-74,2023M11G30,2015-06-01,12.062699,,,,,,,,,,,,
IT1:151_874(1.0),M,IT,UNEM_R,N,9,Y15-74,2023M1G31,2015-06-01,12.062699,,,,,,,,,,,,
IT1:151_874(1.0),M,IT,UNEM_R,N,9,Y15-74,2023M1G9,2015-06-01,12.062699,,,,,,,,,,,,
IT1:151_874(1.0),M,IT,UNEM_R,N,9,Y15-74,2023M3G2,2015-06-01,12.062699,,,,,,,,,,,,
IT1:151_874(1.0),M,IT,UNEM_R,N,9,Y15-74,2023M3G30,2015-06-01,12.062699,,,,,,,,,,,,
IT1:151_874(1.0),M,IT,UNEM_R,N,9,Y15-74,2023M5G3,2015-06-01,12.062699,,,,,,,,,,,,
IT1:151_874(1.0),M,IT,UNEM_R,N,9,Y15-74,2023M6G1,2015-06-01,12.062699,,,,,,,,,,,,
IT1:151_874(1.0),M,IT,UNEM_R,N,9,Y15-74,2023M6G30,2015-06-01,12.062699,,,,,,,,,,,,
IT1:151_874(1.0),M,IT,UNEM_R,N,9,Y15-74,2023M8G1,2015-06-01,12.062699,,,,,,,,,,,,
IT1:151_874(1.0),M,IT,UNEM_R,N,9,Y15-74,2023M8G31,2015-06-01,12.062699,,,,,,,,,,,,
IT1:151_874(1.0),M,IT,UNEM_R,N,9,Y15-74,2024M10G2,2015-06-01,12.062699,,,,,,,,,,,,
IT1:151_874(1.0),M,IT,UNEM_R,N,9,Y15-74,2024M10G31,2015-06-01,12.062699,,,,,,,,,,,,
IT1:151_874(1.0),M,IT,UNEM_R,N,9,Y15-74,2024M12G2,2015-06-01,12.062699,,,,,,,,,,,,
IT1:151_874(1.0),M,IT,UNEM_R,N,9,Y15-74,2024M1G31,2015-06-01,12.062699,,,,,,,,,,,,
IT1:151_874(1.0),M,IT,UNEM_R,N,9,Y15-74,2024M1G9,2015-06-01,12.062699,,,,,,,,,,,,
IT1:151_874(1.0),M,IT,UNEM_R,N,9,Y15-74,2024M3G1,2015-06-01,12.062699,,,,,,,,,,,,
IT1:151_874(1.0),M,IT,UNEM_R,N,9,Y15-74,2024M4G3,2015-06-01,12.062699,,,,,,,,,,,,
IT1:151_874(1.0),M,IT,UNEM_R,N,9,Y15-74,2024M5G3,2015-06-01,12.062699,,,,,,,,,,,,
IT1:151_874(1.0),M,IT,UNEM_R,N,9,Y15-74,2024M5G30,2015-06-01,12.062699,,,,,,,,,,,,
IT1:151_874(1.0),M,IT,UNEM_R,N,9,Y15-74,2024M7G2,2015-06-01,12.062699,,,,,,,,,,,,
IT1:151_874(1.0),M,IT,UNEM_R,N,9,Y15-74,2024M8G1,2015-06-01,12.062699,,,,,,,,,,,,
IT1:151_874(1.0),M,IT,UNEM_R,N,9,Y15-74,2024M8G30,2015-06-01,12.062699,,,,,,,,,,,,
IT1:151_874(1.0),M,IT,UNEM_R,N,9,Y15-74,2025M10G2,2015-06-01,12.062699,,,,,,,,,,,,
IT1:151_874(1.0),M,IT,UNEM_R,N,9,Y15-74,2025M10G30,2015-06-01,12.062699,,,,,,,,,,,,
IT1:151_874(1.0),M,IT,UNEM_R,N,9,Y15-74,2025M12G2,2015-06-01,12.062699,,,,,,,,,,,,
IT1:151_874(1.0),M,IT,UNEM_R,N,9,Y15-74,2025M1G30,2015-06-01,12.062699,,,,,,,,,,,,
IT1:151_874(1.0),M,IT,UNEM_R,N,9,Y15-74,2025M1G7,2015-06-01,12.062699,,,,,,,,,,,,
IT1:151_874(1.0),M,IT,UNEM_R,N,9,Y15-74,2025M3G4,2015-06-01,12.062699,,,,,,,,,,,,
IT1:151_874(1.0),M,IT,UNEM_R,N,9,Y15-74,2025M4G1,2015-06-01,12.062699,,,,,,,,,,,,
IT1:151_874(1.0),M,IT,UNEM_R,N,9,Y15-74,2025M5G2,2015-06-01,12.062699,,,,,,,,,,,,
IT1:151_874(1.0),M,IT,UNEM_R,N,9,Y15-74,2025M6G3,2015-06-01,12.062699,,,,,,,,,,,,
IT1:151_874(1.0),M,IT,UNEM_R,N,9,Y15-74,2025M7G2,2015-06-01,12.062699,,,,,,,,,,,,
IT1:151_874(1.0),M,IT,UNEM_R,N,9,Y15-74,2025M7G31,2015-06-01,12.062699,,,,,,,,,,,,
IT1:151_874(1.0),M,IT,UNEM_R,N,9,Y15-74,2025M9G1,2015-06-01,12.062699,,,,,,,,,,,,
IT1:151_874(1.0),M,IT,UNEM_R,N,9,Y15-74,2026M1G30,2015-06-01,12.062699,,,,,,,,,,,,
IT1:151_874(1.0),M,IT,UNEM_R,N,9,Y15-74,2026M1G8,2015-06-01,12.062699,,,,,,,,,,,,
IT1:151_874(1.0),M,IT,UNEM_R,N,9,Y15-74,2026M3G4,2015-06-01,12.062699,,,,,,,,,,,,
IT1:151_874(1.0),M,IT,UNEM_R,N,9,Y15-74,2026M4G1,2015-06-01,12.062699,,,,,,,,,,,,
IT1:151_874(1.0),M,IT,UNEM_R,N,9,Y15-74,2026M4G30,2015-06-01,12.062699,,,,,,,,,,,,
IT1:151_874(1.0),M,IT,UNEM_R,N,9,Y15-74,2022M11G3,2015-07-01,10.68164,,,,,,,,,,,,
IT1:151_874(1.0),M,IT,UNEM_R,N,9,Y15-74,2022M12G1,2015-07-01,10.68164,,,,,,,,,,,,
IT1:151_874(1.0),M,IT,UNEM_R,N,9,Y15-74,2022M2G1,2015-07-01,10.68164,,,,,,,,,,,,
IT1:151_874(1.0),M,IT,UNEM_R,N,9,Y15-74,2022M3G3,2015-07-01,10.68164,,,,,,,,,,,,
IT1:151_874(1.0),M,IT,UNEM_R,N,9,Y15-74,2022M3G31,2015-07-01,10.68164,,,,,,,,,,,,
IT1:151_874(1.0),M,IT,UNEM_R,N,9,Y15-74,2022M5G2,2015-07-01,10.68164,,,,,,,,,,,,
IT1:151_874(1.0),M,IT,UNEM_R,N,9,Y15-74,2022M6G1,2015-07-01,10.68164,,,,,,,,,,,,
IT1:151_874(1.0),M,IT,UNEM_R,N,9,Y15-74,2022M6G30,2015-07-01,10.68164,,,,,,,,,,,,
IT1:151_874(1.0),M,IT,UNEM_R,N,9,Y15-74,2022M8G1,2015-07-01,10.68164,,,,,,,,,,,,
IT1:151_874(1.0),M,IT,UNEM_R,N,9,Y15-74,2022M9G1,2015-07-01,10.68164,,,,,,,,,,,,
IT1:151_874(1.0),M,IT,UNEM_R,N,9,Y15-74,2022M9G30,2015-07-01,10.68164,,,,,,,,,,,,
IT1:151_874(1.0),M,IT,UNEM_R,N,9,Y15-74,2023M10G2,2015-07-01,10.68164,,,,,,,,,,,,
IT1:151_874(1.0),M,IT,UNEM_R,N,9,Y15-74,2023M11G3,2015-07-01,10.68164,,,,,,,,,,,,
IT1:151_874(1.0),M,IT,UNEM_R,N,9,Y15-74,2023M11G30,2015-07-01,10.68164,,,,,,,,,,,,
IT1:151_874(1.0),M,IT,UNEM_R,N,9,Y15-74,2023M1G31,2015-07-01,10.68164,,,,,,,,,,,,
IT1:151_874(1.0),M,IT,UNEM_R,N,9,Y15-74,2023M1G9,2015-07-01,10.68164,,,,,,,,,,,,
IT1:151_874(1.0),M,IT,UNEM_R,N,9,Y15-74,2023M3G2,2015-07-01,10.68164,,,,,,,,,,,,
IT1:151_874(1.0),M,IT,UNEM_R,N,9,Y15-74,2023M3G30,2015-07-01,10.68164,,,,,,,,,,,,
IT1:151_874(1.0),M,IT,UNEM_R,N,9,Y15-74,2023M5G3,2015-07-01,10.68164,,,,,,,,,,,,
IT1:151_874(1.0),M,IT,UNEM_R,N,9,Y15-74,2023M6G1,2015-07-01,10.68164,,,,,,,,,,,,
IT1:151_874(1.0),M,IT,UNEM_R,N,9,Y15-74,2023M6G30,2015-07-01,10.68164,,,,,,,,,,,,
IT1:151_874(1.0),M,IT,UNEM_R,N,9,Y15-74,2023M8G1,2015-07-01,10.68164,,,,,,,,,,,,
IT1:151_874(1.0),M,IT,UNEM_R,N,9,Y15-74,2023M8G31,2015-07-01,10.68164,,,,,,,,,,,,
IT1:151_874(1.0),M,IT,UNEM_R,N,9,Y15-74,2024M10G2,2015-07-01,10.68164,,,,,,,,,,,,
IT1:151_874(1.0),M,IT,UNEM_R,N,9,Y15-74,2024M10G31,2015-07-01,10.68164,,,,,,,,,,,,
IT1:151_874(1.0),M,IT,UNEM_R,N,9,Y15-74,2024M12G2,2015-07-01,10.68164,,,,,,,,,,,,
IT1:151_874(1.0),M,IT,UNEM_R,N,9,Y15-74,2024M1G31,2015-07-01,10.68164,,,,,,,,,,,,
IT1:151_874(1.0),M,IT,UNEM_R,N,9,Y15-74,2024M1G9,2015-07-01,10.68164,,,,,,,,,,,,
IT1:151_874(1.0),M,IT,UNEM_R,N,9,Y15-74,2024M3G1,2015-07-01,10.68164,,,,,,,,,,,,
IT1:151_874(1.0),M,IT,UNEM_R,N,9,Y15-74,2024M4G3,2015-07-01,10.68164,,,,,,,,,,,,
IT1:151_874(1.0),M,IT,UNEM_R,N,9,Y15-74,2024M5G3,2015-07-01,10.68164,,,,,,,,,,,,
IT1:151_874(1.0),M,IT,UNEM_R,N,9,Y15-74,2024M5G30,2015-07-01,10.68164,,,,,,,,,,,,
IT1:151_874(1.0),M,IT,UNEM_R,N,9,Y15-74,2024M7G2,2015-07-01,10.68164,,,,,,,,,,,,
IT1:151_874(1.0),M,IT,UNEM_R,N,9,Y15-74,2024M8G1,2015-07-01,10.68164,,,,,,,,,,,,
IT1:151_874(1.0),M,IT,UNEM_R,N,9,Y15-74,2024M8G30,2015-07-01,10.68164,,,,,,,,,,,,
IT1:151_874(1.0),M,IT,UNEM_R,N,9,Y15-74,2025M10G2,2015-07-01,10.68164,,,,,,,,,,,,
IT1:151_874(1.0),M,IT,UNEM_R,N,9,Y15-74,2025M10G30,2015-07-01,10.68164,,,,,,,,,,,,
IT1:151_874(1.0),M,IT,UNEM_R,N,9,Y15-74,2025M12G2,2015-07-01,10.68164,,,,,,,,,,,,
IT1:151_874(1.0),M,IT,UNEM_R,N,9,Y15-74,2025M1G30,2015-07-01,10.68164,,,,,,,,,,,,
IT1:151_874(1.0),M,IT,UNEM_R,N,9,Y15-74,2025M1G7,2015-07-01,10.68164,,,,,,,,,,,,
IT1:151_874(1.0),M,IT,UNEM_R,N,9,Y15-74,2025M3G4,2015-07-01,10.68164,,,,,,,,,,,,
IT1:151_874(1.0),M,IT,UNEM_R,N,9,Y15-74,2025M4G1,2015-07-01,10.68164,,,,,,,,,,,,
IT1:151_874(1.0),M,IT,UNEM_R,N,9,Y15-74,2025M5G2,2015-07-01,10.68164,,,,,,,,,,,,
IT1:151_874(1.0),M,IT,UNEM_R,N,9,Y15-74,2025M6G3,2015-07-01,10.68164,,,,,,,,,,,,
IT1:151_874(1.0),M,IT,UNEM_R,N,9,Y15-74,2025M7G2,2015-07-01,10.68164,,,,,,,,,,,,
IT1:151_874(1.0),M,IT,UNEM_R,N,9,Y15-74,2025M7G31,2015-07-01,10.68164,,,,,,,,,,,,
IT1:151_874(1.0),M,IT,UNEM_R,N,9,Y15-74,2025M9G1,2015-07-01,10.68164,,,,,,,,,,,,
IT1:151_874(1.0),M,IT,UNEM_R,N,9,Y15-74,2026M1G30,2015-07-01,10.68164,,,,,,,,,,,,
IT1:151_874(1.0),M,IT,UNEM_R,N,9,Y15-74,2026M1G8,2015-07-01,10.68164,,,,,,,,,,,,
IT1:151_874(1.0),M,IT,UNEM_R,N,9,Y15-74,2026M3G4,2015-07-01,10.68164,,,,,,,,,,,,
IT1:151_874(1.0),M,IT,UNEM_R,N,9,Y15-74,2026M4G1,2015-07-01,10.68164,,,,,,,,,,,,
IT1:151_874(1.0),M,IT,UNEM_R,N,9,Y15-74,2026M4G30,2015-07-01,10.68164,,,,,,,,,,,,
IT1:151_874(1.0),M,IT,UNEM_R,N,9,Y15-74,2022M11G3,2015-08-01,9.927396,,,,,,,,,,,,
IT1:151_874(1.0),M,IT,UNEM_R,N,9,Y15-74,2022M12G1,2015-08-01,9.927396,,,,,,,,,,,,
IT1:151_874(1.0),M,IT,UNEM_R,N,9,Y15-74,2022M2G1,2015-08-01,9.927396,,,,,,,,,,,,
IT1:151_874(1.0),M,IT,UNEM_R,N,9,Y15-74,2022M3G3,2015-08-01,9.927396,,,,,,,,,,,,
IT1:151_874(1.0),M,IT,UNEM_R,N,9,Y15-74,2022M3G31,2015-08-01,9.927396,,,,,,,,,,,,
IT1:151_874(1.0),M,IT,UNEM_R,N,9,Y15-74,2022M5G2,2015-08-01,9.927396,,,,,,,,,,,,
IT1:151_874(1.0),M,IT,UNEM_R,N,9,Y15-74,2022M6G1,2015-08-01,9.927396,,,,,,,,,,,,
IT1:151_874(1.0),M,IT,UNEM_R,N,9,Y15-74,2022M6G30,2015-08-01,9.927396,,,,,,,,,,,,
IT1:151_874(1.0),M,IT,UNEM_R,N,9,Y15-74,2022M8G1,2015-08-01,9.927396,,,,,,,,,,,,
IT1:151_874(1.0),M,IT,UNEM_R,N,9,Y15-74,2022M9G1,2015-08-01,9.927396,,,,,,,,,,,,
IT1:151_874(1.0),M,IT,UNEM_R,N,9,Y15-74,2022M9G30,2015-08-01,9.927396,,,,,,,,,,,,
IT1:151_874(1.0),M,IT,UNEM_R,N,9,Y15-74,2023M10G2,2015-08-01,9.927396,,,,,,,,,,,,
IT1:151_874(1.0),M,IT,UNEM_R,N,9,Y15-74,2023M11G3,2015-08-01,9.927396,,,,,,,,,,,,
IT1:151_874(1.0),M,IT,UNEM_R,N,9,Y15-74,2023M11G30,2015-08-01,9.927396,,,,,,,,,,,,
IT1:151_874(1.0),M,IT,UNEM_R,N,9,Y15-74,2023M1G31,2015-08-01,9.927396,,,,,,,,,,,,
IT1:151_874(1.0),M,IT,UNEM_R,N,9,Y15-74,2023M1G9,2015-08-01,9.927396,,,,,,,,,,,,
IT1:151_874(1.0),M,IT,UNEM_R,N,9,Y15-74,2023M3G2,2015-08-01,9.927396,,,,,,,,,,,,
IT1:151_874(1.0),M,IT,UNEM_R,N,9,Y15-74,2023M3G30,2015-08-01,9.927396,,,,,,,,,,,,
IT1:151_874(1.0),M,IT,UNEM_R,N,9,Y15-74,2023M5G3,2015-08-01,9.927396,,,,,,,,,,,,
IT1:151_874(1.0),M,IT,UNEM_R,N,9,Y15-74,2023M6G1,2015-08-01,9.927396,,,,,,,,,,,,
IT1:151_874(1.0),M,IT,UNEM_R,N,9,Y15-74,2023M6G30,2015-08-01,9.927396,,,,,,,,,,,,
IT1:151_874(1.0),M,IT,UNEM_R,N,9,Y15-74,2023M8G1,2015-08-01,9.927396,,,,,,,,,,,,
IT1:151_874(1.0),M,IT,UNEM_R,N,9,Y15-74,2023M8G31,2015-08-01,9.927396,,,,,,,,,,,,
IT1:151_874(1.0),M,IT,UNEM_R,N,9,Y15-74,2024M10G2,2015-08-01,9.927396,,,,,,,,,,,,
IT1:151_874(1.0),M,IT,UNEM_R,N,9,Y15-74,2024M10G31,2015-08-01,9.927396,,,,,,,,,,,,
IT1:151_874(1.0),M,IT,UNEM_R,N,9,Y15-74,2024M12G2,2015-08-01,9.927396,,,,,,,,,,,,
IT1:151_874(1.0),M,IT,UNEM_R,N,9,Y15-74,2024M1G31,2015-08-01,9.927396,,,,,,,,,,,,
IT1:151_874(1.0),M,IT,UNEM_R,N,9,Y15-74,2024M1G9,2015-08-01,9.927396,,,,,,,,,,,,
IT1:151_874(1.0),M,IT,UNEM_R,N,9,Y15-74,2024M3G1,2015-08-01,9.927396,,,,,,,,,,,,
IT1:151_874(1.0),M,IT,UNEM_R,N,9,Y15-74,2024M4G3,2015-08-01,9.927396,,,,,,,,,,,,
IT1:151_874(1.0),M,IT,UNEM_R,N,9,Y15-74,2024M5G3,2015-08-01,9.927396,,,,,,,,,,,,
IT1:151_874(1.0),M,IT,UNEM_R,N,9,Y15-74,2024M5G30,2015-08-01,9.927396,,,,,,,,,,,,
IT1:151_874(1.0),M,IT,UNEM_R,N,9,Y15-74,2024M7G2,2015-08-01,9.927396,,,,,,,,,,,,
IT1:151_874(1.0),M,IT,UNEM_R,N,9,Y15-74,2024M8G1,2015-08-01,9.927396,,,,,,,,,,,,
IT1:151_874(1.0),M,IT,UNEM_R,N,9,Y15-74,2024M8G30,2015-08-01,9.927396,,,,,,,,,,,,
IT1:151_874(1.0),M,IT,UNEM_R,N,9,Y15-74,2025M10G2,2015-08-01,9.927396,,,,,,,,,,,,
IT1:151_874(1.0),M,IT,UNEM_R,N,9,Y15-74,2025M10G30,2015-08-01,9.927396,,,,,,,,,,,,
IT1:151_874(1.0),M,IT,UNEM_R,N,9,Y15-74,2025M12G2,2015-08-01,9.927396,,,,,,,,,,,,
IT1:151_874(1.0),M,IT,UNEM_R,N,9,Y15-74,2025M1G30,2015-08-01,9.927396,,,,,,,,,,,,
IT1:151_874(1.0),M,IT,UNEM_R,N,9,Y15-74,2025M1G7,2015-08-01,9.927396,,,,,,,,,,,,
IT1:151_874(1.0),M,IT,UNEM_R,N,9,Y15-74,2025M3G4,2015-08-01,9.927396,,,,,,,,,,,,
IT1:151_874(1.0),M,IT,UNEM_R,N,9,Y15-74,2025M4G1,2015-08-01,9.927396,,,,,,,,,,,,
IT1:151_874(1.0),M,IT,UNEM_R,N,9,Y15-74,2025M5G2,2015-08-01,9.927396,,,,,,,,,,,,
IT1:151_874(1.0),M,IT,UNEM_R,N,9,Y15-74,2025M6G3,2015-08-01,9.927396,,,,,,,,,,,,
IT1:151_874(1.0),M,IT,UNEM_R,N,9,Y15-74,2025M7G2,2015-08-01,9.927396,,,,,,,,,,,,
IT1:151_874(1.0),M,IT,UNEM_R,N,9,Y15-74,2025M7G31,2015-08-01,9.927396,,,,,,,,,,,,
IT1:151_874(1.0),M,IT,UNEM_R,N,9,Y15-74,2025M9G1,2015-08-01,9.927396,,,,,,,,,,,,
IT1:151_874(1.0),M,IT,UNEM_R,N,9,Y15-74,2026M1G30,2015-08-01,9.927396,,,,,,,,,,,,
IT1:151_874(1.0),M,IT,UNEM_R,N,9,Y15-74,2026M1G8,2015-08-01,9.927396,,,,,,,,,,,,
IT1:151_874(1.0),M,IT,UNEM_R,N,9,Y15-74,2026M3G4,2015-08-01,9.927396,,,,,,,,,,,,
IT1:151_874(1.0),M,IT,UNEM_R,N,9,Y15-74,2026M4G1,2015-08-01,9.927396,,,,,,,,,,,,
IT1:151_874(1.0),M,IT,UNEM_R,N,9,Y15-74,2026M4G30,2015-08-01,9.927396,,,,,,,,,,,,
IT1:151_874(1.0),M,IT,UNEM_R,N,9,Y15-74,2022M11G3,2015-09-01,11.334374,,,,,,,,,,,,
IT1:151_874(1.0),M,IT,UNEM_R,N,9,Y15-74,2022M12G1,2015-09-01,11.334374,,,,,,,,,,,,
IT1:151_874(1.0),M,IT,UNEM_R,N,9,Y15-74,2022M2G1,2015-09-01,11.334374,,,,,,,,,,,,
IT1:151_874(1.0),M,IT,UNEM_R,N,9,Y15-74,2022M3G3,2015-09-01,11.334374,,,,,,,,,,,,
IT1:151_874(1.0),M,IT,UNEM_R,N,9,Y15-74,2022M3G31,2015-09-01,11.334374,,,,,,,,,,,,
IT1:151_874(1.0),M,IT,UNEM_R,N,9,Y15-74,2022M5G2,2015-09-01,11.334374,,,,,,,,,,,,
IT1:151_874(1.0),M,IT,UNEM_R,N,9,Y15-74,2022M6G1,2015-09-01,11.334374,,,,,,,,,,,,
IT1:151_874(1.0),M,IT,UNEM_R,N,9,Y15-74,2022M6G30,2015-09-01,11.334374,,,,,,,,,,,,
IT1:151_874(1.0),M,IT,UNEM_R,N,9,Y15-74,2022M8G1,2015-09-01,11.334374,,,,,,,,,,,,
IT1:151_874(1.0),M,IT,UNEM_R,N,9,Y15-74,2022M9G1,2015-09-01,11.334374,,,,,,,,,,,,
IT1:151_874(1.0),M,IT,UNEM_R,N,9,Y15-74,2022M9G30,2015-09-01,11.334374,,,,,,,,,,,,
IT1:151_874(1.0),M,IT,UNEM_R,N,9,Y15-74,2023M10G2,2015-09-01,11.334374,,,,,,,,,,,,
IT1:151_874(1.0),M,IT,UNEM_R,N,9,Y15-74,2023M11G3,2015-09-01,11.334374,,,,,,,,,,,,
IT1:151_874(1.0),M,IT,UNEM_R,N,9,Y15-74,2023M11G30,2015-09-01,11.334374,,,,,,,,,,,,
IT1:151_874(1.0),M,IT,UNEM_R,N,9,Y15-74,2023M1G31,2015-09-01,11.334374,,,,,,,,,,,,
IT1:151_874(1.0),M,IT,UNEM_R,N,9,Y15-74,2023M1G9,2015-09-01,11.334374,,,,,,,,,,,,
IT1:151_874(1.0),M,IT,UNEM_R,N,9,Y15-74,2023M3G2,2015-09-01,11.334374,,,,,,,,,,,,
IT1:151_874(1.0),M,IT,UNEM_R,N,9,Y15-74,2023M3G30,2015-09-01,11.334374,,,,,,,,,,,,
IT1:151_874(1.0),M,IT,UNEM_R,N,9,Y15-74,2023M5G3,2015-09-01,11.334374,,,,,,,,,,,,
IT1:151_874(1.0),M,IT,UNEM_R,N,9,Y15-74,2023M6G1,2015-09-01,11.334374,,,,,,,,,,,,
IT1:151_874(1.0),M,IT,UNEM_R,N,9,Y15-74,2023M6G30,2015-09-01,11.334374,,,,,,,,,,,,
IT1:151_874(1.0),M,IT,UNEM_R,N,9,Y15-74,2023M8G1,2015-09-01,11.334374,,,,,,,,,,,,
IT1:151_874(1.0),M,IT,UNEM_R,N,9,Y15-74,2023M8G31,2015-09-01,11.334374,,,,,,,,,,,,
IT1:151_874(1.0),M,IT,UNEM_R,N,9,Y15-74,2024M10G2,2015-09-01,11.334374,,,,,,,,,,,,
IT1:151_874(1.0),M,IT,UNEM_R,N,9,Y15-74,2024M10G31,2015-09-01,11.334374,,,,,,,,,,,,
IT1:151_874(1.0),M,IT,UNEM_R,N,9,Y15-74,2024M12G2,2015-09-01,11.334374,,,,,,,,,,,,
IT1:151_874(1.0),M,IT,UNEM_R,N,9,Y15-74,2024M1G31,2015-09-01,11.334374,,,,,,,,,,,,
IT1:151_874(1.0),M,IT,UNEM_R,N,9,Y15-74,2024M1G9,2015-09-01,11.334374,,,,,,,,,,,,
IT1:151_874(1.0),M,IT,UNEM_R,N,9,Y15-74,2024M3G1,2015-09-01,11.334374,,,,,,,,,,,,
IT1:151_874(1.0),M,IT,UNEM_R,N,9,Y15-74,2024M4G3,2015-09-01,11.334374,,,,,,,,,,,,
IT1:151_874(1.0),M,IT,UNEM_R,N,9,Y15-74,2024M5G3,2015-09-01,11.334374,,,,,,,,,,,,
IT1:151_874(1.0),M,IT,UNEM_R,N,9,Y15-74,2024M5G30,2015-09-01,11.334374,,,,,,,,,,,,
IT1:151_874(1.0),M,IT,UNEM_R,N,9,Y15-74,2024M7G2,2015-09-01,11.334374,,,,,,,,,,,,
IT1:151_874(1.0),M,IT,UNEM_R,N,9,Y15-74,2024M8G1,2015-09-01,11.334374,,,,,,,,,,,,
IT1:151_874(1.0),M,IT,UNEM_R,N,9,Y15-74,2024M8G30,2015-09-01,11.334374,,,,,,,,,,,,
IT1:151_874(1.0),M,IT,UNEM_R,N,9,Y15-74,2025M10G2,2015-09-01,11.334374,,,,,,,,,,,,
IT1:151_874(1.0),M,IT,UNEM_R,N,9,Y15-74,2025M10G30,2015-09-01,11.334374,,,,,,,,,,,,
IT1:151_874(1.0),M,IT,UNEM_R,N,9,Y15-74,2025M12G2,2015-09-01,11.334374,,,,,,,,,,,,
IT1:151_874(1.0),M,IT,UNEM_R,N,9,Y15-74,2025M1G30,2015-09-01,11.334374,,,,,,,,,,,,
IT1:151_874(1.0),M,IT,UNEM_R,N,9,Y15-74,2025M1G7,2015-09-01,11.334374,,,,,,,,,,,,
IT1:151_874(1.0),M,IT,UNEM_R,N,9,Y15-74,2025M3G4,2015-09-01,11.334374,,,,,,,,,,,,
IT1:151_874(1.0),M,IT,UNEM_R,N,9,Y15-74,2025M4G1,2015-09-01,11.334374,,,,,,,,,,,,
IT1:151_874(1.0),M,IT,UNEM_R,N,9,Y15-74,2025M5G2,2015-09-01,11.334374,,,,,,,,,,,,
IT1:151_874(1.0),M,IT,UNEM_R,N,9,Y15-74,2025M6G3,2015-09-01,11.334374,,,,,,,,,,,,
IT1:151_874(1.0),M,IT,UNEM_R,N,9,Y15-74,2025M7G2,2015-09-01,11.334374,,,,,,,,,,,,
IT1:151_874(1.0),M,IT,UNEM_R,N,9,Y15-74,2025M7G31,2015-09-01,11.334374,,,,,,,,,,,,
IT1:151_874(1.0),M,IT,UNEM_R,N,9,Y15-74,2025M9G1,2015-09-01,11.334374,,,,,,,,,,,,
IT1:151_874(1.0),M,IT,UNEM_R,N,9,Y15-74,2026M1G30,2015-09-01,11.334374,,,,,,,,,,,,
IT1:151_874(1.0),M,IT,UNEM_R,N,9,Y15-74,2026M1G8,2015-09-01,11.334374,,,,,,,,,,,,
IT1:151_874(1.0),M,IT,UNEM_R,N,9,Y15-74,2026M3G4,2015-09-01,11.334374,,,,,,,,,,,,
IT1:151_874(1.0),M,IT,UNEM_R,N,9,Y15-74,2026M4G1,2015-09-01,11.334374,,,,,,,,,,,,
IT1:151_874(1.0),M,IT,UNEM_R,N,9,Y15-74,2026M4G30,2015-09-01,11.334374,,,,,,,,,,,,
IT1:151_874(1.0),M,IT,UNEM_R,N,9,Y15-74,2022M11G3,2015-10-01,12.123558,,,,,,,,,,,,
IT1:151_874(1.0),M,IT,UNEM_R,N,9,Y15-74,2022M12G1,2015-10-01,12.123558,,,,,,,,,,,,
IT1:151_874(1.0),M,IT,UNEM_R,N,9,Y15-74,2022M2G1,2015-10-01,12.123558,,,,,,,,,,,,
IT1:151_874(1.0),M,IT,UNEM_R,N,9,Y15-74,2022M3G3,2015-10-01,12.123558,,,,,,,,,,,,
IT1:151_874(1.0),M,IT,UNEM_R,N,9,Y15-74,2022M3G31,2015-10-01,12.123558,,,,,,,,,,,,
IT1:151_874(1.0),M,IT,UNEM_R,N,9,Y15-74,2022M5G2,2015-10-01,12.123558,,,,,,,,,,,,
IT1:151_874(1.0),M,IT,UNEM_R,N,9,Y15-74,2022M6G1,2015-10-01,12.123558,,,,,,,,,,,,
IT1:151_874(1.0),M,IT,UNEM_R,N,9,Y15-74,2022M6G30,2015-10-01,12.123558,,,,,,,,,,,,
IT1:151_874(1.0),M,IT,UNEM_R,N,9,Y15-74,2022M8G1,2015-10-01,12.123558,,,,,,,,,,,,
IT1:151_874(1.0),M,IT,UNEM_R,N,9,Y15-74,2022M9G1,2015-10-01,12.123558,,,,,,,,,,,,
IT1:151_874(1.0),M,IT,UNEM_R,N,9,Y15-74,2022M9G30,2015-10-01,12.123558,,,,,,,,,,,,
IT1:151_874(1.0),M,IT,UNEM_R,N,9,Y15-74,2023M10G2,2015-10-01,12.123558,,,,,,,,,,,,
IT1:151_874(1.0),M,IT,UNEM_R,N,9,Y15-74,2023M11G3,2015-10-01,12.123558,,,,,,,,,,,,
IT1:151_874(1.0),M,IT,UNEM_R,N,9,Y15-74,2023M11G30,2015-10-01,12.123558,,,,,,,,,,,,
IT1:151_874(1.0),M,IT,UNEM_R,N,9,Y15-74,2023M1G31,2015-10-01,12.123558,,,,,,,,,,,,
IT1:151_874(1.0),M,IT,UNEM_R,N,9,Y15-74,2023M1G9,2015-10-01,12.123558,,,,,,,,,,,,
IT1:151_874(1.0),M,IT,UNEM_R,N,9,Y15-74,2023M3G2,2015-10-01,12.123558,,,,,,,,,,,,
IT1:151_874(1.0),M,IT,UNEM_R,N,9,Y15-74,2023M3G30,2015-10-01,12.123558,,,,,,,,,,,,
IT1:151_874(1.0),M,IT,UNEM_R,N,9,Y15-74,2023M5G3,2015-10-01,12.123558,,,,,,,,,,,,
IT1:151_874(1.0),M,IT,UNEM_R,N,9,Y15-74,2023M6G1,2015-10-01,12.123558,,,,,,,,,,,,
IT1:151_874(1.0),M,IT,UNEM_R,N,9,Y15-74,2023M6G30,2015-10-01,12.123558,,,,,,,,,,,,
IT1:151_874(1.0),M,IT,UNEM_R,N,9,Y15-74,2023M8G1,2015-10-01,12.123558,,,,,,,,,,,,
IT1:151_874(1.0),M,IT,UNEM_R,N,9,Y15-74,2023M8G31,2015-10-01,12.123558,,,,,,,,,,,,
IT1:151_874(1.0),M,IT,UNEM_R,N,9,Y15-74,2024M10G2,2015-10-01,12.123558,,,,,,,,,,,,
IT1:151_874(1.0),M,IT,UNEM_R,N,9,Y15-74,2024M10G31,2015-10-01,12.123558,,,,,,,,,,,,
IT1:151_874(1.0),M,IT,UNEM_R,N,9,Y15-74,2024M12G2,2015-10-01,12.123558,,,,,,,,,,,,
IT1:151_874(1.0),M,IT,UNEM_R,N,9,Y15-74,2024M1G31,2015-10-01,12.123558,,,,,,,,,,,,
IT1:151_874(1.0),M,IT,UNEM_R,N,9,Y15-74,2024M1G9,2015-10-01,12.123558,,,,,,,,,,,,
IT1:151_874(1.0),M,IT,UNEM_R,N,9,Y15-74,2024M3G1,2015-10-01,12.123558,,,,,,,,,,,,
IT1:151_874(1.0),M,IT,UNEM_R,N,9,Y15-74,2024M4G3,2015-10-01,12.123558,,,,,,,,,,,,
IT1:151_874(1.0),M,IT,UNEM_R,N,9,Y15-74,2024M5G3,2015-10-01,12.123558,,,,,,,,,,,,
IT1:151_874(1.0),M,IT,UNEM_R,N,9,Y15-74,2024M5G30,2015-10-01,12.123558,,,,,,,,,,,,
IT1:151_874(1.0),M,IT,UNEM_R,N,9,Y15-74,2024M7G2,2015-10-01,12.123558,,,,,,,,,,,,
IT1:151_874(1.0),M,IT,UNEM_R,N,9,Y15-74,2024M8G1,2015-10-01,12.123558,,,,,,,,,,,,
IT1:151_874(1.0),M,IT,UNEM_R,N,9,Y15-74,2024M8G30,2015-10-01,12.123558,,,,,,,,,,,,
IT1:151_874(1.0),M,IT,UNEM_R,N,9,Y15-74,2025M10G2,2015-10-01,12.123558,,,,,,,,,,,,
IT1:151_874(1.0),M,IT,UNEM_R,N,9,Y15-74,2025M10G30,2015-10-01,12.123558,,,,,,,,,,,,
IT1:151_874(1.0),M,IT,UNEM_R,N,9,Y15-74,2025M12G2,2015-10-01,12.123558,,,,,,,,,,,,
IT1:151_874(1.0),M,IT,UNEM_R,N,9,Y15-74,2025M1G30,2015-10-01,12.123558,,,,,,,,,,,,
IT1:151_874(1.0),M,IT,UNEM_R,N,9,Y15-74,2025M1G7,2015-10-01,12.123558,,,,,,,,,,,,
IT1:151_874(1.0),M,IT,UNEM_R,N,9,Y15-74,2025M3G4,2015-10-01,12.123558,,,,,,,,,,,,
IT1:151_874(1.0),M,IT,UNEM_R,N,9,Y15-74,2025M4G1,2015-10-01,12.123558,,,,,,,,,,,,
IT1:151_874(1.0),M,IT,UNEM_R,N,9,Y15-74,2025M5G2,2015-10-01,12.123558,,,,,,,,,,,,
IT1:151_874(1.0),M,IT,UNEM_R,N,9,Y15-74,2025M6G3,2015-10-01,12.123558,,,,,,,,,,,,
IT1:151_874(1.0),M,IT,UNEM_R,N,9,Y15-74,2025M7G2,2015-10-01,12.123558,,,,,,,,,,,,
IT1:151_874(1.0),M,IT,UNEM_R,N,9,Y15-74,2025M7G31,2015-10-01,12.123558,,,,,,,,,,,,
IT1:151_874(1.0),M,IT,UNEM_R,N,9,Y15-74,2025M9G1,2015-10-01,12.123558,,,,,,,,,,,,
IT1:151_874(1.0),M,IT,UNEM_R,N,9,Y15-74,2026M1G30,2015-10-01,12.123558,,,,,,,,,,,,
IT1:151_874(1.0),M,IT,UNEM_R,N,9,Y15-74,2026M1G8,2015-10-01,12.123558,,,,,,,,,,,,
IT1:151_874(1.0),M,IT,UNEM_R,N,9,Y15-74,2026M3G4,2015-10-01,12.123558,,,,,,,,,,,,
IT1:151_874(1.0),M,IT,UNEM_R,N,9,Y15-74,2026M4G1,2015-10-01,12.123558,,,,,,,,,,,,
IT1:151_874(1.0),M,IT,UNEM_R,N,9,Y15-74,2026M4G30,2015-10-01,12.123558,,,,,,,,,,,,
IT1:151_874(1.0),M,IT,UNEM_R,N,9,Y15-74,2022M11G3,2015-11-01,12.175364,,,,,,,,,,,,
IT1:151_874(1.0),M,IT,UNEM_R,N,9,Y15-74,2022M12G1,2015-11-01,12.175364,,,,,,,,,,,,
IT1:151_874(1.0),M,IT,UNEM_R,N,9,Y15-74,2022M2G1,2015-11-01,12.175364,,,,,,,,,,,,
IT1:151_874(1.0),M,IT,UNEM_R,N,9,Y15-74,2022M3G3,2015-11-01,12.175364,,,,,,,,,,,,
IT1:151_874(1.0),M,IT,UNEM_R,N,9,Y15-74,2022M3G31,2015-11-01,12.175364,,,,,,,,,,,,
IT1:151_874(1.0),M,IT,UNEM_R,N,9,Y15-74,2022M5G2,2015-11-01,12.175364,,,,,,,,,,,,
IT1:151_874(1.0),M,IT,UNEM_R,N,9,Y15-74,2022M6G1,2015-11-01,12.175364,,,,,,,,,,,,
IT1:151_874(1.0),M,IT,UNEM_R,N,9,Y15-74,2022M6G30,2015-11-01,12.175364,,,,,,,,,,,,
IT1:151_874(1.0),M,IT,UNEM_R,N,9,Y15-74,2022M8G1,2015-11-01,12.175364,,,,,,,,,,,,
IT1:151_874(1.0),M,IT,UNEM_R,N,9,Y15-74,2022M9G1,2015-11-01,12.175364,,,,,,,,,,,,
IT1:151_874(1.0),M,IT,UNEM_R,N,9,Y15-74,2022M9G30,2015-11-01,12.175364,,,,,,,,,,,,
IT1:151_874(1.0),M,IT,UNEM_R,N,9,Y15-74,2023M10G2,2015-11-01,12.175364,,,,,,,,,,,,
IT1:151_874(1.0),M,IT,UNEM_R,N,9,Y15-74,2023M11G3,2015-11-01,12.175364,,,,,,,,,,,,
IT1:151_874(1.0),M,IT,UNEM_R,N,9,Y15-74,2023M11G30,2015-11-01,12.175364,,,,,,,,,,,,
IT1:151_874(1.0),M,IT,UNEM_R,N,9,Y15-74,2023M1G31,2015-11-01,12.175364,,,,,,,,,,,,
IT1:151_874(1.0),M,IT,UNEM_R,N,9,Y15-74,2023M1G9,2015-11-01,12.175364,,,,,,,,,,,,
IT1:151_874(1.0),M,IT,UNEM_R,N,9,Y15-74,2023M3G2,2015-11-01,12.175364,,,,,,,,,,,,
IT1:151_874(1.0),M,IT,UNEM_R,N,9,Y15-74,2023M3G30,2015-11-01,12.175364,,,,,,,,,,,,
IT1:151_874(1.0),M,IT,UNEM_R,N,9,Y15-74,2023M5G3,2015-11-01,12.175364,,,,,,,,,,,,
IT1:151_874(1.0),M,IT,UNEM_R,N,9,Y15-74,2023M6G1,2015-11-01,12.175364,,,,,,,,,,,,
IT1:151_874(1.0),M,IT,UNEM_R,N,9,Y15-74,2023M6G30,2015-11-01,12.175364,,,,,,,,,,,,
IT1:151_874(1.0),M,IT,UNEM_R,N,9,Y15-74,2023M8G1,2015-11-01,12.175364,,,,,,,,,,,,
IT1:151_874(1.0),M,IT,UNEM_R,N,9,Y15-74,2023M8G31,2015-11-01,12.175364,,,,,,,,,,,,
IT1:151_874(1.0),M,IT,UNEM_R,N,9,Y15-74,2024M10G2,2015-11-01,12.175364,,,,,,,,,,,,
IT1:151_874(1.0),M,IT,UNEM_R,N,9,Y15-74,2024M10G31,2015-11-01,12.175364,,,,,,,,,,,,
IT1:151_874(1.0),M,IT,UNEM_R,N,9,Y15-74,2024M12G2,2015-11-01,12.175364,,,,,,,,,,,,
IT1:151_874(1.0),M,IT,UNEM_R,N,9,Y15-74,2024M1G31,2015-11-01,12.175364,,,,,,,,,,,,
IT1:151_874(1.0),M,IT,UNEM_R,N,9,Y15-74,2024M1G9,2015-11-01,12.175364,,,,,,,,,,,,
IT1:151_874(1.0),M,IT,UNEM_R,N,9,Y15-74,2024M3G1,2015-11-01,12.175364,,,,,,,,,,,,
IT1:151_874(1.0),M,IT,UNEM_R,N,9,Y15-74,2024M4G3,2015-11-01,12.175364,,,,,,,,,,,,
IT1:151_874(1.0),M,IT,UNEM_R,N,9,Y15-74,2024M5G3,2015-11-01,12.175364,,,,,,,,,,,,
IT1:151_874(1.0),M,IT,UNEM_R,N,9,Y15-74,2024M5G30,2015-11-01,12.175364,,,,,,,,,,,,
IT1:151_874(1.0),M,IT,UNEM_R,N,9,Y15-74,2024M7G2,2015-11-01,12.175364,,,,,,,,,,,,
IT1:151_874(1.0),M,IT,UNEM_R,N,9,Y15-74,2024M8G1,2015-11-01,12.175364,,,,,,,,,,,,
IT1:151_874(1.0),M,IT,UNEM_R,N,9,Y15-74,2024M8G30,2015-11-01,12.175364,,,,,,,,,,,,
IT1:151_874(1.0),M,IT,UNEM_R,N,9,Y15-74,2025M10G2,2015-11-01,12.175364,,,,,,,,,,,,
IT1:151_874(1.0),M,IT,UNEM_R,N,9,Y15-74,2025M10G30,2015-11-01,12.175364,,,,,,,,,,,,
IT1:151_874(1.0),M,IT,UNEM_R,N,9,Y15-74,2025M12G2,2015-11-01,12.175364,,,,,,,,,,,,
IT1:151_874(1.0),M,IT,UNEM_R,N,9,Y15-74,2025M1G30,2015-11-01,12.175364,,,,,,,,,,,,
IT1:151_874(1.0),M,IT,UNEM_R,N,9,Y15-74,2025M1G7,2015-11-01,12.175364,,,,,,,,,,,,
IT1:151_874(1.0),M,IT,UNEM_R,N,9,Y15-74,2025M3G4,2015-11-01,12.175364,,,,,,,,,,,,
IT1:151_874(1.0),M,IT,UNEM_R,N,9,Y15-74,2025M4G1,2015-11-01,12.175364,,,,,,,,,,,,
IT1:151_874(1.0),M,IT,UNEM_R,N,9,Y15-74,2025M5G2,2015-11-01,12.175364,,,,,,,,,,,,
IT1:151_874(1.0),M,IT,UNEM_R,N,9,Y15-74,2025M6G3,2015-11-01,12.175364,,,,,,,,,,,,
IT1:151_874(1.0),M,IT,UNEM_R,N,9,Y15-74,2025M7G2,2015-11-01,12.175364,,,,,,,,,,,,
IT1:151_874(1.0),M,IT,UNEM_R,N,9,Y15-74,2025M7G31,2015-11-01,12.175364,,,,,,,,,,,,
IT1:151_874(1.0),M,IT,UNEM_R,N,9,Y15-74,2025M9G1,2015-11-01,12.175364,,,,,,,,,,,,
IT1:151_874(1.0),M,IT,UNEM_R,N,9,Y15-74,2026M1G30,2015-11-01,12.175364,,,,,,,,,,,,
IT1:151_874(1.0),M,IT,UNEM_R,N,9,Y15-74,2026M1G8,2015-11-01,12.175364,,,,,,,,,,,,
IT1:151_874(1.0),M,IT,UNEM_R,N,9,Y15-74,2026M3G4,2015-11-01,12.175364,,,,,,,,,,,,
IT1:151_874(1.0),M,IT,UNEM_R,N,9,Y15-74,2026M4G1,2015-11-01,12.175364,,,,,,,,,,,,
IT1:151_874(1.0),M,IT,UNEM_R,N,9,Y15-74,2026M4G30,2015-11-01,12.175364,,,,,,,,,,,,
IT1:151_874(1.0),M,IT,UNEM_R,N,9,Y15-74,2022M11G3,2015-12-01,11.732116,,,,,,,,,,,,
IT1:151_874(1.0),M,IT,UNEM_R,N,9,Y15-74,2022M12G1,2015-12-01,11.732116,,,,,,,,,,,,
IT1:151_874(1.0),M,IT,UNEM_R,N,9,Y15-74,2022M2G1,2015-12-01,11.732116,,,,,,,,,,,,
IT1:151_874(1.0),M,IT,UNEM_R,N,9,Y15-74,2022M3G3,2015-12-01,11.732116,,,,,,,,,,,,
IT1:151_874(1.0),M,IT,UNEM_R,N,9,Y15-74,2022M3G31,2015-12-01,11.732116,,,,,,,,,,,,
IT1:151_874(1.0),M,IT,UNEM_R,N,9,Y15-74,2022M5G2,2015-12-01,11.732116,,,,,,,,,,,,
IT1:151_874(1.0),M,IT,UNEM_R,N,9,Y15-74,2022M6G1,2015-12-01,11.732116,,,,,,,,,,,,
IT1:151_874(1.0),M,IT,UNEM_R,N,9,Y15-74,2022M6G30,2015-12-01,11.732116,,,,,,,,,,,,
IT1:151_874(1.0),M,IT,UNEM_R,N,9,Y15-74,2022M8G1,2015-12-01,11.732116,,,,,,,,,,,,
IT1:151_874(1.0),M,IT,UNEM_R,N,9,Y15-74,2022M9G1,2015-12-01,11.732116,,,,,,,,,,,,
IT1:151_874(1.0),M,IT,UNEM_R,N,9,Y15-74,2022M9G30,2015-12-01,11.732116,,,,,,,,,,,,
IT1:151_874(1.0),M,IT,UNEM_R,N,9,Y15-74,2023M10G2,2015-12-01,11.732116,,,,,,,,,,,,
IT1:151_874(1.0),M,IT,UNEM_R,N,9,Y15-74,2023M11G3,2015-12-01,11.732116,,,,,,,,,,,,
IT1:151_874(1.0),M,IT,UNEM_R,N,9,Y15-74,2023M11G30,2015-12-01,11.732116,,,,,,,,,,,,
IT1:151_874(1.0),M,IT,UNEM_R,N,9,Y15-74,2023M1G31,2015-12-01,11.732116,,,,,,,,,,,,
IT1:151_874(1.0),M,IT,UNEM_R,N,9,Y15-74,2023M1G9,2015-12-01,11.732116,,,,,,,,,,,,
IT1:151_874(1.0),M,IT,UNEM_R,N,9,Y15-74,2023M3G2,2015-12-01,11.732116,,,,,,,,,,,,
IT1:151_874(1.0),M,IT,UNEM_R,N,9,Y15-74,2023M3G30,2015-12-01,11.732116,,,,,,,,,,,,
IT1:151_874(1.0),M,IT,UNEM_R,N,9,Y15-74,2023M5G3,2015-12-01,11.732116,,,,,,,,,,,,
IT1:151_874(1.0),M,IT,UNEM_R,N,9,Y15-74,2023M6G1,2015-12-01,11.732116,,,,,,,,,,,,
IT1:151_874(1.0),M,IT,UNEM_R,N,9,Y15-74,2023M6G30,2015-12-01,11.732116,,,,,,,,,,,,
IT1:151_874(1.0),M,IT,UNEM_R,N,9,Y15-74,2023M8G1,2015-12-01,11.732116,,,,,,,,,,,,
IT1:151_874(1.0),M,IT,UNEM_R,N,9,Y15-74,2023M8G31,2015-12-01,11.732116,,,,,,,,,,,,
IT1:151_874(1.0),M,IT,UNEM_R,N,9,Y15-74,2024M10G2,2015-12-01,11.732116,,,,,,,,,,,,
IT1:151_874(1.0),M,IT,UNEM_R,N,9,Y15-74,2024M10G31,2015-12-01,11.732116,,,,,,,,,,,,
IT1:151_874(1.0),M,IT,UNEM_R,N,9,Y15-74,2024M12G2,2015-12-01,11.732116,,,,,,,,,,,,
IT1:151_874(1.0),M,IT,UNEM_R,N,9,Y15-74,2024M1G31,2015-12-01,11.732116,,,,,,,,,,,,
IT1:151_874(1.0),M,IT,UNEM_R,N,9,Y15-74,2024M1G9,2015-12-01,11.732116,,,,,,,,,,,,
IT1:151_874(1.0),M,IT,UNEM_R,N,9,Y15-74,2024M3G1,2015-12-01,11.732116,,,,,,,,,,,,
IT1:151_874(1.0),M,IT,UNEM_R,N,9,Y15-74,2024M4G3,2015-12-01,11.732116,,,,,,,,,,,,
IT1:151_874(1.0),M,IT,UNEM_R,N,9,Y15-74,2024M5G3,2015-12-01,11.732116,,,,,,,,,,,,
IT1:151_874(1.0),M,IT,UNEM_R,N,9,Y15-74,2024M5G30,2015-12-01,11.732116,,,,,,,,,,,,
IT1:151_874(1.0),M,IT,UNEM_R,N,9,Y15-74,2024M7G2,2015-12-01,11.732116,,,,,,,,,,,,
IT1:151_874(1.0),M,IT,UNEM_R,N,9,Y15-74,2024M8G1,2015-12-01,11.732116,,,,,,,,,,,,
IT1:151_874(1.0),M,IT,UNEM_R,N,9,Y15-74,2024M8G30,2015-12-01,11.732116,,,,,,,,,,,,
IT1:151_874(1.0),M,IT,UNEM_R,N,9,Y15-74,2025M10G2,2015-12-01,11.732116,,,,,,,,,,,,
IT1:151_874(1.0),M,IT,UNEM_R,N,9,Y15-74,2025M10G30,2015-12-01,11.732116,,,,,,,,,,,,
IT1:151_874(1.0),M,IT,UNEM_R,N,9,Y15-74,2025M12G2,2015-12-01,11.732116,,,,,,,,,,,,
IT1:151_874(1.0),M,IT,UNEM_R,N,9,Y15-74,2025M1G30,2015-12-01,11.732116,,,,,,,,,,,,
IT1:151_874(1.0),M,IT,UNEM_R,N,9,Y15-74,2025M1G7,2015-12-01,11.732116,,,,,,,,,,,,
IT1:151_874(1.0),M,IT,UNEM_R,N,9,Y15-74,2025M3G4,2015-12-01,11.732116,,,,,,,,,,,,
IT1:151_874(1.0),M,IT,UNEM_R,N,9,Y15-74,2025M4G1,2015-12-01,11.732116,,,,,,,,,,,,
IT1:151_874(1.0),M,IT,UNEM_R,N,9,Y15-74,2025M5G2,2015-12-01,11.732116,,,,,,,,,,,,
IT1:151_874(1.0),M,IT,UNEM_R,N,9,Y15-74,2025M6G3,2015-12-01,11.732116,,,,,,,,,,,,
IT1:151_874(1.0),M,IT,UNEM_R,N,9,Y15-74,2025M7G2,2015-12-01,11.732116,,,,,,,,,,,,
IT1:151_874(1.0),M,IT,UNEM_R,N,9,Y15-74,2025M7G31,2015-12-01,11.732116,,,,,,,,,,,,
IT1:151_874(1.0),M,IT,UNEM_R,N,9,Y15-74,2025M9G1,2015-12-01,11.732116,,,,,,,,,,,,
IT1:151_874(1.0),M,IT,UNEM_R,N,9,Y15-74,2026M1G30,2015-12-01,11.732116,,,,,,,,,,,,
IT1:151_874(1.0),M,IT,UNEM_R,N,9,Y15-74,2026M1G8,2015-12-01,11.732116,,,,,,,,,,,,
IT1:151_874(1.0),M,IT,UNEM_R,N,9,Y15-74,2026M3G4,2015-12-01,11.732116,,,,,,,,,,,,
IT1:151_874(1.0),M,IT,UNEM_R,N,9,Y15-74,2026M4G1,2015-12-01,11.732116,,,,,,,,,,,,
IT1:151_874(1.0),M,IT,UNEM_R,N,9,Y15-74,2026M4G30,2015-12-01,11.732116,,,,,,,,,,,,
IT1:151_874(1.0),M,IT,UNEM_R,N,9,Y15-74,2022M11G3,2016-01-01,12.051925,,,,,,,,,,,,
IT1:151_874(1.0),M,IT,UNEM_R,N,9,Y15-74,2022M12G1,2016-01-01,12.051925,,,,,,,,,,,,
IT1:151_874(1.0),M,IT,UNEM_R,N,9,Y15-74,2022M2G1,2016-01-01,12.051925,,,,,,,,,,,,
IT1:151_874(1.0),M,IT,UNEM_R,N,9,Y15-74,2022M3G3,2016-01-01,12.051925,,,,,,,,,,,,
IT1:151_874(1.0),M,IT,UNEM_R,N,9,Y15-74,2022M3G31,2016-01-01,12.051925,,,,,,,,,,,,
IT1:151_874(1.0),M,IT,UNEM_R,N,9,Y15-74,2022M5G2,2016-01-01,12.051925,,,,,,,,,,,,
IT1:151_874(1.0),M,IT,UNEM_R,N,9,Y15-74,2022M6G1,2016-01-01,12.051925,,,,,,,,,,,,
IT1:151_874(1.0),M,IT,UNEM_R,N,9,Y15-74,2022M6G30,2016-01-01,12.051925,,,,,,,,,,,,
IT1:151_874(1.0),M,IT,UNEM_R,N,9,Y15-74,2022M8G1,2016-01-01,12.051925,,,,,,,,,,,,
IT1:151_874(1.0),M,IT,UNEM_R,N,9,Y15-74,2022M9G1,2016-01-01,12.051925,,,,,,,,,,,,
IT1:151_874(1.0),M,IT,UNEM_R,N,9,Y15-74,2022M9G30,2016-01-01,12.051925,,,,,,,,,,,,
IT1:151_874(1.0),M,IT,UNEM_R,N,9,Y15-74,2023M10G2,2016-01-01,12.051925,,,,,,,,,,,,
IT1:151_874(1.0),M,IT,UNEM_R,N,9,Y15-74,2023M11G3,2016-01-01,12.051925,,,,,,,,,,,,
IT1:151_874(1.0),M,IT,UNEM_R,N,9,Y15-74,2023M11G30,2016-01-01,12.051925,,,,,,,,,,,,
IT1:151_874(1.0),M,IT,UNEM_R,N,9,Y15-74,2023M1G31,2016-01-01,12.051925,,,,,,,,,,,,
IT1:151_874(1.0),M,IT,UNEM_R,N,9,Y15-74,2023M1G9,2016-01-01,12.051925,,,,,,,,,,,,
IT1:151_874(1.0),M,IT,UNEM_R,N,9,Y15-74,2023M3G2,2016-01-01,12.051925,,,,,,,,,,,,
IT1:151_874(1.0),M,IT,UNEM_R,N,9,Y15-74,2023M3G30,2016-01-01,12.051925,,,,,,,,,,,,
IT1:151_874(1.0),M,IT,UNEM_R,N,9,Y15-74,2023M5G3,2016-01-01,12.051925,,,,,,,,,,,,
IT1:151_874(1.0),M,IT,UNEM_R,N,9,Y15-74,2023M6G1,2016-01-01,12.051925,,,,,,,,,,,,
IT1:151_874(1.0),M,IT,UNEM_R,N,9,Y15-74,2023M6G30,2016-01-01,12.051925,,,,,,,,,,,,
IT1:151_874(1.0),M,IT,UNEM_R,N,9,Y15-74,2023M8G1,2016-01-01,12.051925,,,,,,,,,,,,
IT1:151_874(1.0),M,IT,UNEM_R,N,9,Y15-74,2023M8G31,2016-01-01,12.051925,,,,,,,,,,,,
IT1:151_874(1.0),M,IT,UNEM_R,N,9,Y15-74,2024M10G2,2016-01-01,12.051925,,,,,,,,,,,,
IT1:151_874(1.0),M,IT,UNEM_R,N,9,Y15-74,2024M10G31,2016-01-01,12.051925,,,,,,,,,,,,
IT1:151_874(1.0),M,IT,UNEM_R,N,9,Y15-74,2024M12G2,2016-01-01,12.051925,,,,,,,,,,,,
IT1:151_874(1.0),M,IT,UNEM_R,N,9,Y15-74,2024M1G31,2016-01-01,12.051925,,,,,,,,,,,,
IT1:151_874(1.0),M,IT,UNEM_R,N,9,Y15-74,2024M1G9,2016-01-01,12.051925,,,,,,,,,,,,
IT1:151_874(1.0),M,IT,UNEM_R,N,9,Y15-74,2024M3G1,2016-01-01,12.051925,,,,,,,,,,,,
IT1:151_874(1.0),M,IT,UNEM_R,N,9,Y15-74,2024M4G3,2016-01-01,12.051925,,,,,,,,,,,,
IT1:151_874(1.0),M,IT,UNEM_R,N,9,Y15-74,2024M5G3,2016-01-01,12.051925,,,,,,,,,,,,
IT1:151_874(1.0),M,IT,UNEM_R,N,9,Y15-74,2024M5G30,2016-01-01,12.051925,,,,,,,,,,,,
IT1:151_874(1.0),M,IT,UNEM_R,N,9,Y15-74,2024M7G2,2016-01-01,12.051925,,,,,,,,,,,,
IT1:151_874(1.0),M,IT,UNEM_R,N,9,Y15-74,2024M8G1,2016-01-01,12.051925,,,,,,,,,,,,
IT1:151_874(1.0),M,IT,UNEM_R,N,9,Y15-74,2024M8G30,2016-01-01,12.051925,,,,,,,,,,,,
IT1:151_874(1.0),M,IT,UNEM_R,N,9,Y15-74,2025M10G2,2016-01-01,12.051925,,,,,,,,,,,,
IT1:151_874(1.0),M,IT,UNEM_R,N,9,Y15-74,2025M10G30,2016-01-01,12.051925,,,,,,,,,,,,
IT1:151_874(1.0),M,IT,UNEM_R,N,9,Y15-74,2025M12G2,2016-01-01,12.051925,,,,,,,,,,,,
IT1:151_874(1.0),M,IT,UNEM_R,N,9,Y15-74,2025M1G30,2016-01-01,12.051925,,,,,,,,,,,,
IT1:151_874(1.0),M,IT,UNEM_R,N,9,Y15-74,2025M1G7,2016-01-01,12.051925,,,,,,,,,,,,
IT1:151_874(1.0),M,IT,UNEM_R,N,9,Y15-74,2025M3G4,2016-01-01,12.051925,,,,,,,,,,,,
IT1:151_874(1.0),M,IT,UNEM_R,N,9,Y15-74,2025M4G1,2016-01-01,12.051925,,,,,,,,,,,,
IT1:151_874(1.0),M,IT,UNEM_R,N,9,Y15-74,2025M5G2,2016-01-01,12.051925,,,,,,,,,,,,
IT1:151_874(1.0),M,IT,UNEM_R,N,9,Y15-74,2025M6G3,2016-01-01,12.051925,,,,,,,,,,,,
IT1:151_874(1.0),M,IT,UNEM_R,N,9,Y15-74,2025M7G2,2016-01-01,12.051925,,,,,,,,,,,,
IT1:151_874(1.0),M,IT,UNEM_R,N,9,Y15-74,2025M7G31,2016-01-01,12.051925,,,,,,,,,,,,
IT1:151_874(1.0),M,IT,UNEM_R,N,9,Y15-74,2025M9G1,2016-01-01,12.051925,,,,,,,,,,,,
IT1:151_874(1.0),M,IT,UNEM_R,N,9,Y15-74,2026M1G30,2016-01-01,12.051925,,,,,,,,,,,,
IT1:151_874(1.0),M,IT,UNEM_R,N,9,Y15-74,2026M1G8,2016-01-01,12.051925,,,,,,,,,,,,
IT1:151_874(1.0),M,IT,UNEM_R,N,9,Y15-74,2026M3G4,2016-01-01,12.051925,,,,,,,,,,,,
IT1:151_874(1.0),M,IT,UNEM_R,N,9,Y15-74,2026M4G1,2016-01-01,12.051925,,,,,,,,,,,,
IT1:151_874(1.0),M,IT,UNEM_R,N,9,Y15-74,2026M4G30,2016-01-01,12.051925,,,,,,,,,,,,
IT1:151_874(1.0),M,IT,UNEM_R,N,9,Y15-74,2022M11G3,2016-02-01,12.342994,,,,,,,,,,,,
IT1:151_874(1.0),M,IT,UNEM_R,N,9,Y15-74,2022M12G1,2016-02-01,12.342994,,,,,,,,,,,,
IT1:151_874(1.0),M,IT,UNEM_R,N,9,Y15-74,2022M2G1,2016-02-01,12.342994,,,,,,,,,,,,
IT1:151_874(1.0),M,IT,UNEM_R,N,9,Y15-74,2022M3G3,2016-02-01,12.342994,,,,,,,,,,,,
IT1:151_874(1.0),M,IT,UNEM_R,N,9,Y15-74,2022M3G31,2016-02-01,12.342994,,,,,,,,,,,,
IT1:151_874(1.0),M,IT,UNEM_R,N,9,Y15-74,2022M5G2,2016-02-01,12.342994,,,,,,,,,,,,
IT1:151_874(1.0),M,IT,UNEM_R,N,9,Y15-74,2022M6G1,2016-02-01,12.342994,,,,,,,,,,,,
IT1:151_874(1.0),M,IT,UNEM_R,N,9,Y15-74,2022M6G30,2016-02-01,12.342994,,,,,,,,,,,,
IT1:151_874(1.0),M,IT,UNEM_R,N,9,Y15-74,2022M8G1,2016-02-01,12.342994,,,,,,,,,,,,
IT1:151_874(1.0),M,IT,UNEM_R,N,9,Y15-74,2022M9G1,2016-02-01,12.342994,,,,,,,,,,,,
IT1:151_874(1.0),M,IT,UNEM_R,N,9,Y15-74,2022M9G30,2016-02-01,12.342994,,,,,,,,,,,,
IT1:151_874(1.0),M,IT,UNEM_R,N,9,Y15-74,2023M10G2,2016-02-01,12.342994,,,,,,,,,,,,
IT1:151_874(1.0),M,IT,UNEM_R,N,9,Y15-74,2023M11G3,2016-02-01,12.342994,,,,,,,,,,,,
IT1:151_874(1.0),M,IT,UNEM_R,N,9,Y15-74,2023M11G30,2016-02-01,12.342994,,,,,,,,,,,,
IT1:151_874(1.0),M,IT,UNEM_R,N,9,Y15-74,2023M1G31,2016-02-01,12.342994,,,,,,,,,,,,
IT1:151_874(1.0),M,IT,UNEM_R,N,9,Y15-74,2023M1G9,2016-02-01,12.342994,,,,,,,,,,,,
IT1:151_874(1.0),M,IT,UNEM_R,N,9,Y15-74,2023M3G2,2016-02-01,12.342994,,,,,,,,,,,,
IT1:151_874(1.0),M,IT,UNEM_R,N,9,Y15-74,2023M3G30,2016-02-01,12.342994,,,,,,,,,,,,
IT1:151_874(1.0),M,IT,UNEM_R,N,9,Y15-74,2023M5G3,2016-02-01,12.342994,,,,,,,,,,,,
IT1:151_874(1.0),M,IT,UNEM_R,N,9,Y15-74,2023M6G1,2016-02-01,12.342994,,,,,,,,,,,,
IT1:151_874(1.0),M,IT,UNEM_R,N,9,Y15-74,2023M6G30,2016-02-01,12.342994,,,,,,,,,,,,
IT1:151_874(1.0),M,IT,UNEM_R,N,9,Y15-74,2023M8G1,2016-02-01,12.342994,,,,,,,,,,,,
IT1:151_874(1.0),M,IT,UNEM_R,N,9,Y15-74,2023M8G31,2016-02-01,12.342994,,,,,,,,,,,,
IT1:151_874(1.0),M,IT,UNEM_R,N,9,Y15-74,2024M10G2,2016-02-01,12.342994,,,,,,,,,,,,
IT1:151_874(1.0),M,IT,UNEM_R,N,9,Y15-74,2024M10G31,2016-02-01,12.342994,,,,,,,,,,,,
IT1:151_874(1.0),M,IT,UNEM_R,N,9,Y15-74,2024M12G2,2016-02-01,12.342994,,,,,,,,,,,,
IT1:151_874(1.0),M,IT,UNEM_R,N,9,Y15-74,2024M1G31,2016-02-01,12.342994,,,,,,,,,,,,
IT1:151_874(1.0),M,IT,UNEM_R,N,9,Y15-74,2024M1G9,2016-02-01,12.342994,,,,,,,,,,,,
IT1:151_874(1.0),M,IT,UNEM_R,N,9,Y15-74,2024M3G1,2016-02-01,12.342994,,,,,,,,,,,,
IT1:151_874(1.0),M,IT,UNEM_R,N,9,Y15-74,2024M4G3,2016-02-01,12.342994,,,,,,,,,,,,
IT1:151_874(1.0),M,IT,UNEM_R,N,9,Y15-74,2024M5G3,2016-02-01,12.342994,,,,,,,,,,,,
IT1:151_874(1.0),M,IT,UNEM_R,N,9,Y15-74,2024M5G30,2016-02-01,12.342994,,,,,,,,,,,,
IT1:151_874(1.0),M,IT,UNEM_R,N,9,Y15-74,2024M7G2,2016-02-01,12.342994,,,,,,,,,,,,
IT1:151_874(1.0),M,IT,UNEM_R,N,9,Y15-74,2024M8G1,2016-02-01,12.342994,,,,,,,,,,,,
IT1:151_874(1.0),M,IT,UNEM_R,N,9,Y15-74,2024M8G30,2016-02-01,12.342994,,,,,,,,,,,,
IT1:151_874(1.0),M,IT,UNEM_R,N,9,Y15-74,2025M10G2,2016-02-01,12.342994,,,,,,,,,,,,
IT1:151_874(1.0),M,IT,UNEM_R,N,9,Y15-74,2025M10G30,2016-02-01,12.342994,,,,,,,,,,,,
IT1:151_874(1.0),M,IT,UNEM_R,N,9,Y15-74,2025M12G2,2016-02-01,12.342994,,,,,,,,,,,,
IT1:151_874(1.0),M,IT,UNEM_R,N,9,Y15-74,2025M1G30,2016-02-01,12.342994,,,,,,,,,,,,
IT1:151_874(1.0),M,IT,UNEM_R,N,9,Y15-74,2025M1G7,2016-02-01,12.342994,,,,,,,,,,,,
IT1:151_874(1.0),M,IT,UNEM_R,N,9,Y15-74,2025M3G4,2016-02-01,12.342994,,,,,,,,,,,,
IT1:151_874(1.0),M,IT,UNEM_R,N,9,Y15-74,2025M4G1,2016-02-01,12.342994,,,,,,,,,,,,
IT1:151_874(1.0),M,IT,UNEM_R,N,9,Y15-74,2025M5G2,2016-02-01,12.342994,,,,,,,,,,,,
IT1:151_874(1.0),M,IT,UNEM_R,N,9,Y15-74,2025M6G3,2016-02-01,12.342994,,,,,,,,,,,,
IT1:151_874(1.0),M,IT,UNEM_R,N,9,Y15-74,2025M7G2,2016-02-01,12.342994,,,,,,,,,,,,
IT1:151_874(1.0),M,IT,UNEM_R,N,9,Y15-74,2025M7G31,2016-02-01,12.342994,,,,,,,,,,,,
IT1:151_874(1.0),M,IT,UNEM_R,N,9,Y15-74,2025M9G1,2016-02-01,12.342994,,,,,,,,,,,,
IT1:151_874(1.0),M,IT,UNEM_R,N,9,Y15-74,2026M1G30,2016-02-01,12.342994,,,,,,,,,,,,
IT1:151_874(1.0),M,IT,UNEM_R,N,9,Y15-74,2026M1G8,2016-02-01,12.342994,,,,,,,,,,,,
IT1:151_874(1.0),M,IT,UNEM_R,N,9,Y15-74,2026M3G4,2016-02-01,12.342994,,,,,,,,,,,,
IT1:151_874(1.0),M,IT,UNEM_R,N,9,Y15-74,2026M4G1,2016-02-01,12.342994,,,,,,,,,,,,
IT1:151_874(1.0),M,IT,UNEM_R,N,9,Y15-74,2026M4G30,2016-02-01,12.342994,,,,,,,,,,,,
IT1:151_874(1.0),M,IT,UNEM_R,N,9,Y15-74,2022M11G3,2016-03-01,12.133675,,,,,,,,,,,,
IT1:151_874(1.0),M,IT,UNEM_R,N,9,Y15-74,2022M12G1,2016-03-01,12.133675,,,,,,,,,,,,
IT1:151_874(1.0),M,IT,UNEM_R,N,9,Y15-74,2022M2G1,2016-03-01,12.133675,,,,,,,,,,,,
IT1:151_874(1.0),M,IT,UNEM_R,N,9,Y15-74,2022M3G3,2016-03-01,12.133675,,,,,,,,,,,,
IT1:151_874(1.0),M,IT,UNEM_R,N,9,Y15-74,2022M3G31,2016-03-01,12.133675,,,,,,,,,,,,
IT1:151_874(1.0),M,IT,UNEM_R,N,9,Y15-74,2022M5G2,2016-03-01,12.133675,,,,,,,,,,,,
IT1:151_874(1.0),M,IT,UNEM_R,N,9,Y15-74,2022M6G1,2016-03-01,12.133675,,,,,,,,,,,,
IT1:151_874(1.0),M,IT,UNEM_R,N,9,Y15-74,2022M6G30,2016-03-01,12.133675,,,,,,,,,,,,
IT1:151_874(1.0),M,IT,UNEM_R,N,9,Y15-74,2022M8G1,2016-03-01,12.133675,,,,,,,,,,,,
IT1:151_874(1.0),M,IT,UNEM_R,N,9,Y15-74,2022M9G1,2016-03-01,12.133675,,,,,,,,,,,,
IT1:151_874(1.0),M,IT,UNEM_R,N,9,Y15-74,2022M9G30,2016-03-01,12.133675,,,,,,,,,,,,
IT1:151_874(1.0),M,IT,UNEM_R,N,9,Y15-74,2023M10G2,2016-03-01,12.133675,,,,,,,,,,,,
IT1:151_874(1.0),M,IT,UNEM_R,N,9,Y15-74,2023M11G3,2016-03-01,12.133675,,,,,,,,,,,,
IT1:151_874(1.0),M,IT,UNEM_R,N,9,Y15-74,2023M11G30,2016-03-01,12.133675,,,,,,,,,,,,
IT1:151_874(1.0),M,IT,UNEM_R,N,9,Y15-74,2023M1G31,2016-03-01,12.133675,,,,,,,,,,,,
IT1:151_874(1.0),M,IT,UNEM_R,N,9,Y15-74,2023M1G9,2016-03-01,12.133675,,,,,,,,,,,,
IT1:151_874(1.0),M,IT,UNEM_R,N,9,Y15-74,2023M3G2,2016-03-01,12.133675,,,,,,,,,,,,
IT1:151_874(1.0),M,IT,UNEM_R,N,9,Y15-74,2023M3G30,2016-03-01,12.133675,,,,,,,,,,,,
IT1:151_874(1.0),M,IT,UNEM_R,N,9,Y15-74,2023M5G3,2016-03-01,12.133675,,,,,,,,,,,,
IT1:151_874(1.0),M,IT,UNEM_R,N,9,Y15-74,2023M6G1,2016-03-01,12.133675,,,,,,,,,,,,
IT1:151_874(1.0),M,IT,UNEM_R,N,9,Y15-74,2023M6G30,2016-03-01,12.133675,,,,,,,,,,,,
IT1:151_874(1.0),M,IT,UNEM_R,N,9,Y15-74,2023M8G1,2016-03-01,12.133675,,,,,,,,,,,,
IT1:151_874(1.0),M,IT,UNEM_R,N,9,Y15-74,2023M8G31,2016-03-01,12.133675,,,,,,,,,,,,
IT1:151_874(1.0),M,IT,UNEM_R,N,9,Y15-74,2024M10G2,2016-03-01,12.133675,,,,,,,,,,,,
IT1:151_874(1.0),M,IT,UNEM_R,N,9,Y15-74,2024M10G31,2016-03-01,12.133675,,,,,,,,,,,,
IT1:151_874(1.0),M,IT,UNEM_R,N,9,Y15-74,2024M12G2,2016-03-01,12.133675,,,,,,,,,,,,
IT1:151_874(1.0),M,IT,UNEM_R,N,9,Y15-74,2024M1G31,2016-03-01,12.133675,,,,,,,,,,,,
IT1:151_874(1.0),M,IT,UNEM_R,N,9,Y15-74,2024M1G9,2016-03-01,12.133675,,,,,,,,,,,,
IT1:151_874(1.0),M,IT,UNEM_R,N,9,Y15-74,2024M3G1,2016-03-01,12.133675,,,,,,,,,,,,
IT1:151_874(1.0),M,IT,UNEM_R,N,9,Y15-74,2024M4G3,2016-03-01,12.133675,,,,,,,,,,,,
IT1:151_874(1.0),M,IT,UNEM_R,N,9,Y15-74,2024M5G3,2016-03-01,12.133675,,,,,,,,,,,,
IT1:151_874(1.0),M,IT,UNEM_R,N,9,Y15-74,2024M5G30,2016-03-01,12.133675,,,,,,,,,,,,
IT1:151_874(1.0),M,IT,UNEM_R,N,9,Y15-74,2024M7G2,2016-03-01,12.133675,,,,,,,,,,,,
IT1:151_874(1.0),M,IT,UNEM_R,N,9,Y15-74,2024M8G1,2016-03-01,12.133675,,,,,,,,,,,,
IT1:151_874(1.0),M,IT,UNEM_R,N,9,Y15-74,2024M8G30,2016-03-01,12.133675,,,,,,,,,,,,
IT1:151_874(1.0),M,IT,UNEM_R,N,9,Y15-74,2025M10G2,2016-03-01,12.133675,,,,,,,,,,,,
IT1:151_874(1.0),M,IT,UNEM_R,N,9,Y15-74,2025M10G30,2016-03-01,12.133675,,,,,,,,,,,,
IT1:151_874(1.0),M,IT,UNEM_R,N,9,Y15-74,2025M12G2,2016-03-01,12.133675,,,,,,,,,,,,
IT1:151_874(1.0),M,IT,UNEM_R,N,9,Y15-74,2025M1G30,2016-03-01,12.133675,,,,,,,,,,,,
IT1:151_874(1.0),M,IT,UNEM_R,N,9,Y15-74,2025M1G7,2016-03-01,12.133675,,,,,,,,,,,,
IT1:151_874(1.0),M,IT,UNEM_R,N,9,Y15-74,2025M3G4,2016-03-01,12.133675,,,,,,,,,,,,
IT1:151_874(1.0),M,IT,UNEM_R,N,9,Y15-74,2025M4G1,2016-03-01,12.133675,,,,,,,,,,,,
IT1:151_874(1.0),M,IT,UNEM_R,N,9,Y15-74,2025M5G2,2016-03-01,12.133675,,,,,,,,,,,,
IT1:151_874(1.0),M,IT,UNEM_R,N,9,Y15-74,2025M6G3,2016-03-01,12.133675,,,,,,,,,,,,
IT1:151_874(1.0),M,IT,UNEM_R,N,9,Y15-74,2025M7G2,2016-03-01,12.133675,,,,,,,,,,,,
IT1:151_874(1.0),M,IT,UNEM_R,N,9,Y15-74,2025M7G31,2016-03-01,12.133675,,,,,,,,,,,,
IT1:151_874(1.0),M,IT,UNEM_R,N,9,Y15-74,2025M9G1,2016-03-01,12.133675,,,,,,,,,,,,
IT1:151_874(1.0),M,IT,UNEM_R,N,9,Y15-74,2026M1G30,2016-03-01,12.133675,,,,,,,,,,,,
IT1:151_874(1.0),M,IT,UNEM_R,N,9,Y15-74,2026M1G8,2016-03-01,12.133675,,,,,,,,,,,,
IT1:151_874(1.0),M,IT,UNEM_R,N,9,Y15-74,2026M3G4,2016-03-01,12.133675,,,,,,,,,,,,
IT1:151_874(1.0),M,IT,UNEM_R,N,9,Y15-74,2026M4G1,2016-03-01,12.133675,,,,,,,,,,,,
IT1:151_874(1.0),M,IT,UNEM_R,N,9,Y15-74,2026M4G30,2016-03-01,12.133675,,,,,,,,,,,,
IT1:151_874(1.0),M,IT,UNEM_R,N,9,Y15-74,2022M11G3,2016-04-01,11.865186,,,,,,,,,,,,
IT1:151_874(1.0),M,IT,UNEM_R,N,9,Y15-74,2022M12G1,2016-04-01,11.865186,,,,,,,,,,,,
IT1:151_874(1.0),M,IT,UNEM_R,N,9,Y15-74,2022M2G1,2016-04-01,11.865186,,,,,,,,,,,,
IT1:151_874(1.0),M,IT,UNEM_R,N,9,Y15-74,2022M3G3,2016-04-01,11.865186,,,,,,,,,,,,
IT1:151_874(1.0),M,IT,UNEM_R,N,9,Y15-74,2022M3G31,2016-04-01,11.865186,,,,,,,,,,,,
IT1:151_874(1.0),M,IT,UNEM_R,N,9,Y15-74,2022M5G2,2016-04-01,11.865186,,,,,,,,,,,,
IT1:151_874(1.0),M,IT,UNEM_R,N,9,Y15-74,2022M6G1,2016-04-01,11.865186,,,,,,,,,,,,
IT1:151_874(1.0),M,IT,UNEM_R,N,9,Y15-74,2022M6G30,2016-04-01,11.865186,,,,,,,,,,,,
IT1:151_874(1.0),M,IT,UNEM_R,N,9,Y15-74,2022M8G1,2016-04-01,11.865186,,,,,,,,,,,,
IT1:151_874(1.0),M,IT,UNEM_R,N,9,Y15-74,2022M9G1,2016-04-01,11.865186,,,,,,,,,,,,
IT1:151_874(1.0),M,IT,UNEM_R,N,9,Y15-74,2022M9G30,2016-04-01,11.865186,,,,,,,,,,,,
IT1:151_874(1.0),M,IT,UNEM_R,N,9,Y15-74,2023M10G2,2016-04-01,11.865186,,,,,,,,,,,,
IT1:151_874(1.0),M,IT,UNEM_R,N,9,Y15-74,2023M11G3,2016-04-01,11.865186,,,,,,,,,,,,
IT1:151_874(1.0),M,IT,UNEM_R,N,9,Y15-74,2023M11G30,2016-04-01,11.865186,,,,,,,,,,,,
IT1:151_874(1.0),M,IT,UNEM_R,N,9,Y15-74,2023M1G31,2016-04-01,11.865186,,,,,,,,,,,,
IT1:151_874(1.0),M,IT,UNEM_R,N,9,Y15-74,2023M1G9,2016-04-01,11.865186,,,,,,,,,,,,
IT1:151_874(1.0),M,IT,UNEM_R,N,9,Y15-74,2023M3G2,2016-04-01,11.865186,,,,,,,,,,,,
IT1:151_874(1.0),M,IT,UNEM_R,N,9,Y15-74,2023M3G30,2016-04-01,11.865186,,,,,,,,,,,,
IT1:151_874(1.0),M,IT,UNEM_R,N,9,Y15-74,2023M5G3,2016-04-01,11.865186,,,,,,,,,,,,
IT1:151_874(1.0),M,IT,UNEM_R,N,9,Y15-74,2023M6G1,2016-04-01,11.865186,,,,,,,,,,,,
IT1:151_874(1.0),M,IT,UNEM_R,N,9,Y15-74,2023M6G30,2016-04-01,11.865186,,,,,,,,,,,,
IT1:151_874(1.0),M,IT,UNEM_R,N,9,Y15-74,2023M8G1,2016-04-01,11.865186,,,,,,,,,,,,
IT1:151_874(1.0),M,IT,UNEM_R,N,9,Y15-74,2023M8G31,2016-04-01,11.865186,,,,,,,,,,,,
IT1:151_874(1.0),M,IT,UNEM_R,N,9,Y15-74,2024M10G2,2016-04-01,11.865186,,,,,,,,,,,,
IT1:151_874(1.0),M,IT,UNEM_R,N,9,Y15-74,2024M10G31,2016-04-01,11.865186,,,,,,,,,,,,
IT1:151_874(1.0),M,IT,UNEM_R,N,9,Y15-74,2024M12G2,2016-04-01,11.865186,,,,,,,,,,,,
IT1:151_874(1.0),M,IT,UNEM_R,N,9,Y15-74,2024M1G31,2016-04-01,11.865186,,,,,,,,,,,,
IT1:151_874(1.0),M,IT,UNEM_R,N,9,Y15-74,2024M1G9,2016-04-01,11.865186,,,,,,,,,,,,
IT1:151_874(1.0),M,IT,UNEM_R,N,9,Y15-74,2024M3G1,2016-04-01,11.865186,,,,,,,,,,,,
IT1:151_874(1.0),M,IT,UNEM_R,N,9,Y15-74,2024M4G3,2016-04-01,11.865186,,,,,,,,,,,,
IT1:151_874(1.0),M,IT,UNEM_R,N,9,Y15-74,2024M5G3,2016-04-01,11.865186,,,,,,,,,,,,
IT1:151_874(1.0),M,IT,UNEM_R,N,9,Y15-74,2024M5G30,2016-04-01,11.865186,,,,,,,,,,,,
IT1:151_874(1.0),M,IT,UNEM_R,N,9,Y15-74,2024M7G2,2016-04-01,11.865186,,,,,,,,,,,,
IT1:151_874(1.0),M,IT,UNEM_R,N,9,Y15-74,2024M8G1,2016-04-01,11.865186,,,,,,,,,,,,
IT1:151_874(1.0),M,IT,UNEM_R,N,9,Y15-74,2024M8G30,2016-04-01,11.865186,,,,,,,,,,,,
IT1:151_874(1.0),M,IT,UNEM_R,N,9,Y15-74,2025M10G2,2016-04-01,11.865186,,,,,,,,,,,,
IT1:151_874(1.0),M,IT,UNEM_R,N,9,Y15-74,2025M10G30,2016-04-01,11.865186,,,,,,,,,,,,
IT1:151_874(1.0),M,IT,UNEM_R,N,9,Y15-74,2025M12G2,2016-04-01,11.865186,,,,,,,,,,,,
IT1:151_874(1.0),M,IT,UNEM_R,N,9,Y15-74,2025M1G30,2016-04-01,11.865186,,,,,,,,,,,,
IT1:151_874(1.0),M,IT,UNEM_R,N,9,Y15-74,2025M1G7,2016-04-01,11.865186,,,,,,,,,,,,
IT1:151_874(1.0),M,IT,UNEM_R,N,9,Y15-74,2025M3G4,2016-04-01,11.865186,,,,,,,,,,,,
IT1:151_874(1.0),M,IT,UNEM_R,N,9,Y15-74,2025M4G1,2016-04-01,11.865186,,,,,,,,,,,,
IT1:151_874(1.0),M,IT,UNEM_R,N,9,Y15-74,2025M5G2,2016-04-01,11.865186,,,,,,,,,,,,
IT1:151_874(1.0),M,IT,UNEM_R,N,9,Y15-74,2025M6G3,2016-04-01,11.865186,,,,,,,,,,,,
IT1:151_874(1.0),M,IT,UNEM_R,N,9,Y15-74,2025M7G2,2016-04-01,11.865186,,,,,,,,,,,,
IT1:151_874(1.0),M,IT,UNEM_R,N,9,Y15-74,2025M7G31,2016-04-01,11.865186,,,,,,,,,,,,
IT1:151_874(1.0),M,IT,UNEM_R,N,9,Y15-74,2025M9G1,2016-04-01,11.865186,,,,,,,,,,,,
IT1:151_874(1.0),M,IT,UNEM_R,N,9,Y15-74,2026M1G30,2016-04-01,11.865186,,,,,,,,,,,,
IT1:151_874(1.0),M,IT,UNEM_R,N,9,Y15-74,2026M1G8,2016-04-01,11.865186,,,,,,,,,,,,
IT1:151_874(1.0),M,IT,UNEM_R,N,9,Y15-74,2026M3G4,2016-04-01,11.865186,,,,,,,,,,,,
IT1:151_874(1.0),M,IT,UNEM_R,N,9,Y15-74,2026M4G1,2016-04-01,11.865186,,,,,,,,,,,,
IT1:151_874(1.0),M,IT,UNEM_R,N,9,Y15-74,2026M4G30,2016-04-01,11.865186,,,,,,,,,,,,
IT1:151_874(1.0),M,IT,UNEM_R,N,9,Y15-74,2022M11G3,2016-05-01,11.523465,,,,,,,,,,,,
IT1:151_874(1.0),M,IT,UNEM_R,N,9,Y15-74,2022M12G1,2016-05-01,11.523465,,,,,,,,,,,,
IT1:151_874(1.0),M,IT,UNEM_R,N,9,Y15-74,2022M2G1,2016-05-01,11.523465,,,,,,,,,,,,
IT1:151_874(1.0),M,IT,UNEM_R,N,9,Y15-74,2022M3G3,2016-05-01,11.523465,,,,,,,,,,,,
IT1:151_874(1.0),M,IT,UNEM_R,N,9,Y15-74,2022M3G31,2016-05-01,11.523465,,,,,,,,,,,,
IT1:151_874(1.0),M,IT,UNEM_R,N,9,Y15-74,2022M5G2,2016-05-01,11.523465,,,,,,,,,,,,
IT1:151_874(1.0),M,IT,UNEM_R,N,9,Y15-74,2022M6G1,2016-05-01,11.523465,,,,,,,,,,,,
IT1:151_874(1.0),M,IT,UNEM_R,N,9,Y15-74,2022M6G30,2016-05-01,11.523465,,,,,,,,,,,,
IT1:151_874(1.0),M,IT,UNEM_R,N,9,Y15-74,2022M8G1,2016-05-01,11.523465,,,,,,,,,,,,
IT1:151_874(1.0),M,IT,UNEM_R,N,9,Y15-74,2022M9G1,2016-05-01,11.523465,,,,,,,,,,,,
IT1:151_874(1.0),M,IT,UNEM_R,N,9,Y15-74,2022M9G30,2016-05-01,11.523465,,,,,,,,,,,,
IT1:151_874(1.0),M,IT,UNEM_R,N,9,Y15-74,2023M10G2,2016-05-01,11.523465,,,,,,,,,,,,
IT1:151_874(1.0),M,IT,UNEM_R,N,9,Y15-74,2023M11G3,2016-05-01,11.523465,,,,,,,,,,,,
IT1:151_874(1.0),M,IT,UNEM_R,N,9,Y15-74,2023M11G30,2016-05-01,11.523465,,,,,,,,,,,,
IT1:151_874(1.0),M,IT,UNEM_R,N,9,Y15-74,2023M1G31,2016-05-01,11.523465,,,,,,,,,,,,
IT1:151_874(1.0),M,IT,UNEM_R,N,9,Y15-74,2023M1G9,2016-05-01,11.523465,,,,,,,,,,,,
IT1:151_874(1.0),M,IT,UNEM_R,N,9,Y15-74,2023M3G2,2016-05-01,11.523465,,,,,,,,,,,,
IT1:151_874(1.0),M,IT,UNEM_R,N,9,Y15-74,2023M3G30,2016-05-01,11.523465,,,,,,,,,,,,
IT1:151_874(1.0),M,IT,UNEM_R,N,9,Y15-74,2023M5G3,2016-05-01,11.523465,,,,,,,,,,,,
IT1:151_874(1.0),M,IT,UNEM_R,N,9,Y15-74,2023M6G1,2016-05-01,11.523465,,,,,,,,,,,,
IT1:151_874(1.0),M,IT,UNEM_R,N,9,Y15-74,2023M6G30,2016-05-01,11.523465,,,,,,,,,,,,
IT1:151_874(1.0),M,IT,UNEM_R,N,9,Y15-74,2023M8G1,2016-05-01,11.523465,,,,,,,,,,,,
IT1:151_874(1.0),M,IT,UNEM_R,N,9,Y15-74,2023M8G31,2016-05-01,11.523465,,,,,,,,,,,,
IT1:151_874(1.0),M,IT,UNEM_R,N,9,Y15-74,2024M10G2,2016-05-01,11.523465,,,,,,,,,,,,
IT1:151_874(1.0),M,IT,UNEM_R,N,9,Y15-74,2024M10G31,2016-05-01,11.523465,,,,,,,,,,,,
IT1:151_874(1.0),M,IT,UNEM_R,N,9,Y15-74,2024M12G2,2016-05-01,11.523465,,,,,,,,,,,,
IT1:151_874(1.0),M,IT,UNEM_R,N,9,Y15-74,2024M1G31,2016-05-01,11.523465,,,,,,,,,,,,
IT1:151_874(1.0),M,IT,UNEM_R,N,9,Y15-74,2024M1G9,2016-05-01,11.523465,,,,,,,,,,,,
IT1:151_874(1.0),M,IT,UNEM_R,N,9,Y15-74,2024M3G1,2016-05-01,11.523465,,,,,,,,,,,,
IT1:151_874(1.0),M,IT,UNEM_R,N,9,Y15-74,2024M4G3,2016-05-01,11.523465,,,,,,,,,,,,
IT1:151_874(1.0),M,IT,UNEM_R,N,9,Y15-74,2024M5G3,2016-05-01,11.523465,,,,,,,,,,,,
IT1:151_874(1.0),M,IT,UNEM_R,N,9,Y15-74,2024M5G30,2016-05-01,11.523465,,,,,,,,,,,,
IT1:151_874(1.0),M,IT,UNEM_R,N,9,Y15-74,2024M7G2,2016-05-01,11.523465,,,,,,,,,,,,
IT1:151_874(1.0),M,IT,UNEM_R,N,9,Y15-74,2024M8G1,2016-05-01,11.523465,,,,,,,,,,,,
IT1:151_874(1.0),M,IT,UNEM_R,N,9,Y15-74,2024M8G30,2016-05-01,11.523465,,,,,,,,,,,,
IT1:151_874(1.0),M,IT,UNEM_R,N,9,Y15-74,2025M10G2,2016-05-01,11.523465,,,,,,,,,,,,
IT1:151_874(1.0),M,IT,UNEM_R,N,9,Y15-74,2025M10G30,2016-05-01,11.523465,,,,,,,,,,,,
IT1:151_874(1.0),M,IT,UNEM_R,N,9,Y15-74,2025M12G2,2016-05-01,11.523465,,,,,,,,,,,,
IT1:151_874(1.0),M,IT,UNEM_R,N,9,Y15-74,2025M1G30,2016-05-01,11.523465,,,,,,,,,,,,
IT1:151_874(1.0),M,IT,UNEM_R,N,9,Y15-74,2025M1G7,2016-05-01,11.523465,,,,,,,,,,,,
IT1:151_874(1.0),M,IT,UNEM_R,N,9,Y15-74,2025M3G4,2016-05-01,11.523465,,,,,,,,,,,,
IT1:151_874(1.0),M,IT,UNEM_R,N,9,Y15-74,2025M4G1,2016-05-01,11.523465,,,,,,,,,,,,
IT1:151_874(1.0),M,IT,UNEM_R,N,9,Y15-74,2025M5G2,2016-05-01,11.523465,,,,,,,,,,,,
IT1:151_874(1.0),M,IT,UNEM_R,N,9,Y15-74,2025M6G3,2016-05-01,11.523465,,,,,,,,,,,,
IT1:151_874(1.0),M,IT,UNEM_R,N,9,Y15-74,2025M7G2,2016-05-01,11.523465,,,,,,,,,,,,
IT1:151_874(1.0),M,IT,UNEM_R,N,9,Y15-74,2025M7G31,2016-05-01,11.523465,,,,,,,,,,,,
IT1:151_874(1.0),M,IT,UNEM_R,N,9,Y15-74,2025M9G1,2016-05-01,11.523465,,,,,,,,,,,,
IT1:151_874(1.0),M,IT,UNEM_R,N,9,Y15-74,2026M1G30,2016-05-01,11.523465,,,,,,,,,,,,
IT1:151_874(1.0),M,IT,UNEM_R,N,9,Y15-74,2026M1G8,2016-05-01,11.523465,,,,,,,,,,,,
IT1:151_874(1.0),M,IT,UNEM_R,N,9,Y15-74,2026M3G4,2016-05-01,11.523465,,,,,,,,,,,,
IT1:151_874(1.0),M,IT,UNEM_R,N,9,Y15-74,2026M4G1,2016-05-01,11.523465,,,,,,,,,,,,
IT1:151_874(1.0),M,IT,UNEM_R,N,9,Y15-74,2026M4G30,2016-05-01,11.523465,,,,,,,,,,,,
IT1:151_874(1.0),M,IT,UNEM_R,N,9,Y15-74,2022M11G3,2016-06-01,11.462649,,,,,,,,,,,,
IT1:151_874(1.0),M,IT,UNEM_R,N,9,Y15-74,2022M12G1,2016-06-01,11.462649,,,,,,,,,,,,
IT1:151_874(1.0),M,IT,UNEM_R,N,9,Y15-74,2022M2G1,2016-06-01,11.462649,,,,,,,,,,,,
IT1:151_874(1.0),M,IT,UNEM_R,N,9,Y15-74,2022M3G3,2016-06-01,11.462649,,,,,,,,,,,,
IT1:151_874(1.0),M,IT,UNEM_R,N,9,Y15-74,2022M3G31,2016-06-01,11.462649,,,,,,,,,,,,
IT1:151_874(1.0),M,IT,UNEM_R,N,9,Y15-74,2022M5G2,2016-06-01,11.462649,,,,,,,,,,,,
IT1:151_874(1.0),M,IT,UNEM_R,N,9,Y15-74,2022M6G1,2016-06-01,11.462649,,,,,,,,,,,,
IT1:151_874(1.0),M,IT,UNEM_R,N,9,Y15-74,2022M6G30,2016-06-01,11.462649,,,,,,,,,,,,
IT1:151_874(1.0),M,IT,UNEM_R,N,9,Y15-74,2022M8G1,2016-06-01,11.462649,,,,,,,,,,,,
IT1:151_874(1.0),M,IT,UNEM_R,N,9,Y15-74,2022M9G1,2016-06-01,11.462649,,,,,,,,,,,,
IT1:151_874(1.0),M,IT,UNEM_R,N,9,Y15-74,2022M9G30,2016-06-01,11.462649,,,,,,,,,,,,
IT1:151_874(1.0),M,IT,UNEM_R,N,9,Y15-74,2023M10G2,2016-06-01,11.462649,,,,,,,,,,,,
IT1:151_874(1.0),M,IT,UNEM_R,N,9,Y15-74,2023M11G3,2016-06-01,11.462649,,,,,,,,,,,,
IT1:151_874(1.0),M,IT,UNEM_R,N,9,Y15-74,2023M11G30,2016-06-01,11.462649,,,,,,,,,,,,
IT1:151_874(1.0),M,IT,UNEM_R,N,9,Y15-74,2023M1G31,2016-06-01,11.462649,,,,,,,,,,,,
IT1:151_874(1.0),M,IT,UNEM_R,N,9,Y15-74,2023M1G9,2016-06-01,11.462649,,,,,,,,,,,,
IT1:151_874(1.0),M,IT,UNEM_R,N,9,Y15-74,2023M3G2,2016-06-01,11.462649,,,,,,,,,,,,
IT1:151_874(1.0),M,IT,UNEM_R,N,9,Y15-74,2023M3G30,2016-06-01,11.462649,,,,,,,,,,,,
IT1:151_874(1.0),M,IT,UNEM_R,N,9,Y15-74,2023M5G3,2016-06-01,11.462649,,,,,,,,,,,,
IT1:151_874(1.0),M,IT,UNEM_R,N,9,Y15-74,2023M6G1,2016-06-01,11.462649,,,,,,,,,,,,
IT1:151_874(1.0),M,IT,UNEM_R,N,9,Y15-74,2023M6G30,2016-06-01,11.462649,,,,,,,,,,,,
IT1:151_874(1.0),M,IT,UNEM_R,N,9,Y15-74,2023M8G1,2016-06-01,11.462649,,,,,,,,,,,,
IT1:151_874(1.0),M,IT,UNEM_R,N,9,Y15-74,2023M8G31,2016-06-01,11.462649,,,,,,,,,,,,
IT1:151_874(1.0),M,IT,UNEM_R,N,9,Y15-74,2024M10G2,2016-06-01,11.462649,,,,,,,,,,,,
IT1:151_874(1.0),M,IT,UNEM_R,N,9,Y15-74,2024M10G31,2016-06-01,11.462649,,,,,,,,,,,,
IT1:151_874(1.0),M,IT,UNEM_R,N,9,Y15-74,2024M12G2,2016-06-01,11.462649,,,,,,,,,,,,
IT1:151_874(1.0),M,IT,UNEM_R,N,9,Y15-74,2024M1G31,2016-06-01,11.462649,,,,,,,,,,,,
IT1:151_874(1.0),M,IT,UNEM_R,N,9,Y15-74,2024M1G9,2016-06-01,11.462649,,,,,,,,,,,,
IT1:151_874(1.0),M,IT,UNEM_R,N,9,Y15-74,2024M3G1,2016-06-01,11.462649,,,,,,,,,,,,
IT1:151_874(1.0),M,IT,UNEM_R,N,9,Y15-74,2024M4G3,2016-06-01,11.462649,,,,,,,,,,,,
IT1:151_874(1.0),M,IT,UNEM_R,N,9,Y15-74,2024M5G3,2016-06-01,11.462649,,,,,,,,,,,,
IT1:151_874(1.0),M,IT,UNEM_R,N,9,Y15-74,2024M5G30,2016-06-01,11.462649,,,,,,,,,,,,
IT1:151_874(1.0),M,IT,UNEM_R,N,9,Y15-74,2024M7G2,2016-06-01,11.462649,,,,,,,,,,,,
IT1:151_874(1.0),M,IT,UNEM_R,N,9,Y15-74,2024M8G1,2016-06-01,11.462649,,,,,,,,,,,,
IT1:151_874(1.0),M,IT,UNEM_R,N,9,Y15-74,2024M8G30,2016-06-01,11.462649,,,,,,,,,,,,
IT1:151_874(1.0),M,IT,UNEM_R,N,9,Y15-74,2025M10G2,2016-06-01,11.462649,,,,,,,,,,,,
IT1:151_874(1.0),M,IT,UNEM_R,N,9,Y15-74,2025M10G30,2016-06-01,11.462649,,,,,,,,,,,,
IT1:151_874(1.0),M,IT,UNEM_R,N,9,Y15-74,2025M12G2,2016-06-01,11.462649,,,,,,,,,,,,
IT1:151_874(1.0),M,IT,UNEM_R,N,9,Y15-74,2025M1G30,2016-06-01,11.462649,,,,,,,,,,,,
IT1:151_874(1.0),M,IT,UNEM_R,N,9,Y15-74,2025M1G7,2016-06-01,11.462649,,,,,,,,,,,,
IT1:151_874(1.0),M,IT,UNEM_R,N,9,Y15-74,2025M3G4,2016-06-01,11.462649,,,,,,,,,,,,
IT1:151_874(1.0),M,IT,UNEM_R,N,9,Y15-74,2025M4G1,2016-06-01,11.462649,,,,,,,,,,,,
IT1:151_874(1.0),M,IT,UNEM_R,N,9,Y15-74,2025M5G2,2016-06-01,11.462649,,,,,,,,,,,,
IT1:151_874(1.0),M,IT,UNEM_R,N,9,Y15-74,2025M6G3,2016-06-01,11.462649,,,,,,,,,,,,
IT1:151_874(1.0),M,IT,UNEM_R,N,9,Y15-74,2025M7G2,2016-06-01,11.462649,,,,,,,,,,,,
IT1:151_874(1.0),M,IT,UNEM_R,N,9,Y15-74,2025M7G31,2016-06-01,11.462649,,,,,,,,,,,,
IT1:151_874(1.0),M,IT,UNEM_R,N,9,Y15-74,2025M9G1,2016-06-01,11.462649,,,,,,,,,,,,
IT1:151_874(1.0),M,IT,UNEM_R,N,9,Y15-74,2026M1G30,2016-06-01,11.462649,,,,,,,,,,,,
IT1:151_874(1.0),M,IT,UNEM_R,N,9,Y15-74,2026M1G8,2016-06-01,11.462649,,,,,,,,,,,,
IT1:151_874(1.0),M,IT,UNEM_R,N,9,Y15-74,2026M3G4,2016-06-01,11.462649,,,,,,,,,,,,
IT1:151_874(1.0),M,IT,UNEM_R,N,9,Y15-74,2026M4G1,2016-06-01,11.462649,,,,,,,,,,,,
IT1:151_874(1.0),M,IT,UNEM_R,N,9,Y15-74,2026M4G30,2016-06-01,11.462649,,,,,,,,,,,,
IT1:151_874(1.0),M,IT,UNEM_R,N,9,Y15-74,2022M11G3,2016-07-01,10.767859,,,,,,,,,,,,
IT1:151_874(1.0),M,IT,UNEM_R,N,9,Y15-74,2022M12G1,2016-07-01,10.767859,,,,,,,,,,,,
IT1:151_874(1.0),M,IT,UNEM_R,N,9,Y15-74,2022M2G1,2016-07-01,10.767859,,,,,,,,,,,,
IT1:151_874(1.0),M,IT,UNEM_R,N,9,Y15-74,2022M3G3,2016-07-01,10.767859,,,,,,,,,,,,
IT1:151_874(1.0),M,IT,UNEM_R,N,9,Y15-74,2022M3G31,2016-07-01,10.767859,,,,,,,,,,,,
IT1:151_874(1.0),M,IT,UNEM_R,N,9,Y15-74,2022M5G2,2016-07-01,10.767859,,,,,,,,,,,,
IT1:151_874(1.0),M,IT,UNEM_R,N,9,Y15-74,2022M6G1,2016-07-01,10.767859,,,,,,,,,,,,
IT1:151_874(1.0),M,IT,UNEM_R,N,9,Y15-74,2022M6G30,2016-07-01,10.767859,,,,,,,,,,,,
IT1:151_874(1.0),M,IT,UNEM_R,N,9,Y15-74,2022M8G1,2016-07-01,10.767859,,,,,,,,,,,,
IT1:151_874(1.0),M,IT,UNEM_R,N,9,Y15-74,2022M9G1,2016-07-01,10.767859,,,,,,,,,,,,
IT1:151_874(1.0),M,IT,UNEM_R,N,9,Y15-74,2022M9G30,2016-07-01,10.767859,,,,,,,,,,,,
IT1:151_874(1.0),M,IT,UNEM_R,N,9,Y15-74,2023M10G2,2016-07-01,10.767859,,,,,,,,,,,,
IT1:151_874(1.0),M,IT,UNEM_R,N,9,Y15-74,2023M11G3,2016-07-01,10.767859,,,,,,,,,,,,
IT1:151_874(1.0),M,IT,UNEM_R,N,9,Y15-74,2023M11G30,2016-07-01,10.767859,,,,,,,,,,,,
IT1:151_874(1.0),M,IT,UNEM_R,N,9,Y15-74,2023M1G31,2016-07-01,10.767859,,,,,,,,,,,,
IT1:151_874(1.0),M,IT,UNEM_R,N,9,Y15-74,2023M1G9,2016-07-01,10.767859,,,,,,,,,,,,
IT1:151_874(1.0),M,IT,UNEM_R,N,9,Y15-74,2023M3G2,2016-07-01,10.767859,,,,,,,,,,,,
IT1:151_874(1.0),M,IT,UNEM_R,N,9,Y15-74,2023M3G30,2016-07-01,10.767859,,,,,,,,,,,,
IT1:151_874(1.0),M,IT,UNEM_R,N,9,Y15-74,2023M5G3,2016-07-01,10.767859,,,,,,,,,,,,
IT1:151_874(1.0),M,IT,UNEM_R,N,9,Y15-74,2023M6G1,2016-07-01,10.767859,,,,,,,,,,,,
IT1:151_874(1.0),M,IT,UNEM_R,N,9,Y15-74,2023M6G30,2016-07-01,10.767859,,,,,,,,,,,,
IT1:151_874(1.0),M,IT,UNEM_R,N,9,Y15-74,2023M8G1,2016-07-01,10.767859,,,,,,,,,,,,
IT1:151_874(1.0),M,IT,UNEM_R,N,9,Y15-74,2023M8G31,2016-07-01,10.767859,,,,,,,,,,,,
IT1:151_874(1.0),M,IT,UNEM_R,N,9,Y15-74,2024M10G2,2016-07-01,10.767859,,,,,,,,,,,,
IT1:151_874(1.0),M,IT,UNEM_R,N,9,Y15-74,2024M10G31,2016-07-01,10.767859,,,,,,,,,,,,
IT1:151_874(1.0),M,IT,UNEM_R,N,9,Y15-74,2024M12G2,2016-07-01,10.767859,,,,,,,,,,,,
IT1:151_874(1.0),M,IT,UNEM_R,N,9,Y15-74,2024M1G31,2016-07-01,10.767859,,,,,,,,,,,,
IT1:151_874(1.0),M,IT,UNEM_R,N,9,Y15-74,2024M1G9,2016-07-01,10.767859,,,,,,,,,,,,
IT1:151_874(1.0),M,IT,UNEM_R,N,9,Y15-74,2024M3G1,2016-07-01,10.767859,,,,,,,,,,,,
IT1:151_874(1.0),M,IT,UNEM_R,N,9,Y15-74,2024M4G3,2016-07-01,10.767859,,,,,,,,,,,,
IT1:151_874(1.0),M,IT,UNEM_R,N,9,Y15-74,2024M5G3,2016-07-01,10.767859,,,,,,,,,,,,
IT1:151_874(1.0),M,IT,UNEM_R,N,9,Y15-74,2024M5G30,2016-07-01,10.767859,,,,,,,,,,,,
IT1:151_874(1.0),M,IT,UNEM_R,N,9,Y15-74,2024M7G2,2016-07-01,10.767859,,,,,,,,,,,,
IT1:151_874(1.0),M,IT,UNEM_R,N,9,Y15-74,2024M8G1,2016-07-01,10.767859,,,,,,,,,,,,
IT1:151_874(1.0),M,IT,UNEM_R,N,9,Y15-74,2024M8G30,2016-07-01,10.767859,,,,,,,,,,,,
IT1:151_874(1.0),M,IT,UNEM_R,N,9,Y15-74,2025M10G2,2016-07-01,10.767859,,,,,,,,,,,,
IT1:151_874(1.0),M,IT,UNEM_R,N,9,Y15-74,2025M10G30,2016-07-01,10.767859,,,,,,,,,,,,
IT1:151_874(1.0),M,IT,UNEM_R,N,9,Y15-74,2025M12G2,2016-07-01,10.767859,,,,,,,,,,,,
IT1:151_874(1.0),M,IT,UNEM_R,N,9,Y15-74,2025M1G30,2016-07-01,10.767859,,,,,,,,,,,,
IT1:151_874(1.0),M,IT,UNEM_R,N,9,Y15-74,2025M1G7,2016-07-01,10.767859,,,,,,,,,,,,
IT1:151_874(1.0),M,IT,UNEM_R,N,9,Y15-74,2025M3G4,2016-07-01,10.767859,,,,,,,,,,,,
IT1:151_874(1.0),M,IT,UNEM_R,N,9,Y15-74,2025M4G1,2016-07-01,10.767859,,,,,,,,,,,,
IT1:151_874(1.0),M,IT,UNEM_R,N,9,Y15-74,2025M5G2,2016-07-01,10.767859,,,,,,,,,,,,
IT1:151_874(1.0),M,IT,UNEM_R,N,9,Y15-74,2025M6G3,2016-07-01,10.767859,,,,,,,,,,,,
IT1:151_874(1.0),M,IT,UNEM_R,N,9,Y15-74,2025M7G2,2016-07-01,10.767859,,,,,,,,,,,,
IT1:151_874(1.0),M,IT,UNEM_R,N,9,Y15-74,2025M7G31,2016-07-01,10.767859,,,,,,,,,,,,
IT1:151_874(1.0),M,IT,UNEM_R,N,9,Y15-74,2025M9G1,2016-07-01,10.767859,,,,,,,,,,,,
IT1:151_874(1.0),M,IT,UNEM_R,N,9,Y15-74,2026M1G30,2016-07-01,10.767859,,,,,,,,,,,,
IT1:151_874(1.0),M,IT,UNEM_R,N,9,Y15-74,2026M1G8,2016-07-01,10.767859,,,,,,,,,,,,
IT1:151_874(1.0),M,IT,UNEM_R,N,9,Y15-74,2026M3G4,2016-07-01,10.767859,,,,,,,,,,,,
IT1:151_874(1.0),M,IT,UNEM_R,N,9,Y15-74,2026M4G1,2016-07-01,10.767859,,,,,,,,,,,,
IT1:151_874(1.0),M,IT,UNEM_R,N,9,Y15-74,2026M4G30,2016-07-01,10.767859,,,,,,,,,,,,
IT1:151_874(1.0),M,IT,UNEM_R,N,9,Y15-74,2022M11G3,2016-08-01,10.16451,,,,,,,,,,,,
IT1:151_874(1.0),M,IT,UNEM_R,N,9,Y15-74,2022M12G1,2016-08-01,10.16451,,,,,,,,,,,,
IT1:151_874(1.0),M,IT,UNEM_R,N,9,Y15-74,2022M2G1,2016-08-01,10.16451,,,,,,,,,,,,
IT1:151_874(1.0),M,IT,UNEM_R,N,9,Y15-74,2022M3G3,2016-08-01,10.16451,,,,,,,,,,,,
IT1:151_874(1.0),M,IT,UNEM_R,N,9,Y15-74,2022M3G31,2016-08-01,10.16451,,,,,,,,,,,,
IT1:151_874(1.0),M,IT,UNEM_R,N,9,Y15-74,2022M5G2,2016-08-01,10.16451,,,,,,,,,,,,
IT1:151_874(1.0),M,IT,UNEM_R,N,9,Y15-74,2022M6G1,2016-08-01,10.16451,,,,,,,,,,,,
IT1:151_874(1.0),M,IT,UNEM_R,N,9,Y15-74,2022M6G30,2016-08-01,10.16451,,,,,,,,,,,,
IT1:151_874(1.0),M,IT,UNEM_R,N,9,Y15-74,2022M8G1,2016-08-01,10.16451,,,,,,,,,,,,
IT1:151_874(1.0),M,IT,UNEM_R,N,9,Y15-74,2022M9G1,2016-08-01,10.16451,,,,,,,,,,,,
IT1:151_874(1.0),M,IT,UNEM_R,N,9,Y15-74,2022M9G30,2016-08-01,10.16451,,,,,,,,,,,,
IT1:151_874(1.0),M,IT,UNEM_R,N,9,Y15-74,2023M10G2,2016-08-01,10.16451,,,,,,,,,,,,
IT1:151_874(1.0),M,IT,UNEM_R,N,9,Y15-74,2023M11G3,2016-08-01,10.16451,,,,,,,,,,,,
IT1:151_874(1.0),M,IT,UNEM_R,N,9,Y15-74,2023M11G30,2016-08-01,10.16451,,,,,,,,,,,,
IT1:151_874(1.0),M,IT,UNEM_R,N,9,Y15-74,2023M1G31,2016-08-01,10.16451,,,,,,,,,,,,
IT1:151_874(1.0),M,IT,UNEM_R,N,9,Y15-74,2023M1G9,2016-08-01,10.16451,,,,,,,,,,,,
IT1:151_874(1.0),M,IT,UNEM_R,N,9,Y15-74,2023M3G2,2016-08-01,10.16451,,,,,,,,,,,,
IT1:151_874(1.0),M,IT,UNEM_R,N,9,Y15-74,2023M3G30,2016-08-01,10.16451,,,,,,,,,,,,
IT1:151_874(1.0),M,IT,UNEM_R,N,9,Y15-74,2023M5G3,2016-08-01,10.16451,,,,,,,,,,,,
IT1:151_874(1.0),M,IT,UNEM_R,N,9,Y15-74,2023M6G1,2016-08-01,10.16451,,,,,,,,,,,,
IT1:151_874(1.0),M,IT,UNEM_R,N,9,Y15-74,2023M6G30,2016-08-01,10.16451,,,,,,,,,,,,
IT1:151_874(1.0),M,IT,UNEM_R,N,9,Y15-74,2023M8G1,2016-08-01,10.16451,,,,,,,,,,,,
IT1:151_874(1.0),M,IT,UNEM_R,N,9,Y15-74,2023M8G31,2016-08-01,10.16451,,,,,,,,,,,,
IT1:151_874(1.0),M,IT,UNEM_R,N,9,Y15-74,2024M10G2,2016-08-01,10.16451,,,,,,,,,,,,
IT1:151_874(1.0),M,IT,UNEM_R,N,9,Y15-74,2024M10G31,2016-08-01,10.16451,,,,,,,,,,,,
IT1:151_874(1.0),M,IT,UNEM_R,N,9,Y15-74,2024M12G2,2016-08-01,10.16451,,,,,,,,,,,,
IT1:151_874(1.0),M,IT,UNEM_R,N,9,Y15-74,2024M1G31,2016-08-01,10.16451,,,,,,,,,,,,
IT1:151_874(1.0),M,IT,UNEM_R,N,9,Y15-74,2024M1G9,2016-08-01,10.16451,,,,,,,,,,,,
IT1:151_874(1.0),M,IT,UNEM_R,N,9,Y15-74,2024M3G1,2016-08-01,10.16451,,,,,,,,,,,,
IT1:151_874(1.0),M,IT,UNEM_R,N,9,Y15-74,2024M4G3,2016-08-01,10.16451,,,,,,,,,,,,
IT1:151_874(1.0),M,IT,UNEM_R,N,9,Y15-74,2024M5G3,2016-08-01,10.16451,,,,,,,,,,,,
IT1:151_874(1.0),M,IT,UNEM_R,N,9,Y15-74,2024M5G30,2016-08-01,10.16451,,,,,,,,,,,,
IT1:151_874(1.0),M,IT,UNEM_R,N,9,Y15-74,2024M7G2,2016-08-01,10.16451,,,,,,,,,,,,
IT1:151_874(1.0),M,IT,UNEM_R,N,9,Y15-74,2024M8G1,2016-08-01,10.16451,,,,,,,,,,,,
IT1:151_874(1.0),M,IT,UNEM_R,N,9,Y15-74,2024M8G30,2016-08-01,10.16451,,,,,,,,,,,,
IT1:151_874(1.0),M,IT,UNEM_R,N,9,Y15-74,2025M10G2,2016-08-01,10.16451,,,,,,,,,,,,
IT1:151_874(1.0),M,IT,UNEM_R,N,9,Y15-74,2025M10G30,2016-08-01,10.16451,,,,,,,,,,,,
IT1:151_874(1.0),M,IT,UNEM_R,N,9,Y15-74,2025M12G2,2016-08-01,10.16451,,,,,,,,,,,,
IT1:151_874(1.0),M,IT,UNEM_R,N,9,Y15-74,2025M1G30,2016-08-01,10.16451,,,,,,,,,,,,
IT1:151_874(1.0),M,IT,UNEM_R,N,9,Y15-74,2025M1G7,2016-08-01,10.16451,,,,,,,,,,,,
IT1:151_874(1.0),M,IT,UNEM_R,N,9,Y15-74,2025M3G4,2016-08-01,10.16451,,,,,,,,,,,,
IT1:151_874(1.0),M,IT,UNEM_R,N,9,Y15-74,2025M4G1,2016-08-01,10.16451,,,,,,,,,,,,
IT1:151_874(1.0),M,IT,UNEM_R,N,9,Y15-74,2025M5G2,2016-08-01,10.16451,,,,,,,,,,,,
IT1:151_874(1.0),M,IT,UNEM_R,N,9,Y15-74,2025M6G3,2016-08-01,10.16451,,,,,,,,,,,,
IT1:151_874(1.0),M,IT,UNEM_R,N,9,Y15-74,2025M7G2,2016-08-01,10.16451,,,,,,,,,,,,
IT1:151_874(1.0),M,IT,UNEM_R,N,9,Y15-74,2025M7G31,2016-08-01,10.16451,,,,,,,,,,,,
IT1:151_874(1.0),M,IT,UNEM_R,N,9,Y15-74,2025M9G1,2016-08-01,10.16451,,,,,,,,,,,,
IT1:151_874(1.0),M,IT,UNEM_R,N,9,Y15-74,2026M1G30,2016-08-01,10.16451,,,,,,,,,,,,
IT1:151_874(1.0),M,IT,UNEM_R,N,9,Y15-74,2026M1G8,2016-08-01,10.16451,,,,,,,,,,,,
IT1:151_874(1.0),M,IT,UNEM_R,N,9,Y15-74,2026M3G4,2016-08-01,10.16451,,,,,,,,,,,,
IT1:151_874(1.0),M,IT,UNEM_R,N,9,Y15-74,2026M4G1,2016-08-01,10.16451,,,,,,,,,,,,
IT1:151_874(1.0),M,IT,UNEM_R,N,9,Y15-74,2026M4G30,2016-08-01,10.16451,,,,,,,,,,,,
IT1:151_874(1.0),M,IT,UNEM_R,N,9,Y15-74,2022M11G3,2016-09-01,11.794558,,,,,,,,,,,,
IT1:151_874(1.0),M,IT,UNEM_R,N,9,Y15-74,2022M12G1,2016-09-01,11.794558,,,,,,,,,,,,
IT1:151_874(1.0),M,IT,UNEM_R,N,9,Y15-74,2022M2G1,2016-09-01,11.794558,,,,,,,,,,,,
IT1:151_874(1.0),M,IT,UNEM_R,N,9,Y15-74,2022M3G3,2016-09-01,11.794558,,,,,,,,,,,,
IT1:151_874(1.0),M,IT,UNEM_R,N,9,Y15-74,2022M3G31,2016-09-01,11.794558,,,,,,,,,,,,
IT1:151_874(1.0),M,IT,UNEM_R,N,9,Y15-74,2022M5G2,2016-09-01,11.794558,,,,,,,,,,,,
IT1:151_874(1.0),M,IT,UNEM_R,N,9,Y15-74,2022M6G1,2016-09-01,11.794558,,,,,,,,,,,,
IT1:151_874(1.0),M,IT,UNEM_R,N,9,Y15-74,2022M6G30,2016-09-01,11.794558,,,,,,,,,,,,
IT1:151_874(1.0),M,IT,UNEM_R,N,9,Y15-74,2022M8G1,2016-09-01,11.794558,,,,,,,,,,,,
IT1:151_874(1.0),M,IT,UNEM_R,N,9,Y15-74,2022M9G1,2016-09-01,11.794558,,,,,,,,,,,,
IT1:151_874(1.0),M,IT,UNEM_R,N,9,Y15-74,2022M9G30,2016-09-01,11.794558,,,,,,,,,,,,
IT1:151_874(1.0),M,IT,UNEM_R,N,9,Y15-74,2023M10G2,2016-09-01,11.794558,,,,,,,,,,,,
IT1:151_874(1.0),M,IT,UNEM_R,N,9,Y15-74,2023M11G3,2016-09-01,11.794558,,,,,,,,,,,,
IT1:151_874(1.0),M,IT,UNEM_R,N,9,Y15-74,2023M11G30,2016-09-01,11.794558,,,,,,,,,,,,
IT1:151_874(1.0),M,IT,UNEM_R,N,9,Y15-74,2023M1G31,2016-09-01,11.794558,,,,,,,,,,,,
IT1:151_874(1.0),M,IT,UNEM_R,N,9,Y15-74,2023M1G9,2016-09-01,11.794558,,,,,,,,,,,,
IT1:151_874(1.0),M,IT,UNEM_R,N,9,Y15-74,2023M3G2,2016-09-01,11.794558,,,,,,,,,,,,
IT1:151_874(1.0),M,IT,UNEM_R,N,9,Y15-74,2023M3G30,2016-09-01,11.794558,,,,,,,,,,,,
IT1:151_874(1.0),M,IT,UNEM_R,N,9,Y15-74,2023M5G3,2016-09-01,11.794558,,,,,,,,,,,,
IT1:151_874(1.0),M,IT,UNEM_R,N,9,Y15-74,2023M6G1,2016-09-01,11.794558,,,,,,,,,,,,
IT1:151_874(1.0),M,IT,UNEM_R,N,9,Y15-74,2023M6G30,2016-09-01,11.794558,,,,,,,,,,,,
IT1:151_874(1.0),M,IT,UNEM_R,N,9,Y15-74,2023M8G1,2016-09-01,11.794558,,,,,,,,,,,,
IT1:151_874(1.0),M,IT,UNEM_R,N,9,Y15-74,2023M8G31,2016-09-01,11.794558,,,,,,,,,,,,
IT1:151_874(1.0),M,IT,UNEM_R,N,9,Y15-74,2024M10G2,2016-09-01,11.794558,,,,,,,,,,,,
IT1:151_874(1.0),M,IT,UNEM_R,N,9,Y15-74,2024M10G31,2016-09-01,11.794558,,,,,,,,,,,,
IT1:151_874(1.0),M,IT,UNEM_R,N,9,Y15-74,2024M12G2,2016-09-01,11.794558,,,,,,,,,,,,
IT1:151_874(1.0),M,IT,UNEM_R,N,9,Y15-74,2024M1G31,2016-09-01,11.794558,,,,,,,,,,,,
IT1:151_874(1.0),M,IT,UNEM_R,N,9,Y15-74,2024M1G9,2016-09-01,11.794558,,,,,,,,,,,,
IT1:151_874(1.0),M,IT,UNEM_R,N,9,Y15-74,2024M3G1,2016-09-01,11.794558,,,,,,,,,,,,
IT1:151_874(1.0),M,IT,UNEM_R,N,9,Y15-74,2024M4G3,2016-09-01,11.794558,,,,,,,,,,,,
IT1:151_874(1.0),M,IT,UNEM_R,N,9,Y15-74,2024M5G3,2016-09-01,11.794558,,,,,,,,,,,,
IT1:151_874(1.0),M,IT,UNEM_R,N,9,Y15-74,2024M5G30,2016-09-01,11.794558,,,,,,,,,,,,
IT1:151_874(1.0),M,IT,UNEM_R,N,9,Y15-74,2024M7G2,2016-09-01,11.794558,,,,,,,,,,,,
IT1:151_874(1.0),M,IT,UNEM_R,N,9,Y15-74,2024M8G1,2016-09-01,11.794558,,,,,,,,,,,,
IT1:151_874(1.0),M,IT,UNEM_R,N,9,Y15-74,2024M8G30,2016-09-01,11.794558,,,,,,,,,,,,
IT1:151_874(1.0),M,IT,UNEM_R,N,9,Y15-74,2025M10G2,2016-09-01,11.794558,,,,,,,,,,,,
IT1:151_874(1.0),M,IT,UNEM_R,N,9,Y15-74,2025M10G30,2016-09-01,11.794558,,,,,,,,,,,,
IT1:151_874(1.0),M,IT,UNEM_R,N,9,Y15-74,2025M12G2,2016-09-01,11.794558,,,,,,,,,,,,
IT1:151_874(1.0),M,IT,UNEM_R,N,9,Y15-74,2025M1G30,2016-09-01,11.794558,,,,,,,,,,,,
IT1:151_874(1.0),M,IT,UNEM_R,N,9,Y15-74,2025M1G7,2016-09-01,11.794558,,,,,,,,,,,,
IT1:151_874(1.0),M,IT,UNEM_R,N,9,Y15-74,2025M3G4,2016-09-01,11.794558,,,,,,,,,,,,
IT1:151_874(1.0),M,IT,UNEM_R,N,9,Y15-74,2025M4G1,2016-09-01,11.794558,,,,,,,,,,,,
IT1:151_874(1.0),M,IT,UNEM_R,N,9,Y15-74,2025M5G2,2016-09-01,11.794558,,,,,,,,,,,,
IT1:151_874(1.0),M,IT,UNEM_R,N,9,Y15-74,2025M6G3,2016-09-01,11.794558,,,,,,,,,,,,
IT1:151_874(1.0),M,IT,UNEM_R,N,9,Y15-74,2025M7G2,2016-09-01,11.794558,,,,,,,,,,,,
IT1:151_874(1.0),M,IT,UNEM_R,N,9,Y15-74,2025M7G31,2016-09-01,11.794558,,,,,,,,,,,,
IT1:151_874(1.0),M,IT,UNEM_R,N,9,Y15-74,2025M9G1,2016-09-01,11.794558,,,,,,,,,,,,
IT1:151_874(1.0),M,IT,UNEM_R,N,9,Y15-74,2026M1G30,2016-09-01,11.794558,,,,,,,,,,,,
IT1:151_874(1.0),M,IT,UNEM_R,N,9,Y15-74,2026M1G8,2016-09-01,11.794558,,,,,,,,,,,,
IT1:151_874(1.0),M,IT,UNEM_R,N,9,Y15-74,2026M3G4,2016-09-01,11.794558,,,,,,,,,,,,
IT1:151_874(1.0),M,IT,UNEM_R,N,9,Y15-74,2026M4G1,2016-09-01,11.794558,,,,,,,,,,,,
IT1:151_874(1.0),M,IT,UNEM_R,N,9,Y15-74,2026M4G30,2016-09-01,11.794558,,,,,,,,,,,,
IT1:151_874(1.0),M,IT,UNEM_R,N,9,Y15-74,2022M11G3,2016-10-01,11.997322,,,,,,,,,,,,
IT1:151_874(1.0),M,IT,UNEM_R,N,9,Y15-74,2022M12G1,2016-10-01,11.997322,,,,,,,,,,,,
IT1:151_874(1.0),M,IT,UNEM_R,N,9,Y15-74,2022M2G1,2016-10-01,11.997322,,,,,,,,,,,,
IT1:151_874(1.0),M,IT,UNEM_R,N,9,Y15-74,2022M3G3,2016-10-01,11.997322,,,,,,,,,,,,
IT1:151_874(1.0),M,IT,UNEM_R,N,9,Y15-74,2022M3G31,2016-10-01,11.997322,,,,,,,,,,,,
IT1:151_874(1.0),M,IT,UNEM_R,N,9,Y15-74,2022M5G2,2016-10-01,11.997322,,,,,,,,,,,,
IT1:151_874(1.0),M,IT,UNEM_R,N,9,Y15-74,2022M6G1,2016-10-01,11.997322,,,,,,,,,,,,
IT1:151_874(1.0),M,IT,UNEM_R,N,9,Y15-74,2022M6G30,2016-10-01,11.997322,,,,,,,,,,,,
IT1:151_874(1.0),M,IT,UNEM_R,N,9,Y15-74,2022M8G1,2016-10-01,11.997322,,,,,,,,,,,,
IT1:151_874(1.0),M,IT,UNEM_R,N,9,Y15-74,2022M9G1,2016-10-01,11.997322,,,,,,,,,,,,
IT1:151_874(1.0),M,IT,UNEM_R,N,9,Y15-74,2022M9G30,2016-10-01,11.997322,,,,,,,,,,,,
IT1:151_874(1.0),M,IT,UNEM_R,N,9,Y15-74,2023M10G2,2016-10-01,11.997322,,,,,,,,,,,,
IT1:151_874(1.0),M,IT,UNEM_R,N,9,Y15-74,2023M11G3,2016-10-01,11.997322,,,,,,,,,,,,
IT1:151_874(1.0),M,IT,UNEM_R,N,9,Y15-74,2023M11G30,2016-10-01,11.997322,,,,,,,,,,,,
IT1:151_874(1.0),M,IT,UNEM_R,N,9,Y15-74,2023M1G31,2016-10-01,11.997322,,,,,,,,,,,,
IT1:151_874(1.0),M,IT,UNEM_R,N,9,Y15-74,2023M1G9,2016-10-01,11.997322,,,,,,,,,,,,
IT1:151_874(1.0),M,IT,UNEM_R,N,9,Y15-74,2023M3G2,2016-10-01,11.997322,,,,,,,,,,,,
IT1:151_874(1.0),M,IT,UNEM_R,N,9,Y15-74,2023M3G30,2016-10-01,11.997322,,,,,,,,,,,,
IT1:151_874(1.0),M,IT,UNEM_R,N,9,Y15-74,2023M5G3,2016-10-01,11.997322,,,,,,,,,,,,
IT1:151_874(1.0),M,IT,UNEM_R,N,9,Y15-74,2023M6G1,2016-10-01,11.997322,,,,,,,,,,,,
IT1:151_874(1.0),M,IT,UNEM_R,N,9,Y15-74,2023M6G30,2016-10-01,11.997322,,,,,,,,,,,,
IT1:151_874(1.0),M,IT,UNEM_R,N,9,Y15-74,2023M8G1,2016-10-01,11.997322,,,,,,,,,,,,
IT1:151_874(1.0),M,IT,UNEM_R,N,9,Y15-74,2023M8G31,2016-10-01,11.997322,,,,,,,,,,,,
IT1:151_874(1.0),M,IT,UNEM_R,N,9,Y15-74,2024M10G2,2016-10-01,11.997322,,,,,,,,,,,,
IT1:151_874(1.0),M,IT,UNEM_R,N,9,Y15-74,2024M10G31,2016-10-01,11.997322,,,,,,,,,,,,
IT1:151_874(1.0),M,IT,UNEM_R,N,9,Y15-74,2024M12G2,2016-10-01,11.997322,,,,,,,,,,,,
IT1:151_874(1.0),M,IT,UNEM_R,N,9,Y15-74,2024M1G31,2016-10-01,11.997322,,,,,,,,,,,,
IT1:151_874(1.0),M,IT,UNEM_R,N,9,Y15-74,2024M1G9,2016-10-01,11.997322,,,,,,,,,,,,
IT1:151_874(1.0),M,IT,UNEM_R,N,9,Y15-74,2024M3G1,2016-10-01,11.997322,,,,,,,,,,,,
IT1:151_874(1.0),M,IT,UNEM_R,N,9,Y15-74,2024M4G3,2016-10-01,11.997322,,,,,,,,,,,,
IT1:151_874(1.0),M,IT,UNEM_R,N,9,Y15-74,2024M5G3,2016-10-01,11.997322,,,,,,,,,,,,
IT1:151_874(1.0),M,IT,UNEM_R,N,9,Y15-74,2024M5G30,2016-10-01,11.997322,,,,,,,,,,,,
IT1:151_874(1.0),M,IT,UNEM_R,N,9,Y15-74,2024M7G2,2016-10-01,11.997322,,,,,,,,,,,,
IT1:151_874(1.0),M,IT,UNEM_R,N,9,Y15-74,2024M8G1,2016-10-01,11.997322,,,,,,,,,,,,
IT1:151_874(1.0),M,IT,UNEM_R,N,9,Y15-74,2024M8G30,2016-10-01,11.997322,,,,,,,,,,,,
IT1:151_874(1.0),M,IT,UNEM_R,N,9,Y15-74,2025M10G2,2016-10-01,11.997322,,,,,,,,,,,,
IT1:151_874(1.0),M,IT,UNEM_R,N,9,Y15-74,2025M10G30,2016-10-01,11.997322,,,,,,,,,,,,
IT1:151_874(1.0),M,IT,UNEM_R,N,9,Y15-74,2025M12G2,2016-10-01,11.997322,,,,,,,,,,,,
IT1:151_874(1.0),M,IT,UNEM_R,N,9,Y15-74,2025M1G30,2016-10-01,11.997322,,,,,,,,,,,,
IT1:151_874(1.0),M,IT,UNEM_R,N,9,Y15-74,2025M1G7,2016-10-01,11.997322,,,,,,,,,,,,
IT1:151_874(1.0),M,IT,UNEM_R,N,9,Y15-74,2025M3G4,2016-10-01,11.997322,,,,,,,,,,,,
IT1:151_874(1.0),M,IT,UNEM_R,N,9,Y15-74,2025M4G1,2016-10-01,11.997322,,,,,,,,,,,,
IT1:151_874(1.0),M,IT,UNEM_R,N,9,Y15-74,2025M5G2,2016-10-01,11.997322,,,,,,,,,,,,
IT1:151_874(1.0),M,IT,UNEM_R,N,9,Y15-74,2025M6G3,2016-10-01,11.997322,,,,,,,,,,,,
IT1:151_874(1.0),M,IT,UNEM_R,N,9,Y15-74,2025M7G2,2016-10-01,11.997322,,,,,,,,,,,,
IT1:151_874(1.0),M,IT,UNEM_R,N,9,Y15-74,2025M7G31,2016-10-01,11.997322,,,,,,,,,,,,
IT1:151_874(1.0),M,IT,UNEM_R,N,9,Y15-74,2025M9G1,2016-10-01,11.997322,,,,,,,,,,,,
IT1:151_874(1.0),M,IT,UNEM_R,N,9,Y15-74,2026M1G30,2016-10-01,11.997322,,,,,,,,,,,,
IT1:151_874(1.0),M,IT,UNEM_R,N,9,Y15-74,2026M1G8,2016-10-01,11.997322,,,,,,,,,,,,
IT1:151_874(1.0),M,IT,UNEM_R,N,9,Y15-74,2026M3G4,2016-10-01,11.997322,,,,,,,,,,,,
IT1:151_874(1.0),M,IT,UNEM_R,N,9,Y15-74,2026M4G1,2016-10-01,11.997322,,,,,,,,,,,,
IT1:151_874(1.0),M,IT,UNEM_R,N,9,Y15-74,2026M4G30,2016-10-01,11.997322,,,,,,,,,,,,
IT1:151_874(1.0),M,IT,UNEM_R,N,9,Y15-74,2022M11G3,2016-11-01,12.667806,,,,,,,,,,,,
IT1:151_874(1.0),M,IT,UNEM_R,N,9,Y15-74,2022M12G1,2016-11-01,12.667806,,,,,,,,,,,,
IT1:151_874(1.0),M,IT,UNEM_R,N,9,Y15-74,2022M2G1,2016-11-01,12.667806,,,,,,,,,,,,
IT1:151_874(1.0),M,IT,UNEM_R,N,9,Y15-74,2022M3G3,2016-11-01,12.667806,,,,,,,,,,,,
IT1:151_874(1.0),M,IT,UNEM_R,N,9,Y15-74,2022M3G31,2016-11-01,12.667806,,,,,,,,,,,,
IT1:151_874(1.0),M,IT,UNEM_R,N,9,Y15-74,2022M5G2,2016-11-01,12.667806,,,,,,,,,,,,
IT1:151_874(1.0),M,IT,UNEM_R,N,9,Y15-74,2022M6G1,2016-11-01,12.667806,,,,,,,,,,,,
IT1:151_874(1.0),M,IT,UNEM_R,N,9,Y15-74,2022M6G30,2016-11-01,12.667806,,,,,,,,,,,,
IT1:151_874(1.0),M,IT,UNEM_R,N,9,Y15-74,2022M8G1,2016-11-01,12.667806,,,,,,,,,,,,
IT1:151_874(1.0),M,IT,UNEM_R,N,9,Y15-74,2022M9G1,2016-11-01,12.667806,,,,,,,,,,,,
IT1:151_874(1.0),M,IT,UNEM_R,N,9,Y15-74,2022M9G30,2016-11-01,12.667806,,,,,,,,,,,,
IT1:151_874(1.0),M,IT,UNEM_R,N,9,Y15-74,2023M10G2,2016-11-01,12.667806,,,,,,,,,,,,
IT1:151_874(1.0),M,IT,UNEM_R,N,9,Y15-74,2023M11G3,2016-11-01,12.667806,,,,,,,,,,,,
IT1:151_874(1.0),M,IT,UNEM_R,N,9,Y15-74,2023M11G30,2016-11-01,12.667806,,,,,,,,,,,,
IT1:151_874(1.0),M,IT,UNEM_R,N,9,Y15-74,2023M1G31,2016-11-01,12.667806,,,,,,,,,,,,
IT1:151_874(1.0),M,IT,UNEM_R,N,9,Y15-74,2023M1G9,2016-11-01,12.667806,,,,,,,,,,,,
IT1:151_874(1.0),M,IT,UNEM_R,N,9,Y15-74,2023M3G2,2016-11-01,12.667806,,,,,,,,,,,,
IT1:151_874(1.0),M,IT,UNEM_R,N,9,Y15-74,2023M3G30,2016-11-01,12.667806,,,,,,,,,,,,
IT1:151_874(1.0),M,IT,UNEM_R,N,9,Y15-74,2023M5G3,2016-11-01,12.667806,,,,,,,,,,,,
IT1:151_874(1.0),M,IT,UNEM_R,N,9,Y15-74,2023M6G1,2016-11-01,12.667806,,,,,,,,,,,,
IT1:151_874(1.0),M,IT,UNEM_R,N,9,Y15-74,2023M6G30,2016-11-01,12.667806,,,,,,,,,,,,
IT1:151_874(1.0),M,IT,UNEM_R,N,9,Y15-74,2023M8G1,2016-11-01,12.667806,,,,,,,,,,,,
IT1:151_874(1.0),M,IT,UNEM_R,N,9,Y15-74,2023M8G31,2016-11-01,12.667806,,,,,,,,,,,,
IT1:151_874(1.0),M,IT,UNEM_R,N,9,Y15-74,2024M10G2,2016-11-01,12.667806,,,,,,,,,,,,
IT1:151_874(1.0),M,IT,UNEM_R,N,9,Y15-74,2024M10G31,2016-11-01,12.667806,,,,,,,,,,,,
IT1:151_874(1.0),M,IT,UNEM_R,N,9,Y15-74,2024M12G2,2016-11-01,12.667806,,,,,,,,,,,,
IT1:151_874(1.0),M,IT,UNEM_R,N,9,Y15-74,2024M1G31,2016-11-01,12.667806,,,,,,,,,,,,
IT1:151_874(1.0),M,IT,UNEM_R,N,9,Y15-74,2024M1G9,2016-11-01,12.667806,,,,,,,,,,,,
IT1:151_874(1.0),M,IT,UNEM_R,N,9,Y15-74,2024M3G1,2016-11-01,12.667806,,,,,,,,,,,,
IT1:151_874(1.0),M,IT,UNEM_R,N,9,Y15-74,2024M4G3,2016-11-01,12.667806,,,,,,,,,,,,
IT1:151_874(1.0),M,IT,UNEM_R,N,9,Y15-74,2024M5G3,2016-11-01,12.667806,,,,,,,,,,,,
IT1:151_874(1.0),M,IT,UNEM_R,N,9,Y15-74,2024M5G30,2016-11-01,12.667806,,,,,,,,,,,,
IT1:151_874(1.0),M,IT,UNEM_R,N,9,Y15-74,2024M7G2,2016-11-01,12.667806,,,,,,,,,,,,
IT1:151_874(1.0),M,IT,UNEM_R,N,9,Y15-74,2024M8G1,2016-11-01,12.667806,,,,,,,,,,,,
IT1:151_874(1.0),M,IT,UNEM_R,N,9,Y15-74,2024M8G30,2016-11-01,12.667806,,,,,,,,,,,,
IT1:151_874(1.0),M,IT,UNEM_R,N,9,Y15-74,2025M10G2,2016-11-01,12.667806,,,,,,,,,,,,
IT1:151_874(1.0),M,IT,UNEM_R,N,9,Y15-74,2025M10G30,2016-11-01,12.667806,,,,,,,,,,,,
IT1:151_874(1.0),M,IT,UNEM_R,N,9,Y15-74,2025M12G2,2016-11-01,12.667806,,,,,,,,,,,,
IT1:151_874(1.0),M,IT,UNEM_R,N,9,Y15-74,2025M1G30,2016-11-01,12.667806,,,,,,,,,,,,
IT1:151_874(1.0),M,IT,UNEM_R,N,9,Y15-74,2025M1G7,2016-11-01,12.667806,,,,,,,,,,,,
IT1:151_874(1.0),M,IT,UNEM_R,N,9,Y15-74,2025M3G4,2016-11-01,12.667806,,,,,,,,,,,,
IT1:151_874(1.0),M,IT,UNEM_R,N,9,Y15-74,2025M4G1,2016-11-01,12.667806,,,,,,,,,,,,
IT1:151_874(1.0),M,IT,UNEM_R,N,9,Y15-74,2025M5G2,2016-11-01,12.667806,,,,,,,,,,,,
IT1:151_874(1.0),M,IT,UNEM_R,N,9,Y15-74,2025M6G3,2016-11-01,12.667806,,,,,,,,,,,,
IT1:151_874(1.0),M,IT,UNEM_R,N,9,Y15-74,2025M7G2,2016-11-01,12.667806,,,,,,,,,,,,
IT1:151_874(1.0),M,IT,UNEM_R,N,9,Y15-74,2025M7G31,2016-11-01,12.667806,,,,,,,,,,,,
IT1:151_874(1.0),M,IT,UNEM_R,N,9,Y15-74,2025M9G1,2016-11-01,12.667806,,,,,,,,,,,,
IT1:151_874(1.0),M,IT,UNEM_R,N,9,Y15-74,2026M1G30,2016-11-01,12.667806,,,,,,,,,,,,
IT1:151_874(1.0),M,IT,UNEM_R,N,9,Y15-74,2026M1G8,2016-11-01,12.667806,,,,,,,,,,,,
IT1:151_874(1.0),M,IT,UNEM_R,N,9,Y15-74,2026M3G4,2016-11-01,12.667806,,,,,,,,,,,,
IT1:151_874(1.0),M,IT,UNEM_R,N,9,Y15-74,2026M4G1,2016-11-01,12.667806,,,,,,,,,,,,
IT1:151_874(1.0),M,IT,UNEM_R,N,9,Y15-74,2026M4G30,2016-11-01,12.667806,,,,,,,,,,,,
IT1:151_874(1.0),M,IT,UNEM_R,N,9,Y15-74,2022M11G3,2016-12-01,12.061318,,,,,,,,,,,,
IT1:151_874(1.0),M,IT,UNEM_R,N,9,Y15-74,2022M12G1,2016-12-01,12.061318,,,,,,,,,,,,
IT1:151_874(1.0),M,IT,UNEM_R,N,9,Y15-74,2022M2G1,2016-12-01,12.061318,,,,,,,,,,,,
IT1:151_874(1.0),M,IT,UNEM_R,N,9,Y15-74,2022M3G3,2016-12-01,12.061318,,,,,,,,,,,,
IT1:151_874(1.0),M,IT,UNEM_R,N,9,Y15-74,2022M3G31,2016-12-01,12.061318,,,,,,,,,,,,
IT1:151_874(1.0),M,IT,UNEM_R,N,9,Y15-74,2022M5G2,2016-12-01,12.061318,,,,,,,,,,,,
IT1:151_874(1.0),M,IT,UNEM_R,N,9,Y15-74,2022M6G1,2016-12-01,12.061318,,,,,,,,,,,,
IT1:151_874(1.0),M,IT,UNEM_R,N,9,Y15-74,2022M6G30,2016-12-01,12.061318,,,,,,,,,,,,
IT1:151_874(1.0),M,IT,UNEM_R,N,9,Y15-74,2022M8G1,2016-12-01,12.061318,,,,,,,,,,,,
IT1:151_874(1.0),M,IT,UNEM_R,N,9,Y15-74,2022M9G1,2016-12-01,12.061318,,,,,,,,,,,,
IT1:151_874(1.0),M,IT,UNEM_R,N,9,Y15-74,2022M9G30,2016-12-01,12.061318,,,,,,,,,,,,
IT1:151_874(1.0),M,IT,UNEM_R,N,9,Y15-74,2023M10G2,2016-12-01,12.061318,,,,,,,,,,,,
IT1:151_874(1.0),M,IT,UNEM_R,N,9,Y15-74,2023M11G3,2016-12-01,12.061318,,,,,,,,,,,,
IT1:151_874(1.0),M,IT,UNEM_R,N,9,Y15-74,2023M11G30,2016-12-01,12.061318,,,,,,,,,,,,
IT1:151_874(1.0),M,IT,UNEM_R,N,9,Y15-74,2023M1G31,2016-12-01,12.061318,,,,,,,,,,,,
IT1:151_874(1.0),M,IT,UNEM_R,N,9,Y15-74,2023M1G9,2016-12-01,12.061318,,,,,,,,,,,,
IT1:151_874(1.0),M,IT,UNEM_R,N,9,Y15-74,2023M3G2,2016-12-01,12.061318,,,,,,,,,,,,
IT1:151_874(1.0),M,IT,UNEM_R,N,9,Y15-74,2023M3G30,2016-12-01,12.061318,,,,,,,,,,,,
IT1:151_874(1.0),M,IT,UNEM_R,N,9,Y15-74,2023M5G3,2016-12-01,12.061318,,,,,,,,,,,,
IT1:151_874(1.0),M,IT,UNEM_R,N,9,Y15-74,2023M6G1,2016-12-01,12.061318,,,,,,,,,,,,
IT1:151_874(1.0),M,IT,UNEM_R,N,9,Y15-74,2023M6G30,2016-12-01,12.061318,,,,,,,,,,,,
IT1:151_874(1.0),M,IT,UNEM_R,N,9,Y15-74,2023M8G1,2016-12-01,12.061318,,,,,,,,,,,,
IT1:151_874(1.0),M,IT,UNEM_R,N,9,Y15-74,2023M8G31,2016-12-01,12.061318,,,,,,,,,,,,
IT1:151_874(1.0),M,IT,UNEM_R,N,9,Y15-74,2024M10G2,2016-12-01,12.061318,,,,,,,,,,,,
IT1:151_874(1.0),M,IT,UNEM_R,N,9,Y15-74,2024M10G31,2016-12-01,12.061318,,,,,,,,,,,,
IT1:151_874(1.0),M,IT,UNEM_R,N,9,Y15-74,2024M12G2,2016-12-01,12.061318,,,,,,,,,,,,
IT1:151_874(1.0),M,IT,UNEM_R,N,9,Y15-74,2024M1G31,2016-12-01,12.061318,,,,,,,,,,,,
IT1:151_874(1.0),M,IT,UNEM_R,N,9,Y15-74,2024M1G9,2016-12-01,12.061318,,,,,,,,,,,,
IT1:151_874(1.0),M,IT,UNEM_R,N,9,Y15-74,2024M3G1,2016-12-01,12.061318,,,,,,,,,,,,
IT1:151_874(1.0),M,IT,UNEM_R,N,9,Y15-74,2024M4G3,2016-12-01,12.061318,,,,,,,,,,,,
IT1:151_874(1.0),M,IT,UNEM_R,N,9,Y15-74,2024M5G3,2016-12-01,12.061318,,,,,,,,,,,,
IT1:151_874(1.0),M,IT,UNEM_R,N,9,Y15-74,2024M5G30,2016-12-01,12.061318,,,,,,,,,,,,
IT1:151_874(1.0),M,IT,UNEM_R,N,9,Y15-74,2024M7G2,2016-12-01,12.061318,,,,,,,,,,,,
IT1:151_874(1.0),M,IT,UNEM_R,N,9,Y15-74,2024M8G1,2016-12-01,12.061318,,,,,,,,,,,,
IT1:151_874(1.0),M,IT,UNEM_R,N,9,Y15-74,2024M8G30,2016-12-01,12.061318,,,,,,,,,,,,
IT1:151_874(1.0),M,IT,UNEM_R,N,9,Y15-74,2025M10G2,2016-12-01,12.061318,,,,,,,,,,,,
IT1:151_874(1.0),M,IT,UNEM_R,N,9,Y15-74,2025M10G30,2016-12-01,12.061318,,,,,,,,,,,,
IT1:151_874(1.0),M,IT,UNEM_R,N,9,Y15-74,2025M12G2,2016-12-01,12.061318,,,,,,,,,,,,
IT1:151_874(1.0),M,IT,UNEM_R,N,9,Y15-74,2025M1G30,2016-12-01,12.061318,,,,,,,,,,,,
IT1:151_874(1.0),M,IT,UNEM_R,N,9,Y15-74,2025M1G7,2016-12-01,12.061318,,,,,,,,,,,,
IT1:151_874(1.0),M,IT,UNEM_R,N,9,Y15-74,2025M3G4,2016-12-01,12.061318,,,,,,,,,,,,
IT1:151_874(1.0),M,IT,UNEM_R,N,9,Y15-74,2025M4G1,2016-12-01,12.061318,,,,,,,,,,,,
IT1:151_874(1.0),M,IT,UNEM_R,N,9,Y15-74,2025M5G2,2016-12-01,12.061318,,,,,,,,,,,,
IT1:151_874(1.0),M,IT,UNEM_R,N,9,Y15-74,2025M6G3,2016-12-01,12.061318,,,,,,,,,,,,
IT1:151_874(1.0),M,IT,UNEM_R,N,9,Y15-74,2025M7G2,2016-12-01,12.061318,,,,,,,,,,,,
IT1:151_874(1.0),M,IT,UNEM_R,N,9,Y15-74,2025M7G31,2016-12-01,12.061318,,,,,,,,,,,,
IT1:151_874(1.0),M,IT,UNEM_R,N,9,Y15-74,2025M9G1,2016-12-01,12.061318,,,,,,,,,,,,
IT1:151_874(1.0),M,IT,UNEM_R,N,9,Y15-74,2026M1G30,2016-12-01,12.061318,,,,,,,,,,,,
IT1:151_874(1.0),M,IT,UNEM_R,N,9,Y15-74,2026M1G8,2016-12-01,12.061318,,,,,,,,,,,,
IT1:151_874(1.0),M,IT,UNEM_R,N,9,Y15-74,2026M3G4,2016-12-01,12.061318,,,,,,,,,,,,
IT1:151_874(1.0),M,IT,UNEM_R,N,9,Y15-74,2026M4G1,2016-12-01,12.061318,,,,,,,,,,,,
IT1:151_874(1.0),M,IT,UNEM_R,N,9,Y15-74,2026M4G30,2016-12-01,12.061318,,,,,,,,,,,,
IT1:151_874(1.0),M,IT,UNEM_R,N,9,Y15-74,2022M11G3,2017-01-01,12.418992,,,,,,,,,,,,
IT1:151_874(1.0),M,IT,UNEM_R,N,9,Y15-74,2022M12G1,2017-01-01,12.418992,,,,,,,,,,,,
IT1:151_874(1.0),M,IT,UNEM_R,N,9,Y15-74,2022M2G1,2017-01-01,12.418992,,,,,,,,,,,,
IT1:151_874(1.0),M,IT,UNEM_R,N,9,Y15-74,2022M3G3,2017-01-01,12.418992,,,,,,,,,,,,
IT1:151_874(1.0),M,IT,UNEM_R,N,9,Y15-74,2022M3G31,2017-01-01,12.418992,,,,,,,,,,,,
IT1:151_874(1.0),M,IT,UNEM_R,N,9,Y15-74,2022M5G2,2017-01-01,12.418992,,,,,,,,,,,,
IT1:151_874(1.0),M,IT,UNEM_R,N,9,Y15-74,2022M6G1,2017-01-01,12.418992,,,,,,,,,,,,
IT1:151_874(1.0),M,IT,UNEM_R,N,9,Y15-74,2022M6G30,2017-01-01,12.418992,,,,,,,,,,,,
IT1:151_874(1.0),M,IT,UNEM_R,N,9,Y15-74,2022M8G1,2017-01-01,12.418992,,,,,,,,,,,,
IT1:151_874(1.0),M,IT,UNEM_R,N,9,Y15-74,2022M9G1,2017-01-01,12.418992,,,,,,,,,,,,
IT1:151_874(1.0),M,IT,UNEM_R,N,9,Y15-74,2022M9G30,2017-01-01,12.418992,,,,,,,,,,,,
IT1:151_874(1.0),M,IT,UNEM_R,N,9,Y15-74,2023M10G2,2017-01-01,12.418992,,,,,,,,,,,,
IT1:151_874(1.0),M,IT,UNEM_R,N,9,Y15-74,2023M11G3,2017-01-01,12.418992,,,,,,,,,,,,
IT1:151_874(1.0),M,IT,UNEM_R,N,9,Y15-74,2023M11G30,2017-01-01,12.418992,,,,,,,,,,,,
IT1:151_874(1.0),M,IT,UNEM_R,N,9,Y15-74,2023M1G31,2017-01-01,12.418992,,,,,,,,,,,,
IT1:151_874(1.0),M,IT,UNEM_R,N,9,Y15-74,2023M1G9,2017-01-01,12.418992,,,,,,,,,,,,
IT1:151_874(1.0),M,IT,UNEM_R,N,9,Y15-74,2023M3G2,2017-01-01,12.418992,,,,,,,,,,,,
IT1:151_874(1.0),M,IT,UNEM_R,N,9,Y15-74,2023M3G30,2017-01-01,12.418992,,,,,,,,,,,,
IT1:151_874(1.0),M,IT,UNEM_R,N,9,Y15-74,2023M5G3,2017-01-01,12.418992,,,,,,,,,,,,
IT1:151_874(1.0),M,IT,UNEM_R,N,9,Y15-74,2023M6G1,2017-01-01,12.418992,,,,,,,,,,,,
IT1:151_874(1.0),M,IT,UNEM_R,N,9,Y15-74,2023M6G30,2017-01-01,12.418992,,,,,,,,,,,,
IT1:151_874(1.0),M,IT,UNEM_R,N,9,Y15-74,2023M8G1,2017-01-01,12.418992,,,,,,,,,,,,
IT1:151_874(1.0),M,IT,UNEM_R,N,9,Y15-74,2023M8G31,2017-01-01,12.418992,,,,,,,,,,,,
IT1:151_874(1.0),M,IT,UNEM_R,N,9,Y15-74,2024M10G2,2017-01-01,12.418992,,,,,,,,,,,,
IT1:151_874(1.0),M,IT,UNEM_R,N,9,Y15-74,2024M10G31,2017-01-01,12.418992,,,,,,,,,,,,
IT1:151_874(1.0),M,IT,UNEM_R,N,9,Y15-74,2024M12G2,2017-01-01,12.418992,,,,,,,,,,,,
IT1:151_874(1.0),M,IT,UNEM_R,N,9,Y15-74,2024M1G31,2017-01-01,12.418992,,,,,,,,,,,,
IT1:151_874(1.0),M,IT,UNEM_R,N,9,Y15-74,2024M1G9,2017-01-01,12.418992,,,,,,,,,,,,
IT1:151_874(1.0),M,IT,UNEM_R,N,9,Y15-74,2024M3G1,2017-01-01,12.418992,,,,,,,,,,,,
IT1:151_874(1.0),M,IT,UNEM_R,N,9,Y15-74,2024M4G3,2017-01-01,12.418992,,,,,,,,,,,,
IT1:151_874(1.0),M,IT,UNEM_R,N,9,Y15-74,2024M5G3,2017-01-01,12.418992,,,,,,,,,,,,
IT1:151_874(1.0),M,IT,UNEM_R,N,9,Y15-74,2024M5G30,2017-01-01,12.418992,,,,,,,,,,,,
IT1:151_874(1.0),M,IT,UNEM_R,N,9,Y15-74,2024M7G2,2017-01-01,12.418992,,,,,,,,,,,,
IT1:151_874(1.0),M,IT,UNEM_R,N,9,Y15-74,2024M8G1,2017-01-01,12.418992,,,,,,,,,,,,
IT1:151_874(1.0),M,IT,UNEM_R,N,9,Y15-74,2024M8G30,2017-01-01,12.418992,,,,,,,,,,,,
IT1:151_874(1.0),M,IT,UNEM_R,N,9,Y15-74,2025M10G2,2017-01-01,12.418992,,,,,,,,,,,,
IT1:151_874(1.0),M,IT,UNEM_R,N,9,Y15-74,2025M10G30,2017-01-01,12.418992,,,,,,,,,,,,
IT1:151_874(1.0),M,IT,UNEM_R,N,9,Y15-74,2025M12G2,2017-01-01,12.418992,,,,,,,,,,,,
IT1:151_874(1.0),M,IT,UNEM_R,N,9,Y15-74,2025M1G30,2017-01-01,12.418992,,,,,,,,,,,,
IT1:151_874(1.0),M,IT,UNEM_R,N,9,Y15-74,2025M1G7,2017-01-01,12.418992,,,,,,,,,,,,
IT1:151_874(1.0),M,IT,UNEM_R,N,9,Y15-74,2025M3G4,2017-01-01,12.418992,,,,,,,,,,,,
IT1:151_874(1.0),M,IT,UNEM_R,N,9,Y15-74,2025M4G1,2017-01-01,12.418992,,,,,,,,,,,,
IT1:151_874(1.0),M,IT,UNEM_R,N,9,Y15-74,2025M5G2,2017-01-01,12.418992,,,,,,,,,,,,
IT1:151_874(1.0),M,IT,UNEM_R,N,9,Y15-74,2025M6G3,2017-01-01,12.418992,,,,,,,,,,,,
IT1:151_874(1.0),M,IT,UNEM_R,N,9,Y15-74,2025M7G2,2017-01-01,12.418992,,,,,,,,,,,,
IT1:151_874(1.0),M,IT,UNEM_R,N,9,Y15-74,2025M7G31,2017-01-01,12.418992,,,,,,,,,,,,
IT1:151_874(1.0),M,IT,UNEM_R,N,9,Y15-74,2025M9G1,2017-01-01,12.418992,,,,,,,,,,,,
IT1:151_874(1.0),M,IT,UNEM_R,N,9,Y15-74,2026M1G30,2017-01-01,12.418992,,,,,,,,,,,,
IT1:151_874(1.0),M,IT,UNEM_R,N,9,Y15-74,2026M1G8,2017-01-01,12.418992,,,,,,,,,,,,
IT1:151_874(1.0),M,IT,UNEM_R,N,9,Y15-74,2026M3G4,2017-01-01,12.418992,,,,,,,,,,,,
IT1:151_874(1.0),M,IT,UNEM_R,N,9,Y15-74,2026M4G1,2017-01-01,12.418992,,,,,,,,,,,,
IT1:151_874(1.0),M,IT,UNEM_R,N,9,Y15-74,2026M4G30,2017-01-01,12.418992,,,,,,,,,,,,
IT1:151_874(1.0),M,IT,UNEM_R,N,9,Y15-74,2022M11G3,2017-02-01,11.966823,,,,,,,,,,,,
IT1:151_874(1.0),M,IT,UNEM_R,N,9,Y15-74,2022M12G1,2017-02-01,11.966823,,,,,,,,,,,,
IT1:151_874(1.0),M,IT,UNEM_R,N,9,Y15-74,2022M2G1,2017-02-01,11.966823,,,,,,,,,,,,
IT1:151_874(1.0),M,IT,UNEM_R,N,9,Y15-74,2022M3G3,2017-02-01,11.966823,,,,,,,,,,,,
IT1:151_874(1.0),M,IT,UNEM_R,N,9,Y15-74,2022M3G31,2017-02-01,11.966823,,,,,,,,,,,,
IT1:151_874(1.0),M,IT,UNEM_R,N,9,Y15-74,2022M5G2,2017-02-01,11.966823,,,,,,,,,,,,
IT1:151_874(1.0),M,IT,UNEM_R,N,9,Y15-74,2022M6G1,2017-02-01,11.966823,,,,,,,,,,,,
IT1:151_874(1.0),M,IT,UNEM_R,N,9,Y15-74,2022M6G30,2017-02-01,11.966823,,,,,,,,,,,,
IT1:151_874(1.0),M,IT,UNEM_R,N,9,Y15-74,2022M8G1,2017-02-01,11.966823,,,,,,,,,,,,
IT1:151_874(1.0),M,IT,UNEM_R,N,9,Y15-74,2022M9G1,2017-02-01,11.966823,,,,,,,,,,,,
IT1:151_874(1.0),M,IT,UNEM_R,N,9,Y15-74,2022M9G30,2017-02-01,11.966823,,,,,,,,,,,,
IT1:151_874(1.0),M,IT,UNEM_R,N,9,Y15-74,2023M10G2,2017-02-01,11.966823,,,,,,,,,,,,
IT1:151_874(1.0),M,IT,UNEM_R,N,9,Y15-74,2023M11G3,2017-02-01,11.966823,,,,,,,,,,,,
IT1:151_874(1.0),M,IT,UNEM_R,N,9,Y15-74,2023M11G30,2017-02-01,11.966823,,,,,,,,,,,,
IT1:151_874(1.0),M,IT,UNEM_R,N,9,Y15-74,2023M1G31,2017-02-01,11.966823,,,,,,,,,,,,
IT1:151_874(1.0),M,IT,UNEM_R,N,9,Y15-74,2023M1G9,2017-02-01,11.966823,,,,,,,,,,,,
IT1:151_874(1.0),M,IT,UNEM_R,N,9,Y15-74,2023M3G2,2017-02-01,11.966823,,,,,,,,,,,,
IT1:151_874(1.0),M,IT,UNEM_R,N,9,Y15-74,2023M3G30,2017-02-01,11.966823,,,,,,,,,,,,
IT1:151_874(1.0),M,IT,UNEM_R,N,9,Y15-74,2023M5G3,2017-02-01,11.966823,,,,,,,,,,,,
IT1:151_874(1.0),M,IT,UNEM_R,N,9,Y15-74,2023M6G1,2017-02-01,11.966823,,,,,,,,,,,,
IT1:151_874(1.0),M,IT,UNEM_R,N,9,Y15-74,2023M6G30,2017-02-01,11.966823,,,,,,,,,,,,
IT1:151_874(1.0),M,IT,UNEM_R,N,9,Y15-74,2023M8G1,2017-02-01,11.966823,,,,,,,,,,,,
IT1:151_874(1.0),M,IT,UNEM_R,N,9,Y15-74,2023M8G31,2017-02-01,11.966823,,,,,,,,,,,,
IT1:151_874(1.0),M,IT,UNEM_R,N,9,Y15-74,2024M10G2,2017-02-01,11.966823,,,,,,,,,,,,
IT1:151_874(1.0),M,IT,UNEM_R,N,9,Y15-74,2024M10G31,2017-02-01,11.966823,,,,,,,,,,,,
IT1:151_874(1.0),M,IT,UNEM_R,N,9,Y15-74,2024M12G2,2017-02-01,11.966823,,,,,,,,,,,,
IT1:151_874(1.0),M,IT,UNEM_R,N,9,Y15-74,2024M1G31,2017-02-01,11.966823,,,,,,,,,,,,
IT1:151_874(1.0),M,IT,UNEM_R,N,9,Y15-74,2024M1G9,2017-02-01,11.966823,,,,,,,,,,,,
IT1:151_874(1.0),M,IT,UNEM_R,N,9,Y15-74,2024M3G1,2017-02-01,11.966823,,,,,,,,,,,,
IT1:151_874(1.0),M,IT,UNEM_R,N,9,Y15-74,2024M4G3,2017-02-01,11.966823,,,,,,,,,,,,
IT1:151_874(1.0),M,IT,UNEM_R,N,9,Y15-74,2024M5G3,2017-02-01,11.966823,,,,,,,,,,,,
IT1:151_874(1.0),M,IT,UNEM_R,N,9,Y15-74,2024M5G30,2017-02-01,11.966823,,,,,,,,,,,,
IT1:151_874(1.0),M,IT,UNEM_R,N,9,Y15-74,2024M7G2,2017-02-01,11.966823,,,,,,,,,,,,
IT1:151_874(1.0),M,IT,UNEM_R,N,9,Y15-74,2024M8G1,2017-02-01,11.966823,,,,,,,,,,,,
IT1:151_874(1.0),M,IT,UNEM_R,N,9,Y15-74,2024M8G30,2017-02-01,11.966823,,,,,,,,,,,,
IT1:151_874(1.0),M,IT,UNEM_R,N,9,Y15-74,2025M10G2,2017-02-01,11.966823,,,,,,,,,,,,
IT1:151_874(1.0),M,IT,UNEM_R,N,9,Y15-74,2025M10G30,2017-02-01,11.966823,,,,,,,,,,,,
IT1:151_874(1.0),M,IT,UNEM_R,N,9,Y15-74,2025M12G2,2017-02-01,11.966823,,,,,,,,,,,,
IT1:151_874(1.0),M,IT,UNEM_R,N,9,Y15-74,2025M1G30,2017-02-01,11.966823,,,,,,,,,,,,
IT1:151_874(1.0),M,IT,UNEM_R,N,9,Y15-74,2025M1G7,2017-02-01,11.966823,,,,,,,,,,,,
IT1:151_874(1.0),M,IT,UNEM_R,N,9,Y15-74,2025M3G4,2017-02-01,11.966823,,,,,,,,,,,,
IT1:151_874(1.0),M,IT,UNEM_R,N,9,Y15-74,2025M4G1,2017-02-01,11.966823,,,,,,,,,,,,
IT1:151_874(1.0),M,IT,UNEM_R,N,9,Y15-74,2025M5G2,2017-02-01,11.966823,,,,,,,,,,,,
IT1:151_874(1.0),M,IT,UNEM_R,N,9,Y15-74,2025M6G3,2017-02-01,11.966823,,,,,,,,,,,,
IT1:151_874(1.0),M,IT,UNEM_R,N,9,Y15-74,2025M7G2,2017-02-01,11.966823,,,,,,,,,,,,
IT1:151_874(1.0),M,IT,UNEM_R,N,9,Y15-74,2025M7G31,2017-02-01,11.966823,,,,,,,,,,,,
IT1:151_874(1.0),M,IT,UNEM_R,N,9,Y15-74,2025M9G1,2017-02-01,11.966823,,,,,,,,,,,,
IT1:151_874(1.0),M,IT,UNEM_R,N,9,Y15-74,2026M1G30,2017-02-01,11.966823,,,,,,,,,,,,
IT1:151_874(1.0),M,IT,UNEM_R,N,9,Y15-74,2026M1G8,2017-02-01,11.966823,,,,,,,,,,,,
IT1:151_874(1.0),M,IT,UNEM_R,N,9,Y15-74,2026M3G4,2017-02-01,11.966823,,,,,,,,,,,,
IT1:151_874(1.0),M,IT,UNEM_R,N,9,Y15-74,2026M4G1,2017-02-01,11.966823,,,,,,,,,,,,
IT1:151_874(1.0),M,IT,UNEM_R,N,9,Y15-74,2026M4G30,2017-02-01,11.966823,,,,,,,,,,,,
IT1:151_874(1.0),M,IT,UNEM_R,N,9,Y15-74,2022M11G3,2017-03-01,12.178798,,,,,,,,,,,,
IT1:151_874(1.0),M,IT,UNEM_R,N,9,Y15-74,2022M12G1,2017-03-01,12.178798,,,,,,,,,,,,
IT1:151_874(1.0),M,IT,UNEM_R,N,9,Y15-74,2022M2G1,2017-03-01,12.178798,,,,,,,,,,,,
IT1:151_874(1.0),M,IT,UNEM_R,N,9,Y15-74,2022M3G3,2017-03-01,12.178798,,,,,,,,,,,,
IT1:151_874(1.0),M,IT,UNEM_R,N,9,Y15-74,2022M3G31,2017-03-01,12.178798,,,,,,,,,,,,
IT1:151_874(1.0),M,IT,UNEM_R,N,9,Y15-74,2022M5G2,2017-03-01,12.178798,,,,,,,,,,,,
IT1:151_874(1.0),M,IT,UNEM_R,N,9,Y15-74,2022M6G1,2017-03-01,12.178798,,,,,,,,,,,,
IT1:151_874(1.0),M,IT,UNEM_R,N,9,Y15-74,2022M6G30,2017-03-01,12.178798,,,,,,,,,,,,
IT1:151_874(1.0),M,IT,UNEM_R,N,9,Y15-74,2022M8G1,2017-03-01,12.178798,,,,,,,,,,,,
IT1:151_874(1.0),M,IT,UNEM_R,N,9,Y15-74,2022M9G1,2017-03-01,12.178798,,,,,,,,,,,,
IT1:151_874(1.0),M,IT,UNEM_R,N,9,Y15-74,2022M9G30,2017-03-01,12.178798,,,,,,,,,,,,
IT1:151_874(1.0),M,IT,UNEM_R,N,9,Y15-74,2023M10G2,2017-03-01,12.178798,,,,,,,,,,,,
IT1:151_874(1.0),M,IT,UNEM_R,N,9,Y15-74,2023M11G3,2017-03-01,12.178798,,,,,,,,,,,,
IT1:151_874(1.0),M,IT,UNEM_R,N,9,Y15-74,2023M11G30,2017-03-01,12.178798,,,,,,,,,,,,
IT1:151_874(1.0),M,IT,UNEM_R,N,9,Y15-74,2023M1G31,2017-03-01,12.178798,,,,,,,,,,,,
IT1:151_874(1.0),M,IT,UNEM_R,N,9,Y15-74,2023M1G9,2017-03-01,12.178798,,,,,,,,,,,,
IT1:151_874(1.0),M,IT,UNEM_R,N,9,Y15-74,2023M3G2,2017-03-01,12.178798,,,,,,,,,,,,
IT1:151_874(1.0),M,IT,UNEM_R,N,9,Y15-74,2023M3G30,2017-03-01,12.178798,,,,,,,,,,,,
IT1:151_874(1.0),M,IT,UNEM_R,N,9,Y15-74,2023M5G3,2017-03-01,12.178798,,,,,,,,,,,,
IT1:151_874(1.0),M,IT,UNEM_R,N,9,Y15-74,2023M6G1,2017-03-01,12.178798,,,,,,,,,,,,
IT1:151_874(1.0),M,IT,UNEM_R,N,9,Y15-74,2023M6G30,2017-03-01,12.178798,,,,,,,,,,,,
IT1:151_874(1.0),M,IT,UNEM_R,N,9,Y15-74,2023M8G1,2017-03-01,12.178798,,,,,,,,,,,,
IT1:151_874(1.0),M,IT,UNEM_R,N,9,Y15-74,2023M8G31,2017-03-01,12.178798,,,,,,,,,,,,
IT1:151_874(1.0),M,IT,UNEM_R,N,9,Y15-74,2024M10G2,2017-03-01,12.178798,,,,,,,,,,,,
IT1:151_874(1.0),M,IT,UNEM_R,N,9,Y15-74,2024M10G31,2017-03-01,12.178798,,,,,,,,,,,,
IT1:151_874(1.0),M,IT,UNEM_R,N,9,Y15-74,2024M12G2,2017-03-01,12.178798,,,,,,,,,,,,
IT1:151_874(1.0),M,IT,UNEM_R,N,9,Y15-74,2024M1G31,2017-03-01,12.178798,,,,,,,,,,,,
IT1:151_874(1.0),M,IT,UNEM_R,N,9,Y15-74,2024M1G9,2017-03-01,12.178798,,,,,,,,,,,,
IT1:151_874(1.0),M,IT,UNEM_R,N,9,Y15-74,2024M3G1,2017-03-01,12.178798,,,,,,,,,,,,
IT1:151_874(1.0),M,IT,UNEM_R,N,9,Y15-74,2024M4G3,2017-03-01,12.178798,,,,,,,,,,,,
IT1:151_874(1.0),M,IT,UNEM_R,N,9,Y15-74,2024M5G3,2017-03-01,12.178798,,,,,,,,,,,,
IT1:151_874(1.0),M,IT,UNEM_R,N,9,Y15-74,2024M5G30,2017-03-01,12.178798,,,,,,,,,,,,
IT1:151_874(1.0),M,IT,UNEM_R,N,9,Y15-74,2024M7G2,2017-03-01,12.178798,,,,,,,,,,,,
IT1:151_874(1.0),M,IT,UNEM_R,N,9,Y15-74,2024M8G1,2017-03-01,12.178798,,,,,,,,,,,,
IT1:151_874(1.0),M,IT,UNEM_R,N,9,Y15-74,2024M8G30,2017-03-01,12.178798,,,,,,,,,,,,
IT1:151_874(1.0),M,IT,UNEM_R,N,9,Y15-74,2025M10G2,2017-03-01,12.178798,,,,,,,,,,,,
IT1:151_874(1.0),M,IT,UNEM_R,N,9,Y15-74,2025M10G30,2017-03-01,12.178798,,,,,,,,,,,,
IT1:151_874(1.0),M,IT,UNEM_R,N,9,Y15-74,2025M12G2,2017-03-01,12.178798,,,,,,,,,,,,
IT1:151_874(1.0),M,IT,UNEM_R,N,9,Y15-74,2025M1G30,2017-03-01,12.178798,,,,,,,,,,,,
IT1:151_874(1.0),M,IT,UNEM_R,N,9,Y15-74,2025M1G7,2017-03-01,12.178798,,,,,,,,,,,,
IT1:151_874(1.0),M,IT,UNEM_R,N,9,Y15-74,2025M3G4,2017-03-01,12.178798,,,,,,,,,,,,
IT1:151_874(1.0),M,IT,UNEM_R,N,9,Y15-74,2025M4G1,2017-03-01,12.178798,,,,,,,,,,,,
IT1:151_874(1.0),M,IT,UNEM_R,N,9,Y15-74,2025M5G2,2017-03-01,12.178798,,,,,,,,,,,,
IT1:151_874(1.0),M,IT,UNEM_R,N,9,Y15-74,2025M6G3,2017-03-01,12.178798,,,,,,,,,,,,
IT1:151_874(1.0),M,IT,UNEM_R,N,9,Y15-74,2025M7G2,2017-03-01,12.178798,,,,,,,,,,,,
IT1:151_874(1.0),M,IT,UNEM_R,N,9,Y15-74,2025M7G31,2017-03-01,12.178798,,,,,,,,,,,,
IT1:151_874(1.0),M,IT,UNEM_R,N,9,Y15-74,2025M9G1,2017-03-01,12.178798,,,,,,,,,,,,
IT1:151_874(1.0),M,IT,UNEM_R,N,9,Y15-74,2026M1G30,2017-03-01,12.178798,,,,,,,,,,,,
IT1:151_874(1.0),M,IT,UNEM_R,N,9,Y15-74,2026M1G8,2017-03-01,12.178798,,,,,,,,,,,,
IT1:151_874(1.0),M,IT,UNEM_R,N,9,Y15-74,2026M3G4,2017-03-01,12.178798,,,,,,,,,,,,
IT1:151_874(1.0),M,IT,UNEM_R,N,9,Y15-74,2026M4G1,2017-03-01,12.178798,,,,,,,,,,,,
IT1:151_874(1.0),M,IT,UNEM_R,N,9,Y15-74,2026M4G30,2017-03-01,12.178798,,,,,,,,,,,,
IT1:151_874(1.0),M,IT,UNEM_R,N,9,Y15-74,2022M11G3,2017-04-01,11.16967,,,,,,,,,,,,
IT1:151_874(1.0),M,IT,UNEM_R,N,9,Y15-74,2022M12G1,2017-04-01,11.16967,,,,,,,,,,,,
IT1:151_874(1.0),M,IT,UNEM_R,N,9,Y15-74,2022M2G1,2017-04-01,11.16967,,,,,,,,,,,,
IT1:151_874(1.0),M,IT,UNEM_R,N,9,Y15-74,2022M3G3,2017-04-01,11.16967,,,,,,,,,,,,
IT1:151_874(1.0),M,IT,UNEM_R,N,9,Y15-74,2022M3G31,2017-04-01,11.16967,,,,,,,,,,,,
IT1:151_874(1.0),M,IT,UNEM_R,N,9,Y15-74,2022M5G2,2017-04-01,11.16967,,,,,,,,,,,,
IT1:151_874(1.0),M,IT,UNEM_R,N,9,Y15-74,2022M6G1,2017-04-01,11.16967,,,,,,,,,,,,
IT1:151_874(1.0),M,IT,UNEM_R,N,9,Y15-74,2022M6G30,2017-04-01,11.16967,,,,,,,,,,,,
IT1:151_874(1.0),M,IT,UNEM_R,N,9,Y15-74,2022M8G1,2017-04-01,11.16967,,,,,,,,,,,,
IT1:151_874(1.0),M,IT,UNEM_R,N,9,Y15-74,2022M9G1,2017-04-01,11.16967,,,,,,,,,,,,
IT1:151_874(1.0),M,IT,UNEM_R,N,9,Y15-74,2022M9G30,2017-04-01,11.16967,,,,,,,,,,,,
IT1:151_874(1.0),M,IT,UNEM_R,N,9,Y15-74,2023M10G2,2017-04-01,11.16967,,,,,,,,,,,,
IT1:151_874(1.0),M,IT,UNEM_R,N,9,Y15-74,2023M11G3,2017-04-01,11.16967,,,,,,,,,,,,
IT1:151_874(1.0),M,IT,UNEM_R,N,9,Y15-74,2023M11G30,2017-04-01,11.16967,,,,,,,,,,,,
IT1:151_874(1.0),M,IT,UNEM_R,N,9,Y15-74,2023M1G31,2017-04-01,11.16967,,,,,,,,,,,,
IT1:151_874(1.0),M,IT,UNEM_R,N,9,Y15-74,2023M1G9,2017-04-01,11.16967,,,,,,,,,,,,
IT1:151_874(1.0),M,IT,UNEM_R,N,9,Y15-74,2023M3G2,2017-04-01,11.16967,,,,,,,,,,,,
IT1:151_874(1.0),M,IT,UNEM_R,N,9,Y15-74,2023M3G30,2017-04-01,11.16967,,,,,,,,,,,,
IT1:151_874(1.0),M,IT,UNEM_R,N,9,Y15-74,2023M5G3,2017-04-01,11.16967,,,,,,,,,,,,
IT1:151_874(1.0),M,IT,UNEM_R,N,9,Y15-74,2023M6G1,2017-04-01,11.16967,,,,,,,,,,,,
IT1:151_874(1.0),M,IT,UNEM_R,N,9,Y15-74,2023M6G30,2017-04-01,11.16967,,,,,,,,,,,,
IT1:151_874(1.0),M,IT,UNEM_R,N,9,Y15-74,2023M8G1,2017-04-01,11.16967,,,,,,,,,,,,
IT1:151_874(1.0),M,IT,UNEM_R,N,9,Y15-74,2023M8G31,2017-04-01,11.16967,,,,,,,,,,,,
IT1:151_874(1.0),M,IT,UNEM_R,N,9,Y15-74,2024M10G2,2017-04-01,11.16967,,,,,,,,,,,,
IT1:151_874(1.0),M,IT,UNEM_R,N,9,Y15-74,2024M10G31,2017-04-01,11.16967,,,,,,,,,,,,
IT1:151_874(1.0),M,IT,UNEM_R,N,9,Y15-74,2024M12G2,2017-04-01,11.16967,,,,,,,,,,,,
IT1:151_874(1.0),M,IT,UNEM_R,N,9,Y15-74,2024M1G31,2017-04-01,11.16967,,,,,,,,,,,,
IT1:151_874(1.0),M,IT,UNEM_R,N,9,Y15-74,2024M1G9,2017-04-01,11.16967,,,,,,,,,,,,
IT1:151_874(1.0),M,IT,UNEM_R,N,9,Y15-74,2024M3G1,2017-04-01,11.16967,,,,,,,,,,,,
IT1:151_874(1.0),M,IT,UNEM_R,N,9,Y15-74,2024M4G3,2017-04-01,11.16967,,,,,,,,,,,,
IT1:151_874(1.0),M,IT,UNEM_R,N,9,Y15-74,2024M5G3,2017-04-01,11.16967,,,,,,,,,,,,
IT1:151_874(1.0),M,IT,UNEM_R,N,9,Y15-74,2024M5G30,2017-04-01,11.16967,,,,,,,,,,,,
IT1:151_874(1.0),M,IT,UNEM_R,N,9,Y15-74,2024M7G2,2017-04-01,11.16967,,,,,,,,,,,,
IT1:151_874(1.0),M,IT,UNEM_R,N,9,Y15-74,2024M8G1,2017-04-01,11.16967,,,,,,,,,,,,
IT1:151_874(1.0),M,IT,UNEM_R,N,9,Y15-74,2024M8G30,2017-04-01,11.16967,,,,,,,,,,,,
IT1:151_874(1.0),M,IT,UNEM_R,N,9,Y15-74,2025M10G2,2017-04-01,11.16967,,,,,,,,,,,,
IT1:151_874(1.0),M,IT,UNEM_R,N,9,Y15-74,2025M10G30,2017-04-01,11.16967,,,,,,,,,,,,
IT1:151_874(1.0),M,IT,UNEM_R,N,9,Y15-74,2025M12G2,2017-04-01,11.16967,,,,,,,,,,,,
IT1:151_874(1.0),M,IT,UNEM_R,N,9,Y15-74,2025M1G30,2017-04-01,11.16967,,,,,,,,,,,,
IT1:151_874(1.0),M,IT,UNEM_R,N,9,Y15-74,2025M1G7,2017-04-01,11.16967,,,,,,,,,,,,
IT1:151_874(1.0),M,IT,UNEM_R,N,9,Y15-74,2025M3G4,2017-04-01,11.16967,,,,,,,,,,,,
IT1:151_874(1.0),M,IT,UNEM_R,N,9,Y15-74,2025M4G1,2017-04-01,11.16967,,,,,,,,,,,,
IT1:151_874(1.0),M,IT,UNEM_R,N,9,Y15-74,2025M5G2,2017-04-01,11.16967,,,,,,,,,,,,
IT1:151_874(1.0),M,IT,UNEM_R,N,9,Y15-74,2025M6G3,2017-04-01,11.16967,,,,,,,,,,,,
IT1:151_874(1.0),M,IT,UNEM_R,N,9,Y15-74,2025M7G2,2017-04-01,11.16967,,,,,,,,,,,,
IT1:151_874(1.0),M,IT,UNEM_R,N,9,Y15-74,2025M7G31,2017-04-01,11.16967,,,,,,,,,,,,
IT1:151_874(1.0),M,IT,UNEM_R,N,9,Y15-74,2025M9G1,2017-04-01,11.16967,,,,,,,,,,,,
IT1:151_874(1.0),M,IT,UNEM_R,N,9,Y15-74,2026M1G30,2017-04-01,11.16967,,,,,,,,,,,,
IT1:151_874(1.0),M,IT,UNEM_R,N,9,Y15-74,2026M1G8,2017-04-01,11.16967,,,,,,,,,,,,
IT1:151_874(1.0),M,IT,UNEM_R,N,9,Y15-74,2026M3G4,2017-04-01,11.16967,,,,,,,,,,,,
IT1:151_874(1.0),M,IT,UNEM_R,N,9,Y15-74,2026M4G1,2017-04-01,11.16967,,,,,,,,,,,,
IT1:151_874(1.0),M,IT,UNEM_R,N,9,Y15-74,2026M4G30,2017-04-01,11.16967,,,,,,,,,,,,
IT1:151_874(1.0),M,IT,UNEM_R,N,9,Y15-74,2022M11G3,2017-05-01,11.172696,,,,,,,,,,,,
IT1:151_874(1.0),M,IT,UNEM_R,N,9,Y15-74,2022M12G1,2017-05-01,11.172696,,,,,,,,,,,,
IT1:151_874(1.0),M,IT,UNEM_R,N,9,Y15-74,2022M2G1,2017-05-01,11.172696,,,,,,,,,,,,
IT1:151_874(1.0),M,IT,UNEM_R,N,9,Y15-74,2022M3G3,2017-05-01,11.172696,,,,,,,,,,,,
IT1:151_874(1.0),M,IT,UNEM_R,N,9,Y15-74,2022M3G31,2017-05-01,11.172696,,,,,,,,,,,,
IT1:151_874(1.0),M,IT,UNEM_R,N,9,Y15-74,2022M5G2,2017-05-01,11.172696,,,,,,,,,,,,
IT1:151_874(1.0),M,IT,UNEM_R,N,9,Y15-74,2022M6G1,2017-05-01,11.172696,,,,,,,,,,,,
IT1:151_874(1.0),M,IT,UNEM_R,N,9,Y15-74,2022M6G30,2017-05-01,11.172696,,,,,,,,,,,,
IT1:151_874(1.0),M,IT,UNEM_R,N,9,Y15-74,2022M8G1,2017-05-01,11.172696,,,,,,,,,,,,
IT1:151_874(1.0),M,IT,UNEM_R,N,9,Y15-74,2022M9G1,2017-05-01,11.172696,,,,,,,,,,,,
IT1:151_874(1.0),M,IT,UNEM_R,N,9,Y15-74,2022M9G30,2017-05-01,11.172696,,,,,,,,,,,,
IT1:151_874(1.0),M,IT,UNEM_R,N,9,Y15-74,2023M10G2,2017-05-01,11.172696,,,,,,,,,,,,
IT1:151_874(1.0),M,IT,UNEM_R,N,9,Y15-74,2023M11G3,2017-05-01,11.172696,,,,,,,,,,,,
IT1:151_874(1.0),M,IT,UNEM_R,N,9,Y15-74,2023M11G30,2017-05-01,11.172696,,,,,,,,,,,,
IT1:151_874(1.0),M,IT,UNEM_R,N,9,Y15-74,2023M1G31,2017-05-01,11.172696,,,,,,,,,,,,
IT1:151_874(1.0),M,IT,UNEM_R,N,9,Y15-74,2023M1G9,2017-05-01,11.172696,,,,,,,,,,,,
IT1:151_874(1.0),M,IT,UNEM_R,N,9,Y15-74,2023M3G2,2017-05-01,11.172696,,,,,,,,,,,,
IT1:151_874(1.0),M,IT,UNEM_R,N,9,Y15-74,2023M3G30,2017-05-01,11.172696,,,,,,,,,,,,
IT1:151_874(1.0),M,IT,UNEM_R,N,9,Y15-74,2023M5G3,2017-05-01,11.172696,,,,,,,,,,,,
IT1:151_874(1.0),M,IT,UNEM_R,N,9,Y15-74,2023M6G1,2017-05-01,11.172696,,,,,,,,,,,,
IT1:151_874(1.0),M,IT,UNEM_R,N,9,Y15-74,2023M6G30,2017-05-01,11.172696,,,,,,,,,,,,
IT1:151_874(1.0),M,IT,UNEM_R,N,9,Y15-74,2023M8G1,2017-05-01,11.172696,,,,,,,,,,,,
IT1:151_874(1.0),M,IT,UNEM_R,N,9,Y15-74,2023M8G31,2017-05-01,11.172696,,,,,,,,,,,,
IT1:151_874(1.0),M,IT,UNEM_R,N,9,Y15-74,2024M10G2,2017-05-01,11.172696,,,,,,,,,,,,
IT1:151_874(1.0),M,IT,UNEM_R,N,9,Y15-74,2024M10G31,2017-05-01,11.172696,,,,,,,,,,,,
IT1:151_874(1.0),M,IT,UNEM_R,N,9,Y15-74,2024M12G2,2017-05-01,11.172696,,,,,,,,,,,,
IT1:151_874(1.0),M,IT,UNEM_R,N,9,Y15-74,2024M1G31,2017-05-01,11.172696,,,,,,,,,,,,
IT1:151_874(1.0),M,IT,UNEM_R,N,9,Y15-74,2024M1G9,2017-05-01,11.172696,,,,,,,,,,,,
IT1:151_874(1.0),M,IT,UNEM_R,N,9,Y15-74,2024M3G1,2017-05-01,11.172696,,,,,,,,,,,,
IT1:151_874(1.0),M,IT,UNEM_R,N,9,Y15-74,2024M4G3,2017-05-01,11.172696,,,,,,,,,,,,
IT1:151_874(1.0),M,IT,UNEM_R,N,9,Y15-74,2024M5G3,2017-05-01,11.172696,,,,,,,,,,,,
IT1:151_874(1.0),M,IT,UNEM_R,N,9,Y15-74,2024M5G30,2017-05-01,11.172696,,,,,,,,,,,,
IT1:151_874(1.0),M,IT,UNEM_R,N,9,Y15-74,2024M7G2,2017-05-01,11.172696,,,,,,,,,,,,
IT1:151_874(1.0),M,IT,UNEM_R,N,9,Y15-74,2024M8G1,2017-05-01,11.172696,,,,,,,,,,,,
IT1:151_874(1.0),M,IT,UNEM_R,N,9,Y15-74,2024M8G30,2017-05-01,11.172696,,,,,,,,,,,,
IT1:151_874(1.0),M,IT,UNEM_R,N,9,Y15-74,2025M10G2,2017-05-01,11.172696,,,,,,,,,,,,
IT1:151_874(1.0),M,IT,UNEM_R,N,9,Y15-74,2025M10G30,2017-05-01,11.172696,,,,,,,,,,,,
IT1:151_874(1.0),M,IT,UNEM_R,N,9,Y15-74,2025M12G2,2017-05-01,11.172696,,,,,,,,,,,,
IT1:151_874(1.0),M,IT,UNEM_R,N,9,Y15-74,2025M1G30,2017-05-01,11.172696,,,,,,,,,,,,
IT1:151_874(1.0),M,IT,UNEM_R,N,9,Y15-74,2025M1G7,2017-05-01,11.172696,,,,,,,,,,,,
IT1:151_874(1.0),M,IT,UNEM_R,N,9,Y15-74,2025M3G4,2017-05-01,11.172696,,,,,,,,,,,,
IT1:151_874(1.0),M,IT,UNEM_R,N,9,Y15-74,2025M4G1,2017-05-01,11.172696,,,,,,,,,,,,
IT1:151_874(1.0),M,IT,UNEM_R,N,9,Y15-74,2025M5G2,2017-05-01,11.172696,,,,,,,,,,,,
IT1:151_874(1.0),M,IT,UNEM_R,N,9,Y15-74,2025M6G3,2017-05-01,11.172696,,,,,,,,,,,,
IT1:151_874(1.0),M,IT,UNEM_R,N,9,Y15-74,2025M7G2,2017-05-01,11.172696,,,,,,,,,,,,
IT1:151_874(1.0),M,IT,UNEM_R,N,9,Y15-74,2025M7G31,2017-05-01,11.172696,,,,,,,,,,,,
IT1:151_874(1.0),M,IT,UNEM_R,N,9,Y15-74,2025M9G1,2017-05-01,11.172696,,,,,,,,,,,,
IT1:151_874(1.0),M,IT,UNEM_R,N,9,Y15-74,2026M1G30,2017-05-01,11.172696,,,,,,,,,,,,
IT1:151_874(1.0),M,IT,UNEM_R,N,9,Y15-74,2026M1G8,2017-05-01,11.172696,,,,,,,,,,,,
IT1:151_874(1.0),M,IT,UNEM_R,N,9,Y15-74,2026M3G4,2017-05-01,11.172696,,,,,,,,,,,,
IT1:151_874(1.0),M,IT,UNEM_R,N,9,Y15-74,2026M4G1,2017-05-01,11.172696,,,,,,,,,,,,
IT1:151_874(1.0),M,IT,UNEM_R,N,9,Y15-74,2026M4G30,2017-05-01,11.172696,,,,,,,,,,,,
IT1:151_874(1.0),M,IT,UNEM_R,N,9,Y15-74,2022M11G3,2017-06-01,10.690619,,,,,,,,,,,,
IT1:151_874(1.0),M,IT,UNEM_R,N,9,Y15-74,2022M12G1,2017-06-01,10.690619,,,,,,,,,,,,
IT1:151_874(1.0),M,IT,UNEM_R,N,9,Y15-74,2022M2G1,2017-06-01,10.690619,,,,,,,,,,,,
IT1:151_874(1.0),M,IT,UNEM_R,N,9,Y15-74,2022M3G3,2017-06-01,10.690619,,,,,,,,,,,,
IT1:151_874(1.0),M,IT,UNEM_R,N,9,Y15-74,2022M3G31,2017-06-01,10.690619,,,,,,,,,,,,
IT1:151_874(1.0),M,IT,UNEM_R,N,9,Y15-74,2022M5G2,2017-06-01,10.690619,,,,,,,,,,,,
IT1:151_874(1.0),M,IT,UNEM_R,N,9,Y15-74,2022M6G1,2017-06-01,10.690619,,,,,,,,,,,,
IT1:151_874(1.0),M,IT,UNEM_R,N,9,Y15-74,2022M6G30,2017-06-01,10.690619,,,,,,,,,,,,
IT1:151_874(1.0),M,IT,UNEM_R,N,9,Y15-74,2022M8G1,2017-06-01,10.690619,,,,,,,,,,,,
IT1:151_874(1.0),M,IT,UNEM_R,N,9,Y15-74,2022M9G1,2017-06-01,10.690619,,,,,,,,,,,,
IT1:151_874(1.0),M,IT,UNEM_R,N,9,Y15-74,2022M9G30,2017-06-01,10.690619,,,,,,,,,,,,
IT1:151_874(1.0),M,IT,UNEM_R,N,9,Y15-74,2023M10G2,2017-06-01,10.690619,,,,,,,,,,,,
IT1:151_874(1.0),M,IT,UNEM_R,N,9,Y15-74,2023M11G3,2017-06-01,10.690619,,,,,,,,,,,,
IT1:151_874(1.0),M,IT,UNEM_R,N,9,Y15-74,2023M11G30,2017-06-01,10.690619,,,,,,,,,,,,
IT1:151_874(1.0),M,IT,UNEM_R,N,9,Y15-74,2023M1G31,2017-06-01,10.690619,,,,,,,,,,,,
IT1:151_874(1.0),M,IT,UNEM_R,N,9,Y15-74,2023M1G9,2017-06-01,10.690619,,,,,,,,,,,,
IT1:151_874(1.0),M,IT,UNEM_R,N,9,Y15-74,2023M3G2,2017-06-01,10.690619,,,,,,,,,,,,
IT1:151_874(1.0),M,IT,UNEM_R,N,9,Y15-74,2023M3G30,2017-06-01,10.690619,,,,,,,,,,,,
IT1:151_874(1.0),M,IT,UNEM_R,N,9,Y15-74,2023M5G3,2017-06-01,10.690619,,,,,,,,,,,,
IT1:151_874(1.0),M,IT,UNEM_R,N,9,Y15-74,2023M6G1,2017-06-01,10.690619,,,,,,,,,,,,
IT1:151_874(1.0),M,IT,UNEM_R,N,9,Y15-74,2023M6G30,2017-06-01,10.690619,,,,,,,,,,,,
IT1:151_874(1.0),M,IT,UNEM_R,N,9,Y15-74,2023M8G1,2017-06-01,10.690619,,,,,,,,,,,,
IT1:151_874(1.0),M,IT,UNEM_R,N,9,Y15-74,2023M8G31,2017-06-01,10.690619,,,,,,,,,,,,
IT1:151_874(1.0),M,IT,UNEM_R,N,9,Y15-74,2024M10G2,2017-06-01,10.690619,,,,,,,,,,,,
IT1:151_874(1.0),M,IT,UNEM_R,N,9,Y15-74,2024M10G31,2017-06-01,10.690619,,,,,,,,,,,,
IT1:151_874(1.0),M,IT,UNEM_R,N,9,Y15-74,2024M12G2,2017-06-01,10.690619,,,,,,,,,,,,
IT1:151_874(1.0),M,IT,UNEM_R,N,9,Y15-74,2024M1G31,2017-06-01,10.690619,,,,,,,,,,,,
IT1:151_874(1.0),M,IT,UNEM_R,N,9,Y15-74,2024M1G9,2017-06-01,10.690619,,,,,,,,,,,,
IT1:151_874(1.0),M,IT,UNEM_R,N,9,Y15-74,2024M3G1,2017-06-01,10.690619,,,,,,,,,,,,
IT1:151_874(1.0),M,IT,UNEM_R,N,9,Y15-74,2024M4G3,2017-06-01,10.690619,,,,,,,,,,,,
IT1:151_874(1.0),M,IT,UNEM_R,N,9,Y15-74,2024M5G3,2017-06-01,10.690619,,,,,,,,,,,,
IT1:151_874(1.0),M,IT,UNEM_R,N,9,Y15-74,2024M5G30,2017-06-01,10.690619,,,,,,,,,,,,
IT1:151_874(1.0),M,IT,UNEM_R,N,9,Y15-74,2024M7G2,2017-06-01,10.690619,,,,,,,,,,,,
IT1:151_874(1.0),M,IT,UNEM_R,N,9,Y15-74,2024M8G1,2017-06-01,10.690619,,,,,,,,,,,,
IT1:151_874(1.0),M,IT,UNEM_R,N,9,Y15-74,2024M8G30,2017-06-01,10.690619,,,,,,,,,,,,
IT1:151_874(1.0),M,IT,UNEM_R,N,9,Y15-74,2025M10G2,2017-06-01,10.690619,,,,,,,,,,,,
IT1:151_874(1.0),M,IT,UNEM_R,N,9,Y15-74,2025M10G30,2017-06-01,10.690619,,,,,,,,,,,,
IT1:151_874(1.0),M,IT,UNEM_R,N,9,Y15-74,2025M12G2,2017-06-01,10.690619,,,,,,,,,,,,
IT1:151_874(1.0),M,IT,UNEM_R,N,9,Y15-74,2025M1G30,2017-06-01,10.690619,,,,,,,,,,,,
IT1:151_874(1.0),M,IT,UNEM_R,N,9,Y15-74,2025M1G7,2017-06-01,10.690619,,,,,,,,,,,,
IT1:151_874(1.0),M,IT,UNEM_R,N,9,Y15-74,2025M3G4,2017-06-01,10.690619,,,,,,,,,,,,
IT1:151_874(1.0),M,IT,UNEM_R,N,9,Y15-74,2025M4G1,2017-06-01,10.690619,,,,,,,,,,,,
IT1:151_874(1.0),M,IT,UNEM_R,N,9,Y15-74,2025M5G2,2017-06-01,10.690619,,,,,,,,,,,,
IT1:151_874(1.0),M,IT,UNEM_R,N,9,Y15-74,2025M6G3,2017-06-01,10.690619,,,,,,,,,,,,
IT1:151_874(1.0),M,IT,UNEM_R,N,9,Y15-74,2025M7G2,2017-06-01,10.690619,,,,,,,,,,,,
IT1:151_874(1.0),M,IT,UNEM_R,N,9,Y15-74,2025M7G31,2017-06-01,10.690619,,,,,,,,,,,,
IT1:151_874(1.0),M,IT,UNEM_R,N,9,Y15-74,2025M9G1,2017-06-01,10.690619,,,,,,,,,,,,
IT1:151_874(1.0),M,IT,UNEM_R,N,9,Y15-74,2026M1G30,2017-06-01,10.690619,,,,,,,,,,,,
IT1:151_874(1.0),M,IT,UNEM_R,N,9,Y15-74,2026M1G8,2017-06-01,10.690619,,,,,,,,,,,,
IT1:151_874(1.0),M,IT,UNEM_R,N,9,Y15-74,2026M3G4,2017-06-01,10.690619,,,,,,,,,,,,
IT1:151_874(1.0),M,IT,UNEM_R,N,9,Y15-74,2026M4G1,2017-06-01,10.690619,,,,,,,,,,,,
IT1:151_874(1.0),M,IT,UNEM_R,N,9,Y15-74,2026M4G30,2017-06-01,10.690619,,,,,,,,,,,,
IT1:151_874(1.0),M,IT,UNEM_R,N,9,Y15-74,2022M11G3,2017-07-01,10.745257,,,,,,,,,,,,
IT1:151_874(1.0),M,IT,UNEM_R,N,9,Y15-74,2022M12G1,2017-07-01,10.745257,,,,,,,,,,,,
IT1:151_874(1.0),M,IT,UNEM_R,N,9,Y15-74,2022M2G1,2017-07-01,10.745257,,,,,,,,,,,,
IT1:151_874(1.0),M,IT,UNEM_R,N,9,Y15-74,2022M3G3,2017-07-01,10.745257,,,,,,,,,,,,
IT1:151_874(1.0),M,IT,UNEM_R,N,9,Y15-74,2022M3G31,2017-07-01,10.745257,,,,,,,,,,,,
IT1:151_874(1.0),M,IT,UNEM_R,N,9,Y15-74,2022M5G2,2017-07-01,10.745257,,,,,,,,,,,,
IT1:151_874(1.0),M,IT,UNEM_R,N,9,Y15-74,2022M6G1,2017-07-01,10.745257,,,,,,,,,,,,
IT1:151_874(1.0),M,IT,UNEM_R,N,9,Y15-74,2022M6G30,2017-07-01,10.745257,,,,,,,,,,,,
IT1:151_874(1.0),M,IT,UNEM_R,N,9,Y15-74,2022M8G1,2017-07-01,10.745257,,,,,,,,,,,,
IT1:151_874(1.0),M,IT,UNEM_R,N,9,Y15-74,2022M9G1,2017-07-01,10.745257,,,,,,,,,,,,
IT1:151_874(1.0),M,IT,UNEM_R,N,9,Y15-74,2022M9G30,2017-07-01,10.745257,,,,,,,,,,,,
IT1:151_874(1.0),M,IT,UNEM_R,N,9,Y15-74,2023M10G2,2017-07-01,10.745257,,,,,,,,,,,,
IT1:151_874(1.0),M,IT,UNEM_R,N,9,Y15-74,2023M11G3,2017-07-01,10.745257,,,,,,,,,,,,
IT1:151_874(1.0),M,IT,UNEM_R,N,9,Y15-74,2023M11G30,2017-07-01,10.745257,,,,,,,,,,,,
IT1:151_874(1.0),M,IT,UNEM_R,N,9,Y15-74,2023M1G31,2017-07-01,10.745257,,,,,,,,,,,,
IT1:151_874(1.0),M,IT,UNEM_R,N,9,Y15-74,2023M1G9,2017-07-01,10.745257,,,,,,,,,,,,
IT1:151_874(1.0),M,IT,UNEM_R,N,9,Y15-74,2023M3G2,2017-07-01,10.745257,,,,,,,,,,,,
IT1:151_874(1.0),M,IT,UNEM_R,N,9,Y15-74,2023M3G30,2017-07-01,10.745257,,,,,,,,,,,,
IT1:151_874(1.0),M,IT,UNEM_R,N,9,Y15-74,2023M5G3,2017-07-01,10.745257,,,,,,,,,,,,
IT1:151_874(1.0),M,IT,UNEM_R,N,9,Y15-74,2023M6G1,2017-07-01,10.745257,,,,,,,,,,,,
IT1:151_874(1.0),M,IT,UNEM_R,N,9,Y15-74,2023M6G30,2017-07-01,10.745257,,,,,,,,,,,,
IT1:151_874(1.0),M,IT,UNEM_R,N,9,Y15-74,2023M8G1,2017-07-01,10.745257,,,,,,,,,,,,
IT1:151_874(1.0),M,IT,UNEM_R,N,9,Y15-74,2023M8G31,2017-07-01,10.745257,,,,,,,,,,,,
IT1:151_874(1.0),M,IT,UNEM_R,N,9,Y15-74,2024M10G2,2017-07-01,10.745257,,,,,,,,,,,,
IT1:151_874(1.0),M,IT,UNEM_R,N,9,Y15-74,2024M10G31,2017-07-01,10.745257,,,,,,,,,,,,
IT1:151_874(1.0),M,IT,UNEM_R,N,9,Y15-74,2024M12G2,2017-07-01,10.745257,,,,,,,,,,,,
IT1:151_874(1.0),M,IT,UNEM_R,N,9,Y15-74,2024M1G31,2017-07-01,10.745257,,,,,,,,,,,,
IT1:151_874(1.0),M,IT,UNEM_R,N,9,Y15-74,2024M1G9,2017-07-01,10.745257,,,,,,,,,,,,
IT1:151_874(1.0),M,IT,UNEM_R,N,9,Y15-74,2024M3G1,2017-07-01,10.745257,,,,,,,,,,,,
IT1:151_874(1.0),M,IT,UNEM_R,N,9,Y15-74,2024M4G3,2017-07-01,10.745257,,,,,,,,,,,,
IT1:151_874(1.0),M,IT,UNEM_R,N,9,Y15-74,2024M5G3,2017-07-01,10.745257,,,,,,,,,,,,
IT1:151_874(1.0),M,IT,UNEM_R,N,9,Y15-74,2024M5G30,2017-07-01,10.745257,,,,,,,,,,,,
IT1:151_874(1.0),M,IT,UNEM_R,N,9,Y15-74,2024M7G2,2017-07-01,10.745257,,,,,,,,,,,,
IT1:151_874(1.0),M,IT,UNEM_R,N,9,Y15-74,2024M8G1,2017-07-01,10.745257,,,,,,,,,,,,
IT1:151_874(1.0),M,IT,UNEM_R,N,9,Y15-74,2024M8G30,2017-07-01,10.745257,,,,,,,,,,,,
IT1:151_874(1.0),M,IT,UNEM_R,N,9,Y15-74,2025M10G2,2017-07-01,10.745257,,,,,,,,,,,,
IT1:151_874(1.0),M,IT,UNEM_R,N,9,Y15-74,2025M10G30,2017-07-01,10.745257,,,,,,,,,,,,
IT1:151_874(1.0),M,IT,UNEM_R,N,9,Y15-74,2025M12G2,2017-07-01,10.745257,,,,,,,,,,,,
IT1:151_874(1.0),M,IT,UNEM_R,N,9,Y15-74,2025M1G30,2017-07-01,10.745257,,,,,,,,,,,,
IT1:151_874(1.0),M,IT,UNEM_R,N,9,Y15-74,2025M1G7,2017-07-01,10.745257,,,,,,,,,,,,
IT1:151_874(1.0),M,IT,UNEM_R,N,9,Y15-74,2025M3G4,2017-07-01,10.745257,,,,,,,,,,,,
IT1:151_874(1.0),M,IT,UNEM_R,N,9,Y15-74,2025M4G1,2017-07-01,10.745257,,,,,,,,,,,,
IT1:151_874(1.0),M,IT,UNEM_R,N,9,Y15-74,2025M5G2,2017-07-01,10.745257,,,,,,,,,,,,
IT1:151_874(1.0),M,IT,UNEM_R,N,9,Y15-74,2025M6G3,2017-07-01,10.745257,,,,,,,,,,,,
IT1:151_874(1.0),M,IT,UNEM_R,N,9,Y15-74,2025M7G2,2017-07-01,10.745257,,,,,,,,,,,,
IT1:151_874(1.0),M,IT,UNEM_R,N,9,Y15-74,2025M7G31,2017-07-01,10.745257,,,,,,,,,,,,
IT1:151_874(1.0),M,IT,UNEM_R,N,9,Y15-74,2025M9G1,2017-07-01,10.745257,,,,,,,,,,,,
IT1:151_874(1.0),M,IT,UNEM_R,N,9,Y15-74,2026M1G30,2017-07-01,10.745257,,,,,,,,,,,,
IT1:151_874(1.0),M,IT,UNEM_R,N,9,Y15-74,2026M1G8,2017-07-01,10.745257,,,,,,,,,,,,
IT1:151_874(1.0),M,IT,UNEM_R,N,9,Y15-74,2026M3G4,2017-07-01,10.745257,,,,,,,,,,,,
IT1:151_874(1.0),M,IT,UNEM_R,N,9,Y15-74,2026M4G1,2017-07-01,10.745257,,,,,,,,,,,,
IT1:151_874(1.0),M,IT,UNEM_R,N,9,Y15-74,2026M4G30,2017-07-01,10.745257,,,,,,,,,,,,
IT1:151_874(1.0),M,IT,UNEM_R,N,9,Y15-74,2022M11G3,2017-08-01,10.224743,,,,,,,,,,,,
IT1:151_874(1.0),M,IT,UNEM_R,N,9,Y15-74,2022M12G1,2017-08-01,10.224743,,,,,,,,,,,,
IT1:151_874(1.0),M,IT,UNEM_R,N,9,Y15-74,2022M2G1,2017-08-01,10.224743,,,,,,,,,,,,
IT1:151_874(1.0),M,IT,UNEM_R,N,9,Y15-74,2022M3G3,2017-08-01,10.224743,,,,,,,,,,,,
IT1:151_874(1.0),M,IT,UNEM_R,N,9,Y15-74,2022M3G31,2017-08-01,10.224743,,,,,,,,,,,,
IT1:151_874(1.0),M,IT,UNEM_R,N,9,Y15-74,2022M5G2,2017-08-01,10.224743,,,,,,,,,,,,
IT1:151_874(1.0),M,IT,UNEM_R,N,9,Y15-74,2022M6G1,2017-08-01,10.224743,,,,,,,,,,,,
IT1:151_874(1.0),M,IT,UNEM_R,N,9,Y15-74,2022M6G30,2017-08-01,10.224743,,,,,,,,,,,,
IT1:151_874(1.0),M,IT,UNEM_R,N,9,Y15-74,2022M8G1,2017-08-01,10.224743,,,,,,,,,,,,
IT1:151_874(1.0),M,IT,UNEM_R,N,9,Y15-74,2022M9G1,2017-08-01,10.224743,,,,,,,,,,,,
IT1:151_874(1.0),M,IT,UNEM_R,N,9,Y15-74,2022M9G30,2017-08-01,10.224743,,,,,,,,,,,,
IT1:151_874(1.0),M,IT,UNEM_R,N,9,Y15-74,2023M10G2,2017-08-01,10.224743,,,,,,,,,,,,
IT1:151_874(1.0),M,IT,UNEM_R,N,9,Y15-74,2023M11G3,2017-08-01,10.224743,,,,,,,,,,,,
IT1:151_874(1.0),M,IT,UNEM_R,N,9,Y15-74,2023M11G30,2017-08-01,10.224743,,,,,,,,,,,,
IT1:151_874(1.0),M,IT,UNEM_R,N,9,Y15-74,2023M1G31,2017-08-01,10.224743,,,,,,,,,,,,
IT1:151_874(1.0),M,IT,UNEM_R,N,9,Y15-74,2023M1G9,2017-08-01,10.224743,,,,,,,,,,,,
IT1:151_874(1.0),M,IT,UNEM_R,N,9,Y15-74,2023M3G2,2017-08-01,10.224743,,,,,,,,,,,,
IT1:151_874(1.0),M,IT,UNEM_R,N,9,Y15-74,2023M3G30,2017-08-01,10.224743,,,,,,,,,,,,
IT1:151_874(1.0),M,IT,UNEM_R,N,9,Y15-74,2023M5G3,2017-08-01,10.224743,,,,,,,,,,,,
IT1:151_874(1.0),M,IT,UNEM_R,N,9,Y15-74,2023M6G1,2017-08-01,10.224743,,,,,,,,,,,,
IT1:151_874(1.0),M,IT,UNEM_R,N,9,Y15-74,2023M6G30,2017-08-01,10.224743,,,,,,,,,,,,
IT1:151_874(1.0),M,IT,UNEM_R,N,9,Y15-74,2023M8G1,2017-08-01,10.224743,,,,,,,,,,,,
IT1:151_874(1.0),M,IT,UNEM_R,N,9,Y15-74,2023M8G31,2017-08-01,10.224743,,,,,,,,,,,,
IT1:151_874(1.0),M,IT,UNEM_R,N,9,Y15-74,2024M10G2,2017-08-01,10.224743,,,,,,,,,,,,
IT1:151_874(1.0),M,IT,UNEM_R,N,9,Y15-74,2024M10G31,2017-08-01,10.224743,,,,,,,,,,,,
IT1:151_874(1.0),M,IT,UNEM_R,N,9,Y15-74,2024M12G2,2017-08-01,10.224743,,,,,,,,,,,,
IT1:151_874(1.0),M,IT,UNEM_R,N,9,Y15-74,2024M1G31,2017-08-01,10.224743,,,,,,,,,,,,
IT1:151_874(1.0),M,IT,UNEM_R,N,9,Y15-74,2024M1G9,2017-08-01,10.224743,,,,,,,,,,,,
IT1:151_874(1.0),M,IT,UNEM_R,N,9,Y15-74,2024M3G1,2017-08-01,10.224743,,,,,,,,,,,,
IT1:151_874(1.0),M,IT,UNEM_R,N,9,Y15-74,2024M4G3,2017-08-01,10.224743,,,,,,,,,,,,
IT1:151_874(1.0),M,IT,UNEM_R,N,9,Y15-74,2024M5G3,2017-08-01,10.224743,,,,,,,,,,,,
IT1:151_874(1.0),M,IT,UNEM_R,N,9,Y15-74,2024M5G30,2017-08-01,10.224743,,,,,,,,,,,,
IT1:151_874(1.0),M,IT,UNEM_R,N,9,Y15-74,2024M7G2,2017-08-01,10.224743,,,,,,,,,,,,
IT1:151_874(1.0),M,IT,UNEM_R,N,9,Y15-74,2024M8G1,2017-08-01,10.224743,,,,,,,,,,,,
IT1:151_874(1.0),M,IT,UNEM_R,N,9,Y15-74,2024M8G30,2017-08-01,10.224743,,,,,,,,,,,,
IT1:151_874(1.0),M,IT,UNEM_R,N,9,Y15-74,2025M10G2,2017-08-01,10.224743,,,,,,,,,,,,
IT1:151_874(1.0),M,IT,UNEM_R,N,9,Y15-74,2025M10G30,2017-08-01,10.224743,,,,,,,,,,,,
IT1:151_874(1.0),M,IT,UNEM_R,N,9,Y15-74,2025M12G2,2017-08-01,10.224743,,,,,,,,,,,,
IT1:151_874(1.0),M,IT,UNEM_R,N,9,Y15-74,2025M1G30,2017-08-01,10.224743,,,,,,,,,,,,
IT1:151_874(1.0),M,IT,UNEM_R,N,9,Y15-74,2025M1G7,2017-08-01,10.224743,,,,,,,,,,,,
IT1:151_874(1.0),M,IT,UNEM_R,N,9,Y15-74,2025M3G4,2017-08-01,10.224743,,,,,,,,,,,,
IT1:151_874(1.0),M,IT,UNEM_R,N,9,Y15-74,2025M4G1,2017-08-01,10.224743,,,,,,,,,,,,
IT1:151_874(1.0),M,IT,UNEM_R,N,9,Y15-74,2025M5G2,2017-08-01,10.224743,,,,,,,,,,,,
IT1:151_874(1.0),M,IT,UNEM_R,N,9,Y15-74,2025M6G3,2017-08-01,10.224743,,,,,,,,,,,,
IT1:151_874(1.0),M,IT,UNEM_R,N,9,Y15-74,2025M7G2,2017-08-01,10.224743,,,,,,,,,,,,
IT1:151_874(1.0),M,IT,UNEM_R,N,9,Y15-74,2025M7G31,2017-08-01,10.224743,,,,,,,,,,,,
IT1:151_874(1.0),M,IT,UNEM_R,N,9,Y15-74,2025M9G1,2017-08-01,10.224743,,,,,,,,,,,,
IT1:151_874(1.0),M,IT,UNEM_R,N,9,Y15-74,2026M1G30,2017-08-01,10.224743,,,,,,,,,,,,
IT1:151_874(1.0),M,IT,UNEM_R,N,9,Y15-74,2026M1G8,2017-08-01,10.224743,,,,,,,,,,,,
IT1:151_874(1.0),M,IT,UNEM_R,N,9,Y15-74,2026M3G4,2017-08-01,10.224743,,,,,,,,,,,,
IT1:151_874(1.0),M,IT,UNEM_R,N,9,Y15-74,2026M4G1,2017-08-01,10.224743,,,,,,,,,,,,
IT1:151_874(1.0),M,IT,UNEM_R,N,9,Y15-74,2026M4G30,2017-08-01,10.224743,,,,,,,,,,,,
IT1:151_874(1.0),M,IT,UNEM_R,N,9,Y15-74,2022M11G3,2017-09-01,10.911957,,,,,,,,,,,,
IT1:151_874(1.0),M,IT,UNEM_R,N,9,Y15-74,2022M12G1,2017-09-01,10.911957,,,,,,,,,,,,
IT1:151_874(1.0),M,IT,UNEM_R,N,9,Y15-74,2022M2G1,2017-09-01,10.911957,,,,,,,,,,,,
IT1:151_874(1.0),M,IT,UNEM_R,N,9,Y15-74,2022M3G3,2017-09-01,10.911957,,,,,,,,,,,,
IT1:151_874(1.0),M,IT,UNEM_R,N,9,Y15-74,2022M3G31,2017-09-01,10.911957,,,,,,,,,,,,
IT1:151_874(1.0),M,IT,UNEM_R,N,9,Y15-74,2022M5G2,2017-09-01,10.911957,,,,,,,,,,,,
IT1:151_874(1.0),M,IT,UNEM_R,N,9,Y15-74,2022M6G1,2017-09-01,10.911957,,,,,,,,,,,,
IT1:151_874(1.0),M,IT,UNEM_R,N,9,Y15-74,2022M6G30,2017-09-01,10.911957,,,,,,,,,,,,
IT1:151_874(1.0),M,IT,UNEM_R,N,9,Y15-74,2022M8G1,2017-09-01,10.911957,,,,,,,,,,,,
IT1:151_874(1.0),M,IT,UNEM_R,N,9,Y15-74,2022M9G1,2017-09-01,10.911957,,,,,,,,,,,,
IT1:151_874(1.0),M,IT,UNEM_R,N,9,Y15-74,2022M9G30,2017-09-01,10.911957,,,,,,,,,,,,
IT1:151_874(1.0),M,IT,UNEM_R,N,9,Y15-74,2023M10G2,2017-09-01,10.911957,,,,,,,,,,,,
IT1:151_874(1.0),M,IT,UNEM_R,N,9,Y15-74,2023M11G3,2017-09-01,10.911957,,,,,,,,,,,,
IT1:151_874(1.0),M,IT,UNEM_R,N,9,Y15-74,2023M11G30,2017-09-01,10.911957,,,,,,,,,,,,
IT1:151_874(1.0),M,IT,UNEM_R,N,9,Y15-74,2023M1G31,2017-09-01,10.911957,,,,,,,,,,,,
IT1:151_874(1.0),M,IT,UNEM_R,N,9,Y15-74,2023M1G9,2017-09-01,10.911957,,,,,,,,,,,,
IT1:151_874(1.0),M,IT,UNEM_R,N,9,Y15-74,2023M3G2,2017-09-01,10.911957,,,,,,,,,,,,
IT1:151_874(1.0),M,IT,UNEM_R,N,9,Y15-74,2023M3G30,2017-09-01,10.911957,,,,,,,,,,,,
IT1:151_874(1.0),M,IT,UNEM_R,N,9,Y15-74,2023M5G3,2017-09-01,10.911957,,,,,,,,,,,,
IT1:151_874(1.0),M,IT,UNEM_R,N,9,Y15-74,2023M6G1,2017-09-01,10.911957,,,,,,,,,,,,
IT1:151_874(1.0),M,IT,UNEM_R,N,9,Y15-74,2023M6G30,2017-09-01,10.911957,,,,,,,,,,,,
IT1:151_874(1.0),M,IT,UNEM_R,N,9,Y15-74,2023M8G1,2017-09-01,10.911957,,,,,,,,,,,,
IT1:151_874(1.0),M,IT,UNEM_R,N,9,Y15-74,2023M8G31,2017-09-01,10.911957,,,,,,,,,,,,
IT1:151_874(1.0),M,IT,UNEM_R,N,9,Y15-74,2024M10G2,2017-09-01,10.911957,,,,,,,,,,,,
IT1:151_874(1.0),M,IT,UNEM_R,N,9,Y15-74,2024M10G31,2017-09-01,10.911957,,,,,,,,,,,,
IT1:151_874(1.0),M,IT,UNEM_R,N,9,Y15-74,2024M12G2,2017-09-01,10.911957,,,,,,,,,,,,
IT1:151_874(1.0),M,IT,UNEM_R,N,9,Y15-74,2024M1G31,2017-09-01,10.911957,,,,,,,,,,,,
IT1:151_874(1.0),M,IT,UNEM_R,N,9,Y15-74,2024M1G9,2017-09-01,10.911957,,,,,,,,,,,,
IT1:151_874(1.0),M,IT,UNEM_R,N,9,Y15-74,2024M3G1,2017-09-01,10.911957,,,,,,,,,,,,
IT1:151_874(1.0),M,IT,UNEM_R,N,9,Y15-74,2024M4G3,2017-09-01,10.911957,,,,,,,,,,,,
IT1:151_874(1.0),M,IT,UNEM_R,N,9,Y15-74,2024M5G3,2017-09-01,10.911957,,,,,,,,,,,,
IT1:151_874(1.0),M,IT,UNEM_R,N,9,Y15-74,2024M5G30,2017-09-01,10.911957,,,,,,,,,,,,
IT1:151_874(1.0),M,IT,UNEM_R,N,9,Y15-74,2024M7G2,2017-09-01,10.911957,,,,,,,,,,,,
IT1:151_874(1.0),M,IT,UNEM_R,N,9,Y15-74,2024M8G1,2017-09-01,10.911957,,,,,,,,,,,,
IT1:151_874(1.0),M,IT,UNEM_R,N,9,Y15-74,2024M8G30,2017-09-01,10.911957,,,,,,,,,,,,
IT1:151_874(1.0),M,IT,UNEM_R,N,9,Y15-74,2025M10G2,2017-09-01,10.911957,,,,,,,,,,,,
IT1:151_874(1.0),M,IT,UNEM_R,N,9,Y15-74,2025M10G30,2017-09-01,10.911957,,,,,,,,,,,,
IT1:151_874(1.0),M,IT,UNEM_R,N,9,Y15-74,2025M12G2,2017-09-01,10.911957,,,,,,,,,,,,
IT1:151_874(1.0),M,IT,UNEM_R,N,9,Y15-74,2025M1G30,2017-09-01,10.911957,,,,,,,,,,,,
IT1:151_874(1.0),M,IT,UNEM_R,N,9,Y15-74,2025M1G7,2017-09-01,10.911957,,,,,,,,,,,,
IT1:151_874(1.0),M,IT,UNEM_R,N,9,Y15-74,2025M3G4,2017-09-01,10.911957,,,,,,,,,,,,
IT1:151_874(1.0),M,IT,UNEM_R,N,9,Y15-74,2025M4G1,2017-09-01,10.911957,,,,,,,,,,,,
IT1:151_874(1.0),M,IT,UNEM_R,N,9,Y15-74,2025M5G2,2017-09-01,10.911957,,,,,,,,,,,,
IT1:151_874(1.0),M,IT,UNEM_R,N,9,Y15-74,2025M6G3,2017-09-01,10.911957,,,,,,,,,,,,
IT1:151_874(1.0),M,IT,UNEM_R,N,9,Y15-74,2025M7G2,2017-09-01,10.911957,,,,,,,,,,,,
IT1:151_874(1.0),M,IT,UNEM_R,N,9,Y15-74,2025M7G31,2017-09-01,10.911957,,,,,,,,,,,,
IT1:151_874(1.0),M,IT,UNEM_R,N,9,Y15-74,2025M9G1,2017-09-01,10.911957,,,,,,,,,,,,
IT1:151_874(1.0),M,IT,UNEM_R,N,9,Y15-74,2026M1G30,2017-09-01,10.911957,,,,,,,,,,,,
IT1:151_874(1.0),M,IT,UNEM_R,N,9,Y15-74,2026M1G8,2017-09-01,10.911957,,,,,,,,,,,,
IT1:151_874(1.0),M,IT,UNEM_R,N,9,Y15-74,2026M3G4,2017-09-01,10.911957,,,,,,,,,,,,
IT1:151_874(1.0),M,IT,UNEM_R,N,9,Y15-74,2026M4G1,2017-09-01,10.911957,,,,,,,,,,,,
IT1:151_874(1.0),M,IT,UNEM_R,N,9,Y15-74,2026M4G30,2017-09-01,10.911957,,,,,,,,,,,,
IT1:151_874(1.0),M,IT,UNEM_R,N,9,Y15-74,2022M11G3,2017-10-01,11.347488,,,,,,,,,,,,
IT1:151_874(1.0),M,IT,UNEM_R,N,9,Y15-74,2022M12G1,2017-10-01,11.347488,,,,,,,,,,,,
IT1:151_874(1.0),M,IT,UNEM_R,N,9,Y15-74,2022M2G1,2017-10-01,11.347488,,,,,,,,,,,,
IT1:151_874(1.0),M,IT,UNEM_R,N,9,Y15-74,2022M3G3,2017-10-01,11.347488,,,,,,,,,,,,
IT1:151_874(1.0),M,IT,UNEM_R,N,9,Y15-74,2022M3G31,2017-10-01,11.347488,,,,,,,,,,,,
IT1:151_874(1.0),M,IT,UNEM_R,N,9,Y15-74,2022M5G2,2017-10-01,11.347488,,,,,,,,,,,,
IT1:151_874(1.0),M,IT,UNEM_R,N,9,Y15-74,2022M6G1,2017-10-01,11.347488,,,,,,,,,,,,
IT1:151_874(1.0),M,IT,UNEM_R,N,9,Y15-74,2022M6G30,2017-10-01,11.347488,,,,,,,,,,,,
IT1:151_874(1.0),M,IT,UNEM_R,N,9,Y15-74,2022M8G1,2017-10-01,11.347488,,,,,,,,,,,,
IT1:151_874(1.0),M,IT,UNEM_R,N,9,Y15-74,2022M9G1,2017-10-01,11.347488,,,,,,,,,,,,
IT1:151_874(1.0),M,IT,UNEM_R,N,9,Y15-74,2022M9G30,2017-10-01,11.347488,,,,,,,,,,,,
IT1:151_874(1.0),M,IT,UNEM_R,N,9,Y15-74,2023M10G2,2017-10-01,11.347488,,,,,,,,,,,,
IT1:151_874(1.0),M,IT,UNEM_R,N,9,Y15-74,2023M11G3,2017-10-01,11.347488,,,,,,,,,,,,
IT1:151_874(1.0),M,IT,UNEM_R,N,9,Y15-74,2023M11G30,2017-10-01,11.347488,,,,,,,,,,,,
IT1:151_874(1.0),M,IT,UNEM_R,N,9,Y15-74,2023M1G31,2017-10-01,11.347488,,,,,,,,,,,,
IT1:151_874(1.0),M,IT,UNEM_R,N,9,Y15-74,2023M1G9,2017-10-01,11.347488,,,,,,,,,,,,
IT1:151_874(1.0),M,IT,UNEM_R,N,9,Y15-74,2023M3G2,2017-10-01,11.347488,,,,,,,,,,,,
IT1:151_874(1.0),M,IT,UNEM_R,N,9,Y15-74,2023M3G30,2017-10-01,11.347488,,,,,,,,,,,,
IT1:151_874(1.0),M,IT,UNEM_R,N,9,Y15-74,2023M5G3,2017-10-01,11.347488,,,,,,,,,,,,
IT1:151_874(1.0),M,IT,UNEM_R,N,9,Y15-74,2023M6G1,2017-10-01,11.347488,,,,,,,,,,,,
IT1:151_874(1.0),M,IT,UNEM_R,N,9,Y15-74,2023M6G30,2017-10-01,11.347488,,,,,,,,,,,,
IT1:151_874(1.0),M,IT,UNEM_R,N,9,Y15-74,2023M8G1,2017-10-01,11.347488,,,,,,,,,,,,
IT1:151_874(1.0),M,IT,UNEM_R,N,9,Y15-74,2023M8G31,2017-10-01,11.347488,,,,,,,,,,,,
IT1:151_874(1.0),M,IT,UNEM_R,N,9,Y15-74,2024M10G2,2017-10-01,11.347488,,,,,,,,,,,,
IT1:151_874(1.0),M,IT,UNEM_R,N,9,Y15-74,2024M10G31,2017-10-01,11.347488,,,,,,,,,,,,
IT1:151_874(1.0),M,IT,UNEM_R,N,9,Y15-74,2024M12G2,2017-10-01,11.347488,,,,,,,,,,,,
IT1:151_874(1.0),M,IT,UNEM_R,N,9,Y15-74,2024M1G31,2017-10-01,11.347488,,,,,,,,,,,,
IT1:151_874(1.0),M,IT,UNEM_R,N,9,Y15-74,2024M1G9,2017-10-01,11.347488,,,,,,,,,,,,
IT1:151_874(1.0),M,IT,UNEM_R,N,9,Y15-74,2024M3G1,2017-10-01,11.347488,,,,,,,,,,,,
IT1:151_874(1.0),M,IT,UNEM_R,N,9,Y15-74,2024M4G3,2017-10-01,11.347488,,,,,,,,,,,,
IT1:151_874(1.0),M,IT,UNEM_R,N,9,Y15-74,2024M5G3,2017-10-01,11.347488,,,,,,,,,,,,
IT1:151_874(1.0),M,IT,UNEM_R,N,9,Y15-74,2024M5G30,2017-10-01,11.347488,,,,,,,,,,,,
IT1:151_874(1.0),M,IT,UNEM_R,N,9,Y15-74,2024M7G2,2017-10-01,11.347488,,,,,,,,,,,,
IT1:151_874(1.0),M,IT,UNEM_R,N,9,Y15-74,2024M8G1,2017-10-01,11.347488,,,,,,,,,,,,
IT1:151_874(1.0),M,IT,UNEM_R,N,9,Y15-74,2024M8G30,2017-10-01,11.347488,,,,,,,,,,,,
IT1:151_874(1.0),M,IT,UNEM_R,N,9,Y15-74,2025M10G2,2017-10-01,11.347488,,,,,,,,,,,,
IT1:151_874(1.0),M,IT,UNEM_R,N,9,Y15-74,2025M10G30,2017-10-01,11.347488,,,,,,,,,,,,
IT1:151_874(1.0),M,IT,UNEM_R,N,9,Y15-74,2025M12G2,2017-10-01,11.347488,,,,,,,,,,,,
IT1:151_874(1.0),M,IT,UNEM_R,N,9,Y15-74,2025M1G30,2017-10-01,11.347488,,,,,,,,,,,,
IT1:151_874(1.0),M,IT,UNEM_R,N,9,Y15-74,2025M1G7,2017-10-01,11.347488,,,,,,,,,,,,
IT1:151_874(1.0),M,IT,UNEM_R,N,9,Y15-74,2025M3G4,2017-10-01,11.347488,,,,,,,,,,,,
IT1:151_874(1.0),M,IT,UNEM_R,N,9,Y15-74,2025M4G1,2017-10-01,11.347488,,,,,,,,,,,,
IT1:151_874(1.0),M,IT,UNEM_R,N,9,Y15-74,2025M5G2,2017-10-01,11.347488,,,,,,,,,,,,
IT1:151_874(1.0),M,IT,UNEM_R,N,9,Y15-74,2025M6G3,2017-10-01,11.347488,,,,,,,,,,,,
IT1:151_874(1.0),M,IT,UNEM_R,N,9,Y15-74,2025M7G2,2017-10-01,11.347488,,,,,,,,,,,,
IT1:151_874(1.0),M,IT,UNEM_R,N,9,Y15-74,2025M7G31,2017-10-01,11.347488,,,,,,,,,,,,
IT1:151_874(1.0),M,IT,UNEM_R,N,9,Y15-74,2025M9G1,2017-10-01,11.347488,,,,,,,,,,,,
IT1:151_874(1.0),M,IT,UNEM_R,N,9,Y15-74,2026M1G30,2017-10-01,11.347488,,,,,,,,,,,,
IT1:151_874(1.0),M,IT,UNEM_R,N,9,Y15-74,2026M1G8,2017-10-01,11.347488,,,,,,,,,,,,
IT1:151_874(1.0),M,IT,UNEM_R,N,9,Y15-74,2026M3G4,2017-10-01,11.347488,,,,,,,,,,,,
IT1:151_874(1.0),M,IT,UNEM_R,N,9,Y15-74,2026M4G1,2017-10-01,11.347488,,,,,,,,,,,,
IT1:151_874(1.0),M,IT,UNEM_R,N,9,Y15-74,2026M4G30,2017-10-01,11.347488,,,,,,,,,,,,
IT1:151_874(1.0),M,IT,UNEM_R,N,9,Y15-74,2022M11G3,2017-11-01,11.47229,,,,,,,,,,,,
IT1:151_874(1.0),M,IT,UNEM_R,N,9,Y15-74,2022M12G1,2017-11-01,11.47229,,,,,,,,,,,,
IT1:151_874(1.0),M,IT,UNEM_R,N,9,Y15-74,2022M2G1,2017-11-01,11.47229,,,,,,,,,,,,
IT1:151_874(1.0),M,IT,UNEM_R,N,9,Y15-74,2022M3G3,2017-11-01,11.47229,,,,,,,,,,,,
IT1:151_874(1.0),M,IT,UNEM_R,N,9,Y15-74,2022M3G31,2017-11-01,11.47229,,,,,,,,,,,,
IT1:151_874(1.0),M,IT,UNEM_R,N,9,Y15-74,2022M5G2,2017-11-01,11.47229,,,,,,,,,,,,
IT1:151_874(1.0),M,IT,UNEM_R,N,9,Y15-74,2022M6G1,2017-11-01,11.47229,,,,,,,,,,,,
IT1:151_874(1.0),M,IT,UNEM_R,N,9,Y15-74,2022M6G30,2017-11-01,11.47229,,,,,,,,,,,,
IT1:151_874(1.0),M,IT,UNEM_R,N,9,Y15-74,2022M8G1,2017-11-01,11.47229,,,,,,,,,,,,
IT1:151_874(1.0),M,IT,UNEM_R,N,9,Y15-74,2022M9G1,2017-11-01,11.47229,,,,,,,,,,,,
IT1:151_874(1.0),M,IT,UNEM_R,N,9,Y15-74,2022M9G30,2017-11-01,11.47229,,,,,,,,,,,,
IT1:151_874(1.0),M,IT,UNEM_R,N,9,Y15-74,2023M10G2,2017-11-01,11.47229,,,,,,,,,,,,
IT1:151_874(1.0),M,IT,UNEM_R,N,9,Y15-74,2023M11G3,2017-11-01,11.47229,,,,,,,,,,,,
IT1:151_874(1.0),M,IT,UNEM_R,N,9,Y15-74,2023M11G30,2017-11-01,11.47229,,,,,,,,,,,,
IT1:151_874(1.0),M,IT,UNEM_R,N,9,Y15-74,2023M1G31,2017-11-01,11.47229,,,,,,,,,,,,
IT1:151_874(1.0),M,IT,UNEM_R,N,9,Y15-74,2023M1G9,2017-11-01,11.47229,,,,,,,,,,,,
IT1:151_874(1.0),M,IT,UNEM_R,N,9,Y15-74,2023M3G2,2017-11-01,11.47229,,,,,,,,,,,,
IT1:151_874(1.0),M,IT,UNEM_R,N,9,Y15-74,2023M3G30,2017-11-01,11.47229,,,,,,,,,,,,
IT1:151_874(1.0),M,IT,UNEM_R,N,9,Y15-74,2023M5G3,2017-11-01,11.47229,,,,,,,,,,,,
IT1:151_874(1.0),M,IT,UNEM_R,N,9,Y15-74,2023M6G1,2017-11-01,11.47229,,,,,,,,,,,,
IT1:151_874(1.0),M,IT,UNEM_R,N,9,Y15-74,2023M6G30,2017-11-01,11.47229,,,,,,,,,,,,
IT1:151_874(1.0),M,IT,UNEM_R,N,9,Y15-74,2023M8G1,2017-11-01,11.47229,,,,,,,,,,,,
IT1:151_874(1.0),M,IT,UNEM_R,N,9,Y15-74,2023M8G31,2017-11-01,11.47229,,,,,,,,,,,,
IT1:151_874(1.0),M,IT,UNEM_R,N,9,Y15-74,2024M10G2,2017-11-01,11.47229,,,,,,,,,,,,
IT1:151_874(1.0),M,IT,UNEM_R,N,9,Y15-74,2024M10G31,2017-11-01,11.47229,,,,,,,,,,,,
IT1:151_874(1.0),M,IT,UNEM_R,N,9,Y15-74,2024M12G2,2017-11-01,11.47229,,,,,,,,,,,,
IT1:151_874(1.0),M,IT,UNEM_R,N,9,Y15-74,2024M1G31,2017-11-01,11.47229,,,,,,,,,,,,
IT1:151_874(1.0),M,IT,UNEM_R,N,9,Y15-74,2024M1G9,2017-11-01,11.47229,,,,,,,,,,,,
IT1:151_874(1.0),M,IT,UNEM_R,N,9,Y15-74,2024M3G1,2017-11-01,11.47229,,,,,,,,,,,,
IT1:151_874(1.0),M,IT,UNEM_R,N,9,Y15-74,2024M4G3,2017-11-01,11.47229,,,,,,,,,,,,
IT1:151_874(1.0),M,IT,UNEM_R,N,9,Y15-74,2024M5G3,2017-11-01,11.47229,,,,,,,,,,,,
IT1:151_874(1.0),M,IT,UNEM_R,N,9,Y15-74,2024M5G30,2017-11-01,11.47229,,,,,,,,,,,,
IT1:151_874(1.0),M,IT,UNEM_R,N,9,Y15-74,2024M7G2,2017-11-01,11.47229,,,,,,,,,,,,
IT1:151_874(1.0),M,IT,UNEM_R,N,9,Y15-74,2024M8G1,2017-11-01,11.47229,,,,,,,,,,,,
IT1:151_874(1.0),M,IT,UNEM_R,N,9,Y15-74,2024M8G30,2017-11-01,11.47229,,,,,,,,,,,,
IT1:151_874(1.0),M,IT,UNEM_R,N,9,Y15-74,2025M10G2,2017-11-01,11.47229,,,,,,,,,,,,
IT1:151_874(1.0),M,IT,UNEM_R,N,9,Y15-74,2025M10G30,2017-11-01,11.47229,,,,,,,,,,,,
IT1:151_874(1.0),M,IT,UNEM_R,N,9,Y15-74,2025M12G2,2017-11-01,11.47229,,,,,,,,,,,,
IT1:151_874(1.0),M,IT,UNEM_R,N,9,Y15-74,2025M1G30,2017-11-01,11.47229,,,,,,,,,,,,
IT1:151_874(1.0),M,IT,UNEM_R,N,9,Y15-74,2025M1G7,2017-11-01,11.47229,,,,,,,,,,,,
IT1:151_874(1.0),M,IT,UNEM_R,N,9,Y15-74,2025M3G4,2017-11-01,11.47229,,,,,,,,,,,,
IT1:151_874(1.0),M,IT,UNEM_R,N,9,Y15-74,2025M4G1,2017-11-01,11.47229,,,,,,,,,,,,
IT1:151_874(1.0),M,IT,UNEM_R,N,9,Y15-74,2025M5G2,2017-11-01,11.47229,,,,,,,,,,,,
IT1:151_874(1.0),M,IT,UNEM_R,N,9,Y15-74,2025M6G3,2017-11-01,11.47229,,,,,,,,,,,,
IT1:151_874(1.0),M,IT,UNEM_R,N,9,Y15-74,2025M7G2,2017-11-01,11.47229,,,,,,,,,,,,
IT1:151_874(1.0),M,IT,UNEM_R,N,9,Y15-74,2025M7G31,2017-11-01,11.47229,,,,,,,,,,,,
IT1:151_874(1.0),M,IT,UNEM_R,N,9,Y15-74,2025M9G1,2017-11-01,11.47229,,,,,,,,,,,,
IT1:151_874(1.0),M,IT,UNEM_R,N,9,Y15-74,2026M1G30,2017-11-01,11.47229,,,,,,,,,,,,
IT1:151_874(1.0),M,IT,UNEM_R,N,9,Y15-74,2026M1G8,2017-11-01,11.47229,,,,,,,,,,,,
IT1:151_874(1.0),M,IT,UNEM_R,N,9,Y15-74,2026M3G4,2017-11-01,11.47229,,,,,,,,,,,,
IT1:151_874(1.0),M,IT,UNEM_R,N,9,Y15-74,2026M4G1,2017-11-01,11.47229,,,,,,,,,,,,
IT1:151_874(1.0),M,IT,UNEM_R,N,9,Y15-74,2026M4G30,2017-11-01,11.47229,,,,,,,,,,,,
IT1:151_874(1.0),M,IT,UNEM_R,N,9,Y15-74,2022M11G3,2017-12-01,10.81399,,,,,,,,,,,,
IT1:151_874(1.0),M,IT,UNEM_R,N,9,Y15-74,2022M12G1,2017-12-01,10.81399,,,,,,,,,,,,
IT1:151_874(1.0),M,IT,UNEM_R,N,9,Y15-74,2022M2G1,2017-12-01,10.81399,,,,,,,,,,,,
IT1:151_874(1.0),M,IT,UNEM_R,N,9,Y15-74,2022M3G3,2017-12-01,10.81399,,,,,,,,,,,,
IT1:151_874(1.0),M,IT,UNEM_R,N,9,Y15-74,2022M3G31,2017-12-01,10.81399,,,,,,,,,,,,
IT1:151_874(1.0),M,IT,UNEM_R,N,9,Y15-74,2022M5G2,2017-12-01,10.81399,,,,,,,,,,,,
IT1:151_874(1.0),M,IT,UNEM_R,N,9,Y15-74,2022M6G1,2017-12-01,10.81399,,,,,,,,,,,,
IT1:151_874(1.0),M,IT,UNEM_R,N,9,Y15-74,2022M6G30,2017-12-01,10.81399,,,,,,,,,,,,
IT1:151_874(1.0),M,IT,UNEM_R,N,9,Y15-74,2022M8G1,2017-12-01,10.81399,,,,,,,,,,,,
IT1:151_874(1.0),M,IT,UNEM_R,N,9,Y15-74,2022M9G1,2017-12-01,10.81399,,,,,,,,,,,,
IT1:151_874(1.0),M,IT,UNEM_R,N,9,Y15-74,2022M9G30,2017-12-01,10.81399,,,,,,,,,,,,
IT1:151_874(1.0),M,IT,UNEM_R,N,9,Y15-74,2023M10G2,2017-12-01,10.81399,,,,,,,,,,,,
IT1:151_874(1.0),M,IT,UNEM_R,N,9,Y15-74,2023M11G3,2017-12-01,10.81399,,,,,,,,,,,,
IT1:151_874(1.0),M,IT,UNEM_R,N,9,Y15-74,2023M11G30,2017-12-01,10.81399,,,,,,,,,,,,
IT1:151_874(1.0),M,IT,UNEM_R,N,9,Y15-74,2023M1G31,2017-12-01,10.81399,,,,,,,,,,,,
IT1:151_874(1.0),M,IT,UNEM_R,N,9,Y15-74,2023M1G9,2017-12-01,10.81399,,,,,,,,,,,,
IT1:151_874(1.0),M,IT,UNEM_R,N,9,Y15-74,2023M3G2,2017-12-01,10.81399,,,,,,,,,,,,
IT1:151_874(1.0),M,IT,UNEM_R,N,9,Y15-74,2023M3G30,2017-12-01,10.81399,,,,,,,,,,,,
IT1:151_874(1.0),M,IT,UNEM_R,N,9,Y15-74,2023M5G3,2017-12-01,10.81399,,,,,,,,,,,,
IT1:151_874(1.0),M,IT,UNEM_R,N,9,Y15-74,2023M6G1,2017-12-01,10.81399,,,,,,,,,,,,
IT1:151_874(1.0),M,IT,UNEM_R,N,9,Y15-74,2023M6G30,2017-12-01,10.81399,,,,,,,,,,,,
IT1:151_874(1.0),M,IT,UNEM_R,N,9,Y15-74,2023M8G1,2017-12-01,10.81399,,,,,,,,,,,,
IT1:151_874(1.0),M,IT,UNEM_R,N,9,Y15-74,2023M8G31,2017-12-01,10.81399,,,,,,,,,,,,
IT1:151_874(1.0),M,IT,UNEM_R,N,9,Y15-74,2024M10G2,2017-12-01,10.81399,,,,,,,,,,,,
IT1:151_874(1.0),M,IT,UNEM_R,N,9,Y15-74,2024M10G31,2017-12-01,10.81399,,,,,,,,,,,,
IT1:151_874(1.0),M,IT,UNEM_R,N,9,Y15-74,2024M12G2,2017-12-01,10.81399,,,,,,,,,,,,
IT1:151_874(1.0),M,IT,UNEM_R,N,9,Y15-74,2024M1G31,2017-12-01,10.81399,,,,,,,,,,,,
IT1:151_874(1.0),M,IT,UNEM_R,N,9,Y15-74,2024M1G9,2017-12-01,10.81399,,,,,,,,,,,,
IT1:151_874(1.0),M,IT,UNEM_R,N,9,Y15-74,2024M3G1,2017-12-01,10.81399,,,,,,,,,,,,
IT1:151_874(1.0),M,IT,UNEM_R,N,9,Y15-74,2024M4G3,2017-12-01,10.81399,,,,,,,,,,,,
IT1:151_874(1.0),M,IT,UNEM_R,N,9,Y15-74,2024M5G3,2017-12-01,10.81399,,,,,,,,,,,,
IT1:151_874(1.0),M,IT,UNEM_R,N,9,Y15-74,2024M5G30,2017-12-01,10.81399,,,,,,,,,,,,
IT1:151_874(1.0),M,IT,UNEM_R,N,9,Y15-74,2024M7G2,2017-12-01,10.81399,,,,,,,,,,,,
IT1:151_874(1.0),M,IT,UNEM_R,N,9,Y15-74,2024M8G1,2017-12-01,10.81399,,,,,,,,,,,,
IT1:151_874(1.0),M,IT,UNEM_R,N,9,Y15-74,2024M8G30,2017-12-01,10.81399,,,,,,,,,,,,
IT1:151_874(1.0),M,IT,UNEM_R,N,9,Y15-74,2025M10G2,2017-12-01,10.81399,,,,,,,,,,,,
IT1:151_874(1.0),M,IT,UNEM_R,N,9,Y15-74,2025M10G30,2017-12-01,10.81399,,,,,,,,,,,,
IT1:151_874(1.0),M,IT,UNEM_R,N,9,Y15-74,2025M12G2,2017-12-01,10.81399,,,,,,,,,,,,
IT1:151_874(1.0),M,IT,UNEM_R,N,9,Y15-74,2025M1G30,2017-12-01,10.81399,,,,,,,,,,,,
IT1:151_874(1.0),M,IT,UNEM_R,N,9,Y15-74,2025M1G7,2017-12-01,10.81399,,,,,,,,,,,,
IT1:151_874(1.0),M,IT,UNEM_R,N,9,Y15-74,2025M3G4,2017-12-01,10.81399,,,,,,,,,,,,
IT1:151_874(1.0),M,IT,UNEM_R,N,9,Y15-74,2025M4G1,2017-12-01,10.81399,,,,,,,,,,,,
IT1:151_874(1.0),M,IT,UNEM_R,N,9,Y15-74,2025M5G2,2017-12-01,10.81399,,,,,,,,,,,,
IT1:151_874(1.0),M,IT,UNEM_R,N,9,Y15-74,2025M6G3,2017-12-01,10.81399,,,,,,,,,,,,
IT1:151_874(1.0),M,IT,UNEM_R,N,9,Y15-74,2025M7G2,2017-12-01,10.81399,,,,,,,,,,,,
IT1:151_874(1.0),M,IT,UNEM_R,N,9,Y15-74,2025M7G31,2017-12-01,10.81399,,,,,,,,,,,,
IT1:151_874(1.0),M,IT,UNEM_R,N,9,Y15-74,2025M9G1,2017-12-01,10.81399,,,,,,,,,,,,
IT1:151_874(1.0),M,IT,UNEM_R,N,9,Y15-74,2026M1G30,2017-12-01,10.81399,,,,,,,,,,,,
IT1:151_874(1.0),M,IT,UNEM_R,N,9,Y15-74,2026M1G8,2017-12-01,10.81399,,,,,,,,,,,,
IT1:151_874(1.0),M,IT,UNEM_R,N,9,Y15-74,2026M3G4,2017-12-01,10.81399,,,,,,,,,,,,
IT1:151_874(1.0),M,IT,UNEM_R,N,9,Y15-74,2026M4G1,2017-12-01,10.81399,,,,,,,,,,,,
IT1:151_874(1.0),M,IT,UNEM_R,N,9,Y15-74,2026M4G30,2017-12-01,10.81399,,,,,,,,,,,,
IT1:151_874(1.0),M,IT,UNEM_R,N,9,Y15-74,2022M11G3,2018-01-01,11.874967,,,,,,,,,,,,
IT1:151_874(1.0),M,IT,UNEM_R,N,9,Y15-74,2022M12G1,2018-01-01,11.874967,,,,,,,,,,,,
IT1:151_874(1.0),M,IT,UNEM_R,N,9,Y15-74,2022M2G1,2018-01-01,11.874967,,,,,,,,,,,,
IT1:151_874(1.0),M,IT,UNEM_R,N,9,Y15-74,2022M3G3,2018-01-01,11.874967,,,,,,,,,,,,
IT1:151_874(1.0),M,IT,UNEM_R,N,9,Y15-74,2022M3G31,2018-01-01,11.874967,,,,,,,,,,,,
IT1:151_874(1.0),M,IT,UNEM_R,N,9,Y15-74,2022M5G2,2018-01-01,11.874967,,,,,,,,,,,,
IT1:151_874(1.0),M,IT,UNEM_R,N,9,Y15-74,2022M6G1,2018-01-01,11.874967,,,,,,,,,,,,
IT1:151_874(1.0),M,IT,UNEM_R,N,9,Y15-74,2022M6G30,2018-01-01,11.874967,,,,,,,,,,,,
IT1:151_874(1.0),M,IT,UNEM_R,N,9,Y15-74,2022M8G1,2018-01-01,11.874967,,,,,,,,,,,,
IT1:151_874(1.0),M,IT,UNEM_R,N,9,Y15-74,2022M9G1,2018-01-01,11.874967,,,,,,,,,,,,
IT1:151_874(1.0),M,IT,UNEM_R,N,9,Y15-74,2022M9G30,2018-01-01,11.874967,,,,,,,,,,,,
IT1:151_874(1.0),M,IT,UNEM_R,N,9,Y15-74,2023M10G2,2018-01-01,11.874967,,,,,,,,,,,,
IT1:151_874(1.0),M,IT,UNEM_R,N,9,Y15-74,2023M11G3,2018-01-01,11.874967,,,,,,,,,,,,
IT1:151_874(1.0),M,IT,UNEM_R,N,9,Y15-74,2023M11G30,2018-01-01,11.874967,,,,,,,,,,,,
IT1:151_874(1.0),M,IT,UNEM_R,N,9,Y15-74,2023M1G31,2018-01-01,11.874967,,,,,,,,,,,,
IT1:151_874(1.0),M,IT,UNEM_R,N,9,Y15-74,2023M1G9,2018-01-01,11.874967,,,,,,,,,,,,
IT1:151_874(1.0),M,IT,UNEM_R,N,9,Y15-74,2023M3G2,2018-01-01,11.874967,,,,,,,,,,,,
IT1:151_874(1.0),M,IT,UNEM_R,N,9,Y15-74,2023M3G30,2018-01-01,11.874967,,,,,,,,,,,,
IT1:151_874(1.0),M,IT,UNEM_R,N,9,Y15-74,2023M5G3,2018-01-01,11.874967,,,,,,,,,,,,
IT1:151_874(1.0),M,IT,UNEM_R,N,9,Y15-74,2023M6G1,2018-01-01,11.874967,,,,,,,,,,,,
IT1:151_874(1.0),M,IT,UNEM_R,N,9,Y15-74,2023M6G30,2018-01-01,11.874967,,,,,,,,,,,,
IT1:151_874(1.0),M,IT,UNEM_R,N,9,Y15-74,2023M8G1,2018-01-01,11.874967,,,,,,,,,,,,
IT1:151_874(1.0),M,IT,UNEM_R,N,9,Y15-74,2023M8G31,2018-01-01,11.874967,,,,,,,,,,,,
IT1:151_874(1.0),M,IT,UNEM_R,N,9,Y15-74,2024M10G2,2018-01-01,11.874967,,,,,,,,,,,,
IT1:151_874(1.0),M,IT,UNEM_R,N,9,Y15-74,2024M10G31,2018-01-01,11.874967,,,,,,,,,,,,
IT1:151_874(1.0),M,IT,UNEM_R,N,9,Y15-74,2024M12G2,2018-01-01,11.874967,,,,,,,,,,,,
IT1:151_874(1.0),M,IT,UNEM_R,N,9,Y15-74,2024M1G31,2018-01-01,11.874967,,,,,,,,,,,,
IT1:151_874(1.0),M,IT,UNEM_R,N,9,Y15-74,2024M1G9,2018-01-01,11.874967,,,,,,,,,,,,
IT1:151_874(1.0),M,IT,UNEM_R,N,9,Y15-74,2024M3G1,2018-01-01,11.874967,,,,,,,,,,,,
IT1:151_874(1.0),M,IT,UNEM_R,N,9,Y15-74,2024M4G3,2018-01-01,11.874967,,,,,,,,,,,,
IT1:151_874(1.0),M,IT,UNEM_R,N,9,Y15-74,2024M5G3,2018-01-01,11.874967,,,,,,,,,,,,
IT1:151_874(1.0),M,IT,UNEM_R,N,9,Y15-74,2024M5G30,2018-01-01,11.874967,,,,,,,,,,,,
IT1:151_874(1.0),M,IT,UNEM_R,N,9,Y15-74,2024M7G2,2018-01-01,11.874967,,,,,,,,,,,,
IT1:151_874(1.0),M,IT,UNEM_R,N,9,Y15-74,2024M8G1,2018-01-01,11.874967,,,,,,,,,,,,
IT1:151_874(1.0),M,IT,UNEM_R,N,9,Y15-74,2024M8G30,2018-01-01,11.874967,,,,,,,,,,,,
IT1:151_874(1.0),M,IT,UNEM_R,N,9,Y15-74,2025M10G2,2018-01-01,11.874967,,,,,,,,,,,,
IT1:151_874(1.0),M,IT,UNEM_R,N,9,Y15-74,2025M10G30,2018-01-01,11.874967,,,,,,,,,,,,
IT1:151_874(1.0),M,IT,UNEM_R,N,9,Y15-74,2025M12G2,2018-01-01,11.874967,,,,,,,,,,,,
IT1:151_874(1.0),M,IT,UNEM_R,N,9,Y15-74,2025M1G30,2018-01-01,11.874967,,,,,,,,,,,,
IT1:151_874(1.0),M,IT,UNEM_R,N,9,Y15-74,2025M1G7,2018-01-01,11.874967,,,,,,,,,,,,
IT1:151_874(1.0),M,IT,UNEM_R,N,9,Y15-74,2025M3G4,2018-01-01,11.874967,,,,,,,,,,,,
IT1:151_874(1.0),M,IT,UNEM_R,N,9,Y15-74,2025M4G1,2018-01-01,11.874967,,,,,,,,,,,,
IT1:151_874(1.0),M,IT,UNEM_R,N,9,Y15-74,2025M5G2,2018-01-01,11.874967,,,,,,,,,,,,
IT1:151_874(1.0),M,IT,UNEM_R,N,9,Y15-74,2025M6G3,2018-01-01,11.874967,,,,,,,,,,,,
IT1:151_874(1.0),M,IT,UNEM_R,N,9,Y15-74,2025M7G2,2018-01-01,11.874967,,,,,,,,,,,,
IT1:151_874(1.0),M,IT,UNEM_R,N,9,Y15-74,2025M7G31,2018-01-01,11.874967,,,,,,,,,,,,
IT1:151_874(1.0),M,IT,UNEM_R,N,9,Y15-74,2025M9G1,2018-01-01,11.874967,,,,,,,,,,,,
IT1:151_874(1.0),M,IT,UNEM_R,N,9,Y15-74,2026M1G30,2018-01-01,11.874967,,,,,,,,,,,,
IT1:151_874(1.0),M,IT,UNEM_R,N,9,Y15-74,2026M1G8,2018-01-01,11.874967,,,,,,,,,,,,
IT1:151_874(1.0),M,IT,UNEM_R,N,9,Y15-74,2026M3G4,2018-01-01,11.874967,,,,,,,,,,,,
IT1:151_874(1.0),M,IT,UNEM_R,N,9,Y15-74,2026M4G1,2018-01-01,11.874967,,,,,,,,,,,,
IT1:151_874(1.0),M,IT,UNEM_R,N,9,Y15-74,2026M4G30,2018-01-01,11.874967,,,,,,,,,,,,
IT1:151_874(1.0),M,IT,UNEM_R,N,9,Y15-74,2022M11G3,2018-02-01,11.314769,,,,,,,,,,,,
IT1:151_874(1.0),M,IT,UNEM_R,N,9,Y15-74,2022M12G1,2018-02-01,11.314769,,,,,,,,,,,,
IT1:151_874(1.0),M,IT,UNEM_R,N,9,Y15-74,2022M2G1,2018-02-01,11.314769,,,,,,,,,,,,
IT1:151_874(1.0),M,IT,UNEM_R,N,9,Y15-74,2022M3G3,2018-02-01,11.314769,,,,,,,,,,,,
IT1:151_874(1.0),M,IT,UNEM_R,N,9,Y15-74,2022M3G31,2018-02-01,11.314769,,,,,,,,,,,,
IT1:151_874(1.0),M,IT,UNEM_R,N,9,Y15-74,2022M5G2,2018-02-01,11.314769,,,,,,,,,,,,
IT1:151_874(1.0),M,IT,UNEM_R,N,9,Y15-74,2022M6G1,2018-02-01,11.314769,,,,,,,,,,,,
IT1:151_874(1.0),M,IT,UNEM_R,N,9,Y15-74,2022M6G30,2018-02-01,11.314769,,,,,,,,,,,,
IT1:151_874(1.0),M,IT,UNEM_R,N,9,Y15-74,2022M8G1,2018-02-01,11.314769,,,,,,,,,,,,
IT1:151_874(1.0),M,IT,UNEM_R,N,9,Y15-74,2022M9G1,2018-02-01,11.314769,,,,,,,,,,,,
IT1:151_874(1.0),M,IT,UNEM_R,N,9,Y15-74,2022M9G30,2018-02-01,11.314769,,,,,,,,,,,,
IT1:151_874(1.0),M,IT,UNEM_R,N,9,Y15-74,2023M10G2,2018-02-01,11.314769,,,,,,,,,,,,
IT1:151_874(1.0),M,IT,UNEM_R,N,9,Y15-74,2023M11G3,2018-02-01,11.314769,,,,,,,,,,,,
IT1:151_874(1.0),M,IT,UNEM_R,N,9,Y15-74,2023M11G30,2018-02-01,11.314769,,,,,,,,,,,,
IT1:151_874(1.0),M,IT,UNEM_R,N,9,Y15-74,2023M1G31,2018-02-01,11.314769,,,,,,,,,,,,
IT1:151_874(1.0),M,IT,UNEM_R,N,9,Y15-74,2023M1G9,2018-02-01,11.314769,,,,,,,,,,,,
IT1:151_874(1.0),M,IT,UNEM_R,N,9,Y15-74,2023M3G2,2018-02-01,11.314769,,,,,,,,,,,,
IT1:151_874(1.0),M,IT,UNEM_R,N,9,Y15-74,2023M3G30,2018-02-01,11.314769,,,,,,,,,,,,
IT1:151_874(1.0),M,IT,UNEM_R,N,9,Y15-74,2023M5G3,2018-02-01,11.314769,,,,,,,,,,,,
IT1:151_874(1.0),M,IT,UNEM_R,N,9,Y15-74,2023M6G1,2018-02-01,11.314769,,,,,,,,,,,,
IT1:151_874(1.0),M,IT,UNEM_R,N,9,Y15-74,2023M6G30,2018-02-01,11.314769,,,,,,,,,,,,
IT1:151_874(1.0),M,IT,UNEM_R,N,9,Y15-74,2023M8G1,2018-02-01,11.314769,,,,,,,,,,,,
IT1:151_874(1.0),M,IT,UNEM_R,N,9,Y15-74,2023M8G31,2018-02-01,11.314769,,,,,,,,,,,,
IT1:151_874(1.0),M,IT,UNEM_R,N,9,Y15-74,2024M10G2,2018-02-01,11.314769,,,,,,,,,,,,
IT1:151_874(1.0),M,IT,UNEM_R,N,9,Y15-74,2024M10G31,2018-02-01,11.314769,,,,,,,,,,,,
IT1:151_874(1.0),M,IT,UNEM_R,N,9,Y15-74,2024M12G2,2018-02-01,11.314769,,,,,,,,,,,,
IT1:151_874(1.0),M,IT,UNEM_R,N,9,Y15-74,2024M1G31,2018-02-01,11.314769,,,,,,,,,,,,
IT1:151_874(1.0),M,IT,UNEM_R,N,9,Y15-74,2024M1G9,2018-02-01,11.314769,,,,,,,,,,,,
IT1:151_874(1.0),M,IT,UNEM_R,N,9,Y15-74,2024M3G1,2018-02-01,11.314769,,,,,,,,,,,,
IT1:151_874(1.0),M,IT,UNEM_R,N,9,Y15-74,2024M4G3,2018-02-01,11.314769,,,,,,,,,,,,
IT1:151_874(1.0),M,IT,UNEM_R,N,9,Y15-74,2024M5G3,2018-02-01,11.314769,,,,,,,,,,,,
IT1:151_874(1.0),M,IT,UNEM_R,N,9,Y15-74,2024M5G30,2018-02-01,11.314769,,,,,,,,,,,,
IT1:151_874(1.0),M,IT,UNEM_R,N,9,Y15-74,2024M7G2,2018-02-01,11.314769,,,,,,,,,,,,
IT1:151_874(1.0),M,IT,UNEM_R,N,9,Y15-74,2024M8G1,2018-02-01,11.314769,,,,,,,,,,,,
IT1:151_874(1.0),M,IT,UNEM_R,N,9,Y15-74,2024M8G30,2018-02-01,11.314769,,,,,,,,,,,,
IT1:151_874(1.0),M,IT,UNEM_R,N,9,Y15-74,2025M10G2,2018-02-01,11.314769,,,,,,,,,,,,
IT1:151_874(1.0),M,IT,UNEM_R,N,9,Y15-74,2025M10G30,2018-02-01,11.314769,,,,,,,,,,,,
IT1:151_874(1.0),M,IT,UNEM_R,N,9,Y15-74,2025M12G2,2018-02-01,11.314769,,,,,,,,,,,,
IT1:151_874(1.0),M,IT,UNEM_R,N,9,Y15-74,2025M1G30,2018-02-01,11.314769,,,,,,,,,,,,
IT1:151_874(1.0),M,IT,UNEM_R,N,9,Y15-74,2025M1G7,2018-02-01,11.314769,,,,,,,,,,,,
IT1:151_874(1.0),M,IT,UNEM_R,N,9,Y15-74,2025M3G4,2018-02-01,11.314769,,,,,,,,,,,,
IT1:151_874(1.0),M,IT,UNEM_R,N,9,Y15-74,2025M4G1,2018-02-01,11.314769,,,,,,,,,,,,
IT1:151_874(1.0),M,IT,UNEM_R,N,9,Y15-74,2025M5G2,2018-02-01,11.314769,,,,,,,,,,,,
IT1:151_874(1.0),M,IT,UNEM_R,N,9,Y15-74,2025M6G3,2018-02-01,11.314769,,,,,,,,,,,,
IT1:151_874(1.0),M,IT,UNEM_R,N,9,Y15-74,2025M7G2,2018-02-01,11.314769,,,,,,,,,,,,
IT1:151_874(1.0),M,IT,UNEM_R,N,9,Y15-74,2025M7G31,2018-02-01,11.314769,,,,,,,,,,,,
IT1:151_874(1.0),M,IT,UNEM_R,N,9,Y15-74,2025M9G1,2018-02-01,11.314769,,,,,,,,,,,,
IT1:151_874(1.0),M,IT,UNEM_R,N,9,Y15-74,2026M1G30,2018-02-01,11.314769,,,,,,,,,,,,
IT1:151_874(1.0),M,IT,UNEM_R,N,9,Y15-74,2026M1G8,2018-02-01,11.314769,,,,,,,,,,,,
IT1:151_874(1.0),M,IT,UNEM_R,N,9,Y15-74,2026M3G4,2018-02-01,11.314769,,,,,,,,,,,,
IT1:151_874(1.0),M,IT,UNEM_R,N,9,Y15-74,2026M4G1,2018-02-01,11.314769,,,,,,,,,,,,
IT1:151_874(1.0),M,IT,UNEM_R,N,9,Y15-74,2026M4G30,2018-02-01,11.314769,,,,,,,,,,,,
IT1:151_874(1.0),M,IT,UNEM_R,N,9,Y15-74,2022M11G3,2018-03-01,11.506986,,,,,,,,,,,,
IT1:151_874(1.0),M,IT,UNEM_R,N,9,Y15-74,2022M12G1,2018-03-01,11.506986,,,,,,,,,,,,
IT1:151_874(1.0),M,IT,UNEM_R,N,9,Y15-74,2022M2G1,2018-03-01,11.506986,,,,,,,,,,,,
IT1:151_874(1.0),M,IT,UNEM_R,N,9,Y15-74,2022M3G3,2018-03-01,11.506986,,,,,,,,,,,,
IT1:151_874(1.0),M,IT,UNEM_R,N,9,Y15-74,2022M3G31,2018-03-01,11.506986,,,,,,,,,,,,
IT1:151_874(1.0),M,IT,UNEM_R,N,9,Y15-74,2022M5G2,2018-03-01,11.506986,,,,,,,,,,,,
IT1:151_874(1.0),M,IT,UNEM_R,N,9,Y15-74,2022M6G1,2018-03-01,11.506986,,,,,,,,,,,,
IT1:151_874(1.0),M,IT,UNEM_R,N,9,Y15-74,2022M6G30,2018-03-01,11.506986,,,,,,,,,,,,
IT1:151_874(1.0),M,IT,UNEM_R,N,9,Y15-74,2022M8G1,2018-03-01,11.506986,,,,,,,,,,,,
IT1:151_874(1.0),M,IT,UNEM_R,N,9,Y15-74,2022M9G1,2018-03-01,11.506986,,,,,,,,,,,,
IT1:151_874(1.0),M,IT,UNEM_R,N,9,Y15-74,2022M9G30,2018-03-01,11.506986,,,,,,,,,,,,
IT1:151_874(1.0),M,IT,UNEM_R,N,9,Y15-74,2023M10G2,2018-03-01,11.506986,,,,,,,,,,,,
IT1:151_874(1.0),M,IT,UNEM_R,N,9,Y15-74,2023M11G3,2018-03-01,11.506986,,,,,,,,,,,,
IT1:151_874(1.0),M,IT,UNEM_R,N,9,Y15-74,2023M11G30,2018-03-01,11.506986,,,,,,,,,,,,
IT1:151_874(1.0),M,IT,UNEM_R,N,9,Y15-74,2023M1G31,2018-03-01,11.506986,,,,,,,,,,,,
IT1:151_874(1.0),M,IT,UNEM_R,N,9,Y15-74,2023M1G9,2018-03-01,11.506986,,,,,,,,,,,,
IT1:151_874(1.0),M,IT,UNEM_R,N,9,Y15-74,2023M3G2,2018-03-01,11.506986,,,,,,,,,,,,
IT1:151_874(1.0),M,IT,UNEM_R,N,9,Y15-74,2023M3G30,2018-03-01,11.506986,,,,,,,,,,,,
IT1:151_874(1.0),M,IT,UNEM_R,N,9,Y15-74,2023M5G3,2018-03-01,11.506986,,,,,,,,,,,,
IT1:151_874(1.0),M,IT,UNEM_R,N,9,Y15-74,2023M6G1,2018-03-01,11.506986,,,,,,,,,,,,
IT1:151_874(1.0),M,IT,UNEM_R,N,9,Y15-74,2023M6G30,2018-03-01,11.506986,,,,,,,,,,,,
IT1:151_874(1.0),M,IT,UNEM_R,N,9,Y15-74,2023M8G1,2018-03-01,11.506986,,,,,,,,,,,,
IT1:151_874(1.0),M,IT,UNEM_R,N,9,Y15-74,2023M8G31,2018-03-01,11.506986,,,,,,,,,,,,
IT1:151_874(1.0),M,IT,UNEM_R,N,9,Y15-74,2024M10G2,2018-03-01,11.506986,,,,,,,,,,,,
IT1:151_874(1.0),M,IT,UNEM_R,N,9,Y15-74,2024M10G31,2018-03-01,11.506986,,,,,,,,,,,,
IT1:151_874(1.0),M,IT,UNEM_R,N,9,Y15-74,2024M12G2,2018-03-01,11.506986,,,,,,,,,,,,
IT1:151_874(1.0),M,IT,UNEM_R,N,9,Y15-74,2024M1G31,2018-03-01,11.506986,,,,,,,,,,,,
IT1:151_874(1.0),M,IT,UNEM_R,N,9,Y15-74,2024M1G9,2018-03-01,11.506986,,,,,,,,,,,,
IT1:151_874(1.0),M,IT,UNEM_R,N,9,Y15-74,2024M3G1,2018-03-01,11.506986,,,,,,,,,,,,
IT1:151_874(1.0),M,IT,UNEM_R,N,9,Y15-74,2024M4G3,2018-03-01,11.506986,,,,,,,,,,,,
IT1:151_874(1.0),M,IT,UNEM_R,N,9,Y15-74,2024M5G3,2018-03-01,11.506986,,,,,,,,,,,,
IT1:151_874(1.0),M,IT,UNEM_R,N,9,Y15-74,2024M5G30,2018-03-01,11.506986,,,,,,,,,,,,
IT1:151_874(1.0),M,IT,UNEM_R,N,9,Y15-74,2024M7G2,2018-03-01,11.506986,,,,,,,,,,,,
IT1:151_874(1.0),M,IT,UNEM_R,N,9,Y15-74,2024M8G1,2018-03-01,11.506986,,,,,,,,,,,,
IT1:151_874(1.0),M,IT,UNEM_R,N,9,Y15-74,2024M8G30,2018-03-01,11.506986,,,,,,,,,,,,
IT1:151_874(1.0),M,IT,UNEM_R,N,9,Y15-74,2025M10G2,2018-03-01,11.506986,,,,,,,,,,,,
IT1:151_874(1.0),M,IT,UNEM_R,N,9,Y15-74,2025M10G30,2018-03-01,11.506986,,,,,,,,,,,,
IT1:151_874(1.0),M,IT,UNEM_R,N,9,Y15-74,2025M12G2,2018-03-01,11.506986,,,,,,,,,,,,
IT1:151_874(1.0),M,IT,UNEM_R,N,9,Y15-74,2025M1G30,2018-03-01,11.506986,,,,,,,,,,,,
IT1:151_874(1.0),M,IT,UNEM_R,N,9,Y15-74,2025M1G7,2018-03-01,11.506986,,,,,,,,,,,,
IT1:151_874(1.0),M,IT,UNEM_R,N,9,Y15-74,2025M3G4,2018-03-01,11.506986,,,,,,,,,,,,
IT1:151_874(1.0),M,IT,UNEM_R,N,9,Y15-74,2025M4G1,2018-03-01,11.506986,,,,,,,,,,,,
IT1:151_874(1.0),M,IT,UNEM_R,N,9,Y15-74,2025M5G2,2018-03-01,11.506986,,,,,,,,,,,,
IT1:151_874(1.0),M,IT,UNEM_R,N,9,Y15-74,2025M6G3,2018-03-01,11.506986,,,,,,,,,,,,
IT1:151_874(1.0),M,IT,UNEM_R,N,9,Y15-74,2025M7G2,2018-03-01,11.506986,,,,,,,,,,,,
IT1:151_874(1.0),M,IT,UNEM_R,N,9,Y15-74,2025M7G31,2018-03-01,11.506986,,,,,,,,,,,,
IT1:151_874(1.0),M,IT,UNEM_R,N,9,Y15-74,2025M9G1,2018-03-01,11.506986,,,,,,,,,,,,
IT1:151_874(1.0),M,IT,UNEM_R,N,9,Y15-74,2026M1G30,2018-03-01,11.506986,,,,,,,,,,,,
IT1:151_874(1.0),M,IT,UNEM_R,N,9,Y15-74,2026M1G8,2018-03-01,11.506986,,,,,,,,,,,,
IT1:151_874(1.0),M,IT,UNEM_R,N,9,Y15-74,2026M3G4,2018-03-01,11.506986,,,,,,,,,,,,
IT1:151_874(1.0),M,IT,UNEM_R,N,9,Y15-74,2026M4G1,2018-03-01,11.506986,,,,,,,,,,,,
IT1:151_874(1.0),M,IT,UNEM_R,N,9,Y15-74,2026M4G30,2018-03-01,11.506986,,,,,,,,,,,,
IT1:151_874(1.0),M,IT,UNEM_R,N,9,Y15-74,2022M11G3,2018-04-01,11.320842,,,,,,,,,,,,
IT1:151_874(1.0),M,IT,UNEM_R,N,9,Y15-74,2022M12G1,2018-04-01,11.320842,,,,,,,,,,,,
IT1:151_874(1.0),M,IT,UNEM_R,N,9,Y15-74,2022M2G1,2018-04-01,11.320842,,,,,,,,,,,,
IT1:151_874(1.0),M,IT,UNEM_R,N,9,Y15-74,2022M3G3,2018-04-01,11.320842,,,,,,,,,,,,
IT1:151_874(1.0),M,IT,UNEM_R,N,9,Y15-74,2022M3G31,2018-04-01,11.320842,,,,,,,,,,,,
IT1:151_874(1.0),M,IT,UNEM_R,N,9,Y15-74,2022M5G2,2018-04-01,11.320842,,,,,,,,,,,,
IT1:151_874(1.0),M,IT,UNEM_R,N,9,Y15-74,2022M6G1,2018-04-01,11.320842,,,,,,,,,,,,
IT1:151_874(1.0),M,IT,UNEM_R,N,9,Y15-74,2022M6G30,2018-04-01,11.320842,,,,,,,,,,,,
IT1:151_874(1.0),M,IT,UNEM_R,N,9,Y15-74,2022M8G1,2018-04-01,11.320842,,,,,,,,,,,,
IT1:151_874(1.0),M,IT,UNEM_R,N,9,Y15-74,2022M9G1,2018-04-01,11.320842,,,,,,,,,,,,
IT1:151_874(1.0),M,IT,UNEM_R,N,9,Y15-74,2022M9G30,2018-04-01,11.320842,,,,,,,,,,,,
IT1:151_874(1.0),M,IT,UNEM_R,N,9,Y15-74,2023M10G2,2018-04-01,11.320842,,,,,,,,,,,,
IT1:151_874(1.0),M,IT,UNEM_R,N,9,Y15-74,2023M11G3,2018-04-01,11.320842,,,,,,,,,,,,
IT1:151_874(1.0),M,IT,UNEM_R,N,9,Y15-74,2023M11G30,2018-04-01,11.320842,,,,,,,,,,,,
IT1:151_874(1.0),M,IT,UNEM_R,N,9,Y15-74,2023M1G31,2018-04-01,11.320842,,,,,,,,,,,,
IT1:151_874(1.0),M,IT,UNEM_R,N,9,Y15-74,2023M1G9,2018-04-01,11.320842,,,,,,,,,,,,
IT1:151_874(1.0),M,IT,UNEM_R,N,9,Y15-74,2023M3G2,2018-04-01,11.320842,,,,,,,,,,,,
IT1:151_874(1.0),M,IT,UNEM_R,N,9,Y15-74,2023M3G30,2018-04-01,11.320842,,,,,,,,,,,,
IT1:151_874(1.0),M,IT,UNEM_R,N,9,Y15-74,2023M5G3,2018-04-01,11.320842,,,,,,,,,,,,
IT1:151_874(1.0),M,IT,UNEM_R,N,9,Y15-74,2023M6G1,2018-04-01,11.320842,,,,,,,,,,,,
IT1:151_874(1.0),M,IT,UNEM_R,N,9,Y15-74,2023M6G30,2018-04-01,11.320842,,,,,,,,,,,,
IT1:151_874(1.0),M,IT,UNEM_R,N,9,Y15-74,2023M8G1,2018-04-01,11.320842,,,,,,,,,,,,
IT1:151_874(1.0),M,IT,UNEM_R,N,9,Y15-74,2023M8G31,2018-04-01,11.320842,,,,,,,,,,,,
IT1:151_874(1.0),M,IT,UNEM_R,N,9,Y15-74,2024M10G2,2018-04-01,11.320842,,,,,,,,,,,,
IT1:151_874(1.0),M,IT,UNEM_R,N,9,Y15-74,2024M10G31,2018-04-01,11.320842,,,,,,,,,,,,
IT1:151_874(1.0),M,IT,UNEM_R,N,9,Y15-74,2024M12G2,2018-04-01,11.320842,,,,,,,,,,,,
IT1:151_874(1.0),M,IT,UNEM_R,N,9,Y15-74,2024M1G31,2018-04-01,11.320842,,,,,,,,,,,,
IT1:151_874(1.0),M,IT,UNEM_R,N,9,Y15-74,2024M1G9,2018-04-01,11.320842,,,,,,,,,,,,
IT1:151_874(1.0),M,IT,UNEM_R,N,9,Y15-74,2024M3G1,2018-04-01,11.320842,,,,,,,,,,,,
IT1:151_874(1.0),M,IT,UNEM_R,N,9,Y15-74,2024M4G3,2018-04-01,11.320842,,,,,,,,,,,,
IT1:151_874(1.0),M,IT,UNEM_R,N,9,Y15-74,2024M5G3,2018-04-01,11.320842,,,,,,,,,,,,
IT1:151_874(1.0),M,IT,UNEM_R,N,9,Y15-74,2024M5G30,2018-04-01,11.320842,,,,,,,,,,,,
IT1:151_874(1.0),M,IT,UNEM_R,N,9,Y15-74,2024M7G2,2018-04-01,11.320842,,,,,,,,,,,,
IT1:151_874(1.0),M,IT,UNEM_R,N,9,Y15-74,2024M8G1,2018-04-01,11.320842,,,,,,,,,,,,
IT1:151_874(1.0),M,IT,UNEM_R,N,9,Y15-74,2024M8G30,2018-04-01,11.320842,,,,,,,,,,,,
IT1:151_874(1.0),M,IT,UNEM_R,N,9,Y15-74,2025M10G2,2018-04-01,11.320842,,,,,,,,,,,,
IT1:151_874(1.0),M,IT,UNEM_R,N,9,Y15-74,2025M10G30,2018-04-01,11.320842,,,,,,,,,,,,
IT1:151_874(1.0),M,IT,UNEM_R,N,9,Y15-74,2025M12G2,2018-04-01,11.320842,,,,,,,,,,,,
IT1:151_874(1.0),M,IT,UNEM_R,N,9,Y15-74,2025M1G30,2018-04-01,11.320842,,,,,,,,,,,,
IT1:151_874(1.0),M,IT,UNEM_R,N,9,Y15-74,2025M1G7,2018-04-01,11.320842,,,,,,,,,,,,
IT1:151_874(1.0),M,IT,UNEM_R,N,9,Y15-74,2025M3G4,2018-04-01,11.320842,,,,,,,,,,,,
IT1:151_874(1.0),M,IT,UNEM_R,N,9,Y15-74,2025M4G1,2018-04-01,11.320842,,,,,,,,,,,,
IT1:151_874(1.0),M,IT,UNEM_R,N,9,Y15-74,2025M5G2,2018-04-01,11.320842,,,,,,,,,,,,
IT1:151_874(1.0),M,IT,UNEM_R,N,9,Y15-74,2025M6G3,2018-04-01,11.320842,,,,,,,,,,,,
IT1:151_874(1.0),M,IT,UNEM_R,N,9,Y15-74,2025M7G2,2018-04-01,11.320842,,,,,,,,,,,,
IT1:151_874(1.0),M,IT,UNEM_R,N,9,Y15-74,2025M7G31,2018-04-01,11.320842,,,,,,,,,,,,
IT1:151_874(1.0),M,IT,UNEM_R,N,9,Y15-74,2025M9G1,2018-04-01,11.320842,,,,,,,,,,,,
IT1:151_874(1.0),M,IT,UNEM_R,N,9,Y15-74,2026M1G30,2018-04-01,11.320842,,,,,,,,,,,,
IT1:151_874(1.0),M,IT,UNEM_R,N,9,Y15-74,2026M1G8,2018-04-01,11.320842,,,,,,,,,,,,
IT1:151_874(1.0),M,IT,UNEM_R,N,9,Y15-74,2026M3G4,2018-04-01,11.320842,,,,,,,,,,,,
IT1:151_874(1.0),M,IT,UNEM_R,N,9,Y15-74,2026M4G1,2018-04-01,11.320842,,,,,,,,,,,,
IT1:151_874(1.0),M,IT,UNEM_R,N,9,Y15-74,2026M4G30,2018-04-01,11.320842,,,,,,,,,,,,
IT1:151_874(1.0),M,IT,UNEM_R,N,9,Y15-74,2022M11G3,2018-05-01,10.353931,,,,,,,,,,,,
IT1:151_874(1.0),M,IT,UNEM_R,N,9,Y15-74,2022M12G1,2018-05-01,10.353931,,,,,,,,,,,,
IT1:151_874(1.0),M,IT,UNEM_R,N,9,Y15-74,2022M2G1,2018-05-01,10.353931,,,,,,,,,,,,
IT1:151_874(1.0),M,IT,UNEM_R,N,9,Y15-74,2022M3G3,2018-05-01,10.353931,,,,,,,,,,,,
IT1:151_874(1.0),M,IT,UNEM_R,N,9,Y15-74,2022M3G31,2018-05-01,10.353931,,,,,,,,,,,,
IT1:151_874(1.0),M,IT,UNEM_R,N,9,Y15-74,2022M5G2,2018-05-01,10.353931,,,,,,,,,,,,
IT1:151_874(1.0),M,IT,UNEM_R,N,9,Y15-74,2022M6G1,2018-05-01,10.353931,,,,,,,,,,,,
IT1:151_874(1.0),M,IT,UNEM_R,N,9,Y15-74,2022M6G30,2018-05-01,10.353931,,,,,,,,,,,,
IT1:151_874(1.0),M,IT,UNEM_R,N,9,Y15-74,2022M8G1,2018-05-01,10.353931,,,,,,,,,,,,
IT1:151_874(1.0),M,IT,UNEM_R,N,9,Y15-74,2022M9G1,2018-05-01,10.353931,,,,,,,,,,,,
IT1:151_874(1.0),M,IT,UNEM_R,N,9,Y15-74,2022M9G30,2018-05-01,10.353931,,,,,,,,,,,,
IT1:151_874(1.0),M,IT,UNEM_R,N,9,Y15-74,2023M10G2,2018-05-01,10.353931,,,,,,,,,,,,
IT1:151_874(1.0),M,IT,UNEM_R,N,9,Y15-74,2023M11G3,2018-05-01,10.353931,,,,,,,,,,,,
IT1:151_874(1.0),M,IT,UNEM_R,N,9,Y15-74,2023M11G30,2018-05-01,10.353931,,,,,,,,,,,,
IT1:151_874(1.0),M,IT,UNEM_R,N,9,Y15-74,2023M1G31,2018-05-01,10.353931,,,,,,,,,,,,
IT1:151_874(1.0),M,IT,UNEM_R,N,9,Y15-74,2023M1G9,2018-05-01,10.353931,,,,,,,,,,,,
IT1:151_874(1.0),M,IT,UNEM_R,N,9,Y15-74,2023M3G2,2018-05-01,10.353931,,,,,,,,,,,,
IT1:151_874(1.0),M,IT,UNEM_R,N,9,Y15-74,2023M3G30,2018-05-01,10.353931,,,,,,,,,,,,
IT1:151_874(1.0),M,IT,UNEM_R,N,9,Y15-74,2023M5G3,2018-05-01,10.353931,,,,,,,,,,,,
IT1:151_874(1.0),M,IT,UNEM_R,N,9,Y15-74,2023M6G1,2018-05-01,10.353931,,,,,,,,,,,,
IT1:151_874(1.0),M,IT,UNEM_R,N,9,Y15-74,2023M6G30,2018-05-01,10.353931,,,,,,,,,,,,
IT1:151_874(1.0),M,IT,UNEM_R,N,9,Y15-74,2023M8G1,2018-05-01,10.353931,,,,,,,,,,,,
IT1:151_874(1.0),M,IT,UNEM_R,N,9,Y15-74,2023M8G31,2018-05-01,10.353931,,,,,,,,,,,,
IT1:151_874(1.0),M,IT,UNEM_R,N,9,Y15-74,2024M10G2,2018-05-01,10.353931,,,,,,,,,,,,
IT1:151_874(1.0),M,IT,UNEM_R,N,9,Y15-74,2024M10G31,2018-05-01,10.353931,,,,,,,,,,,,
IT1:151_874(1.0),M,IT,UNEM_R,N,9,Y15-74,2024M12G2,2018-05-01,10.353931,,,,,,,,,,,,
IT1:151_874(1.0),M,IT,UNEM_R,N,9,Y15-74,2024M1G31,2018-05-01,10.353931,,,,,,,,,,,,
IT1:151_874(1.0),M,IT,UNEM_R,N,9,Y15-74,2024M1G9,2018-05-01,10.353931,,,,,,,,,,,,
IT1:151_874(1.0),M,IT,UNEM_R,N,9,Y15-74,2024M3G1,2018-05-01,10.353931,,,,,,,,,,,,
IT1:151_874(1.0),M,IT,UNEM_R,N,9,Y15-74,2024M4G3,2018-05-01,10.353931,,,,,,,,,,,,
IT1:151_874(1.0),M,IT,UNEM_R,N,9,Y15-74,2024M5G3,2018-05-01,10.353931,,,,,,,,,,,,
IT1:151_874(1.0),M,IT,UNEM_R,N,9,Y15-74,2024M5G30,2018-05-01,10.353931,,,,,,,,,,,,
IT1:151_874(1.0),M,IT,UNEM_R,N,9,Y15-74,2024M7G2,2018-05-01,10.353931,,,,,,,,,,,,
IT1:151_874(1.0),M,IT,UNEM_R,N,9,Y15-74,2024M8G1,2018-05-01,10.353931,,,,,,,,,,,,
IT1:151_874(1.0),M,IT,UNEM_R,N,9,Y15-74,2024M8G30,2018-05-01,10.353931,,,,,,,,,,,,
IT1:151_874(1.0),M,IT,UNEM_R,N,9,Y15-74,2025M10G2,2018-05-01,10.353931,,,,,,,,,,,,
IT1:151_874(1.0),M,IT,UNEM_R,N,9,Y15-74,2025M10G30,2018-05-01,10.353931,,,,,,,,,,,,
IT1:151_874(1.0),M,IT,UNEM_R,N,9,Y15-74,2025M12G2,2018-05-01,10.353931,,,,,,,,,,,,
IT1:151_874(1.0),M,IT,UNEM_R,N,9,Y15-74,2025M1G30,2018-05-01,10.353931,,,,,,,,,,,,
IT1:151_874(1.0),M,IT,UNEM_R,N,9,Y15-74,2025M1G7,2018-05-01,10.353931,,,,,,,,,,,,
IT1:151_874(1.0),M,IT,UNEM_R,N,9,Y15-74,2025M3G4,2018-05-01,10.353931,,,,,,,,,,,,
IT1:151_874(1.0),M,IT,UNEM_R,N,9,Y15-74,2025M4G1,2018-05-01,10.353931,,,,,,,,,,,,
IT1:151_874(1.0),M,IT,UNEM_R,N,9,Y15-74,2025M5G2,2018-05-01,10.353931,,,,,,,,,,,,
IT1:151_874(1.0),M,IT,UNEM_R,N,9,Y15-74,2025M6G3,2018-05-01,10.353931,,,,,,,,,,,,
IT1:151_874(1.0),M,IT,UNEM_R,N,9,Y15-74,2025M7G2,2018-05-01,10.353931,,,,,,,,,,,,
IT1:151_874(1.0),M,IT,UNEM_R,N,9,Y15-74,2025M7G31,2018-05-01,10.353931,,,,,,,,,,,,
IT1:151_874(1.0),M,IT,UNEM_R,N,9,Y15-74,2025M9G1,2018-05-01,10.353931,,,,,,,,,,,,
IT1:151_874(1.0),M,IT,UNEM_R,N,9,Y15-74,2026M1G30,2018-05-01,10.353931,,,,,,,,,,,,
IT1:151_874(1.0),M,IT,UNEM_R,N,9,Y15-74,2026M1G8,2018-05-01,10.353931,,,,,,,,,,,,
IT1:151_874(1.0),M,IT,UNEM_R,N,9,Y15-74,2026M3G4,2018-05-01,10.353931,,,,,,,,,,,,
IT1:151_874(1.0),M,IT,UNEM_R,N,9,Y15-74,2026M4G1,2018-05-01,10.353931,,,,,,,,,,,,
IT1:151_874(1.0),M,IT,UNEM_R,N,9,Y15-74,2026M4G30,2018-05-01,10.353931,,,,,,,,,,,,
IT1:151_874(1.0),M,IT,UNEM_R,N,9,Y15-74,2022M11G3,2018-06-01,10.419164,,,,,,,,,,,,
IT1:151_874(1.0),M,IT,UNEM_R,N,9,Y15-74,2022M12G1,2018-06-01,10.419164,,,,,,,,,,,,
IT1:151_874(1.0),M,IT,UNEM_R,N,9,Y15-74,2022M2G1,2018-06-01,10.419164,,,,,,,,,,,,
IT1:151_874(1.0),M,IT,UNEM_R,N,9,Y15-74,2022M3G3,2018-06-01,10.419164,,,,,,,,,,,,
IT1:151_874(1.0),M,IT,UNEM_R,N,9,Y15-74,2022M3G31,2018-06-01,10.419164,,,,,,,,,,,,
IT1:151_874(1.0),M,IT,UNEM_R,N,9,Y15-74,2022M5G2,2018-06-01,10.419164,,,,,,,,,,,,
IT1:151_874(1.0),M,IT,UNEM_R,N,9,Y15-74,2022M6G1,2018-06-01,10.419164,,,,,,,,,,,,
IT1:151_874(1.0),M,IT,UNEM_R,N,9,Y15-74,2022M6G30,2018-06-01,10.419164,,,,,,,,,,,,
IT1:151_874(1.0),M,IT,UNEM_R,N,9,Y15-74,2022M8G1,2018-06-01,10.419164,,,,,,,,,,,,
IT1:151_874(1.0),M,IT,UNEM_R,N,9,Y15-74,2022M9G1,2018-06-01,10.419164,,,,,,,,,,,,
IT1:151_874(1.0),M,IT,UNEM_R,N,9,Y15-74,2022M9G30,2018-06-01,10.419164,,,,,,,,,,,,
IT1:151_874(1.0),M,IT,UNEM_R,N,9,Y15-74,2023M10G2,2018-06-01,10.419164,,,,,,,,,,,,
IT1:151_874(1.0),M,IT,UNEM_R,N,9,Y15-74,2023M11G3,2018-06-01,10.419164,,,,,,,,,,,,
IT1:151_874(1.0),M,IT,UNEM_R,N,9,Y15-74,2023M11G30,2018-06-01,10.419164,,,,,,,,,,,,
IT1:151_874(1.0),M,IT,UNEM_R,N,9,Y15-74,2023M1G31,2018-06-01,10.419164,,,,,,,,,,,,
IT1:151_874(1.0),M,IT,UNEM_R,N,9,Y15-74,2023M1G9,2018-06-01,10.419164,,,,,,,,,,,,
IT1:151_874(1.0),M,IT,UNEM_R,N,9,Y15-74,2023M3G2,2018-06-01,10.419164,,,,,,,,,,,,
IT1:151_874(1.0),M,IT,UNEM_R,N,9,Y15-74,2023M3G30,2018-06-01,10.419164,,,,,,,,,,,,
IT1:151_874(1.0),M,IT,UNEM_R,N,9,Y15-74,2023M5G3,2018-06-01,10.419164,,,,,,,,,,,,
IT1:151_874(1.0),M,IT,UNEM_R,N,9,Y15-74,2023M6G1,2018-06-01,10.419164,,,,,,,,,,,,
IT1:151_874(1.0),M,IT,UNEM_R,N,9,Y15-74,2023M6G30,2018-06-01,10.419164,,,,,,,,,,,,
IT1:151_874(1.0),M,IT,UNEM_R,N,9,Y15-74,2023M8G1,2018-06-01,10.419164,,,,,,,,,,,,
IT1:151_874(1.0),M,IT,UNEM_R,N,9,Y15-74,2023M8G31,2018-06-01,10.419164,,,,,,,,,,,,
IT1:151_874(1.0),M,IT,UNEM_R,N,9,Y15-74,2024M10G2,2018-06-01,10.419164,,,,,,,,,,,,
IT1:151_874(1.0),M,IT,UNEM_R,N,9,Y15-74,2024M10G31,2018-06-01,10.419164,,,,,,,,,,,,
IT1:151_874(1.0),M,IT,UNEM_R,N,9,Y15-74,2024M12G2,2018-06-01,10.419164,,,,,,,,,,,,
IT1:151_874(1.0),M,IT,UNEM_R,N,9,Y15-74,2024M1G31,2018-06-01,10.419164,,,,,,,,,,,,
IT1:151_874(1.0),M,IT,UNEM_R,N,9,Y15-74,2024M1G9,2018-06-01,10.419164,,,,,,,,,,,,
IT1:151_874(1.0),M,IT,UNEM_R,N,9,Y15-74,2024M3G1,2018-06-01,10.419164,,,,,,,,,,,,
IT1:151_874(1.0),M,IT,UNEM_R,N,9,Y15-74,2024M4G3,2018-06-01,10.419164,,,,,,,,,,,,
IT1:151_874(1.0),M,IT,UNEM_R,N,9,Y15-74,2024M5G3,2018-06-01,10.419164,,,,,,,,,,,,
IT1:151_874(1.0),M,IT,UNEM_R,N,9,Y15-74,2024M5G30,2018-06-01,10.419164,,,,,,,,,,,,
IT1:151_874(1.0),M,IT,UNEM_R,N,9,Y15-74,2024M7G2,2018-06-01,10.419164,,,,,,,,,,,,
IT1:151_874(1.0),M,IT,UNEM_R,N,9,Y15-74,2024M8G1,2018-06-01,10.419164,,,,,,,,,,,,
IT1:151_874(1.0),M,IT,UNEM_R,N,9,Y15-74,2024M8G30,2018-06-01,10.419164,,,,,,,,,,,,
IT1:151_874(1.0),M,IT,UNEM_R,N,9,Y15-74,2025M10G2,2018-06-01,10.419164,,,,,,,,,,,,
IT1:151_874(1.0),M,IT,UNEM_R,N,9,Y15-74,2025M10G30,2018-06-01,10.419164,,,,,,,,,,,,
IT1:151_874(1.0),M,IT,UNEM_R,N,9,Y15-74,2025M12G2,2018-06-01,10.419164,,,,,,,,,,,,
IT1:151_874(1.0),M,IT,UNEM_R,N,9,Y15-74,2025M1G30,2018-06-01,10.419164,,,,,,,,,,,,
IT1:151_874(1.0),M,IT,UNEM_R,N,9,Y15-74,2025M1G7,2018-06-01,10.419164,,,,,,,,,,,,
IT1:151_874(1.0),M,IT,UNEM_R,N,9,Y15-74,2025M3G4,2018-06-01,10.419164,,,,,,,,,,,,
IT1:151_874(1.0),M,IT,UNEM_R,N,9,Y15-74,2025M4G1,2018-06-01,10.419164,,,,,,,,,,,,
IT1:151_874(1.0),M,IT,UNEM_R,N,9,Y15-74,2025M5G2,2018-06-01,10.419164,,,,,,,,,,,,
IT1:151_874(1.0),M,IT,UNEM_R,N,9,Y15-74,2025M6G3,2018-06-01,10.419164,,,,,,,,,,,,
IT1:151_874(1.0),M,IT,UNEM_R,N,9,Y15-74,2025M7G2,2018-06-01,10.419164,,,,,,,,,,,,
IT1:151_874(1.0),M,IT,UNEM_R,N,9,Y15-74,2025M7G31,2018-06-01,10.419164,,,,,,,,,,,,
IT1:151_874(1.0),M,IT,UNEM_R,N,9,Y15-74,2025M9G1,2018-06-01,10.419164,,,,,,,,,,,,
IT1:151_874(1.0),M,IT,UNEM_R,N,9,Y15-74,2026M1G30,2018-06-01,10.419164,,,,,,,,,,,,
IT1:151_874(1.0),M,IT,UNEM_R,N,9,Y15-74,2026M1G8,2018-06-01,10.419164,,,,,,,,,,,,
IT1:151_874(1.0),M,IT,UNEM_R,N,9,Y15-74,2026M3G4,2018-06-01,10.419164,,,,,,,,,,,,
IT1:151_874(1.0),M,IT,UNEM_R,N,9,Y15-74,2026M4G1,2018-06-01,10.419164,,,,,,,,,,,,
IT1:151_874(1.0),M,IT,UNEM_R,N,9,Y15-74,2026M4G30,2018-06-01,10.419164,,,,,,,,,,,,
IT1:151_874(1.0),M,IT,UNEM_R,N,9,Y15-74,2022M11G3,2018-07-01,9.623049,,,,,,,,,,,,
IT1:151_874(1.0),M,IT,UNEM_R,N,9,Y15-74,2022M12G1,2018-07-01,9.623049,,,,,,,,,,,,
IT1:151_874(1.0),M,IT,UNEM_R,N,9,Y15-74,2022M2G1,2018-07-01,9.623049,,,,,,,,,,,,
IT1:151_874(1.0),M,IT,UNEM_R,N,9,Y15-74,2022M3G3,2018-07-01,9.623049,,,,,,,,,,,,
IT1:151_874(1.0),M,IT,UNEM_R,N,9,Y15-74,2022M3G31,2018-07-01,9.623049,,,,,,,,,,,,
IT1:151_874(1.0),M,IT,UNEM_R,N,9,Y15-74,2022M5G2,2018-07-01,9.623049,,,,,,,,,,,,
IT1:151_874(1.0),M,IT,UNEM_R,N,9,Y15-74,2022M6G1,2018-07-01,9.623049,,,,,,,,,,,,
IT1:151_874(1.0),M,IT,UNEM_R,N,9,Y15-74,2022M6G30,2018-07-01,9.623049,,,,,,,,,,,,
IT1:151_874(1.0),M,IT,UNEM_R,N,9,Y15-74,2022M8G1,2018-07-01,9.623049,,,,,,,,,,,,
IT1:151_874(1.0),M,IT,UNEM_R,N,9,Y15-74,2022M9G1,2018-07-01,9.623049,,,,,,,,,,,,
IT1:151_874(1.0),M,IT,UNEM_R,N,9,Y15-74,2022M9G30,2018-07-01,9.623049,,,,,,,,,,,,
IT1:151_874(1.0),M,IT,UNEM_R,N,9,Y15-74,2023M10G2,2018-07-01,9.623049,,,,,,,,,,,,
IT1:151_874(1.0),M,IT,UNEM_R,N,9,Y15-74,2023M11G3,2018-07-01,9.623049,,,,,,,,,,,,
IT1:151_874(1.0),M,IT,UNEM_R,N,9,Y15-74,2023M11G30,2018-07-01,9.623049,,,,,,,,,,,,
IT1:151_874(1.0),M,IT,UNEM_R,N,9,Y15-74,2023M1G31,2018-07-01,9.623049,,,,,,,,,,,,
IT1:151_874(1.0),M,IT,UNEM_R,N,9,Y15-74,2023M1G9,2018-07-01,9.623049,,,,,,,,,,,,
IT1:151_874(1.0),M,IT,UNEM_R,N,9,Y15-74,2023M3G2,2018-07-01,9.623049,,,,,,,,,,,,
IT1:151_874(1.0),M,IT,UNEM_R,N,9,Y15-74,2023M3G30,2018-07-01,9.623049,,,,,,,,,,,,
IT1:151_874(1.0),M,IT,UNEM_R,N,9,Y15-74,2023M5G3,2018-07-01,9.623049,,,,,,,,,,,,
IT1:151_874(1.0),M,IT,UNEM_R,N,9,Y15-74,2023M6G1,2018-07-01,9.623049,,,,,,,,,,,,
IT1:151_874(1.0),M,IT,UNEM_R,N,9,Y15-74,2023M6G30,2018-07-01,9.623049,,,,,,,,,,,,
IT1:151_874(1.0),M,IT,UNEM_R,N,9,Y15-74,2023M8G1,2018-07-01,9.623049,,,,,,,,,,,,
IT1:151_874(1.0),M,IT,UNEM_R,N,9,Y15-74,2023M8G31,2018-07-01,9.623049,,,,,,,,,,,,
IT1:151_874(1.0),M,IT,UNEM_R,N,9,Y15-74,2024M10G2,2018-07-01,9.623049,,,,,,,,,,,,
IT1:151_874(1.0),M,IT,UNEM_R,N,9,Y15-74,2024M10G31,2018-07-01,9.623049,,,,,,,,,,,,
IT1:151_874(1.0),M,IT,UNEM_R,N,9,Y15-74,2024M12G2,2018-07-01,9.623049,,,,,,,,,,,,
IT1:151_874(1.0),M,IT,UNEM_R,N,9,Y15-74,2024M1G31,2018-07-01,9.623049,,,,,,,,,,,,
IT1:151_874(1.0),M,IT,UNEM_R,N,9,Y15-74,2024M1G9,2018-07-01,9.623049,,,,,,,,,,,,
IT1:151_874(1.0),M,IT,UNEM_R,N,9,Y15-74,2024M3G1,2018-07-01,9.623049,,,,,,,,,,,,
IT1:151_874(1.0),M,IT,UNEM_R,N,9,Y15-74,2024M4G3,2018-07-01,9.623049,,,,,,,,,,,,
IT1:151_874(1.0),M,IT,UNEM_R,N,9,Y15-74,2024M5G3,2018-07-01,9.623049,,,,,,,,,,,,
IT1:151_874(1.0),M,IT,UNEM_R,N,9,Y15-74,2024M5G30,2018-07-01,9.623049,,,,,,,,,,,,
IT1:151_874(1.0),M,IT,UNEM_R,N,9,Y15-74,2024M7G2,2018-07-01,9.623049,,,,,,,,,,,,
IT1:151_874(1.0),M,IT,UNEM_R,N,9,Y15-74,2024M8G1,2018-07-01,9.623049,,,,,,,,,,,,
IT1:151_874(1.0),M,IT,UNEM_R,N,9,Y15-74,2024M8G30,2018-07-01,9.623049,,,,,,,,,,,,
IT1:151_874(1.0),M,IT,UNEM_R,N,9,Y15-74,2025M10G2,2018-07-01,9.623049,,,,,,,,,,,,
IT1:151_874(1.0),M,IT,UNEM_R,N,9,Y15-74,2025M10G30,2018-07-01,9.623049,,,,,,,,,,,,
IT1:151_874(1.0),M,IT,UNEM_R,N,9,Y15-74,2025M12G2,2018-07-01,9.623049,,,,,,,,,,,,
IT1:151_874(1.0),M,IT,UNEM_R,N,9,Y15-74,2025M1G30,2018-07-01,9.623049,,,,,,,,,,,,
IT1:151_874(1.0),M,IT,UNEM_R,N,9,Y15-74,2025M1G7,2018-07-01,9.623049,,,,,,,,,,,,
IT1:151_874(1.0),M,IT,UNEM_R,N,9,Y15-74,2025M3G4,2018-07-01,9.623049,,,,,,,,,,,,
IT1:151_874(1.0),M,IT,UNEM_R,N,9,Y15-74,2025M4G1,2018-07-01,9.623049,,,,,,,,,,,,
IT1:151_874(1.0),M,IT,UNEM_R,N,9,Y15-74,2025M5G2,2018-07-01,9.623049,,,,,,,,,,,,
IT1:151_874(1.0),M,IT,UNEM_R,N,9,Y15-74,2025M6G3,2018-07-01,9.623049,,,,,,,,,,,,
IT1:151_874(1.0),M,IT,UNEM_R,N,9,Y15-74,2025M7G2,2018-07-01,9.623049,,,,,,,,,,,,
IT1:151_874(1.0),M,IT,UNEM_R,N,9,Y15-74,2025M7G31,2018-07-01,9.623049,,,,,,,,,,,,
IT1:151_874(1.0),M,IT,UNEM_R,N,9,Y15-74,2025M9G1,2018-07-01,9.623049,,,,,,,,,,,,
IT1:151_874(1.0),M,IT,UNEM_R,N,9,Y15-74,2026M1G30,2018-07-01,9.623049,,,,,,,,,,,,
IT1:151_874(1.0),M,IT,UNEM_R,N,9,Y15-74,2026M1G8,2018-07-01,9.623049,,,,,,,,,,,,
IT1:151_874(1.0),M,IT,UNEM_R,N,9,Y15-74,2026M3G4,2018-07-01,9.623049,,,,,,,,,,,,
IT1:151_874(1.0),M,IT,UNEM_R,N,9,Y15-74,2026M4G1,2018-07-01,9.623049,,,,,,,,,,,,
IT1:151_874(1.0),M,IT,UNEM_R,N,9,Y15-74,2026M4G30,2018-07-01,9.623049,,,,,,,,,,,,
IT1:151_874(1.0),M,IT,UNEM_R,N,9,Y15-74,2022M11G3,2018-08-01,8.518235,,,,,,,,,,,,
IT1:151_874(1.0),M,IT,UNEM_R,N,9,Y15-74,2022M12G1,2018-08-01,8.518235,,,,,,,,,,,,
IT1:151_874(1.0),M,IT,UNEM_R,N,9,Y15-74,2022M2G1,2018-08-01,8.518235,,,,,,,,,,,,
IT1:151_874(1.0),M,IT,UNEM_R,N,9,Y15-74,2022M3G3,2018-08-01,8.518235,,,,,,,,,,,,
IT1:151_874(1.0),M,IT,UNEM_R,N,9,Y15-74,2022M3G31,2018-08-01,8.518235,,,,,,,,,,,,
IT1:151_874(1.0),M,IT,UNEM_R,N,9,Y15-74,2022M5G2,2018-08-01,8.518235,,,,,,,,,,,,
IT1:151_874(1.0),M,IT,UNEM_R,N,9,Y15-74,2022M6G1,2018-08-01,8.518235,,,,,,,,,,,,
IT1:151_874(1.0),M,IT,UNEM_R,N,9,Y15-74,2022M6G30,2018-08-01,8.518235,,,,,,,,,,,,
IT1:151_874(1.0),M,IT,UNEM_R,N,9,Y15-74,2022M8G1,2018-08-01,8.518235,,,,,,,,,,,,
IT1:151_874(1.0),M,IT,UNEM_R,N,9,Y15-74,2022M9G1,2018-08-01,8.518235,,,,,,,,,,,,
IT1:151_874(1.0),M,IT,UNEM_R,N,9,Y15-74,2022M9G30,2018-08-01,8.518235,,,,,,,,,,,,
IT1:151_874(1.0),M,IT,UNEM_R,N,9,Y15-74,2023M10G2,2018-08-01,8.518235,,,,,,,,,,,,
IT1:151_874(1.0),M,IT,UNEM_R,N,9,Y15-74,2023M11G3,2018-08-01,8.518235,,,,,,,,,,,,
IT1:151_874(1.0),M,IT,UNEM_R,N,9,Y15-74,2023M11G30,2018-08-01,8.518235,,,,,,,,,,,,
IT1:151_874(1.0),M,IT,UNEM_R,N,9,Y15-74,2023M1G31,2018-08-01,8.518235,,,,,,,,,,,,
IT1:151_874(1.0),M,IT,UNEM_R,N,9,Y15-74,2023M1G9,2018-08-01,8.518235,,,,,,,,,,,,
IT1:151_874(1.0),M,IT,UNEM_R,N,9,Y15-74,2023M3G2,2018-08-01,8.518235,,,,,,,,,,,,
IT1:151_874(1.0),M,IT,UNEM_R,N,9,Y15-74,2023M3G30,2018-08-01,8.518235,,,,,,,,,,,,
IT1:151_874(1.0),M,IT,UNEM_R,N,9,Y15-74,2023M5G3,2018-08-01,8.518235,,,,,,,,,,,,
IT1:151_874(1.0),M,IT,UNEM_R,N,9,Y15-74,2023M6G1,2018-08-01,8.518235,,,,,,,,,,,,
IT1:151_874(1.0),M,IT,UNEM_R,N,9,Y15-74,2023M6G30,2018-08-01,8.518235,,,,,,,,,,,,
IT1:151_874(1.0),M,IT,UNEM_R,N,9,Y15-74,2023M8G1,2018-08-01,8.518235,,,,,,,,,,,,
IT1:151_874(1.0),M,IT,UNEM_R,N,9,Y15-74,2023M8G31,2018-08-01,8.518235,,,,,,,,,,,,
IT1:151_874(1.0),M,IT,UNEM_R,N,9,Y15-74,2024M10G2,2018-08-01,8.518235,,,,,,,,,,,,
IT1:151_874(1.0),M,IT,UNEM_R,N,9,Y15-74,2024M10G31,2018-08-01,8.518235,,,,,,,,,,,,
IT1:151_874(1.0),M,IT,UNEM_R,N,9,Y15-74,2024M12G2,2018-08-01,8.518235,,,,,,,,,,,,
IT1:151_874(1.0),M,IT,UNEM_R,N,9,Y15-74,2024M1G31,2018-08-01,8.518235,,,,,,,,,,,,
IT1:151_874(1.0),M,IT,UNEM_R,N,9,Y15-74,2024M1G9,2018-08-01,8.518235,,,,,,,,,,,,
IT1:151_874(1.0),M,IT,UNEM_R,N,9,Y15-74,2024M3G1,2018-08-01,8.518235,,,,,,,,,,,,
IT1:151_874(1.0),M,IT,UNEM_R,N,9,Y15-74,2024M4G3,2018-08-01,8.518235,,,,,,,,,,,,
IT1:151_874(1.0),M,IT,UNEM_R,N,9,Y15-74,2024M5G3,2018-08-01,8.518235,,,,,,,,,,,,
IT1:151_874(1.0),M,IT,UNEM_R,N,9,Y15-74,2024M5G30,2018-08-01,8.518235,,,,,,,,,,,,
IT1:151_874(1.0),M,IT,UNEM_R,N,9,Y15-74,2024M7G2,2018-08-01,8.518235,,,,,,,,,,,,
IT1:151_874(1.0),M,IT,UNEM_R,N,9,Y15-74,2024M8G1,2018-08-01,8.518235,,,,,,,,,,,,
IT1:151_874(1.0),M,IT,UNEM_R,N,9,Y15-74,2024M8G30,2018-08-01,8.518235,,,,,,,,,,,,
IT1:151_874(1.0),M,IT,UNEM_R,N,9,Y15-74,2025M10G2,2018-08-01,8.518235,,,,,,,,,,,,
IT1:151_874(1.0),M,IT,UNEM_R,N,9,Y15-74,2025M10G30,2018-08-01,8.518235,,,,,,,,,,,,
IT1:151_874(1.0),M,IT,UNEM_R,N,9,Y15-74,2025M12G2,2018-08-01,8.518235,,,,,,,,,,,,
IT1:151_874(1.0),M,IT,UNEM_R,N,9,Y15-74,2025M1G30,2018-08-01,8.518235,,,,,,,,,,,,
IT1:151_874(1.0),M,IT,UNEM_R,N,9,Y15-74,2025M1G7,2018-08-01,8.518235,,,,,,,,,,,,
IT1:151_874(1.0),M,IT,UNEM_R,N,9,Y15-74,2025M3G4,2018-08-01,8.518235,,,,,,,,,,,,
IT1:151_874(1.0),M,IT,UNEM_R,N,9,Y15-74,2025M4G1,2018-08-01,8.518235,,,,,,,,,,,,
IT1:151_874(1.0),M,IT,UNEM_R,N,9,Y15-74,2025M5G2,2018-08-01,8.518235,,,,,,,,,,,,
IT1:151_874(1.0),M,IT,UNEM_R,N,9,Y15-74,2025M6G3,2018-08-01,8.518235,,,,,,,,,,,,
IT1:151_874(1.0),M,IT,UNEM_R,N,9,Y15-74,2025M7G2,2018-08-01,8.518235,,,,,,,,,,,,
IT1:151_874(1.0),M,IT,UNEM_R,N,9,Y15-74,2025M7G31,2018-08-01,8.518235,,,,,,,,,,,,
IT1:151_874(1.0),M,IT,UNEM_R,N,9,Y15-74,2025M9G1,2018-08-01,8.518235,,,,,,,,,,,,
IT1:151_874(1.0),M,IT,UNEM_R,N,9,Y15-74,2026M1G30,2018-08-01,8.518235,,,,,,,,,,,,
IT1:151_874(1.0),M,IT,UNEM_R,N,9,Y15-74,2026M1G8,2018-08-01,8.518235,,,,,,,,,,,,
IT1:151_874(1.0),M,IT,UNEM_R,N,9,Y15-74,2026M3G4,2018-08-01,8.518235,,,,,,,,,,,,
IT1:151_874(1.0),M,IT,UNEM_R,N,9,Y15-74,2026M4G1,2018-08-01,8.518235,,,,,,,,,,,,
IT1:151_874(1.0),M,IT,UNEM_R,N,9,Y15-74,2026M4G30,2018-08-01,8.518235,,,,,,,,,,,,
IT1:151_874(1.0),M,IT,UNEM_R,N,9,Y15-74,2022M11G3,2018-09-01,9.938648,,,,,,,,,,,,
IT1:151_874(1.0),M,IT,UNEM_R,N,9,Y15-74,2022M12G1,2018-09-01,9.938648,,,,,,,,,,,,
IT1:151_874(1.0),M,IT,UNEM_R,N,9,Y15-74,2022M2G1,2018-09-01,9.938648,,,,,,,,,,,,
IT1:151_874(1.0),M,IT,UNEM_R,N,9,Y15-74,2022M3G3,2018-09-01,9.938648,,,,,,,,,,,,
IT1:151_874(1.0),M,IT,UNEM_R,N,9,Y15-74,2022M3G31,2018-09-01,9.938648,,,,,,,,,,,,
IT1:151_874(1.0),M,IT,UNEM_R,N,9,Y15-74,2022M5G2,2018-09-01,9.938648,,,,,,,,,,,,
IT1:151_874(1.0),M,IT,UNEM_R,N,9,Y15-74,2022M6G1,2018-09-01,9.938648,,,,,,,,,,,,
IT1:151_874(1.0),M,IT,UNEM_R,N,9,Y15-74,2022M6G30,2018-09-01,9.938648,,,,,,,,,,,,
IT1:151_874(1.0),M,IT,UNEM_R,N,9,Y15-74,2022M8G1,2018-09-01,9.938648,,,,,,,,,,,,
IT1:151_874(1.0),M,IT,UNEM_R,N,9,Y15-74,2022M9G1,2018-09-01,9.938648,,,,,,,,,,,,
IT1:151_874(1.0),M,IT,UNEM_R,N,9,Y15-74,2022M9G30,2018-09-01,9.938648,,,,,,,,,,,,
IT1:151_874(1.0),M,IT,UNEM_R,N,9,Y15-74,2023M10G2,2018-09-01,9.938648,,,,,,,,,,,,
IT1:151_874(1.0),M,IT,UNEM_R,N,9,Y15-74,2023M11G3,2018-09-01,9.938648,,,,,,,,,,,,
IT1:151_874(1.0),M,IT,UNEM_R,N,9,Y15-74,2023M11G30,2018-09-01,9.938648,,,,,,,,,,,,
IT1:151_874(1.0),M,IT,UNEM_R,N,9,Y15-74,2023M1G31,2018-09-01,9.938648,,,,,,,,,,,,
IT1:151_874(1.0),M,IT,UNEM_R,N,9,Y15-74,2023M1G9,2018-09-01,9.938648,,,,,,,,,,,,
IT1:151_874(1.0),M,IT,UNEM_R,N,9,Y15-74,2023M3G2,2018-09-01,9.938648,,,,,,,,,,,,
IT1:151_874(1.0),M,IT,UNEM_R,N,9,Y15-74,2023M3G30,2018-09-01,9.938648,,,,,,,,,,,,
IT1:151_874(1.0),M,IT,UNEM_R,N,9,Y15-74,2023M5G3,2018-09-01,9.938648,,,,,,,,,,,,
IT1:151_874(1.0),M,IT,UNEM_R,N,9,Y15-74,2023M6G1,2018-09-01,9.938648,,,,,,,,,,,,
IT1:151_874(1.0),M,IT,UNEM_R,N,9,Y15-74,2023M6G30,2018-09-01,9.938648,,,,,,,,,,,,
IT1:151_874(1.0),M,IT,UNEM_R,N,9,Y15-74,2023M8G1,2018-09-01,9.938648,,,,,,,,,,,,
IT1:151_874(1.0),M,IT,UNEM_R,N,9,Y15-74,2023M8G31,2018-09-01,9.938648,,,,,,,,,,,,
IT1:151_874(1.0),M,IT,UNEM_R,N,9,Y15-74,2024M10G2,2018-09-01,9.938648,,,,,,,,,,,,
IT1:151_874(1.0),M,IT,UNEM_R,N,9,Y15-74,2024M10G31,2018-09-01,9.938648,,,,,,,,,,,,
IT1:151_874(1.0),M,IT,UNEM_R,N,9,Y15-74,2024M12G2,2018-09-01,9.938648,,,,,,,,,,,,
IT1:151_874(1.0),M,IT,UNEM_R,N,9,Y15-74,2024M1G31,2018-09-01,9.938648,,,,,,,,,,,,
IT1:151_874(1.0),M,IT,UNEM_R,N,9,Y15-74,2024M1G9,2018-09-01,9.938648,,,,,,,,,,,,
IT1:151_874(1.0),M,IT,UNEM_R,N,9,Y15-74,2024M3G1,2018-09-01,9.938648,,,,,,,,,,,,
IT1:151_874(1.0),M,IT,UNEM_R,N,9,Y15-74,2024M4G3,2018-09-01,9.938648,,,,,,,,,,,,
IT1:151_874(1.0),M,IT,UNEM_R,N,9,Y15-74,2024M5G3,2018-09-01,9.938648,,,,,,,,,,,,
IT1:151_874(1.0),M,IT,UNEM_R,N,9,Y15-74,2024M5G30,2018-09-01,9.938648,,,,,,,,,,,,
IT1:151_874(1.0),M,IT,UNEM_R,N,9,Y15-74,2024M7G2,2018-09-01,9.938648,,,,,,,,,,,,
IT1:151_874(1.0),M,IT,UNEM_R,N,9,Y15-74,2024M8G1,2018-09-01,9.938648,,,,,,,,,,,,
IT1:151_874(1.0),M,IT,UNEM_R,N,9,Y15-74,2024M8G30,2018-09-01,9.938648,,,,,,,,,,,,
IT1:151_874(1.0),M,IT,UNEM_R,N,9,Y15-74,2025M10G2,2018-09-01,9.938648,,,,,,,,,,,,
IT1:151_874(1.0),M,IT,UNEM_R,N,9,Y15-74,2025M10G30,2018-09-01,9.938648,,,,,,,,,,,,
IT1:151_874(1.0),M,IT,UNEM_R,N,9,Y15-74,2025M12G2,2018-09-01,9.938648,,,,,,,,,,,,
IT1:151_874(1.0),M,IT,UNEM_R,N,9,Y15-74,2025M1G30,2018-09-01,9.938648,,,,,,,,,,,,
IT1:151_874(1.0),M,IT,UNEM_R,N,9,Y15-74,2025M1G7,2018-09-01,9.938648,,,,,,,,,,,,
IT1:151_874(1.0),M,IT,UNEM_R,N,9,Y15-74,2025M3G4,2018-09-01,9.938648,,,,,,,,,,,,
IT1:151_874(1.0),M,IT,UNEM_R,N,9,Y15-74,2025M4G1,2018-09-01,9.938648,,,,,,,,,,,,
IT1:151_874(1.0),M,IT,UNEM_R,N,9,Y15-74,2025M5G2,2018-09-01,9.938648,,,,,,,,,,,,
IT1:151_874(1.0),M,IT,UNEM_R,N,9,Y15-74,2025M6G3,2018-09-01,9.938648,,,,,,,,,,,,
IT1:151_874(1.0),M,IT,UNEM_R,N,9,Y15-74,2025M7G2,2018-09-01,9.938648,,,,,,,,,,,,
IT1:151_874(1.0),M,IT,UNEM_R,N,9,Y15-74,2025M7G31,2018-09-01,9.938648,,,,,,,,,,,,
IT1:151_874(1.0),M,IT,UNEM_R,N,9,Y15-74,2025M9G1,2018-09-01,9.938648,,,,,,,,,,,,
IT1:151_874(1.0),M,IT,UNEM_R,N,9,Y15-74,2026M1G30,2018-09-01,9.938648,,,,,,,,,,,,
IT1:151_874(1.0),M,IT,UNEM_R,N,9,Y15-74,2026M1G8,2018-09-01,9.938648,,,,,,,,,,,,
IT1:151_874(1.0),M,IT,UNEM_R,N,9,Y15-74,2026M3G4,2018-09-01,9.938648,,,,,,,,,,,,
IT1:151_874(1.0),M,IT,UNEM_R,N,9,Y15-74,2026M4G1,2018-09-01,9.938648,,,,,,,,,,,,
IT1:151_874(1.0),M,IT,UNEM_R,N,9,Y15-74,2026M4G30,2018-09-01,9.938648,,,,,,,,,,,,
IT1:151_874(1.0),M,IT,UNEM_R,N,9,Y15-74,2022M11G3,2018-10-01,11.163329,,,,,,,,,,,,
IT1:151_874(1.0),M,IT,UNEM_R,N,9,Y15-74,2022M12G1,2018-10-01,11.163329,,,,,,,,,,,,
IT1:151_874(1.0),M,IT,UNEM_R,N,9,Y15-74,2022M2G1,2018-10-01,11.163329,,,,,,,,,,,,
IT1:151_874(1.0),M,IT,UNEM_R,N,9,Y15-74,2022M3G3,2018-10-01,11.163329,,,,,,,,,,,,
IT1:151_874(1.0),M,IT,UNEM_R,N,9,Y15-74,2022M3G31,2018-10-01,11.163329,,,,,,,,,,,,
IT1:151_874(1.0),M,IT,UNEM_R,N,9,Y15-74,2022M5G2,2018-10-01,11.163329,,,,,,,,,,,,
IT1:151_874(1.0),M,IT,UNEM_R,N,9,Y15-74,2022M6G1,2018-10-01,11.163329,,,,,,,,,,,,
IT1:151_874(1.0),M,IT,UNEM_R,N,9,Y15-74,2022M6G30,2018-10-01,11.163329,,,,,,,,,,,,
IT1:151_874(1.0),M,IT,UNEM_R,N,9,Y15-74,2022M8G1,2018-10-01,11.163329,,,,,,,,,,,,
IT1:151_874(1.0),M,IT,UNEM_R,N,9,Y15-74,2022M9G1,2018-10-01,11.163329,,,,,,,,,,,,
IT1:151_874(1.0),M,IT,UNEM_R,N,9,Y15-74,2022M9G30,2018-10-01,11.163329,,,,,,,,,,,,
IT1:151_874(1.0),M,IT,UNEM_R,N,9,Y15-74,2023M10G2,2018-10-01,11.163329,,,,,,,,,,,,
IT1:151_874(1.0),M,IT,UNEM_R,N,9,Y15-74,2023M11G3,2018-10-01,11.163329,,,,,,,,,,,,
IT1:151_874(1.0),M,IT,UNEM_R,N,9,Y15-74,2023M11G30,2018-10-01,11.163329,,,,,,,,,,,,
IT1:151_874(1.0),M,IT,UNEM_R,N,9,Y15-74,2023M1G31,2018-10-01,11.163329,,,,,,,,,,,,
IT1:151_874(1.0),M,IT,UNEM_R,N,9,Y15-74,2023M1G9,2018-10-01,11.163329,,,,,,,,,,,,
IT1:151_874(1.0),M,IT,UNEM_R,N,9,Y15-74,2023M3G2,2018-10-01,11.163329,,,,,,,,,,,,
IT1:151_874(1.0),M,IT,UNEM_R,N,9,Y15-74,2023M3G30,2018-10-01,11.163329,,,,,,,,,,,,
IT1:151_874(1.0),M,IT,UNEM_R,N,9,Y15-74,2023M5G3,2018-10-01,11.163329,,,,,,,,,,,,
IT1:151_874(1.0),M,IT,UNEM_R,N,9,Y15-74,2023M6G1,2018-10-01,11.163329,,,,,,,,,,,,
IT1:151_874(1.0),M,IT,UNEM_R,N,9,Y15-74,2023M6G30,2018-10-01,11.163329,,,,,,,,,,,,
IT1:151_874(1.0),M,IT,UNEM_R,N,9,Y15-74,2023M8G1,2018-10-01,11.163329,,,,,,,,,,,,
IT1:151_874(1.0),M,IT,UNEM_R,N,9,Y15-74,2023M8G31,2018-10-01,11.163329,,,,,,,,,,,,
IT1:151_874(1.0),M,IT,UNEM_R,N,9,Y15-74,2024M10G2,2018-10-01,11.163329,,,,,,,,,,,,
IT1:151_874(1.0),M,IT,UNEM_R,N,9,Y15-74,2024M10G31,2018-10-01,11.163329,,,,,,,,,,,,
IT1:151_874(1.0),M,IT,UNEM_R,N,9,Y15-74,2024M12G2,2018-10-01,11.163329,,,,,,,,,,,,
IT1:151_874(1.0),M,IT,UNEM_R,N,9,Y15-74,2024M1G31,2018-10-01,11.163329,,,,,,,,,,,,
IT1:151_874(1.0),M,IT,UNEM_R,N,9,Y15-74,2024M1G9,2018-10-01,11.163329,,,,,,,,,,,,
IT1:151_874(1.0),M,IT,UNEM_R,N,9,Y15-74,2024M3G1,2018-10-01,11.163329,,,,,,,,,,,,
IT1:151_874(1.0),M,IT,UNEM_R,N,9,Y15-74,2024M4G3,2018-10-01,11.163329,,,,,,,,,,,,
IT1:151_874(1.0),M,IT,UNEM_R,N,9,Y15-74,2024M5G3,2018-10-01,11.163329,,,,,,,,,,,,
IT1:151_874(1.0),M,IT,UNEM_R,N,9,Y15-74,2024M5G30,2018-10-01,11.163329,,,,,,,,,,,,
IT1:151_874(1.0),M,IT,UNEM_R,N,9,Y15-74,2024M7G2,2018-10-01,11.163329,,,,,,,,,,,,
IT1:151_874(1.0),M,IT,UNEM_R,N,9,Y15-74,2024M8G1,2018-10-01,11.163329,,,,,,,,,,,,
IT1:151_874(1.0),M,IT,UNEM_R,N,9,Y15-74,2024M8G30,2018-10-01,11.163329,,,,,,,,,,,,
IT1:151_874(1.0),M,IT,UNEM_R,N,9,Y15-74,2025M10G2,2018-10-01,11.163329,,,,,,,,,,,,
IT1:151_874(1.0),M,IT,UNEM_R,N,9,Y15-74,2025M10G30,2018-10-01,11.163329,,,,,,,,,,,,
IT1:151_874(1.0),M,IT,UNEM_R,N,9,Y15-74,2025M12G2,2018-10-01,11.163329,,,,,,,,,,,,
IT1:151_874(1.0),M,IT,UNEM_R,N,9,Y15-74,2025M1G30,2018-10-01,11.163329,,,,,,,,,,,,
IT1:151_874(1.0),M,IT,UNEM_R,N,9,Y15-74,2025M1G7,2018-10-01,11.163329,,,,,,,,,,,,
IT1:151_874(1.0),M,IT,UNEM_R,N,9,Y15-74,2025M3G4,2018-10-01,11.163329,,,,,,,,,,,,
IT1:151_874(1.0),M,IT,UNEM_R,N,9,Y15-74,2025M4G1,2018-10-01,11.163329,,,,,,,,,,,,
IT1:151_874(1.0),M,IT,UNEM_R,N,9,Y15-74,2025M5G2,2018-10-01,11.163329,,,,,,,,,,,,
IT1:151_874(1.0),M,IT,UNEM_R,N,9,Y15-74,2025M6G3,2018-10-01,11.163329,,,,,,,,,,,,
IT1:151_874(1.0),M,IT,UNEM_R,N,9,Y15-74,2025M7G2,2018-10-01,11.163329,,,,,,,,,,,,
IT1:151_874(1.0),M,IT,UNEM_R,N,9,Y15-74,2025M7G31,2018-10-01,11.163329,,,,,,,,,,,,
IT1:151_874(1.0),M,IT,UNEM_R,N,9,Y15-74,2025M9G1,2018-10-01,11.163329,,,,,,,,,,,,
IT1:151_874(1.0),M,IT,UNEM_R,N,9,Y15-74,2026M1G30,2018-10-01,11.163329,,,,,,,,,,,,
IT1:151_874(1.0),M,IT,UNEM_R,N,9,Y15-74,2026M1G8,2018-10-01,11.163329,,,,,,,,,,,,
IT1:151_874(1.0),M,IT,UNEM_R,N,9,Y15-74,2026M3G4,2018-10-01,11.163329,,,,,,,,,,,,
IT1:151_874(1.0),M,IT,UNEM_R,N,9,Y15-74,2026M4G1,2018-10-01,11.163329,,,,,,,,,,,,
IT1:151_874(1.0),M,IT,UNEM_R,N,9,Y15-74,2026M4G30,2018-10-01,11.163329,,,,,,,,,,,,
IT1:151_874(1.0),M,IT,UNEM_R,N,9,Y15-74,2022M11G3,2018-11-01,10.96141,,,,,,,,,,,,
IT1:151_874(1.0),M,IT,UNEM_R,N,9,Y15-74,2022M12G1,2018-11-01,10.96141,,,,,,,,,,,,
IT1:151_874(1.0),M,IT,UNEM_R,N,9,Y15-74,2022M2G1,2018-11-01,10.96141,,,,,,,,,,,,
IT1:151_874(1.0),M,IT,UNEM_R,N,9,Y15-74,2022M3G3,2018-11-01,10.96141,,,,,,,,,,,,
IT1:151_874(1.0),M,IT,UNEM_R,N,9,Y15-74,2022M3G31,2018-11-01,10.96141,,,,,,,,,,,,
IT1:151_874(1.0),M,IT,UNEM_R,N,9,Y15-74,2022M5G2,2018-11-01,10.96141,,,,,,,,,,,,
IT1:151_874(1.0),M,IT,UNEM_R,N,9,Y15-74,2022M6G1,2018-11-01,10.96141,,,,,,,,,,,,
IT1:151_874(1.0),M,IT,UNEM_R,N,9,Y15-74,2022M6G30,2018-11-01,10.96141,,,,,,,,,,,,
IT1:151_874(1.0),M,IT,UNEM_R,N,9,Y15-74,2022M8G1,2018-11-01,10.96141,,,,,,,,,,,,
IT1:151_874(1.0),M,IT,UNEM_R,N,9,Y15-74,2022M9G1,2018-11-01,10.96141,,,,,,,,,,,,
IT1:151_874(1.0),M,IT,UNEM_R,N,9,Y15-74,2022M9G30,2018-11-01,10.96141,,,,,,,,,,,,
IT1:151_874(1.0),M,IT,UNEM_R,N,9,Y15-74,2023M10G2,2018-11-01,10.96141,,,,,,,,,,,,
IT1:151_874(1.0),M,IT,UNEM_R,N,9,Y15-74,2023M11G3,2018-11-01,10.96141,,,,,,,,,,,,
IT1:151_874(1.0),M,IT,UNEM_R,N,9,Y15-74,2023M11G30,2018-11-01,10.96141,,,,,,,,,,,,
IT1:151_874(1.0),M,IT,UNEM_R,N,9,Y15-74,2023M1G31,2018-11-01,10.96141,,,,,,,,,,,,
IT1:151_874(1.0),M,IT,UNEM_R,N,9,Y15-74,2023M1G9,2018-11-01,10.96141,,,,,,,,,,,,
IT1:151_874(1.0),M,IT,UNEM_R,N,9,Y15-74,2023M3G2,2018-11-01,10.96141,,,,,,,,,,,,
IT1:151_874(1.0),M,IT,UNEM_R,N,9,Y15-74,2023M3G30,2018-11-01,10.96141,,,,,,,,,,,,
IT1:151_874(1.0),M,IT,UNEM_R,N,9,Y15-74,2023M5G3,2018-11-01,10.96141,,,,,,,,,,,,
IT1:151_874(1.0),M,IT,UNEM_R,N,9,Y15-74,2023M6G1,2018-11-01,10.96141,,,,,,,,,,,,
IT1:151_874(1.0),M,IT,UNEM_R,N,9,Y15-74,2023M6G30,2018-11-01,10.96141,,,,,,,,,,,,
IT1:151_874(1.0),M,IT,UNEM_R,N,9,Y15-74,2023M8G1,2018-11-01,10.96141,,,,,,,,,,,,
IT1:151_874(1.0),M,IT,UNEM_R,N,9,Y15-74,2023M8G31,2018-11-01,10.96141,,,,,,,,,,,,
IT1:151_874(1.0),M,IT,UNEM_R,N,9,Y15-74,2024M10G2,2018-11-01,10.96141,,,,,,,,,,,,
IT1:151_874(1.0),M,IT,UNEM_R,N,9,Y15-74,2024M10G31,2018-11-01,10.96141,,,,,,,,,,,,
IT1:151_874(1.0),M,IT,UNEM_R,N,9,Y15-74,2024M12G2,2018-11-01,10.96141,,,,,,,,,,,,
IT1:151_874(1.0),M,IT,UNEM_R,N,9,Y15-74,2024M1G31,2018-11-01,10.96141,,,,,,,,,,,,
IT1:151_874(1.0),M,IT,UNEM_R,N,9,Y15-74,2024M1G9,2018-11-01,10.96141,,,,,,,,,,,,
IT1:151_874(1.0),M,IT,UNEM_R,N,9,Y15-74,2024M3G1,2018-11-01,10.96141,,,,,,,,,,,,
IT1:151_874(1.0),M,IT,UNEM_R,N,9,Y15-74,2024M4G3,2018-11-01,10.96141,,,,,,,,,,,,
IT1:151_874(1.0),M,IT,UNEM_R,N,9,Y15-74,2024M5G3,2018-11-01,10.96141,,,,,,,,,,,,
IT1:151_874(1.0),M,IT,UNEM_R,N,9,Y15-74,2024M5G30,2018-11-01,10.96141,,,,,,,,,,,,
IT1:151_874(1.0),M,IT,UNEM_R,N,9,Y15-74,2024M7G2,2018-11-01,10.96141,,,,,,,,,,,,
IT1:151_874(1.0),M,IT,UNEM_R,N,9,Y15-74,2024M8G1,2018-11-01,10.96141,,,,,,,,,,,,
IT1:151_874(1.0),M,IT,UNEM_R,N,9,Y15-74,2024M8G30,2018-11-01,10.96141,,,,,,,,,,,,
IT1:151_874(1.0),M,IT,UNEM_R,N,9,Y15-74,2025M10G2,2018-11-01,10.96141,,,,,,,,,,,,
IT1:151_874(1.0),M,IT,UNEM_R,N,9,Y15-74,2025M10G30,2018-11-01,10.96141,,,,,,,,,,,,
IT1:151_874(1.0),M,IT,UNEM_R,N,9,Y15-74,2025M12G2,2018-11-01,10.96141,,,,,,,,,,,,
IT1:151_874(1.0),M,IT,UNEM_R,N,9,Y15-74,2025M1G30,2018-11-01,10.96141,,,,,,,,,,,,
IT1:151_874(1.0),M,IT,UNEM_R,N,9,Y15-74,2025M1G7,2018-11-01,10.96141,,,,,,,,,,,,
IT1:151_874(1.0),M,IT,UNEM_R,N,9,Y15-74,2025M3G4,2018-11-01,10.96141,,,,,,,,,,,,
IT1:151_874(1.0),M,IT,UNEM_R,N,9,Y15-74,2025M4G1,2018-11-01,10.96141,,,,,,,,,,,,
IT1:151_874(1.0),M,IT,UNEM_R,N,9,Y15-74,2025M5G2,2018-11-01,10.96141,,,,,,,,,,,,
IT1:151_874(1.0),M,IT,UNEM_R,N,9,Y15-74,2025M6G3,2018-11-01,10.96141,,,,,,,,,,,,
IT1:151_874(1.0),M,IT,UNEM_R,N,9,Y15-74,2025M7G2,2018-11-01,10.96141,,,,,,,,,,,,
IT1:151_874(1.0),M,IT,UNEM_R,N,9,Y15-74,2025M7G31,2018-11-01,10.96141,,,,,,,,,,,,
IT1:151_874(1.0),M,IT,UNEM_R,N,9,Y15-74,2025M9G1,2018-11-01,10.96141,,,,,,,,,,,,
IT1:151_874(1.0),M,IT,UNEM_R,N,9,Y15-74,2026M1G30,2018-11-01,10.96141,,,,,,,,,,,,
IT1:151_874(1.0),M,IT,UNEM_R,N,9,Y15-74,2026M1G8,2018-11-01,10.96141,,,,,,,,,,,,
IT1:151_874(1.0),M,IT,UNEM_R,N,9,Y15-74,2026M3G4,2018-11-01,10.96141,,,,,,,,,,,,
IT1:151_874(1.0),M,IT,UNEM_R,N,9,Y15-74,2026M4G1,2018-11-01,10.96141,,,,,,,,,,,,
IT1:151_874(1.0),M,IT,UNEM_R,N,9,Y15-74,2026M4G30,2018-11-01,10.96141,,,,,,,,,,,,
IT1:151_874(1.0),M,IT,UNEM_R,N,9,Y15-74,2022M11G3,2018-12-01,10.224248,,,,,,,,,,,,
IT1:151_874(1.0),M,IT,UNEM_R,N,9,Y15-74,2022M12G1,2018-12-01,10.224248,,,,,,,,,,,,
IT1:151_874(1.0),M,IT,UNEM_R,N,9,Y15-74,2022M2G1,2018-12-01,10.224248,,,,,,,,,,,,
IT1:151_874(1.0),M,IT,UNEM_R,N,9,Y15-74,2022M3G3,2018-12-01,10.224248,,,,,,,,,,,,
IT1:151_874(1.0),M,IT,UNEM_R,N,9,Y15-74,2022M3G31,2018-12-01,10.224248,,,,,,,,,,,,
IT1:151_874(1.0),M,IT,UNEM_R,N,9,Y15-74,2022M5G2,2018-12-01,10.224248,,,,,,,,,,,,
IT1:151_874(1.0),M,IT,UNEM_R,N,9,Y15-74,2022M6G1,2018-12-01,10.224248,,,,,,,,,,,,
IT1:151_874(1.0),M,IT,UNEM_R,N,9,Y15-74,2022M6G30,2018-12-01,10.224248,,,,,,,,,,,,
IT1:151_874(1.0),M,IT,UNEM_R,N,9,Y15-74,2022M8G1,2018-12-01,10.224248,,,,,,,,,,,,
IT1:151_874(1.0),M,IT,UNEM_R,N,9,Y15-74,2022M9G1,2018-12-01,10.224248,,,,,,,,,,,,
IT1:151_874(1.0),M,IT,UNEM_R,N,9,Y15-74,2022M9G30,2018-12-01,10.224248,,,,,,,,,,,,
IT1:151_874(1.0),M,IT,UNEM_R,N,9,Y15-74,2023M10G2,2018-12-01,10.224248,,,,,,,,,,,,
IT1:151_874(1.0),M,IT,UNEM_R,N,9,Y15-74,2023M11G3,2018-12-01,10.224248,,,,,,,,,,,,
IT1:151_874(1.0),M,IT,UNEM_R,N,9,Y15-74,2023M11G30,2018-12-01,10.224248,,,,,,,,,,,,
IT1:151_874(1.0),M,IT,UNEM_R,N,9,Y15-74,2023M1G31,2018-12-01,10.224248,,,,,,,,,,,,
IT1:151_874(1.0),M,IT,UNEM_R,N,9,Y15-74,2023M1G9,2018-12-01,10.224248,,,,,,,,,,,,
IT1:151_874(1.0),M,IT,UNEM_R,N,9,Y15-74,2023M3G2,2018-12-01,10.224248,,,,,,,,,,,,
IT1:151_874(1.0),M,IT,UNEM_R,N,9,Y15-74,2023M3G30,2018-12-01,10.224248,,,,,,,,,,,,
IT1:151_874(1.0),M,IT,UNEM_R,N,9,Y15-74,2023M5G3,2018-12-01,10.224248,,,,,,,,,,,,
IT1:151_874(1.0),M,IT,UNEM_R,N,9,Y15-74,2023M6G1,2018-12-01,10.224248,,,,,,,,,,,,
IT1:151_874(1.0),M,IT,UNEM_R,N,9,Y15-74,2023M6G30,2018-12-01,10.224248,,,,,,,,,,,,
IT1:151_874(1.0),M,IT,UNEM_R,N,9,Y15-74,2023M8G1,2018-12-01,10.224248,,,,,,,,,,,,
IT1:151_874(1.0),M,IT,UNEM_R,N,9,Y15-74,2023M8G31,2018-12-01,10.224248,,,,,,,,,,,,
IT1:151_874(1.0),M,IT,UNEM_R,N,9,Y15-74,2024M10G2,2018-12-01,10.224248,,,,,,,,,,,,
IT1:151_874(1.0),M,IT,UNEM_R,N,9,Y15-74,2024M10G31,2018-12-01,10.224248,,,,,,,,,,,,
IT1:151_874(1.0),M,IT,UNEM_R,N,9,Y15-74,2024M12G2,2018-12-01,10.224248,,,,,,,,,,,,
IT1:151_874(1.0),M,IT,UNEM_R,N,9,Y15-74,2024M1G31,2018-12-01,10.224248,,,,,,,,,,,,
IT1:151_874(1.0),M,IT,UNEM_R,N,9,Y15-74,2024M1G9,2018-12-01,10.224248,,,,,,,,,,,,
IT1:151_874(1.0),M,IT,UNEM_R,N,9,Y15-74,2024M3G1,2018-12-01,10.224248,,,,,,,,,,,,
IT1:151_874(1.0),M,IT,UNEM_R,N,9,Y15-74,2024M4G3,2018-12-01,10.224248,,,,,,,,,,,,
IT1:151_874(1.0),M,IT,UNEM_R,N,9,Y15-74,2024M5G3,2018-12-01,10.224248,,,,,,,,,,,,
IT1:151_874(1.0),M,IT,UNEM_R,N,9,Y15-74,2024M5G30,2018-12-01,10.224248,,,,,,,,,,,,
IT1:151_874(1.0),M,IT,UNEM_R,N,9,Y15-74,2024M7G2,2018-12-01,10.224248,,,,,,,,,,,,
IT1:151_874(1.0),M,IT,UNEM_R,N,9,Y15-74,2024M8G1,2018-12-01,10.224248,,,,,,,,,,,,
IT1:151_874(1.0),M,IT,UNEM_R,N,9,Y15-74,2024M8G30,2018-12-01,10.224248,,,,,,,,,,,,
IT1:151_874(1.0),M,IT,UNEM_R,N,9,Y15-74,2025M10G2,2018-12-01,10.224248,,,,,,,,,,,,
IT1:151_874(1.0),M,IT,UNEM_R,N,9,Y15-74,2025M10G30,2018-12-01,10.224248,,,,,,,,,,,,
IT1:151_874(1.0),M,IT,UNEM_R,N,9,Y15-74,2025M12G2,2018-12-01,10.224248,,,,,,,,,,,,
IT1:151_874(1.0),M,IT,UNEM_R,N,9,Y15-74,2025M1G30,2018-12-01,10.224248,,,,,,,,,,,,
IT1:151_874(1.0),M,IT,UNEM_R,N,9,Y15-74,2025M1G7,2018-12-01,10.224248,,,,,,,,,,,,
IT1:151_874(1.0),M,IT,UNEM_R,N,9,Y15-74,2025M3G4,2018-12-01,10.224248,,,,,,,,,,,,
IT1:151_874(1.0),M,IT,UNEM_R,N,9,Y15-74,2025M4G1,2018-12-01,10.224248,,,,,,,,,,,,
IT1:151_874(1.0),M,IT,UNEM_R,N,9,Y15-74,2025M5G2,2018-12-01,10.224248,,,,,,,,,,,,
IT1:151_874(1.0),M,IT,UNEM_R,N,9,Y15-74,2025M6G3,2018-12-01,10.224248,,,,,,,,,,,,
IT1:151_874(1.0),M,IT,UNEM_R,N,9,Y15-74,2025M7G2,2018-12-01,10.224248,,,,,,,,,,,,
IT1:151_874(1.0),M,IT,UNEM_R,N,9,Y15-74,2025M7G31,2018-12-01,10.224248,,,,,,,,,,,,
IT1:151_874(1.0),M,IT,UNEM_R,N,9,Y15-74,2025M9G1,2018-12-01,10.224248,,,,,,,,,,,,
IT1:151_874(1.0),M,IT,UNEM_R,N,9,Y15-74,2026M1G30,2018-12-01,10.224248,,,,,,,,,,,,
IT1:151_874(1.0),M,IT,UNEM_R,N,9,Y15-74,2026M1G8,2018-12-01,10.224248,,,,,,,,,,,,
IT1:151_874(1.0),M,IT,UNEM_R,N,9,Y15-74,2026M3G4,2018-12-01,10.224248,,,,,,,,,,,,
IT1:151_874(1.0),M,IT,UNEM_R,N,9,Y15-74,2026M4G1,2018-12-01,10.224248,,,,,,,,,,,,
IT1:151_874(1.0),M,IT,UNEM_R,N,9,Y15-74,2026M4G30,2018-12-01,10.224248,,,,,,,,,,,,
IT1:151_874(1.0),M,IT,UNEM_R,N,9,Y15-74,2022M11G3,2019-01-01,11.296346,,,,,,,,,,,,
IT1:151_874(1.0),M,IT,UNEM_R,N,9,Y15-74,2022M12G1,2019-01-01,11.296346,,,,,,,,,,,,
IT1:151_874(1.0),M,IT,UNEM_R,N,9,Y15-74,2022M2G1,2019-01-01,11.296346,,,,,,,,,,,,
IT1:151_874(1.0),M,IT,UNEM_R,N,9,Y15-74,2022M3G3,2019-01-01,11.296346,,,,,,,,,,,,
IT1:151_874(1.0),M,IT,UNEM_R,N,9,Y15-74,2022M3G31,2019-01-01,11.296346,,,,,,,,,,,,
IT1:151_874(1.0),M,IT,UNEM_R,N,9,Y15-74,2022M5G2,2019-01-01,11.296346,,,,,,,,,,,,
IT1:151_874(1.0),M,IT,UNEM_R,N,9,Y15-74,2022M6G1,2019-01-01,11.296346,,,,,,,,,,,,
IT1:151_874(1.0),M,IT,UNEM_R,N,9,Y15-74,2022M6G30,2019-01-01,11.296346,,,,,,,,,,,,
IT1:151_874(1.0),M,IT,UNEM_R,N,9,Y15-74,2022M8G1,2019-01-01,11.296346,,,,,,,,,,,,
IT1:151_874(1.0),M,IT,UNEM_R,N,9,Y15-74,2022M9G1,2019-01-01,11.296346,,,,,,,,,,,,
IT1:151_874(1.0),M,IT,UNEM_R,N,9,Y15-74,2022M9G30,2019-01-01,11.296346,,,,,,,,,,,,
IT1:151_874(1.0),M,IT,UNEM_R,N,9,Y15-74,2023M10G2,2019-01-01,11.296346,,,,,,,,,,,,
IT1:151_874(1.0),M,IT,UNEM_R,N,9,Y15-74,2023M11G3,2019-01-01,11.296346,,,,,,,,,,,,
IT1:151_874(1.0),M,IT,UNEM_R,N,9,Y15-74,2023M11G30,2019-01-01,11.296346,,,,,,,,,,,,
IT1:151_874(1.0),M,IT,UNEM_R,N,9,Y15-74,2023M1G31,2019-01-01,11.296346,,,,,,,,,,,,
IT1:151_874(1.0),M,IT,UNEM_R,N,9,Y15-74,2023M1G9,2019-01-01,11.296346,,,,,,,,,,,,
IT1:151_874(1.0),M,IT,UNEM_R,N,9,Y15-74,2023M3G2,2019-01-01,11.296346,,,,,,,,,,,,
IT1:151_874(1.0),M,IT,UNEM_R,N,9,Y15-74,2023M3G30,2019-01-01,11.296346,,,,,,,,,,,,
IT1:151_874(1.0),M,IT,UNEM_R,N,9,Y15-74,2023M5G3,2019-01-01,11.296346,,,,,,,,,,,,
IT1:151_874(1.0),M,IT,UNEM_R,N,9,Y15-74,2023M6G1,2019-01-01,11.296346,,,,,,,,,,,,
IT1:151_874(1.0),M,IT,UNEM_R,N,9,Y15-74,2023M6G30,2019-01-01,11.296346,,,,,,,,,,,,
IT1:151_874(1.0),M,IT,UNEM_R,N,9,Y15-74,2023M8G1,2019-01-01,11.296346,,,,,,,,,,,,
IT1:151_874(1.0),M,IT,UNEM_R,N,9,Y15-74,2023M8G31,2019-01-01,11.296346,,,,,,,,,,,,
IT1:151_874(1.0),M,IT,UNEM_R,N,9,Y15-74,2024M10G2,2019-01-01,11.296346,,,,,,,,,,,,
IT1:151_874(1.0),M,IT,UNEM_R,N,9,Y15-74,2024M10G31,2019-01-01,11.296346,,,,,,,,,,,,
IT1:151_874(1.0),M,IT,UNEM_R,N,9,Y15-74,2024M12G2,2019-01-01,11.296346,,,,,,,,,,,,
IT1:151_874(1.0),M,IT,UNEM_R,N,9,Y15-74,2024M1G31,2019-01-01,11.296346,,,,,,,,,,,,
IT1:151_874(1.0),M,IT,UNEM_R,N,9,Y15-74,2024M1G9,2019-01-01,11.296346,,,,,,,,,,,,
IT1:151_874(1.0),M,IT,UNEM_R,N,9,Y15-74,2024M3G1,2019-01-01,11.296346,,,,,,,,,,,,
IT1:151_874(1.0),M,IT,UNEM_R,N,9,Y15-74,2024M4G3,2019-01-01,11.296346,,,,,,,,,,,,
IT1:151_874(1.0),M,IT,UNEM_R,N,9,Y15-74,2024M5G3,2019-01-01,11.296346,,,,,,,,,,,,
IT1:151_874(1.0),M,IT,UNEM_R,N,9,Y15-74,2024M5G30,2019-01-01,11.296346,,,,,,,,,,,,
IT1:151_874(1.0),M,IT,UNEM_R,N,9,Y15-74,2024M7G2,2019-01-01,11.296346,,,,,,,,,,,,
IT1:151_874(1.0),M,IT,UNEM_R,N,9,Y15-74,2024M8G1,2019-01-01,11.296346,,,,,,,,,,,,
IT1:151_874(1.0),M,IT,UNEM_R,N,9,Y15-74,2024M8G30,2019-01-01,11.296346,,,,,,,,,,,,
IT1:151_874(1.0),M,IT,UNEM_R,N,9,Y15-74,2025M10G2,2019-01-01,11.296346,,,,,,,,,,,,
IT1:151_874(1.0),M,IT,UNEM_R,N,9,Y15-74,2025M10G30,2019-01-01,11.296346,,,,,,,,,,,,
IT1:151_874(1.0),M,IT,UNEM_R,N,9,Y15-74,2025M12G2,2019-01-01,11.296346,,,,,,,,,,,,
IT1:151_874(1.0),M,IT,UNEM_R,N,9,Y15-74,2025M1G30,2019-01-01,11.296346,,,,,,,,,,,,
IT1:151_874(1.0),M,IT,UNEM_R,N,9,Y15-74,2025M1G7,2019-01-01,11.296346,,,,,,,,,,,,
IT1:151_874(1.0),M,IT,UNEM_R,N,9,Y15-74,2025M3G4,2019-01-01,11.296346,,,,,,,,,,,,
IT1:151_874(1.0),M,IT,UNEM_R,N,9,Y15-74,2025M4G1,2019-01-01,11.296346,,,,,,,,,,,,
IT1:151_874(1.0),M,IT,UNEM_R,N,9,Y15-74,2025M5G2,2019-01-01,11.296346,,,,,,,,,,,,
IT1:151_874(1.0),M,IT,UNEM_R,N,9,Y15-74,2025M6G3,2019-01-01,11.296346,,,,,,,,,,,,
IT1:151_874(1.0),M,IT,UNEM_R,N,9,Y15-74,2025M7G2,2019-01-01,11.296346,,,,,,,,,,,,
IT1:151_874(1.0),M,IT,UNEM_R,N,9,Y15-74,2025M7G31,2019-01-01,11.296346,,,,,,,,,,,,
IT1:151_874(1.0),M,IT,UNEM_R,N,9,Y15-74,2025M9G1,2019-01-01,11.296346,,,,,,,,,,,,
IT1:151_874(1.0),M,IT,UNEM_R,N,9,Y15-74,2026M1G30,2019-01-01,11.296346,,,,,,,,,,,,
IT1:151_874(1.0),M,IT,UNEM_R,N,9,Y15-74,2026M1G8,2019-01-01,11.296346,,,,,,,,,,,,
IT1:151_874(1.0),M,IT,UNEM_R,N,9,Y15-74,2026M3G4,2019-01-01,11.296346,,,,,,,,,,,,
IT1:151_874(1.0),M,IT,UNEM_R,N,9,Y15-74,2026M4G1,2019-01-01,11.296346,,,,,,,,,,,,
IT1:151_874(1.0),M,IT,UNEM_R,N,9,Y15-74,2026M4G30,2019-01-01,11.296346,,,,,,,,,,,,
IT1:151_874(1.0),M,IT,UNEM_R,N,9,Y15-74,2022M11G3,2019-02-01,11.335897,,,,,,,,,,,,
IT1:151_874(1.0),M,IT,UNEM_R,N,9,Y15-74,2022M12G1,2019-02-01,11.335897,,,,,,,,,,,,
IT1:151_874(1.0),M,IT,UNEM_R,N,9,Y15-74,2022M2G1,2019-02-01,11.335897,,,,,,,,,,,,
IT1:151_874(1.0),M,IT,UNEM_R,N,9,Y15-74,2022M3G3,2019-02-01,11.335897,,,,,,,,,,,,
IT1:151_874(1.0),M,IT,UNEM_R,N,9,Y15-74,2022M3G31,2019-02-01,11.335897,,,,,,,,,,,,
IT1:151_874(1.0),M,IT,UNEM_R,N,9,Y15-74,2022M5G2,2019-02-01,11.335897,,,,,,,,,,,,
IT1:151_874(1.0),M,IT,UNEM_R,N,9,Y15-74,2022M6G1,2019-02-01,11.335897,,,,,,,,,,,,
IT1:151_874(1.0),M,IT,UNEM_R,N,9,Y15-74,2022M6G30,2019-02-01,11.335897,,,,,,,,,,,,
IT1:151_874(1.0),M,IT,UNEM_R,N,9,Y15-74,2022M8G1,2019-02-01,11.335897,,,,,,,,,,,,
IT1:151_874(1.0),M,IT,UNEM_R,N,9,Y15-74,2022M9G1,2019-02-01,11.335897,,,,,,,,,,,,
IT1:151_874(1.0),M,IT,UNEM_R,N,9,Y15-74,2022M9G30,2019-02-01,11.335897,,,,,,,,,,,,
IT1:151_874(1.0),M,IT,UNEM_R,N,9,Y15-74,2023M10G2,2019-02-01,11.335897,,,,,,,,,,,,
IT1:151_874(1.0),M,IT,UNEM_R,N,9,Y15-74,2023M11G3,2019-02-01,11.335897,,,,,,,,,,,,
IT1:151_874(1.0),M,IT,UNEM_R,N,9,Y15-74,2023M11G30,2019-02-01,11.335897,,,,,,,,,,,,
IT1:151_874(1.0),M,IT,UNEM_R,N,9,Y15-74,2023M1G31,2019-02-01,11.335897,,,,,,,,,,,,
IT1:151_874(1.0),M,IT,UNEM_R,N,9,Y15-74,2023M1G9,2019-02-01,11.335897,,,,,,,,,,,,
IT1:151_874(1.0),M,IT,UNEM_R,N,9,Y15-74,2023M3G2,2019-02-01,11.335897,,,,,,,,,,,,
IT1:151_874(1.0),M,IT,UNEM_R,N,9,Y15-74,2023M3G30,2019-02-01,11.335897,,,,,,,,,,,,
IT1:151_874(1.0),M,IT,UNEM_R,N,9,Y15-74,2023M5G3,2019-02-01,11.335897,,,,,,,,,,,,
IT1:151_874(1.0),M,IT,UNEM_R,N,9,Y15-74,2023M6G1,2019-02-01,11.335897,,,,,,,,,,,,
IT1:151_874(1.0),M,IT,UNEM_R,N,9,Y15-74,2023M6G30,2019-02-01,11.335897,,,,,,,,,,,,
IT1:151_874(1.0),M,IT,UNEM_R,N,9,Y15-74,2023M8G1,2019-02-01,11.335897,,,,,,,,,,,,
IT1:151_874(1.0),M,IT,UNEM_R,N,9,Y15-74,2023M8G31,2019-02-01,11.335897,,,,,,,,,,,,
IT1:151_874(1.0),M,IT,UNEM_R,N,9,Y15-74,2024M10G2,2019-02-01,11.335897,,,,,,,,,,,,
IT1:151_874(1.0),M,IT,UNEM_R,N,9,Y15-74,2024M10G31,2019-02-01,11.335897,,,,,,,,,,,,
IT1:151_874(1.0),M,IT,UNEM_R,N,9,Y15-74,2024M12G2,2019-02-01,11.335897,,,,,,,,,,,,
IT1:151_874(1.0),M,IT,UNEM_R,N,9,Y15-74,2024M1G31,2019-02-01,11.335897,,,,,,,,,,,,
IT1:151_874(1.0),M,IT,UNEM_R,N,9,Y15-74,2024M1G9,2019-02-01,11.335897,,,,,,,,,,,,
IT1:151_874(1.0),M,IT,UNEM_R,N,9,Y15-74,2024M3G1,2019-02-01,11.335897,,,,,,,,,,,,
IT1:151_874(1.0),M,IT,UNEM_R,N,9,Y15-74,2024M4G3,2019-02-01,11.335897,,,,,,,,,,,,
IT1:151_874(1.0),M,IT,UNEM_R,N,9,Y15-74,2024M5G3,2019-02-01,11.335897,,,,,,,,,,,,
IT1:151_874(1.0),M,IT,UNEM_R,N,9,Y15-74,2024M5G30,2019-02-01,11.335897,,,,,,,,,,,,
IT1:151_874(1.0),M,IT,UNEM_R,N,9,Y15-74,2024M7G2,2019-02-01,11.335897,,,,,,,,,,,,
IT1:151_874(1.0),M,IT,UNEM_R,N,9,Y15-74,2024M8G1,2019-02-01,11.335897,,,,,,,,,,,,
IT1:151_874(1.0),M,IT,UNEM_R,N,9,Y15-74,2024M8G30,2019-02-01,11.335897,,,,,,,,,,,,
IT1:151_874(1.0),M,IT,UNEM_R,N,9,Y15-74,2025M10G2,2019-02-01,11.335897,,,,,,,,,,,,
IT1:151_874(1.0),M,IT,UNEM_R,N,9,Y15-74,2025M10G30,2019-02-01,11.335897,,,,,,,,,,,,
IT1:151_874(1.0),M,IT,UNEM_R,N,9,Y15-74,2025M12G2,2019-02-01,11.335897,,,,,,,,,,,,
IT1:151_874(1.0),M,IT,UNEM_R,N,9,Y15-74,2025M1G30,2019-02-01,11.335897,,,,,,,,,,,,
IT1:151_874(1.0),M,IT,UNEM_R,N,9,Y15-74,2025M1G7,2019-02-01,11.335897,,,,,,,,,,,,
IT1:151_874(1.0),M,IT,UNEM_R,N,9,Y15-74,2025M3G4,2019-02-01,11.335897,,,,,,,,,,,,
IT1:151_874(1.0),M,IT,UNEM_R,N,9,Y15-74,2025M4G1,2019-02-01,11.335897,,,,,,,,,,,,
IT1:151_874(1.0),M,IT,UNEM_R,N,9,Y15-74,2025M5G2,2019-02-01,11.335897,,,,,,,,,,,,
IT1:151_874(1.0),M,IT,UNEM_R,N,9,Y15-74,2025M6G3,2019-02-01,11.335897,,,,,,,,,,,,
IT1:151_874(1.0),M,IT,UNEM_R,N,9,Y15-74,2025M7G2,2019-02-01,11.335897,,,,,,,,,,,,
IT1:151_874(1.0),M,IT,UNEM_R,N,9,Y15-74,2025M7G31,2019-02-01,11.335897,,,,,,,,,,,,
IT1:151_874(1.0),M,IT,UNEM_R,N,9,Y15-74,2025M9G1,2019-02-01,11.335897,,,,,,,,,,,,
IT1:151_874(1.0),M,IT,UNEM_R,N,9,Y15-74,2026M1G30,2019-02-01,11.335897,,,,,,,,,,,,
IT1:151_874(1.0),M,IT,UNEM_R,N,9,Y15-74,2026M1G8,2019-02-01,11.335897,,,,,,,,,,,,
IT1:151_874(1.0),M,IT,UNEM_R,N,9,Y15-74,2026M3G4,2019-02-01,11.335897,,,,,,,,,,,,
IT1:151_874(1.0),M,IT,UNEM_R,N,9,Y15-74,2026M4G1,2019-02-01,11.335897,,,,,,,,,,,,
IT1:151_874(1.0),M,IT,UNEM_R,N,9,Y15-74,2026M4G30,2019-02-01,11.335897,,,,,,,,,,,,
IT1:151_874(1.0),M,IT,UNEM_R,N,9,Y15-74,2022M11G3,2019-03-01,10.49287,,,,,,,,,,,,
IT1:151_874(1.0),M,IT,UNEM_R,N,9,Y15-74,2022M12G1,2019-03-01,10.49287,,,,,,,,,,,,
IT1:151_874(1.0),M,IT,UNEM_R,N,9,Y15-74,2022M2G1,2019-03-01,10.49287,,,,,,,,,,,,
IT1:151_874(1.0),M,IT,UNEM_R,N,9,Y15-74,2022M3G3,2019-03-01,10.49287,,,,,,,,,,,,
IT1:151_874(1.0),M,IT,UNEM_R,N,9,Y15-74,2022M3G31,2019-03-01,10.49287,,,,,,,,,,,,
IT1:151_874(1.0),M,IT,UNEM_R,N,9,Y15-74,2022M5G2,2019-03-01,10.49287,,,,,,,,,,,,
IT1:151_874(1.0),M,IT,UNEM_R,N,9,Y15-74,2022M6G1,2019-03-01,10.49287,,,,,,,,,,,,
IT1:151_874(1.0),M,IT,UNEM_R,N,9,Y15-74,2022M6G30,2019-03-01,10.49287,,,,,,,,,,,,
IT1:151_874(1.0),M,IT,UNEM_R,N,9,Y15-74,2022M8G1,2019-03-01,10.49287,,,,,,,,,,,,
IT1:151_874(1.0),M,IT,UNEM_R,N,9,Y15-74,2022M9G1,2019-03-01,10.49287,,,,,,,,,,,,
IT1:151_874(1.0),M,IT,UNEM_R,N,9,Y15-74,2022M9G30,2019-03-01,10.49287,,,,,,,,,,,,
IT1:151_874(1.0),M,IT,UNEM_R,N,9,Y15-74,2023M10G2,2019-03-01,10.49287,,,,,,,,,,,,
IT1:151_874(1.0),M,IT,UNEM_R,N,9,Y15-74,2023M11G3,2019-03-01,10.49287,,,,,,,,,,,,
IT1:151_874(1.0),M,IT,UNEM_R,N,9,Y15-74,2023M11G30,2019-03-01,10.49287,,,,,,,,,,,,
IT1:151_874(1.0),M,IT,UNEM_R,N,9,Y15-74,2023M1G31,2019-03-01,10.49287,,,,,,,,,,,,
IT1:151_874(1.0),M,IT,UNEM_R,N,9,Y15-74,2023M1G9,2019-03-01,10.49287,,,,,,,,,,,,
IT1:151_874(1.0),M,IT,UNEM_R,N,9,Y15-74,2023M3G2,2019-03-01,10.49287,,,,,,,,,,,,
IT1:151_874(1.0),M,IT,UNEM_R,N,9,Y15-74,2023M3G30,2019-03-01,10.49287,,,,,,,,,,,,
IT1:151_874(1.0),M,IT,UNEM_R,N,9,Y15-74,2023M5G3,2019-03-01,10.49287,,,,,,,,,,,,
IT1:151_874(1.0),M,IT,UNEM_R,N,9,Y15-74,2023M6G1,2019-03-01,10.49287,,,,,,,,,,,,
IT1:151_874(1.0),M,IT,UNEM_R,N,9,Y15-74,2023M6G30,2019-03-01,10.49287,,,,,,,,,,,,
IT1:151_874(1.0),M,IT,UNEM_R,N,9,Y15-74,2023M8G1,2019-03-01,10.49287,,,,,,,,,,,,
IT1:151_874(1.0),M,IT,UNEM_R,N,9,Y15-74,2023M8G31,2019-03-01,10.49287,,,,,,,,,,,,
IT1:151_874(1.0),M,IT,UNEM_R,N,9,Y15-74,2024M10G2,2019-03-01,10.49287,,,,,,,,,,,,
IT1:151_874(1.0),M,IT,UNEM_R,N,9,Y15-74,2024M10G31,2019-03-01,10.49287,,,,,,,,,,,,
IT1:151_874(1.0),M,IT,UNEM_R,N,9,Y15-74,2024M12G2,2019-03-01,10.49287,,,,,,,,,,,,
IT1:151_874(1.0),M,IT,UNEM_R,N,9,Y15-74,2024M1G31,2019-03-01,10.49287,,,,,,,,,,,,
IT1:151_874(1.0),M,IT,UNEM_R,N,9,Y15-74,2024M1G9,2019-03-01,10.49287,,,,,,,,,,,,
IT1:151_874(1.0),M,IT,UNEM_R,N,9,Y15-74,2024M3G1,2019-03-01,10.49287,,,,,,,,,,,,
IT1:151_874(1.0),M,IT,UNEM_R,N,9,Y15-74,2024M4G3,2019-03-01,10.49287,,,,,,,,,,,,
IT1:151_874(1.0),M,IT,UNEM_R,N,9,Y15-74,2024M5G3,2019-03-01,10.49287,,,,,,,,,,,,
IT1:151_874(1.0),M,IT,UNEM_R,N,9,Y15-74,2024M5G30,2019-03-01,10.49287,,,,,,,,,,,,
IT1:151_874(1.0),M,IT,UNEM_R,N,9,Y15-74,2024M7G2,2019-03-01,10.49287,,,,,,,,,,,,
IT1:151_874(1.0),M,IT,UNEM_R,N,9,Y15-74,2024M8G1,2019-03-01,10.49287,,,,,,,,,,,,
IT1:151_874(1.0),M,IT,UNEM_R,N,9,Y15-74,2024M8G30,2019-03-01,10.49287,,,,,,,,,,,,
IT1:151_874(1.0),M,IT,UNEM_R,N,9,Y15-74,2025M10G2,2019-03-01,10.49287,,,,,,,,,,,,
IT1:151_874(1.0),M,IT,UNEM_R,N,9,Y15-74,2025M10G30,2019-03-01,10.49287,,,,,,,,,,,,
IT1:151_874(1.0),M,IT,UNEM_R,N,9,Y15-74,2025M12G2,2019-03-01,10.49287,,,,,,,,,,,,
IT1:151_874(1.0),M,IT,UNEM_R,N,9,Y15-74,2025M1G30,2019-03-01,10.49287,,,,,,,,,,,,
IT1:151_874(1.0),M,IT,UNEM_R,N,9,Y15-74,2025M1G7,2019-03-01,10.49287,,,,,,,,,,,,
IT1:151_874(1.0),M,IT,UNEM_R,N,9,Y15-74,2025M3G4,2019-03-01,10.49287,,,,,,,,,,,,
IT1:151_874(1.0),M,IT,UNEM_R,N,9,Y15-74,2025M4G1,2019-03-01,10.49287,,,,,,,,,,,,
IT1:151_874(1.0),M,IT,UNEM_R,N,9,Y15-74,2025M5G2,2019-03-01,10.49287,,,,,,,,,,,,
IT1:151_874(1.0),M,IT,UNEM_R,N,9,Y15-74,2025M6G3,2019-03-01,10.49287,,,,,,,,,,,,
IT1:151_874(1.0),M,IT,UNEM_R,N,9,Y15-74,2025M7G2,2019-03-01,10.49287,,,,,,,,,,,,
IT1:151_874(1.0),M,IT,UNEM_R,N,9,Y15-74,2025M7G31,2019-03-01,10.49287,,,,,,,,,,,,
IT1:151_874(1.0),M,IT,UNEM_R,N,9,Y15-74,2025M9G1,2019-03-01,10.49287,,,,,,,,,,,,
IT1:151_874(1.0),M,IT,UNEM_R,N,9,Y15-74,2026M1G30,2019-03-01,10.49287,,,,,,,,,,,,
IT1:151_874(1.0),M,IT,UNEM_R,N,9,Y15-74,2026M1G8,2019-03-01,10.49287,,,,,,,,,,,,
IT1:151_874(1.0),M,IT,UNEM_R,N,9,Y15-74,2026M3G4,2019-03-01,10.49287,,,,,,,,,,,,
IT1:151_874(1.0),M,IT,UNEM_R,N,9,Y15-74,2026M4G1,2019-03-01,10.49287,,,,,,,,,,,,
IT1:151_874(1.0),M,IT,UNEM_R,N,9,Y15-74,2026M4G30,2019-03-01,10.49287,,,,,,,,,,,,
IT1:151_874(1.0),M,IT,UNEM_R,N,9,Y15-74,2022M11G3,2019-04-01,10.31991,,,,,,,,,,,,
IT1:151_874(1.0),M,IT,UNEM_R,N,9,Y15-74,2022M12G1,2019-04-01,10.31991,,,,,,,,,,,,
IT1:151_874(1.0),M,IT,UNEM_R,N,9,Y15-74,2022M2G1,2019-04-01,10.31991,,,,,,,,,,,,
IT1:151_874(1.0),M,IT,UNEM_R,N,9,Y15-74,2022M3G3,2019-04-01,10.31991,,,,,,,,,,,,
IT1:151_874(1.0),M,IT,UNEM_R,N,9,Y15-74,2022M3G31,2019-04-01,10.31991,,,,,,,,,,,,
IT1:151_874(1.0),M,IT,UNEM_R,N,9,Y15-74,2022M5G2,2019-04-01,10.31991,,,,,,,,,,,,
IT1:151_874(1.0),M,IT,UNEM_R,N,9,Y15-74,2022M6G1,2019-04-01,10.31991,,,,,,,,,,,,
IT1:151_874(1.0),M,IT,UNEM_R,N,9,Y15-74,2022M6G30,2019-04-01,10.31991,,,,,,,,,,,,
IT1:151_874(1.0),M,IT,UNEM_R,N,9,Y15-74,2022M8G1,2019-04-01,10.31991,,,,,,,,,,,,
IT1:151_874(1.0),M,IT,UNEM_R,N,9,Y15-74,2022M9G1,2019-04-01,10.31991,,,,,,,,,,,,
IT1:151_874(1.0),M,IT,UNEM_R,N,9,Y15-74,2022M9G30,2019-04-01,10.31991,,,,,,,,,,,,
IT1:151_874(1.0),M,IT,UNEM_R,N,9,Y15-74,2023M10G2,2019-04-01,10.31991,,,,,,,,,,,,
IT1:151_874(1.0),M,IT,UNEM_R,N,9,Y15-74,2023M11G3,2019-04-01,10.31991,,,,,,,,,,,,
IT1:151_874(1.0),M,IT,UNEM_R,N,9,Y15-74,2023M11G30,2019-04-01,10.31991,,,,,,,,,,,,
IT1:151_874(1.0),M,IT,UNEM_R,N,9,Y15-74,2023M1G31,2019-04-01,10.31991,,,,,,,,,,,,
IT1:151_874(1.0),M,IT,UNEM_R,N,9,Y15-74,2023M1G9,2019-04-01,10.31991,,,,,,,,,,,,
IT1:151_874(1.0),M,IT,UNEM_R,N,9,Y15-74,2023M3G2,2019-04-01,10.31991,,,,,,,,,,,,
IT1:151_874(1.0),M,IT,UNEM_R,N,9,Y15-74,2023M3G30,2019-04-01,10.31991,,,,,,,,,,,,
IT1:151_874(1.0),M,IT,UNEM_R,N,9,Y15-74,2023M5G3,2019-04-01,10.31991,,,,,,,,,,,,
IT1:151_874(1.0),M,IT,UNEM_R,N,9,Y15-74,2023M6G1,2019-04-01,10.31991,,,,,,,,,,,,
IT1:151_874(1.0),M,IT,UNEM_R,N,9,Y15-74,2023M6G30,2019-04-01,10.31991,,,,,,,,,,,,
IT1:151_874(1.0),M,IT,UNEM_R,N,9,Y15-74,2023M8G1,2019-04-01,10.31991,,,,,,,,,,,,
IT1:151_874(1.0),M,IT,UNEM_R,N,9,Y15-74,2023M8G31,2019-04-01,10.31991,,,,,,,,,,,,
IT1:151_874(1.0),M,IT,UNEM_R,N,9,Y15-74,2024M10G2,2019-04-01,10.31991,,,,,,,,,,,,
IT1:151_874(1.0),M,IT,UNEM_R,N,9,Y15-74,2024M10G31,2019-04-01,10.31991,,,,,,,,,,,,
IT1:151_874(1.0),M,IT,UNEM_R,N,9,Y15-74,2024M12G2,2019-04-01,10.31991,,,,,,,,,,,,
IT1:151_874(1.0),M,IT,UNEM_R,N,9,Y15-74,2024M1G31,2019-04-01,10.31991,,,,,,,,,,,,
IT1:151_874(1.0),M,IT,UNEM_R,N,9,Y15-74,2024M1G9,2019-04-01,10.31991,,,,,,,,,,,,
IT1:151_874(1.0),M,IT,UNEM_R,N,9,Y15-74,2024M3G1,2019-04-01,10.31991,,,,,,,,,,,,
IT1:151_874(1.0),M,IT,UNEM_R,N,9,Y15-74,2024M4G3,2019-04-01,10.31991,,,,,,,,,,,,
IT1:151_874(1.0),M,IT,UNEM_R,N,9,Y15-74,2024M5G3,2019-04-01,10.31991,,,,,,,,,,,,
IT1:151_874(1.0),M,IT,UNEM_R,N,9,Y15-74,2024M5G30,2019-04-01,10.31991,,,,,,,,,,,,
IT1:151_874(1.0),M,IT,UNEM_R,N,9,Y15-74,2024M7G2,2019-04-01,10.31991,,,,,,,,,,,,
IT1:151_874(1.0),M,IT,UNEM_R,N,9,Y15-74,2024M8G1,2019-04-01,10.31991,,,,,,,,,,,,
IT1:151_874(1.0),M,IT,UNEM_R,N,9,Y15-74,2024M8G30,2019-04-01,10.31991,,,,,,,,,,,,
IT1:151_874(1.0),M,IT,UNEM_R,N,9,Y15-74,2025M10G2,2019-04-01,10.31991,,,,,,,,,,,,
IT1:151_874(1.0),M,IT,UNEM_R,N,9,Y15-74,2025M10G30,2019-04-01,10.31991,,,,,,,,,,,,
IT1:151_874(1.0),M,IT,UNEM_R,N,9,Y15-74,2025M12G2,2019-04-01,10.31991,,,,,,,,,,,,
IT1:151_874(1.0),M,IT,UNEM_R,N,9,Y15-74,2025M1G30,2019-04-01,10.31991,,,,,,,,,,,,
IT1:151_874(1.0),M,IT,UNEM_R,N,9,Y15-74,2025M1G7,2019-04-01,10.31991,,,,,,,,,,,,
IT1:151_874(1.0),M,IT,UNEM_R,N,9,Y15-74,2025M3G4,2019-04-01,10.31991,,,,,,,,,,,,
IT1:151_874(1.0),M,IT,UNEM_R,N,9,Y15-74,2025M4G1,2019-04-01,10.31991,,,,,,,,,,,,
IT1:151_874(1.0),M,IT,UNEM_R,N,9,Y15-74,2025M5G2,2019-04-01,10.31991,,,,,,,,,,,,
IT1:151_874(1.0),M,IT,UNEM_R,N,9,Y15-74,2025M6G3,2019-04-01,10.31991,,,,,,,,,,,,
IT1:151_874(1.0),M,IT,UNEM_R,N,9,Y15-74,2025M7G2,2019-04-01,10.31991,,,,,,,,,,,,
IT1:151_874(1.0),M,IT,UNEM_R,N,9,Y15-74,2025M7G31,2019-04-01,10.31991,,,,,,,,,,,,
IT1:151_874(1.0),M,IT,UNEM_R,N,9,Y15-74,2025M9G1,2019-04-01,10.31991,,,,,,,,,,,,
IT1:151_874(1.0),M,IT,UNEM_R,N,9,Y15-74,2026M1G30,2019-04-01,10.31991,,,,,,,,,,,,
IT1:151_874(1.0),M,IT,UNEM_R,N,9,Y15-74,2026M1G8,2019-04-01,10.31991,,,,,,,,,,,,
IT1:151_874(1.0),M,IT,UNEM_R,N,9,Y15-74,2026M3G4,2019-04-01,10.31991,,,,,,,,,,,,
IT1:151_874(1.0),M,IT,UNEM_R,N,9,Y15-74,2026M4G1,2019-04-01,10.31991,,,,,,,,,,,,
IT1:151_874(1.0),M,IT,UNEM_R,N,9,Y15-74,2026M4G30,2019-04-01,10.31991,,,,,,,,,,,,
IT1:151_874(1.0),M,IT,UNEM_R,N,9,Y15-74,2022M11G3,2019-05-01,9.636684,,,,,,,,,,,,
IT1:151_874(1.0),M,IT,UNEM_R,N,9,Y15-74,2022M12G1,2019-05-01,9.636684,,,,,,,,,,,,
IT1:151_874(1.0),M,IT,UNEM_R,N,9,Y15-74,2022M2G1,2019-05-01,9.636684,,,,,,,,,,,,
IT1:151_874(1.0),M,IT,UNEM_R,N,9,Y15-74,2022M3G3,2019-05-01,9.636684,,,,,,,,,,,,
IT1:151_874(1.0),M,IT,UNEM_R,N,9,Y15-74,2022M3G31,2019-05-01,9.636684,,,,,,,,,,,,
IT1:151_874(1.0),M,IT,UNEM_R,N,9,Y15-74,2022M5G2,2019-05-01,9.636684,,,,,,,,,,,,
IT1:151_874(1.0),M,IT,UNEM_R,N,9,Y15-74,2022M6G1,2019-05-01,9.636684,,,,,,,,,,,,
IT1:151_874(1.0),M,IT,UNEM_R,N,9,Y15-74,2022M6G30,2019-05-01,9.636684,,,,,,,,,,,,
IT1:151_874(1.0),M,IT,UNEM_R,N,9,Y15-74,2022M8G1,2019-05-01,9.636684,,,,,,,,,,,,
IT1:151_874(1.0),M,IT,UNEM_R,N,9,Y15-74,2022M9G1,2019-05-01,9.636684,,,,,,,,,,,,
IT1:151_874(1.0),M,IT,UNEM_R,N,9,Y15-74,2022M9G30,2019-05-01,9.636684,,,,,,,,,,,,
IT1:151_874(1.0),M,IT,UNEM_R,N,9,Y15-74,2023M10G2,2019-05-01,9.636684,,,,,,,,,,,,
IT1:151_874(1.0),M,IT,UNEM_R,N,9,Y15-74,2023M11G3,2019-05-01,9.636684,,,,,,,,,,,,
IT1:151_874(1.0),M,IT,UNEM_R,N,9,Y15-74,2023M11G30,2019-05-01,9.636684,,,,,,,,,,,,
IT1:151_874(1.0),M,IT,UNEM_R,N,9,Y15-74,2023M1G31,2019-05-01,9.636684,,,,,,,,,,,,
IT1:151_874(1.0),M,IT,UNEM_R,N,9,Y15-74,2023M1G9,2019-05-01,9.636684,,,,,,,,,,,,
IT1:151_874(1.0),M,IT,UNEM_R,N,9,Y15-74,2023M3G2,2019-05-01,9.636684,,,,,,,,,,,,
IT1:151_874(1.0),M,IT,UNEM_R,N,9,Y15-74,2023M3G30,2019-05-01,9.636684,,,,,,,,,,,,
IT1:151_874(1.0),M,IT,UNEM_R,N,9,Y15-74,2023M5G3,2019-05-01,9.636684,,,,,,,,,,,,
IT1:151_874(1.0),M,IT,UNEM_R,N,9,Y15-74,2023M6G1,2019-05-01,9.636684,,,,,,,,,,,,
IT1:151_874(1.0),M,IT,UNEM_R,N,9,Y15-74,2023M6G30,2019-05-01,9.636684,,,,,,,,,,,,
IT1:151_874(1.0),M,IT,UNEM_R,N,9,Y15-74,2023M8G1,2019-05-01,9.636684,,,,,,,,,,,,
IT1:151_874(1.0),M,IT,UNEM_R,N,9,Y15-74,2023M8G31,2019-05-01,9.636684,,,,,,,,,,,,
IT1:151_874(1.0),M,IT,UNEM_R,N,9,Y15-74,2024M10G2,2019-05-01,9.636684,,,,,,,,,,,,
IT1:151_874(1.0),M,IT,UNEM_R,N,9,Y15-74,2024M10G31,2019-05-01,9.636684,,,,,,,,,,,,
IT1:151_874(1.0),M,IT,UNEM_R,N,9,Y15-74,2024M12G2,2019-05-01,9.636684,,,,,,,,,,,,
IT1:151_874(1.0),M,IT,UNEM_R,N,9,Y15-74,2024M1G31,2019-05-01,9.636684,,,,,,,,,,,,
IT1:151_874(1.0),M,IT,UNEM_R,N,9,Y15-74,2024M1G9,2019-05-01,9.636684,,,,,,,,,,,,
IT1:151_874(1.0),M,IT,UNEM_R,N,9,Y15-74,2024M3G1,2019-05-01,9.636684,,,,,,,,,,,,
IT1:151_874(1.0),M,IT,UNEM_R,N,9,Y15-74,2024M4G3,2019-05-01,9.636684,,,,,,,,,,,,
IT1:151_874(1.0),M,IT,UNEM_R,N,9,Y15-74,2024M5G3,2019-05-01,9.636684,,,,,,,,,,,,
IT1:151_874(1.0),M,IT,UNEM_R,N,9,Y15-74,2024M5G30,2019-05-01,9.636684,,,,,,,,,,,,
IT1:151_874(1.0),M,IT,UNEM_R,N,9,Y15-74,2024M7G2,2019-05-01,9.636684,,,,,,,,,,,,
IT1:151_874(1.0),M,IT,UNEM_R,N,9,Y15-74,2024M8G1,2019-05-01,9.636684,,,,,,,,,,,,
IT1:151_874(1.0),M,IT,UNEM_R,N,9,Y15-74,2024M8G30,2019-05-01,9.636684,,,,,,,,,,,,
IT1:151_874(1.0),M,IT,UNEM_R,N,9,Y15-74,2025M10G2,2019-05-01,9.636684,,,,,,,,,,,,
IT1:151_874(1.0),M,IT,UNEM_R,N,9,Y15-74,2025M10G30,2019-05-01,9.636684,,,,,,,,,,,,
IT1:151_874(1.0),M,IT,UNEM_R,N,9,Y15-74,2025M12G2,2019-05-01,9.636684,,,,,,,,,,,,
IT1:151_874(1.0),M,IT,UNEM_R,N,9,Y15-74,2025M1G30,2019-05-01,9.636684,,,,,,,,,,,,
IT1:151_874(1.0),M,IT,UNEM_R,N,9,Y15-74,2025M1G7,2019-05-01,9.636684,,,,,,,,,,,,
IT1:151_874(1.0),M,IT,UNEM_R,N,9,Y15-74,2025M3G4,2019-05-01,9.636684,,,,,,,,,,,,
IT1:151_874(1.0),M,IT,UNEM_R,N,9,Y15-74,2025M4G1,2019-05-01,9.636684,,,,,,,,,,,,
IT1:151_874(1.0),M,IT,UNEM_R,N,9,Y15-74,2025M5G2,2019-05-01,9.636684,,,,,,,,,,,,
IT1:151_874(1.0),M,IT,UNEM_R,N,9,Y15-74,2025M6G3,2019-05-01,9.636684,,,,,,,,,,,,
IT1:151_874(1.0),M,IT,UNEM_R,N,9,Y15-74,2025M7G2,2019-05-01,9.636684,,,,,,,,,,,,
IT1:151_874(1.0),M,IT,UNEM_R,N,9,Y15-74,2025M7G31,2019-05-01,9.636684,,,,,,,,,,,,
IT1:151_874(1.0),M,IT,UNEM_R,N,9,Y15-74,2025M9G1,2019-05-01,9.636684,,,,,,,,,,,,
IT1:151_874(1.0),M,IT,UNEM_R,N,9,Y15-74,2026M1G30,2019-05-01,9.636684,,,,,,,,,,,,
IT1:151_874(1.0),M,IT,UNEM_R,N,9,Y15-74,2026M1G8,2019-05-01,9.636684,,,,,,,,,,,,
IT1:151_874(1.0),M,IT,UNEM_R,N,9,Y15-74,2026M3G4,2019-05-01,9.636684,,,,,,,,,,,,
IT1:151_874(1.0),M,IT,UNEM_R,N,9,Y15-74,2026M4G1,2019-05-01,9.636684,,,,,,,,,,,,
IT1:151_874(1.0),M,IT,UNEM_R,N,9,Y15-74,2026M4G30,2019-05-01,9.636684,,,,,,,,,,,,
IT1:151_874(1.0),M,IT,UNEM_R,N,9,Y15-74,2022M11G3,2019-06-01,9.220039,,,,,,,,,,,,
IT1:151_874(1.0),M,IT,UNEM_R,N,9,Y15-74,2022M12G1,2019-06-01,9.220039,,,,,,,,,,,,
IT1:151_874(1.0),M,IT,UNEM_R,N,9,Y15-74,2022M2G1,2019-06-01,9.220039,,,,,,,,,,,,
IT1:151_874(1.0),M,IT,UNEM_R,N,9,Y15-74,2022M3G3,2019-06-01,9.220039,,,,,,,,,,,,
IT1:151_874(1.0),M,IT,UNEM_R,N,9,Y15-74,2022M3G31,2019-06-01,9.220039,,,,,,,,,,,,
IT1:151_874(1.0),M,IT,UNEM_R,N,9,Y15-74,2022M5G2,2019-06-01,9.220039,,,,,,,,,,,,
IT1:151_874(1.0),M,IT,UNEM_R,N,9,Y15-74,2022M6G1,2019-06-01,9.220039,,,,,,,,,,,,
IT1:151_874(1.0),M,IT,UNEM_R,N,9,Y15-74,2022M6G30,2019-06-01,9.220039,,,,,,,,,,,,
IT1:151_874(1.0),M,IT,UNEM_R,N,9,Y15-74,2022M8G1,2019-06-01,9.220039,,,,,,,,,,,,
IT1:151_874(1.0),M,IT,UNEM_R,N,9,Y15-74,2022M9G1,2019-06-01,9.220039,,,,,,,,,,,,
IT1:151_874(1.0),M,IT,UNEM_R,N,9,Y15-74,2022M9G30,2019-06-01,9.220039,,,,,,,,,,,,
IT1:151_874(1.0),M,IT,UNEM_R,N,9,Y15-74,2023M10G2,2019-06-01,9.220039,,,,,,,,,,,,
IT1:151_874(1.0),M,IT,UNEM_R,N,9,Y15-74,2023M11G3,2019-06-01,9.220039,,,,,,,,,,,,
IT1:151_874(1.0),M,IT,UNEM_R,N,9,Y15-74,2023M11G30,2019-06-01,9.220039,,,,,,,,,,,,
IT1:151_874(1.0),M,IT,UNEM_R,N,9,Y15-74,2023M1G31,2019-06-01,9.220039,,,,,,,,,,,,
IT1:151_874(1.0),M,IT,UNEM_R,N,9,Y15-74,2023M1G9,2019-06-01,9.220039,,,,,,,,,,,,
IT1:151_874(1.0),M,IT,UNEM_R,N,9,Y15-74,2023M3G2,2019-06-01,9.220039,,,,,,,,,,,,
IT1:151_874(1.0),M,IT,UNEM_R,N,9,Y15-74,2023M3G30,2019-06-01,9.220039,,,,,,,,,,,,
IT1:151_874(1.0),M,IT,UNEM_R,N,9,Y15-74,2023M5G3,2019-06-01,9.220039,,,,,,,,,,,,
IT1:151_874(1.0),M,IT,UNEM_R,N,9,Y15-74,2023M6G1,2019-06-01,9.220039,,,,,,,,,,,,
IT1:151_874(1.0),M,IT,UNEM_R,N,9,Y15-74,2023M6G30,2019-06-01,9.220039,,,,,,,,,,,,
IT1:151_874(1.0),M,IT,UNEM_R,N,9,Y15-74,2023M8G1,2019-06-01,9.220039,,,,,,,,,,,,
IT1:151_874(1.0),M,IT,UNEM_R,N,9,Y15-74,2023M8G31,2019-06-01,9.220039,,,,,,,,,,,,
IT1:151_874(1.0),M,IT,UNEM_R,N,9,Y15-74,2024M10G2,2019-06-01,9.220039,,,,,,,,,,,,
IT1:151_874(1.0),M,IT,UNEM_R,N,9,Y15-74,2024M10G31,2019-06-01,9.220039,,,,,,,,,,,,
IT1:151_874(1.0),M,IT,UNEM_R,N,9,Y15-74,2024M12G2,2019-06-01,9.220039,,,,,,,,,,,,
IT1:151_874(1.0),M,IT,UNEM_R,N,9,Y15-74,2024M1G31,2019-06-01,9.220039,,,,,,,,,,,,
IT1:151_874(1.0),M,IT,UNEM_R,N,9,Y15-74,2024M1G9,2019-06-01,9.220039,,,,,,,,,,,,
IT1:151_874(1.0),M,IT,UNEM_R,N,9,Y15-74,2024M3G1,2019-06-01,9.220039,,,,,,,,,,,,
IT1:151_874(1.0),M,IT,UNEM_R,N,9,Y15-74,2024M4G3,2019-06-01,9.220039,,,,,,,,,,,,
IT1:151_874(1.0),M,IT,UNEM_R,N,9,Y15-74,2024M5G3,2019-06-01,9.220039,,,,,,,,,,,,
IT1:151_874(1.0),M,IT,UNEM_R,N,9,Y15-74,2024M5G30,2019-06-01,9.220039,,,,,,,,,,,,
IT1:151_874(1.0),M,IT,UNEM_R,N,9,Y15-74,2024M7G2,2019-06-01,9.220039,,,,,,,,,,,,
IT1:151_874(1.0),M,IT,UNEM_R,N,9,Y15-74,2024M8G1,2019-06-01,9.220039,,,,,,,,,,,,
IT1:151_874(1.0),M,IT,UNEM_R,N,9,Y15-74,2024M8G30,2019-06-01,9.220039,,,,,,,,,,,,
IT1:151_874(1.0),M,IT,UNEM_R,N,9,Y15-74,2025M10G2,2019-06-01,9.220039,,,,,,,,,,,,
IT1:151_874(1.0),M,IT,UNEM_R,N,9,Y15-74,2025M10G30,2019-06-01,9.220039,,,,,,,,,,,,
IT1:151_874(1.0),M,IT,UNEM_R,N,9,Y15-74,2025M12G2,2019-06-01,9.220039,,,,,,,,,,,,
IT1:151_874(1.0),M,IT,UNEM_R,N,9,Y15-74,2025M1G30,2019-06-01,9.220039,,,,,,,,,,,,
IT1:151_874(1.0),M,IT,UNEM_R,N,9,Y15-74,2025M1G7,2019-06-01,9.220039,,,,,,,,,,,,
IT1:151_874(1.0),M,IT,UNEM_R,N,9,Y15-74,2025M3G4,2019-06-01,9.220039,,,,,,,,,,,,
IT1:151_874(1.0),M,IT,UNEM_R,N,9,Y15-74,2025M4G1,2019-06-01,9.220039,,,,,,,,,,,,
IT1:151_874(1.0),M,IT,UNEM_R,N,9,Y15-74,2025M5G2,2019-06-01,9.220039,,,,,,,,,,,,
IT1:151_874(1.0),M,IT,UNEM_R,N,9,Y15-74,2025M6G3,2019-06-01,9.220039,,,,,,,,,,,,
IT1:151_874(1.0),M,IT,UNEM_R,N,9,Y15-74,2025M7G2,2019-06-01,9.220039,,,,,,,,,,,,
IT1:151_874(1.0),M,IT,UNEM_R,N,9,Y15-74,2025M7G31,2019-06-01,9.220039,,,,,,,,,,,,
IT1:151_874(1.0),M,IT,UNEM_R,N,9,Y15-74,2025M9G1,2019-06-01,9.220039,,,,,,,,,,,,
IT1:151_874(1.0),M,IT,UNEM_R,N,9,Y15-74,2026M1G30,2019-06-01,9.220039,,,,,,,,,,,,
IT1:151_874(1.0),M,IT,UNEM_R,N,9,Y15-74,2026M1G8,2019-06-01,9.220039,,,,,,,,,,,,
IT1:151_874(1.0),M,IT,UNEM_R,N,9,Y15-74,2026M3G4,2019-06-01,9.220039,,,,,,,,,,,,
IT1:151_874(1.0),M,IT,UNEM_R,N,9,Y15-74,2026M4G1,2019-06-01,9.220039,,,,,,,,,,,,
IT1:151_874(1.0),M,IT,UNEM_R,N,9,Y15-74,2026M4G30,2019-06-01,9.220039,,,,,,,,,,,,
IT1:151_874(1.0),M,IT,UNEM_R,N,9,Y15-74,2022M11G3,2019-07-01,9.399802,,,,,,,,,,,,
IT1:151_874(1.0),M,IT,UNEM_R,N,9,Y15-74,2022M12G1,2019-07-01,9.399802,,,,,,,,,,,,
IT1:151_874(1.0),M,IT,UNEM_R,N,9,Y15-74,2022M2G1,2019-07-01,9.399802,,,,,,,,,,,,
IT1:151_874(1.0),M,IT,UNEM_R,N,9,Y15-74,2022M3G3,2019-07-01,9.399802,,,,,,,,,,,,
IT1:151_874(1.0),M,IT,UNEM_R,N,9,Y15-74,2022M3G31,2019-07-01,9.399802,,,,,,,,,,,,
IT1:151_874(1.0),M,IT,UNEM_R,N,9,Y15-74,2022M5G2,2019-07-01,9.399802,,,,,,,,,,,,
IT1:151_874(1.0),M,IT,UNEM_R,N,9,Y15-74,2022M6G1,2019-07-01,9.399802,,,,,,,,,,,,
IT1:151_874(1.0),M,IT,UNEM_R,N,9,Y15-74,2022M6G30,2019-07-01,9.399802,,,,,,,,,,,,
IT1:151_874(1.0),M,IT,UNEM_R,N,9,Y15-74,2022M8G1,2019-07-01,9.399802,,,,,,,,,,,,
IT1:151_874(1.0),M,IT,UNEM_R,N,9,Y15-74,2022M9G1,2019-07-01,9.399802,,,,,,,,,,,,
IT1:151_874(1.0),M,IT,UNEM_R,N,9,Y15-74,2022M9G30,2019-07-01,9.399802,,,,,,,,,,,,
IT1:151_874(1.0),M,IT,UNEM_R,N,9,Y15-74,2023M10G2,2019-07-01,9.399802,,,,,,,,,,,,
IT1:151_874(1.0),M,IT,UNEM_R,N,9,Y15-74,2023M11G3,2019-07-01,9.399802,,,,,,,,,,,,
IT1:151_874(1.0),M,IT,UNEM_R,N,9,Y15-74,2023M11G30,2019-07-01,9.399802,,,,,,,,,,,,
IT1:151_874(1.0),M,IT,UNEM_R,N,9,Y15-74,2023M1G31,2019-07-01,9.399802,,,,,,,,,,,,
IT1:151_874(1.0),M,IT,UNEM_R,N,9,Y15-74,2023M1G9,2019-07-01,9.399802,,,,,,,,,,,,
IT1:151_874(1.0),M,IT,UNEM_R,N,9,Y15-74,2023M3G2,2019-07-01,9.399802,,,,,,,,,,,,
IT1:151_874(1.0),M,IT,UNEM_R,N,9,Y15-74,2023M3G30,2019-07-01,9.399802,,,,,,,,,,,,
IT1:151_874(1.0),M,IT,UNEM_R,N,9,Y15-74,2023M5G3,2019-07-01,9.399802,,,,,,,,,,,,
IT1:151_874(1.0),M,IT,UNEM_R,N,9,Y15-74,2023M6G1,2019-07-01,9.399802,,,,,,,,,,,,
IT1:151_874(1.0),M,IT,UNEM_R,N,9,Y15-74,2023M6G30,2019-07-01,9.399802,,,,,,,,,,,,
IT1:151_874(1.0),M,IT,UNEM_R,N,9,Y15-74,2023M8G1,2019-07-01,9.399802,,,,,,,,,,,,
IT1:151_874(1.0),M,IT,UNEM_R,N,9,Y15-74,2023M8G31,2019-07-01,9.399802,,,,,,,,,,,,
IT1:151_874(1.0),M,IT,UNEM_R,N,9,Y15-74,2024M10G2,2019-07-01,9.399802,,,,,,,,,,,,
IT1:151_874(1.0),M,IT,UNEM_R,N,9,Y15-74,2024M10G31,2019-07-01,9.399802,,,,,,,,,,,,
IT1:151_874(1.0),M,IT,UNEM_R,N,9,Y15-74,2024M12G2,2019-07-01,9.399802,,,,,,,,,,,,
IT1:151_874(1.0),M,IT,UNEM_R,N,9,Y15-74,2024M1G31,2019-07-01,9.399802,,,,,,,,,,,,
IT1:151_874(1.0),M,IT,UNEM_R,N,9,Y15-74,2024M1G9,2019-07-01,9.399802,,,,,,,,,,,,
IT1:151_874(1.0),M,IT,UNEM_R,N,9,Y15-74,2024M3G1,2019-07-01,9.399802,,,,,,,,,,,,
IT1:151_874(1.0),M,IT,UNEM_R,N,9,Y15-74,2024M4G3,2019-07-01,9.399802,,,,,,,,,,,,
IT1:151_874(1.0),M,IT,UNEM_R,N,9,Y15-74,2024M5G3,2019-07-01,9.399802,,,,,,,,,,,,
IT1:151_874(1.0),M,IT,UNEM_R,N,9,Y15-74,2024M5G30,2019-07-01,9.399802,,,,,,,,,,,,
IT1:151_874(1.0),M,IT,UNEM_R,N,9,Y15-74,2024M7G2,2019-07-01,9.399802,,,,,,,,,,,,
IT1:151_874(1.0),M,IT,UNEM_R,N,9,Y15-74,2024M8G1,2019-07-01,9.399802,,,,,,,,,,,,
IT1:151_874(1.0),M,IT,UNEM_R,N,9,Y15-74,2024M8G30,2019-07-01,9.399802,,,,,,,,,,,,
IT1:151_874(1.0),M,IT,UNEM_R,N,9,Y15-74,2025M10G2,2019-07-01,9.399802,,,,,,,,,,,,
IT1:151_874(1.0),M,IT,UNEM_R,N,9,Y15-74,2025M10G30,2019-07-01,9.399802,,,,,,,,,,,,
IT1:151_874(1.0),M,IT,UNEM_R,N,9,Y15-74,2025M12G2,2019-07-01,9.399802,,,,,,,,,,,,
IT1:151_874(1.0),M,IT,UNEM_R,N,9,Y15-74,2025M1G30,2019-07-01,9.399802,,,,,,,,,,,,
IT1:151_874(1.0),M,IT,UNEM_R,N,9,Y15-74,2025M1G7,2019-07-01,9.399802,,,,,,,,,,,,
IT1:151_874(1.0),M,IT,UNEM_R,N,9,Y15-74,2025M3G4,2019-07-01,9.399802,,,,,,,,,,,,
IT1:151_874(1.0),M,IT,UNEM_R,N,9,Y15-74,2025M4G1,2019-07-01,9.399802,,,,,,,,,,,,
IT1:151_874(1.0),M,IT,UNEM_R,N,9,Y15-74,2025M5G2,2019-07-01,9.399802,,,,,,,,,,,,
IT1:151_874(1.0),M,IT,UNEM_R,N,9,Y15-74,2025M6G3,2019-07-01,9.399802,,,,,,,,,,,,
IT1:151_874(1.0),M,IT,UNEM_R,N,9,Y15-74,2025M7G2,2019-07-01,9.399802,,,,,,,,,,,,
IT1:151_874(1.0),M,IT,UNEM_R,N,9,Y15-74,2025M7G31,2019-07-01,9.399802,,,,,,,,,,,,
IT1:151_874(1.0),M,IT,UNEM_R,N,9,Y15-74,2025M9G1,2019-07-01,9.399802,,,,,,,,,,,,
IT1:151_874(1.0),M,IT,UNEM_R,N,9,Y15-74,2026M1G30,2019-07-01,9.399802,,,,,,,,,,,,
IT1:151_874(1.0),M,IT,UNEM_R,N,9,Y15-74,2026M1G8,2019-07-01,9.399802,,,,,,,,,,,,
IT1:151_874(1.0),M,IT,UNEM_R,N,9,Y15-74,2026M3G4,2019-07-01,9.399802,,,,,,,,,,,,
IT1:151_874(1.0),M,IT,UNEM_R,N,9,Y15-74,2026M4G1,2019-07-01,9.399802,,,,,,,,,,,,
IT1:151_874(1.0),M,IT,UNEM_R,N,9,Y15-74,2026M4G30,2019-07-01,9.399802,,,,,,,,,,,,
IT1:151_874(1.0),M,IT,UNEM_R,N,9,Y15-74,2022M11G3,2019-08-01,8.224342,,,,,,,,,,,,
IT1:151_874(1.0),M,IT,UNEM_R,N,9,Y15-74,2022M12G1,2019-08-01,8.224342,,,,,,,,,,,,
IT1:151_874(1.0),M,IT,UNEM_R,N,9,Y15-74,2022M2G1,2019-08-01,8.224342,,,,,,,,,,,,
IT1:151_874(1.0),M,IT,UNEM_R,N,9,Y15-74,2022M3G3,2019-08-01,8.224342,,,,,,,,,,,,
IT1:151_874(1.0),M,IT,UNEM_R,N,9,Y15-74,2022M3G31,2019-08-01,8.224342,,,,,,,,,,,,
IT1:151_874(1.0),M,IT,UNEM_R,N,9,Y15-74,2022M5G2,2019-08-01,8.224342,,,,,,,,,,,,
IT1:151_874(1.0),M,IT,UNEM_R,N,9,Y15-74,2022M6G1,2019-08-01,8.224342,,,,,,,,,,,,
IT1:151_874(1.0),M,IT,UNEM_R,N,9,Y15-74,2022M6G30,2019-08-01,8.224342,,,,,,,,,,,,
IT1:151_874(1.0),M,IT,UNEM_R,N,9,Y15-74,2022M8G1,2019-08-01,8.224342,,,,,,,,,,,,
IT1:151_874(1.0),M,IT,UNEM_R,N,9,Y15-74,2022M9G1,2019-08-01,8.224342,,,,,,,,,,,,
IT1:151_874(1.0),M,IT,UNEM_R,N,9,Y15-74,2022M9G30,2019-08-01,8.224342,,,,,,,,,,,,
IT1:151_874(1.0),M,IT,UNEM_R,N,9,Y15-74,2023M10G2,2019-08-01,8.224342,,,,,,,,,,,,
IT1:151_874(1.0),M,IT,UNEM_R,N,9,Y15-74,2023M11G3,2019-08-01,8.224342,,,,,,,,,,,,
IT1:151_874(1.0),M,IT,UNEM_R,N,9,Y15-74,2023M11G30,2019-08-01,8.224342,,,,,,,,,,,,
IT1:151_874(1.0),M,IT,UNEM_R,N,9,Y15-74,2023M1G31,2019-08-01,8.224342,,,,,,,,,,,,
IT1:151_874(1.0),M,IT,UNEM_R,N,9,Y15-74,2023M1G9,2019-08-01,8.224342,,,,,,,,,,,,
IT1:151_874(1.0),M,IT,UNEM_R,N,9,Y15-74,2023M3G2,2019-08-01,8.224342,,,,,,,,,,,,
IT1:151_874(1.0),M,IT,UNEM_R,N,9,Y15-74,2023M3G30,2019-08-01,8.224342,,,,,,,,,,,,
IT1:151_874(1.0),M,IT,UNEM_R,N,9,Y15-74,2023M5G3,2019-08-01,8.224342,,,,,,,,,,,,
IT1:151_874(1.0),M,IT,UNEM_R,N,9,Y15-74,2023M6G1,2019-08-01,8.224342,,,,,,,,,,,,
IT1:151_874(1.0),M,IT,UNEM_R,N,9,Y15-74,2023M6G30,2019-08-01,8.224342,,,,,,,,,,,,
IT1:151_874(1.0),M,IT,UNEM_R,N,9,Y15-74,2023M8G1,2019-08-01,8.224342,,,,,,,,,,,,
IT1:151_874(1.0),M,IT,UNEM_R,N,9,Y15-74,2023M8G31,2019-08-01,8.224342,,,,,,,,,,,,
IT1:151_874(1.0),M,IT,UNEM_R,N,9,Y15-74,2024M10G2,2019-08-01,8.224342,,,,,,,,,,,,
IT1:151_874(1.0),M,IT,UNEM_R,N,9,Y15-74,2024M10G31,2019-08-01,8.224342,,,,,,,,,,,,
IT1:151_874(1.0),M,IT,UNEM_R,N,9,Y15-74,2024M12G2,2019-08-01,8.224342,,,,,,,,,,,,
IT1:151_874(1.0),M,IT,UNEM_R,N,9,Y15-74,2024M1G31,2019-08-01,8.224342,,,,,,,,,,,,
IT1:151_874(1.0),M,IT,UNEM_R,N,9,Y15-74,2024M1G9,2019-08-01,8.224342,,,,,,,,,,,,
IT1:151_874(1.0),M,IT,UNEM_R,N,9,Y15-74,2024M3G1,2019-08-01,8.224342,,,,,,,,,,,,
IT1:151_874(1.0),M,IT,UNEM_R,N,9,Y15-74,2024M4G3,2019-08-01,8.224342,,,,,,,,,,,,
IT1:151_874(1.0),M,IT,UNEM_R,N,9,Y15-74,2024M5G3,2019-08-01,8.224342,,,,,,,,,,,,
IT1:151_874(1.0),M,IT,UNEM_R,N,9,Y15-74,2024M5G30,2019-08-01,8.224342,,,,,,,,,,,,
IT1:151_874(1.0),M,IT,UNEM_R,N,9,Y15-74,2024M7G2,2019-08-01,8.224342,,,,,,,,,,,,
IT1:151_874(1.0),M,IT,UNEM_R,N,9,Y15-74,2024M8G1,2019-08-01,8.224342,,,,,,,,,,,,
IT1:151_874(1.0),M,IT,UNEM_R,N,9,Y15-74,2024M8G30,2019-08-01,8.224342,,,,,,,,,,,,
IT1:151_874(1.0),M,IT,UNEM_R,N,9,Y15-74,2025M10G2,2019-08-01,8.224342,,,,,,,,,,,,
IT1:151_874(1.0),M,IT,UNEM_R,N,9,Y15-74,2025M10G30,2019-08-01,8.224342,,,,,,,,,,,,
IT1:151_874(1.0),M,IT,UNEM_R,N,9,Y15-74,2025M12G2,2019-08-01,8.224342,,,,,,,,,,,,
IT1:151_874(1.0),M,IT,UNEM_R,N,9,Y15-74,2025M1G30,2019-08-01,8.224342,,,,,,,,,,,,
IT1:151_874(1.0),M,IT,UNEM_R,N,9,Y15-74,2025M1G7,2019-08-01,8.224342,,,,,,,,,,,,
IT1:151_874(1.0),M,IT,UNEM_R,N,9,Y15-74,2025M3G4,2019-08-01,8.224342,,,,,,,,,,,,
IT1:151_874(1.0),M,IT,UNEM_R,N,9,Y15-74,2025M4G1,2019-08-01,8.224342,,,,,,,,,,,,
IT1:151_874(1.0),M,IT,UNEM_R,N,9,Y15-74,2025M5G2,2019-08-01,8.224342,,,,,,,,,,,,
IT1:151_874(1.0),M,IT,UNEM_R,N,9,Y15-74,2025M6G3,2019-08-01,8.224342,,,,,,,,,,,,
IT1:151_874(1.0),M,IT,UNEM_R,N,9,Y15-74,2025M7G2,2019-08-01,8.224342,,,,,,,,,,,,
IT1:151_874(1.0),M,IT,UNEM_R,N,9,Y15-74,2025M7G31,2019-08-01,8.224342,,,,,,,,,,,,
IT1:151_874(1.0),M,IT,UNEM_R,N,9,Y15-74,2025M9G1,2019-08-01,8.224342,,,,,,,,,,,,
IT1:151_874(1.0),M,IT,UNEM_R,N,9,Y15-74,2026M1G30,2019-08-01,8.224342,,,,,,,,,,,,
IT1:151_874(1.0),M,IT,UNEM_R,N,9,Y15-74,2026M1G8,2019-08-01,8.224342,,,,,,,,,,,,
IT1:151_874(1.0),M,IT,UNEM_R,N,9,Y15-74,2026M3G4,2019-08-01,8.224342,,,,,,,,,,,,
IT1:151_874(1.0),M,IT,UNEM_R,N,9,Y15-74,2026M4G1,2019-08-01,8.224342,,,,,,,,,,,,
IT1:151_874(1.0),M,IT,UNEM_R,N,9,Y15-74,2026M4G30,2019-08-01,8.224342,,,,,,,,,,,,
IT1:151_874(1.0),M,IT,UNEM_R,N,9,Y15-74,2022M11G3,2019-09-01,9.785865,,,,,,,,,,,,
IT1:151_874(1.0),M,IT,UNEM_R,N,9,Y15-74,2022M12G1,2019-09-01,9.785865,,,,,,,,,,,,
IT1:151_874(1.0),M,IT,UNEM_R,N,9,Y15-74,2022M2G1,2019-09-01,9.785865,,,,,,,,,,,,
IT1:151_874(1.0),M,IT,UNEM_R,N,9,Y15-74,2022M3G3,2019-09-01,9.785865,,,,,,,,,,,,
IT1:151_874(1.0),M,IT,UNEM_R,N,9,Y15-74,2022M3G31,2019-09-01,9.785865,,,,,,,,,,,,
IT1:151_874(1.0),M,IT,UNEM_R,N,9,Y15-74,2022M5G2,2019-09-01,9.785865,,,,,,,,,,,,
IT1:151_874(1.0),M,IT,UNEM_R,N,9,Y15-74,2022M6G1,2019-09-01,9.785865,,,,,,,,,,,,
IT1:151_874(1.0),M,IT,UNEM_R,N,9,Y15-74,2022M6G30,2019-09-01,9.785865,,,,,,,,,,,,
IT1:151_874(1.0),M,IT,UNEM_R,N,9,Y15-74,2022M8G1,2019-09-01,9.785865,,,,,,,,,,,,
IT1:151_874(1.0),M,IT,UNEM_R,N,9,Y15-74,2022M9G1,2019-09-01,9.785865,,,,,,,,,,,,
IT1:151_874(1.0),M,IT,UNEM_R,N,9,Y15-74,2022M9G30,2019-09-01,9.785865,,,,,,,,,,,,
IT1:151_874(1.0),M,IT,UNEM_R,N,9,Y15-74,2023M10G2,2019-09-01,9.785865,,,,,,,,,,,,
IT1:151_874(1.0),M,IT,UNEM_R,N,9,Y15-74,2023M11G3,2019-09-01,9.785865,,,,,,,,,,,,
IT1:151_874(1.0),M,IT,UNEM_R,N,9,Y15-74,2023M11G30,2019-09-01,9.785865,,,,,,,,,,,,
IT1:151_874(1.0),M,IT,UNEM_R,N,9,Y15-74,2023M1G31,2019-09-01,9.785865,,,,,,,,,,,,
IT1:151_874(1.0),M,IT,UNEM_R,N,9,Y15-74,2023M1G9,2019-09-01,9.785865,,,,,,,,,,,,
IT1:151_874(1.0),M,IT,UNEM_R,N,9,Y15-74,2023M3G2,2019-09-01,9.785865,,,,,,,,,,,,
IT1:151_874(1.0),M,IT,UNEM_R,N,9,Y15-74,2023M3G30,2019-09-01,9.785865,,,,,,,,,,,,
IT1:151_874(1.0),M,IT,UNEM_R,N,9,Y15-74,2023M5G3,2019-09-01,9.785865,,,,,,,,,,,,
IT1:151_874(1.0),M,IT,UNEM_R,N,9,Y15-74,2023M6G1,2019-09-01,9.785865,,,,,,,,,,,,
IT1:151_874(1.0),M,IT,UNEM_R,N,9,Y15-74,2023M6G30,2019-09-01,9.785865,,,,,,,,,,,,
IT1:151_874(1.0),M,IT,UNEM_R,N,9,Y15-74,2023M8G1,2019-09-01,9.785865,,,,,,,,,,,,
IT1:151_874(1.0),M,IT,UNEM_R,N,9,Y15-74,2023M8G31,2019-09-01,9.785865,,,,,,,,,,,,
IT1:151_874(1.0),M,IT,UNEM_R,N,9,Y15-74,2024M10G2,2019-09-01,9.785865,,,,,,,,,,,,
IT1:151_874(1.0),M,IT,UNEM_R,N,9,Y15-74,2024M10G31,2019-09-01,9.785865,,,,,,,,,,,,
IT1:151_874(1.0),M,IT,UNEM_R,N,9,Y15-74,2024M12G2,2019-09-01,9.785865,,,,,,,,,,,,
IT1:151_874(1.0),M,IT,UNEM_R,N,9,Y15-74,2024M1G31,2019-09-01,9.785865,,,,,,,,,,,,
IT1:151_874(1.0),M,IT,UNEM_R,N,9,Y15-74,2024M1G9,2019-09-01,9.785865,,,,,,,,,,,,
IT1:151_874(1.0),M,IT,UNEM_R,N,9,Y15-74,2024M3G1,2019-09-01,9.785865,,,,,,,,,,,,
IT1:151_874(1.0),M,IT,UNEM_R,N,9,Y15-74,2024M4G3,2019-09-01,9.785865,,,,,,,,,,,,
IT1:151_874(1.0),M,IT,UNEM_R,N,9,Y15-74,2024M5G3,2019-09-01,9.785865,,,,,,,,,,,,
IT1:151_874(1.0),M,IT,UNEM_R,N,9,Y15-74,2024M5G30,2019-09-01,9.785865,,,,,,,,,,,,
IT1:151_874(1.0),M,IT,UNEM_R,N,9,Y15-74,2024M7G2,2019-09-01,9.785865,,,,,,,,,,,,
IT1:151_874(1.0),M,IT,UNEM_R,N,9,Y15-74,2024M8G1,2019-09-01,9.785865,,,,,,,,,,,,
IT1:151_874(1.0),M,IT,UNEM_R,N,9,Y15-74,2024M8G30,2019-09-01,9.785865,,,,,,,,,,,,
IT1:151_874(1.0),M,IT,UNEM_R,N,9,Y15-74,2025M10G2,2019-09-01,9.785865,,,,,,,,,,,,
IT1:151_874(1.0),M,IT,UNEM_R,N,9,Y15-74,2025M10G30,2019-09-01,9.785865,,,,,,,,,,,,
IT1:151_874(1.0),M,IT,UNEM_R,N,9,Y15-74,2025M12G2,2019-09-01,9.785865,,,,,,,,,,,,
IT1:151_874(1.0),M,IT,UNEM_R,N,9,Y15-74,2025M1G30,2019-09-01,9.785865,,,,,,,,,,,,
IT1:151_874(1.0),M,IT,UNEM_R,N,9,Y15-74,2025M1G7,2019-09-01,9.785865,,,,,,,,,,,,
IT1:151_874(1.0),M,IT,UNEM_R,N,9,Y15-74,2025M3G4,2019-09-01,9.785865,,,,,,,,,,,,
IT1:151_874(1.0),M,IT,UNEM_R,N,9,Y15-74,2025M4G1,2019-09-01,9.785865,,,,,,,,,,,,
IT1:151_874(1.0),M,IT,UNEM_R,N,9,Y15-74,2025M5G2,2019-09-01,9.785865,,,,,,,,,,,,
IT1:151_874(1.0),M,IT,UNEM_R,N,9,Y15-74,2025M6G3,2019-09-01,9.785865,,,,,,,,,,,,
IT1:151_874(1.0),M,IT,UNEM_R,N,9,Y15-74,2025M7G2,2019-09-01,9.785865,,,,,,,,,,,,
IT1:151_874(1.0),M,IT,UNEM_R,N,9,Y15-74,2025M7G31,2019-09-01,9.785865,,,,,,,,,,,,
IT1:151_874(1.0),M,IT,UNEM_R,N,9,Y15-74,2025M9G1,2019-09-01,9.785865,,,,,,,,,,,,
IT1:151_874(1.0),M,IT,UNEM_R,N,9,Y15-74,2026M1G30,2019-09-01,9.785865,,,,,,,,,,,,
IT1:151_874(1.0),M,IT,UNEM_R,N,9,Y15-74,2026M1G8,2019-09-01,9.785865,,,,,,,,,,,,
IT1:151_874(1.0),M,IT,UNEM_R,N,9,Y15-74,2026M3G4,2019-09-01,9.785865,,,,,,,,,,,,
IT1:151_874(1.0),M,IT,UNEM_R,N,9,Y15-74,2026M4G1,2019-09-01,9.785865,,,,,,,,,,,,
IT1:151_874(1.0),M,IT,UNEM_R,N,9,Y15-74,2026M4G30,2019-09-01,9.785865,,,,,,,,,,,,
IT1:151_874(1.0),M,IT,UNEM_R,N,9,Y15-74,2022M11G3,2019-10-01,9.91242,,,,,,,,,,,,
IT1:151_874(1.0),M,IT,UNEM_R,N,9,Y15-74,2022M12G1,2019-10-01,9.91242,,,,,,,,,,,,
IT1:151_874(1.0),M,IT,UNEM_R,N,9,Y15-74,2022M2G1,2019-10-01,9.91242,,,,,,,,,,,,
IT1:151_874(1.0),M,IT,UNEM_R,N,9,Y15-74,2022M3G3,2019-10-01,9.91242,,,,,,,,,,,,
IT1:151_874(1.0),M,IT,UNEM_R,N,9,Y15-74,2022M3G31,2019-10-01,9.91242,,,,,,,,,,,,
IT1:151_874(1.0),M,IT,UNEM_R,N,9,Y15-74,2022M5G2,2019-10-01,9.91242,,,,,,,,,,,,
IT1:151_874(1.0),M,IT,UNEM_R,N,9,Y15-74,2022M6G1,2019-10-01,9.91242,,,,,,,,,,,,
IT1:151_874(1.0),M,IT,UNEM_R,N,9,Y15-74,2022M6G30,2019-10-01,9.91242,,,,,,,,,,,,
IT1:151_874(1.0),M,IT,UNEM_R,N,9,Y15-74,2022M8G1,2019-10-01,9.91242,,,,,,,,,,,,
IT1:151_874(1.0),M,IT,UNEM_R,N,9,Y15-74,2022M9G1,2019-10-01,9.91242,,,,,,,,,,,,
IT1:151_874(1.0),M,IT,UNEM_R,N,9,Y15-74,2022M9G30,2019-10-01,9.91242,,,,,,,,,,,,
IT1:151_874(1.0),M,IT,UNEM_R,N,9,Y15-74,2023M10G2,2019-10-01,9.91242,,,,,,,,,,,,
IT1:151_874(1.0),M,IT,UNEM_R,N,9,Y15-74,2023M11G3,2019-10-01,9.91242,,,,,,,,,,,,
IT1:151_874(1.0),M,IT,UNEM_R,N,9,Y15-74,2023M11G30,2019-10-01,9.91242,,,,,,,,,,,,
IT1:151_874(1.0),M,IT,UNEM_R,N,9,Y15-74,2023M1G31,2019-10-01,9.91242,,,,,,,,,,,,
IT1:151_874(1.0),M,IT,UNEM_R,N,9,Y15-74,2023M1G9,2019-10-01,9.91242,,,,,,,,,,,,
IT1:151_874(1.0),M,IT,UNEM_R,N,9,Y15-74,2023M3G2,2019-10-01,9.91242,,,,,,,,,,,,
IT1:151_874(1.0),M,IT,UNEM_R,N,9,Y15-74,2023M3G30,2019-10-01,9.91242,,,,,,,,,,,,
IT1:151_874(1.0),M,IT,UNEM_R,N,9,Y15-74,2023M5G3,2019-10-01,9.91242,,,,,,,,,,,,
IT1:151_874(1.0),M,IT,UNEM_R,N,9,Y15-74,2023M6G1,2019-10-01,9.91242,,,,,,,,,,,,
IT1:151_874(1.0),M,IT,UNEM_R,N,9,Y15-74,2023M6G30,2019-10-01,9.91242,,,,,,,,,,,,
IT1:151_874(1.0),M,IT,UNEM_R,N,9,Y15-74,2023M8G1,2019-10-01,9.91242,,,,,,,,,,,,
IT1:151_874(1.0),M,IT,UNEM_R,N,9,Y15-74,2023M8G31,2019-10-01,9.91242,,,,,,,,,,,,
IT1:151_874(1.0),M,IT,UNEM_R,N,9,Y15-74,2024M10G2,2019-10-01,9.91242,,,,,,,,,,,,
IT1:151_874(1.0),M,IT,UNEM_R,N,9,Y15-74,2024M10G31,2019-10-01,9.91242,,,,,,,,,,,,
IT1:151_874(1.0),M,IT,UNEM_R,N,9,Y15-74,2024M12G2,2019-10-01,9.91242,,,,,,,,,,,,
IT1:151_874(1.0),M,IT,UNEM_R,N,9,Y15-74,2024M1G31,2019-10-01,9.91242,,,,,,,,,,,,
IT1:151_874(1.0),M,IT,UNEM_R,N,9,Y15-74,2024M1G9,2019-10-01,9.91242,,,,,,,,,,,,
IT1:151_874(1.0),M,IT,UNEM_R,N,9,Y15-74,2024M3G1,2019-10-01,9.91242,,,,,,,,,,,,
IT1:151_874(1.0),M,IT,UNEM_R,N,9,Y15-74,2024M4G3,2019-10-01,9.91242,,,,,,,,,,,,
IT1:151_874(1.0),M,IT,UNEM_R,N,9,Y15-74,2024M5G3,2019-10-01,9.91242,,,,,,,,,,,,
IT1:151_874(1.0),M,IT,UNEM_R,N,9,Y15-74,2024M5G30,2019-10-01,9.91242,,,,,,,,,,,,
IT1:151_874(1.0),M,IT,UNEM_R,N,9,Y15-74,2024M7G2,2019-10-01,9.91242,,,,,,,,,,,,
IT1:151_874(1.0),M,IT,UNEM_R,N,9,Y15-74,2024M8G1,2019-10-01,9.91242,,,,,,,,,,,,
IT1:151_874(1.0),M,IT,UNEM_R,N,9,Y15-74,2024M8G30,2019-10-01,9.91242,,,,,,,,,,,,
IT1:151_874(1.0),M,IT,UNEM_R,N,9,Y15-74,2025M10G2,2019-10-01,9.91242,,,,,,,,,,,,
IT1:151_874(1.0),M,IT,UNEM_R,N,9,Y15-74,2025M10G30,2019-10-01,9.91242,,,,,,,,,,,,
IT1:151_874(1.0),M,IT,UNEM_R,N,9,Y15-74,2025M12G2,2019-10-01,9.91242,,,,,,,,,,,,
IT1:151_874(1.0),M,IT,UNEM_R,N,9,Y15-74,2025M1G30,2019-10-01,9.91242,,,,,,,,,,,,
IT1:151_874(1.0),M,IT,UNEM_R,N,9,Y15-74,2025M1G7,2019-10-01,9.91242,,,,,,,,,,,,
IT1:151_874(1.0),M,IT,UNEM_R,N,9,Y15-74,2025M3G4,2019-10-01,9.91242,,,,,,,,,,,,
IT1:151_874(1.0),M,IT,UNEM_R,N,9,Y15-74,2025M4G1,2019-10-01,9.91242,,,,,,,,,,,,
IT1:151_874(1.0),M,IT,UNEM_R,N,9,Y15-74,2025M5G2,2019-10-01,9.91242,,,,,,,,,,,,
IT1:151_874(1.0),M,IT,UNEM_R,N,9,Y15-74,2025M6G3,2019-10-01,9.91242,,,,,,,,,,,,
IT1:151_874(1.0),M,IT,UNEM_R,N,9,Y15-74,2025M7G2,2019-10-01,9.91242,,,,,,,,,,,,
IT1:151_874(1.0),M,IT,UNEM_R,N,9,Y15-74,2025M7G31,2019-10-01,9.91242,,,,,,,,,,,,
IT1:151_874(1.0),M,IT,UNEM_R,N,9,Y15-74,2025M9G1,2019-10-01,9.91242,,,,,,,,,,,,
IT1:151_874(1.0),M,IT,UNEM_R,N,9,Y15-74,2026M1G30,2019-10-01,9.91242,,,,,,,,,,,,
IT1:151_874(1.0),M,IT,UNEM_R,N,9,Y15-74,2026M1G8,2019-10-01,9.91242,,,,,,,,,,,,
IT1:151_874(1.0),M,IT,UNEM_R,N,9,Y15-74,2026M3G4,2019-10-01,9.91242,,,,,,,,,,,,
IT1:151_874(1.0),M,IT,UNEM_R,N,9,Y15-74,2026M4G1,2019-10-01,9.91242,,,,,,,,,,,,
IT1:151_874(1.0),M,IT,UNEM_R,N,9,Y15-74,2026M4G30,2019-10-01,9.91242,,,,,,,,,,,,
IT1:151_874(1.0),M,IT,UNEM_R,N,9,Y15-74,2022M11G3,2019-11-01,9.935279,,,,,,,,,,,,
IT1:151_874(1.0),M,IT,UNEM_R,N,9,Y15-74,2022M12G1,2019-11-01,9.935279,,,,,,,,,,,,
IT1:151_874(1.0),M,IT,UNEM_R,N,9,Y15-74,2022M2G1,2019-11-01,9.935279,,,,,,,,,,,,
IT1:151_874(1.0),M,IT,UNEM_R,N,9,Y15-74,2022M3G3,2019-11-01,9.935279,,,,,,,,,,,,
IT1:151_874(1.0),M,IT,UNEM_R,N,9,Y15-74,2022M3G31,2019-11-01,9.935279,,,,,,,,,,,,
IT1:151_874(1.0),M,IT,UNEM_R,N,9,Y15-74,2022M5G2,2019-11-01,9.935279,,,,,,,,,,,,
IT1:151_874(1.0),M,IT,UNEM_R,N,9,Y15-74,2022M6G1,2019-11-01,9.935279,,,,,,,,,,,,
IT1:151_874(1.0),M,IT,UNEM_R,N,9,Y15-74,2022M6G30,2019-11-01,9.935279,,,,,,,,,,,,
IT1:151_874(1.0),M,IT,UNEM_R,N,9,Y15-74,2022M8G1,2019-11-01,9.935279,,,,,,,,,,,,
IT1:151_874(1.0),M,IT,UNEM_R,N,9,Y15-74,2022M9G1,2019-11-01,9.935279,,,,,,,,,,,,
IT1:151_874(1.0),M,IT,UNEM_R,N,9,Y15-74,2022M9G30,2019-11-01,9.935279,,,,,,,,,,,,
IT1:151_874(1.0),M,IT,UNEM_R,N,9,Y15-74,2023M10G2,2019-11-01,9.935279,,,,,,,,,,,,
IT1:151_874(1.0),M,IT,UNEM_R,N,9,Y15-74,2023M11G3,2019-11-01,9.935279,,,,,,,,,,,,
IT1:151_874(1.0),M,IT,UNEM_R,N,9,Y15-74,2023M11G30,2019-11-01,9.935279,,,,,,,,,,,,
IT1:151_874(1.0),M,IT,UNEM_R,N,9,Y15-74,2023M1G31,2019-11-01,9.935279,,,,,,,,,,,,
IT1:151_874(1.0),M,IT,UNEM_R,N,9,Y15-74,2023M1G9,2019-11-01,9.935279,,,,,,,,,,,,
IT1:151_874(1.0),M,IT,UNEM_R,N,9,Y15-74,2023M3G2,2019-11-01,9.935279,,,,,,,,,,,,
IT1:151_874(1.0),M,IT,UNEM_R,N,9,Y15-74,2023M3G30,2019-11-01,9.935279,,,,,,,,,,,,
IT1:151_874(1.0),M,IT,UNEM_R,N,9,Y15-74,2023M5G3,2019-11-01,9.935279,,,,,,,,,,,,
IT1:151_874(1.0),M,IT,UNEM_R,N,9,Y15-74,2023M6G1,2019-11-01,9.935279,,,,,,,,,,,,
IT1:151_874(1.0),M,IT,UNEM_R,N,9,Y15-74,2023M6G30,2019-11-01,9.935279,,,,,,,,,,,,
IT1:151_874(1.0),M,IT,UNEM_R,N,9,Y15-74,2023M8G1,2019-11-01,9.935279,,,,,,,,,,,,
IT1:151_874(1.0),M,IT,UNEM_R,N,9,Y15-74,2023M8G31,2019-11-01,9.935279,,,,,,,,,,,,
IT1:151_874(1.0),M,IT,UNEM_R,N,9,Y15-74,2024M10G2,2019-11-01,9.935279,,,,,,,,,,,,
IT1:151_874(1.0),M,IT,UNEM_R,N,9,Y15-74,2024M10G31,2019-11-01,9.935279,,,,,,,,,,,,
IT1:151_874(1.0),M,IT,UNEM_R,N,9,Y15-74,2024M12G2,2019-11-01,9.935279,,,,,,,,,,,,
IT1:151_874(1.0),M,IT,UNEM_R,N,9,Y15-74,2024M1G31,2019-11-01,9.935279,,,,,,,,,,,,
IT1:151_874(1.0),M,IT,UNEM_R,N,9,Y15-74,2024M1G9,2019-11-01,9.935279,,,,,,,,,,,,
IT1:151_874(1.0),M,IT,UNEM_R,N,9,Y15-74,2024M3G1,2019-11-01,9.935279,,,,,,,,,,,,
IT1:151_874(1.0),M,IT,UNEM_R,N,9,Y15-74,2024M4G3,2019-11-01,9.935279,,,,,,,,,,,,
IT1:151_874(1.0),M,IT,UNEM_R,N,9,Y15-74,2024M5G3,2019-11-01,9.935279,,,,,,,,,,,,
IT1:151_874(1.0),M,IT,UNEM_R,N,9,Y15-74,2024M5G30,2019-11-01,9.935279,,,,,,,,,,,,
IT1:151_874(1.0),M,IT,UNEM_R,N,9,Y15-74,2024M7G2,2019-11-01,9.935279,,,,,,,,,,,,
IT1:151_874(1.0),M,IT,UNEM_R,N,9,Y15-74,2024M8G1,2019-11-01,9.935279,,,,,,,,,,,,
IT1:151_874(1.0),M,IT,UNEM_R,N,9,Y15-74,2024M8G30,2019-11-01,9.935279,,,,,,,,,,,,
IT1:151_874(1.0),M,IT,UNEM_R,N,9,Y15-74,2025M10G2,2019-11-01,9.935279,,,,,,,,,,,,
IT1:151_874(1.0),M,IT,UNEM_R,N,9,Y15-74,2025M10G30,2019-11-01,9.935279,,,,,,,,,,,,
IT1:151_874(1.0),M,IT,UNEM_R,N,9,Y15-74,2025M12G2,2019-11-01,9.935279,,,,,,,,,,,,
IT1:151_874(1.0),M,IT,UNEM_R,N,9,Y15-74,2025M1G30,2019-11-01,9.935279,,,,,,,,,,,,
IT1:151_874(1.0),M,IT,UNEM_R,N,9,Y15-74,2025M1G7,2019-11-01,9.935279,,,,,,,,,,,,
IT1:151_874(1.0),M,IT,UNEM_R,N,9,Y15-74,2025M3G4,2019-11-01,9.935279,,,,,,,,,,,,
IT1:151_874(1.0),M,IT,UNEM_R,N,9,Y15-74,2025M4G1,2019-11-01,9.935279,,,,,,,,,,,,
IT1:151_874(1.0),M,IT,UNEM_R,N,9,Y15-74,2025M5G2,2019-11-01,9.935279,,,,,,,,,,,,
IT1:151_874(1.0),M,IT,UNEM_R,N,9,Y15-74,2025M6G3,2019-11-01,9.935279,,,,,,,,,,,,
IT1:151_874(1.0),M,IT,UNEM_R,N,9,Y15-74,2025M7G2,2019-11-01,9.935279,,,,,,,,,,,,
IT1:151_874(1.0),M,IT,UNEM_R,N,9,Y15-74,2025M7G31,2019-11-01,9.935279,,,,,,,,,,,,
IT1:151_874(1.0),M,IT,UNEM_R,N,9,Y15-74,2025M9G1,2019-11-01,9.935279,,,,,,,,,,,,
IT1:151_874(1.0),M,IT,UNEM_R,N,9,Y15-74,2026M1G30,2019-11-01,9.935279,,,,,,,,,,,,
IT1:151_874(1.0),M,IT,UNEM_R,N,9,Y15-74,2026M1G8,2019-11-01,9.935279,,,,,,,,,,,,
IT1:151_874(1.0),M,IT,UNEM_R,N,9,Y15-74,2026M3G4,2019-11-01,9.935279,,,,,,,,,,,,
IT1:151_874(1.0),M,IT,UNEM_R,N,9,Y15-74,2026M4G1,2019-11-01,9.935279,,,,,,,,,,,,
IT1:151_874(1.0),M,IT,UNEM_R,N,9,Y15-74,2026M4G30,2019-11-01,9.935279,,,,,,,,,,,,
IT1:151_874(1.0),M,IT,UNEM_R,N,9,Y15-74,2022M11G3,2019-12-01,9.803236,,,,,,,,,,,,
IT1:151_874(1.0),M,IT,UNEM_R,N,9,Y15-74,2022M12G1,2019-12-01,9.803236,,,,,,,,,,,,
IT1:151_874(1.0),M,IT,UNEM_R,N,9,Y15-74,2022M2G1,2019-12-01,9.803236,,,,,,,,,,,,
IT1:151_874(1.0),M,IT,UNEM_R,N,9,Y15-74,2022M3G3,2019-12-01,9.803236,,,,,,,,,,,,
IT1:151_874(1.0),M,IT,UNEM_R,N,9,Y15-74,2022M3G31,2019-12-01,9.803236,,,,,,,,,,,,
IT1:151_874(1.0),M,IT,UNEM_R,N,9,Y15-74,2022M5G2,2019-12-01,9.803236,,,,,,,,,,,,
IT1:151_874(1.0),M,IT,UNEM_R,N,9,Y15-74,2022M6G1,2019-12-01,9.803236,,,,,,,,,,,,
IT1:151_874(1.0),M,IT,UNEM_R,N,9,Y15-74,2022M6G30,2019-12-01,9.803236,,,,,,,,,,,,
IT1:151_874(1.0),M,IT,UNEM_R,N,9,Y15-74,2022M8G1,2019-12-01,9.803236,,,,,,,,,,,,
IT1:151_874(1.0),M,IT,UNEM_R,N,9,Y15-74,2022M9G1,2019-12-01,9.803236,,,,,,,,,,,,
IT1:151_874(1.0),M,IT,UNEM_R,N,9,Y15-74,2022M9G30,2019-12-01,9.803236,,,,,,,,,,,,
IT1:151_874(1.0),M,IT,UNEM_R,N,9,Y15-74,2023M10G2,2019-12-01,9.803236,,,,,,,,,,,,
IT1:151_874(1.0),M,IT,UNEM_R,N,9,Y15-74,2023M11G3,2019-12-01,9.803236,,,,,,,,,,,,
IT1:151_874(1.0),M,IT,UNEM_R,N,9,Y15-74,2023M11G30,2019-12-01,9.803236,,,,,,,,,,,,
IT1:151_874(1.0),M,IT,UNEM_R,N,9,Y15-74,2023M1G31,2019-12-01,9.803236,,,,,,,,,,,,
IT1:151_874(1.0),M,IT,UNEM_R,N,9,Y15-74,2023M1G9,2019-12-01,9.803236,,,,,,,,,,,,
IT1:151_874(1.0),M,IT,UNEM_R,N,9,Y15-74,2023M3G2,2019-12-01,9.803236,,,,,,,,,,,,
IT1:151_874(1.0),M,IT,UNEM_R,N,9,Y15-74,2023M3G30,2019-12-01,9.803236,,,,,,,,,,,,
IT1:151_874(1.0),M,IT,UNEM_R,N,9,Y15-74,2023M5G3,2019-12-01,9.803236,,,,,,,,,,,,
IT1:151_874(1.0),M,IT,UNEM_R,N,9,Y15-74,2023M6G1,2019-12-01,9.803236,,,,,,,,,,,,
IT1:151_874(1.0),M,IT,UNEM_R,N,9,Y15-74,2023M6G30,2019-12-01,9.803236,,,,,,,,,,,,
IT1:151_874(1.0),M,IT,UNEM_R,N,9,Y15-74,2023M8G1,2019-12-01,9.803236,,,,,,,,,,,,
IT1:151_874(1.0),M,IT,UNEM_R,N,9,Y15-74,2023M8G31,2019-12-01,9.803236,,,,,,,,,,,,
IT1:151_874(1.0),M,IT,UNEM_R,N,9,Y15-74,2024M10G2,2019-12-01,9.803236,,,,,,,,,,,,
IT1:151_874(1.0),M,IT,UNEM_R,N,9,Y15-74,2024M10G31,2019-12-01,9.803236,,,,,,,,,,,,
IT1:151_874(1.0),M,IT,UNEM_R,N,9,Y15-74,2024M12G2,2019-12-01,9.803236,,,,,,,,,,,,
IT1:151_874(1.0),M,IT,UNEM_R,N,9,Y15-74,2024M1G31,2019-12-01,9.803236,,,,,,,,,,,,
IT1:151_874(1.0),M,IT,UNEM_R,N,9,Y15-74,2024M1G9,2019-12-01,9.803236,,,,,,,,,,,,
IT1:151_874(1.0),M,IT,UNEM_R,N,9,Y15-74,2024M3G1,2019-12-01,9.803236,,,,,,,,,,,,
IT1:151_874(1.0),M,IT,UNEM_R,N,9,Y15-74,2024M4G3,2019-12-01,9.803236,,,,,,,,,,,,
IT1:151_874(1.0),M,IT,UNEM_R,N,9,Y15-74,2024M5G3,2019-12-01,9.803236,,,,,,,,,,,,
IT1:151_874(1.0),M,IT,UNEM_R,N,9,Y15-74,2024M5G30,2019-12-01,9.803236,,,,,,,,,,,,
IT1:151_874(1.0),M,IT,UNEM_R,N,9,Y15-74,2024M7G2,2019-12-01,9.803236,,,,,,,,,,,,
IT1:151_874(1.0),M,IT,UNEM_R,N,9,Y15-74,2024M8G1,2019-12-01,9.803236,,,,,,,,,,,,
IT1:151_874(1.0),M,IT,UNEM_R,N,9,Y15-74,2024M8G30,2019-12-01,9.803236,,,,,,,,,,,,
IT1:151_874(1.0),M,IT,UNEM_R,N,9,Y15-74,2025M10G2,2019-12-01,9.803236,,,,,,,,,,,,
IT1:151_874(1.0),M,IT,UNEM_R,N,9,Y15-74,2025M10G30,2019-12-01,9.803236,,,,,,,,,,,,
IT1:151_874(1.0),M,IT,UNEM_R,N,9,Y15-74,2025M12G2,2019-12-01,9.803236,,,,,,,,,,,,
IT1:151_874(1.0),M,IT,UNEM_R,N,9,Y15-74,2025M1G30,2019-12-01,9.803236,,,,,,,,,,,,
IT1:151_874(1.0),M,IT,UNEM_R,N,9,Y15-74,2025M1G7,2019-12-01,9.803236,,,,,,,,,,,,
IT1:151_874(1.0),M,IT,UNEM_R,N,9,Y15-74,2025M3G4,2019-12-01,9.803236,,,,,,,,,,,,
IT1:151_874(1.0),M,IT,UNEM_R,N,9,Y15-74,2025M4G1,2019-12-01,9.803236,,,,,,,,,,,,
IT1:151_874(1.0),M,IT,UNEM_R,N,9,Y15-74,2025M5G2,2019-12-01,9.803236,,,,,,,,,,,,
IT1:151_874(1.0),M,IT,UNEM_R,N,9,Y15-74,2025M6G3,2019-12-01,9.803236,,,,,,,,,,,,
IT1:151_874(1.0),M,IT,UNEM_R,N,9,Y15-74,2025M7G2,2019-12-01,9.803236,,,,,,,,,,,,
IT1:151_874(1.0),M,IT,UNEM_R,N,9,Y15-74,2025M7G31,2019-12-01,9.803236,,,,,,,,,,,,
IT1:151_874(1.0),M,IT,UNEM_R,N,9,Y15-74,2025M9G1,2019-12-01,9.803236,,,,,,,,,,,,
IT1:151_874(1.0),M,IT,UNEM_R,N,9,Y15-74,2026M1G30,2019-12-01,9.803236,,,,,,,,,,,,
IT1:151_874(1.0),M,IT,UNEM_R,N,9,Y15-74,2026M1G8,2019-12-01,9.803236,,,,,,,,,,,,
IT1:151_874(1.0),M,IT,UNEM_R,N,9,Y15-74,2026M3G4,2019-12-01,9.803236,,,,,,,,,,,,
IT1:151_874(1.0),M,IT,UNEM_R,N,9,Y15-74,2026M4G1,2019-12-01,9.803236,,,,,,,,,,,,
IT1:151_874(1.0),M,IT,UNEM_R,N,9,Y15-74,2026M4G30,2019-12-01,9.803236,,,,,,,,,,,,
IT1:151_874(1.0),M,IT,UNEM_R,N,9,Y15-74,2022M11G3,2020-01-01,10.495,,,,,,,,,,,,
IT1:151_874(1.0),M,IT,UNEM_R,N,9,Y15-74,2022M12G1,2020-01-01,10.495,,,,,,,,,,,,
IT1:151_874(1.0),M,IT,UNEM_R,N,9,Y15-74,2022M2G1,2020-01-01,10.495,,,,,,,,,,,,
IT1:151_874(1.0),M,IT,UNEM_R,N,9,Y15-74,2022M3G3,2020-01-01,10.495,,,,,,,,,,,,
IT1:151_874(1.0),M,IT,UNEM_R,N,9,Y15-74,2022M3G31,2020-01-01,10.495,,,,,,,,,,,,
IT1:151_874(1.0),M,IT,UNEM_R,N,9,Y15-74,2022M5G2,2020-01-01,10.495,,,,,,,,,,,,
IT1:151_874(1.0),M,IT,UNEM_R,N,9,Y15-74,2022M6G1,2020-01-01,10.495,,,,,,,,,,,,
IT1:151_874(1.0),M,IT,UNEM_R,N,9,Y15-74,2022M6G30,2020-01-01,10.495,,,,,,,,,,,,
IT1:151_874(1.0),M,IT,UNEM_R,N,9,Y15-74,2022M8G1,2020-01-01,10.495,,,,,,,,,,,,
IT1:151_874(1.0),M,IT,UNEM_R,N,9,Y15-74,2022M9G1,2020-01-01,10.495,,,,,,,,,,,,
IT1:151_874(1.0),M,IT,UNEM_R,N,9,Y15-74,2022M9G30,2020-01-01,10.495,,,,,,,,,,,,
IT1:151_874(1.0),M,IT,UNEM_R,N,9,Y15-74,2023M10G2,2020-01-01,10.495,,,,,,,,,,,,
IT1:151_874(1.0),M,IT,UNEM_R,N,9,Y15-74,2023M11G3,2020-01-01,10.495,,,,,,,,,,,,
IT1:151_874(1.0),M,IT,UNEM_R,N,9,Y15-74,2023M11G30,2020-01-01,10.495,,,,,,,,,,,,
IT1:151_874(1.0),M,IT,UNEM_R,N,9,Y15-74,2023M1G31,2020-01-01,10.495,,,,,,,,,,,,
IT1:151_874(1.0),M,IT,UNEM_R,N,9,Y15-74,2023M1G9,2020-01-01,10.495,,,,,,,,,,,,
IT1:151_874(1.0),M,IT,UNEM_R,N,9,Y15-74,2023M3G2,2020-01-01,10.495,,,,,,,,,,,,
IT1:151_874(1.0),M,IT,UNEM_R,N,9,Y15-74,2023M3G30,2020-01-01,10.495,,,,,,,,,,,,
IT1:151_874(1.0),M,IT,UNEM_R,N,9,Y15-74,2023M5G3,2020-01-01,10.495,,,,,,,,,,,,
IT1:151_874(1.0),M,IT,UNEM_R,N,9,Y15-74,2023M6G1,2020-01-01,10.495,,,,,,,,,,,,
IT1:151_874(1.0),M,IT,UNEM_R,N,9,Y15-74,2023M6G30,2020-01-01,10.495,,,,,,,,,,,,
IT1:151_874(1.0),M,IT,UNEM_R,N,9,Y15-74,2023M8G1,2020-01-01,10.495,,,,,,,,,,,,
IT1:151_874(1.0),M,IT,UNEM_R,N,9,Y15-74,2023M8G31,2020-01-01,10.495,,,,,,,,,,,,
IT1:151_874(1.0),M,IT,UNEM_R,N,9,Y15-74,2024M10G2,2020-01-01,10.495,,,,,,,,,,,,
IT1:151_874(1.0),M,IT,UNEM_R,N,9,Y15-74,2024M10G31,2020-01-01,10.495,,,,,,,,,,,,
IT1:151_874(1.0),M,IT,UNEM_R,N,9,Y15-74,2024M12G2,2020-01-01,10.495,,,,,,,,,,,,
IT1:151_874(1.0),M,IT,UNEM_R,N,9,Y15-74,2024M1G31,2020-01-01,10.495,,,,,,,,,,,,
IT1:151_874(1.0),M,IT,UNEM_R,N,9,Y15-74,2024M1G9,2020-01-01,10.495,,,,,,,,,,,,
IT1:151_874(1.0),M,IT,UNEM_R,N,9,Y15-74,2024M3G1,2020-01-01,10.495,,,,,,,,,,,,
IT1:151_874(1.0),M,IT,UNEM_R,N,9,Y15-74,2024M4G3,2020-01-01,10.495,,,,,,,,,,,,
IT1:151_874(1.0),M,IT,UNEM_R,N,9,Y15-74,2024M5G3,2020-01-01,10.495,,,,,,,,,,,,
IT1:151_874(1.0),M,IT,UNEM_R,N,9,Y15-74,2024M5G30,2020-01-01,10.495,,,,,,,,,,,,
IT1:151_874(1.0),M,IT,UNEM_R,N,9,Y15-74,2024M7G2,2020-01-01,10.495,,,,,,,,,,,,
IT1:151_874(1.0),M,IT,UNEM_R,N,9,Y15-74,2024M8G1,2020-01-01,10.495,,,,,,,,,,,,
IT1:151_874(1.0),M,IT,UNEM_R,N,9,Y15-74,2024M8G30,2020-01-01,10.495,,,,,,,,,,,,
IT1:151_874(1.0),M,IT,UNEM_R,N,9,Y15-74,2025M10G2,2020-01-01,10.495,,,,,,,,,,,,
IT1:151_874(1.0),M,IT,UNEM_R,N,9,Y15-74,2025M10G30,2020-01-01,10.495,,,,,,,,,,,,
IT1:151_874(1.0),M,IT,UNEM_R,N,9,Y15-74,2025M12G2,2020-01-01,10.495,,,,,,,,,,,,
IT1:151_874(1.0),M,IT,UNEM_R,N,9,Y15-74,2025M1G30,2020-01-01,10.495,,,,,,,,,,,,
IT1:151_874(1.0),M,IT,UNEM_R,N,9,Y15-74,2025M1G7,2020-01-01,10.495,,,,,,,,,,,,
IT1:151_874(1.0),M,IT,UNEM_R,N,9,Y15-74,2025M3G4,2020-01-01,10.495,,,,,,,,,,,,
IT1:151_874(1.0),M,IT,UNEM_R,N,9,Y15-74,2025M4G1,2020-01-01,10.495,,,,,,,,,,,,
IT1:151_874(1.0),M,IT,UNEM_R,N,9,Y15-74,2025M5G2,2020-01-01,10.495,,,,,,,,,,,,
IT1:151_874(1.0),M,IT,UNEM_R,N,9,Y15-74,2025M6G3,2020-01-01,10.495,,,,,,,,,,,,
IT1:151_874(1.0),M,IT,UNEM_R,N,9,Y15-74,2025M7G2,2020-01-01,10.495,,,,,,,,,,,,
IT1:151_874(1.0),M,IT,UNEM_R,N,9,Y15-74,2025M7G31,2020-01-01,10.495,,,,,,,,,,,,
IT1:151_874(1.0),M,IT,UNEM_R,N,9,Y15-74,2025M9G1,2020-01-01,10.495,,,,,,,,,,,,
IT1:151_874(1.0),M,IT,UNEM_R,N,9,Y15-74,2026M1G30,2020-01-01,10.495,,,,,,,,,,,,
IT1:151_874(1.0),M,IT,UNEM_R,N,9,Y15-74,2026M1G8,2020-01-01,10.495,,,,,,,,,,,,
IT1:151_874(1.0),M,IT,UNEM_R,N,9,Y15-74,2026M3G4,2020-01-01,10.495,,,,,,,,,,,,
IT1:151_874(1.0),M,IT,UNEM_R,N,9,Y15-74,2026M4G1,2020-01-01,10.495,,,,,,,,,,,,
IT1:151_874(1.0),M,IT,UNEM_R,N,9,Y15-74,2026M4G30,2020-01-01,10.495,,,,,,,,,,,,
IT1:151_874(1.0),M,IT,UNEM_R,N,9,Y15-74,2022M11G3,2020-02-01,10.021484,,,,,,,,,,,,
IT1:151_874(1.0),M,IT,UNEM_R,N,9,Y15-74,2022M12G1,2020-02-01,10.021484,,,,,,,,,,,,
IT1:151_874(1.0),M,IT,UNEM_R,N,9,Y15-74,2022M2G1,2020-02-01,10.021484,,,,,,,,,,,,
IT1:151_874(1.0),M,IT,UNEM_R,N,9,Y15-74,2022M3G3,2020-02-01,10.021484,,,,,,,,,,,,
IT1:151_874(1.0),M,IT,UNEM_R,N,9,Y15-74,2022M3G31,2020-02-01,10.021484,,,,,,,,,,,,
IT1:151_874(1.0),M,IT,UNEM_R,N,9,Y15-74,2022M5G2,2020-02-01,10.021484,,,,,,,,,,,,
IT1:151_874(1.0),M,IT,UNEM_R,N,9,Y15-74,2022M6G1,2020-02-01,10.021484,,,,,,,,,,,,
IT1:151_874(1.0),M,IT,UNEM_R,N,9,Y15-74,2022M6G30,2020-02-01,10.021484,,,,,,,,,,,,
IT1:151_874(1.0),M,IT,UNEM_R,N,9,Y15-74,2022M8G1,2020-02-01,10.021484,,,,,,,,,,,,
IT1:151_874(1.0),M,IT,UNEM_R,N,9,Y15-74,2022M9G1,2020-02-01,10.021484,,,,,,,,,,,,
IT1:151_874(1.0),M,IT,UNEM_R,N,9,Y15-74,2022M9G30,2020-02-01,10.021484,,,,,,,,,,,,
IT1:151_874(1.0),M,IT,UNEM_R,N,9,Y15-74,2023M10G2,2020-02-01,10.021484,,,,,,,,,,,,
IT1:151_874(1.0),M,IT,UNEM_R,N,9,Y15-74,2023M11G3,2020-02-01,10.021484,,,,,,,,,,,,
IT1:151_874(1.0),M,IT,UNEM_R,N,9,Y15-74,2023M11G30,2020-02-01,10.021484,,,,,,,,,,,,
IT1:151_874(1.0),M,IT,UNEM_R,N,9,Y15-74,2023M1G31,2020-02-01,10.021484,,,,,,,,,,,,
IT1:151_874(1.0),M,IT,UNEM_R,N,9,Y15-74,2023M1G9,2020-02-01,10.021484,,,,,,,,,,,,
IT1:151_874(1.0),M,IT,UNEM_R,N,9,Y15-74,2023M3G2,2020-02-01,10.021484,,,,,,,,,,,,
IT1:151_874(1.0),M,IT,UNEM_R,N,9,Y15-74,2023M3G30,2020-02-01,10.021484,,,,,,,,,,,,
IT1:151_874(1.0),M,IT,UNEM_R,N,9,Y15-74,2023M5G3,2020-02-01,10.021484,,,,,,,,,,,,
IT1:151_874(1.0),M,IT,UNEM_R,N,9,Y15-74,2023M6G1,2020-02-01,10.021484,,,,,,,,,,,,
IT1:151_874(1.0),M,IT,UNEM_R,N,9,Y15-74,2023M6G30,2020-02-01,10.021484,,,,,,,,,,,,
IT1:151_874(1.0),M,IT,UNEM_R,N,9,Y15-74,2023M8G1,2020-02-01,10.021484,,,,,,,,,,,,
IT1:151_874(1.0),M,IT,UNEM_R,N,9,Y15-74,2023M8G31,2020-02-01,10.021484,,,,,,,,,,,,
IT1:151_874(1.0),M,IT,UNEM_R,N,9,Y15-74,2024M10G2,2020-02-01,10.021484,,,,,,,,,,,,
IT1:151_874(1.0),M,IT,UNEM_R,N,9,Y15-74,2024M10G31,2020-02-01,10.021484,,,,,,,,,,,,
IT1:151_874(1.0),M,IT,UNEM_R,N,9,Y15-74,2024M12G2,2020-02-01,10.021484,,,,,,,,,,,,
IT1:151_874(1.0),M,IT,UNEM_R,N,9,Y15-74,2024M1G31,2020-02-01,10.021484,,,,,,,,,,,,
IT1:151_874(1.0),M,IT,UNEM_R,N,9,Y15-74,2024M1G9,2020-02-01,10.021484,,,,,,,,,,,,
IT1:151_874(1.0),M,IT,UNEM_R,N,9,Y15-74,2024M3G1,2020-02-01,10.021484,,,,,,,,,,,,
IT1:151_874(1.0),M,IT,UNEM_R,N,9,Y15-74,2024M4G3,2020-02-01,10.021484,,,,,,,,,,,,
IT1:151_874(1.0),M,IT,UNEM_R,N,9,Y15-74,2024M5G3,2020-02-01,10.021484,,,,,,,,,,,,
IT1:151_874(1.0),M,IT,UNEM_R,N,9,Y15-74,2024M5G30,2020-02-01,10.021484,,,,,,,,,,,,
IT1:151_874(1.0),M,IT,UNEM_R,N,9,Y15-74,2024M7G2,2020-02-01,10.021484,,,,,,,,,,,,
IT1:151_874(1.0),M,IT,UNEM_R,N,9,Y15-74,2024M8G1,2020-02-01,10.021484,,,,,,,,,,,,
IT1:151_874(1.0),M,IT,UNEM_R,N,9,Y15-74,2024M8G30,2020-02-01,10.021484,,,,,,,,,,,,
IT1:151_874(1.0),M,IT,UNEM_R,N,9,Y15-74,2025M10G2,2020-02-01,10.021484,,,,,,,,,,,,
IT1:151_874(1.0),M,IT,UNEM_R,N,9,Y15-74,2025M10G30,2020-02-01,10.021484,,,,,,,,,,,,
IT1:151_874(1.0),M,IT,UNEM_R,N,9,Y15-74,2025M12G2,2020-02-01,10.021484,,,,,,,,,,,,
IT1:151_874(1.0),M,IT,UNEM_R,N,9,Y15-74,2025M1G30,2020-02-01,10.021484,,,,,,,,,,,,
IT1:151_874(1.0),M,IT,UNEM_R,N,9,Y15-74,2025M1G7,2020-02-01,10.021484,,,,,,,,,,,,
IT1:151_874(1.0),M,IT,UNEM_R,N,9,Y15-74,2025M3G4,2020-02-01,10.021484,,,,,,,,,,,,
IT1:151_874(1.0),M,IT,UNEM_R,N,9,Y15-74,2025M4G1,2020-02-01,10.021484,,,,,,,,,,,,
IT1:151_874(1.0),M,IT,UNEM_R,N,9,Y15-74,2025M5G2,2020-02-01,10.021484,,,,,,,,,,,,
IT1:151_874(1.0),M,IT,UNEM_R,N,9,Y15-74,2025M6G3,2020-02-01,10.021484,,,,,,,,,,,,
IT1:151_874(1.0),M,IT,UNEM_R,N,9,Y15-74,2025M7G2,2020-02-01,10.021484,,,,,,,,,,,,
IT1:151_874(1.0),M,IT,UNEM_R,N,9,Y15-74,2025M7G31,2020-02-01,10.021484,,,,,,,,,,,,
IT1:151_874(1.0),M,IT,UNEM_R,N,9,Y15-74,2025M9G1,2020-02-01,10.021484,,,,,,,,,,,,
IT1:151_874(1.0),M,IT,UNEM_R,N,9,Y15-74,2026M1G30,2020-02-01,10.021484,,,,,,,,,,,,
IT1:151_874(1.0),M,IT,UNEM_R,N,9,Y15-74,2026M1G8,2020-02-01,10.021484,,,,,,,,,,,,
IT1:151_874(1.0),M,IT,UNEM_R,N,9,Y15-74,2026M3G4,2020-02-01,10.021484,,,,,,,,,,,,
IT1:151_874(1.0),M,IT,UNEM_R,N,9,Y15-74,2026M4G1,2020-02-01,10.021484,,,,,,,,,,,,
IT1:151_874(1.0),M,IT,UNEM_R,N,9,Y15-74,2026M4G30,2020-02-01,10.021484,,,,,,,,,,,,
IT1:151_874(1.0),M,IT,UNEM_R,N,9,Y15-74,2022M11G3,2020-03-01,7.585172,,,,,,,,,,,,
IT1:151_874(1.0),M,IT,UNEM_R,N,9,Y15-74,2022M12G1,2020-03-01,7.585172,,,,,,,,,,,,
IT1:151_874(1.0),M,IT,UNEM_R,N,9,Y15-74,2022M2G1,2020-03-01,7.585172,,,,,,,,,,,,
IT1:151_874(1.0),M,IT,UNEM_R,N,9,Y15-74,2022M3G3,2020-03-01,7.585172,,,,,,,,,,,,
IT1:151_874(1.0),M,IT,UNEM_R,N,9,Y15-74,2022M3G31,2020-03-01,7.585172,,,,,,,,,,,,
IT1:151_874(1.0),M,IT,UNEM_R,N,9,Y15-74,2022M5G2,2020-03-01,7.585172,,,,,,,,,,,,
IT1:151_874(1.0),M,IT,UNEM_R,N,9,Y15-74,2022M6G1,2020-03-01,7.585172,,,,,,,,,,,,
IT1:151_874(1.0),M,IT,UNEM_R,N,9,Y15-74,2022M6G30,2020-03-01,7.585172,,,,,,,,,,,,
IT1:151_874(1.0),M,IT,UNEM_R,N,9,Y15-74,2022M8G1,2020-03-01,7.585172,,,,,,,,,,,,
IT1:151_874(1.0),M,IT,UNEM_R,N,9,Y15-74,2022M9G1,2020-03-01,7.585172,,,,,,,,,,,,
IT1:151_874(1.0),M,IT,UNEM_R,N,9,Y15-74,2022M9G30,2020-03-01,7.585172,,,,,,,,,,,,
IT1:151_874(1.0),M,IT,UNEM_R,N,9,Y15-74,2023M10G2,2020-03-01,7.585172,,,,,,,,,,,,
IT1:151_874(1.0),M,IT,UNEM_R,N,9,Y15-74,2023M11G3,2020-03-01,7.585172,,,,,,,,,,,,
IT1:151_874(1.0),M,IT,UNEM_R,N,9,Y15-74,2023M11G30,2020-03-01,7.585172,,,,,,,,,,,,
IT1:151_874(1.0),M,IT,UNEM_R,N,9,Y15-74,2023M1G31,2020-03-01,7.585172,,,,,,,,,,,,
IT1:151_874(1.0),M,IT,UNEM_R,N,9,Y15-74,2023M1G9,2020-03-01,7.585172,,,,,,,,,,,,
IT1:151_874(1.0),M,IT,UNEM_R,N,9,Y15-74,2023M3G2,2020-03-01,7.585172,,,,,,,,,,,,
IT1:151_874(1.0),M,IT,UNEM_R,N,9,Y15-74,2023M3G30,2020-03-01,7.585172,,,,,,,,,,,,
IT1:151_874(1.0),M,IT,UNEM_R,N,9,Y15-74,2023M5G3,2020-03-01,7.585172,,,,,,,,,,,,
IT1:151_874(1.0),M,IT,UNEM_R,N,9,Y15-74,2023M6G1,2020-03-01,7.585172,,,,,,,,,,,,
IT1:151_874(1.0),M,IT,UNEM_R,N,9,Y15-74,2023M6G30,2020-03-01,7.585172,,,,,,,,,,,,
IT1:151_874(1.0),M,IT,UNEM_R,N,9,Y15-74,2023M8G1,2020-03-01,7.585172,,,,,,,,,,,,
IT1:151_874(1.0),M,IT,UNEM_R,N,9,Y15-74,2023M8G31,2020-03-01,7.585172,,,,,,,,,,,,
IT1:151_874(1.0),M,IT,UNEM_R,N,9,Y15-74,2024M10G2,2020-03-01,7.585172,,,,,,,,,,,,
IT1:151_874(1.0),M,IT,UNEM_R,N,9,Y15-74,2024M10G31,2020-03-01,7.585172,,,,,,,,,,,,
IT1:151_874(1.0),M,IT,UNEM_R,N,9,Y15-74,2024M12G2,2020-03-01,7.585172,,,,,,,,,,,,
IT1:151_874(1.0),M,IT,UNEM_R,N,9,Y15-74,2024M1G31,2020-03-01,7.585172,,,,,,,,,,,,
IT1:151_874(1.0),M,IT,UNEM_R,N,9,Y15-74,2024M1G9,2020-03-01,7.585172,,,,,,,,,,,,
IT1:151_874(1.0),M,IT,UNEM_R,N,9,Y15-74,2024M3G1,2020-03-01,7.585172,,,,,,,,,,,,
IT1:151_874(1.0),M,IT,UNEM_R,N,9,Y15-74,2024M4G3,2020-03-01,7.585172,,,,,,,,,,,,
IT1:151_874(1.0),M,IT,UNEM_R,N,9,Y15-74,2024M5G3,2020-03-01,7.585172,,,,,,,,,,,,
IT1:151_874(1.0),M,IT,UNEM_R,N,9,Y15-74,2024M5G30,2020-03-01,7.585172,,,,,,,,,,,,
IT1:151_874(1.0),M,IT,UNEM_R,N,9,Y15-74,2024M7G2,2020-03-01,7.585172,,,,,,,,,,,,
IT1:151_874(1.0),M,IT,UNEM_R,N,9,Y15-74,2024M8G1,2020-03-01,7.585172,,,,,,,,,,,,
IT1:151_874(1.0),M,IT,UNEM_R,N,9,Y15-74,2024M8G30,2020-03-01,7.585172,,,,,,,,,,,,
IT1:151_874(1.0),M,IT,UNEM_R,N,9,Y15-74,2025M10G2,2020-03-01,7.585172,,,,,,,,,,,,
IT1:151_874(1.0),M,IT,UNEM_R,N,9,Y15-74,2025M10G30,2020-03-01,7.585172,,,,,,,,,,,,
IT1:151_874(1.0),M,IT,UNEM_R,N,9,Y15-74,2025M12G2,2020-03-01,7.585172,,,,,,,,,,,,
IT1:151_874(1.0),M,IT,UNEM_R,N,9,Y15-74,2025M1G30,2020-03-01,7.585172,,,,,,,,,,,,
IT1:151_874(1.0),M,IT,UNEM_R,N,9,Y15-74,2025M1G7,2020-03-01,7.585172,,,,,,,,,,,,
IT1:151_874(1.0),M,IT,UNEM_R,N,9,Y15-74,2025M3G4,2020-03-01,7.585172,,,,,,,,,,,,
IT1:151_874(1.0),M,IT,UNEM_R,N,9,Y15-74,2025M4G1,2020-03-01,7.585172,,,,,,,,,,,,
IT1:151_874(1.0),M,IT,UNEM_R,N,9,Y15-74,2025M5G2,2020-03-01,7.585172,,,,,,,,,,,,
IT1:151_874(1.0),M,IT,UNEM_R,N,9,Y15-74,2025M6G3,2020-03-01,7.585172,,,,,,,,,,,,
IT1:151_874(1.0),M,IT,UNEM_R,N,9,Y15-74,2025M7G2,2020-03-01,7.585172,,,,,,,,,,,,
IT1:151_874(1.0),M,IT,UNEM_R,N,9,Y15-74,2025M7G31,2020-03-01,7.585172,,,,,,,,,,,,
IT1:151_874(1.0),M,IT,UNEM_R,N,9,Y15-74,2025M9G1,2020-03-01,7.585172,,,,,,,,,,,,
IT1:151_874(1.0),M,IT,UNEM_R,N,9,Y15-74,2026M1G30,2020-03-01,7.585172,,,,,,,,,,,,
IT1:151_874(1.0),M,IT,UNEM_R,N,9,Y15-74,2026M1G8,2020-03-01,7.585172,,,,,,,,,,,,
IT1:151_874(1.0),M,IT,UNEM_R,N,9,Y15-74,2026M3G4,2020-03-01,7.585172,,,,,,,,,,,,
IT1:151_874(1.0),M,IT,UNEM_R,N,9,Y15-74,2026M4G1,2020-03-01,7.585172,,,,,,,,,,,,
IT1:151_874(1.0),M,IT,UNEM_R,N,9,Y15-74,2026M4G30,2020-03-01,7.585172,,,,,,,,,,,,
IT1:151_874(1.0),M,IT,UNEM_R,N,9,Y15-74,2022M11G3,2020-04-01,6.444839,,,,,,,,,,,,
IT1:151_874(1.0),M,IT,UNEM_R,N,9,Y15-74,2022M12G1,2020-04-01,6.444839,,,,,,,,,,,,
IT1:151_874(1.0),M,IT,UNEM_R,N,9,Y15-74,2022M2G1,2020-04-01,6.444839,,,,,,,,,,,,
IT1:151_874(1.0),M,IT,UNEM_R,N,9,Y15-74,2022M3G3,2020-04-01,6.444839,,,,,,,,,,,,
IT1:151_874(1.0),M,IT,UNEM_R,N,9,Y15-74,2022M3G31,2020-04-01,6.444839,,,,,,,,,,,,
IT1:151_874(1.0),M,IT,UNEM_R,N,9,Y15-74,2022M5G2,2020-04-01,6.444839,,,,,,,,,,,,
IT1:151_874(1.0),M,IT,UNEM_R,N,9,Y15-74,2022M6G1,2020-04-01,6.444839,,,,,,,,,,,,
IT1:151_874(1.0),M,IT,UNEM_R,N,9,Y15-74,2022M6G30,2020-04-01,6.444839,,,,,,,,,,,,
IT1:151_874(1.0),M,IT,UNEM_R,N,9,Y15-74,2022M8G1,2020-04-01,6.444839,,,,,,,,,,,,
IT1:151_874(1.0),M,IT,UNEM_R,N,9,Y15-74,2022M9G1,2020-04-01,6.444839,,,,,,,,,,,,
IT1:151_874(1.0),M,IT,UNEM_R,N,9,Y15-74,2022M9G30,2020-04-01,6.444839,,,,,,,,,,,,
IT1:151_874(1.0),M,IT,UNEM_R,N,9,Y15-74,2023M10G2,2020-04-01,6.444839,,,,,,,,,,,,
IT1:151_874(1.0),M,IT,UNEM_R,N,9,Y15-74,2023M11G3,2020-04-01,6.444839,,,,,,,,,,,,
IT1:151_874(1.0),M,IT,UNEM_R,N,9,Y15-74,2023M11G30,2020-04-01,6.444839,,,,,,,,,,,,
IT1:151_874(1.0),M,IT,UNEM_R,N,9,Y15-74,2023M1G31,2020-04-01,6.444839,,,,,,,,,,,,
IT1:151_874(1.0),M,IT,UNEM_R,N,9,Y15-74,2023M1G9,2020-04-01,6.444839,,,,,,,,,,,,
IT1:151_874(1.0),M,IT,UNEM_R,N,9,Y15-74,2023M3G2,2020-04-01,6.444839,,,,,,,,,,,,
IT1:151_874(1.0),M,IT,UNEM_R,N,9,Y15-74,2023M3G30,2020-04-01,6.444839,,,,,,,,,,,,
IT1:151_874(1.0),M,IT,UNEM_R,N,9,Y15-74,2023M5G3,2020-04-01,6.444839,,,,,,,,,,,,
IT1:151_874(1.0),M,IT,UNEM_R,N,9,Y15-74,2023M6G1,2020-04-01,6.444839,,,,,,,,,,,,
IT1:151_874(1.0),M,IT,UNEM_R,N,9,Y15-74,2023M6G30,2020-04-01,6.444839,,,,,,,,,,,,
IT1:151_874(1.0),M,IT,UNEM_R,N,9,Y15-74,2023M8G1,2020-04-01,6.444839,,,,,,,,,,,,
IT1:151_874(1.0),M,IT,UNEM_R,N,9,Y15-74,2023M8G31,2020-04-01,6.444839,,,,,,,,,,,,
IT1:151_874(1.0),M,IT,UNEM_R,N,9,Y15-74,2024M10G2,2020-04-01,6.444839,,,,,,,,,,,,
IT1:151_874(1.0),M,IT,UNEM_R,N,9,Y15-74,2024M10G31,2020-04-01,6.444839,,,,,,,,,,,,
IT1:151_874(1.0),M,IT,UNEM_R,N,9,Y15-74,2024M12G2,2020-04-01,6.444839,,,,,,,,,,,,
IT1:151_874(1.0),M,IT,UNEM_R,N,9,Y15-74,2024M1G31,2020-04-01,6.444839,,,,,,,,,,,,
IT1:151_874(1.0),M,IT,UNEM_R,N,9,Y15-74,2024M1G9,2020-04-01,6.444839,,,,,,,,,,,,
IT1:151_874(1.0),M,IT,UNEM_R,N,9,Y15-74,2024M3G1,2020-04-01,6.444839,,,,,,,,,,,,
IT1:151_874(1.0),M,IT,UNEM_R,N,9,Y15-74,2024M4G3,2020-04-01,6.444839,,,,,,,,,,,,
IT1:151_874(1.0),M,IT,UNEM_R,N,9,Y15-74,2024M5G3,2020-04-01,6.444839,,,,,,,,,,,,
IT1:151_874(1.0),M,IT,UNEM_R,N,9,Y15-74,2024M5G30,2020-04-01,6.444839,,,,,,,,,,,,
IT1:151_874(1.0),M,IT,UNEM_R,N,9,Y15-74,2024M7G2,2020-04-01,6.444839,,,,,,,,,,,,
IT1:151_874(1.0),M,IT,UNEM_R,N,9,Y15-74,2024M8G1,2020-04-01,6.444839,,,,,,,,,,,,
IT1:151_874(1.0),M,IT,UNEM_R,N,9,Y15-74,2024M8G30,2020-04-01,6.444839,,,,,,,,,,,,
IT1:151_874(1.0),M,IT,UNEM_R,N,9,Y15-74,2025M10G2,2020-04-01,6.444839,,,,,,,,,,,,
IT1:151_874(1.0),M,IT,UNEM_R,N,9,Y15-74,2025M10G30,2020-04-01,6.444839,,,,,,,,,,,,
IT1:151_874(1.0),M,IT,UNEM_R,N,9,Y15-74,2025M12G2,2020-04-01,6.444839,,,,,,,,,,,,
IT1:151_874(1.0),M,IT,UNEM_R,N,9,Y15-74,2025M1G30,2020-04-01,6.444839,,,,,,,,,,,,
IT1:151_874(1.0),M,IT,UNEM_R,N,9,Y15-74,2025M1G7,2020-04-01,6.444839,,,,,,,,,,,,
IT1:151_874(1.0),M,IT,UNEM_R,N,9,Y15-74,2025M3G4,2020-04-01,6.444839,,,,,,,,,,,,
IT1:151_874(1.0),M,IT,UNEM_R,N,9,Y15-74,2025M4G1,2020-04-01,6.444839,,,,,,,,,,,,
IT1:151_874(1.0),M,IT,UNEM_R,N,9,Y15-74,2025M5G2,2020-04-01,6.444839,,,,,,,,,,,,
IT1:151_874(1.0),M,IT,UNEM_R,N,9,Y15-74,2025M6G3,2020-04-01,6.444839,,,,,,,,,,,,
IT1:151_874(1.0),M,IT,UNEM_R,N,9,Y15-74,2025M7G2,2020-04-01,6.444839,,,,,,,,,,,,
IT1:151_874(1.0),M,IT,UNEM_R,N,9,Y15-74,2025M7G31,2020-04-01,6.444839,,,,,,,,,,,,
IT1:151_874(1.0),M,IT,UNEM_R,N,9,Y15-74,2025M9G1,2020-04-01,6.444839,,,,,,,,,,,,
IT1:151_874(1.0),M,IT,UNEM_R,N,9,Y15-74,2026M1G30,2020-04-01,6.444839,,,,,,,,,,,,
IT1:151_874(1.0),M,IT,UNEM_R,N,9,Y15-74,2026M1G8,2020-04-01,6.444839,,,,,,,,,,,,
IT1:151_874(1.0),M,IT,UNEM_R,N,9,Y15-74,2026M3G4,2020-04-01,6.444839,,,,,,,,,,,,
IT1:151_874(1.0),M,IT,UNEM_R,N,9,Y15-74,2026M4G1,2020-04-01,6.444839,,,,,,,,,,,,
IT1:151_874(1.0),M,IT,UNEM_R,N,9,Y15-74,2026M4G30,2020-04-01,6.444839,,,,,,,,,,,,
IT1:151_874(1.0),M,IT,UNEM_R,N,9,Y15-74,2022M11G3,2020-05-01,7.984913,,,,,,,,,,,,
IT1:151_874(1.0),M,IT,UNEM_R,N,9,Y15-74,2022M12G1,2020-05-01,7.984913,,,,,,,,,,,,
IT1:151_874(1.0),M,IT,UNEM_R,N,9,Y15-74,2022M2G1,2020-05-01,7.984913,,,,,,,,,,,,
IT1:151_874(1.0),M,IT,UNEM_R,N,9,Y15-74,2022M3G3,2020-05-01,7.984913,,,,,,,,,,,,
IT1:151_874(1.0),M,IT,UNEM_R,N,9,Y15-74,2022M3G31,2020-05-01,7.984913,,,,,,,,,,,,
IT1:151_874(1.0),M,IT,UNEM_R,N,9,Y15-74,2022M5G2,2020-05-01,7.984913,,,,,,,,,,,,
IT1:151_874(1.0),M,IT,UNEM_R,N,9,Y15-74,2022M6G1,2020-05-01,7.984913,,,,,,,,,,,,
IT1:151_874(1.0),M,IT,UNEM_R,N,9,Y15-74,2022M6G30,2020-05-01,7.984913,,,,,,,,,,,,
IT1:151_874(1.0),M,IT,UNEM_R,N,9,Y15-74,2022M8G1,2020-05-01,7.984913,,,,,,,,,,,,
IT1:151_874(1.0),M,IT,UNEM_R,N,9,Y15-74,2022M9G1,2020-05-01,7.984913,,,,,,,,,,,,
IT1:151_874(1.0),M,IT,UNEM_R,N,9,Y15-74,2022M9G30,2020-05-01,7.984913,,,,,,,,,,,,
IT1:151_874(1.0),M,IT,UNEM_R,N,9,Y15-74,2023M10G2,2020-05-01,7.984913,,,,,,,,,,,,
IT1:151_874(1.0),M,IT,UNEM_R,N,9,Y15-74,2023M11G3,2020-05-01,7.984913,,,,,,,,,,,,
IT1:151_874(1.0),M,IT,UNEM_R,N,9,Y15-74,2023M11G30,2020-05-01,7.984913,,,,,,,,,,,,
IT1:151_874(1.0),M,IT,UNEM_R,N,9,Y15-74,2023M1G31,2020-05-01,7.984913,,,,,,,,,,,,
IT1:151_874(1.0),M,IT,UNEM_R,N,9,Y15-74,2023M1G9,2020-05-01,7.984913,,,,,,,,,,,,
IT1:151_874(1.0),M,IT,UNEM_R,N,9,Y15-74,2023M3G2,2020-05-01,7.984913,,,,,,,,,,,,
IT1:151_874(1.0),M,IT,UNEM_R,N,9,Y15-74,2023M3G30,2020-05-01,7.984913,,,,,,,,,,,,
IT1:151_874(1.0),M,IT,UNEM_R,N,9,Y15-74,2023M5G3,2020-05-01,7.984913,,,,,,,,,,,,
IT1:151_874(1.0),M,IT,UNEM_R,N,9,Y15-74,2023M6G1,2020-05-01,7.984913,,,,,,,,,,,,
IT1:151_874(1.0),M,IT,UNEM_R,N,9,Y15-74,2023M6G30,2020-05-01,7.984913,,,,,,,,,,,,
IT1:151_874(1.0),M,IT,UNEM_R,N,9,Y15-74,2023M8G1,2020-05-01,7.984913,,,,,,,,,,,,
IT1:151_874(1.0),M,IT,UNEM_R,N,9,Y15-74,2023M8G31,2020-05-01,7.984913,,,,,,,,,,,,
IT1:151_874(1.0),M,IT,UNEM_R,N,9,Y15-74,2024M10G2,2020-05-01,7.984913,,,,,,,,,,,,
IT1:151_874(1.0),M,IT,UNEM_R,N,9,Y15-74,2024M10G31,2020-05-01,7.984913,,,,,,,,,,,,
IT1:151_874(1.0),M,IT,UNEM_R,N,9,Y15-74,2024M12G2,2020-05-01,7.984913,,,,,,,,,,,,
IT1:151_874(1.0),M,IT,UNEM_R,N,9,Y15-74,2024M1G31,2020-05-01,7.984913,,,,,,,,,,,,
IT1:151_874(1.0),M,IT,UNEM_R,N,9,Y15-74,2024M1G9,2020-05-01,7.984913,,,,,,,,,,,,
IT1:151_874(1.0),M,IT,UNEM_R,N,9,Y15-74,2024M3G1,2020-05-01,7.984913,,,,,,,,,,,,
IT1:151_874(1.0),M,IT,UNEM_R,N,9,Y15-74,2024M4G3,2020-05-01,7.984913,,,,,,,,,,,,
IT1:151_874(1.0),M,IT,UNEM_R,N,9,Y15-74,2024M5G3,2020-05-01,7.984913,,,,,,,,,,,,
IT1:151_874(1.0),M,IT,UNEM_R,N,9,Y15-74,2024M5G30,2020-05-01,7.984913,,,,,,,,,,,,
IT1:151_874(1.0),M,IT,UNEM_R,N,9,Y15-74,2024M7G2,2020-05-01,7.984913,,,,,,,,,,,,
IT1:151_874(1.0),M,IT,UNEM_R,N,9,Y15-74,2024M8G1,2020-05-01,7.984913,,,,,,,,,,,,
IT1:151_874(1.0),M,IT,UNEM_R,N,9,Y15-74,2024M8G30,2020-05-01,7.984913,,,,,,,,,,,,
IT1:151_874(1.0),M,IT,UNEM_R,N,9,Y15-74,2025M10G2,2020-05-01,7.984913,,,,,,,,,,,,
IT1:151_874(1.0),M,IT,UNEM_R,N,9,Y15-74,2025M10G30,2020-05-01,7.984913,,,,,,,,,,,,
IT1:151_874(1.0),M,IT,UNEM_R,N,9,Y15-74,2025M12G2,2020-05-01,7.984913,,,,,,,,,,,,
IT1:151_874(1.0),M,IT,UNEM_R,N,9,Y15-74,2025M1G30,2020-05-01,7.984913,,,,,,,,,,,,
IT1:151_874(1.0),M,IT,UNEM_R,N,9,Y15-74,2025M1G7,2020-05-01,7.984913,,,,,,,,,,,,
IT1:151_874(1.0),M,IT,UNEM_R,N,9,Y15-74,2025M3G4,2020-05-01,7.984913,,,,,,,,,,,,
IT1:151_874(1.0),M,IT,UNEM_R,N,9,Y15-74,2025M4G1,2020-05-01,7.984913,,,,,,,,,,,,
IT1:151_874(1.0),M,IT,UNEM_R,N,9,Y15-74,2025M5G2,2020-05-01,7.984913,,,,,,,,,,,,
IT1:151_874(1.0),M,IT,UNEM_R,N,9,Y15-74,2025M6G3,2020-05-01,7.984913,,,,,,,,,,,,
IT1:151_874(1.0),M,IT,UNEM_R,N,9,Y15-74,2025M7G2,2020-05-01,7.984913,,,,,,,,,,,,
IT1:151_874(1.0),M,IT,UNEM_R,N,9,Y15-74,2025M7G31,2020-05-01,7.984913,,,,,,,,,,,,
IT1:151_874(1.0),M,IT,UNEM_R,N,9,Y15-74,2025M9G1,2020-05-01,7.984913,,,,,,,,,,,,
IT1:151_874(1.0),M,IT,UNEM_R,N,9,Y15-74,2026M1G30,2020-05-01,7.984913,,,,,,,,,,,,
IT1:151_874(1.0),M,IT,UNEM_R,N,9,Y15-74,2026M1G8,2020-05-01,7.984913,,,,,,,,,,,,
IT1:151_874(1.0),M,IT,UNEM_R,N,9,Y15-74,2026M3G4,2020-05-01,7.984913,,,,,,,,,,,,
IT1:151_874(1.0),M,IT,UNEM_R,N,9,Y15-74,2026M4G1,2020-05-01,7.984913,,,,,,,,,,,,
IT1:151_874(1.0),M,IT,UNEM_R,N,9,Y15-74,2026M4G30,2020-05-01,7.984913,,,,,,,,,,,,
IT1:151_874(1.0),M,IT,UNEM_R,N,9,Y15-74,2022M11G3,2020-06-01,9.395928,,,,,,,,,,,,
IT1:151_874(1.0),M,IT,UNEM_R,N,9,Y15-74,2022M12G1,2020-06-01,9.395928,,,,,,,,,,,,
IT1:151_874(1.0),M,IT,UNEM_R,N,9,Y15-74,2022M2G1,2020-06-01,9.395928,,,,,,,,,,,,
IT1:151_874(1.0),M,IT,UNEM_R,N,9,Y15-74,2022M3G3,2020-06-01,9.395928,,,,,,,,,,,,
IT1:151_874(1.0),M,IT,UNEM_R,N,9,Y15-74,2022M3G31,2020-06-01,9.395928,,,,,,,,,,,,
IT1:151_874(1.0),M,IT,UNEM_R,N,9,Y15-74,2022M5G2,2020-06-01,9.395928,,,,,,,,,,,,
IT1:151_874(1.0),M,IT,UNEM_R,N,9,Y15-74,2022M6G1,2020-06-01,9.395928,,,,,,,,,,,,
IT1:151_874(1.0),M,IT,UNEM_R,N,9,Y15-74,2022M6G30,2020-06-01,9.395928,,,,,,,,,,,,
IT1:151_874(1.0),M,IT,UNEM_R,N,9,Y15-74,2022M8G1,2020-06-01,9.395928,,,,,,,,,,,,
IT1:151_874(1.0),M,IT,UNEM_R,N,9,Y15-74,2022M9G1,2020-06-01,9.395928,,,,,,,,,,,,
IT1:151_874(1.0),M,IT,UNEM_R,N,9,Y15-74,2022M9G30,2020-06-01,9.395928,,,,,,,,,,,,
IT1:151_874(1.0),M,IT,UNEM_R,N,9,Y15-74,2023M10G2,2020-06-01,9.395928,,,,,,,,,,,,
IT1:151_874(1.0),M,IT,UNEM_R,N,9,Y15-74,2023M11G3,2020-06-01,9.395928,,,,,,,,,,,,
IT1:151_874(1.0),M,IT,UNEM_R,N,9,Y15-74,2023M11G30,2020-06-01,9.395928,,,,,,,,,,,,
IT1:151_874(1.0),M,IT,UNEM_R,N,9,Y15-74,2023M1G31,2020-06-01,9.395928,,,,,,,,,,,,
IT1:151_874(1.0),M,IT,UNEM_R,N,9,Y15-74,2023M1G9,2020-06-01,9.395928,,,,,,,,,,,,
IT1:151_874(1.0),M,IT,UNEM_R,N,9,Y15-74,2023M3G2,2020-06-01,9.395928,,,,,,,,,,,,
IT1:151_874(1.0),M,IT,UNEM_R,N,9,Y15-74,2023M3G30,2020-06-01,9.395928,,,,,,,,,,,,
IT1:151_874(1.0),M,IT,UNEM_R,N,9,Y15-74,2023M5G3,2020-06-01,9.395928,,,,,,,,,,,,
IT1:151_874(1.0),M,IT,UNEM_R,N,9,Y15-74,2023M6G1,2020-06-01,9.395928,,,,,,,,,,,,
IT1:151_874(1.0),M,IT,UNEM_R,N,9,Y15-74,2023M6G30,2020-06-01,9.395928,,,,,,,,,,,,
IT1:151_874(1.0),M,IT,UNEM_R,N,9,Y15-74,2023M8G1,2020-06-01,9.395928,,,,,,,,,,,,
IT1:151_874(1.0),M,IT,UNEM_R,N,9,Y15-74,2023M8G31,2020-06-01,9.395928,,,,,,,,,,,,
IT1:151_874(1.0),M,IT,UNEM_R,N,9,Y15-74,2024M10G2,2020-06-01,9.395928,,,,,,,,,,,,
IT1:151_874(1.0),M,IT,UNEM_R,N,9,Y15-74,2024M10G31,2020-06-01,9.395928,,,,,,,,,,,,
IT1:151_874(1.0),M,IT,UNEM_R,N,9,Y15-74,2024M12G2,2020-06-01,9.395928,,,,,,,,,,,,
IT1:151_874(1.0),M,IT,UNEM_R,N,9,Y15-74,2024M1G31,2020-06-01,9.395928,,,,,,,,,,,,
IT1:151_874(1.0),M,IT,UNEM_R,N,9,Y15-74,2024M1G9,2020-06-01,9.395928,,,,,,,,,,,,
IT1:151_874(1.0),M,IT,UNEM_R,N,9,Y15-74,2024M3G1,2020-06-01,9.395928,,,,,,,,,,,,
IT1:151_874(1.0),M,IT,UNEM_R,N,9,Y15-74,2024M4G3,2020-06-01,9.395928,,,,,,,,,,,,
IT1:151_874(1.0),M,IT,UNEM_R,N,9,Y15-74,2024M5G3,2020-06-01,9.395928,,,,,,,,,,,,
IT1:151_874(1.0),M,IT,UNEM_R,N,9,Y15-74,2024M5G30,2020-06-01,9.395928,,,,,,,,,,,,
IT1:151_874(1.0),M,IT,UNEM_R,N,9,Y15-74,2024M7G2,2020-06-01,9.395928,,,,,,,,,,,,
IT1:151_874(1.0),M,IT,UNEM_R,N,9,Y15-74,2024M8G1,2020-06-01,9.395928,,,,,,,,,,,,
IT1:151_874(1.0),M,IT,UNEM_R,N,9,Y15-74,2024M8G30,2020-06-01,9.395928,,,,,,,,,,,,
IT1:151_874(1.0),M,IT,UNEM_R,N,9,Y15-74,2025M10G2,2020-06-01,9.395928,,,,,,,,,,,,
IT1:151_874(1.0),M,IT,UNEM_R,N,9,Y15-74,2025M10G30,2020-06-01,9.395928,,,,,,,,,,,,
IT1:151_874(1.0),M,IT,UNEM_R,N,9,Y15-74,2025M12G2,2020-06-01,9.395928,,,,,,,,,,,,
IT1:151_874(1.0),M,IT,UNEM_R,N,9,Y15-74,2025M1G30,2020-06-01,9.395928,,,,,,,,,,,,
IT1:151_874(1.0),M,IT,UNEM_R,N,9,Y15-74,2025M1G7,2020-06-01,9.395928,,,,,,,,,,,,
IT1:151_874(1.0),M,IT,UNEM_R,N,9,Y15-74,2025M3G4,2020-06-01,9.395928,,,,,,,,,,,,
IT1:151_874(1.0),M,IT,UNEM_R,N,9,Y15-74,2025M4G1,2020-06-01,9.395928,,,,,,,,,,,,
IT1:151_874(1.0),M,IT,UNEM_R,N,9,Y15-74,2025M5G2,2020-06-01,9.395928,,,,,,,,,,,,
IT1:151_874(1.0),M,IT,UNEM_R,N,9,Y15-74,2025M6G3,2020-06-01,9.395928,,,,,,,,,,,,
IT1:151_874(1.0),M,IT,UNEM_R,N,9,Y15-74,2025M7G2,2020-06-01,9.395928,,,,,,,,,,,,
IT1:151_874(1.0),M,IT,UNEM_R,N,9,Y15-74,2025M7G31,2020-06-01,9.395928,,,,,,,,,,,,
IT1:151_874(1.0),M,IT,UNEM_R,N,9,Y15-74,2025M9G1,2020-06-01,9.395928,,,,,,,,,,,,
IT1:151_874(1.0),M,IT,UNEM_R,N,9,Y15-74,2026M1G30,2020-06-01,9.395928,,,,,,,,,,,,
IT1:151_874(1.0),M,IT,UNEM_R,N,9,Y15-74,2026M1G8,2020-06-01,9.395928,,,,,,,,,,,,
IT1:151_874(1.0),M,IT,UNEM_R,N,9,Y15-74,2026M3G4,2020-06-01,9.395928,,,,,,,,,,,,
IT1:151_874(1.0),M,IT,UNEM_R,N,9,Y15-74,2026M4G1,2020-06-01,9.395928,,,,,,,,,,,,
IT1:151_874(1.0),M,IT,UNEM_R,N,9,Y15-74,2026M4G30,2020-06-01,9.395928,,,,,,,,,,,,
IT1:151_874(1.0),M,IT,UNEM_R,N,9,Y15-74,2022M11G3,2020-07-01,10.649375,,,,,,,,,,,,
IT1:151_874(1.0),M,IT,UNEM_R,N,9,Y15-74,2022M12G1,2020-07-01,10.649375,,,,,,,,,,,,
IT1:151_874(1.0),M,IT,UNEM_R,N,9,Y15-74,2022M2G1,2020-07-01,10.649375,,,,,,,,,,,,
IT1:151_874(1.0),M,IT,UNEM_R,N,9,Y15-74,2022M3G3,2020-07-01,10.649375,,,,,,,,,,,,
IT1:151_874(1.0),M,IT,UNEM_R,N,9,Y15-74,2022M3G31,2020-07-01,10.649375,,,,,,,,,,,,
IT1:151_874(1.0),M,IT,UNEM_R,N,9,Y15-74,2022M5G2,2020-07-01,10.649375,,,,,,,,,,,,
IT1:151_874(1.0),M,IT,UNEM_R,N,9,Y15-74,2022M6G1,2020-07-01,10.649375,,,,,,,,,,,,
IT1:151_874(1.0),M,IT,UNEM_R,N,9,Y15-74,2022M6G30,2020-07-01,10.649375,,,,,,,,,,,,
IT1:151_874(1.0),M,IT,UNEM_R,N,9,Y15-74,2022M8G1,2020-07-01,10.649375,,,,,,,,,,,,
IT1:151_874(1.0),M,IT,UNEM_R,N,9,Y15-74,2022M9G1,2020-07-01,10.649375,,,,,,,,,,,,
IT1:151_874(1.0),M,IT,UNEM_R,N,9,Y15-74,2022M9G30,2020-07-01,10.649375,,,,,,,,,,,,
IT1:151_874(1.0),M,IT,UNEM_R,N,9,Y15-74,2023M10G2,2020-07-01,10.649375,,,,,,,,,,,,
IT1:151_874(1.0),M,IT,UNEM_R,N,9,Y15-74,2023M11G3,2020-07-01,10.649375,,,,,,,,,,,,
IT1:151_874(1.0),M,IT,UNEM_R,N,9,Y15-74,2023M11G30,2020-07-01,10.649375,,,,,,,,,,,,
IT1:151_874(1.0),M,IT,UNEM_R,N,9,Y15-74,2023M1G31,2020-07-01,10.649375,,,,,,,,,,,,
IT1:151_874(1.0),M,IT,UNEM_R,N,9,Y15-74,2023M1G9,2020-07-01,10.649375,,,,,,,,,,,,
IT1:151_874(1.0),M,IT,UNEM_R,N,9,Y15-74,2023M3G2,2020-07-01,10.649375,,,,,,,,,,,,
IT1:151_874(1.0),M,IT,UNEM_R,N,9,Y15-74,2023M3G30,2020-07-01,10.649375,,,,,,,,,,,,
IT1:151_874(1.0),M,IT,UNEM_R,N,9,Y15-74,2023M5G3,2020-07-01,10.649375,,,,,,,,,,,,
IT1:151_874(1.0),M,IT,UNEM_R,N,9,Y15-74,2023M6G1,2020-07-01,10.649375,,,,,,,,,,,,
IT1:151_874(1.0),M,IT,UNEM_R,N,9,Y15-74,2023M6G30,2020-07-01,10.649375,,,,,,,,,,,,
IT1:151_874(1.0),M,IT,UNEM_R,N,9,Y15-74,2023M8G1,2020-07-01,10.649375,,,,,,,,,,,,
IT1:151_874(1.0),M,IT,UNEM_R,N,9,Y15-74,2023M8G31,2020-07-01,10.649375,,,,,,,,,,,,
IT1:151_874(1.0),M,IT,UNEM_R,N,9,Y15-74,2024M10G2,2020-07-01,10.649375,,,,,,,,,,,,
IT1:151_874(1.0),M,IT,UNEM_R,N,9,Y15-74,2024M10G31,2020-07-01,10.649375,,,,,,,,,,,,
IT1:151_874(1.0),M,IT,UNEM_R,N,9,Y15-74,2024M12G2,2020-07-01,10.649375,,,,,,,,,,,,
IT1:151_874(1.0),M,IT,UNEM_R,N,9,Y15-74,2024M1G31,2020-07-01,10.649375,,,,,,,,,,,,
IT1:151_874(1.0),M,IT,UNEM_R,N,9,Y15-74,2024M1G9,2020-07-01,10.649375,,,,,,,,,,,,
IT1:151_874(1.0),M,IT,UNEM_R,N,9,Y15-74,2024M3G1,2020-07-01,10.649375,,,,,,,,,,,,
IT1:151_874(1.0),M,IT,UNEM_R,N,9,Y15-74,2024M4G3,2020-07-01,10.649375,,,,,,,,,,,,
IT1:151_874(1.0),M,IT,UNEM_R,N,9,Y15-74,2024M5G3,2020-07-01,10.649375,,,,,,,,,,,,
IT1:151_874(1.0),M,IT,UNEM_R,N,9,Y15-74,2024M5G30,2020-07-01,10.649375,,,,,,,,,,,,
IT1:151_874(1.0),M,IT,UNEM_R,N,9,Y15-74,2024M7G2,2020-07-01,10.649375,,,,,,,,,,,,
IT1:151_874(1.0),M,IT,UNEM_R,N,9,Y15-74,2024M8G1,2020-07-01,10.649375,,,,,,,,,,,,
IT1:151_874(1.0),M,IT,UNEM_R,N,9,Y15-74,2024M8G30,2020-07-01,10.649375,,,,,,,,,,,,
IT1:151_874(1.0),M,IT,UNEM_R,N,9,Y15-74,2025M10G2,2020-07-01,10.649375,,,,,,,,,,,,
IT1:151_874(1.0),M,IT,UNEM_R,N,9,Y15-74,2025M10G30,2020-07-01,10.649375,,,,,,,,,,,,
IT1:151_874(1.0),M,IT,UNEM_R,N,9,Y15-74,2025M12G2,2020-07-01,10.649375,,,,,,,,,,,,
IT1:151_874(1.0),M,IT,UNEM_R,N,9,Y15-74,2025M1G30,2020-07-01,10.649375,,,,,,,,,,,,
IT1:151_874(1.0),M,IT,UNEM_R,N,9,Y15-74,2025M1G7,2020-07-01,10.649375,,,,,,,,,,,,
IT1:151_874(1.0),M,IT,UNEM_R,N,9,Y15-74,2025M3G4,2020-07-01,10.649375,,,,,,,,,,,,
IT1:151_874(1.0),M,IT,UNEM_R,N,9,Y15-74,2025M4G1,2020-07-01,10.649375,,,,,,,,,,,,
IT1:151_874(1.0),M,IT,UNEM_R,N,9,Y15-74,2025M5G2,2020-07-01,10.649375,,,,,,,,,,,,
IT1:151_874(1.0),M,IT,UNEM_R,N,9,Y15-74,2025M6G3,2020-07-01,10.649375,,,,,,,,,,,,
IT1:151_874(1.0),M,IT,UNEM_R,N,9,Y15-74,2025M7G2,2020-07-01,10.649375,,,,,,,,,,,,
IT1:151_874(1.0),M,IT,UNEM_R,N,9,Y15-74,2025M7G31,2020-07-01,10.649375,,,,,,,,,,,,
IT1:151_874(1.0),M,IT,UNEM_R,N,9,Y15-74,2025M9G1,2020-07-01,10.649375,,,,,,,,,,,,
IT1:151_874(1.0),M,IT,UNEM_R,N,9,Y15-74,2026M1G30,2020-07-01,10.649375,,,,,,,,,,,,
IT1:151_874(1.0),M,IT,UNEM_R,N,9,Y15-74,2026M1G8,2020-07-01,10.649375,,,,,,,,,,,,
IT1:151_874(1.0),M,IT,UNEM_R,N,9,Y15-74,2026M3G4,2020-07-01,10.649375,,,,,,,,,,,,
IT1:151_874(1.0),M,IT,UNEM_R,N,9,Y15-74,2026M4G1,2020-07-01,10.649375,,,,,,,,,,,,
IT1:151_874(1.0),M,IT,UNEM_R,N,9,Y15-74,2026M4G30,2020-07-01,10.649375,,,,,,,,,,,,
IT1:151_874(1.0),M,IT,UNEM_R,N,9,Y15-74,2022M11G3,2020-08-01,9.62116,,,,,,,,,,,,
IT1:151_874(1.0),M,IT,UNEM_R,N,9,Y15-74,2022M12G1,2020-08-01,9.62116,,,,,,,,,,,,
IT1:151_874(1.0),M,IT,UNEM_R,N,9,Y15-74,2022M2G1,2020-08-01,9.62116,,,,,,,,,,,,
IT1:151_874(1.0),M,IT,UNEM_R,N,9,Y15-74,2022M3G3,2020-08-01,9.62116,,,,,,,,,,,,
IT1:151_874(1.0),M,IT,UNEM_R,N,9,Y15-74,2022M3G31,2020-08-01,9.62116,,,,,,,,,,,,
IT1:151_874(1.0),M,IT,UNEM_R,N,9,Y15-74,2022M5G2,2020-08-01,9.62116,,,,,,,,,,,,
IT1:151_874(1.0),M,IT,UNEM_R,N,9,Y15-74,2022M6G1,2020-08-01,9.62116,,,,,,,,,,,,
IT1:151_874(1.0),M,IT,UNEM_R,N,9,Y15-74,2022M6G30,2020-08-01,9.62116,,,,,,,,,,,,
IT1:151_874(1.0),M,IT,UNEM_R,N,9,Y15-74,2022M8G1,2020-08-01,9.62116,,,,,,,,,,,,
IT1:151_874(1.0),M,IT,UNEM_R,N,9,Y15-74,2022M9G1,2020-08-01,9.62116,,,,,,,,,,,,
IT1:151_874(1.0),M,IT,UNEM_R,N,9,Y15-74,2022M9G30,2020-08-01,9.62116,,,,,,,,,,,,
IT1:151_874(1.0),M,IT,UNEM_R,N,9,Y15-74,2023M10G2,2020-08-01,9.62116,,,,,,,,,,,,
IT1:151_874(1.0),M,IT,UNEM_R,N,9,Y15-74,2023M11G3,2020-08-01,9.62116,,,,,,,,,,,,
IT1:151_874(1.0),M,IT,UNEM_R,N,9,Y15-74,2023M11G30,2020-08-01,9.62116,,,,,,,,,,,,
IT1:151_874(1.0),M,IT,UNEM_R,N,9,Y15-74,2023M1G31,2020-08-01,9.62116,,,,,,,,,,,,
IT1:151_874(1.0),M,IT,UNEM_R,N,9,Y15-74,2023M1G9,2020-08-01,9.62116,,,,,,,,,,,,
IT1:151_874(1.0),M,IT,UNEM_R,N,9,Y15-74,2023M3G2,2020-08-01,9.62116,,,,,,,,,,,,
IT1:151_874(1.0),M,IT,UNEM_R,N,9,Y15-74,2023M3G30,2020-08-01,9.62116,,,,,,,,,,,,
IT1:151_874(1.0),M,IT,UNEM_R,N,9,Y15-74,2023M5G3,2020-08-01,9.62116,,,,,,,,,,,,
IT1:151_874(1.0),M,IT,UNEM_R,N,9,Y15-74,2023M6G1,2020-08-01,9.62116,,,,,,,,,,,,
IT1:151_874(1.0),M,IT,UNEM_R,N,9,Y15-74,2023M6G30,2020-08-01,9.62116,,,,,,,,,,,,
IT1:151_874(1.0),M,IT,UNEM_R,N,9,Y15-74,2023M8G1,2020-08-01,9.62116,,,,,,,,,,,,
IT1:151_874(1.0),M,IT,UNEM_R,N,9,Y15-74,2023M8G31,2020-08-01,9.62116,,,,,,,,,,,,
IT1:151_874(1.0),M,IT,UNEM_R,N,9,Y15-74,2024M10G2,2020-08-01,9.62116,,,,,,,,,,,,
IT1:151_874(1.0),M,IT,UNEM_R,N,9,Y15-74,2024M10G31,2020-08-01,9.62116,,,,,,,,,,,,
IT1:151_874(1.0),M,IT,UNEM_R,N,9,Y15-74,2024M12G2,2020-08-01,9.62116,,,,,,,,,,,,
IT1:151_874(1.0),M,IT,UNEM_R,N,9,Y15-74,2024M1G31,2020-08-01,9.62116,,,,,,,,,,,,
IT1:151_874(1.0),M,IT,UNEM_R,N,9,Y15-74,2024M1G9,2020-08-01,9.62116,,,,,,,,,,,,
IT1:151_874(1.0),M,IT,UNEM_R,N,9,Y15-74,2024M3G1,2020-08-01,9.62116,,,,,,,,,,,,
IT1:151_874(1.0),M,IT,UNEM_R,N,9,Y15-74,2024M4G3,2020-08-01,9.62116,,,,,,,,,,,,
IT1:151_874(1.0),M,IT,UNEM_R,N,9,Y15-74,2024M5G3,2020-08-01,9.62116,,,,,,,,,,,,
IT1:151_874(1.0),M,IT,UNEM_R,N,9,Y15-74,2024M5G30,2020-08-01,9.62116,,,,,,,,,,,,
IT1:151_874(1.0),M,IT,UNEM_R,N,9,Y15-74,2024M7G2,2020-08-01,9.62116,,,,,,,,,,,,
IT1:151_874(1.0),M,IT,UNEM_R,N,9,Y15-74,2024M8G1,2020-08-01,9.62116,,,,,,,,,,,,
IT1:151_874(1.0),M,IT,UNEM_R,N,9,Y15-74,2024M8G30,2020-08-01,9.62116,,,,,,,,,,,,
IT1:151_874(1.0),M,IT,UNEM_R,N,9,Y15-74,2025M10G2,2020-08-01,9.62116,,,,,,,,,,,,
IT1:151_874(1.0),M,IT,UNEM_R,N,9,Y15-74,2025M10G30,2020-08-01,9.62116,,,,,,,,,,,,
IT1:151_874(1.0),M,IT,UNEM_R,N,9,Y15-74,2025M12G2,2020-08-01,9.62116,,,,,,,,,,,,
IT1:151_874(1.0),M,IT,UNEM_R,N,9,Y15-74,2025M1G30,2020-08-01,9.62116,,,,,,,,,,,,
IT1:151_874(1.0),M,IT,UNEM_R,N,9,Y15-74,2025M1G7,2020-08-01,9.62116,,,,,,,,,,,,
IT1:151_874(1.0),M,IT,UNEM_R,N,9,Y15-74,2025M3G4,2020-08-01,9.62116,,,,,,,,,,,,
IT1:151_874(1.0),M,IT,UNEM_R,N,9,Y15-74,2025M4G1,2020-08-01,9.62116,,,,,,,,,,,,
IT1:151_874(1.0),M,IT,UNEM_R,N,9,Y15-74,2025M5G2,2020-08-01,9.62116,,,,,,,,,,,,
IT1:151_874(1.0),M,IT,UNEM_R,N,9,Y15-74,2025M6G3,2020-08-01,9.62116,,,,,,,,,,,,
IT1:151_874(1.0),M,IT,UNEM_R,N,9,Y15-74,2025M7G2,2020-08-01,9.62116,,,,,,,,,,,,
IT1:151_874(1.0),M,IT,UNEM_R,N,9,Y15-74,2025M7G31,2020-08-01,9.62116,,,,,,,,,,,,
IT1:151_874(1.0),M,IT,UNEM_R,N,9,Y15-74,2025M9G1,2020-08-01,9.62116,,,,,,,,,,,,
IT1:151_874(1.0),M,IT,UNEM_R,N,9,Y15-74,2026M1G30,2020-08-01,9.62116,,,,,,,,,,,,
IT1:151_874(1.0),M,IT,UNEM_R,N,9,Y15-74,2026M1G8,2020-08-01,9.62116,,,,,,,,,,,,
IT1:151_874(1.0),M,IT,UNEM_R,N,9,Y15-74,2026M3G4,2020-08-01,9.62116,,,,,,,,,,,,
IT1:151_874(1.0),M,IT,UNEM_R,N,9,Y15-74,2026M4G1,2020-08-01,9.62116,,,,,,,,,,,,
IT1:151_874(1.0),M,IT,UNEM_R,N,9,Y15-74,2026M4G30,2020-08-01,9.62116,,,,,,,,,,,,
IT1:151_874(1.0),M,IT,UNEM_R,N,9,Y15-74,2022M11G3,2020-09-01,10.398532,,,,,,,,,,,,
IT1:151_874(1.0),M,IT,UNEM_R,N,9,Y15-74,2022M12G1,2020-09-01,10.398532,,,,,,,,,,,,
IT1:151_874(1.0),M,IT,UNEM_R,N,9,Y15-74,2022M2G1,2020-09-01,10.398532,,,,,,,,,,,,
IT1:151_874(1.0),M,IT,UNEM_R,N,9,Y15-74,2022M3G3,2020-09-01,10.398532,,,,,,,,,,,,
IT1:151_874(1.0),M,IT,UNEM_R,N,9,Y15-74,2022M3G31,2020-09-01,10.398532,,,,,,,,,,,,
IT1:151_874(1.0),M,IT,UNEM_R,N,9,Y15-74,2022M5G2,2020-09-01,10.398532,,,,,,,,,,,,
IT1:151_874(1.0),M,IT,UNEM_R,N,9,Y15-74,2022M6G1,2020-09-01,10.398532,,,,,,,,,,,,
IT1:151_874(1.0),M,IT,UNEM_R,N,9,Y15-74,2022M6G30,2020-09-01,10.398532,,,,,,,,,,,,
IT1:151_874(1.0),M,IT,UNEM_R,N,9,Y15-74,2022M8G1,2020-09-01,10.398532,,,,,,,,,,,,
IT1:151_874(1.0),M,IT,UNEM_R,N,9,Y15-74,2022M9G1,2020-09-01,10.398532,,,,,,,,,,,,
IT1:151_874(1.0),M,IT,UNEM_R,N,9,Y15-74,2022M9G30,2020-09-01,10.398532,,,,,,,,,,,,
IT1:151_874(1.0),M,IT,UNEM_R,N,9,Y15-74,2023M10G2,2020-09-01,10.398532,,,,,,,,,,,,
IT1:151_874(1.0),M,IT,UNEM_R,N,9,Y15-74,2023M11G3,2020-09-01,10.398532,,,,,,,,,,,,
IT1:151_874(1.0),M,IT,UNEM_R,N,9,Y15-74,2023M11G30,2020-09-01,10.398532,,,,,,,,,,,,
IT1:151_874(1.0),M,IT,UNEM_R,N,9,Y15-74,2023M1G31,2020-09-01,10.398532,,,,,,,,,,,,
IT1:151_874(1.0),M,IT,UNEM_R,N,9,Y15-74,2023M1G9,2020-09-01,10.398532,,,,,,,,,,,,
IT1:151_874(1.0),M,IT,UNEM_R,N,9,Y15-74,2023M3G2,2020-09-01,10.398532,,,,,,,,,,,,
IT1:151_874(1.0),M,IT,UNEM_R,N,9,Y15-74,2023M3G30,2020-09-01,10.398532,,,,,,,,,,,,
IT1:151_874(1.0),M,IT,UNEM_R,N,9,Y15-74,2023M5G3,2020-09-01,10.398532,,,,,,,,,,,,
IT1:151_874(1.0),M,IT,UNEM_R,N,9,Y15-74,2023M6G1,2020-09-01,10.398532,,,,,,,,,,,,
IT1:151_874(1.0),M,IT,UNEM_R,N,9,Y15-74,2023M6G30,2020-09-01,10.398532,,,,,,,,,,,,
IT1:151_874(1.0),M,IT,UNEM_R,N,9,Y15-74,2023M8G1,2020-09-01,10.398532,,,,,,,,,,,,
IT1:151_874(1.0),M,IT,UNEM_R,N,9,Y15-74,2023M8G31,2020-09-01,10.398532,,,,,,,,,,,,
IT1:151_874(1.0),M,IT,UNEM_R,N,9,Y15-74,2024M10G2,2020-09-01,10.398532,,,,,,,,,,,,
IT1:151_874(1.0),M,IT,UNEM_R,N,9,Y15-74,2024M10G31,2020-09-01,10.398532,,,,,,,,,,,,
IT1:151_874(1.0),M,IT,UNEM_R,N,9,Y15-74,2024M12G2,2020-09-01,10.398532,,,,,,,,,,,,
IT1:151_874(1.0),M,IT,UNEM_R,N,9,Y15-74,2024M1G31,2020-09-01,10.398532,,,,,,,,,,,,
IT1:151_874(1.0),M,IT,UNEM_R,N,9,Y15-74,2024M1G9,2020-09-01,10.398532,,,,,,,,,,,,
IT1:151_874(1.0),M,IT,UNEM_R,N,9,Y15-74,2024M3G1,2020-09-01,10.398532,,,,,,,,,,,,
IT1:151_874(1.0),M,IT,UNEM_R,N,9,Y15-74,2024M4G3,2020-09-01,10.398532,,,,,,,,,,,,
IT1:151_874(1.0),M,IT,UNEM_R,N,9,Y15-74,2024M5G3,2020-09-01,10.398532,,,,,,,,,,,,
IT1:151_874(1.0),M,IT,UNEM_R,N,9,Y15-74,2024M5G30,2020-09-01,10.398532,,,,,,,,,,,,
IT1:151_874(1.0),M,IT,UNEM_R,N,9,Y15-74,2024M7G2,2020-09-01,10.398532,,,,,,,,,,,,
IT1:151_874(1.0),M,IT,UNEM_R,N,9,Y15-74,2024M8G1,2020-09-01,10.398532,,,,,,,,,,,,
IT1:151_874(1.0),M,IT,UNEM_R,N,9,Y15-74,2024M8G30,2020-09-01,10.398532,,,,,,,,,,,,
IT1:151_874(1.0),M,IT,UNEM_R,N,9,Y15-74,2025M10G2,2020-09-01,10.398532,,,,,,,,,,,,
IT1:151_874(1.0),M,IT,UNEM_R,N,9,Y15-74,2025M10G30,2020-09-01,10.398532,,,,,,,,,,,,
IT1:151_874(1.0),M,IT,UNEM_R,N,9,Y15-74,2025M12G2,2020-09-01,10.398532,,,,,,,,,,,,
IT1:151_874(1.0),M,IT,UNEM_R,N,9,Y15-74,2025M1G30,2020-09-01,10.398532,,,,,,,,,,,,
IT1:151_874(1.0),M,IT,UNEM_R,N,9,Y15-74,2025M1G7,2020-09-01,10.398532,,,,,,,,,,,,
IT1:151_874(1.0),M,IT,UNEM_R,N,9,Y15-74,2025M3G4,2020-09-01,10.398532,,,,,,,,,,,,
IT1:151_874(1.0),M,IT,UNEM_R,N,9,Y15-74,2025M4G1,2020-09-01,10.398532,,,,,,,,,,,,
IT1:151_874(1.0),M,IT,UNEM_R,N,9,Y15-74,2025M5G2,2020-09-01,10.398532,,,,,,,,,,,,
IT1:151_874(1.0),M,IT,UNEM_R,N,9,Y15-74,2025M6G3,2020-09-01,10.398532,,,,,,,,,,,,
IT1:151_874(1.0),M,IT,UNEM_R,N,9,Y15-74,2025M7G2,2020-09-01,10.398532,,,,,,,,,,,,
IT1:151_874(1.0),M,IT,UNEM_R,N,9,Y15-74,2025M7G31,2020-09-01,10.398532,,,,,,,,,,,,
IT1:151_874(1.0),M,IT,UNEM_R,N,9,Y15-74,2025M9G1,2020-09-01,10.398532,,,,,,,,,,,,
IT1:151_874(1.0),M,IT,UNEM_R,N,9,Y15-74,2026M1G30,2020-09-01,10.398532,,,,,,,,,,,,
IT1:151_874(1.0),M,IT,UNEM_R,N,9,Y15-74,2026M1G8,2020-09-01,10.398532,,,,,,,,,,,,
IT1:151_874(1.0),M,IT,UNEM_R,N,9,Y15-74,2026M3G4,2020-09-01,10.398532,,,,,,,,,,,,
IT1:151_874(1.0),M,IT,UNEM_R,N,9,Y15-74,2026M4G1,2020-09-01,10.398532,,,,,,,,,,,,
IT1:151_874(1.0),M,IT,UNEM_R,N,9,Y15-74,2026M4G30,2020-09-01,10.398532,,,,,,,,,,,,
IT1:151_874(1.0),M,IT,UNEM_R,N,9,Y15-74,2022M11G3,2020-10-01,10.511689,,,,,,,,,,,,
IT1:151_874(1.0),M,IT,UNEM_R,N,9,Y15-74,2022M12G1,2020-10-01,10.511689,,,,,,,,,,,,
IT1:151_874(1.0),M,IT,UNEM_R,N,9,Y15-74,2022M2G1,2020-10-01,10.511689,,,,,,,,,,,,
IT1:151_874(1.0),M,IT,UNEM_R,N,9,Y15-74,2022M3G3,2020-10-01,10.511689,,,,,,,,,,,,
IT1:151_874(1.0),M,IT,UNEM_R,N,9,Y15-74,2022M3G31,2020-10-01,10.511689,,,,,,,,,,,,
IT1:151_874(1.0),M,IT,UNEM_R,N,9,Y15-74,2022M5G2,2020-10-01,10.511689,,,,,,,,,,,,
IT1:151_874(1.0),M,IT,UNEM_R,N,9,Y15-74,2022M6G1,2020-10-01,10.511689,,,,,,,,,,,,
IT1:151_874(1.0),M,IT,UNEM_R,N,9,Y15-74,2022M6G30,2020-10-01,10.511689,,,,,,,,,,,,
IT1:151_874(1.0),M,IT,UNEM_R,N,9,Y15-74,2022M8G1,2020-10-01,10.511689,,,,,,,,,,,,
IT1:151_874(1.0),M,IT,UNEM_R,N,9,Y15-74,2022M9G1,2020-10-01,10.511689,,,,,,,,,,,,
IT1:151_874(1.0),M,IT,UNEM_R,N,9,Y15-74,2022M9G30,2020-10-01,10.511689,,,,,,,,,,,,
IT1:151_874(1.0),M,IT,UNEM_R,N,9,Y15-74,2023M10G2,2020-10-01,10.511689,,,,,,,,,,,,
IT1:151_874(1.0),M,IT,UNEM_R,N,9,Y15-74,2023M11G3,2020-10-01,10.511689,,,,,,,,,,,,
IT1:151_874(1.0),M,IT,UNEM_R,N,9,Y15-74,2023M11G30,2020-10-01,10.511689,,,,,,,,,,,,
IT1:151_874(1.0),M,IT,UNEM_R,N,9,Y15-74,2023M1G31,2020-10-01,10.511689,,,,,,,,,,,,
IT1:151_874(1.0),M,IT,UNEM_R,N,9,Y15-74,2023M1G9,2020-10-01,10.511689,,,,,,,,,,,,
IT1:151_874(1.0),M,IT,UNEM_R,N,9,Y15-74,2023M3G2,2020-10-01,10.511689,,,,,,,,,,,,
IT1:151_874(1.0),M,IT,UNEM_R,N,9,Y15-74,2023M3G30,2020-10-01,10.511689,,,,,,,,,,,,
IT1:151_874(1.0),M,IT,UNEM_R,N,9,Y15-74,2023M5G3,2020-10-01,10.511689,,,,,,,,,,,,
IT1:151_874(1.0),M,IT,UNEM_R,N,9,Y15-74,2023M6G1,2020-10-01,10.511689,,,,,,,,,,,,
IT1:151_874(1.0),M,IT,UNEM_R,N,9,Y15-74,2023M6G30,2020-10-01,10.511689,,,,,,,,,,,,
IT1:151_874(1.0),M,IT,UNEM_R,N,9,Y15-74,2023M8G1,2020-10-01,10.511689,,,,,,,,,,,,
IT1:151_874(1.0),M,IT,UNEM_R,N,9,Y15-74,2023M8G31,2020-10-01,10.511689,,,,,,,,,,,,
IT1:151_874(1.0),M,IT,UNEM_R,N,9,Y15-74,2024M10G2,2020-10-01,10.511689,,,,,,,,,,,,
IT1:151_874(1.0),M,IT,UNEM_R,N,9,Y15-74,2024M10G31,2020-10-01,10.511689,,,,,,,,,,,,
IT1:151_874(1.0),M,IT,UNEM_R,N,9,Y15-74,2024M12G2,2020-10-01,10.511689,,,,,,,,,,,,
IT1:151_874(1.0),M,IT,UNEM_R,N,9,Y15-74,2024M1G31,2020-10-01,10.511689,,,,,,,,,,,,
IT1:151_874(1.0),M,IT,UNEM_R,N,9,Y15-74,2024M1G9,2020-10-01,10.511689,,,,,,,,,,,,
IT1:151_874(1.0),M,IT,UNEM_R,N,9,Y15-74,2024M3G1,2020-10-01,10.511689,,,,,,,,,,,,
IT1:151_874(1.0),M,IT,UNEM_R,N,9,Y15-74,2024M4G3,2020-10-01,10.511689,,,,,,,,,,,,
IT1:151_874(1.0),M,IT,UNEM_R,N,9,Y15-74,2024M5G3,2020-10-01,10.511689,,,,,,,,,,,,
IT1:151_874(1.0),M,IT,UNEM_R,N,9,Y15-74,2024M5G30,2020-10-01,10.511689,,,,,,,,,,,,
IT1:151_874(1.0),M,IT,UNEM_R,N,9,Y15-74,2024M7G2,2020-10-01,10.511689,,,,,,,,,,,,
IT1:151_874(1.0),M,IT,UNEM_R,N,9,Y15-74,2024M8G1,2020-10-01,10.511689,,,,,,,,,,,,
IT1:151_874(1.0),M,IT,UNEM_R,N,9,Y15-74,2024M8G30,2020-10-01,10.511689,,,,,,,,,,,,
IT1:151_874(1.0),M,IT,UNEM_R,N,9,Y15-74,2025M10G2,2020-10-01,10.511689,,,,,,,,,,,,
IT1:151_874(1.0),M,IT,UNEM_R,N,9,Y15-74,2025M10G30,2020-10-01,10.511689,,,,,,,,,,,,
IT1:151_874(1.0),M,IT,UNEM_R,N,9,Y15-74,2025M12G2,2020-10-01,10.511689,,,,,,,,,,,,
IT1:151_874(1.0),M,IT,UNEM_R,N,9,Y15-74,2025M1G30,2020-10-01,10.511689,,,,,,,,,,,,
IT1:151_874(1.0),M,IT,UNEM_R,N,9,Y15-74,2025M1G7,2020-10-01,10.511689,,,,,,,,,,,,
IT1:151_874(1.0),M,IT,UNEM_R,N,9,Y15-74,2025M3G4,2020-10-01,10.511689,,,,,,,,,,,,
IT1:151_874(1.0),M,IT,UNEM_R,N,9,Y15-74,2025M4G1,2020-10-01,10.511689,,,,,,,,,,,,
IT1:151_874(1.0),M,IT,UNEM_R,N,9,Y15-74,2025M5G2,2020-10-01,10.511689,,,,,,,,,,,,
IT1:151_874(1.0),M,IT,UNEM_R,N,9,Y15-74,2025M6G3,2020-10-01,10.511689,,,,,,,,,,,,
IT1:151_874(1.0),M,IT,UNEM_R,N,9,Y15-74,2025M7G2,2020-10-01,10.511689,,,,,,,,,,,,
IT1:151_874(1.0),M,IT,UNEM_R,N,9,Y15-74,2025M7G31,2020-10-01,10.511689,,,,,,,,,,,,
IT1:151_874(1.0),M,IT,UNEM_R,N,9,Y15-74,2025M9G1,2020-10-01,10.511689,,,,,,,,,,,,
IT1:151_874(1.0),M,IT,UNEM_R,N,9,Y15-74,2026M1G30,2020-10-01,10.511689,,,,,,,,,,,,
IT1:151_874(1.0),M,IT,UNEM_R,N,9,Y15-74,2026M1G8,2020-10-01,10.511689,,,,,,,,,,,,
IT1:151_874(1.0),M,IT,UNEM_R,N,9,Y15-74,2026M3G4,2020-10-01,10.511689,,,,,,,,,,,,
IT1:151_874(1.0),M,IT,UNEM_R,N,9,Y15-74,2026M4G1,2020-10-01,10.511689,,,,,,,,,,,,
IT1:151_874(1.0),M,IT,UNEM_R,N,9,Y15-74,2026M4G30,2020-10-01,10.511689,,,,,,,,,,,,
IT1:151_874(1.0),M,IT,UNEM_R,N,9,Y15-74,2022M11G3,2020-11-01,8.985628,,,,,,,,,,,,
IT1:151_874(1.0),M,IT,UNEM_R,N,9,Y15-74,2022M12G1,2020-11-01,8.985628,,,,,,,,,,,,
IT1:151_874(1.0),M,IT,UNEM_R,N,9,Y15-74,2022M2G1,2020-11-01,8.985628,,,,,,,,,,,,
IT1:151_874(1.0),M,IT,UNEM_R,N,9,Y15-74,2022M3G3,2020-11-01,8.985628,,,,,,,,,,,,
IT1:151_874(1.0),M,IT,UNEM_R,N,9,Y15-74,2022M3G31,2020-11-01,8.985628,,,,,,,,,,,,
IT1:151_874(1.0),M,IT,UNEM_R,N,9,Y15-74,2022M5G2,2020-11-01,8.985628,,,,,,,,,,,,
IT1:151_874(1.0),M,IT,UNEM_R,N,9,Y15-74,2022M6G1,2020-11-01,8.985628,,,,,,,,,,,,
IT1:151_874(1.0),M,IT,UNEM_R,N,9,Y15-74,2022M6G30,2020-11-01,8.985628,,,,,,,,,,,,
IT1:151_874(1.0),M,IT,UNEM_R,N,9,Y15-74,2022M8G1,2020-11-01,8.985628,,,,,,,,,,,,
IT1:151_874(1.0),M,IT,UNEM_R,N,9,Y15-74,2022M9G1,2020-11-01,8.985628,,,,,,,,,,,,
IT1:151_874(1.0),M,IT,UNEM_R,N,9,Y15-74,2022M9G30,2020-11-01,8.985628,,,,,,,,,,,,
IT1:151_874(1.0),M,IT,UNEM_R,N,9,Y15-74,2023M10G2,2020-11-01,8.985628,,,,,,,,,,,,
IT1:151_874(1.0),M,IT,UNEM_R,N,9,Y15-74,2023M11G3,2020-11-01,8.985628,,,,,,,,,,,,
IT1:151_874(1.0),M,IT,UNEM_R,N,9,Y15-74,2023M11G30,2020-11-01,8.985628,,,,,,,,,,,,
IT1:151_874(1.0),M,IT,UNEM_R,N,9,Y15-74,2023M1G31,2020-11-01,8.985628,,,,,,,,,,,,
IT1:151_874(1.0),M,IT,UNEM_R,N,9,Y15-74,2023M1G9,2020-11-01,8.985628,,,,,,,,,,,,
IT1:151_874(1.0),M,IT,UNEM_R,N,9,Y15-74,2023M3G2,2020-11-01,8.985628,,,,,,,,,,,,
IT1:151_874(1.0),M,IT,UNEM_R,N,9,Y15-74,2023M3G30,2020-11-01,8.985628,,,,,,,,,,,,
IT1:151_874(1.0),M,IT,UNEM_R,N,9,Y15-74,2023M5G3,2020-11-01,8.985628,,,,,,,,,,,,
IT1:151_874(1.0),M,IT,UNEM_R,N,9,Y15-74,2023M6G1,2020-11-01,8.985628,,,,,,,,,,,,
IT1:151_874(1.0),M,IT,UNEM_R,N,9,Y15-74,2023M6G30,2020-11-01,8.985628,,,,,,,,,,,,
IT1:151_874(1.0),M,IT,UNEM_R,N,9,Y15-74,2023M8G1,2020-11-01,8.985628,,,,,,,,,,,,
IT1:151_874(1.0),M,IT,UNEM_R,N,9,Y15-74,2023M8G31,2020-11-01,8.985628,,,,,,,,,,,,
IT1:151_874(1.0),M,IT,UNEM_R,N,9,Y15-74,2024M10G2,2020-11-01,8.985628,,,,,,,,,,,,
IT1:151_874(1.0),M,IT,UNEM_R,N,9,Y15-74,2024M10G31,2020-11-01,8.985628,,,,,,,,,,,,
IT1:151_874(1.0),M,IT,UNEM_R,N,9,Y15-74,2024M12G2,2020-11-01,8.985628,,,,,,,,,,,,
IT1:151_874(1.0),M,IT,UNEM_R,N,9,Y15-74,2024M1G31,2020-11-01,8.985628,,,,,,,,,,,,
IT1:151_874(1.0),M,IT,UNEM_R,N,9,Y15-74,2024M1G9,2020-11-01,8.985628,,,,,,,,,,,,
IT1:151_874(1.0),M,IT,UNEM_R,N,9,Y15-74,2024M3G1,2020-11-01,8.985628,,,,,,,,,,,,
IT1:151_874(1.0),M,IT,UNEM_R,N,9,Y15-74,2024M4G3,2020-11-01,8.985628,,,,,,,,,,,,
IT1:151_874(1.0),M,IT,UNEM_R,N,9,Y15-74,2024M5G3,2020-11-01,8.985628,,,,,,,,,,,,
IT1:151_874(1.0),M,IT,UNEM_R,N,9,Y15-74,2024M5G30,2020-11-01,8.985628,,,,,,,,,,,,
IT1:151_874(1.0),M,IT,UNEM_R,N,9,Y15-74,2024M7G2,2020-11-01,8.985628,,,,,,,,,,,,
IT1:151_874(1.0),M,IT,UNEM_R,N,9,Y15-74,2024M8G1,2020-11-01,8.985628,,,,,,,,,,,,
IT1:151_874(1.0),M,IT,UNEM_R,N,9,Y15-74,2024M8G30,2020-11-01,8.985628,,,,,,,,,,,,
IT1:151_874(1.0),M,IT,UNEM_R,N,9,Y15-74,2025M10G2,2020-11-01,8.985628,,,,,,,,,,,,
IT1:151_874(1.0),M,IT,UNEM_R,N,9,Y15-74,2025M10G30,2020-11-01,8.985628,,,,,,,,,,,,
IT1:151_874(1.0),M,IT,UNEM_R,N,9,Y15-74,2025M12G2,2020-11-01,8.985628,,,,,,,,,,,,
IT1:151_874(1.0),M,IT,UNEM_R,N,9,Y15-74,2025M1G30,2020-11-01,8.985628,,,,,,,,,,,,
IT1:151_874(1.0),M,IT,UNEM_R,N,9,Y15-74,2025M1G7,2020-11-01,8.985628,,,,,,,,,,,,
IT1:151_874(1.0),M,IT,UNEM_R,N,9,Y15-74,2025M3G4,2020-11-01,8.985628,,,,,,,,,,,,
IT1:151_874(1.0),M,IT,UNEM_R,N,9,Y15-74,2025M4G1,2020-11-01,8.985628,,,,,,,,,,,,
IT1:151_874(1.0),M,IT,UNEM_R,N,9,Y15-74,2025M5G2,2020-11-01,8.985628,,,,,,,,,,,,
IT1:151_874(1.0),M,IT,UNEM_R,N,9,Y15-74,2025M6G3,2020-11-01,8.985628,,,,,,,,,,,,
IT1:151_874(1.0),M,IT,UNEM_R,N,9,Y15-74,2025M7G2,2020-11-01,8.985628,,,,,,,,,,,,
IT1:151_874(1.0),M,IT,UNEM_R,N,9,Y15-74,2025M7G31,2020-11-01,8.985628,,,,,,,,,,,,
IT1:151_874(1.0),M,IT,UNEM_R,N,9,Y15-74,2025M9G1,2020-11-01,8.985628,,,,,,,,,,,,
IT1:151_874(1.0),M,IT,UNEM_R,N,9,Y15-74,2026M1G30,2020-11-01,8.985628,,,,,,,,,,,,
IT1:151_874(1.0),M,IT,UNEM_R,N,9,Y15-74,2026M1G8,2020-11-01,8.985628,,,,,,,,,,,,
IT1:151_874(1.0),M,IT,UNEM_R,N,9,Y15-74,2026M3G4,2020-11-01,8.985628,,,,,,,,,,,,
IT1:151_874(1.0),M,IT,UNEM_R,N,9,Y15-74,2026M4G1,2020-11-01,8.985628,,,,,,,,,,,,
IT1:151_874(1.0),M,IT,UNEM_R,N,9,Y15-74,2026M4G30,2020-11-01,8.985628,,,,,,,,,,,,
IT1:151_874(1.0),M,IT,UNEM_R,N,9,Y15-74,2022M11G3,2020-12-01,9.580666,,,,,,,,,,,,
IT1:151_874(1.0),M,IT,UNEM_R,N,9,Y15-74,2022M12G1,2020-12-01,9.580666,,,,,,,,,,,,
IT1:151_874(1.0),M,IT,UNEM_R,N,9,Y15-74,2022M2G1,2020-12-01,9.580666,,,,,,,,,,,,
IT1:151_874(1.0),M,IT,UNEM_R,N,9,Y15-74,2022M3G3,2020-12-01,9.580666,,,,,,,,,,,,
IT1:151_874(1.0),M,IT,UNEM_R,N,9,Y15-74,2022M3G31,2020-12-01,9.580666,,,,,,,,,,,,
IT1:151_874(1.0),M,IT,UNEM_R,N,9,Y15-74,2022M5G2,2020-12-01,9.580666,,,,,,,,,,,,
IT1:151_874(1.0),M,IT,UNEM_R,N,9,Y15-74,2022M6G1,2020-12-01,9.580666,,,,,,,,,,,,
IT1:151_874(1.0),M,IT,UNEM_R,N,9,Y15-74,2022M6G30,2020-12-01,9.580666,,,,,,,,,,,,
IT1:151_874(1.0),M,IT,UNEM_R,N,9,Y15-74,2022M8G1,2020-12-01,9.580666,,,,,,,,,,,,
IT1:151_874(1.0),M,IT,UNEM_R,N,9,Y15-74,2022M9G1,2020-12-01,9.580666,,,,,,,,,,,,
IT1:151_874(1.0),M,IT,UNEM_R,N,9,Y15-74,2022M9G30,2020-12-01,9.580666,,,,,,,,,,,,
IT1:151_874(1.0),M,IT,UNEM_R,N,9,Y15-74,2023M10G2,2020-12-01,9.580666,,,,,,,,,,,,
IT1:151_874(1.0),M,IT,UNEM_R,N,9,Y15-74,2023M11G3,2020-12-01,9.580666,,,,,,,,,,,,
IT1:151_874(1.0),M,IT,UNEM_R,N,9,Y15-74,2023M11G30,2020-12-01,9.580666,,,,,,,,,,,,
IT1:151_874(1.0),M,IT,UNEM_R,N,9,Y15-74,2023M1G31,2020-12-01,9.580666,,,,,,,,,,,,
IT1:151_874(1.0),M,IT,UNEM_R,N,9,Y15-74,2023M1G9,2020-12-01,9.580666,,,,,,,,,,,,
IT1:151_874(1.0),M,IT,UNEM_R,N,9,Y15-74,2023M3G2,2020-12-01,9.580666,,,,,,,,,,,,
IT1:151_874(1.0),M,IT,UNEM_R,N,9,Y15-74,2023M3G30,2020-12-01,9.580666,,,,,,,,,,,,
IT1:151_874(1.0),M,IT,UNEM_R,N,9,Y15-74,2023M5G3,2020-12-01,9.580666,,,,,,,,,,,,
IT1:151_874(1.0),M,IT,UNEM_R,N,9,Y15-74,2023M6G1,2020-12-01,9.580666,,,,,,,,,,,,
IT1:151_874(1.0),M,IT,UNEM_R,N,9,Y15-74,2023M6G30,2020-12-01,9.580666,,,,,,,,,,,,
IT1:151_874(1.0),M,IT,UNEM_R,N,9,Y15-74,2023M8G1,2020-12-01,9.580666,,,,,,,,,,,,
IT1:151_874(1.0),M,IT,UNEM_R,N,9,Y15-74,2023M8G31,2020-12-01,9.580666,,,,,,,,,,,,
IT1:151_874(1.0),M,IT,UNEM_R,N,9,Y15-74,2024M10G2,2020-12-01,9.580666,,,,,,,,,,,,
IT1:151_874(1.0),M,IT,UNEM_R,N,9,Y15-74,2024M10G31,2020-12-01,9.580666,,,,,,,,,,,,
IT1:151_874(1.0),M,IT,UNEM_R,N,9,Y15-74,2024M12G2,2020-12-01,9.580666,,,,,,,,,,,,
IT1:151_874(1.0),M,IT,UNEM_R,N,9,Y15-74,2024M1G31,2020-12-01,9.580666,,,,,,,,,,,,
IT1:151_874(1.0),M,IT,UNEM_R,N,9,Y15-74,2024M1G9,2020-12-01,9.580666,,,,,,,,,,,,
IT1:151_874(1.0),M,IT,UNEM_R,N,9,Y15-74,2024M3G1,2020-12-01,9.580666,,,,,,,,,,,,
IT1:151_874(1.0),M,IT,UNEM_R,N,9,Y15-74,2024M4G3,2020-12-01,9.580666,,,,,,,,,,,,
IT1:151_874(1.0),M,IT,UNEM_R,N,9,Y15-74,2024M5G3,2020-12-01,9.580666,,,,,,,,,,,,
IT1:151_874(1.0),M,IT,UNEM_R,N,9,Y15-74,2024M5G30,2020-12-01,9.580666,,,,,,,,,,,,
IT1:151_874(1.0),M,IT,UNEM_R,N,9,Y15-74,2024M7G2,2020-12-01,9.580666,,,,,,,,,,,,
IT1:151_874(1.0),M,IT,UNEM_R,N,9,Y15-74,2024M8G1,2020-12-01,9.580666,,,,,,,,,,,,
IT1:151_874(1.0),M,IT,UNEM_R,N,9,Y15-74,2024M8G30,2020-12-01,9.580666,,,,,,,,,,,,
IT1:151_874(1.0),M,IT,UNEM_R,N,9,Y15-74,2025M10G2,2020-12-01,9.580666,,,,,,,,,,,,
IT1:151_874(1.0),M,IT,UNEM_R,N,9,Y15-74,2025M10G30,2020-12-01,9.580666,,,,,,,,,,,,
IT1:151_874(1.0),M,IT,UNEM_R,N,9,Y15-74,2025M12G2,2020-12-01,9.580666,,,,,,,,,,,,
IT1:151_874(1.0),M,IT,UNEM_R,N,9,Y15-74,2025M1G30,2020-12-01,9.580666,,,,,,,,,,,,
IT1:151_874(1.0),M,IT,UNEM_R,N,9,Y15-74,2025M1G7,2020-12-01,9.580666,,,,,,,,,,,,
IT1:151_874(1.0),M,IT,UNEM_R,N,9,Y15-74,2025M3G4,2020-12-01,9.580666,,,,,,,,,,,,
IT1:151_874(1.0),M,IT,UNEM_R,N,9,Y15-74,2025M4G1,2020-12-01,9.580666,,,,,,,,,,,,
IT1:151_874(1.0),M,IT,UNEM_R,N,9,Y15-74,2025M5G2,2020-12-01,9.580666,,,,,,,,,,,,
IT1:151_874(1.0),M,IT,UNEM_R,N,9,Y15-74,2025M6G3,2020-12-01,9.580666,,,,,,,,,,,,
IT1:151_874(1.0),M,IT,UNEM_R,N,9,Y15-74,2025M7G2,2020-12-01,9.580666,,,,,,,,,,,,
IT1:151_874(1.0),M,IT,UNEM_R,N,9,Y15-74,2025M7G31,2020-12-01,9.580666,,,,,,,,,,,,
IT1:151_874(1.0),M,IT,UNEM_R,N,9,Y15-74,2025M9G1,2020-12-01,9.580666,,,,,,,,,,,,
IT1:151_874(1.0),M,IT,UNEM_R,N,9,Y15-74,2026M1G30,2020-12-01,9.580666,,,,,,,,,,,,
IT1:151_874(1.0),M,IT,UNEM_R,N,9,Y15-74,2026M1G8,2020-12-01,9.580666,,,,,,,,,,,,
IT1:151_874(1.0),M,IT,UNEM_R,N,9,Y15-74,2026M3G4,2020-12-01,9.580666,,,,,,,,,,,,
IT1:151_874(1.0),M,IT,UNEM_R,N,9,Y15-74,2026M4G1,2020-12-01,9.580666,,,,,,,,,,,,
IT1:151_874(1.0),M,IT,UNEM_R,N,9,Y15-74,2026M4G30,2020-12-01,9.580666,,,,,,,,,,,,
IT1:151_874(1.0),M,IT,UNEM_R,N,9,Y15-74,2022M11G3,2021-01-01,10.94682,,,,,,,,,,,,
IT1:151_874(1.0),M,IT,UNEM_R,N,9,Y15-74,2022M12G1,2021-01-01,10.94682,,,,,,,,,,,,
IT1:151_874(1.0),M,IT,UNEM_R,N,9,Y15-74,2022M2G1,2021-01-01,10.94682,,,,,,,,,,,,
IT1:151_874(1.0),M,IT,UNEM_R,N,9,Y15-74,2022M3G3,2021-01-01,10.94682,,,,,,,,,,,,
IT1:151_874(1.0),M,IT,UNEM_R,N,9,Y15-74,2022M3G31,2021-01-01,10.94682,,,,,,,,,,,,
IT1:151_874(1.0),M,IT,UNEM_R,N,9,Y15-74,2022M5G2,2021-01-01,10.94682,,,,,,,,,,,,
IT1:151_874(1.0),M,IT,UNEM_R,N,9,Y15-74,2022M6G1,2021-01-01,10.94682,,,,,,,,,,,,
IT1:151_874(1.0),M,IT,UNEM_R,N,9,Y15-74,2022M6G30,2021-01-01,10.94682,,,,,,,,,,,,
IT1:151_874(1.0),M,IT,UNEM_R,N,9,Y15-74,2022M8G1,2021-01-01,10.94682,,,,,,,,,,,,
IT1:151_874(1.0),M,IT,UNEM_R,N,9,Y15-74,2022M9G1,2021-01-01,10.94682,,,,,,,,,,,,
IT1:151_874(1.0),M,IT,UNEM_R,N,9,Y15-74,2022M9G30,2021-01-01,10.94682,,,,,,,,,,,,
IT1:151_874(1.0),M,IT,UNEM_R,N,9,Y15-74,2023M10G2,2021-01-01,10.94682,,,,,,,,,,,,
IT1:151_874(1.0),M,IT,UNEM_R,N,9,Y15-74,2023M11G3,2021-01-01,10.94682,,,,,,,,,,,,
IT1:151_874(1.0),M,IT,UNEM_R,N,9,Y15-74,2023M11G30,2021-01-01,10.94682,,,,,,,,,,,,
IT1:151_874(1.0),M,IT,UNEM_R,N,9,Y15-74,2023M1G31,2021-01-01,10.94682,,,,,,,,,,,,
IT1:151_874(1.0),M,IT,UNEM_R,N,9,Y15-74,2023M1G9,2021-01-01,10.94682,,,,,,,,,,,,
IT1:151_874(1.0),M,IT,UNEM_R,N,9,Y15-74,2023M3G2,2021-01-01,10.94682,,,,,,,,,,,,
IT1:151_874(1.0),M,IT,UNEM_R,N,9,Y15-74,2023M3G30,2021-01-01,10.94682,,,,,,,,,,,,
IT1:151_874(1.0),M,IT,UNEM_R,N,9,Y15-74,2023M5G3,2021-01-01,10.94682,,,,,,,,,,,,
IT1:151_874(1.0),M,IT,UNEM_R,N,9,Y15-74,2023M6G1,2021-01-01,10.94682,,,,,,,,,,,,
IT1:151_874(1.0),M,IT,UNEM_R,N,9,Y15-74,2023M6G30,2021-01-01,10.94682,,,,,,,,,,,,
IT1:151_874(1.0),M,IT,UNEM_R,N,9,Y15-74,2023M8G1,2021-01-01,10.94682,,,,,,,,,,,,
IT1:151_874(1.0),M,IT,UNEM_R,N,9,Y15-74,2023M8G31,2021-01-01,10.94682,,,,,,,,,,,,
IT1:151_874(1.0),M,IT,UNEM_R,N,9,Y15-74,2024M10G2,2021-01-01,10.94682,,,,,,,,,,,,
IT1:151_874(1.0),M,IT,UNEM_R,N,9,Y15-74,2024M10G31,2021-01-01,10.94682,,,,,,,,,,,,
IT1:151_874(1.0),M,IT,UNEM_R,N,9,Y15-74,2024M12G2,2021-01-01,10.94682,,,,,,,,,,,,
IT1:151_874(1.0),M,IT,UNEM_R,N,9,Y15-74,2024M1G31,2021-01-01,10.94682,,,,,,,,,,,,
IT1:151_874(1.0),M,IT,UNEM_R,N,9,Y15-74,2024M1G9,2021-01-01,10.94682,,,,,,,,,,,,
IT1:151_874(1.0),M,IT,UNEM_R,N,9,Y15-74,2024M3G1,2021-01-01,10.94682,,,,,,,,,,,,
IT1:151_874(1.0),M,IT,UNEM_R,N,9,Y15-74,2024M4G3,2021-01-01,10.94682,,,,,,,,,,,,
IT1:151_874(1.0),M,IT,UNEM_R,N,9,Y15-74,2024M5G3,2021-01-01,10.94682,,,,,,,,,,,,
IT1:151_874(1.0),M,IT,UNEM_R,N,9,Y15-74,2024M5G30,2021-01-01,10.94682,,,,,,,,,,,,
IT1:151_874(1.0),M,IT,UNEM_R,N,9,Y15-74,2024M7G2,2021-01-01,10.94682,,,,,,,,,,,,
IT1:151_874(1.0),M,IT,UNEM_R,N,9,Y15-74,2024M8G1,2021-01-01,10.94682,,,,,,,,,,,,
IT1:151_874(1.0),M,IT,UNEM_R,N,9,Y15-74,2024M8G30,2021-01-01,10.94682,,,,,,,,,,,,
IT1:151_874(1.0),M,IT,UNEM_R,N,9,Y15-74,2025M10G2,2021-01-01,10.94682,,,,,,,,,,,,
IT1:151_874(1.0),M,IT,UNEM_R,N,9,Y15-74,2025M10G30,2021-01-01,10.94682,,,,,,,,,,,,
IT1:151_874(1.0),M,IT,UNEM_R,N,9,Y15-74,2025M12G2,2021-01-01,10.94682,,,,,,,,,,,,
IT1:151_874(1.0),M,IT,UNEM_R,N,9,Y15-74,2025M1G30,2021-01-01,10.94682,,,,,,,,,,,,
IT1:151_874(1.0),M,IT,UNEM_R,N,9,Y15-74,2025M1G7,2021-01-01,10.94682,,,,,,,,,,,,
IT1:151_874(1.0),M,IT,UNEM_R,N,9,Y15-74,2025M3G4,2021-01-01,10.94682,,,,,,,,,,,,
IT1:151_874(1.0),M,IT,UNEM_R,N,9,Y15-74,2025M4G1,2021-01-01,10.94682,,,,,,,,,,,,
IT1:151_874(1.0),M,IT,UNEM_R,N,9,Y15-74,2025M5G2,2021-01-01,10.94682,,,,,,,,,,,,
IT1:151_874(1.0),M,IT,UNEM_R,N,9,Y15-74,2025M6G3,2021-01-01,10.94682,,,,,,,,,,,,
IT1:151_874(1.0),M,IT,UNEM_R,N,9,Y15-74,2025M7G2,2021-01-01,10.94682,,,,,,,,,,,,
IT1:151_874(1.0),M,IT,UNEM_R,N,9,Y15-74,2025M7G31,2021-01-01,10.94682,,,,,,,,,,,,
IT1:151_874(1.0),M,IT,UNEM_R,N,9,Y15-74,2025M9G1,2021-01-01,10.94682,,,,,,,,,,,,
IT1:151_874(1.0),M,IT,UNEM_R,N,9,Y15-74,2026M1G30,2021-01-01,10.94682,,,,,,,,,,,,
IT1:151_874(1.0),M,IT,UNEM_R,N,9,Y15-74,2026M1G8,2021-01-01,10.94682,,,,,,,,,,,,
IT1:151_874(1.0),M,IT,UNEM_R,N,9,Y15-74,2026M3G4,2021-01-01,10.94682,,,,,,,,,,,,
IT1:151_874(1.0),M,IT,UNEM_R,N,9,Y15-74,2026M4G1,2021-01-01,10.94682,,,,,,,,,,,,
IT1:151_874(1.0),M,IT,UNEM_R,N,9,Y15-74,2026M4G30,2021-01-01,10.94682,,,,,,,,,,,,
IT1:151_874(1.0),M,IT,UNEM_R,N,9,Y15-74,2022M11G3,2021-02-01,10.709631,,,,,,,,,,,,
IT1:151_874(1.0),M,IT,UNEM_R,N,9,Y15-74,2022M12G1,2021-02-01,10.709631,,,,,,,,,,,,
IT1:151_874(1.0),M,IT,UNEM_R,N,9,Y15-74,2022M2G1,2021-02-01,10.709631,,,,,,,,,,,,
IT1:151_874(1.0),M,IT,UNEM_R,N,9,Y15-74,2022M3G3,2021-02-01,10.709631,,,,,,,,,,,,
IT1:151_874(1.0),M,IT,UNEM_R,N,9,Y15-74,2022M3G31,2021-02-01,10.709631,,,,,,,,,,,,
IT1:151_874(1.0),M,IT,UNEM_R,N,9,Y15-74,2022M5G2,2021-02-01,10.709631,,,,,,,,,,,,
IT1:151_874(1.0),M,IT,UNEM_R,N,9,Y15-74,2022M6G1,2021-02-01,10.709631,,,,,,,,,,,,
IT1:151_874(1.0),M,IT,UNEM_R,N,9,Y15-74,2022M6G30,2021-02-01,10.709631,,,,,,,,,,,,
IT1:151_874(1.0),M,IT,UNEM_R,N,9,Y15-74,2022M8G1,2021-02-01,10.709631,,,,,,,,,,,,
IT1:151_874(1.0),M,IT,UNEM_R,N,9,Y15-74,2022M9G1,2021-02-01,10.709631,,,,,,,,,,,,
IT1:151_874(1.0),M,IT,UNEM_R,N,9,Y15-74,2022M9G30,2021-02-01,10.709631,,,,,,,,,,,,
IT1:151_874(1.0),M,IT,UNEM_R,N,9,Y15-74,2023M10G2,2021-02-01,10.709631,,,,,,,,,,,,
IT1:151_874(1.0),M,IT,UNEM_R,N,9,Y15-74,2023M11G3,2021-02-01,10.709631,,,,,,,,,,,,
IT1:151_874(1.0),M,IT,UNEM_R,N,9,Y15-74,2023M11G30,2021-02-01,10.709631,,,,,,,,,,,,
IT1:151_874(1.0),M,IT,UNEM_R,N,9,Y15-74,2023M1G31,2021-02-01,10.709631,,,,,,,,,,,,
IT1:151_874(1.0),M,IT,UNEM_R,N,9,Y15-74,2023M1G9,2021-02-01,10.709631,,,,,,,,,,,,
IT1:151_874(1.0),M,IT,UNEM_R,N,9,Y15-74,2023M3G2,2021-02-01,10.709631,,,,,,,,,,,,
IT1:151_874(1.0),M,IT,UNEM_R,N,9,Y15-74,2023M3G30,2021-02-01,10.709631,,,,,,,,,,,,
IT1:151_874(1.0),M,IT,UNEM_R,N,9,Y15-74,2023M5G3,2021-02-01,10.709631,,,,,,,,,,,,
IT1:151_874(1.0),M,IT,UNEM_R,N,9,Y15-74,2023M6G1,2021-02-01,10.709631,,,,,,,,,,,,
IT1:151_874(1.0),M,IT,UNEM_R,N,9,Y15-74,2023M6G30,2021-02-01,10.709631,,,,,,,,,,,,
IT1:151_874(1.0),M,IT,UNEM_R,N,9,Y15-74,2023M8G1,2021-02-01,10.709631,,,,,,,,,,,,
IT1:151_874(1.0),M,IT,UNEM_R,N,9,Y15-74,2023M8G31,2021-02-01,10.709631,,,,,,,,,,,,
IT1:151_874(1.0),M,IT,UNEM_R,N,9,Y15-74,2024M10G2,2021-02-01,10.709631,,,,,,,,,,,,
IT1:151_874(1.0),M,IT,UNEM_R,N,9,Y15-74,2024M10G31,2021-02-01,10.709631,,,,,,,,,,,,
IT1:151_874(1.0),M,IT,UNEM_R,N,9,Y15-74,2024M12G2,2021-02-01,10.709631,,,,,,,,,,,,
IT1:151_874(1.0),M,IT,UNEM_R,N,9,Y15-74,2024M1G31,2021-02-01,10.709631,,,,,,,,,,,,
IT1:151_874(1.0),M,IT,UNEM_R,N,9,Y15-74,2024M1G9,2021-02-01,10.709631,,,,,,,,,,,,
IT1:151_874(1.0),M,IT,UNEM_R,N,9,Y15-74,2024M3G1,2021-02-01,10.709631,,,,,,,,,,,,
IT1:151_874(1.0),M,IT,UNEM_R,N,9,Y15-74,2024M4G3,2021-02-01,10.709631,,,,,,,,,,,,
IT1:151_874(1.0),M,IT,UNEM_R,N,9,Y15-74,2024M5G3,2021-02-01,10.709631,,,,,,,,,,,,
IT1:151_874(1.0),M,IT,UNEM_R,N,9,Y15-74,2024M5G30,2021-02-01,10.709631,,,,,,,,,,,,
IT1:151_874(1.0),M,IT,UNEM_R,N,9,Y15-74,2024M7G2,2021-02-01,10.709631,,,,,,,,,,,,
IT1:151_874(1.0),M,IT,UNEM_R,N,9,Y15-74,2024M8G1,2021-02-01,10.709631,,,,,,,,,,,,
IT1:151_874(1.0),M,IT,UNEM_R,N,9,Y15-74,2024M8G30,2021-02-01,10.709631,,,,,,,,,,,,
IT1:151_874(1.0),M,IT,UNEM_R,N,9,Y15-74,2025M10G2,2021-02-01,10.709631,,,,,,,,,,,,
IT1:151_874(1.0),M,IT,UNEM_R,N,9,Y15-74,2025M10G30,2021-02-01,10.709631,,,,,,,,,,,,
IT1:151_874(1.0),M,IT,UNEM_R,N,9,Y15-74,2025M12G2,2021-02-01,10.709631,,,,,,,,,,,,
IT1:151_874(1.0),M,IT,UNEM_R,N,9,Y15-74,2025M1G30,2021-02-01,10.709631,,,,,,,,,,,,
IT1:151_874(1.0),M,IT,UNEM_R,N,9,Y15-74,2025M1G7,2021-02-01,10.709631,,,,,,,,,,,,
IT1:151_874(1.0),M,IT,UNEM_R,N,9,Y15-74,2025M3G4,2021-02-01,10.709631,,,,,,,,,,,,
IT1:151_874(1.0),M,IT,UNEM_R,N,9,Y15-74,2025M4G1,2021-02-01,10.709631,,,,,,,,,,,,
IT1:151_874(1.0),M,IT,UNEM_R,N,9,Y15-74,2025M5G2,2021-02-01,10.709631,,,,,,,,,,,,
IT1:151_874(1.0),M,IT,UNEM_R,N,9,Y15-74,2025M6G3,2021-02-01,10.709631,,,,,,,,,,,,
IT1:151_874(1.0),M,IT,UNEM_R,N,9,Y15-74,2025M7G2,2021-02-01,10.709631,,,,,,,,,,,,
IT1:151_874(1.0),M,IT,UNEM_R,N,9,Y15-74,2025M7G31,2021-02-01,10.709631,,,,,,,,,,,,
IT1:151_874(1.0),M,IT,UNEM_R,N,9,Y15-74,2025M9G1,2021-02-01,10.709631,,,,,,,,,,,,
IT1:151_874(1.0),M,IT,UNEM_R,N,9,Y15-74,2026M1G30,2021-02-01,10.709631,,,,,,,,,,,,
IT1:151_874(1.0),M,IT,UNEM_R,N,9,Y15-74,2026M1G8,2021-02-01,10.709631,,,,,,,,,,,,
IT1:151_874(1.0),M,IT,UNEM_R,N,9,Y15-74,2026M3G4,2021-02-01,10.709631,,,,,,,,,,,,
IT1:151_874(1.0),M,IT,UNEM_R,N,9,Y15-74,2026M4G1,2021-02-01,10.709631,,,,,,,,,,,,
IT1:151_874(1.0),M,IT,UNEM_R,N,9,Y15-74,2026M4G30,2021-02-01,10.709631,,,,,,,,,,,,
IT1:151_874(1.0),M,IT,UNEM_R,N,9,Y15-74,2022M11G3,2021-03-01,10.365088,,,,,,,,,,,,
IT1:151_874(1.0),M,IT,UNEM_R,N,9,Y15-74,2022M12G1,2021-03-01,10.365088,,,,,,,,,,,,
IT1:151_874(1.0),M,IT,UNEM_R,N,9,Y15-74,2022M2G1,2021-03-01,10.365088,,,,,,,,,,,,
IT1:151_874(1.0),M,IT,UNEM_R,N,9,Y15-74,2022M3G3,2021-03-01,10.365088,,,,,,,,,,,,
IT1:151_874(1.0),M,IT,UNEM_R,N,9,Y15-74,2022M3G31,2021-03-01,10.365088,,,,,,,,,,,,
IT1:151_874(1.0),M,IT,UNEM_R,N,9,Y15-74,2022M5G2,2021-03-01,10.365088,,,,,,,,,,,,
IT1:151_874(1.0),M,IT,UNEM_R,N,9,Y15-74,2022M6G1,2021-03-01,10.365088,,,,,,,,,,,,
IT1:151_874(1.0),M,IT,UNEM_R,N,9,Y15-74,2022M6G30,2021-03-01,10.365088,,,,,,,,,,,,
IT1:151_874(1.0),M,IT,UNEM_R,N,9,Y15-74,2022M8G1,2021-03-01,10.365088,,,,,,,,,,,,
IT1:151_874(1.0),M,IT,UNEM_R,N,9,Y15-74,2022M9G1,2021-03-01,10.365088,,,,,,,,,,,,
IT1:151_874(1.0),M,IT,UNEM_R,N,9,Y15-74,2022M9G30,2021-03-01,10.365088,,,,,,,,,,,,
IT1:151_874(1.0),M,IT,UNEM_R,N,9,Y15-74,2023M10G2,2021-03-01,10.365088,,,,,,,,,,,,
IT1:151_874(1.0),M,IT,UNEM_R,N,9,Y15-74,2023M11G3,2021-03-01,10.365088,,,,,,,,,,,,
IT1:151_874(1.0),M,IT,UNEM_R,N,9,Y15-74,2023M11G30,2021-03-01,10.365088,,,,,,,,,,,,
IT1:151_874(1.0),M,IT,UNEM_R,N,9,Y15-74,2023M1G31,2021-03-01,10.365088,,,,,,,,,,,,
IT1:151_874(1.0),M,IT,UNEM_R,N,9,Y15-74,2023M1G9,2021-03-01,10.365088,,,,,,,,,,,,
IT1:151_874(1.0),M,IT,UNEM_R,N,9,Y15-74,2023M3G2,2021-03-01,10.365088,,,,,,,,,,,,
IT1:151_874(1.0),M,IT,UNEM_R,N,9,Y15-74,2023M3G30,2021-03-01,10.365088,,,,,,,,,,,,
IT1:151_874(1.0),M,IT,UNEM_R,N,9,Y15-74,2023M5G3,2021-03-01,10.365088,,,,,,,,,,,,
IT1:151_874(1.0),M,IT,UNEM_R,N,9,Y15-74,2023M6G1,2021-03-01,10.365088,,,,,,,,,,,,
IT1:151_874(1.0),M,IT,UNEM_R,N,9,Y15-74,2023M6G30,2021-03-01,10.365088,,,,,,,,,,,,
IT1:151_874(1.0),M,IT,UNEM_R,N,9,Y15-74,2023M8G1,2021-03-01,10.365088,,,,,,,,,,,,
IT1:151_874(1.0),M,IT,UNEM_R,N,9,Y15-74,2023M8G31,2021-03-01,10.365088,,,,,,,,,,,,
IT1:151_874(1.0),M,IT,UNEM_R,N,9,Y15-74,2024M10G2,2021-03-01,10.365088,,,,,,,,,,,,
IT1:151_874(1.0),M,IT,UNEM_R,N,9,Y15-74,2024M10G31,2021-03-01,10.365088,,,,,,,,,,,,
IT1:151_874(1.0),M,IT,UNEM_R,N,9,Y15-74,2024M12G2,2021-03-01,10.365088,,,,,,,,,,,,
IT1:151_874(1.0),M,IT,UNEM_R,N,9,Y15-74,2024M1G31,2021-03-01,10.365088,,,,,,,,,,,,
IT1:151_874(1.0),M,IT,UNEM_R,N,9,Y15-74,2024M1G9,2021-03-01,10.365088,,,,,,,,,,,,
IT1:151_874(1.0),M,IT,UNEM_R,N,9,Y15-74,2024M3G1,2021-03-01,10.365088,,,,,,,,,,,,
IT1:151_874(1.0),M,IT,UNEM_R,N,9,Y15-74,2024M4G3,2021-03-01,10.365088,,,,,,,,,,,,
IT1:151_874(1.0),M,IT,UNEM_R,N,9,Y15-74,2024M5G3,2021-03-01,10.365088,,,,,,,,,,,,
IT1:151_874(1.0),M,IT,UNEM_R,N,9,Y15-74,2024M5G30,2021-03-01,10.365088,,,,,,,,,,,,
IT1:151_874(1.0),M,IT,UNEM_R,N,9,Y15-74,2024M7G2,2021-03-01,10.365088,,,,,,,,,,,,
IT1:151_874(1.0),M,IT,UNEM_R,N,9,Y15-74,2024M8G1,2021-03-01,10.365088,,,,,,,,,,,,
IT1:151_874(1.0),M,IT,UNEM_R,N,9,Y15-74,2024M8G30,2021-03-01,10.365088,,,,,,,,,,,,
IT1:151_874(1.0),M,IT,UNEM_R,N,9,Y15-74,2025M10G2,2021-03-01,10.365088,,,,,,,,,,,,
IT1:151_874(1.0),M,IT,UNEM_R,N,9,Y15-74,2025M10G30,2021-03-01,10.365088,,,,,,,,,,,,
IT1:151_874(1.0),M,IT,UNEM_R,N,9,Y15-74,2025M12G2,2021-03-01,10.365088,,,,,,,,,,,,
IT1:151_874(1.0),M,IT,UNEM_R,N,9,Y15-74,2025M1G30,2021-03-01,10.365088,,,,,,,,,,,,
IT1:151_874(1.0),M,IT,UNEM_R,N,9,Y15-74,2025M1G7,2021-03-01,10.365088,,,,,,,,,,,,
IT1:151_874(1.0),M,IT,UNEM_R,N,9,Y15-74,2025M3G4,2021-03-01,10.365088,,,,,,,,,,,,
IT1:151_874(1.0),M,IT,UNEM_R,N,9,Y15-74,2025M4G1,2021-03-01,10.365088,,,,,,,,,,,,
IT1:151_874(1.0),M,IT,UNEM_R,N,9,Y15-74,2025M5G2,2021-03-01,10.365088,,,,,,,,,,,,
IT1:151_874(1.0),M,IT,UNEM_R,N,9,Y15-74,2025M6G3,2021-03-01,10.365088,,,,,,,,,,,,
IT1:151_874(1.0),M,IT,UNEM_R,N,9,Y15-74,2025M7G2,2021-03-01,10.365088,,,,,,,,,,,,
IT1:151_874(1.0),M,IT,UNEM_R,N,9,Y15-74,2025M7G31,2021-03-01,10.365088,,,,,,,,,,,,
IT1:151_874(1.0),M,IT,UNEM_R,N,9,Y15-74,2025M9G1,2021-03-01,10.365088,,,,,,,,,,,,
IT1:151_874(1.0),M,IT,UNEM_R,N,9,Y15-74,2026M1G30,2021-03-01,10.365088,,,,,,,,,,,,
IT1:151_874(1.0),M,IT,UNEM_R,N,9,Y15-74,2026M1G8,2021-03-01,10.365088,,,,,,,,,,,,
IT1:151_874(1.0),M,IT,UNEM_R,N,9,Y15-74,2026M3G4,2021-03-01,10.365088,,,,,,,,,,,,
IT1:151_874(1.0),M,IT,UNEM_R,N,9,Y15-74,2026M4G1,2021-03-01,10.365088,,,,,,,,,,,,
IT1:151_874(1.0),M,IT,UNEM_R,N,9,Y15-74,2026M4G30,2021-03-01,10.365088,,,,,,,,,,,,
IT1:151_874(1.0),M,IT,UNEM_R,N,9,Y15-74,2022M11G3,2021-04-01,10.139341,,,,,,,,,,,,
IT1:151_874(1.0),M,IT,UNEM_R,N,9,Y15-74,2022M12G1,2021-04-01,10.139341,,,,,,,,,,,,
IT1:151_874(1.0),M,IT,UNEM_R,N,9,Y15-74,2022M2G1,2021-04-01,10.139341,,,,,,,,,,,,
IT1:151_874(1.0),M,IT,UNEM_R,N,9,Y15-74,2022M3G3,2021-04-01,10.139341,,,,,,,,,,,,
IT1:151_874(1.0),M,IT,UNEM_R,N,9,Y15-74,2022M3G31,2021-04-01,10.139341,,,,,,,,,,,,
IT1:151_874(1.0),M,IT,UNEM_R,N,9,Y15-74,2022M5G2,2021-04-01,10.139341,,,,,,,,,,,,
IT1:151_874(1.0),M,IT,UNEM_R,N,9,Y15-74,2022M6G1,2021-04-01,10.139341,,,,,,,,,,,,
IT1:151_874(1.0),M,IT,UNEM_R,N,9,Y15-74,2022M6G30,2021-04-01,10.139341,,,,,,,,,,,,
IT1:151_874(1.0),M,IT,UNEM_R,N,9,Y15-74,2022M8G1,2021-04-01,10.139341,,,,,,,,,,,,
IT1:151_874(1.0),M,IT,UNEM_R,N,9,Y15-74,2022M9G1,2021-04-01,10.139341,,,,,,,,,,,,
IT1:151_874(1.0),M,IT,UNEM_R,N,9,Y15-74,2022M9G30,2021-04-01,10.139341,,,,,,,,,,,,
IT1:151_874(1.0),M,IT,UNEM_R,N,9,Y15-74,2023M10G2,2021-04-01,10.139341,,,,,,,,,,,,
IT1:151_874(1.0),M,IT,UNEM_R,N,9,Y15-74,2023M11G3,2021-04-01,10.139341,,,,,,,,,,,,
IT1:151_874(1.0),M,IT,UNEM_R,N,9,Y15-74,2023M11G30,2021-04-01,10.139341,,,,,,,,,,,,
IT1:151_874(1.0),M,IT,UNEM_R,N,9,Y15-74,2023M1G31,2021-04-01,10.139341,,,,,,,,,,,,
IT1:151_874(1.0),M,IT,UNEM_R,N,9,Y15-74,2023M1G9,2021-04-01,10.139341,,,,,,,,,,,,
IT1:151_874(1.0),M,IT,UNEM_R,N,9,Y15-74,2023M3G2,2021-04-01,10.139341,,,,,,,,,,,,
IT1:151_874(1.0),M,IT,UNEM_R,N,9,Y15-74,2023M3G30,2021-04-01,10.139341,,,,,,,,,,,,
IT1:151_874(1.0),M,IT,UNEM_R,N,9,Y15-74,2023M5G3,2021-04-01,10.139341,,,,,,,,,,,,
IT1:151_874(1.0),M,IT,UNEM_R,N,9,Y15-74,2023M6G1,2021-04-01,10.139341,,,,,,,,,,,,
IT1:151_874(1.0),M,IT,UNEM_R,N,9,Y15-74,2023M6G30,2021-04-01,10.139341,,,,,,,,,,,,
IT1:151_874(1.0),M,IT,UNEM_R,N,9,Y15-74,2023M8G1,2021-04-01,10.139341,,,,,,,,,,,,
IT1:151_874(1.0),M,IT,UNEM_R,N,9,Y15-74,2023M8G31,2021-04-01,10.139341,,,,,,,,,,,,
IT1:151_874(1.0),M,IT,UNEM_R,N,9,Y15-74,2024M10G2,2021-04-01,10.139341,,,,,,,,,,,,
IT1:151_874(1.0),M,IT,UNEM_R,N,9,Y15-74,2024M10G31,2021-04-01,10.139341,,,,,,,,,,,,
IT1:151_874(1.0),M,IT,UNEM_R,N,9,Y15-74,2024M12G2,2021-04-01,10.139341,,,,,,,,,,,,
IT1:151_874(1.0),M,IT,UNEM_R,N,9,Y15-74,2024M1G31,2021-04-01,10.139341,,,,,,,,,,,,
IT1:151_874(1.0),M,IT,UNEM_R,N,9,Y15-74,2024M1G9,2021-04-01,10.139341,,,,,,,,,,,,
IT1:151_874(1.0),M,IT,UNEM_R,N,9,Y15-74,2024M3G1,2021-04-01,10.139341,,,,,,,,,,,,
IT1:151_874(1.0),M,IT,UNEM_R,N,9,Y15-74,2024M4G3,2021-04-01,10.139341,,,,,,,,,,,,
IT1:151_874(1.0),M,IT,UNEM_R,N,9,Y15-74,2024M5G3,2021-04-01,10.139341,,,,,,,,,,,,
IT1:151_874(1.0),M,IT,UNEM_R,N,9,Y15-74,2024M5G30,2021-04-01,10.139341,,,,,,,,,,,,
IT1:151_874(1.0),M,IT,UNEM_R,N,9,Y15-74,2024M7G2,2021-04-01,10.139341,,,,,,,,,,,,
IT1:151_874(1.0),M,IT,UNEM_R,N,9,Y15-74,2024M8G1,2021-04-01,10.139341,,,,,,,,,,,,
IT1:151_874(1.0),M,IT,UNEM_R,N,9,Y15-74,2024M8G30,2021-04-01,10.139341,,,,,,,,,,,,
IT1:151_874(1.0),M,IT,UNEM_R,N,9,Y15-74,2025M10G2,2021-04-01,10.139341,,,,,,,,,,,,
IT1:151_874(1.0),M,IT,UNEM_R,N,9,Y15-74,2025M10G30,2021-04-01,10.139341,,,,,,,,,,,,
IT1:151_874(1.0),M,IT,UNEM_R,N,9,Y15-74,2025M12G2,2021-04-01,10.139341,,,,,,,,,,,,
IT1:151_874(1.0),M,IT,UNEM_R,N,9,Y15-74,2025M1G30,2021-04-01,10.139341,,,,,,,,,,,,
IT1:151_874(1.0),M,IT,UNEM_R,N,9,Y15-74,2025M1G7,2021-04-01,10.139341,,,,,,,,,,,,
IT1:151_874(1.0),M,IT,UNEM_R,N,9,Y15-74,2025M3G4,2021-04-01,10.139341,,,,,,,,,,,,
IT1:151_874(1.0),M,IT,UNEM_R,N,9,Y15-74,2025M4G1,2021-04-01,10.139341,,,,,,,,,,,,
IT1:151_874(1.0),M,IT,UNEM_R,N,9,Y15-74,2025M5G2,2021-04-01,10.139341,,,,,,,,,,,,
IT1:151_874(1.0),M,IT,UNEM_R,N,9,Y15-74,2025M6G3,2021-04-01,10.139341,,,,,,,,,,,,
IT1:151_874(1.0),M,IT,UNEM_R,N,9,Y15-74,2025M7G2,2021-04-01,10.139341,,,,,,,,,,,,
IT1:151_874(1.0),M,IT,UNEM_R,N,9,Y15-74,2025M7G31,2021-04-01,10.139341,,,,,,,,,,,,
IT1:151_874(1.0),M,IT,UNEM_R,N,9,Y15-74,2025M9G1,2021-04-01,10.139341,,,,,,,,,,,,
IT1:151_874(1.0),M,IT,UNEM_R,N,9,Y15-74,2026M1G30,2021-04-01,10.139341,,,,,,,,,,,,
IT1:151_874(1.0),M,IT,UNEM_R,N,9,Y15-74,2026M1G8,2021-04-01,10.139341,,,,,,,,,,,,
IT1:151_874(1.0),M,IT,UNEM_R,N,9,Y15-74,2026M3G4,2021-04-01,10.139341,,,,,,,,,,,,
IT1:151_874(1.0),M,IT,UNEM_R,N,9,Y15-74,2026M4G1,2021-04-01,10.139341,,,,,,,,,,,,
IT1:151_874(1.0),M,IT,UNEM_R,N,9,Y15-74,2026M4G30,2021-04-01,10.139341,,,,,,,,,,,,
IT1:151_874(1.0),M,IT,UNEM_R,N,9,Y15-74,2022M11G3,2021-05-01,9.621608,,,,,,,,,,,,
IT1:151_874(1.0),M,IT,UNEM_R,N,9,Y15-74,2022M12G1,2021-05-01,9.621608,,,,,,,,,,,,
IT1:151_874(1.0),M,IT,UNEM_R,N,9,Y15-74,2022M2G1,2021-05-01,9.621608,,,,,,,,,,,,
IT1:151_874(1.0),M,IT,UNEM_R,N,9,Y15-74,2022M3G3,2021-05-01,9.621608,,,,,,,,,,,,
IT1:151_874(1.0),M,IT,UNEM_R,N,9,Y15-74,2022M3G31,2021-05-01,9.621608,,,,,,,,,,,,
IT1:151_874(1.0),M,IT,UNEM_R,N,9,Y15-74,2022M5G2,2021-05-01,9.621608,,,,,,,,,,,,
IT1:151_874(1.0),M,IT,UNEM_R,N,9,Y15-74,2022M6G1,2021-05-01,9.621608,,,,,,,,,,,,
IT1:151_874(1.0),M,IT,UNEM_R,N,9,Y15-74,2022M6G30,2021-05-01,9.621608,,,,,,,,,,,,
IT1:151_874(1.0),M,IT,UNEM_R,N,9,Y15-74,2022M8G1,2021-05-01,9.621608,,,,,,,,,,,,
IT1:151_874(1.0),M,IT,UNEM_R,N,9,Y15-74,2022M9G1,2021-05-01,9.621608,,,,,,,,,,,,
IT1:151_874(1.0),M,IT,UNEM_R,N,9,Y15-74,2022M9G30,2021-05-01,9.621608,,,,,,,,,,,,
IT1:151_874(1.0),M,IT,UNEM_R,N,9,Y15-74,2023M10G2,2021-05-01,9.621608,,,,,,,,,,,,
IT1:151_874(1.0),M,IT,UNEM_R,N,9,Y15-74,2023M11G3,2021-05-01,9.621608,,,,,,,,,,,,
IT1:151_874(1.0),M,IT,UNEM_R,N,9,Y15-74,2023M11G30,2021-05-01,9.621608,,,,,,,,,,,,
IT1:151_874(1.0),M,IT,UNEM_R,N,9,Y15-74,2023M1G31,2021-05-01,9.621608,,,,,,,,,,,,
IT1:151_874(1.0),M,IT,UNEM_R,N,9,Y15-74,2023M1G9,2021-05-01,9.621608,,,,,,,,,,,,
IT1:151_874(1.0),M,IT,UNEM_R,N,9,Y15-74,2023M3G2,2021-05-01,9.621608,,,,,,,,,,,,
IT1:151_874(1.0),M,IT,UNEM_R,N,9,Y15-74,2023M3G30,2021-05-01,9.621608,,,,,,,,,,,,
IT1:151_874(1.0),M,IT,UNEM_R,N,9,Y15-74,2023M5G3,2021-05-01,9.621608,,,,,,,,,,,,
IT1:151_874(1.0),M,IT,UNEM_R,N,9,Y15-74,2023M6G1,2021-05-01,9.621608,,,,,,,,,,,,
IT1:151_874(1.0),M,IT,UNEM_R,N,9,Y15-74,2023M6G30,2021-05-01,9.621608,,,,,,,,,,,,
IT1:151_874(1.0),M,IT,UNEM_R,N,9,Y15-74,2023M8G1,2021-05-01,9.621608,,,,,,,,,,,,
IT1:151_874(1.0),M,IT,UNEM_R,N,9,Y15-74,2023M8G31,2021-05-01,9.621608,,,,,,,,,,,,
IT1:151_874(1.0),M,IT,UNEM_R,N,9,Y15-74,2024M10G2,2021-05-01,9.621608,,,,,,,,,,,,
IT1:151_874(1.0),M,IT,UNEM_R,N,9,Y15-74,2024M10G31,2021-05-01,9.621608,,,,,,,,,,,,
IT1:151_874(1.0),M,IT,UNEM_R,N,9,Y15-74,2024M12G2,2021-05-01,9.621608,,,,,,,,,,,,
IT1:151_874(1.0),M,IT,UNEM_R,N,9,Y15-74,2024M1G31,2021-05-01,9.621608,,,,,,,,,,,,
IT1:151_874(1.0),M,IT,UNEM_R,N,9,Y15-74,2024M1G9,2021-05-01,9.621608,,,,,,,,,,,,
IT1:151_874(1.0),M,IT,UNEM_R,N,9,Y15-74,2024M3G1,2021-05-01,9.621608,,,,,,,,,,,,
IT1:151_874(1.0),M,IT,UNEM_R,N,9,Y15-74,2024M4G3,2021-05-01,9.621608,,,,,,,,,,,,
IT1:151_874(1.0),M,IT,UNEM_R,N,9,Y15-74,2024M5G3,2021-05-01,9.621608,,,,,,,,,,,,
IT1:151_874(1.0),M,IT,UNEM_R,N,9,Y15-74,2024M5G30,2021-05-01,9.621608,,,,,,,,,,,,
IT1:151_874(1.0),M,IT,UNEM_R,N,9,Y15-74,2024M7G2,2021-05-01,9.621608,,,,,,,,,,,,
IT1:151_874(1.0),M,IT,UNEM_R,N,9,Y15-74,2024M8G1,2021-05-01,9.621608,,,,,,,,,,,,
IT1:151_874(1.0),M,IT,UNEM_R,N,9,Y15-74,2024M8G30,2021-05-01,9.621608,,,,,,,,,,,,
IT1:151_874(1.0),M,IT,UNEM_R,N,9,Y15-74,2025M10G2,2021-05-01,9.621608,,,,,,,,,,,,
IT1:151_874(1.0),M,IT,UNEM_R,N,9,Y15-74,2025M10G30,2021-05-01,9.621608,,,,,,,,,,,,
IT1:151_874(1.0),M,IT,UNEM_R,N,9,Y15-74,2025M12G2,2021-05-01,9.621608,,,,,,,,,,,,
IT1:151_874(1.0),M,IT,UNEM_R,N,9,Y15-74,2025M1G30,2021-05-01,9.621608,,,,,,,,,,,,
IT1:151_874(1.0),M,IT,UNEM_R,N,9,Y15-74,2025M1G7,2021-05-01,9.621608,,,,,,,,,,,,
IT1:151_874(1.0),M,IT,UNEM_R,N,9,Y15-74,2025M3G4,2021-05-01,9.621608,,,,,,,,,,,,
IT1:151_874(1.0),M,IT,UNEM_R,N,9,Y15-74,2025M4G1,2021-05-01,9.621608,,,,,,,,,,,,
IT1:151_874(1.0),M,IT,UNEM_R,N,9,Y15-74,2025M5G2,2021-05-01,9.621608,,,,,,,,,,,,
IT1:151_874(1.0),M,IT,UNEM_R,N,9,Y15-74,2025M6G3,2021-05-01,9.621608,,,,,,,,,,,,
IT1:151_874(1.0),M,IT,UNEM_R,N,9,Y15-74,2025M7G2,2021-05-01,9.621608,,,,,,,,,,,,
IT1:151_874(1.0),M,IT,UNEM_R,N,9,Y15-74,2025M7G31,2021-05-01,9.621608,,,,,,,,,,,,
IT1:151_874(1.0),M,IT,UNEM_R,N,9,Y15-74,2025M9G1,2021-05-01,9.621608,,,,,,,,,,,,
IT1:151_874(1.0),M,IT,UNEM_R,N,9,Y15-74,2026M1G30,2021-05-01,9.621608,,,,,,,,,,,,
IT1:151_874(1.0),M,IT,UNEM_R,N,9,Y15-74,2026M1G8,2021-05-01,9.621608,,,,,,,,,,,,
IT1:151_874(1.0),M,IT,UNEM_R,N,9,Y15-74,2026M3G4,2021-05-01,9.621608,,,,,,,,,,,,
IT1:151_874(1.0),M,IT,UNEM_R,N,9,Y15-74,2026M4G1,2021-05-01,9.621608,,,,,,,,,,,,
IT1:151_874(1.0),M,IT,UNEM_R,N,9,Y15-74,2026M4G30,2021-05-01,9.621608,,,,,,,,,,,,
IT1:151_874(1.0),M,IT,UNEM_R,N,9,Y15-74,2022M11G3,2021-06-01,9.161086,,,,,,,,,,,,
IT1:151_874(1.0),M,IT,UNEM_R,N,9,Y15-74,2022M12G1,2021-06-01,9.161086,,,,,,,,,,,,
IT1:151_874(1.0),M,IT,UNEM_R,N,9,Y15-74,2022M2G1,2021-06-01,9.161086,,,,,,,,,,,,
IT1:151_874(1.0),M,IT,UNEM_R,N,9,Y15-74,2022M3G3,2021-06-01,9.161086,,,,,,,,,,,,
IT1:151_874(1.0),M,IT,UNEM_R,N,9,Y15-74,2022M3G31,2021-06-01,9.161086,,,,,,,,,,,,
IT1:151_874(1.0),M,IT,UNEM_R,N,9,Y15-74,2022M5G2,2021-06-01,9.161086,,,,,,,,,,,,
IT1:151_874(1.0),M,IT,UNEM_R,N,9,Y15-74,2022M6G1,2021-06-01,9.161086,,,,,,,,,,,,
IT1:151_874(1.0),M,IT,UNEM_R,N,9,Y15-74,2022M6G30,2021-06-01,9.161086,,,,,,,,,,,,
IT1:151_874(1.0),M,IT,UNEM_R,N,9,Y15-74,2022M8G1,2021-06-01,9.161086,,,,,,,,,,,,
IT1:151_874(1.0),M,IT,UNEM_R,N,9,Y15-74,2022M9G1,2021-06-01,9.161086,,,,,,,,,,,,
IT1:151_874(1.0),M,IT,UNEM_R,N,9,Y15-74,2022M9G30,2021-06-01,9.161086,,,,,,,,,,,,
IT1:151_874(1.0),M,IT,UNEM_R,N,9,Y15-74,2023M10G2,2021-06-01,9.161086,,,,,,,,,,,,
IT1:151_874(1.0),M,IT,UNEM_R,N,9,Y15-74,2023M11G3,2021-06-01,9.161086,,,,,,,,,,,,
IT1:151_874(1.0),M,IT,UNEM_R,N,9,Y15-74,2023M11G30,2021-06-01,9.161086,,,,,,,,,,,,
IT1:151_874(1.0),M,IT,UNEM_R,N,9,Y15-74,2023M1G31,2021-06-01,9.161086,,,,,,,,,,,,
IT1:151_874(1.0),M,IT,UNEM_R,N,9,Y15-74,2023M1G9,2021-06-01,9.161086,,,,,,,,,,,,
IT1:151_874(1.0),M,IT,UNEM_R,N,9,Y15-74,2023M3G2,2021-06-01,9.161086,,,,,,,,,,,,
IT1:151_874(1.0),M,IT,UNEM_R,N,9,Y15-74,2023M3G30,2021-06-01,9.161086,,,,,,,,,,,,
IT1:151_874(1.0),M,IT,UNEM_R,N,9,Y15-74,2023M5G3,2021-06-01,9.161086,,,,,,,,,,,,
IT1:151_874(1.0),M,IT,UNEM_R,N,9,Y15-74,2023M6G1,2021-06-01,9.161086,,,,,,,,,,,,
IT1:151_874(1.0),M,IT,UNEM_R,N,9,Y15-74,2023M6G30,2021-06-01,9.161086,,,,,,,,,,,,
IT1:151_874(1.0),M,IT,UNEM_R,N,9,Y15-74,2023M8G1,2021-06-01,9.161086,,,,,,,,,,,,
IT1:151_874(1.0),M,IT,UNEM_R,N,9,Y15-74,2023M8G31,2021-06-01,9.161086,,,,,,,,,,,,
IT1:151_874(1.0),M,IT,UNEM_R,N,9,Y15-74,2024M10G2,2021-06-01,9.161086,,,,,,,,,,,,
IT1:151_874(1.0),M,IT,UNEM_R,N,9,Y15-74,2024M10G31,2021-06-01,9.161086,,,,,,,,,,,,
IT1:151_874(1.0),M,IT,UNEM_R,N,9,Y15-74,2024M12G2,2021-06-01,9.161086,,,,,,,,,,,,
IT1:151_874(1.0),M,IT,UNEM_R,N,9,Y15-74,2024M1G31,2021-06-01,9.161086,,,,,,,,,,,,
IT1:151_874(1.0),M,IT,UNEM_R,N,9,Y15-74,2024M1G9,2021-06-01,9.161086,,,,,,,,,,,,
IT1:151_874(1.0),M,IT,UNEM_R,N,9,Y15-74,2024M3G1,2021-06-01,9.161086,,,,,,,,,,,,
IT1:151_874(1.0),M,IT,UNEM_R,N,9,Y15-74,2024M4G3,2021-06-01,9.161086,,,,,,,,,,,,
IT1:151_874(1.0),M,IT,UNEM_R,N,9,Y15-74,2024M5G3,2021-06-01,9.161086,,,,,,,,,,,,
IT1:151_874(1.0),M,IT,UNEM_R,N,9,Y15-74,2024M5G30,2021-06-01,9.161086,,,,,,,,,,,,
IT1:151_874(1.0),M,IT,UNEM_R,N,9,Y15-74,2024M7G2,2021-06-01,9.161086,,,,,,,,,,,,
IT1:151_874(1.0),M,IT,UNEM_R,N,9,Y15-74,2024M8G1,2021-06-01,9.161086,,,,,,,,,,,,
IT1:151_874(1.0),M,IT,UNEM_R,N,9,Y15-74,2024M8G30,2021-06-01,9.161086,,,,,,,,,,,,
IT1:151_874(1.0),M,IT,UNEM_R,N,9,Y15-74,2025M10G2,2021-06-01,9.161086,,,,,,,,,,,,
IT1:151_874(1.0),M,IT,UNEM_R,N,9,Y15-74,2025M10G30,2021-06-01,9.161086,,,,,,,,,,,,
IT1:151_874(1.0),M,IT,UNEM_R,N,9,Y15-74,2025M12G2,2021-06-01,9.161086,,,,,,,,,,,,
IT1:151_874(1.0),M,IT,UNEM_R,N,9,Y15-74,2025M1G30,2021-06-01,9.161086,,,,,,,,,,,,
IT1:151_874(1.0),M,IT,UNEM_R,N,9,Y15-74,2025M1G7,2021-06-01,9.161086,,,,,,,,,,,,
IT1:151_874(1.0),M,IT,UNEM_R,N,9,Y15-74,2025M3G4,2021-06-01,9.161086,,,,,,,,,,,,
IT1:151_874(1.0),M,IT,UNEM_R,N,9,Y15-74,2025M4G1,2021-06-01,9.161086,,,,,,,,,,,,
IT1:151_874(1.0),M,IT,UNEM_R,N,9,Y15-74,2025M5G2,2021-06-01,9.161086,,,,,,,,,,,,
IT1:151_874(1.0),M,IT,UNEM_R,N,9,Y15-74,2025M6G3,2021-06-01,9.161086,,,,,,,,,,,,
IT1:151_874(1.0),M,IT,UNEM_R,N,9,Y15-74,2025M7G2,2021-06-01,9.161086,,,,,,,,,,,,
IT1:151_874(1.0),M,IT,UNEM_R,N,9,Y15-74,2025M7G31,2021-06-01,9.161086,,,,,,,,,,,,
IT1:151_874(1.0),M,IT,UNEM_R,N,9,Y15-74,2025M9G1,2021-06-01,9.161086,,,,,,,,,,,,
IT1:151_874(1.0),M,IT,UNEM_R,N,9,Y15-74,2026M1G30,2021-06-01,9.161086,,,,,,,,,,,,
IT1:151_874(1.0),M,IT,UNEM_R,N,9,Y15-74,2026M1G8,2021-06-01,9.161086,,,,,,,,,,,,
IT1:151_874(1.0),M,IT,UNEM_R,N,9,Y15-74,2026M3G4,2021-06-01,9.161086,,,,,,,,,,,,
IT1:151_874(1.0),M,IT,UNEM_R,N,9,Y15-74,2026M4G1,2021-06-01,9.161086,,,,,,,,,,,,
IT1:151_874(1.0),M,IT,UNEM_R,N,9,Y15-74,2026M4G30,2021-06-01,9.161086,,,,,,,,,,,,
IT1:151_874(1.0),M,IT,UNEM_R,N,9,Y15-74,2022M11G3,2021-07-01,8.849491,,,,,,,,,,,,
IT1:151_874(1.0),M,IT,UNEM_R,N,9,Y15-74,2022M12G1,2021-07-01,8.849491,,,,,,,,,,,,
IT1:151_874(1.0),M,IT,UNEM_R,N,9,Y15-74,2022M2G1,2021-07-01,8.849491,,,,,,,,,,,,
IT1:151_874(1.0),M,IT,UNEM_R,N,9,Y15-74,2022M3G3,2021-07-01,8.849491,,,,,,,,,,,,
IT1:151_874(1.0),M,IT,UNEM_R,N,9,Y15-74,2022M3G31,2021-07-01,8.849491,,,,,,,,,,,,
IT1:151_874(1.0),M,IT,UNEM_R,N,9,Y15-74,2022M5G2,2021-07-01,8.849491,,,,,,,,,,,,
IT1:151_874(1.0),M,IT,UNEM_R,N,9,Y15-74,2022M6G1,2021-07-01,8.849491,,,,,,,,,,,,
IT1:151_874(1.0),M,IT,UNEM_R,N,9,Y15-74,2022M6G30,2021-07-01,8.849491,,,,,,,,,,,,
IT1:151_874(1.0),M,IT,UNEM_R,N,9,Y15-74,2022M8G1,2021-07-01,8.849491,,,,,,,,,,,,
IT1:151_874(1.0),M,IT,UNEM_R,N,9,Y15-74,2022M9G1,2021-07-01,8.849491,,,,,,,,,,,,
IT1:151_874(1.0),M,IT,UNEM_R,N,9,Y15-74,2022M9G30,2021-07-01,8.849491,,,,,,,,,,,,
IT1:151_874(1.0),M,IT,UNEM_R,N,9,Y15-74,2023M10G2,2021-07-01,8.849491,,,,,,,,,,,,
IT1:151_874(1.0),M,IT,UNEM_R,N,9,Y15-74,2023M11G3,2021-07-01,8.849491,,,,,,,,,,,,
IT1:151_874(1.0),M,IT,UNEM_R,N,9,Y15-74,2023M11G30,2021-07-01,8.849491,,,,,,,,,,,,
IT1:151_874(1.0),M,IT,UNEM_R,N,9,Y15-74,2023M1G31,2021-07-01,8.849491,,,,,,,,,,,,
IT1:151_874(1.0),M,IT,UNEM_R,N,9,Y15-74,2023M1G9,2021-07-01,8.849491,,,,,,,,,,,,
IT1:151_874(1.0),M,IT,UNEM_R,N,9,Y15-74,2023M3G2,2021-07-01,8.849491,,,,,,,,,,,,
IT1:151_874(1.0),M,IT,UNEM_R,N,9,Y15-74,2023M3G30,2021-07-01,8.849491,,,,,,,,,,,,
IT1:151_874(1.0),M,IT,UNEM_R,N,9,Y15-74,2023M5G3,2021-07-01,8.849491,,,,,,,,,,,,
IT1:151_874(1.0),M,IT,UNEM_R,N,9,Y15-74,2023M6G1,2021-07-01,8.849491,,,,,,,,,,,,
IT1:151_874(1.0),M,IT,UNEM_R,N,9,Y15-74,2023M6G30,2021-07-01,8.849491,,,,,,,,,,,,
IT1:151_874(1.0),M,IT,UNEM_R,N,9,Y15-74,2023M8G1,2021-07-01,8.849491,,,,,,,,,,,,
IT1:151_874(1.0),M,IT,UNEM_R,N,9,Y15-74,2023M8G31,2021-07-01,8.849491,,,,,,,,,,,,
IT1:151_874(1.0),M,IT,UNEM_R,N,9,Y15-74,2024M10G2,2021-07-01,8.849491,,,,,,,,,,,,
IT1:151_874(1.0),M,IT,UNEM_R,N,9,Y15-74,2024M10G31,2021-07-01,8.849491,,,,,,,,,,,,
IT1:151_874(1.0),M,IT,UNEM_R,N,9,Y15-74,2024M12G2,2021-07-01,8.849491,,,,,,,,,,,,
IT1:151_874(1.0),M,IT,UNEM_R,N,9,Y15-74,2024M1G31,2021-07-01,8.849491,,,,,,,,,,,,
IT1:151_874(1.0),M,IT,UNEM_R,N,9,Y15-74,2024M1G9,2021-07-01,8.849491,,,,,,,,,,,,
IT1:151_874(1.0),M,IT,UNEM_R,N,9,Y15-74,2024M3G1,2021-07-01,8.849491,,,,,,,,,,,,
IT1:151_874(1.0),M,IT,UNEM_R,N,9,Y15-74,2024M4G3,2021-07-01,8.849491,,,,,,,,,,,,
IT1:151_874(1.0),M,IT,UNEM_R,N,9,Y15-74,2024M5G3,2021-07-01,8.849491,,,,,,,,,,,,
IT1:151_874(1.0),M,IT,UNEM_R,N,9,Y15-74,2024M5G30,2021-07-01,8.849491,,,,,,,,,,,,
IT1:151_874(1.0),M,IT,UNEM_R,N,9,Y15-74,2024M7G2,2021-07-01,8.849491,,,,,,,,,,,,
IT1:151_874(1.0),M,IT,UNEM_R,N,9,Y15-74,2024M8G1,2021-07-01,8.849491,,,,,,,,,,,,
IT1:151_874(1.0),M,IT,UNEM_R,N,9,Y15-74,2024M8G30,2021-07-01,8.849491,,,,,,,,,,,,
IT1:151_874(1.0),M,IT,UNEM_R,N,9,Y15-74,2025M10G2,2021-07-01,8.849491,,,,,,,,,,,,
IT1:151_874(1.0),M,IT,UNEM_R,N,9,Y15-74,2025M10G30,2021-07-01,8.849491,,,,,,,,,,,,
IT1:151_874(1.0),M,IT,UNEM_R,N,9,Y15-74,2025M12G2,2021-07-01,8.849491,,,,,,,,,,,,
IT1:151_874(1.0),M,IT,UNEM_R,N,9,Y15-74,2025M1G30,2021-07-01,8.849491,,,,,,,,,,,,
IT1:151_874(1.0),M,IT,UNEM_R,N,9,Y15-74,2025M1G7,2021-07-01,8.849491,,,,,,,,,,,,
IT1:151_874(1.0),M,IT,UNEM_R,N,9,Y15-74,2025M3G4,2021-07-01,8.849491,,,,,,,,,,,,
IT1:151_874(1.0),M,IT,UNEM_R,N,9,Y15-74,2025M4G1,2021-07-01,8.849491,,,,,,,,,,,,
IT1:151_874(1.0),M,IT,UNEM_R,N,9,Y15-74,2025M5G2,2021-07-01,8.849491,,,,,,,,,,,,
IT1:151_874(1.0),M,IT,UNEM_R,N,9,Y15-74,2025M6G3,2021-07-01,8.849491,,,,,,,,,,,,
IT1:151_874(1.0),M,IT,UNEM_R,N,9,Y15-74,2025M7G2,2021-07-01,8.849491,,,,,,,,,,,,
IT1:151_874(1.0),M,IT,UNEM_R,N,9,Y15-74,2025M7G31,2021-07-01,8.849491,,,,,,,,,,,,
IT1:151_874(1.0),M,IT,UNEM_R,N,9,Y15-74,2025M9G1,2021-07-01,8.849491,,,,,,,,,,,,
IT1:151_874(1.0),M,IT,UNEM_R,N,9,Y15-74,2026M1G30,2021-07-01,8.849491,,,,,,,,,,,,
IT1:151_874(1.0),M,IT,UNEM_R,N,9,Y15-74,2026M1G8,2021-07-01,8.849491,,,,,,,,,,,,
IT1:151_874(1.0),M,IT,UNEM_R,N,9,Y15-74,2026M3G4,2021-07-01,8.849491,,,,,,,,,,,,
IT1:151_874(1.0),M,IT,UNEM_R,N,9,Y15-74,2026M4G1,2021-07-01,8.849491,,,,,,,,,,,,
IT1:151_874(1.0),M,IT,UNEM_R,N,9,Y15-74,2026M4G30,2021-07-01,8.849491,,,,,,,,,,,,
IT1:151_874(1.0),M,IT,UNEM_R,N,9,Y15-74,2022M11G3,2021-08-01,8.671585,,,,,,,,,,,,
IT1:151_874(1.0),M,IT,UNEM_R,N,9,Y15-74,2022M12G1,2021-08-01,8.671585,,,,,,,,,,,,
IT1:151_874(1.0),M,IT,UNEM_R,N,9,Y15-74,2022M2G1,2021-08-01,8.671585,,,,,,,,,,,,
IT1:151_874(1.0),M,IT,UNEM_R,N,9,Y15-74,2022M3G3,2021-08-01,8.671585,,,,,,,,,,,,
IT1:151_874(1.0),M,IT,UNEM_R,N,9,Y15-74,2022M3G31,2021-08-01,8.671585,,,,,,,,,,,,
IT1:151_874(1.0),M,IT,UNEM_R,N,9,Y15-74,2022M5G2,2021-08-01,8.671585,,,,,,,,,,,,
IT1:151_874(1.0),M,IT,UNEM_R,N,9,Y15-74,2022M6G1,2021-08-01,8.671585,,,,,,,,,,,,
IT1:151_874(1.0),M,IT,UNEM_R,N,9,Y15-74,2022M6G30,2021-08-01,8.671585,,,,,,,,,,,,
IT1:151_874(1.0),M,IT,UNEM_R,N,9,Y15-74,2022M8G1,2021-08-01,8.671585,,,,,,,,,,,,
IT1:151_874(1.0),M,IT,UNEM_R,N,9,Y15-74,2022M9G1,2021-08-01,8.671585,,,,,,,,,,,,
IT1:151_874(1.0),M,IT,UNEM_R,N,9,Y15-74,2022M9G30,2021-08-01,8.671585,,,,,,,,,,,,
IT1:151_874(1.0),M,IT,UNEM_R,N,9,Y15-74,2023M10G2,2021-08-01,8.671585,,,,,,,,,,,,
IT1:151_874(1.0),M,IT,UNEM_R,N,9,Y15-74,2023M11G3,2021-08-01,8.671585,,,,,,,,,,,,
IT1:151_874(1.0),M,IT,UNEM_R,N,9,Y15-74,2023M11G30,2021-08-01,8.671585,,,,,,,,,,,,
IT1:151_874(1.0),M,IT,UNEM_R,N,9,Y15-74,2023M1G31,2021-08-01,8.671585,,,,,,,,,,,,
IT1:151_874(1.0),M,IT,UNEM_R,N,9,Y15-74,2023M1G9,2021-08-01,8.671585,,,,,,,,,,,,
IT1:151_874(1.0),M,IT,UNEM_R,N,9,Y15-74,2023M3G2,2021-08-01,8.671585,,,,,,,,,,,,
IT1:151_874(1.0),M,IT,UNEM_R,N,9,Y15-74,2023M3G30,2021-08-01,8.671585,,,,,,,,,,,,
IT1:151_874(1.0),M,IT,UNEM_R,N,9,Y15-74,2023M5G3,2021-08-01,8.671585,,,,,,,,,,,,
IT1:151_874(1.0),M,IT,UNEM_R,N,9,Y15-74,2023M6G1,2021-08-01,8.671585,,,,,,,,,,,,
IT1:151_874(1.0),M,IT,UNEM_R,N,9,Y15-74,2023M6G30,2021-08-01,8.671585,,,,,,,,,,,,
IT1:151_874(1.0),M,IT,UNEM_R,N,9,Y15-74,2023M8G1,2021-08-01,8.671585,,,,,,,,,,,,
IT1:151_874(1.0),M,IT,UNEM_R,N,9,Y15-74,2023M8G31,2021-08-01,8.671585,,,,,,,,,,,,
IT1:151_874(1.0),M,IT,UNEM_R,N,9,Y15-74,2024M10G2,2021-08-01,8.671585,,,,,,,,,,,,
IT1:151_874(1.0),M,IT,UNEM_R,N,9,Y15-74,2024M10G31,2021-08-01,8.671585,,,,,,,,,,,,
IT1:151_874(1.0),M,IT,UNEM_R,N,9,Y15-74,2024M12G2,2021-08-01,8.671585,,,,,,,,,,,,
IT1:151_874(1.0),M,IT,UNEM_R,N,9,Y15-74,2024M1G31,2021-08-01,8.671585,,,,,,,,,,,,
IT1:151_874(1.0),M,IT,UNEM_R,N,9,Y15-74,2024M1G9,2021-08-01,8.671585,,,,,,,,,,,,
IT1:151_874(1.0),M,IT,UNEM_R,N,9,Y15-74,2024M3G1,2021-08-01,8.671585,,,,,,,,,,,,
IT1:151_874(1.0),M,IT,UNEM_R,N,9,Y15-74,2024M4G3,2021-08-01,8.671585,,,,,,,,,,,,
IT1:151_874(1.0),M,IT,UNEM_R,N,9,Y15-74,2024M5G3,2021-08-01,8.671585,,,,,,,,,,,,
IT1:151_874(1.0),M,IT,UNEM_R,N,9,Y15-74,2024M5G30,2021-08-01,8.671585,,,,,,,,,,,,
IT1:151_874(1.0),M,IT,UNEM_R,N,9,Y15-74,2024M7G2,2021-08-01,8.671585,,,,,,,,,,,,
IT1:151_874(1.0),M,IT,UNEM_R,N,9,Y15-74,2024M8G1,2021-08-01,8.671585,,,,,,,,,,,,
IT1:151_874(1.0),M,IT,UNEM_R,N,9,Y15-74,2024M8G30,2021-08-01,8.671585,,,,,,,,,,,,
IT1:151_874(1.0),M,IT,UNEM_R,N,9,Y15-74,2025M10G2,2021-08-01,8.671585,,,,,,,,,,,,
IT1:151_874(1.0),M,IT,UNEM_R,N,9,Y15-74,2025M10G30,2021-08-01,8.671585,,,,,,,,,,,,
IT1:151_874(1.0),M,IT,UNEM_R,N,9,Y15-74,2025M12G2,2021-08-01,8.671585,,,,,,,,,,,,
IT1:151_874(1.0),M,IT,UNEM_R,N,9,Y15-74,2025M1G30,2021-08-01,8.671585,,,,,,,,,,,,
IT1:151_874(1.0),M,IT,UNEM_R,N,9,Y15-74,2025M1G7,2021-08-01,8.671585,,,,,,,,,,,,
IT1:151_874(1.0),M,IT,UNEM_R,N,9,Y15-74,2025M3G4,2021-08-01,8.671585,,,,,,,,,,,,
IT1:151_874(1.0),M,IT,UNEM_R,N,9,Y15-74,2025M4G1,2021-08-01,8.671585,,,,,,,,,,,,
IT1:151_874(1.0),M,IT,UNEM_R,N,9,Y15-74,2025M5G2,2021-08-01,8.671585,,,,,,,,,,,,
IT1:151_874(1.0),M,IT,UNEM_R,N,9,Y15-74,2025M6G3,2021-08-01,8.671585,,,,,,,,,,,,
IT1:151_874(1.0),M,IT,UNEM_R,N,9,Y15-74,2025M7G2,2021-08-01,8.671585,,,,,,,,,,,,
IT1:151_874(1.0),M,IT,UNEM_R,N,9,Y15-74,2025M7G31,2021-08-01,8.671585,,,,,,,,,,,,
IT1:151_874(1.0),M,IT,UNEM_R,N,9,Y15-74,2025M9G1,2021-08-01,8.671585,,,,,,,,,,,,
IT1:151_874(1.0),M,IT,UNEM_R,N,9,Y15-74,2026M1G30,2021-08-01,8.671585,,,,,,,,,,,,
IT1:151_874(1.0),M,IT,UNEM_R,N,9,Y15-74,2026M1G8,2021-08-01,8.671585,,,,,,,,,,,,
IT1:151_874(1.0),M,IT,UNEM_R,N,9,Y15-74,2026M3G4,2021-08-01,8.671585,,,,,,,,,,,,
IT1:151_874(1.0),M,IT,UNEM_R,N,9,Y15-74,2026M4G1,2021-08-01,8.671585,,,,,,,,,,,,
IT1:151_874(1.0),M,IT,UNEM_R,N,9,Y15-74,2026M4G30,2021-08-01,8.671585,,,,,,,,,,,,
IT1:151_874(1.0),M,IT,UNEM_R,N,9,Y15-74,2022M11G3,2021-09-01,8.96493,,,,,,,,,,,,
IT1:151_874(1.0),M,IT,UNEM_R,N,9,Y15-74,2022M12G1,2021-09-01,8.96493,,,,,,,,,,,,
IT1:151_874(1.0),M,IT,UNEM_R,N,9,Y15-74,2022M2G1,2021-09-01,8.96493,,,,,,,,,,,,
IT1:151_874(1.0),M,IT,UNEM_R,N,9,Y15-74,2022M3G3,2021-09-01,8.96493,,,,,,,,,,,,
IT1:151_874(1.0),M,IT,UNEM_R,N,9,Y15-74,2022M3G31,2021-09-01,8.96493,,,,,,,,,,,,
IT1:151_874(1.0),M,IT,UNEM_R,N,9,Y15-74,2022M5G2,2021-09-01,8.96493,,,,,,,,,,,,
IT1:151_874(1.0),M,IT,UNEM_R,N,9,Y15-74,2022M6G1,2021-09-01,8.96493,,,,,,,,,,,,
IT1:151_874(1.0),M,IT,UNEM_R,N,9,Y15-74,2022M6G30,2021-09-01,8.96493,,,,,,,,,,,,
IT1:151_874(1.0),M,IT,UNEM_R,N,9,Y15-74,2022M8G1,2021-09-01,8.96493,,,,,,,,,,,,
IT1:151_874(1.0),M,IT,UNEM_R,N,9,Y15-74,2022M9G1,2021-09-01,8.96493,,,,,,,,,,,,
IT1:151_874(1.0),M,IT,UNEM_R,N,9,Y15-74,2022M9G30,2021-09-01,8.96493,,,,,,,,,,,,
IT1:151_874(1.0),M,IT,UNEM_R,N,9,Y15-74,2023M10G2,2021-09-01,8.96493,,,,,,,,,,,,
IT1:151_874(1.0),M,IT,UNEM_R,N,9,Y15-74,2023M11G3,2021-09-01,8.96493,,,,,,,,,,,,
IT1:151_874(1.0),M,IT,UNEM_R,N,9,Y15-74,2023M11G30,2021-09-01,8.96493,,,,,,,,,,,,
IT1:151_874(1.0),M,IT,UNEM_R,N,9,Y15-74,2023M1G31,2021-09-01,8.96493,,,,,,,,,,,,
IT1:151_874(1.0),M,IT,UNEM_R,N,9,Y15-74,2023M1G9,2021-09-01,8.96493,,,,,,,,,,,,
IT1:151_874(1.0),M,IT,UNEM_R,N,9,Y15-74,2023M3G2,2021-09-01,8.96493,,,,,,,,,,,,
IT1:151_874(1.0),M,IT,UNEM_R,N,9,Y15-74,2023M3G30,2021-09-01,8.96493,,,,,,,,,,,,
IT1:151_874(1.0),M,IT,UNEM_R,N,9,Y15-74,2023M5G3,2021-09-01,8.96493,,,,,,,,,,,,
IT1:151_874(1.0),M,IT,UNEM_R,N,9,Y15-74,2023M6G1,2021-09-01,8.96493,,,,,,,,,,,,
IT1:151_874(1.0),M,IT,UNEM_R,N,9,Y15-74,2023M6G30,2021-09-01,8.96493,,,,,,,,,,,,
IT1:151_874(1.0),M,IT,UNEM_R,N,9,Y15-74,2023M8G1,2021-09-01,8.96493,,,,,,,,,,,,
IT1:151_874(1.0),M,IT,UNEM_R,N,9,Y15-74,2023M8G31,2021-09-01,8.96493,,,,,,,,,,,,
IT1:151_874(1.0),M,IT,UNEM_R,N,9,Y15-74,2024M10G2,2021-09-01,8.96493,,,,,,,,,,,,
IT1:151_874(1.0),M,IT,UNEM_R,N,9,Y15-74,2024M10G31,2021-09-01,8.96493,,,,,,,,,,,,
IT1:151_874(1.0),M,IT,UNEM_R,N,9,Y15-74,2024M12G2,2021-09-01,8.96493,,,,,,,,,,,,
IT1:151_874(1.0),M,IT,UNEM_R,N,9,Y15-74,2024M1G31,2021-09-01,8.96493,,,,,,,,,,,,
IT1:151_874(1.0),M,IT,UNEM_R,N,9,Y15-74,2024M1G9,2021-09-01,8.96493,,,,,,,,,,,,
IT1:151_874(1.0),M,IT,UNEM_R,N,9,Y15-74,2024M3G1,2021-09-01,8.96493,,,,,,,,,,,,
IT1:151_874(1.0),M,IT,UNEM_R,N,9,Y15-74,2024M4G3,2021-09-01,8.96493,,,,,,,,,,,,
IT1:151_874(1.0),M,IT,UNEM_R,N,9,Y15-74,2024M5G3,2021-09-01,8.96493,,,,,,,,,,,,
IT1:151_874(1.0),M,IT,UNEM_R,N,9,Y15-74,2024M5G30,2021-09-01,8.96493,,,,,,,,,,,,
IT1:151_874(1.0),M,IT,UNEM_R,N,9,Y15-74,2024M7G2,2021-09-01,8.96493,,,,,,,,,,,,
IT1:151_874(1.0),M,IT,UNEM_R,N,9,Y15-74,2024M8G1,2021-09-01,8.96493,,,,,,,,,,,,
IT1:151_874(1.0),M,IT,UNEM_R,N,9,Y15-74,2024M8G30,2021-09-01,8.96493,,,,,,,,,,,,
IT1:151_874(1.0),M,IT,UNEM_R,N,9,Y15-74,2025M10G2,2021-09-01,8.96493,,,,,,,,,,,,
IT1:151_874(1.0),M,IT,UNEM_R,N,9,Y15-74,2025M10G30,2021-09-01,8.96493,,,,,,,,,,,,
IT1:151_874(1.0),M,IT,UNEM_R,N,9,Y15-74,2025M12G2,2021-09-01,8.96493,,,,,,,,,,,,
IT1:151_874(1.0),M,IT,UNEM_R,N,9,Y15-74,2025M1G30,2021-09-01,8.96493,,,,,,,,,,,,
IT1:151_874(1.0),M,IT,UNEM_R,N,9,Y15-74,2025M1G7,2021-09-01,8.96493,,,,,,,,,,,,
IT1:151_874(1.0),M,IT,UNEM_R,N,9,Y15-74,2025M3G4,2021-09-01,8.96493,,,,,,,,,,,,
IT1:151_874(1.0),M,IT,UNEM_R,N,9,Y15-74,2025M4G1,2021-09-01,8.96493,,,,,,,,,,,,
IT1:151_874(1.0),M,IT,UNEM_R,N,9,Y15-74,2025M5G2,2021-09-01,8.96493,,,,,,,,,,,,
IT1:151_874(1.0),M,IT,UNEM_R,N,9,Y15-74,2025M6G3,2021-09-01,8.96493,,,,,,,,,,,,
IT1:151_874(1.0),M,IT,UNEM_R,N,9,Y15-74,2025M7G2,2021-09-01,8.96493,,,,,,,,,,,,
IT1:151_874(1.0),M,IT,UNEM_R,N,9,Y15-74,2025M7G31,2021-09-01,8.96493,,,,,,,,,,,,
IT1:151_874(1.0),M,IT,UNEM_R,N,9,Y15-74,2025M9G1,2021-09-01,8.96493,,,,,,,,,,,,
IT1:151_874(1.0),M,IT,UNEM_R,N,9,Y15-74,2026M1G30,2021-09-01,8.96493,,,,,,,,,,,,
IT1:151_874(1.0),M,IT,UNEM_R,N,9,Y15-74,2026M1G8,2021-09-01,8.96493,,,,,,,,,,,,
IT1:151_874(1.0),M,IT,UNEM_R,N,9,Y15-74,2026M3G4,2021-09-01,8.96493,,,,,,,,,,,,
IT1:151_874(1.0),M,IT,UNEM_R,N,9,Y15-74,2026M4G1,2021-09-01,8.96493,,,,,,,,,,,,
IT1:151_874(1.0),M,IT,UNEM_R,N,9,Y15-74,2026M4G30,2021-09-01,8.96493,,,,,,,,,,,,
IT1:151_874(1.0),M,IT,UNEM_R,N,9,Y15-74,2022M11G3,2021-10-01,9.655381,,,,,,,,,,,,
IT1:151_874(1.0),M,IT,UNEM_R,N,9,Y15-74,2022M12G1,2021-10-01,9.655381,,,,,,,,,,,,
IT1:151_874(1.0),M,IT,UNEM_R,N,9,Y15-74,2022M2G1,2021-10-01,9.662397,p,,,,,,,,,,,
IT1:151_874(1.0),M,IT,UNEM_R,N,9,Y15-74,2022M3G3,2021-10-01,9.655381,,,,,,,,,,,,
IT1:151_874(1.0),M,IT,UNEM_R,N,9,Y15-74,2022M3G31,2021-10-01,9.655381,,,,,,,,,,,,
IT1:151_874(1.0),M,IT,UNEM_R,N,9,Y15-74,2022M5G2,2021-10-01,9.655381,,,,,,,,,,,,
IT1:151_874(1.0),M,IT,UNEM_R,N,9,Y15-74,2022M6G1,2021-10-01,9.655381,,,,,,,,,,,,
IT1:151_874(1.0),M,IT,UNEM_R,N,9,Y15-74,2022M6G30,2021-10-01,9.655381,,,,,,,,,,,,
IT1:151_874(1.0),M,IT,UNEM_R,N,9,Y15-74,2022M8G1,2021-10-01,9.655381,,,,,,,,,,,,
IT1:151_874(1.0),M,IT,UNEM_R,N,9,Y15-74,2022M9G1,2021-10-01,9.655381,,,,,,,,,,,,
IT1:151_874(1.0),M,IT,UNEM_R,N,9,Y15-74,2022M9G30,2021-10-01,9.655381,,,,,,,,,,,,
IT1:151_874(1.0),M,IT,UNEM_R,N,9,Y15-74,2023M10G2,2021-10-01,9.655381,,,,,,,,,,,,
IT1:151_874(1.0),M,IT,UNEM_R,N,9,Y15-74,2023M11G3,2021-10-01,9.655381,,,,,,,,,,,,
IT1:151_874(1.0),M,IT,UNEM_R,N,9,Y15-74,2023M11G30,2021-10-01,9.655381,,,,,,,,,,,,
IT1:151_874(1.0),M,IT,UNEM_R,N,9,Y15-74,2023M1G31,2021-10-01,9.655381,,,,,,,,,,,,
IT1:151_874(1.0),M,IT,UNEM_R,N,9,Y15-74,2023M1G9,2021-10-01,9.655381,,,,,,,,,,,,
IT1:151_874(1.0),M,IT,UNEM_R,N,9,Y15-74,2023M3G2,2021-10-01,9.655381,,,,,,,,,,,,
IT1:151_874(1.0),M,IT,UNEM_R,N,9,Y15-74,2023M3G30,2021-10-01,9.655381,,,,,,,,,,,,
IT1:151_874(1.0),M,IT,UNEM_R,N,9,Y15-74,2023M5G3,2021-10-01,9.655381,,,,,,,,,,,,
IT1:151_874(1.0),M,IT,UNEM_R,N,9,Y15-74,2023M6G1,2021-10-01,9.655381,,,,,,,,,,,,
IT1:151_874(1.0),M,IT,UNEM_R,N,9,Y15-74,2023M6G30,2021-10-01,9.655381,,,,,,,,,,,,
IT1:151_874(1.0),M,IT,UNEM_R,N,9,Y15-74,2023M8G1,2021-10-01,9.655381,,,,,,,,,,,,
IT1:151_874(1.0),M,IT,UNEM_R,N,9,Y15-74,2023M8G31,2021-10-01,9.655381,,,,,,,,,,,,
IT1:151_874(1.0),M,IT,UNEM_R,N,9,Y15-74,2024M10G2,2021-10-01,9.655381,,,,,,,,,,,,
IT1:151_874(1.0),M,IT,UNEM_R,N,9,Y15-74,2024M10G31,2021-10-01,9.655381,,,,,,,,,,,,
IT1:151_874(1.0),M,IT,UNEM_R,N,9,Y15-74,2024M12G2,2021-10-01,9.655381,,,,,,,,,,,,
IT1:151_874(1.0),M,IT,UNEM_R,N,9,Y15-74,2024M1G31,2021-10-01,9.655381,,,,,,,,,,,,
IT1:151_874(1.0),M,IT,UNEM_R,N,9,Y15-74,2024M1G9,2021-10-01,9.655381,,,,,,,,,,,,
IT1:151_874(1.0),M,IT,UNEM_R,N,9,Y15-74,2024M3G1,2021-10-01,9.655381,,,,,,,,,,,,
IT1:151_874(1.0),M,IT,UNEM_R,N,9,Y15-74,2024M4G3,2021-10-01,9.655381,,,,,,,,,,,,
IT1:151_874(1.0),M,IT,UNEM_R,N,9,Y15-74,2024M5G3,2021-10-01,9.655381,,,,,,,,,,,,
IT1:151_874(1.0),M,IT,UNEM_R,N,9,Y15-74,2024M5G30,2021-10-01,9.655381,,,,,,,,,,,,
IT1:151_874(1.0),M,IT,UNEM_R,N,9,Y15-74,2024M7G2,2021-10-01,9.655381,,,,,,,,,,,,
IT1:151_874(1.0),M,IT,UNEM_R,N,9,Y15-74,2024M8G1,2021-10-01,9.655381,,,,,,,,,,,,
IT1:151_874(1.0),M,IT,UNEM_R,N,9,Y15-74,2024M8G30,2021-10-01,9.655381,,,,,,,,,,,,
IT1:151_874(1.0),M,IT,UNEM_R,N,9,Y15-74,2025M10G2,2021-10-01,9.655381,,,,,,,,,,,,
IT1:151_874(1.0),M,IT,UNEM_R,N,9,Y15-74,2025M10G30,2021-10-01,9.655381,,,,,,,,,,,,
IT1:151_874(1.0),M,IT,UNEM_R,N,9,Y15-74,2025M12G2,2021-10-01,9.655381,,,,,,,,,,,,
IT1:151_874(1.0),M,IT,UNEM_R,N,9,Y15-74,2025M1G30,2021-10-01,9.655381,,,,,,,,,,,,
IT1:151_874(1.0),M,IT,UNEM_R,N,9,Y15-74,2025M1G7,2021-10-01,9.655381,,,,,,,,,,,,
IT1:151_874(1.0),M,IT,UNEM_R,N,9,Y15-74,2025M3G4,2021-10-01,9.655381,,,,,,,,,,,,
IT1:151_874(1.0),M,IT,UNEM_R,N,9,Y15-74,2025M4G1,2021-10-01,9.655381,,,,,,,,,,,,
IT1:151_874(1.0),M,IT,UNEM_R,N,9,Y15-74,2025M5G2,2021-10-01,9.655381,,,,,,,,,,,,
IT1:151_874(1.0),M,IT,UNEM_R,N,9,Y15-74,2025M6G3,2021-10-01,9.655381,,,,,,,,,,,,
IT1:151_874(1.0),M,IT,UNEM_R,N,9,Y15-74,2025M7G2,2021-10-01,9.655381,,,,,,,,,,,,
IT1:151_874(1.0),M,IT,UNEM_R,N,9,Y15-74,2025M7G31,2021-10-01,9.655381,,,,,,,,,,,,
IT1:151_874(1.0),M,IT,UNEM_R,N,9,Y15-74,2025M9G1,2021-10-01,9.655381,,,,,,,,,,,,
IT1:151_874(1.0),M,IT,UNEM_R,N,9,Y15-74,2026M1G30,2021-10-01,9.655381,,,,,,,,,,,,
IT1:151_874(1.0),M,IT,UNEM_R,N,9,Y15-74,2026M1G8,2021-10-01,9.655381,,,,,,,,,,,,
IT1:151_874(1.0),M,IT,UNEM_R,N,9,Y15-74,2026M3G4,2021-10-01,9.655381,,,,,,,,,,,,
IT1:151_874(1.0),M,IT,UNEM_R,N,9,Y15-74,2026M4G1,2021-10-01,9.655381,,,,,,,,,,,,
IT1:151_874(1.0),M,IT,UNEM_R,N,9,Y15-74,2026M4G30,2021-10-01,9.655381,,,,,,,,,,,,
IT1:151_874(1.0),M,IT,UNEM_R,N,9,Y15-74,2022M11G3,2021-11-01,8.797023,,,,,,,,,,,,
IT1:151_874(1.0),M,IT,UNEM_R,N,9,Y15-74,2022M12G1,2021-11-01,8.797023,,,,,,,,,,,,
IT1:151_874(1.0),M,IT,UNEM_R,N,9,Y15-74,2022M2G1,2021-11-01,8.508792,p,,,,,,,,,,,
IT1:151_874(1.0),M,IT,UNEM_R,N,9,Y15-74,2022M3G3,2021-11-01,8.797023,,,,,,,,,,,,
IT1:151_874(1.0),M,IT,UNEM_R,N,9,Y15-74,2022M3G31,2021-11-01,8.797023,,,,,,,,,,,,
IT1:151_874(1.0),M,IT,UNEM_R,N,9,Y15-74,2022M5G2,2021-11-01,8.797023,,,,,,,,,,,,
IT1:151_874(1.0),M,IT,UNEM_R,N,9,Y15-74,2022M6G1,2021-11-01,8.797023,,,,,,,,,,,,
IT1:151_874(1.0),M,IT,UNEM_R,N,9,Y15-74,2022M6G30,2021-11-01,8.797023,,,,,,,,,,,,
IT1:151_874(1.0),M,IT,UNEM_R,N,9,Y15-74,2022M8G1,2021-11-01,8.797023,,,,,,,,,,,,
IT1:151_874(1.0),M,IT,UNEM_R,N,9,Y15-74,2022M9G1,2021-11-01,8.797023,,,,,,,,,,,,
IT1:151_874(1.0),M,IT,UNEM_R,N,9,Y15-74,2022M9G30,2021-11-01,8.797023,,,,,,,,,,,,
IT1:151_874(1.0),M,IT,UNEM_R,N,9,Y15-74,2023M10G2,2021-11-01,8.797023,,,,,,,,,,,,
IT1:151_874(1.0),M,IT,UNEM_R,N,9,Y15-74,2023M11G3,2021-11-01,8.797023,,,,,,,,,,,,
IT1:151_874(1.0),M,IT,UNEM_R,N,9,Y15-74,2023M11G30,2021-11-01,8.797023,,,,,,,,,,,,
IT1:151_874(1.0),M,IT,UNEM_R,N,9,Y15-74,2023M1G31,2021-11-01,8.797023,,,,,,,,,,,,
IT1:151_874(1.0),M,IT,UNEM_R,N,9,Y15-74,2023M1G9,2021-11-01,8.797023,,,,,,,,,,,,
IT1:151_874(1.0),M,IT,UNEM_R,N,9,Y15-74,2023M3G2,2021-11-01,8.797023,,,,,,,,,,,,
IT1:151_874(1.0),M,IT,UNEM_R,N,9,Y15-74,2023M3G30,2021-11-01,8.797023,,,,,,,,,,,,
IT1:151_874(1.0),M,IT,UNEM_R,N,9,Y15-74,2023M5G3,2021-11-01,8.797023,,,,,,,,,,,,
IT1:151_874(1.0),M,IT,UNEM_R,N,9,Y15-74,2023M6G1,2021-11-01,8.797023,,,,,,,,,,,,
IT1:151_874(1.0),M,IT,UNEM_R,N,9,Y15-74,2023M6G30,2021-11-01,8.797023,,,,,,,,,,,,
IT1:151_874(1.0),M,IT,UNEM_R,N,9,Y15-74,2023M8G1,2021-11-01,8.797023,,,,,,,,,,,,
IT1:151_874(1.0),M,IT,UNEM_R,N,9,Y15-74,2023M8G31,2021-11-01,8.797023,,,,,,,,,,,,
IT1:151_874(1.0),M,IT,UNEM_R,N,9,Y15-74,2024M10G2,2021-11-01,8.797023,,,,,,,,,,,,
IT1:151_874(1.0),M,IT,UNEM_R,N,9,Y15-74,2024M10G31,2021-11-01,8.797023,,,,,,,,,,,,
IT1:151_874(1.0),M,IT,UNEM_R,N,9,Y15-74,2024M12G2,2021-11-01,8.797023,,,,,,,,,,,,
IT1:151_874(1.0),M,IT,UNEM_R,N,9,Y15-74,2024M1G31,2021-11-01,8.797023,,,,,,,,,,,,
IT1:151_874(1.0),M,IT,UNEM_R,N,9,Y15-74,2024M1G9,2021-11-01,8.797023,,,,,,,,,,,,
IT1:151_874(1.0),M,IT,UNEM_R,N,9,Y15-74,2024M3G1,2021-11-01,8.797023,,,,,,,,,,,,
IT1:151_874(1.0),M,IT,UNEM_R,N,9,Y15-74,2024M4G3,2021-11-01,8.797023,,,,,,,,,,,,
IT1:151_874(1.0),M,IT,UNEM_R,N,9,Y15-74,2024M5G3,2021-11-01,8.797023,,,,,,,,,,,,
IT1:151_874(1.0),M,IT,UNEM_R,N,9,Y15-74,2024M5G30,2021-11-01,8.797023,,,,,,,,,,,,
IT1:151_874(1.0),M,IT,UNEM_R,N,9,Y15-74,2024M7G2,2021-11-01,8.797023,,,,,,,,,,,,
IT1:151_874(1.0),M,IT,UNEM_R,N,9,Y15-74,2024M8G1,2021-11-01,8.797023,,,,,,,,,,,,
IT1:151_874(1.0),M,IT,UNEM_R,N,9,Y15-74,2024M8G30,2021-11-01,8.797023,,,,,,,,,,,,
IT1:151_874(1.0),M,IT,UNEM_R,N,9,Y15-74,2025M10G2,2021-11-01,8.797023,,,,,,,,,,,,
IT1:151_874(1.0),M,IT,UNEM_R,N,9,Y15-74,2025M10G30,2021-11-01,8.797023,,,,,,,,,,,,
IT1:151_874(1.0),M,IT,UNEM_R,N,9,Y15-74,2025M12G2,2021-11-01,8.797023,,,,,,,,,,,,
IT1:151_874(1.0),M,IT,UNEM_R,N,9,Y15-74,2025M1G30,2021-11-01,8.797023,,,,,,,,,,,,
IT1:151_874(1.0),M,IT,UNEM_R,N,9,Y15-74,2025M1G7,2021-11-01,8.797023,,,,,,,,,,,,
IT1:151_874(1.0),M,IT,UNEM_R,N,9,Y15-74,2025M3G4,2021-11-01,8.797023,,,,,,,,,,,,
IT1:151_874(1.0),M,IT,UNEM_R,N,9,Y15-74,2025M4G1,2021-11-01,8.797023,,,,,,,,,,,,
IT1:151_874(1.0),M,IT,UNEM_R,N,9,Y15-74,2025M5G2,2021-11-01,8.797023,,,,,,,,,,,,
IT1:151_874(1.0),M,IT,UNEM_R,N,9,Y15-74,2025M6G3,2021-11-01,8.797023,,,,,,,,,,,,
IT1:151_874(1.0),M,IT,UNEM_R,N,9,Y15-74,2025M7G2,2021-11-01,8.797023,,,,,,,,,,,,
IT1:151_874(1.0),M,IT,UNEM_R,N,9,Y15-74,2025M7G31,2021-11-01,8.797023,,,,,,,,,,,,
IT1:151_874(1.0),M,IT,UNEM_R,N,9,Y15-74,2025M9G1,2021-11-01,8.797023,,,,,,,,,,,,
IT1:151_874(1.0),M,IT,UNEM_R,N,9,Y15-74,2026M1G30,2021-11-01,8.797023,,,,,,,,,,,,
IT1:151_874(1.0),M,IT,UNEM_R,N,9,Y15-74,2026M1G8,2021-11-01,8.797023,,,,,,,,,,,,
IT1:151_874(1.0),M,IT,UNEM_R,N,9,Y15-74,2026M3G4,2021-11-01,8.797023,,,,,,,,,,,,
IT1:151_874(1.0),M,IT,UNEM_R,N,9,Y15-74,2026M4G1,2021-11-01,8.797023,,,,,,,,,,,,
IT1:151_874(1.0),M,IT,UNEM_R,N,9,Y15-74,2026M4G30,2021-11-01,8.797023,,,,,,,,,,,,
IT1:151_874(1.0),M,IT,UNEM_R,N,9,Y15-74,2022M11G3,2021-12-01,8.827397,,,,,,,,,,,,
IT1:151_874(1.0),M,IT,UNEM_R,N,9,Y15-74,2022M12G1,2021-12-01,8.827397,,,,,,,,,,,,
IT1:151_874(1.0),M,IT,UNEM_R,N,9,Y15-74,2022M2G1,2021-12-01,8.642854,p,,,,,,,,,,,
IT1:151_874(1.0),M,IT,UNEM_R,N,9,Y15-74,2022M3G3,2021-12-01,8.827397,,,,,,,,,,,,
IT1:151_874(1.0),M,IT,UNEM_R,N,9,Y15-74,2022M3G31,2021-12-01,8.827397,,,,,,,,,,,,
IT1:151_874(1.0),M,IT,UNEM_R,N,9,Y15-74,2022M5G2,2021-12-01,8.827397,,,,,,,,,,,,
IT1:151_874(1.0),M,IT,UNEM_R,N,9,Y15-74,2022M6G1,2021-12-01,8.827397,,,,,,,,,,,,
IT1:151_874(1.0),M,IT,UNEM_R,N,9,Y15-74,2022M6G30,2021-12-01,8.827397,,,,,,,,,,,,
IT1:151_874(1.0),M,IT,UNEM_R,N,9,Y15-74,2022M8G1,2021-12-01,8.827397,,,,,,,,,,,,
IT1:151_874(1.0),M,IT,UNEM_R,N,9,Y15-74,2022M9G1,2021-12-01,8.827397,,,,,,,,,,,,
IT1:151_874(1.0),M,IT,UNEM_R,N,9,Y15-74,2022M9G30,2021-12-01,8.827397,,,,,,,,,,,,
IT1:151_874(1.0),M,IT,UNEM_R,N,9,Y15-74,2023M10G2,2021-12-01,8.827397,,,,,,,,,,,,
IT1:151_874(1.0),M,IT,UNEM_R,N,9,Y15-74,2023M11G3,2021-12-01,8.827397,,,,,,,,,,,,
IT1:151_874(1.0),M,IT,UNEM_R,N,9,Y15-74,2023M11G30,2021-12-01,8.827397,,,,,,,,,,,,
IT1:151_874(1.0),M,IT,UNEM_R,N,9,Y15-74,2023M1G31,2021-12-01,8.827397,,,,,,,,,,,,
IT1:151_874(1.0),M,IT,UNEM_R,N,9,Y15-74,2023M1G9,2021-12-01,8.827397,,,,,,,,,,,,
IT1:151_874(1.0),M,IT,UNEM_R,N,9,Y15-74,2023M3G2,2021-12-01,8.827397,,,,,,,,,,,,
IT1:151_874(1.0),M,IT,UNEM_R,N,9,Y15-74,2023M3G30,2021-12-01,8.827397,,,,,,,,,,,,
IT1:151_874(1.0),M,IT,UNEM_R,N,9,Y15-74,2023M5G3,2021-12-01,8.827397,,,,,,,,,,,,
IT1:151_874(1.0),M,IT,UNEM_R,N,9,Y15-74,2023M6G1,2021-12-01,8.827397,,,,,,,,,,,,
IT1:151_874(1.0),M,IT,UNEM_R,N,9,Y15-74,2023M6G30,2021-12-01,8.827397,,,,,,,,,,,,
IT1:151_874(1.0),M,IT,UNEM_R,N,9,Y15-74,2023M8G1,2021-12-01,8.827397,,,,,,,,,,,,
IT1:151_874(1.0),M,IT,UNEM_R,N,9,Y15-74,2023M8G31,2021-12-01,8.827397,,,,,,,,,,,,
IT1:151_874(1.0),M,IT,UNEM_R,N,9,Y15-74,2024M10G2,2021-12-01,8.827397,,,,,,,,,,,,
IT1:151_874(1.0),M,IT,UNEM_R,N,9,Y15-74,2024M10G31,2021-12-01,8.827397,,,,,,,,,,,,
IT1:151_874(1.0),M,IT,UNEM_R,N,9,Y15-74,2024M12G2,2021-12-01,8.827397,,,,,,,,,,,,
IT1:151_874(1.0),M,IT,UNEM_R,N,9,Y15-74,2024M1G31,2021-12-01,8.827397,,,,,,,,,,,,
IT1:151_874(1.0),M,IT,UNEM_R,N,9,Y15-74,2024M1G9,2021-12-01,8.827397,,,,,,,,,,,,
IT1:151_874(1.0),M,IT,UNEM_R,N,9,Y15-74,2024M3G1,2021-12-01,8.827397,,,,,,,,,,,,
IT1:151_874(1.0),M,IT,UNEM_R,N,9,Y15-74,2024M4G3,2021-12-01,8.827397,,,,,,,,,,,,
IT1:151_874(1.0),M,IT,UNEM_R,N,9,Y15-74,2024M5G3,2021-12-01,8.827397,,,,,,,,,,,,
IT1:151_874(1.0),M,IT,UNEM_R,N,9,Y15-74,2024M5G30,2021-12-01,8.827397,,,,,,,,,,,,
IT1:151_874(1.0),M,IT,UNEM_R,N,9,Y15-74,2024M7G2,2021-12-01,8.827397,,,,,,,,,,,,
IT1:151_874(1.0),M,IT,UNEM_R,N,9,Y15-74,2024M8G1,2021-12-01,8.827397,,,,,,,,,,,,
IT1:151_874(1.0),M,IT,UNEM_R,N,9,Y15-74,2024M8G30,2021-12-01,8.827397,,,,,,,,,,,,
IT1:151_874(1.0),M,IT,UNEM_R,N,9,Y15-74,2025M10G2,2021-12-01,8.827397,,,,,,,,,,,,
IT1:151_874(1.0),M,IT,UNEM_R,N,9,Y15-74,2025M10G30,2021-12-01,8.827397,,,,,,,,,,,,
IT1:151_874(1.0),M,IT,UNEM_R,N,9,Y15-74,2025M12G2,2021-12-01,8.827397,,,,,,,,,,,,
IT1:151_874(1.0),M,IT,UNEM_R,N,9,Y15-74,2025M1G30,2021-12-01,8.827397,,,,,,,,,,,,
IT1:151_874(1.0),M,IT,UNEM_R,N,9,Y15-74,2025M1G7,2021-12-01,8.827397,,,,,,,,,,,,
IT1:151_874(1.0),M,IT,UNEM_R,N,9,Y15-74,2025M3G4,2021-12-01,8.827397,,,,,,,,,,,,
IT1:151_874(1.0),M,IT,UNEM_R,N,9,Y15-74,2025M4G1,2021-12-01,8.827397,,,,,,,,,,,,
IT1:151_874(1.0),M,IT,UNEM_R,N,9,Y15-74,2025M5G2,2021-12-01,8.827397,,,,,,,,,,,,
IT1:151_874(1.0),M,IT,UNEM_R,N,9,Y15-74,2025M6G3,2021-12-01,8.827397,,,,,,,,,,,,
IT1:151_874(1.0),M,IT,UNEM_R,N,9,Y15-74,2025M7G2,2021-12-01,8.827397,,,,,,,,,,,,
IT1:151_874(1.0),M,IT,UNEM_R,N,9,Y15-74,2025M7G31,2021-12-01,8.827397,,,,,,,,,,,,
IT1:151_874(1.0),M,IT,UNEM_R,N,9,Y15-74,2025M9G1,2021-12-01,8.827397,,,,,,,,,,,,
IT1:151_874(1.0),M,IT,UNEM_R,N,9,Y15-74,2026M1G30,2021-12-01,8.827397,,,,,,,,,,,,
IT1:151_874(1.0),M,IT,UNEM_R,N,9,Y15-74,2026M1G8,2021-12-01,8.827397,,,,,,,,,,,,
IT1:151_874(1.0),M,IT,UNEM_R,N,9,Y15-74,2026M3G4,2021-12-01,8.827397,,,,,,,,,,,,
IT1:151_874(1.0),M,IT,UNEM_R,N,9,Y15-74,2026M4G1,2021-12-01,8.827397,,,,,,,,,,,,
IT1:151_874(1.0),M,IT,UNEM_R,N,9,Y15-74,2026M4G30,2021-12-01,8.827397,,,,,,,,,,,,
IT1:151_874(1.0),M,IT,UNEM_R,N,9,Y15-74,2022M11G3,2022-01-01,9.092353,,,,,,,,,,,,
IT1:151_874(1.0),M,IT,UNEM_R,N,9,Y15-74,2022M12G1,2022-01-01,9.092353,,,,,,,,,,,,
IT1:151_874(1.0),M,IT,UNEM_R,N,9,Y15-74,2022M3G3,2022-01-01,8.940555,p,,,,,,,,,,,
IT1:151_874(1.0),M,IT,UNEM_R,N,9,Y15-74,2022M3G31,2022-01-01,8.940555,p,,,,,,,,,,,
IT1:151_874(1.0),M,IT,UNEM_R,N,9,Y15-74,2022M5G2,2022-01-01,8.940555,p,,,,,,,,,,,
IT1:151_874(1.0),M,IT,UNEM_R,N,9,Y15-74,2022M6G1,2022-01-01,9.092353,,,,,,,,,,,,
IT1:151_874(1.0),M,IT,UNEM_R,N,9,Y15-74,2022M6G30,2022-01-01,9.092353,,,,,,,,,,,,
IT1:151_874(1.0),M,IT,UNEM_R,N,9,Y15-74,2022M8G1,2022-01-01,9.092353,,,,,,,,,,,,
IT1:151_874(1.0),M,IT,UNEM_R,N,9,Y15-74,2022M9G1,2022-01-01,9.092353,,,,,,,,,,,,
IT1:151_874(1.0),M,IT,UNEM_R,N,9,Y15-74,2022M9G30,2022-01-01,9.092353,,,,,,,,,,,,
IT1:151_874(1.0),M,IT,UNEM_R,N,9,Y15-74,2023M10G2,2022-01-01,9.092353,,,,,,,,,,,,
IT1:151_874(1.0),M,IT,UNEM_R,N,9,Y15-74,2023M11G3,2022-01-01,9.092353,,,,,,,,,,,,
IT1:151_874(1.0),M,IT,UNEM_R,N,9,Y15-74,2023M11G30,2022-01-01,9.092353,,,,,,,,,,,,
IT1:151_874(1.0),M,IT,UNEM_R,N,9,Y15-74,2023M1G31,2022-01-01,9.092353,,,,,,,,,,,,
IT1:151_874(1.0),M,IT,UNEM_R,N,9,Y15-74,2023M1G9,2022-01-01,9.092353,,,,,,,,,,,,
IT1:151_874(1.0),M,IT,UNEM_R,N,9,Y15-74,2023M3G2,2022-01-01,9.092353,,,,,,,,,,,,
IT1:151_874(1.0),M,IT,UNEM_R,N,9,Y15-74,2023M3G30,2022-01-01,9.092353,,,,,,,,,,,,
IT1:151_874(1.0),M,IT,UNEM_R,N,9,Y15-74,2023M5G3,2022-01-01,9.092353,,,,,,,,,,,,
IT1:151_874(1.0),M,IT,UNEM_R,N,9,Y15-74,2023M6G1,2022-01-01,9.092353,,,,,,,,,,,,
IT1:151_874(1.0),M,IT,UNEM_R,N,9,Y15-74,2023M6G30,2022-01-01,9.092353,,,,,,,,,,,,
IT1:151_874(1.0),M,IT,UNEM_R,N,9,Y15-74,2023M8G1,2022-01-01,9.092353,,,,,,,,,,,,
IT1:151_874(1.0),M,IT,UNEM_R,N,9,Y15-74,2023M8G31,2022-01-01,9.092353,,,,,,,,,,,,
IT1:151_874(1.0),M,IT,UNEM_R,N,9,Y15-74,2024M10G2,2022-01-01,9.092353,,,,,,,,,,,,
IT1:151_874(1.0),M,IT,UNEM_R,N,9,Y15-74,2024M10G31,2022-01-01,9.092353,,,,,,,,,,,,
IT1:151_874(1.0),M,IT,UNEM_R,N,9,Y15-74,2024M12G2,2022-01-01,9.092353,,,,,,,,,,,,
IT1:151_874(1.0),M,IT,UNEM_R,N,9,Y15-74,2024M1G31,2022-01-01,9.092353,,,,,,,,,,,,
IT1:151_874(1.0),M,IT,UNEM_R,N,9,Y15-74,2024M1G9,2022-01-01,9.092353,,,,,,,,,,,,
IT1:151_874(1.0),M,IT,UNEM_R,N,9,Y15-74,2024M3G1,2022-01-01,9.092353,,,,,,,,,,,,
IT1:151_874(1.0),M,IT,UNEM_R,N,9,Y15-74,2024M4G3,2022-01-01,9.092353,,,,,,,,,,,,
IT1:151_874(1.0),M,IT,UNEM_R,N,9,Y15-74,2024M5G3,2022-01-01,9.092353,,,,,,,,,,,,
IT1:151_874(1.0),M,IT,UNEM_R,N,9,Y15-74,2024M5G30,2022-01-01,9.092353,,,,,,,,,,,,
IT1:151_874(1.0),M,IT,UNEM_R,N,9,Y15-74,2024M7G2,2022-01-01,9.092353,,,,,,,,,,,,
IT1:151_874(1.0),M,IT,UNEM_R,N,9,Y15-74,2024M8G1,2022-01-01,9.092353,,,,,,,,,,,,
IT1:151_874(1.0),M,IT,UNEM_R,N,9,Y15-74,2024M8G30,2022-01-01,9.092353,,,,,,,,,,,,
IT1:151_874(1.0),M,IT,UNEM_R,N,9,Y15-74,2025M10G2,2022-01-01,9.092353,,,,,,,,,,,,
IT1:151_874(1.0),M,IT,UNEM_R,N,9,Y15-74,2025M10G30,2022-01-01,9.092353,,,,,,,,,,,,
IT1:151_874(1.0),M,IT,UNEM_R,N,9,Y15-74,2025M12G2,2022-01-01,9.092353,,,,,,,,,,,,
IT1:151_874(1.0),M,IT,UNEM_R,N,9,Y15-74,2025M1G30,2022-01-01,9.092353,,,,,,,,,,,,
IT1:151_874(1.0),M,IT,UNEM_R,N,9,Y15-74,2025M1G7,2022-01-01,9.092353,,,,,,,,,,,,
IT1:151_874(1.0),M,IT,UNEM_R,N,9,Y15-74,2025M3G4,2022-01-01,9.092353,,,,,,,,,,,,
IT1:151_874(1.0),M,IT,UNEM_R,N,9,Y15-74,2025M4G1,2022-01-01,9.092353,,,,,,,,,,,,
IT1:151_874(1.0),M,IT,UNEM_R,N,9,Y15-74,2025M5G2,2022-01-01,9.092353,,,,,,,,,,,,
IT1:151_874(1.0),M,IT,UNEM_R,N,9,Y15-74,2025M6G3,2022-01-01,9.092353,,,,,,,,,,,,
IT1:151_874(1.0),M,IT,UNEM_R,N,9,Y15-74,2025M7G2,2022-01-01,9.092353,,,,,,,,,,,,
IT1:151_874(1.0),M,IT,UNEM_R,N,9,Y15-74,2025M7G31,2022-01-01,9.092353,,,,,,,,,,,,
IT1:151_874(1.0),M,IT,UNEM_R,N,9,Y15-74,2025M9G1,2022-01-01,9.092353,,,,,,,,,,,,
IT1:151_874(1.0),M,IT,UNEM_R,N,9,Y15-74,2026M1G30,2022-01-01,9.092353,,,,,,,,,,,,
IT1:151_874(1.0),M,IT,UNEM_R,N,9,Y15-74,2026M1G8,2022-01-01,9.092353,,,,,,,,,,,,
IT1:151_874(1.0),M,IT,UNEM_R,N,9,Y15-74,2026M3G4,2022-01-01,9.092353,,,,,,,,,,,,
IT1:151_874(1.0),M,IT,UNEM_R,N,9,Y15-74,2026M4G1,2022-01-01,9.092353,,,,,,,,,,,,
IT1:151_874(1.0),M,IT,UNEM_R,N,9,Y15-74,2026M4G30,2022-01-01,9.092353,,,,,,,,,,,,
IT1:151_874(1.0),M,IT,UNEM_R,N,9,Y15-74,2022M11G3,2022-02-01,8.678784,,,,,,,,,,,,
IT1:151_874(1.0),M,IT,UNEM_R,N,9,Y15-74,2022M12G1,2022-02-01,8.678784,,,,,,,,,,,,
IT1:151_874(1.0),M,IT,UNEM_R,N,9,Y15-74,2022M3G31,2022-02-01,8.514952,p,,,,,,,,,,,
IT1:151_874(1.0),M,IT,UNEM_R,N,9,Y15-74,2022M5G2,2022-02-01,8.514952,p,,,,,,,,,,,
IT1:151_874(1.0),M,IT,UNEM_R,N,9,Y15-74,2022M6G1,2022-02-01,8.678784,,,,,,,,,,,,
IT1:151_874(1.0),M,IT,UNEM_R,N,9,Y15-74,2022M6G30,2022-02-01,8.678784,,,,,,,,,,,,
IT1:151_874(1.0),M,IT,UNEM_R,N,9,Y15-74,2022M8G1,2022-02-01,8.678784,,,,,,,,,,,,
IT1:151_874(1.0),M,IT,UNEM_R,N,9,Y15-74,2022M9G1,2022-02-01,8.678784,,,,,,,,,,,,
IT1:151_874(1.0),M,IT,UNEM_R,N,9,Y15-74,2022M9G30,2022-02-01,8.678784,,,,,,,,,,,,
IT1:151_874(1.0),M,IT,UNEM_R,N,9,Y15-74,2023M10G2,2022-02-01,8.678784,,,,,,,,,,,,
IT1:151_874(1.0),M,IT,UNEM_R,N,9,Y15-74,2023M11G3,2022-02-01,8.678784,,,,,,,,,,,,
IT1:151_874(1.0),M,IT,UNEM_R,N,9,Y15-74,2023M11G30,2022-02-01,8.678784,,,,,,,,,,,,
IT1:151_874(1.0),M,IT,UNEM_R,N,9,Y15-74,2023M1G31,2022-02-01,8.678784,,,,,,,,,,,,
IT1:151_874(1.0),M,IT,UNEM_R,N,9,Y15-74,2023M1G9,2022-02-01,8.678784,,,,,,,,,,,,
IT1:151_874(1.0),M,IT,UNEM_R,N,9,Y15-74,2023M3G2,2022-02-01,8.678784,,,,,,,,,,,,
IT1:151_874(1.0),M,IT,UNEM_R,N,9,Y15-74,2023M3G30,2022-02-01,8.678784,,,,,,,,,,,,
IT1:151_874(1.0),M,IT,UNEM_R,N,9,Y15-74,2023M5G3,2022-02-01,8.678784,,,,,,,,,,,,
IT1:151_874(1.0),M,IT,UNEM_R,N,9,Y15-74,2023M6G1,2022-02-01,8.678784,,,,,,,,,,,,
IT1:151_874(1.0),M,IT,UNEM_R,N,9,Y15-74,2023M6G30,2022-02-01,8.678784,,,,,,,,,,,,
IT1:151_874(1.0),M,IT,UNEM_R,N,9,Y15-74,2023M8G1,2022-02-01,8.678784,,,,,,,,,,,,
IT1:151_874(1.0),M,IT,UNEM_R,N,9,Y15-74,2023M8G31,2022-02-01,8.678784,,,,,,,,,,,,
IT1:151_874(1.0),M,IT,UNEM_R,N,9,Y15-74,2024M10G2,2022-02-01,8.678784,,,,,,,,,,,,
IT1:151_874(1.0),M,IT,UNEM_R,N,9,Y15-74,2024M10G31,2022-02-01,8.678784,,,,,,,,,,,,
IT1:151_874(1.0),M,IT,UNEM_R,N,9,Y15-74,2024M12G2,2022-02-01,8.678784,,,,,,,,,,,,
IT1:151_874(1.0),M,IT,UNEM_R,N,9,Y15-74,2024M1G31,2022-02-01,8.678784,,,,,,,,,,,,
IT1:151_874(1.0),M,IT,UNEM_R,N,9,Y15-74,2024M1G9,2022-02-01,8.678784,,,,,,,,,,,,
IT1:151_874(1.0),M,IT,UNEM_R,N,9,Y15-74,2024M3G1,2022-02-01,8.678784,,,,,,,,,,,,
IT1:151_874(1.0),M,IT,UNEM_R,N,9,Y15-74,2024M4G3,2022-02-01,8.678784,,,,,,,,,,,,
IT1:151_874(1.0),M,IT,UNEM_R,N,9,Y15-74,2024M5G3,2022-02-01,8.678784,,,,,,,,,,,,
IT1:151_874(1.0),M,IT,UNEM_R,N,9,Y15-74,2024M5G30,2022-02-01,8.678784,,,,,,,,,,,,
IT1:151_874(1.0),M,IT,UNEM_R,N,9,Y15-74,2024M7G2,2022-02-01,8.678784,,,,,,,,,,,,
IT1:151_874(1.0),M,IT,UNEM_R,N,9,Y15-74,2024M8G1,2022-02-01,8.678784,,,,,,,,,,,,
IT1:151_874(1.0),M,IT,UNEM_R,N,9,Y15-74,2024M8G30,2022-02-01,8.678784,,,,,,,,,,,,
IT1:151_874(1.0),M,IT,UNEM_R,N,9,Y15-74,2025M10G2,2022-02-01,8.678784,,,,,,,,,,,,
IT1:151_874(1.0),M,IT,UNEM_R,N,9,Y15-74,2025M10G30,2022-02-01,8.678784,,,,,,,,,,,,
IT1:151_874(1.0),M,IT,UNEM_R,N,9,Y15-74,2025M12G2,2022-02-01,8.678784,,,,,,,,,,,,
IT1:151_874(1.0),M,IT,UNEM_R,N,9,Y15-74,2025M1G30,2022-02-01,8.678784,,,,,,,,,,,,
IT1:151_874(1.0),M,IT,UNEM_R,N,9,Y15-74,2025M1G7,2022-02-01,8.678784,,,,,,,,,,,,
IT1:151_874(1.0),M,IT,UNEM_R,N,9,Y15-74,2025M3G4,2022-02-01,8.678784,,,,,,,,,,,,
IT1:151_874(1.0),M,IT,UNEM_R,N,9,Y15-74,2025M4G1,2022-02-01,8.678784,,,,,,,,,,,,
IT1:151_874(1.0),M,IT,UNEM_R,N,9,Y15-74,2025M5G2,2022-02-01,8.678784,,,,,,,,,,,,
IT1:151_874(1.0),M,IT,UNEM_R,N,9,Y15-74,2025M6G3,2022-02-01,8.678784,,,,,,,,,,,,
IT1:151_874(1.0),M,IT,UNEM_R,N,9,Y15-74,2025M7G2,2022-02-01,8.678784,,,,,,,,,,,,
IT1:151_874(1.0),M,IT,UNEM_R,N,9,Y15-74,2025M7G31,2022-02-01,8.678784,,,,,,,,,,,,
IT1:151_874(1.0),M,IT,UNEM_R,N,9,Y15-74,2025M9G1,2022-02-01,8.678784,,,,,,,,,,,,
IT1:151_874(1.0),M,IT,UNEM_R,N,9,Y15-74,2026M1G30,2022-02-01,8.678784,,,,,,,,,,,,
IT1:151_874(1.0),M,IT,UNEM_R,N,9,Y15-74,2026M1G8,2022-02-01,8.678784,,,,,,,,,,,,
IT1:151_874(1.0),M,IT,UNEM_R,N,9,Y15-74,2026M3G4,2022-02-01,8.678784,,,,,,,,,,,,
IT1:151_874(1.0),M,IT,UNEM_R,N,9,Y15-74,2026M4G1,2022-02-01,8.678784,,,,,,,,,,,,
IT1:151_874(1.0),M,IT,UNEM_R,N,9,Y15-74,2026M4G30,2022-02-01,8.678784,,,,,,,,,,,,
IT1:151_874(1.0),M,IT,UNEM_R,N,9,Y15-74,2022M11G3,2022-03-01,8.537509,,,,,,,,,,,,
IT1:151_874(1.0),M,IT,UNEM_R,N,9,Y15-74,2022M12G1,2022-03-01,8.537509,,,,,,,,,,,,
IT1:151_874(1.0),M,IT,UNEM_R,N,9,Y15-74,2022M5G2,2022-03-01,8.374475,p,,,,,,,,,,,
IT1:151_874(1.0),M,IT,UNEM_R,N,9,Y15-74,2022M6G1,2022-03-01,8.537509,,,,,,,,,,,,
IT1:151_874(1.0),M,IT,UNEM_R,N,9,Y15-74,2022M6G30,2022-03-01,8.537509,,,,,,,,,,,,
IT1:151_874(1.0),M,IT,UNEM_R,N,9,Y15-74,2022M8G1,2022-03-01,8.537509,,,,,,,,,,,,
IT1:151_874(1.0),M,IT,UNEM_R,N,9,Y15-74,2022M9G1,2022-03-01,8.537509,,,,,,,,,,,,
IT1:151_874(1.0),M,IT,UNEM_R,N,9,Y15-74,2022M9G30,2022-03-01,8.537509,,,,,,,,,,,,
IT1:151_874(1.0),M,IT,UNEM_R,N,9,Y15-74,2023M10G2,2022-03-01,8.537509,,,,,,,,,,,,
IT1:151_874(1.0),M,IT,UNEM_R,N,9,Y15-74,2023M11G3,2022-03-01,8.537509,,,,,,,,,,,,
IT1:151_874(1.0),M,IT,UNEM_R,N,9,Y15-74,2023M11G30,2022-03-01,8.537509,,,,,,,,,,,,
IT1:151_874(1.0),M,IT,UNEM_R,N,9,Y15-74,2023M1G31,2022-03-01,8.537509,,,,,,,,,,,,
IT1:151_874(1.0),M,IT,UNEM_R,N,9,Y15-74,2023M1G9,2022-03-01,8.537509,,,,,,,,,,,,
IT1:151_874(1.0),M,IT,UNEM_R,N,9,Y15-74,2023M3G2,2022-03-01,8.537509,,,,,,,,,,,,
IT1:151_874(1.0),M,IT,UNEM_R,N,9,Y15-74,2023M3G30,2022-03-01,8.537509,,,,,,,,,,,,
IT1:151_874(1.0),M,IT,UNEM_R,N,9,Y15-74,2023M5G3,2022-03-01,8.537509,,,,,,,,,,,,
IT1:151_874(1.0),M,IT,UNEM_R,N,9,Y15-74,2023M6G1,2022-03-01,8.537509,,,,,,,,,,,,
IT1:151_874(1.0),M,IT,UNEM_R,N,9,Y15-74,2023M6G30,2022-03-01,8.537509,,,,,,,,,,,,
IT1:151_874(1.0),M,IT,UNEM_R,N,9,Y15-74,2023M8G1,2022-03-01,8.537509,,,,,,,,,,,,
IT1:151_874(1.0),M,IT,UNEM_R,N,9,Y15-74,2023M8G31,2022-03-01,8.537509,,,,,,,,,,,,
IT1:151_874(1.0),M,IT,UNEM_R,N,9,Y15-74,2024M10G2,2022-03-01,8.537509,,,,,,,,,,,,
IT1:151_874(1.0),M,IT,UNEM_R,N,9,Y15-74,2024M10G31,2022-03-01,8.537509,,,,,,,,,,,,
IT1:151_874(1.0),M,IT,UNEM_R,N,9,Y15-74,2024M12G2,2022-03-01,8.537509,,,,,,,,,,,,
IT1:151_874(1.0),M,IT,UNEM_R,N,9,Y15-74,2024M1G31,2022-03-01,8.537509,,,,,,,,,,,,
IT1:151_874(1.0),M,IT,UNEM_R,N,9,Y15-74,2024M1G9,2022-03-01,8.537509,,,,,,,,,,,,
IT1:151_874(1.0),M,IT,UNEM_R,N,9,Y15-74,2024M3G1,2022-03-01,8.537509,,,,,,,,,,,,
IT1:151_874(1.0),M,IT,UNEM_R,N,9,Y15-74,2024M4G3,2022-03-01,8.537509,,,,,,,,,,,,
IT1:151_874(1.0),M,IT,UNEM_R,N,9,Y15-74,2024M5G3,2022-03-01,8.537509,,,,,,,,,,,,
IT1:151_874(1.0),M,IT,UNEM_R,N,9,Y15-74,2024M5G30,2022-03-01,8.537509,,,,,,,,,,,,
IT1:151_874(1.0),M,IT,UNEM_R,N,9,Y15-74,2024M7G2,2022-03-01,8.537509,,,,,,,,,,,,
IT1:151_874(1.0),M,IT,UNEM_R,N,9,Y15-74,2024M8G1,2022-03-01,8.537509,,,,,,,,,,,,
IT1:151_874(1.0),M,IT,UNEM_R,N,9,Y15-74,2024M8G30,2022-03-01,8.537509,,,,,,,,,,,,
IT1:151_874(1.0),M,IT,UNEM_R,N,9,Y15-74,2025M10G2,2022-03-01,8.537509,,,,,,,,,,,,
IT1:151_874(1.0),M,IT,UNEM_R,N,9,Y15-74,2025M10G30,2022-03-01,8.537509,,,,,,,,,,,,
IT1:151_874(1.0),M,IT,UNEM_R,N,9,Y15-74,2025M12G2,2022-03-01,8.537509,,,,,,,,,,,,
IT1:151_874(1.0),M,IT,UNEM_R,N,9,Y15-74,2025M1G30,2022-03-01,8.537509,,,,,,,,,,,,
IT1:151_874(1.0),M,IT,UNEM_R,N,9,Y15-74,2025M1G7,2022-03-01,8.537509,,,,,,,,,,,,
IT1:151_874(1.0),M,IT,UNEM_R,N,9,Y15-74,2025M3G4,2022-03-01,8.537509,,,,,,,,,,,,
IT1:151_874(1.0),M,IT,UNEM_R,N,9,Y15-74,2025M4G1,2022-03-01,8.537509,,,,,,,,,,,,
IT1:151_874(1.0),M,IT,UNEM_R,N,9,Y15-74,2025M5G2,2022-03-01,8.537509,,,,,,,,,,,,
IT1:151_874(1.0),M,IT,UNEM_R,N,9,Y15-74,2025M6G3,2022-03-01,8.537509,,,,,,,,,,,,
IT1:151_874(1.0),M,IT,UNEM_R,N,9,Y15-74,2025M7G2,2022-03-01,8.537509,,,,,,,,,,,,
IT1:151_874(1.0),M,IT,UNEM_R,N,9,Y15-74,2025M7G31,2022-03-01,8.537509,,,,,,,,,,,,
IT1:151_874(1.0),M,IT,UNEM_R,N,9,Y15-74,2025M9G1,2022-03-01,8.537509,,,,,,,,,,,,
IT1:151_874(1.0),M,IT,UNEM_R,N,9,Y15-74,2026M1G30,2022-03-01,8.537509,,,,,,,,,,,,
IT1:151_874(1.0),M,IT,UNEM_R,N,9,Y15-74,2026M1G8,2022-03-01,8.537509,,,,,,,,,,,,
IT1:151_874(1.0),M,IT,UNEM_R,N,9,Y15-74,2026M3G4,2022-03-01,8.537509,,,,,,,,,,,,
IT1:151_874(1.0),M,IT,UNEM_R,N,9,Y15-74,2026M4G1,2022-03-01,8.537509,,,,,,,,,,,,
IT1:151_874(1.0),M,IT,UNEM_R,N,9,Y15-74,2026M4G30,2022-03-01,8.537509,,,,,,,,,,,,
IT1:151_874(1.0),M,IT,UNEM_R,N,9,Y15-74,2022M11G3,2022-04-01,8.238088,,,,,,,,,,,,
IT1:151_874(1.0),M,IT,UNEM_R,N,9,Y15-74,2022M12G1,2022-04-01,8.238088,,,,,,,,,,,,
IT1:151_874(1.0),M,IT,UNEM_R,N,9,Y15-74,2022M6G1,2022-04-01,8.340043,p,,,,,,,,,,,
IT1:151_874(1.0),M,IT,UNEM_R,N,9,Y15-74,2022M6G30,2022-04-01,8.340043,p,,,,,,,,,,,
IT1:151_874(1.0),M,IT,UNEM_R,N,9,Y15-74,2022M8G1,2022-04-01,8.340043,p,,,,,,,,,,,
IT1:151_874(1.0),M,IT,UNEM_R,N,9,Y15-74,2022M9G1,2022-04-01,8.238088,,,,,,,,,,,,
IT1:151_874(1.0),M,IT,UNEM_R,N,9,Y15-74,2022M9G30,2022-04-01,8.238088,,,,,,,,,,,,
IT1:151_874(1.0),M,IT,UNEM_R,N,9,Y15-74,2023M10G2,2022-04-01,8.238088,,,,,,,,,,,,
IT1:151_874(1.0),M,IT,UNEM_R,N,9,Y15-74,2023M11G3,2022-04-01,8.238088,,,,,,,,,,,,
IT1:151_874(1.0),M,IT,UNEM_R,N,9,Y15-74,2023M11G30,2022-04-01,8.238088,,,,,,,,,,,,
IT1:151_874(1.0),M,IT,UNEM_R,N,9,Y15-74,2023M1G31,2022-04-01,8.238088,,,,,,,,,,,,
IT1:151_874(1.0),M,IT,UNEM_R,N,9,Y15-74,2023M1G9,2022-04-01,8.238088,,,,,,,,,,,,
IT1:151_874(1.0),M,IT,UNEM_R,N,9,Y15-74,2023M3G2,2022-04-01,8.238088,,,,,,,,,,,,
IT1:151_874(1.0),M,IT,UNEM_R,N,9,Y15-74,2023M3G30,2022-04-01,8.238088,,,,,,,,,,,,
IT1:151_874(1.0),M,IT,UNEM_R,N,9,Y15-74,2023M5G3,2022-04-01,8.238088,,,,,,,,,,,,
IT1:151_874(1.0),M,IT,UNEM_R,N,9,Y15-74,2023M6G1,2022-04-01,8.238088,,,,,,,,,,,,
IT1:151_874(1.0),M,IT,UNEM_R,N,9,Y15-74,2023M6G30,2022-04-01,8.238088,,,,,,,,,,,,
IT1:151_874(1.0),M,IT,UNEM_R,N,9,Y15-74,2023M8G1,2022-04-01,8.238088,,,,,,,,,,,,
IT1:151_874(1.0),M,IT,UNEM_R,N,9,Y15-74,2023M8G31,2022-04-01,8.238088,,,,,,,,,,,,
IT1:151_874(1.0),M,IT,UNEM_R,N,9,Y15-74,2024M10G2,2022-04-01,8.238088,,,,,,,,,,,,
IT1:151_874(1.0),M,IT,UNEM_R,N,9,Y15-74,2024M10G31,2022-04-01,8.238088,,,,,,,,,,,,
IT1:151_874(1.0),M,IT,UNEM_R,N,9,Y15-74,2024M12G2,2022-04-01,8.238088,,,,,,,,,,,,
IT1:151_874(1.0),M,IT,UNEM_R,N,9,Y15-74,2024M1G31,2022-04-01,8.238088,,,,,,,,,,,,
IT1:151_874(1.0),M,IT,UNEM_R,N,9,Y15-74,2024M1G9,2022-04-01,8.238088,,,,,,,,,,,,
IT1:151_874(1.0),M,IT,UNEM_R,N,9,Y15-74,2024M3G1,2022-04-01,8.238088,,,,,,,,,,,,
IT1:151_874(1.0),M,IT,UNEM_R,N,9,Y15-74,2024M4G3,2022-04-01,8.238088,,,,,,,,,,,,
IT1:151_874(1.0),M,IT,UNEM_R,N,9,Y15-74,2024M5G3,2022-04-01,8.238088,,,,,,,,,,,,
IT1:151_874(1.0),M,IT,UNEM_R,N,9,Y15-74,2024M5G30,2022-04-01,8.238088,,,,,,,,,,,,
IT1:151_874(1.0),M,IT,UNEM_R,N,9,Y15-74,2024M7G2,2022-04-01,8.238088,,,,,,,,,,,,
IT1:151_874(1.0),M,IT,UNEM_R,N,9,Y15-74,2024M8G1,2022-04-01,8.238088,,,,,,,,,,,,
IT1:151_874(1.0),M,IT,UNEM_R,N,9,Y15-74,2024M8G30,2022-04-01,8.238088,,,,,,,,,,,,
IT1:151_874(1.0),M,IT,UNEM_R,N,9,Y15-74,2025M10G2,2022-04-01,8.238088,,,,,,,,,,,,
IT1:151_874(1.0),M,IT,UNEM_R,N,9,Y15-74,2025M10G30,2022-04-01,8.238088,,,,,,,,,,,,
IT1:151_874(1.0),M,IT,UNEM_R,N,9,Y15-74,2025M12G2,2022-04-01,8.238088,,,,,,,,,,,,
IT1:151_874(1.0),M,IT,UNEM_R,N,9,Y15-74,2025M1G30,2022-04-01,8.238088,,,,,,,,,,,,
IT1:151_874(1.0),M,IT,UNEM_R,N,9,Y15-74,2025M1G7,2022-04-01,8.238088,,,,,,,,,,,,
IT1:151_874(1.0),M,IT,UNEM_R,N,9,Y15-74,2025M3G4,2022-04-01,8.238088,,,,,,,,,,,,
IT1:151_874(1.0),M,IT,UNEM_R,N,9,Y15-74,2025M4G1,2022-04-01,8.238088,,,,,,,,,,,,
IT1:151_874(1.0),M,IT,UNEM_R,N,9,Y15-74,2025M5G2,2022-04-01,8.238088,,,,,,,,,,,,
IT1:151_874(1.0),M,IT,UNEM_R,N,9,Y15-74,2025M6G3,2022-04-01,8.238088,,,,,,,,,,,,
IT1:151_874(1.0),M,IT,UNEM_R,N,9,Y15-74,2025M7G2,2022-04-01,8.238088,,,,,,,,,,,,
IT1:151_874(1.0),M,IT,UNEM_R,N,9,Y15-74,2025M7G31,2022-04-01,8.238088,,,,,,,,,,,,
IT1:151_874(1.0),M,IT,UNEM_R,N,9,Y15-74,2025M9G1,2022-04-01,8.238088,,,,,,,,,,,,
IT1:151_874(1.0),M,IT,UNEM_R,N,9,Y15-74,2026M1G30,2022-04-01,8.238088,,,,,,,,,,,,
IT1:151_874(1.0),M,IT,UNEM_R,N,9,Y15-74,2026M1G8,2022-04-01,8.238088,,,,,,,,,,,,
IT1:151_874(1.0),M,IT,UNEM_R,N,9,Y15-74,2026M3G4,2022-04-01,8.238088,,,,,,,,,,,,
IT1:151_874(1.0),M,IT,UNEM_R,N,9,Y15-74,2026M4G1,2022-04-01,8.238088,,,,,,,,,,,,
IT1:151_874(1.0),M,IT,UNEM_R,N,9,Y15-74,2026M4G30,2022-04-01,8.238088,,,,,,,,,,,,
IT1:151_874(1.0),M,IT,UNEM_R,N,9,Y15-74,2022M11G3,2022-05-01,7.841431,,,,,,,,,,,,
IT1:151_874(1.0),M,IT,UNEM_R,N,9,Y15-74,2022M12G1,2022-05-01,7.841431,,,,,,,,,,,,
IT1:151_874(1.0),M,IT,UNEM_R,N,9,Y15-74,2022M6G30,2022-05-01,7.957515,p,,,,,,,,,,,
IT1:151_874(1.0),M,IT,UNEM_R,N,9,Y15-74,2022M8G1,2022-05-01,7.957515,p,,,,,,,,,,,
IT1:151_874(1.0),M,IT,UNEM_R,N,9,Y15-74,2022M9G1,2022-05-01,7.841431,,,,,,,,,,,,
IT1:151_874(1.0),M,IT,UNEM_R,N,9,Y15-74,2022M9G30,2022-05-01,7.841431,,,,,,,,,,,,
IT1:151_874(1.0),M,IT,UNEM_R,N,9,Y15-74,2023M10G2,2022-05-01,7.841431,,,,,,,,,,,,
IT1:151_874(1.0),M,IT,UNEM_R,N,9,Y15-74,2023M11G3,2022-05-01,7.841431,,,,,,,,,,,,
IT1:151_874(1.0),M,IT,UNEM_R,N,9,Y15-74,2023M11G30,2022-05-01,7.841431,,,,,,,,,,,,
IT1:151_874(1.0),M,IT,UNEM_R,N,9,Y15-74,2023M1G31,2022-05-01,7.841431,,,,,,,,,,,,
IT1:151_874(1.0),M,IT,UNEM_R,N,9,Y15-74,2023M1G9,2022-05-01,7.841431,,,,,,,,,,,,
IT1:151_874(1.0),M,IT,UNEM_R,N,9,Y15-74,2023M3G2,2022-05-01,7.841431,,,,,,,,,,,,
IT1:151_874(1.0),M,IT,UNEM_R,N,9,Y15-74,2023M3G30,2022-05-01,7.841431,,,,,,,,,,,,
IT1:151_874(1.0),M,IT,UNEM_R,N,9,Y15-74,2023M5G3,2022-05-01,7.841431,,,,,,,,,,,,
IT1:151_874(1.0),M,IT,UNEM_R,N,9,Y15-74,2023M6G1,2022-05-01,7.841431,,,,,,,,,,,,
IT1:151_874(1.0),M,IT,UNEM_R,N,9,Y15-74,2023M6G30,2022-05-01,7.841431,,,,,,,,,,,,
IT1:151_874(1.0),M,IT,UNEM_R,N,9,Y15-74,2023M8G1,2022-05-01,7.841431,,,,,,,,,,,,
IT1:151_874(1.0),M,IT,UNEM_R,N,9,Y15-74,2023M8G31,2022-05-01,7.841431,,,,,,,,,,,,
IT1:151_874(1.0),M,IT,UNEM_R,N,9,Y15-74,2024M10G2,2022-05-01,7.841431,,,,,,,,,,,,
IT1:151_874(1.0),M,IT,UNEM_R,N,9,Y15-74,2024M10G31,2022-05-01,7.841431,,,,,,,,,,,,
IT1:151_874(1.0),M,IT,UNEM_R,N,9,Y15-74,2024M12G2,2022-05-01,7.841431,,,,,,,,,,,,
IT1:151_874(1.0),M,IT,UNEM_R,N,9,Y15-74,2024M1G31,2022-05-01,7.841431,,,,,,,,,,,,
IT1:151_874(1.0),M,IT,UNEM_R,N,9,Y15-74,2024M1G9,2022-05-01,7.841431,,,,,,,,,,,,
IT1:151_874(1.0),M,IT,UNEM_R,N,9,Y15-74,2024M3G1,2022-05-01,7.841431,,,,,,,,,,,,
IT1:151_874(1.0),M,IT,UNEM_R,N,9,Y15-74,2024M4G3,2022-05-01,7.841431,,,,,,,,,,,,
IT1:151_874(1.0),M,IT,UNEM_R,N,9,Y15-74,2024M5G3,2022-05-01,7.841431,,,,,,,,,,,,
IT1:151_874(1.0),M,IT,UNEM_R,N,9,Y15-74,2024M5G30,2022-05-01,7.841431,,,,,,,,,,,,
IT1:151_874(1.0),M,IT,UNEM_R,N,9,Y15-74,2024M7G2,2022-05-01,7.841431,,,,,,,,,,,,
IT1:151_874(1.0),M,IT,UNEM_R,N,9,Y15-74,2024M8G1,2022-05-01,7.841431,,,,,,,,,,,,
IT1:151_874(1.0),M,IT,UNEM_R,N,9,Y15-74,2024M8G30,2022-05-01,7.841431,,,,,,,,,,,,
IT1:151_874(1.0),M,IT,UNEM_R,N,9,Y15-74,2025M10G2,2022-05-01,7.841431,,,,,,,,,,,,
IT1:151_874(1.0),M,IT,UNEM_R,N,9,Y15-74,2025M10G30,2022-05-01,7.841431,,,,,,,,,,,,
IT1:151_874(1.0),M,IT,UNEM_R,N,9,Y15-74,2025M12G2,2022-05-01,7.841431,,,,,,,,,,,,
IT1:151_874(1.0),M,IT,UNEM_R,N,9,Y15-74,2025M1G30,2022-05-01,7.841431,,,,,,,,,,,,
IT1:151_874(1.0),M,IT,UNEM_R,N,9,Y15-74,2025M1G7,2022-05-01,7.841431,,,,,,,,,,,,
IT1:151_874(1.0),M,IT,UNEM_R,N,9,Y15-74,2025M3G4,2022-05-01,7.841431,,,,,,,,,,,,
IT1:151_874(1.0),M,IT,UNEM_R,N,9,Y15-74,2025M4G1,2022-05-01,7.841431,,,,,,,,,,,,
IT1:151_874(1.0),M,IT,UNEM_R,N,9,Y15-74,2025M5G2,2022-05-01,7.841431,,,,,,,,,,,,
IT1:151_874(1.0),M,IT,UNEM_R,N,9,Y15-74,2025M6G3,2022-05-01,7.841431,,,,,,,,,,,,
IT1:151_874(1.0),M,IT,UNEM_R,N,9,Y15-74,2025M7G2,2022-05-01,7.841431,,,,,,,,,,,,
IT1:151_874(1.0),M,IT,UNEM_R,N,9,Y15-74,2025M7G31,2022-05-01,7.841431,,,,,,,,,,,,
IT1:151_874(1.0),M,IT,UNEM_R,N,9,Y15-74,2025M9G1,2022-05-01,7.841431,,,,,,,,,,,,
IT1:151_874(1.0),M,IT,UNEM_R,N,9,Y15-74,2026M1G30,2022-05-01,7.841431,,,,,,,,,,,,
IT1:151_874(1.0),M,IT,UNEM_R,N,9,Y15-74,2026M1G8,2022-05-01,7.841431,,,,,,,,,,,,
IT1:151_874(1.0),M,IT,UNEM_R,N,9,Y15-74,2026M3G4,2022-05-01,7.841431,,,,,,,,,,,,
IT1:151_874(1.0),M,IT,UNEM_R,N,9,Y15-74,2026M4G1,2022-05-01,7.841431,,,,,,,,,,,,
IT1:151_874(1.0),M,IT,UNEM_R,N,9,Y15-74,2026M4G30,2022-05-01,7.841431,,,,,,,,,,,,
IT1:151_874(1.0),M,IT,UNEM_R,N,9,Y15-74,2022M11G3,2022-06-01,7.843466,,,,,,,,,,,,
IT1:151_874(1.0),M,IT,UNEM_R,N,9,Y15-74,2022M12G1,2022-06-01,7.843466,,,,,,,,,,,,
IT1:151_874(1.0),M,IT,UNEM_R,N,9,Y15-74,2022M8G1,2022-06-01,7.952371,p,,,,,,,,,,,
IT1:151_874(1.0),M,IT,UNEM_R,N,9,Y15-74,2022M9G1,2022-06-01,7.843466,,,,,,,,,,,,
IT1:151_874(1.0),M,IT,UNEM_R,N,9,Y15-74,2022M9G30,2022-06-01,7.843466,,,,,,,,,,,,
IT1:151_874(1.0),M,IT,UNEM_R,N,9,Y15-74,2023M10G2,2022-06-01,7.843466,,,,,,,,,,,,
IT1:151_874(1.0),M,IT,UNEM_R,N,9,Y15-74,2023M11G3,2022-06-01,7.843466,,,,,,,,,,,,
IT1:151_874(1.0),M,IT,UNEM_R,N,9,Y15-74,2023M11G30,2022-06-01,7.843466,,,,,,,,,,,,
IT1:151_874(1.0),M,IT,UNEM_R,N,9,Y15-74,2023M1G31,2022-06-01,7.843466,,,,,,,,,,,,
IT1:151_874(1.0),M,IT,UNEM_R,N,9,Y15-74,2023M1G9,2022-06-01,7.843466,,,,,,,,,,,,
IT1:151_874(1.0),M,IT,UNEM_R,N,9,Y15-74,2023M3G2,2022-06-01,7.843466,,,,,,,,,,,,
IT1:151_874(1.0),M,IT,UNEM_R,N,9,Y15-74,2023M3G30,2022-06-01,7.843466,,,,,,,,,,,,
IT1:151_874(1.0),M,IT,UNEM_R,N,9,Y15-74,2023M5G3,2022-06-01,7.843466,,,,,,,,,,,,
IT1:151_874(1.0),M,IT,UNEM_R,N,9,Y15-74,2023M6G1,2022-06-01,7.843466,,,,,,,,,,,,
IT1:151_874(1.0),M,IT,UNEM_R,N,9,Y15-74,2023M6G30,2022-06-01,7.843466,,,,,,,,,,,,
IT1:151_874(1.0),M,IT,UNEM_R,N,9,Y15-74,2023M8G1,2022-06-01,7.843466,,,,,,,,,,,,
IT1:151_874(1.0),M,IT,UNEM_R,N,9,Y15-74,2023M8G31,2022-06-01,7.843466,,,,,,,,,,,,
IT1:151_874(1.0),M,IT,UNEM_R,N,9,Y15-74,2024M10G2,2022-06-01,7.843466,,,,,,,,,,,,
IT1:151_874(1.0),M,IT,UNEM_R,N,9,Y15-74,2024M10G31,2022-06-01,7.843466,,,,,,,,,,,,
IT1:151_874(1.0),M,IT,UNEM_R,N,9,Y15-74,2024M12G2,2022-06-01,7.843466,,,,,,,,,,,,
IT1:151_874(1.0),M,IT,UNEM_R,N,9,Y15-74,2024M1G31,2022-06-01,7.843466,,,,,,,,,,,,
IT1:151_874(1.0),M,IT,UNEM_R,N,9,Y15-74,2024M1G9,2022-06-01,7.843466,,,,,,,,,,,,
IT1:151_874(1.0),M,IT,UNEM_R,N,9,Y15-74,2024M3G1,2022-06-01,7.843466,,,,,,,,,,,,
IT1:151_874(1.0),M,IT,UNEM_R,N,9,Y15-74,2024M4G3,2022-06-01,7.843466,,,,,,,,,,,,
IT1:151_874(1.0),M,IT,UNEM_R,N,9,Y15-74,2024M5G3,2022-06-01,7.843466,,,,,,,,,,,,
IT1:151_874(1.0),M,IT,UNEM_R,N,9,Y15-74,2024M5G30,2022-06-01,7.843466,,,,,,,,,,,,
IT1:151_874(1.0),M,IT,UNEM_R,N,9,Y15-74,2024M7G2,2022-06-01,7.843466,,,,,,,,,,,,
IT1:151_874(1.0),M,IT,UNEM_R,N,9,Y15-74,2024M8G1,2022-06-01,7.843466,,,,,,,,,,,,
IT1:151_874(1.0),M,IT,UNEM_R,N,9,Y15-74,2024M8G30,2022-06-01,7.843466,,,,,,,,,,,,
IT1:151_874(1.0),M,IT,UNEM_R,N,9,Y15-74,2025M10G2,2022-06-01,7.843466,,,,,,,,,,,,
IT1:151_874(1.0),M,IT,UNEM_R,N,9,Y15-74,2025M10G30,2022-06-01,7.843466,,,,,,,,,,,,
IT1:151_874(1.0),M,IT,UNEM_R,N,9,Y15-74,2025M12G2,2022-06-01,7.843466,,,,,,,,,,,,
IT1:151_874(1.0),M,IT,UNEM_R,N,9,Y15-74,2025M1G30,2022-06-01,7.843466,,,,,,,,,,,,
IT1:151_874(1.0),M,IT,UNEM_R,N,9,Y15-74,2025M1G7,2022-06-01,7.843466,,,,,,,,,,,,
IT1:151_874(1.0),M,IT,UNEM_R,N,9,Y15-74,2025M3G4,2022-06-01,7.843466,,,,,,,,,,,,
IT1:151_874(1.0),M,IT,UNEM_R,N,9,Y15-74,2025M4G1,2022-06-01,7.843466,,,,,,,,,,,,
IT1:151_874(1.0),M,IT,UNEM_R,N,9,Y15-74,2025M5G2,2022-06-01,7.843466,,,,,,,,,,,,
IT1:151_874(1.0),M,IT,UNEM_R,N,9,Y15-74,2025M6G3,2022-06-01,7.843466,,,,,,,,,,,,
IT1:151_874(1.0),M,IT,UNEM_R,N,9,Y15-74,2025M7G2,2022-06-01,7.843466,,,,,,,,,,,,
IT1:151_874(1.0),M,IT,UNEM_R,N,9,Y15-74,2025M7G31,2022-06-01,7.843466,,,,,,,,,,,,
IT1:151_874(1.0),M,IT,UNEM_R,N,9,Y15-74,2025M9G1,2022-06-01,7.843466,,,,,,,,,,,,
IT1:151_874(1.0),M,IT,UNEM_R,N,9,Y15-74,2026M1G30,2022-06-01,7.843466,,,,,,,,,,,,
IT1:151_874(1.0),M,IT,UNEM_R,N,9,Y15-74,2026M1G8,2022-06-01,7.843466,,,,,,,,,,,,
IT1:151_874(1.0),M,IT,UNEM_R,N,9,Y15-74,2026M3G4,2022-06-01,7.843466,,,,,,,,,,,,
IT1:151_874(1.0),M,IT,UNEM_R,N,9,Y15-74,2026M4G1,2022-06-01,7.843466,,,,,,,,,,,,
IT1:151_874(1.0),M,IT,UNEM_R,N,9,Y15-74,2026M4G30,2022-06-01,7.843466,,,,,,,,,,,,
IT1:151_874(1.0),M,IT,UNEM_R,N,9,Y15-74,2022M11G3,2022-07-01,7.53954,p,,,,,,,,,,,
IT1:151_874(1.0),M,IT,UNEM_R,N,9,Y15-74,2022M12G1,2022-07-01,7.448829,,,,,,,,,,,,
IT1:151_874(1.0),M,IT,UNEM_R,N,9,Y15-74,2022M9G1,2022-07-01,7.53954,p,,,,,,,,,,,
IT1:151_874(1.0),M,IT,UNEM_R,N,9,Y15-74,2022M9G30,2022-07-01,7.53954,p,,,,,,,,,,,
IT1:151_874(1.0),M,IT,UNEM_R,N,9,Y15-74,2023M10G2,2022-07-01,7.448829,,,,,,,,,,,,
IT1:151_874(1.0),M,IT,UNEM_R,N,9,Y15-74,2023M11G3,2022-07-01,7.448829,,,,,,,,,,,,
IT1:151_874(1.0),M,IT,UNEM_R,N,9,Y15-74,2023M11G30,2022-07-01,7.448829,,,,,,,,,,,,
IT1:151_874(1.0),M,IT,UNEM_R,N,9,Y15-74,2023M1G31,2022-07-01,7.448829,,,,,,,,,,,,
IT1:151_874(1.0),M,IT,UNEM_R,N,9,Y15-74,2023M1G9,2022-07-01,7.448829,,,,,,,,,,,,
IT1:151_874(1.0),M,IT,UNEM_R,N,9,Y15-74,2023M3G2,2022-07-01,7.448829,,,,,,,,,,,,
IT1:151_874(1.0),M,IT,UNEM_R,N,9,Y15-74,2023M3G30,2022-07-01,7.448829,,,,,,,,,,,,
IT1:151_874(1.0),M,IT,UNEM_R,N,9,Y15-74,2023M5G3,2022-07-01,7.448829,,,,,,,,,,,,
IT1:151_874(1.0),M,IT,UNEM_R,N,9,Y15-74,2023M6G1,2022-07-01,7.448829,,,,,,,,,,,,
IT1:151_874(1.0),M,IT,UNEM_R,N,9,Y15-74,2023M6G30,2022-07-01,7.448829,,,,,,,,,,,,
IT1:151_874(1.0),M,IT,UNEM_R,N,9,Y15-74,2023M8G1,2022-07-01,7.448829,,,,,,,,,,,,
IT1:151_874(1.0),M,IT,UNEM_R,N,9,Y15-74,2023M8G31,2022-07-01,7.448829,,,,,,,,,,,,
IT1:151_874(1.0),M,IT,UNEM_R,N,9,Y15-74,2024M10G2,2022-07-01,7.448829,,,,,,,,,,,,
IT1:151_874(1.0),M,IT,UNEM_R,N,9,Y15-74,2024M10G31,2022-07-01,7.448829,,,,,,,,,,,,
IT1:151_874(1.0),M,IT,UNEM_R,N,9,Y15-74,2024M12G2,2022-07-01,7.448829,,,,,,,,,,,,
IT1:151_874(1.0),M,IT,UNEM_R,N,9,Y15-74,2024M1G31,2022-07-01,7.448829,,,,,,,,,,,,
IT1:151_874(1.0),M,IT,UNEM_R,N,9,Y15-74,2024M1G9,2022-07-01,7.448829,,,,,,,,,,,,
IT1:151_874(1.0),M,IT,UNEM_R,N,9,Y15-74,2024M3G1,2022-07-01,7.448829,,,,,,,,,,,,
IT1:151_874(1.0),M,IT,UNEM_R,N,9,Y15-74,2024M4G3,2022-07-01,7.448829,,,,,,,,,,,,
IT1:151_874(1.0),M,IT,UNEM_R,N,9,Y15-74,2024M5G3,2022-07-01,7.448829,,,,,,,,,,,,
IT1:151_874(1.0),M,IT,UNEM_R,N,9,Y15-74,2024M5G30,2022-07-01,7.448829,,,,,,,,,,,,
IT1:151_874(1.0),M,IT,UNEM_R,N,9,Y15-74,2024M7G2,2022-07-01,7.448829,,,,,,,,,,,,
IT1:151_874(1.0),M,IT,UNEM_R,N,9,Y15-74,2024M8G1,2022-07-01,7.448829,,,,,,,,,,,,
IT1:151_874(1.0),M,IT,UNEM_R,N,9,Y15-74,2024M8G30,2022-07-01,7.448829,,,,,,,,,,,,
IT1:151_874(1.0),M,IT,UNEM_R,N,9,Y15-74,2025M10G2,2022-07-01,7.448829,,,,,,,,,,,,
IT1:151_874(1.0),M,IT,UNEM_R,N,9,Y15-74,2025M10G30,2022-07-01,7.448829,,,,,,,,,,,,
IT1:151_874(1.0),M,IT,UNEM_R,N,9,Y15-74,2025M12G2,2022-07-01,7.448829,,,,,,,,,,,,
IT1:151_874(1.0),M,IT,UNEM_R,N,9,Y15-74,2025M1G30,2022-07-01,7.448829,,,,,,,,,,,,
IT1:151_874(1.0),M,IT,UNEM_R,N,9,Y15-74,2025M1G7,2022-07-01,7.448829,,,,,,,,,,,,
IT1:151_874(1.0),M,IT,UNEM_R,N,9,Y15-74,2025M3G4,2022-07-01,7.448829,,,,,,,,,,,,
IT1:151_874(1.0),M,IT,UNEM_R,N,9,Y15-74,2025M4G1,2022-07-01,7.448829,,,,,,,,,,,,
IT1:151_874(1.0),M,IT,UNEM_R,N,9,Y15-74,2025M5G2,2022-07-01,7.448829,,,,,,,,,,,,
IT1:151_874(1.0),M,IT,UNEM_R,N,9,Y15-74,2025M6G3,2022-07-01,7.448829,,,,,,,,,,,,
IT1:151_874(1.0),M,IT,UNEM_R,N,9,Y15-74,2025M7G2,2022-07-01,7.448829,,,,,,,,,,,,
IT1:151_874(1.0),M,IT,UNEM_R,N,9,Y15-74,2025M7G31,2022-07-01,7.448829,,,,,,,,,,,,
IT1:151_874(1.0),M,IT,UNEM_R,N,9,Y15-74,2025M9G1,2022-07-01,7.448829,,,,,,,,,,,,
IT1:151_874(1.0),M,IT,UNEM_R,N,9,Y15-74,2026M1G30,2022-07-01,7.448829,,,,,,,,,,,,
IT1:151_874(1.0),M,IT,UNEM_R,N,9,Y15-74,2026M1G8,2022-07-01,7.448829,,,,,,,,,,,,
IT1:151_874(1.0),M,IT,UNEM_R,N,9,Y15-74,2026M3G4,2022-07-01,7.448829,,,,,,,,,,,,
IT1:151_874(1.0),M,IT,UNEM_R,N,9,Y15-74,2026M4G1,2022-07-01,7.448829,,,,,,,,,,,,
IT1:151_874(1.0),M,IT,UNEM_R,N,9,Y15-74,2026M4G30,2022-07-01,7.448829,,,,,,,,,,,,
IT1:151_874(1.0),M,IT,UNEM_R,N,9,Y15-74,2022M11G3,2022-08-01,7.63017,p,,,,,,,,,,,
IT1:151_874(1.0),M,IT,UNEM_R,N,9,Y15-74,2022M12G1,2022-08-01,7.720341,,,,,,,,,,,,
IT1:151_874(1.0),M,IT,UNEM_R,N,9,Y15-74,2022M9G30,2022-08-01,7.63017,p,,,,,,,,,,,
IT1:151_874(1.0),M,IT,UNEM_R,N,9,Y15-74,2023M10G2,2022-08-01,7.720341,,,,,,,,,,,,
IT1:151_874(1.0),M,IT,UNEM_R,N,9,Y15-74,2023M11G3,2022-08-01,7.720341,,,,,,,,,,,,
IT1:151_874(1.0),M,IT,UNEM_R,N,9,Y15-74,2023M11G30,2022-08-01,7.720341,,,,,,,,,,,,
IT1:151_874(1.0),M,IT,UNEM_R,N,9,Y15-74,2023M1G31,2022-08-01,7.720341,,,,,,,,,,,,
IT1:151_874(1.0),M,IT,UNEM_R,N,9,Y15-74,2023M1G9,2022-08-01,7.720341,,,,,,,,,,,,
IT1:151_874(1.0),M,IT,UNEM_R,N,9,Y15-74,2023M3G2,2022-08-01,7.720341,,,,,,,,,,,,
IT1:151_874(1.0),M,IT,UNEM_R,N,9,Y15-74,2023M3G30,2022-08-01,7.720341,,,,,,,,,,,,
IT1:151_874(1.0),M,IT,UNEM_R,N,9,Y15-74,2023M5G3,2022-08-01,7.720341,,,,,,,,,,,,
IT1:151_874(1.0),M,IT,UNEM_R,N,9,Y15-74,2023M6G1,2022-08-01,7.720341,,,,,,,,,,,,
IT1:151_874(1.0),M,IT,UNEM_R,N,9,Y15-74,2023M6G30,2022-08-01,7.720341,,,,,,,,,,,,
IT1:151_874(1.0),M,IT,UNEM_R,N,9,Y15-74,2023M8G1,2022-08-01,7.720341,,,,,,,,,,,,
IT1:151_874(1.0),M,IT,UNEM_R,N,9,Y15-74,2023M8G31,2022-08-01,7.720341,,,,,,,,,,,,
IT1:151_874(1.0),M,IT,UNEM_R,N,9,Y15-74,2024M10G2,2022-08-01,7.720341,,,,,,,,,,,,
IT1:151_874(1.0),M,IT,UNEM_R,N,9,Y15-74,2024M10G31,2022-08-01,7.720341,,,,,,,,,,,,
IT1:151_874(1.0),M,IT,UNEM_R,N,9,Y15-74,2024M12G2,2022-08-01,7.720341,,,,,,,,,,,,
IT1:151_874(1.0),M,IT,UNEM_R,N,9,Y15-74,2024M1G31,2022-08-01,7.720341,,,,,,,,,,,,
IT1:151_874(1.0),M,IT,UNEM_R,N,9,Y15-74,2024M1G9,2022-08-01,7.720341,,,,,,,,,,,,
IT1:151_874(1.0),M,IT,UNEM_R,N,9,Y15-74,2024M3G1,2022-08-01,7.720341,,,,,,,,,,,,
IT1:151_874(1.0),M,IT,UNEM_R,N,9,Y15-74,2024M4G3,2022-08-01,7.720341,,,,,,,,,,,,
IT1:151_874(1.0),M,IT,UNEM_R,N,9,Y15-74,2024M5G3,2022-08-01,7.720341,,,,,,,,,,,,
IT1:151_874(1.0),M,IT,UNEM_R,N,9,Y15-74,2024M5G30,2022-08-01,7.720341,,,,,,,,,,,,
IT1:151_874(1.0),M,IT,UNEM_R,N,9,Y15-74,2024M7G2,2022-08-01,7.720341,,,,,,,,,,,,
IT1:151_874(1.0),M,IT,UNEM_R,N,9,Y15-74,2024M8G1,2022-08-01,7.720341,,,,,,,,,,,,
IT1:151_874(1.0),M,IT,UNEM_R,N,9,Y15-74,2024M8G30,2022-08-01,7.720341,,,,,,,,,,,,
IT1:151_874(1.0),M,IT,UNEM_R,N,9,Y15-74,2025M10G2,2022-08-01,7.720341,,,,,,,,,,,,
IT1:151_874(1.0),M,IT,UNEM_R,N,9,Y15-74,2025M10G30,2022-08-01,7.720341,,,,,,,,,,,,
IT1:151_874(1.0),M,IT,UNEM_R,N,9,Y15-74,2025M12G2,2022-08-01,7.720341,,,,,,,,,,,,
IT1:151_874(1.0),M,IT,UNEM_R,N,9,Y15-74,2025M1G30,2022-08-01,7.720341,,,,,,,,,,,,
IT1:151_874(1.0),M,IT,UNEM_R,N,9,Y15-74,2025M1G7,2022-08-01,7.720341,,,,,,,,,,,,
IT1:151_874(1.0),M,IT,UNEM_R,N,9,Y15-74,2025M3G4,2022-08-01,7.720341,,,,,,,,,,,,
IT1:151_874(1.0),M,IT,UNEM_R,N,9,Y15-74,2025M4G1,2022-08-01,7.720341,,,,,,,,,,,,
IT1:151_874(1.0),M,IT,UNEM_R,N,9,Y15-74,2025M5G2,2022-08-01,7.720341,,,,,,,,,,,,
IT1:151_874(1.0),M,IT,UNEM_R,N,9,Y15-74,2025M6G3,2022-08-01,7.720341,,,,,,,,,,,,
IT1:151_874(1.0),M,IT,UNEM_R,N,9,Y15-74,2025M7G2,2022-08-01,7.720341,,,,,,,,,,,,
IT1:151_874(1.0),M,IT,UNEM_R,N,9,Y15-74,2025M7G31,2022-08-01,7.720341,,,,,,,,,,,,
IT1:151_874(1.0),M,IT,UNEM_R,N,9,Y15-74,2025M9G1,2022-08-01,7.720341,,,,,,,,,,,,
IT1:151_874(1.0),M,IT,UNEM_R,N,9,Y15-74,2026M1G30,2022-08-01,7.720341,,,,,,,,,,,,
IT1:151_874(1.0),M,IT,UNEM_R,N,9,Y15-74,2026M1G8,2022-08-01,7.720341,,,,,,,,,,,,
IT1:151_874(1.0),M,IT,UNEM_R,N,9,Y15-74,2026M3G4,2022-08-01,7.720341,,,,,,,,,,,,
IT1:151_874(1.0),M,IT,UNEM_R,N,9,Y15-74,2026M4G1,2022-08-01,7.720341,,,,,,,,,,,,
IT1:151_874(1.0),M,IT,UNEM_R,N,9,Y15-74,2026M4G30,2022-08-01,7.720341,,,,,,,,,,,,
IT1:151_874(1.0),M,IT,UNEM_R,N,9,Y15-74,2022M11G3,2022-09-01,7.886943,p,,,,,,,,,,,
IT1:151_874(1.0),M,IT,UNEM_R,N,9,Y15-74,2022M12G1,2022-09-01,7.917104,,,,,,,,,,,,
IT1:151_874(1.0),M,IT,UNEM_R,N,9,Y15-74,2023M10G2,2022-09-01,7.917104,,,,,,,,,,,,
IT1:151_874(1.0),M,IT,UNEM_R,N,9,Y15-74,2023M11G3,2022-09-01,7.917104,,,,,,,,,,,,
IT1:151_874(1.0),M,IT,UNEM_R,N,9,Y15-74,2023M11G30,2022-09-01,7.917104,,,,,,,,,,,,
IT1:151_874(1.0),M,IT,UNEM_R,N,9,Y15-74,2023M1G31,2022-09-01,7.917104,,,,,,,,,,,,
IT1:151_874(1.0),M,IT,UNEM_R,N,9,Y15-74,2023M1G9,2022-09-01,7.917104,,,,,,,,,,,,
IT1:151_874(1.0),M,IT,UNEM_R,N,9,Y15-74,2023M3G2,2022-09-01,7.917104,,,,,,,,,,,,
IT1:151_874(1.0),M,IT,UNEM_R,N,9,Y15-74,2023M3G30,2022-09-01,7.917104,,,,,,,,,,,,
IT1:151_874(1.0),M,IT,UNEM_R,N,9,Y15-74,2023M5G3,2022-09-01,7.917104,,,,,,,,,,,,
IT1:151_874(1.0),M,IT,UNEM_R,N,9,Y15-74,2023M6G1,2022-09-01,7.917104,,,,,,,,,,,,
IT1:151_874(1.0),M,IT,UNEM_R,N,9,Y15-74,2023M6G30,2022-09-01,7.917104,,,,,,,,,,,,
IT1:151_874(1.0),M,IT,UNEM_R,N,9,Y15-74,2023M8G1,2022-09-01,7.917104,,,,,,,,,,,,
IT1:151_874(1.0),M,IT,UNEM_R,N,9,Y15-74,2023M8G31,2022-09-01,7.917104,,,,,,,,,,,,
IT1:151_874(1.0),M,IT,UNEM_R,N,9,Y15-74,2024M10G2,2022-09-01,7.917104,,,,,,,,,,,,
IT1:151_874(1.0),M,IT,UNEM_R,N,9,Y15-74,2024M10G31,2022-09-01,7.917104,,,,,,,,,,,,
IT1:151_874(1.0),M,IT,UNEM_R,N,9,Y15-74,2024M12G2,2022-09-01,7.917104,,,,,,,,,,,,
IT1:151_874(1.0),M,IT,UNEM_R,N,9,Y15-74,2024M1G31,2022-09-01,7.917104,,,,,,,,,,,,
IT1:151_874(1.0),M,IT,UNEM_R,N,9,Y15-74,2024M1G9,2022-09-01,7.917104,,,,,,,,,,,,
IT1:151_874(1.0),M,IT,UNEM_R,N,9,Y15-74,2024M3G1,2022-09-01,7.917104,,,,,,,,,,,,
IT1:151_874(1.0),M,IT,UNEM_R,N,9,Y15-74,2024M4G3,2022-09-01,7.917104,,,,,,,,,,,,
IT1:151_874(1.0),M,IT,UNEM_R,N,9,Y15-74,2024M5G3,2022-09-01,7.917104,,,,,,,,,,,,
IT1:151_874(1.0),M,IT,UNEM_R,N,9,Y15-74,2024M5G30,2022-09-01,7.917104,,,,,,,,,,,,
IT1:151_874(1.0),M,IT,UNEM_R,N,9,Y15-74,2024M7G2,2022-09-01,7.917104,,,,,,,,,,,,
IT1:151_874(1.0),M,IT,UNEM_R,N,9,Y15-74,2024M8G1,2022-09-01,7.917104,,,,,,,,,,,,
IT1:151_874(1.0),M,IT,UNEM_R,N,9,Y15-74,2024M8G30,2022-09-01,7.917104,,,,,,,,,,,,
IT1:151_874(1.0),M,IT,UNEM_R,N,9,Y15-74,2025M10G2,2022-09-01,7.917104,,,,,,,,,,,,
IT1:151_874(1.0),M,IT,UNEM_R,N,9,Y15-74,2025M10G30,2022-09-01,7.917104,,,,,,,,,,,,
IT1:151_874(1.0),M,IT,UNEM_R,N,9,Y15-74,2025M12G2,2022-09-01,7.917104,,,,,,,,,,,,
IT1:151_874(1.0),M,IT,UNEM_R,N,9,Y15-74,2025M1G30,2022-09-01,7.917104,,,,,,,,,,,,
IT1:151_874(1.0),M,IT,UNEM_R,N,9,Y15-74,2025M1G7,2022-09-01,7.917104,,,,,,,,,,,,
IT1:151_874(1.0),M,IT,UNEM_R,N,9,Y15-74,2025M3G4,2022-09-01,7.917104,,,,,,,,,,,,
IT1:151_874(1.0),M,IT,UNEM_R,N,9,Y15-74,2025M4G1,2022-09-01,7.917104,,,,,,,,,,,,
IT1:151_874(1.0),M,IT,UNEM_R,N,9,Y15-74,2025M5G2,2022-09-01,7.917104,,,,,,,,,,,,
IT1:151_874(1.0),M,IT,UNEM_R,N,9,Y15-74,2025M6G3,2022-09-01,7.917104,,,,,,,,,,,,
IT1:151_874(1.0),M,IT,UNEM_R,N,9,Y15-74,2025M7G2,2022-09-01,7.917104,,,,,,,,,,,,
IT1:151_874(1.0),M,IT,UNEM_R,N,9,Y15-74,2025M7G31,2022-09-01,7.917104,,,,,,,,,,,,
IT1:151_874(1.0),M,IT,UNEM_R,N,9,Y15-74,2025M9G1,2022-09-01,7.917104,,,,,,,,,,,,
IT1:151_874(1.0),M,IT,UNEM_R,N,9,Y15-74,2026M1G30,2022-09-01,7.917104,,,,,,,,,,,,
IT1:151_874(1.0),M,IT,UNEM_R,N,9,Y15-74,2026M1G8,2022-09-01,7.917104,,,,,,,,,,,,
IT1:151_874(1.0),M,IT,UNEM_R,N,9,Y15-74,2026M3G4,2022-09-01,7.917104,,,,,,,,,,,,
IT1:151_874(1.0),M,IT,UNEM_R,N,9,Y15-74,2026M4G1,2022-09-01,7.917104,,,,,,,,,,,,
IT1:151_874(1.0),M,IT,UNEM_R,N,9,Y15-74,2026M4G30,2022-09-01,7.917104,,,,,,,,,,,,
IT1:151_874(1.0),M,IT,UNEM_R,N,9,Y15-74,2022M12G1,2022-10-01,8.145921,p,,,,,,,,,,,
IT1:151_874(1.0),M,IT,UNEM_R,N,9,Y15-74,2023M10G2,2022-10-01,8.109231,,,,,,,,,,,,
IT1:151_874(1.0),M,IT,UNEM_R,N,9,Y15-74,2023M11G3,2022-10-01,8.109231,,,,,,,,,,,,
IT1:151_874(1.0),M,IT,UNEM_R,N,9,Y15-74,2023M11G30,2022-10-01,8.109231,,,,,,,,,,,,
IT1:151_874(1.0),M,IT,UNEM_R,N,9,Y15-74,2023M1G31,2022-10-01,8.145921,p,,,,,,,,,,,
IT1:151_874(1.0),M,IT,UNEM_R,N,9,Y15-74,2023M1G9,2022-10-01,8.145921,p,,,,,,,,,,,
IT1:151_874(1.0),M,IT,UNEM_R,N,9,Y15-74,2023M3G2,2022-10-01,8.109231,,,,,,,,,,,,
IT1:151_874(1.0),M,IT,UNEM_R,N,9,Y15-74,2023M3G30,2022-10-01,8.109231,,,,,,,,,,,,
IT1:151_874(1.0),M,IT,UNEM_R,N,9,Y15-74,2023M5G3,2022-10-01,8.109231,,,,,,,,,,,,
IT1:151_874(1.0),M,IT,UNEM_R,N,9,Y15-74,2023M6G1,2022-10-01,8.109231,,,,,,,,,,,,
IT1:151_874(1.0),M,IT,UNEM_R,N,9,Y15-74,2023M6G30,2022-10-01,8.109231,,,,,,,,,,,,
IT1:151_874(1.0),M,IT,UNEM_R,N,9,Y15-74,2023M8G1,2022-10-01,8.109231,,,,,,,,,,,,
IT1:151_874(1.0),M,IT,UNEM_R,N,9,Y15-74,2023M8G31,2022-10-01,8.109231,,,,,,,,,,,,
IT1:151_874(1.0),M,IT,UNEM_R,N,9,Y15-74,2024M10G2,2022-10-01,8.109231,,,,,,,,,,,,
IT1:151_874(1.0),M,IT,UNEM_R,N,9,Y15-74,2024M10G31,2022-10-01,8.109231,,,,,,,,,,,,
IT1:151_874(1.0),M,IT,UNEM_R,N,9,Y15-74,2024M12G2,2022-10-01,8.109231,,,,,,,,,,,,
IT1:151_874(1.0),M,IT,UNEM_R,N,9,Y15-74,2024M1G31,2022-10-01,8.109231,,,,,,,,,,,,
IT1:151_874(1.0),M,IT,UNEM_R,N,9,Y15-74,2024M1G9,2022-10-01,8.109231,,,,,,,,,,,,
IT1:151_874(1.0),M,IT,UNEM_R,N,9,Y15-74,2024M3G1,2022-10-01,8.109231,,,,,,,,,,,,
IT1:151_874(1.0),M,IT,UNEM_R,N,9,Y15-74,2024M4G3,2022-10-01,8.109231,,,,,,,,,,,,
IT1:151_874(1.0),M,IT,UNEM_R,N,9,Y15-74,2024M5G3,2022-10-01,8.109231,,,,,,,,,,,,
IT1:151_874(1.0),M,IT,UNEM_R,N,9,Y15-74,2024M5G30,2022-10-01,8.109231,,,,,,,,,,,,
IT1:151_874(1.0),M,IT,UNEM_R,N,9,Y15-74,2024M7G2,2022-10-01,8.109231,,,,,,,,,,,,
IT1:151_874(1.0),M,IT,UNEM_R,N,9,Y15-74,2024M8G1,2022-10-01,8.109231,,,,,,,,,,,,
IT1:151_874(1.0),M,IT,UNEM_R,N,9,Y15-74,2024M8G30,2022-10-01,8.109231,,,,,,,,,,,,
IT1:151_874(1.0),M,IT,UNEM_R,N,9,Y15-74,2025M10G2,2022-10-01,8.109231,,,,,,,,,,,,
IT1:151_874(1.0),M,IT,UNEM_R,N,9,Y15-74,2025M10G30,2022-10-01,8.109231,,,,,,,,,,,,
IT1:151_874(1.0),M,IT,UNEM_R,N,9,Y15-74,2025M12G2,2022-10-01,8.109231,,,,,,,,,,,,
IT1:151_874(1.0),M,IT,UNEM_R,N,9,Y15-74,2025M1G30,2022-10-01,8.109231,,,,,,,,,,,,
IT1:151_874(1.0),M,IT,UNEM_R,N,9,Y15-74,2025M1G7,2022-10-01,8.109231,,,,,,,,,,,,
IT1:151_874(1.0),M,IT,UNEM_R,N,9,Y15-74,2025M3G4,2022-10-01,8.109231,,,,,,,,,,,,
IT1:151_874(1.0),M,IT,UNEM_R,N,9,Y15-74,2025M4G1,2022-10-01,8.109231,,,,,,,,,,,,
IT1:151_874(1.0),M,IT,UNEM_R,N,9,Y15-74,2025M5G2,2022-10-01,8.109231,,,,,,,,,,,,
IT1:151_874(1.0),M,IT,UNEM_R,N,9,Y15-74,2025M6G3,2022-10-01,8.109231,,,,,,,,,,,,
IT1:151_874(1.0),M,IT,UNEM_R,N,9,Y15-74,2025M7G2,2022-10-01,8.109231,,,,,,,,,,,,
IT1:151_874(1.0),M,IT,UNEM_R,N,9,Y15-74,2025M7G31,2022-10-01,8.109231,,,,,,,,,,,,
IT1:151_874(1.0),M,IT,UNEM_R,N,9,Y15-74,2025M9G1,2022-10-01,8.109231,,,,,,,,,,,,
IT1:151_874(1.0),M,IT,UNEM_R,N,9,Y15-74,2026M1G30,2022-10-01,8.109231,,,,,,,,,,,,
IT1:151_874(1.0),M,IT,UNEM_R,N,9,Y15-74,2026M1G8,2022-10-01,8.109231,,,,,,,,,,,,
IT1:151_874(1.0),M,IT,UNEM_R,N,9,Y15-74,2026M3G4,2022-10-01,8.109231,,,,,,,,,,,,
IT1:151_874(1.0),M,IT,UNEM_R,N,9,Y15-74,2026M4G1,2022-10-01,8.109231,,,,,,,,,,,,
IT1:151_874(1.0),M,IT,UNEM_R,N,9,Y15-74,2026M4G30,2022-10-01,8.109231,,,,,,,,,,,,
IT1:151_874(1.0),M,IT,UNEM_R,N,9,Y15-74,2023M10G2,2022-11-01,7.802368,,,,,,,,,,,,
IT1:151_874(1.0),M,IT,UNEM_R,N,9,Y15-74,2023M11G3,2022-11-01,7.802368,,,,,,,,,,,,
IT1:151_874(1.0),M,IT,UNEM_R,N,9,Y15-74,2023M11G30,2022-11-01,7.802368,,,,,,,,,,,,
IT1:151_874(1.0),M,IT,UNEM_R,N,9,Y15-74,2023M1G31,2022-11-01,7.807639,p,,,,,,,,,,,
IT1:151_874(1.0),M,IT,UNEM_R,N,9,Y15-74,2023M1G9,2022-11-01,7.807639,p,,,,,,,,,,,
IT1:151_874(1.0),M,IT,UNEM_R,N,9,Y15-74,2023M3G2,2022-11-01,7.802368,,,,,,,,,,,,
IT1:151_874(1.0),M,IT,UNEM_R,N,9,Y15-74,2023M3G30,2022-11-01,7.802368,,,,,,,,,,,,
IT1:151_874(1.0),M,IT,UNEM_R,N,9,Y15-74,2023M5G3,2022-11-01,7.802368,,,,,,,,,,,,
IT1:151_874(1.0),M,IT,UNEM_R,N,9,Y15-74,2023M6G1,2022-11-01,7.802368,,,,,,,,,,,,
IT1:151_874(1.0),M,IT,UNEM_R,N,9,Y15-74,2023M6G30,2022-11-01,7.802368,,,,,,,,,,,,
IT1:151_874(1.0),M,IT,UNEM_R,N,9,Y15-74,2023M8G1,2022-11-01,7.802368,,,,,,,,,,,,
IT1:151_874(1.0),M,IT,UNEM_R,N,9,Y15-74,2023M8G31,2022-11-01,7.802368,,,,,,,,,,,,
IT1:151_874(1.0),M,IT,UNEM_R,N,9,Y15-74,2024M10G2,2022-11-01,7.802368,,,,,,,,,,,,
IT1:151_874(1.0),M,IT,UNEM_R,N,9,Y15-74,2024M10G31,2022-11-01,7.802368,,,,,,,,,,,,
IT1:151_874(1.0),M,IT,UNEM_R,N,9,Y15-74,2024M12G2,2022-11-01,7.802368,,,,,,,,,,,,
IT1:151_874(1.0),M,IT,UNEM_R,N,9,Y15-74,2024M1G31,2022-11-01,7.802368,,,,,,,,,,,,
IT1:151_874(1.0),M,IT,UNEM_R,N,9,Y15-74,2024M1G9,2022-11-01,7.802368,,,,,,,,,,,,
IT1:151_874(1.0),M,IT,UNEM_R,N,9,Y15-74,2024M3G1,2022-11-01,7.802368,,,,,,,,,,,,
IT1:151_874(1.0),M,IT,UNEM_R,N,9,Y15-74,2024M4G3,2022-11-01,7.802368,,,,,,,,,,,,
IT1:151_874(1.0),M,IT,UNEM_R,N,9,Y15-74,2024M5G3,2022-11-01,7.802368,,,,,,,,,,,,
IT1:151_874(1.0),M,IT,UNEM_R,N,9,Y15-74,2024M5G30,2022-11-01,7.802368,,,,,,,,,,,,
IT1:151_874(1.0),M,IT,UNEM_R,N,9,Y15-74,2024M7G2,2022-11-01,7.802368,,,,,,,,,,,,
IT1:151_874(1.0),M,IT,UNEM_R,N,9,Y15-74,2024M8G1,2022-11-01,7.802368,,,,,,,,,,,,
IT1:151_874(1.0),M,IT,UNEM_R,N,9,Y15-74,2024M8G30,2022-11-01,7.802368,,,,,,,,,,,,
IT1:151_874(1.0),M,IT,UNEM_R,N,9,Y15-74,2025M10G2,2022-11-01,7.802368,,,,,,,,,,,,
IT1:151_874(1.0),M,IT,UNEM_R,N,9,Y15-74,2025M10G30,2022-11-01,7.802368,,,,,,,,,,,,
IT1:151_874(1.0),M,IT,UNEM_R,N,9,Y15-74,2025M12G2,2022-11-01,7.802368,,,,,,,,,,,,
IT1:151_874(1.0),M,IT,UNEM_R,N,9,Y15-74,2025M1G30,2022-11-01,7.802368,,,,,,,,,,,,
IT1:151_874(1.0),M,IT,UNEM_R,N,9,Y15-74,2025M1G7,2022-11-01,7.802368,,,,,,,,,,,,
IT1:151_874(1.0),M,IT,UNEM_R,N,9,Y15-74,2025M3G4,2022-11-01,7.802368,,,,,,,,,,,,
IT1:151_874(1.0),M,IT,UNEM_R,N,9,Y15-74,2025M4G1,2022-11-01,7.802368,,,,,,,,,,,,
IT1:151_874(1.0),M,IT,UNEM_R,N,9,Y15-74,2025M5G2,2022-11-01,7.802368,,,,,,,,,,,,
IT1:151_874(1.0),M,IT,UNEM_R,N,9,Y15-74,2025M6G3,2022-11-01,7.802368,,,,,,,,,,,,
IT1:151_874(1.0),M,IT,UNEM_R,N,9,Y15-74,2025M7G2,2022-11-01,7.802368,,,,,,,,,,,,
IT1:151_874(1.0),M,IT,UNEM_R,N,9,Y15-74,2025M7G31,2022-11-01,7.802368,,,,,,,,,,,,
IT1:151_874(1.0),M,IT,UNEM_R,N,9,Y15-74,2025M9G1,2022-11-01,7.802368,,,,,,,,,,,,
IT1:151_874(1.0),M,IT,UNEM_R,N,9,Y15-74,2026M1G30,2022-11-01,7.802368,,,,,,,,,,,,
IT1:151_874(1.0),M,IT,UNEM_R,N,9,Y15-74,2026M1G8,2022-11-01,7.802368,,,,,,,,,,,,
IT1:151_874(1.0),M,IT,UNEM_R,N,9,Y15-74,2026M3G4,2022-11-01,7.802368,,,,,,,,,,,,
IT1:151_874(1.0),M,IT,UNEM_R,N,9,Y15-74,2026M4G1,2022-11-01,7.802368,,,,,,,,,,,,
IT1:151_874(1.0),M,IT,UNEM_R,N,9,Y15-74,2026M4G30,2022-11-01,7.802368,,,,,,,,,,,,
IT1:151_874(1.0),M,IT,UNEM_R,N,9,Y15-74,2023M10G2,2022-12-01,7.934666,,,,,,,,,,,,
IT1:151_874(1.0),M,IT,UNEM_R,N,9,Y15-74,2023M11G3,2022-12-01,7.934666,,,,,,,,,,,,
IT1:151_874(1.0),M,IT,UNEM_R,N,9,Y15-74,2023M11G30,2022-12-01,7.934666,,,,,,,,,,,,
IT1:151_874(1.0),M,IT,UNEM_R,N,9,Y15-74,2023M1G31,2022-12-01,7.986508,p,,,,,,,,,,,
IT1:151_874(1.0),M,IT,UNEM_R,N,9,Y15-74,2023M3G2,2022-12-01,7.934666,,,,,,,,,,,,
IT1:151_874(1.0),M,IT,UNEM_R,N,9,Y15-74,2023M3G30,2022-12-01,7.934666,,,,,,,,,,,,
IT1:151_874(1.0),M,IT,UNEM_R,N,9,Y15-74,2023M5G3,2022-12-01,7.934666,,,,,,,,,,,,
IT1:151_874(1.0),M,IT,UNEM_R,N,9,Y15-74,2023M6G1,2022-12-01,7.934666,,,,,,,,,,,,
IT1:151_874(1.0),M,IT,UNEM_R,N,9,Y15-74,2023M6G30,2022-12-01,7.934666,,,,,,,,,,,,
IT1:151_874(1.0),M,IT,UNEM_R,N,9,Y15-74,2023M8G1,2022-12-01,7.934666,,,,,,,,,,,,
IT1:151_874(1.0),M,IT,UNEM_R,N,9,Y15-74,2023M8G31,2022-12-01,7.934666,,,,,,,,,,,,
IT1:151_874(1.0),M,IT,UNEM_R,N,9,Y15-74,2024M10G2,2022-12-01,7.934666,,,,,,,,,,,,
IT1:151_874(1.0),M,IT,UNEM_R,N,9,Y15-74,2024M10G31,2022-12-01,7.934666,,,,,,,,,,,,
IT1:151_874(1.0),M,IT,UNEM_R,N,9,Y15-74,2024M12G2,2022-12-01,7.934666,,,,,,,,,,,,
IT1:151_874(1.0),M,IT,UNEM_R,N,9,Y15-74,2024M1G31,2022-12-01,7.934666,,,,,,,,,,,,
IT1:151_874(1.0),M,IT,UNEM_R,N,9,Y15-74,2024M1G9,2022-12-01,7.934666,,,,,,,,,,,,
IT1:151_874(1.0),M,IT,UNEM_R,N,9,Y15-74,2024M3G1,2022-12-01,7.934666,,,,,,,,,,,,
IT1:151_874(1.0),M,IT,UNEM_R,N,9,Y15-74,2024M4G3,2022-12-01,7.934666,,,,,,,,,,,,
IT1:151_874(1.0),M,IT,UNEM_R,N,9,Y15-74,2024M5G3,2022-12-01,7.934666,,,,,,,,,,,,
IT1:151_874(1.0),M,IT,UNEM_R,N,9,Y15-74,2024M5G30,2022-12-01,7.934666,,,,,,,,,,,,
IT1:151_874(1.0),M,IT,UNEM_R,N,9,Y15-74,2024M7G2,2022-12-01,7.934666,,,,,,,,,,,,
IT1:151_874(1.0),M,IT,UNEM_R,N,9,Y15-74,2024M8G1,2022-12-01,7.934666,,,,,,,,,,,,
IT1:151_874(1.0),M,IT,UNEM_R,N,9,Y15-74,2024M8G30,2022-12-01,7.934666,,,,,,,,,,,,
IT1:151_874(1.0),M,IT,UNEM_R,N,9,Y15-74,2025M10G2,2022-12-01,7.934666,,,,,,,,,,,,
IT1:151_874(1.0),M,IT,UNEM_R,N,9,Y15-74,2025M10G30,2022-12-01,7.934666,,,,,,,,,,,,
IT1:151_874(1.0),M,IT,UNEM_R,N,9,Y15-74,2025M12G2,2022-12-01,7.934666,,,,,,,,,,,,
IT1:151_874(1.0),M,IT,UNEM_R,N,9,Y15-74,2025M1G30,2022-12-01,7.934666,,,,,,,,,,,,
IT1:151_874(1.0),M,IT,UNEM_R,N,9,Y15-74,2025M1G7,2022-12-01,7.934666,,,,,,,,,,,,
IT1:151_874(1.0),M,IT,UNEM_R,N,9,Y15-74,2025M3G4,2022-12-01,7.934666,,,,,,,,,,,,
IT1:151_874(1.0),M,IT,UNEM_R,N,9,Y15-74,2025M4G1,2022-12-01,7.934666,,,,,,,,,,,,
IT1:151_874(1.0),M,IT,UNEM_R,N,9,Y15-74,2025M5G2,2022-12-01,7.934666,,,,,,,,,,,,
IT1:151_874(1.0),M,IT,UNEM_R,N,9,Y15-74,2025M6G3,2022-12-01,7.934666,,,,,,,,,,,,
IT1:151_874(1.0),M,IT,UNEM_R,N,9,Y15-74,2025M7G2,2022-12-01,7.934666,,,,,,,,,,,,
IT1:151_874(1.0),M,IT,UNEM_R,N,9,Y15-74,2025M7G31,2022-12-01,7.934666,,,,,,,,,,,,
IT1:151_874(1.0),M,IT,UNEM_R,N,9,Y15-74,2025M9G1,2022-12-01,7.934666,,,,,,,,,,,,
IT1:151_874(1.0),M,IT,UNEM_R,N,9,Y15-74,2026M1G30,2022-12-01,7.934666,,,,,,,,,,,,
IT1:151_874(1.0),M,IT,UNEM_R,N,9,Y15-74,2026M1G8,2022-12-01,7.934666,,,,,,,,,,,,
IT1:151_874(1.0),M,IT,UNEM_R,N,9,Y15-74,2026M3G4,2022-12-01,7.934666,,,,,,,,,,,,
IT1:151_874(1.0),M,IT,UNEM_R,N,9,Y15-74,2026M4G1,2022-12-01,7.934666,,,,,,,,,,,,
IT1:151_874(1.0),M,IT,UNEM_R,N,9,Y15-74,2026M4G30,2022-12-01,7.934666,,,,,,,,,,,,
