DATAFLOW,LAST UPDATE,freq,unit,sector,cofog99,na_item,geo,TIME_PERIOD,OBS_VALUE,OBS_FLAG,CONF_STATUS
ESTAT:GOV_10A_EXP(1.0),27/04/26 11:00:00,A,PC_GDP,S13,GF03,TE,AT,2010-01-01,1.4,,
ESTAT:GOV_10A_EXP(1.0),27/04/26 11:00:00,A,PC_GDP,S13,GF03,TE,BE,2010-01-01,1.8,,
ESTAT:GOV_10A_EXP(1.0),27/04/26 11:00:00,A,PC_GDP,S13,GF03,TE,BG,2010-01-01,2.5,,
ESTAT:GOV_10A_EXP(1.0),27/04/26 11:00:00,A,PC_GDP,S13,GF03,TE,CH,2010-01-01,1.5,,
ESTAT:GOV_10A_EXP(1.0),27/04/26 11:00:00,A,PC_GDP,S13,GF03,TE,CY,2010-01-01,2.2,,
ESTAT:GOV_10A_EXP(1.0),27/04/26 11:00:00,A,PC_GDP,S13,GF03,TE,CZ,2010-01-01,1.9,,
ESTAT:GOV_10A_EXP(1.0),27/04/26 11:00:00,A,PC_GDP,S13,GF03,TE,DE,2010-01-01,1.5,,
ESTAT:GOV_10A_EXP(1.0),27/04/26 11:00:00,A,PC_GDP,S13,GF03,TE,DK,2010-01-01,1.0,,
ESTAT:GOV_10A_EXP(1.0),27/04/26 11:00:00,A,PC_GDP,S13,GF03,TE,EA19,2010-01-01,1.8,,
ESTAT:GOV_10A_EXP(1.0),27/04/26 11:00:00,A,PC_GDP,S13,GF03,TE,EA20,2010-01-01,1.8,,
ESTAT:GOV_10A_EXP(1.0),27/04/26 11:00:00,A,PC_GDP,S13,GF03,TE,EA21,2010-01-01,1.8,,
ESTAT:GOV_10A_EXP(1.0),27/04/26 11:00:00,A,PC_GDP,S13,GF03,TE,EE,2010-01-01,2.2,,
ESTAT:GOV_10A_EXP(1.0),27/04/26 11:00:00,A,PC_GDP,S13,GF03,TE,EL,2010-01-01,1.8,,
ESTAT:GOV_10A_EXP(1.0),27/04/26 11:00:00,A,PC_GDP,S13,GF03,TE,ES,2010-01-01,2.2,,
ESTAT:GOV_10A_EXP(1.0),27/04/26 11:00:00,A,PC_GDP,S13,GF03,TE,EU27_2020,2010-01-01,1.8,,
ESTAT:GOV_10A_EXP(1.0),27/04/26 11:00:00,A,PC_GDP,S13,GF03,TE,FI,2010-01-01,1.5,,
ESTAT:GOV_10A_EXP(1.0),27/04/26 11:00:00,A,PC_GDP,S13,GF03,TE,FR,2010-01-01,1.7,,
ESTAT:GOV_10A_EXP(1.0),27/04/26 11:00:00,A,PC_GDP,S13,GF03,TE,HR,2010-01-01,2.3,,
ESTAT:GOV_10A_EXP(1.0),27/04/26 11:00:00,A,PC_GDP,S13,GF03,TE,HU,2010-01-01,1.8,,
ESTAT:GOV_10A_EXP(1.0),27/04/26 11:00:00,A,PC_GDP,S13,GF03,TE,IE,2010-01-01,1.7,,
ESTAT:GOV_10A_EXP(1.0),27/04/26 11:00:00,A,PC_GDP,S13,GF03,TE,IS,2010-01-01,1.2,,
ESTAT:GOV_10A_EXP(1.0),27/04/26 11:00:00,A,PC_GDP,S13,GF03,TE,IT,2010-01-01,1.9,,
ESTAT:GOV_10A_EXP(1.0),27/04/26 11:00:00,A,PC_GDP,S13,GF03,TE,LT,2010-01-01,1.9,,
ESTAT:GOV_10A_EXP(1.0),27/04/26 11:00:00,A,PC_GDP,S13,GF03,TE,LU,2010-01-01,1.0,,
ESTAT:GOV_10A_EXP(1.0),27/04/26 11:00:00,A,PC_GDP,S13,GF03,TE,LV,2010-01-01,2.0,,
ESTAT:GOV_10A_EXP(1.0),27/04/26 11:00:00,A,PC_GDP,S13,GF03,TE,MT,2010-01-01,1.3,,
ESTAT:GOV_10A_EXP(1.0),27/04/26 11:00:00,A,PC_GDP,S13,GF03,TE,NL,2010-01-01,1.9,,
ESTAT:GOV_10A_EXP(1.0),27/04/26 11:00:00,A,PC_GDP,S13,GF03,TE,NO,2010-01-01,0.9,,
ESTAT:GOV_10A_EXP(1.0),27/04/26 11:00:00,A,PC_GDP,S13,GF03,TE,PL,2010-01-01,2.4,,
ESTAT:GOV_10A_EXP(1.0),27/04/26 11:00:00,A,PC_GDP,S13,GF03,TE,PT,2010-01-01,2.0,,
ESTAT:GOV_10A_EXP(1.0),27/04/26 11:00:00,A,PC_GDP,S13,GF03,TE,RO,2010-01-01,2.3,,
ESTAT:GOV_10A_EXP(1.0),27/04/26 11:00:00,A,PC_GDP,S13,GF03,TE,SE,2010-01-01,1.3,,
ESTAT:GOV_10A_EXP(1.0),27/04/26 11:00:00,A,PC_GDP,S13,GF03,TE,SI,2010-01-01,1.9,,
ESTAT:GOV_10A_EXP(1.0),27/04/26 11:00:00,A,PC_GDP,S13,GF03,TE,SK,2010-01-01,2.6,p,
ESTAT:GOV_10A_EXP(1.0),27/04/26 11:00:00,A,PC_GDP,S13,GF0301,TE,AT,2010-01-01,0.7,,
ESTAT:GOV_10A_EXP(1.0),27/04/26 11:00:00,A,PC_GDP,S13,GF0301,TE,BE,2010-01-01,1.1,,
ESTAT:GOV_10A_EXP(1.0),27/04/26 11:00:00,A,PC_GDP,S13,GF0301,TE,BG,2010-01-01,1.3,,
ESTAT:GOV_10A_EXP(1.0),27/04/26 11:00:00,A,PC_GDP,S13,GF0301,TE,CH,2010-01-01,0.7,,
ESTAT:GOV_10A_EXP(1.0),27/04/26 11:00:00,A,PC_GDP,S13,GF0301,TE,CY,2010-01-01,1.7,,
ESTAT:GOV_10A_EXP(1.0),27/04/26 11:00:00,A,PC_GDP,S13,GF0301,TE,CZ,2010-01-01,1.0,,
ESTAT:GOV_10A_EXP(1.0),27/04/26 11:00:00,A,PC_GDP,S13,GF0301,TE,DE,2010-01-01,0.7,,
ESTAT:GOV_10A_EXP(1.0),27/04/26 11:00:00,A,PC_GDP,S13,GF0301,TE,DK,2010-01-01,0.6,,
ESTAT:GOV_10A_EXP(1.0),27/04/26 11:00:00,A,PC_GDP,S13,GF0301,TE,EA19,2010-01-01,1.0,,
ESTAT:GOV_10A_EXP(1.0),27/04/26 11:00:00,A,PC_GDP,S13,GF0301,TE,EA20,2010-01-01,1.0,,
ESTAT:GOV_10A_EXP(1.0),27/04/26 11:00:00,A,PC_GDP,S13,GF0301,TE,EA21,2010-01-01,1.0,,
ESTAT:GOV_10A_EXP(1.0),27/04/26 11:00:00,A,PC_GDP,S13,GF0301,TE,EE,2010-01-01,1.2,,
ESTAT:GOV_10A_EXP(1.0),27/04/26 11:00:00,A,PC_GDP,S13,GF0301,TE,EL,2010-01-01,1.2,,
ESTAT:GOV_10A_EXP(1.0),27/04/26 11:00:00,A,PC_GDP,S13,GF0301,TE,ES,2010-01-01,1.4,,
ESTAT:GOV_10A_EXP(1.0),27/04/26 11:00:00,A,PC_GDP,S13,GF0301,TE,EU27_2020,2010-01-01,1.0,,
ESTAT:GOV_10A_EXP(1.0),27/04/26 11:00:00,A,PC_GDP,S13,GF0301,TE,FI,2010-01-01,0.6,,
ESTAT:GOV_10A_EXP(1.0),27/04/26 11:00:00,A,PC_GDP,S13,GF0301,TE,FR,2010-01-01,1.0,,
ESTAT:GOV_10A_EXP(1.0),27/04/26 11:00:00,A,PC_GDP,S13,GF0301,TE,HR,2010-01-01,1.2,,
ESTAT:GOV_10A_EXP(1.0),27/04/26 11:00:00,A,PC_GDP,S13,GF0301,TE,HU,2010-01-01,1.1,,
ESTAT:GOV_10A_EXP(1.0),27/04/26 11:00:00,A,PC_GDP,S13,GF0301,TE,IE,2010-01-01,1.0,,
ESTAT:GOV_10A_EXP(1.0),27/04/26 11:00:00,A,PC_GDP,S13,GF0301,TE,IS,2010-01-01,0.6,,
ESTAT:GOV_10A_EXP(1.0),27/04/26 11:00:00,A,PC_GDP,S13,GF0301,TE,IT,2010-01-01,1.2,,
ESTAT:GOV_10A_EXP(1.0),27/04/26 11:00:00,A,PC_GDP,S13,GF0301,TE,LT,2010-01-01,0.7,,
ESTAT:GOV_10A_EXP(1.0),27/04/26 11:00:00,A,PC_GDP,S13,GF0301,TE,LU,2010-01-01,0.5,,
ESTAT:GOV_10A_EXP(1.0),27/04/26 11:00:00,A,PC_GDP,S13,GF0301,TE,LV,2010-01-01,1.1,,
ESTAT:GOV_10A_EXP(1.0),27/04/26 11:00:00,A,PC_GDP,S13,GF0301,TE,MT,2010-01-01,0.8,,
ESTAT:GOV_10A_EXP(1.0),27/04/26 11:00:00,A,PC_GDP,S13,GF0301,TE,NL,2010-01-01,0.8,,
ESTAT:GOV_10A_EXP(1.0),27/04/26 11:00:00,A,PC_GDP,S13,GF0301,TE,NO,2010-01-01,0.5,,
ESTAT:GOV_10A_EXP(1.0),27/04/26 11:00:00,A,PC_GDP,S13,GF0301,TE,PL,2010-01-01,1.3,,
ESTAT:GOV_10A_EXP(1.0),27/04/26 11:00:00,A,PC_GDP,S13,GF0301,TE,PT,2010-01-01,1.1,,
ESTAT:GOV_10A_EXP(1.0),27/04/26 11:00:00,A,PC_GDP,S13,GF0301,TE,RO,2010-01-01,1.3,,
ESTAT:GOV_10A_EXP(1.0),27/04/26 11:00:00,A,PC_GDP,S13,GF0301,TE,SE,2010-01-01,0.6,,
ESTAT:GOV_10A_EXP(1.0),27/04/26 11:00:00,A,PC_GDP,S13,GF0301,TE,SI,2010-01-01,0.9,,
ESTAT:GOV_10A_EXP(1.0),27/04/26 11:00:00,A,PC_GDP,S13,GF0301,TE,SK,2010-01-01,1.2,p,
ESTAT:GOV_10A_EXP(1.0),27/04/26 11:00:00,A,PC_GDP,S13,GF0303,TE,AT,2010-01-01,0.3,,
ESTAT:GOV_10A_EXP(1.0),27/04/26 11:00:00,A,PC_GDP,S13,GF0303,TE,BE,2010-01-01,0.3,,
ESTAT:GOV_10A_EXP(1.0),27/04/26 11:00:00,A,PC_GDP,S13,GF0303,TE,BG,2010-01-01,0.5,,
ESTAT:GOV_10A_EXP(1.0),27/04/26 11:00:00,A,PC_GDP,S13,GF0303,TE,CH,2010-01-01,0.2,,
ESTAT:GOV_10A_EXP(1.0),27/04/26 11:00:00,A,PC_GDP,S13,GF0303,TE,CY,2010-01-01,0.1,,
ESTAT:GOV_10A_EXP(1.0),27/04/26 11:00:00,A,PC_GDP,S13,GF0303,TE,CZ,2010-01-01,0.3,,
ESTAT:GOV_10A_EXP(1.0),27/04/26 11:00:00,A,PC_GDP,S13,GF0303,TE,DE,2010-01-01,0.4,,
ESTAT:GOV_10A_EXP(1.0),27/04/26 11:00:00,A,PC_GDP,S13,GF0303,TE,DK,2010-01-01,0.2,,
ESTAT:GOV_10A_EXP(1.0),27/04/26 11:00:00,A,PC_GDP,S13,GF0303,TE,EA19,2010-01-01,0.3,,
ESTAT:GOV_10A_EXP(1.0),27/04/26 11:00:00,A,PC_GDP,S13,GF0303,TE,EA20,2010-01-01,0.3,,
ESTAT:GOV_10A_EXP(1.0),27/04/26 11:00:00,A,PC_GDP,S13,GF0303,TE,EA21,2010-01-01,0.3,,
ESTAT:GOV_10A_EXP(1.0),27/04/26 11:00:00,A,PC_GDP,S13,GF0303,TE,EE,2010-01-01,0.3,,
ESTAT:GOV_10A_EXP(1.0),27/04/26 11:00:00,A,PC_GDP,S13,GF0303,TE,EL,2010-01-01,0.3,,
ESTAT:GOV_10A_EXP(1.0),27/04/26 11:00:00,A,PC_GDP,S13,GF0303,TE,ES,2010-01-01,0.4,,
ESTAT:GOV_10A_EXP(1.0),27/04/26 11:00:00,A,PC_GDP,S13,GF0303,TE,EU27_2020,2010-01-01,0.3,,
ESTAT:GOV_10A_EXP(1.0),27/04/26 11:00:00,A,PC_GDP,S13,GF0303,TE,FI,2010-01-01,0.3,,
ESTAT:GOV_10A_EXP(1.0),27/04/26 11:00:00,A,PC_GDP,S13,GF0303,TE,FR,2010-01-01,0.3,,
ESTAT:GOV_10A_EXP(1.0),27/04/26 11:00:00,A,PC_GDP,S13,GF0303,TE,HR,2010-01-01,0.5,,
ESTAT:GOV_10A_EXP(1.0),27/04/26 11:00:00,A,PC_GDP,S13,GF0303,TE,HU,2010-01-01,0.4,,
ESTAT:GOV_10A_EXP(1.0),27/04/26 11:00:00,A,PC_GDP,S13,GF0303,TE,IE,2010-01-01,0.3,,
ESTAT:GOV_10A_EXP(1.0),27/04/26 11:00:00,A,PC_GDP,S13,GF0303,TE,IS,2010-01-01,0.2,,
ESTAT:GOV_10A_EXP(1.0),27/04/26 11:00:00,A,PC_GDP,S13,GF0303,TE,IT,2010-01-01,0.3,,
ESTAT:GOV_10A_EXP(1.0),27/04/26 11:00:00,A,PC_GDP,S13,GF0303,TE,LT,2010-01-01,0.3,,
ESTAT:GOV_10A_EXP(1.0),27/04/26 11:00:00,A,PC_GDP,S13,GF0303,TE,LU,2010-01-01,0.2,,
ESTAT:GOV_10A_EXP(1.0),27/04/26 11:00:00,A,PC_GDP,S13,GF0303,TE,LV,2010-01-01,0.4,,
ESTAT:GOV_10A_EXP(1.0),27/04/26 11:00:00,A,PC_GDP,S13,GF0303,TE,MT,2010-01-01,0.3,,
ESTAT:GOV_10A_EXP(1.0),27/04/26 11:00:00,A,PC_GDP,S13,GF0303,TE,NL,2010-01-01,0.3,,
ESTAT:GOV_10A_EXP(1.0),27/04/26 11:00:00,A,PC_GDP,S13,GF0303,TE,NO,2010-01-01,0.1,,
ESTAT:GOV_10A_EXP(1.0),27/04/26 11:00:00,A,PC_GDP,S13,GF0303,TE,PL,2010-01-01,0.6,,
ESTAT:GOV_10A_EXP(1.0),27/04/26 11:00:00,A,PC_GDP,S13,GF0303,TE,PT,2010-01-01,0.4,,
ESTAT:GOV_10A_EXP(1.0),27/04/26 11:00:00,A,PC_GDP,S13,GF0303,TE,RO,2010-01-01,0.3,,
ESTAT:GOV_10A_EXP(1.0),27/04/26 11:00:00,A,PC_GDP,S13,GF0303,TE,SE,2010-01-01,0.3,,
ESTAT:GOV_10A_EXP(1.0),27/04/26 11:00:00,A,PC_GDP,S13,GF0303,TE,SI,2010-01-01,0.6,,
ESTAT:GOV_10A_EXP(1.0),27/04/26 11:00:00,A,PC_GDP,S13,GF0303,TE,SK,2010-01-01,0.3,p,
ESTAT:GOV_10A_EXP(1.0),27/04/26 11:00:00,A,PC_GDP,S13,GF03,TE,AT,2011-01-01,1.3,,
ESTAT:GOV_10A_EXP(1.0),27/04/26 11:00:00,A,PC_GDP,S13,GF03,TE,BE,2011-01-01,1.8,,
ESTAT:GOV_10A_EXP(1.0),27/04/26 11:00:00,A,PC_GDP,S13,GF03,TE,BG,2011-01-01,2.3,,
ESTAT:GOV_10A_EXP(1.0),27/04/26 11:00:00,A,PC_GDP,S13,GF03,TE,CH,2011-01-01,1.5,,
ESTAT:GOV_10A_EXP(1.0),27/04/26 11:00:00,A,PC_GDP,S13,GF03,TE,CY,2011-01-01,2.0,,
ESTAT:GOV_10A_EXP(1.0),27/04/26 11:00:00,A,PC_GDP,S13,GF03,TE,CZ,2011-01-01,1.7,,
ESTAT:GOV_10A_EXP(1.0),27/04/26 11:00:00,A,PC_GDP,S13,GF03,TE,DE,2011-01-01,1.5,,
ESTAT:GOV_10A_EXP(1.0),27/04/26 11:00:00,A,PC_GDP,S13,GF03,TE,DK,2011-01-01,1.1,,
ESTAT:GOV_10A_EXP(1.0),27/04/26 11:00:00,A,PC_GDP,S13,GF03,TE,EA19,2011-01-01,1.7,,
ESTAT:GOV_10A_EXP(1.0),27/04/26 11:00:00,A,PC_GDP,S13,GF03,TE,EA20,2011-01-01,1.7,,
ESTAT:GOV_10A_EXP(1.0),27/04/26 11:00:00,A,PC_GDP,S13,GF03,TE,EA21,2011-01-01,1.7,,
ESTAT:GOV_10A_EXP(1.0),27/04/26 11:00:00,A,PC_GDP,S13,GF03,TE,EE,2011-01-01,2.1,,
ESTAT:GOV_10A_EXP(1.0),27/04/26 11:00:00,A,PC_GDP,S13,GF03,TE,EL,2011-01-01,1.8,,
ESTAT:GOV_10A_EXP(1.0),27/04/26 11:00:00,A,PC_GDP,S13,GF03,TE,ES,2011-01-01,2.2,,
ESTAT:GOV_10A_EXP(1.0),27/04/26 11:00:00,A,PC_GDP,S13,GF03,TE,EU27_2020,2011-01-01,1.7,,
ESTAT:GOV_10A_EXP(1.0),27/04/26 11:00:00,A,PC_GDP,S13,GF03,TE,FI,2011-01-01,1.3,,
ESTAT:GOV_10A_EXP(1.0),27/04/26 11:00:00,A,PC_GDP,S13,GF03,TE,FR,2011-01-01,1.6,,
ESTAT:GOV_10A_EXP(1.0),27/04/26 11:00:00,A,PC_GDP,S13,GF03,TE,HR,2011-01-01,2.3,,
ESTAT:GOV_10A_EXP(1.0),27/04/26 11:00:00,A,PC_GDP,S13,GF03,TE,HU,2011-01-01,1.9,,
ESTAT:GOV_10A_EXP(1.0),27/04/26 11:00:00,A,PC_GDP,S13,GF03,TE,IE,2011-01-01,1.6,,
ESTAT:GOV_10A_EXP(1.0),27/04/26 11:00:00,A,PC_GDP,S13,GF03,TE,IS,2011-01-01,1.5,,
ESTAT:GOV_10A_EXP(1.0),27/04/26 11:00:00,A,PC_GDP,S13,GF03,TE,IT,2011-01-01,1.9,,
ESTAT:GOV_10A_EXP(1.0),27/04/26 11:00:00,A,PC_GDP,S13,GF03,TE,LT,2011-01-01,1.9,,
ESTAT:GOV_10A_EXP(1.0),27/04/26 11:00:00,A,PC_GDP,S13,GF03,TE,LU,2011-01-01,1.0,,
ESTAT:GOV_10A_EXP(1.0),27/04/26 11:00:00,A,PC_GDP,S13,GF03,TE,LV,2011-01-01,2.0,,
ESTAT:GOV_10A_EXP(1.0),27/04/26 11:00:00,A,PC_GDP,S13,GF03,TE,MT,2011-01-01,1.3,,
ESTAT:GOV_10A_EXP(1.0),27/04/26 11:00:00,A,PC_GDP,S13,GF03,TE,NL,2011-01-01,1.9,,
ESTAT:GOV_10A_EXP(1.0),27/04/26 11:00:00,A,PC_GDP,S13,GF03,TE,NO,2011-01-01,0.9,,
ESTAT:GOV_10A_EXP(1.0),27/04/26 11:00:00,A,PC_GDP,S13,GF03,TE,PL,2011-01-01,2.3,,
ESTAT:GOV_10A_EXP(1.0),27/04/26 11:00:00,A,PC_GDP,S13,GF03,TE,PT,2011-01-01,2.0,,
ESTAT:GOV_10A_EXP(1.0),27/04/26 11:00:00,A,PC_GDP,S13,GF03,TE,RO,2011-01-01,2.1,,
ESTAT:GOV_10A_EXP(1.0),27/04/26 11:00:00,A,PC_GDP,S13,GF03,TE,SE,2011-01-01,1.3,,
ESTAT:GOV_10A_EXP(1.0),27/04/26 11:00:00,A,PC_GDP,S13,GF03,TE,SI,2011-01-01,1.8,,
ESTAT:GOV_10A_EXP(1.0),27/04/26 11:00:00,A,PC_GDP,S13,GF03,TE,SK,2011-01-01,2.2,p,
ESTAT:GOV_10A_EXP(1.0),27/04/26 11:00:00,A,PC_GDP,S13,GF0301,TE,AT,2011-01-01,0.7,,
ESTAT:GOV_10A_EXP(1.0),27/04/26 11:00:00,A,PC_GDP,S13,GF0301,TE,BE,2011-01-01,1.0,,
ESTAT:GOV_10A_EXP(1.0),27/04/26 11:00:00,A,PC_GDP,S13,GF0301,TE,BG,2011-01-01,1.2,,
ESTAT:GOV_10A_EXP(1.0),27/04/26 11:00:00,A,PC_GDP,S13,GF0301,TE,CH,2011-01-01,0.7,,
ESTAT:GOV_10A_EXP(1.0),27/04/26 11:00:00,A,PC_GDP,S13,GF0301,TE,CY,2011-01-01,1.6,,
ESTAT:GOV_10A_EXP(1.0),27/04/26 11:00:00,A,PC_GDP,S13,GF0301,TE,CZ,2011-01-01,0.9,,
ESTAT:GOV_10A_EXP(1.0),27/04/26 11:00:00,A,PC_GDP,S13,GF0301,TE,DE,2011-01-01,0.7,,
ESTAT:GOV_10A_EXP(1.0),27/04/26 11:00:00,A,PC_GDP,S13,GF0301,TE,DK,2011-01-01,0.5,,
ESTAT:GOV_10A_EXP(1.0),27/04/26 11:00:00,A,PC_GDP,S13,GF0301,TE,EA19,2011-01-01,0.9,,
ESTAT:GOV_10A_EXP(1.0),27/04/26 11:00:00,A,PC_GDP,S13,GF0301,TE,EA20,2011-01-01,0.9,,
ESTAT:GOV_10A_EXP(1.0),27/04/26 11:00:00,A,PC_GDP,S13,GF0301,TE,EA21,2011-01-01,0.9,,
ESTAT:GOV_10A_EXP(1.0),27/04/26 11:00:00,A,PC_GDP,S13,GF0301,TE,EE,2011-01-01,1.0,,
ESTAT:GOV_10A_EXP(1.0),27/04/26 11:00:00,A,PC_GDP,S13,GF0301,TE,EL,2011-01-01,1.1,,
ESTAT:GOV_10A_EXP(1.0),27/04/26 11:00:00,A,PC_GDP,S13,GF0301,TE,ES,2011-01-01,1.4,,
ESTAT:GOV_10A_EXP(1.0),27/04/26 11:00:00,A,PC_GDP,S13,GF0301,TE,EU27_2020,2011-01-01,0.9,,
ESTAT:GOV_10A_EXP(1.0),27/04/26 11:00:00,A,PC_GDP,S13,GF0301,TE,FI,2011-01-01,0.6,,
ESTAT:GOV_10A_EXP(1.0),27/04/26 11:00:00,A,PC_GDP,S13,GF0301,TE,FR,2011-01-01,0.9,,
ESTAT:GOV_10A_EXP(1.0),27/04/26 11:00:00,A,PC_GDP,S13,GF0301,TE,HR,2011-01-01,1.2,,
ESTAT:GOV_10A_EXP(1.0),27/04/26 11:00:00,A,PC_GDP,S13,GF0301,TE,HU,2011-01-01,1.1,,
ESTAT:GOV_10A_EXP(1.0),27/04/26 11:00:00,A,PC_GDP,S13,GF0301,TE,IE,2011-01-01,0.9,,
ESTAT:GOV_10A_EXP(1.0),27/04/26 11:00:00,A,PC_GDP,S13,GF0301,TE,IS,2011-01-01,0.9,,
ESTAT:GOV_10A_EXP(1.0),27/04/26 11:00:00,A,PC_GDP,S13,GF0301,TE,IT,2011-01-01,1.2,,
ESTAT:GOV_10A_EXP(1.0),27/04/26 11:00:00,A,PC_GDP,S13,GF0301,TE,LT,2011-01-01,0.6,,
ESTAT:GOV_10A_EXP(1.0),27/04/26 11:00:00,A,PC_GDP,S13,GF0301,TE,LU,2011-01-01,0.5,,
ESTAT:GOV_10A_EXP(1.0),27/04/26 11:00:00,A,PC_GDP,S13,GF0301,TE,LV,2011-01-01,1.0,,
ESTAT:GOV_10A_EXP(1.0),27/04/26 11:00:00,A,PC_GDP,S13,GF0301,TE,MT,2011-01-01,0.8,,
ESTAT:GOV_10A_EXP(1.0),27/04/26 11:00:00,A,PC_GDP,S13,GF0301,TE,NL,2011-01-01,0.8,,
ESTAT:GOV_10A_EXP(1.0),27/04/26 11:00:00,A,PC_GDP,S13,GF0301,TE,NO,2011-01-01,0.4,,
ESTAT:GOV_10A_EXP(1.0),27/04/26 11:00:00,A,PC_GDP,S13,GF0301,TE,PL,2011-01-01,1.3,,
ESTAT:GOV_10A_EXP(1.0),27/04/26 11:00:00,A,PC_GDP,S13,GF0301,TE,PT,2011-01-01,1.1,,
ESTAT:GOV_10A_EXP(1.0),27/04/26 11:00:00,A,PC_GDP,S13,GF0301,TE,RO,2011-01-01,1.2,,
ESTAT:GOV_10A_EXP(1.0),27/04/26 11:00:00,A,PC_GDP,S13,GF0301,TE,SE,2011-01-01,0.6,,
ESTAT:GOV_10A_EXP(1.0),27/04/26 11:00:00,A,PC_GDP,S13,GF0301,TE,SI,2011-01-01,0.9,,
ESTAT:GOV_10A_EXP(1.0),27/04/26 11:00:00,A,PC_GDP,S13,GF0301,TE,SK,2011-01-01,1.1,p,
ESTAT:GOV_10A_EXP(1.0),27/04/26 11:00:00,A,PC_GDP,S13,GF0303,TE,AT,2011-01-01,0.3,,
ESTAT:GOV_10A_EXP(1.0),27/04/26 11:00:00,A,PC_GDP,S13,GF0303,TE,BE,2011-01-01,0.3,,
ESTAT:GOV_10A_EXP(1.0),27/04/26 11:00:00,A,PC_GDP,S13,GF0303,TE,BG,2011-01-01,0.6,,
ESTAT:GOV_10A_EXP(1.0),27/04/26 11:00:00,A,PC_GDP,S13,GF0303,TE,CH,2011-01-01,0.3,,
ESTAT:GOV_10A_EXP(1.0),27/04/26 11:00:00,A,PC_GDP,S13,GF0303,TE,CY,2011-01-01,0.1,,
ESTAT:GOV_10A_EXP(1.0),27/04/26 11:00:00,A,PC_GDP,S13,GF0303,TE,CZ,2011-01-01,0.3,,
ESTAT:GOV_10A_EXP(1.0),27/04/26 11:00:00,A,PC_GDP,S13,GF0303,TE,DE,2011-01-01,0.4,,
ESTAT:GOV_10A_EXP(1.0),27/04/26 11:00:00,A,PC_GDP,S13,GF0303,TE,DK,2011-01-01,0.2,,
ESTAT:GOV_10A_EXP(1.0),27/04/26 11:00:00,A,PC_GDP,S13,GF0303,TE,EA19,2011-01-01,0.3,,
ESTAT:GOV_10A_EXP(1.0),27/04/26 11:00:00,A,PC_GDP,S13,GF0303,TE,EA20,2011-01-01,0.3,,
ESTAT:GOV_10A_EXP(1.0),27/04/26 11:00:00,A,PC_GDP,S13,GF0303,TE,EA21,2011-01-01,0.3,,
ESTAT:GOV_10A_EXP(1.0),27/04/26 11:00:00,A,PC_GDP,S13,GF0303,TE,EE,2011-01-01,0.3,,
ESTAT:GOV_10A_EXP(1.0),27/04/26 11:00:00,A,PC_GDP,S13,GF0303,TE,EL,2011-01-01,0.3,,
ESTAT:GOV_10A_EXP(1.0),27/04/26 11:00:00,A,PC_GDP,S13,GF0303,TE,ES,2011-01-01,0.4,,
ESTAT:GOV_10A_EXP(1.0),27/04/26 11:00:00,A,PC_GDP,S13,GF0303,TE,EU27_2020,2011-01-01,0.3,,
ESTAT:GOV_10A_EXP(1.0),27/04/26 11:00:00,A,PC_GDP,S13,GF0303,TE,FI,2011-01-01,0.2,,
ESTAT:GOV_10A_EXP(1.0),27/04/26 11:00:00,A,PC_GDP,S13,GF0303,TE,FR,2011-01-01,0.2,,
ESTAT:GOV_10A_EXP(1.0),27/04/26 11:00:00,A,PC_GDP,S13,GF0303,TE,HR,2011-01-01,0.5,,
ESTAT:GOV_10A_EXP(1.0),27/04/26 11:00:00,A,PC_GDP,S13,GF0303,TE,HU,2011-01-01,0.4,,
ESTAT:GOV_10A_EXP(1.0),27/04/26 11:00:00,A,PC_GDP,S13,GF0303,TE,IE,2011-01-01,0.3,,
ESTAT:GOV_10A_EXP(1.0),27/04/26 11:00:00,A,PC_GDP,S13,GF0303,TE,IS,2011-01-01,0.2,,
ESTAT:GOV_10A_EXP(1.0),27/04/26 11:00:00,A,PC_GDP,S13,GF0303,TE,IT,2011-01-01,0.4,,
ESTAT:GOV_10A_EXP(1.0),27/04/26 11:00:00,A,PC_GDP,S13,GF0303,TE,LT,2011-01-01,0.3,,
ESTAT:GOV_10A_EXP(1.0),27/04/26 11:00:00,A,PC_GDP,S13,GF0303,TE,LU,2011-01-01,0.2,,
ESTAT:GOV_10A_EXP(1.0),27/04/26 11:00:00,A,PC_GDP,S13,GF0303,TE,LV,2011-01-01,0.5,,
ESTAT:GOV_10A_EXP(1.0),27/04/26 11:00:00,A,PC_GDP,S13,GF0303,TE,MT,2011-01-01,0.3,,
ESTAT:GOV_10A_EXP(1.0),27/04/26 11:00:00,A,PC_GDP,S13,GF0303,TE,NL,2011-01-01,0.3,,
ESTAT:GOV_10A_EXP(1.0),27/04/26 11:00:00,A,PC_GDP,S13,GF0303,TE,NO,2011-01-01,0.1,,
ESTAT:GOV_10A_EXP(1.0),27/04/26 11:00:00,A,PC_GDP,S13,GF0303,TE,PL,2011-01-01,0.5,,
ESTAT:GOV_10A_EXP(1.0),27/04/26 11:00:00,A,PC_GDP,S13,GF0303,TE,PT,2011-01-01,0.4,,
ESTAT:GOV_10A_EXP(1.0),27/04/26 11:00:00,A,PC_GDP,S13,GF0303,TE,RO,2011-01-01,0.3,,
ESTAT:GOV_10A_EXP(1.0),27/04/26 11:00:00,A,PC_GDP,S13,GF0303,TE,SE,2011-01-01,0.3,,
ESTAT:GOV_10A_EXP(1.0),27/04/26 11:00:00,A,PC_GDP,S13,GF0303,TE,SI,2011-01-01,0.6,,
ESTAT:GOV_10A_EXP(1.0),27/04/26 11:00:00,A,PC_GDP,S13,GF0303,TE,SK,2011-01-01,0.3,p,
ESTAT:GOV_10A_EXP(1.0),27/04/26 11:00:00,A,PC_GDP,S13,GF03,TE,AT,2012-01-01,1.3,,
ESTAT:GOV_10A_EXP(1.0),27/04/26 11:00:00,A,PC_GDP,S13,GF03,TE,BE,2012-01-01,1.8,,
ESTAT:GOV_10A_EXP(1.0),27/04/26 11:00:00,A,PC_GDP,S13,GF03,TE,BG,2012-01-01,2.2,,
ESTAT:GOV_10A_EXP(1.0),27/04/26 11:00:00,A,PC_GDP,S13,GF03,TE,CH,2012-01-01,1.5,,
ESTAT:GOV_10A_EXP(1.0),27/04/26 11:00:00,A,PC_GDP,S13,GF03,TE,CY,2012-01-01,2.0,,
ESTAT:GOV_10A_EXP(1.0),27/04/26 11:00:00,A,PC_GDP,S13,GF03,TE,CZ,2012-01-01,1.7,,
ESTAT:GOV_10A_EXP(1.0),27/04/26 11:00:00,A,PC_GDP,S13,GF03,TE,DE,2012-01-01,1.5,,
ESTAT:GOV_10A_EXP(1.0),27/04/26 11:00:00,A,PC_GDP,S13,GF03,TE,DK,2012-01-01,1.0,,
ESTAT:GOV_10A_EXP(1.0),27/04/26 11:00:00,A,PC_GDP,S13,GF03,TE,EA19,2012-01-01,1.7,,
ESTAT:GOV_10A_EXP(1.0),27/04/26 11:00:00,A,PC_GDP,S13,GF03,TE,EA20,2012-01-01,1.7,,
ESTAT:GOV_10A_EXP(1.0),27/04/26 11:00:00,A,PC_GDP,S13,GF03,TE,EA21,2012-01-01,1.7,,
ESTAT:GOV_10A_EXP(1.0),27/04/26 11:00:00,A,PC_GDP,S13,GF03,TE,EE,2012-01-01,2.0,,
ESTAT:GOV_10A_EXP(1.0),27/04/26 11:00:00,A,PC_GDP,S13,GF03,TE,EL,2012-01-01,1.9,,
ESTAT:GOV_10A_EXP(1.0),27/04/26 11:00:00,A,PC_GDP,S13,GF03,TE,ES,2012-01-01,2.0,,
ESTAT:GOV_10A_EXP(1.0),27/04/26 11:00:00,A,PC_GDP,S13,GF03,TE,EU27_2020,2012-01-01,1.7,,
ESTAT:GOV_10A_EXP(1.0),27/04/26 11:00:00,A,PC_GDP,S13,GF03,TE,FI,2012-01-01,1.4,,
ESTAT:GOV_10A_EXP(1.0),27/04/26 11:00:00,A,PC_GDP,S13,GF03,TE,FR,2012-01-01,1.6,,
ESTAT:GOV_10A_EXP(1.0),27/04/26 11:00:00,A,PC_GDP,S13,GF03,TE,HR,2012-01-01,2.3,,
ESTAT:GOV_10A_EXP(1.0),27/04/26 11:00:00,A,PC_GDP,S13,GF03,TE,HU,2012-01-01,1.9,,
ESTAT:GOV_10A_EXP(1.0),27/04/26 11:00:00,A,PC_GDP,S13,GF03,TE,IE,2012-01-01,1.4,,
ESTAT:GOV_10A_EXP(1.0),27/04/26 11:00:00,A,PC_GDP,S13,GF03,TE,IS,2012-01-01,1.3,,
ESTAT:GOV_10A_EXP(1.0),27/04/26 11:00:00,A,PC_GDP,S13,GF03,TE,IT,2012-01-01,1.9,,
ESTAT:GOV_10A_EXP(1.0),27/04/26 11:00:00,A,PC_GDP,S13,GF03,TE,LT,2012-01-01,1.8,,
ESTAT:GOV_10A_EXP(1.0),27/04/26 11:00:00,A,PC_GDP,S13,GF03,TE,LU,2012-01-01,1.0,,
ESTAT:GOV_10A_EXP(1.0),27/04/26 11:00:00,A,PC_GDP,S13,GF03,TE,LV,2012-01-01,1.9,,
ESTAT:GOV_10A_EXP(1.0),27/04/26 11:00:00,A,PC_GDP,S13,GF03,TE,MT,2012-01-01,1.4,,
ESTAT:GOV_10A_EXP(1.0),27/04/26 11:00:00,A,PC_GDP,S13,GF03,TE,NL,2012-01-01,1.9,,
ESTAT:GOV_10A_EXP(1.0),27/04/26 11:00:00,A,PC_GDP,S13,GF03,TE,NO,2012-01-01,0.9,,
ESTAT:GOV_10A_EXP(1.0),27/04/26 11:00:00,A,PC_GDP,S13,GF03,TE,PL,2012-01-01,2.3,,
ESTAT:GOV_10A_EXP(1.0),27/04/26 11:00:00,A,PC_GDP,S13,GF03,TE,PT,2012-01-01,1.9,,
ESTAT:GOV_10A_EXP(1.0),27/04/26 11:00:00,A,PC_GDP,S13,GF03,TE,RO,2012-01-01,2.1,,
ESTAT:GOV_10A_EXP(1.0),27/04/26 11:00:00,A,PC_GDP,S13,GF03,TE,SE,2012-01-01,1.4,,
ESTAT:GOV_10A_EXP(1.0),27/04/26 11:00:00,A,PC_GDP,S13,GF03,TE,SI,2012-01-01,1.7,,
ESTAT:GOV_10A_EXP(1.0),27/04/26 11:00:00,A,PC_GDP,S13,GF03,TE,SK,2012-01-01,2.5,p,
ESTAT:GOV_10A_EXP(1.0),27/04/26 11:00:00,A,PC_GDP,S13,GF0301,TE,AT,2012-01-01,0.7,,
ESTAT:GOV_10A_EXP(1.0),27/04/26 11:00:00,A,PC_GDP,S13,GF0301,TE,BE,2012-01-01,1.1,,
ESTAT:GOV_10A_EXP(1.0),27/04/26 11:00:00,A,PC_GDP,S13,GF0301,TE,BG,2012-01-01,1.1,,
ESTAT:GOV_10A_EXP(1.0),27/04/26 11:00:00,A,PC_GDP,S13,GF0301,TE,CH,2012-01-01,0.7,,
ESTAT:GOV_10A_EXP(1.0),27/04/26 11:00:00,A,PC_GDP,S13,GF0301,TE,CY,2012-01-01,1.5,,
ESTAT:GOV_10A_EXP(1.0),27/04/26 11:00:00,A,PC_GDP,S13,GF0301,TE,CZ,2012-01-01,0.8,,
ESTAT:GOV_10A_EXP(1.0),27/04/26 11:00:00,A,PC_GDP,S13,GF0301,TE,DE,2012-01-01,0.7,,
ESTAT:GOV_10A_EXP(1.0),27/04/26 11:00:00,A,PC_GDP,S13,GF0301,TE,DK,2012-01-01,0.5,,
ESTAT:GOV_10A_EXP(1.0),27/04/26 11:00:00,A,PC_GDP,S13,GF0301,TE,EA19,2012-01-01,0.9,,
ESTAT:GOV_10A_EXP(1.0),27/04/26 11:00:00,A,PC_GDP,S13,GF0301,TE,EA20,2012-01-01,0.9,,
ESTAT:GOV_10A_EXP(1.0),27/04/26 11:00:00,A,PC_GDP,S13,GF0301,TE,EA21,2012-01-01,0.9,,
ESTAT:GOV_10A_EXP(1.0),27/04/26 11:00:00,A,PC_GDP,S13,GF0301,TE,EE,2012-01-01,1.1,,
ESTAT:GOV_10A_EXP(1.0),27/04/26 11:00:00,A,PC_GDP,S13,GF0301,TE,EL,2012-01-01,1.2,,
ESTAT:GOV_10A_EXP(1.0),27/04/26 11:00:00,A,PC_GDP,S13,GF0301,TE,ES,2012-01-01,1.3,,
ESTAT:GOV_10A_EXP(1.0),27/04/26 11:00:00,A,PC_GDP,S13,GF0301,TE,EU27_2020,2012-01-01,0.9,,
ESTAT:GOV_10A_EXP(1.0),27/04/26 11:00:00,A,PC_GDP,S13,GF0301,TE,FI,2012-01-01,0.6,,
ESTAT:GOV_10A_EXP(1.0),27/04/26 11:00:00,A,PC_GDP,S13,GF0301,TE,FR,2012-01-01,0.9,,
ESTAT:GOV_10A_EXP(1.0),27/04/26 11:00:00,A,PC_GDP,S13,GF0301,TE,HR,2012-01-01,1.2,,
ESTAT:GOV_10A_EXP(1.0),27/04/26 11:00:00,A,PC_GDP,S13,GF0301,TE,HU,2012-01-01,1.1,,
ESTAT:GOV_10A_EXP(1.0),27/04/26 11:00:00,A,PC_GDP,S13,GF0301,TE,IE,2012-01-01,0.9,,
ESTAT:GOV_10A_EXP(1.0),27/04/26 11:00:00,A,PC_GDP,S13,GF0301,TE,IS,2012-01-01,0.7,,
ESTAT:GOV_10A_EXP(1.0),27/04/26 11:00:00,A,PC_GDP,S13,GF0301,TE,IT,2012-01-01,1.2,,
ESTAT:GOV_10A_EXP(1.0),27/04/26 11:00:00,A,PC_GDP,S13,GF0301,TE,LT,2012-01-01,0.6,,
ESTAT:GOV_10A_EXP(1.0),27/04/26 11:00:00,A,PC_GDP,S13,GF0301,TE,LU,2012-01-01,0.5,,
ESTAT:GOV_10A_EXP(1.0),27/04/26 11:00:00,A,PC_GDP,S13,GF0301,TE,LV,2012-01-01,1.0,,
ESTAT:GOV_10A_EXP(1.0),27/04/26 11:00:00,A,PC_GDP,S13,GF0301,TE,MT,2012-01-01,0.8,,
ESTAT:GOV_10A_EXP(1.0),27/04/26 11:00:00,A,PC_GDP,S13,GF0301,TE,NL,2012-01-01,0.8,,
ESTAT:GOV_10A_EXP(1.0),27/04/26 11:00:00,A,PC_GDP,S13,GF0301,TE,NO,2012-01-01,0.4,,
ESTAT:GOV_10A_EXP(1.0),27/04/26 11:00:00,A,PC_GDP,S13,GF0301,TE,PL,2012-01-01,1.3,,
ESTAT:GOV_10A_EXP(1.0),27/04/26 11:00:00,A,PC_GDP,S13,GF0301,TE,PT,2012-01-01,1.0,,
ESTAT:GOV_10A_EXP(1.0),27/04/26 11:00:00,A,PC_GDP,S13,GF0301,TE,RO,2012-01-01,1.2,,
ESTAT:GOV_10A_EXP(1.0),27/04/26 11:00:00,A,PC_GDP,S13,GF0301,TE,SE,2012-01-01,0.6,,
ESTAT:GOV_10A_EXP(1.0),27/04/26 11:00:00,A,PC_GDP,S13,GF0301,TE,SI,2012-01-01,0.8,,
ESTAT:GOV_10A_EXP(1.0),27/04/26 11:00:00,A,PC_GDP,S13,GF0301,TE,SK,2012-01-01,1.2,p,
ESTAT:GOV_10A_EXP(1.0),27/04/26 11:00:00,A,PC_GDP,S13,GF0303,TE,AT,2012-01-01,0.3,,
ESTAT:GOV_10A_EXP(1.0),27/04/26 11:00:00,A,PC_GDP,S13,GF0303,TE,BE,2012-01-01,0.3,,
ESTAT:GOV_10A_EXP(1.0),27/04/26 11:00:00,A,PC_GDP,S13,GF0303,TE,BG,2012-01-01,0.6,,
ESTAT:GOV_10A_EXP(1.0),27/04/26 11:00:00,A,PC_GDP,S13,GF0303,TE,CH,2012-01-01,0.3,,
ESTAT:GOV_10A_EXP(1.0),27/04/26 11:00:00,A,PC_GDP,S13,GF0303,TE,CY,2012-01-01,0.1,,
ESTAT:GOV_10A_EXP(1.0),27/04/26 11:00:00,A,PC_GDP,S13,GF0303,TE,CZ,2012-01-01,0.3,,
ESTAT:GOV_10A_EXP(1.0),27/04/26 11:00:00,A,PC_GDP,S13,GF0303,TE,DE,2012-01-01,0.4,,
ESTAT:GOV_10A_EXP(1.0),27/04/26 11:00:00,A,PC_GDP,S13,GF0303,TE,DK,2012-01-01,0.2,,
ESTAT:GOV_10A_EXP(1.0),27/04/26 11:00:00,A,PC_GDP,S13,GF0303,TE,EA19,2012-01-01,0.3,,
ESTAT:GOV_10A_EXP(1.0),27/04/26 11:00:00,A,PC_GDP,S13,GF0303,TE,EA20,2012-01-01,0.3,,
ESTAT:GOV_10A_EXP(1.0),27/04/26 11:00:00,A,PC_GDP,S13,GF0303,TE,EA21,2012-01-01,0.3,,
ESTAT:GOV_10A_EXP(1.0),27/04/26 11:00:00,A,PC_GDP,S13,GF0303,TE,EE,2012-01-01,0.3,,
ESTAT:GOV_10A_EXP(1.0),27/04/26 11:00:00,A,PC_GDP,S13,GF0303,TE,EL,2012-01-01,0.3,,
ESTAT:GOV_10A_EXP(1.0),27/04/26 11:00:00,A,PC_GDP,S13,GF0303,TE,ES,2012-01-01,0.4,,
ESTAT:GOV_10A_EXP(1.0),27/04/26 11:00:00,A,PC_GDP,S13,GF0303,TE,EU27_2020,2012-01-01,0.3,,
ESTAT:GOV_10A_EXP(1.0),27/04/26 11:00:00,A,PC_GDP,S13,GF0303,TE,FI,2012-01-01,0.2,,
ESTAT:GOV_10A_EXP(1.0),27/04/26 11:00:00,A,PC_GDP,S13,GF0303,TE,FR,2012-01-01,0.2,,
ESTAT:GOV_10A_EXP(1.0),27/04/26 11:00:00,A,PC_GDP,S13,GF0303,TE,HR,2012-01-01,0.5,,
ESTAT:GOV_10A_EXP(1.0),27/04/26 11:00:00,A,PC_GDP,S13,GF0303,TE,HU,2012-01-01,0.4,,
ESTAT:GOV_10A_EXP(1.0),27/04/26 11:00:00,A,PC_GDP,S13,GF0303,TE,IE,2012-01-01,0.3,,
ESTAT:GOV_10A_EXP(1.0),27/04/26 11:00:00,A,PC_GDP,S13,GF0303,TE,IS,2012-01-01,0.2,,
ESTAT:GOV_10A_EXP(1.0),27/04/26 11:00:00,A,PC_GDP,S13,GF0303,TE,IT,2012-01-01,0.3,,
ESTAT:GOV_10A_EXP(1.0),27/04/26 11:00:00,A,PC_GDP,S13,GF0303,TE,LT,2012-01-01,0.3,,
ESTAT:GOV_10A_EXP(1.0),27/04/26 11:00:00,A,PC_GDP,S13,GF0303,TE,LU,2012-01-01,0.2,,
ESTAT:GOV_10A_EXP(1.0),27/04/26 11:00:00,A,PC_GDP,S13,GF0303,TE,LV,2012-01-01,0.4,,
ESTAT:GOV_10A_EXP(1.0),27/04/26 11:00:00,A,PC_GDP,S13,GF0303,TE,MT,2012-01-01,0.3,,
ESTAT:GOV_10A_EXP(1.0),27/04/26 11:00:00,A,PC_GDP,S13,GF0303,TE,NL,2012-01-01,0.3,,
ESTAT:GOV_10A_EXP(1.0),27/04/26 11:00:00,A,PC_GDP,S13,GF0303,TE,NO,2012-01-01,0.1,,
ESTAT:GOV_10A_EXP(1.0),27/04/26 11:00:00,A,PC_GDP,S13,GF0303,TE,PL,2012-01-01,0.5,,
ESTAT:GOV_10A_EXP(1.0),27/04/26 11:00:00,A,PC_GDP,S13,GF0303,TE,PT,2012-01-01,0.3,,
ESTAT:GOV_10A_EXP(1.0),27/04/26 11:00:00,A,PC_GDP,S13,GF0303,TE,RO,2012-01-01,0.3,,
ESTAT:GOV_10A_EXP(1.0),27/04/26 11:00:00,A,PC_GDP,S13,GF0303,TE,SE,2012-01-01,0.3,,
ESTAT:GOV_10A_EXP(1.0),27/04/26 11:00:00,A,PC_GDP,S13,GF0303,TE,SI,2012-01-01,0.6,,
ESTAT:GOV_10A_EXP(1.0),27/04/26 11:00:00,A,PC_GDP,S13,GF0303,TE,SK,2012-01-01,0.3,p,
ESTAT:GOV_10A_EXP(1.0),27/04/26 11:00:00,A,PC_GDP,S13,GF03,TE,AT,2013-01-01,1.3,,
ESTAT:GOV_10A_EXP(1.0),27/04/26 11:00:00,A,PC_GDP,S13,GF03,TE,BE,2013-01-01,1.8,,
ESTAT:GOV_10A_EXP(1.0),27/04/26 11:00:00,A,PC_GDP,S13,GF03,TE,BG,2013-01-01,2.6,,
ESTAT:GOV_10A_EXP(1.0),27/04/26 11:00:00,A,PC_GDP,S13,GF03,TE,CH,2013-01-01,1.6,,
ESTAT:GOV_10A_EXP(1.0),27/04/26 11:00:00,A,PC_GDP,S13,GF03,TE,CY,2013-01-01,2.2,,
ESTAT:GOV_10A_EXP(1.0),27/04/26 11:00:00,A,PC_GDP,S13,GF03,TE,CZ,2013-01-01,1.7,,
ESTAT:GOV_10A_EXP(1.0),27/04/26 11:00:00,A,PC_GDP,S13,GF03,TE,DE,2013-01-01,1.5,,
ESTAT:GOV_10A_EXP(1.0),27/04/26 11:00:00,A,PC_GDP,S13,GF03,TE,DK,2013-01-01,1.0,,
ESTAT:GOV_10A_EXP(1.0),27/04/26 11:00:00,A,PC_GDP,S13,GF03,TE,EA19,2013-01-01,1.7,,
ESTAT:GOV_10A_EXP(1.0),27/04/26 11:00:00,A,PC_GDP,S13,GF03,TE,EA20,2013-01-01,1.7,,
ESTAT:GOV_10A_EXP(1.0),27/04/26 11:00:00,A,PC_GDP,S13,GF03,TE,EA21,2013-01-01,1.7,,
ESTAT:GOV_10A_EXP(1.0),27/04/26 11:00:00,A,PC_GDP,S13,GF03,TE,EE,2013-01-01,1.8,,
ESTAT:GOV_10A_EXP(1.0),27/04/26 11:00:00,A,PC_GDP,S13,GF03,TE,EL,2013-01-01,1.9,,
ESTAT:GOV_10A_EXP(1.0),27/04/26 11:00:00,A,PC_GDP,S13,GF03,TE,ES,2013-01-01,2.0,,
ESTAT:GOV_10A_EXP(1.0),27/04/26 11:00:00,A,PC_GDP,S13,GF03,TE,EU27_2020,2013-01-01,1.7,,
ESTAT:GOV_10A_EXP(1.0),27/04/26 11:00:00,A,PC_GDP,S13,GF03,TE,FI,2013-01-01,1.4,,
ESTAT:GOV_10A_EXP(1.0),27/04/26 11:00:00,A,PC_GDP,S13,GF03,TE,FR,2013-01-01,1.6,,
ESTAT:GOV_10A_EXP(1.0),27/04/26 11:00:00,A,PC_GDP,S13,GF03,TE,HR,2013-01-01,2.3,,
ESTAT:GOV_10A_EXP(1.0),27/04/26 11:00:00,A,PC_GDP,S13,GF03,TE,HU,2013-01-01,2.0,,
ESTAT:GOV_10A_EXP(1.0),27/04/26 11:00:00,A,PC_GDP,S13,GF03,TE,IE,2013-01-01,1.4,,
ESTAT:GOV_10A_EXP(1.0),27/04/26 11:00:00,A,PC_GDP,S13,GF03,TE,IS,2013-01-01,1.3,,
ESTAT:GOV_10A_EXP(1.0),27/04/26 11:00:00,A,PC_GDP,S13,GF03,TE,IT,2013-01-01,1.9,,
ESTAT:GOV_10A_EXP(1.0),27/04/26 11:00:00,A,PC_GDP,S13,GF03,TE,LT,2013-01-01,1.6,,
ESTAT:GOV_10A_EXP(1.0),27/04/26 11:00:00,A,PC_GDP,S13,GF03,TE,LU,2013-01-01,1.0,,
ESTAT:GOV_10A_EXP(1.0),27/04/26 11:00:00,A,PC_GDP,S13,GF03,TE,LV,2013-01-01,2.0,,
ESTAT:GOV_10A_EXP(1.0),27/04/26 11:00:00,A,PC_GDP,S13,GF03,TE,MT,2013-01-01,1.3,,
ESTAT:GOV_10A_EXP(1.0),27/04/26 11:00:00,A,PC_GDP,S13,GF03,TE,NL,2013-01-01,1.9,,
ESTAT:GOV_10A_EXP(1.0),27/04/26 11:00:00,A,PC_GDP,S13,GF03,TE,NO,2013-01-01,0.9,,
ESTAT:GOV_10A_EXP(1.0),27/04/26 11:00:00,A,PC_GDP,S13,GF03,TE,PL,2013-01-01,2.3,,
ESTAT:GOV_10A_EXP(1.0),27/04/26 11:00:00,A,PC_GDP,S13,GF03,TE,PT,2013-01-01,2.0,,
ESTAT:GOV_10A_EXP(1.0),27/04/26 11:00:00,A,PC_GDP,S13,GF03,TE,RO,2013-01-01,2.2,,
ESTAT:GOV_10A_EXP(1.0),27/04/26 11:00:00,A,PC_GDP,S13,GF03,TE,SE,2013-01-01,1.3,,
ESTAT:GOV_10A_EXP(1.0),27/04/26 11:00:00,A,PC_GDP,S13,GF03,TE,SI,2013-01-01,1.8,,
ESTAT:GOV_10A_EXP(1.0),27/04/26 11:00:00,A,PC_GDP,S13,GF03,TE,SK,2013-01-01,2.8,p,
ESTAT:GOV_10A_EXP(1.0),27/04/26 11:00:00,A,PC_GDP,S13,GF0301,TE,AT,2013-01-01,0.7,,
ESTAT:GOV_10A_EXP(1.0),27/04/26 11:00:00,A,PC_GDP,S13,GF0301,TE,BE,2013-01-01,1.1,,
ESTAT:GOV_10A_EXP(1.0),27/04/26 11:00:00,A,PC_GDP,S13,GF0301,TE,BG,2013-01-01,1.3,,
ESTAT:GOV_10A_EXP(1.0),27/04/26 11:00:00,A,PC_GDP,S13,GF0301,TE,CH,2013-01-01,0.7,,
ESTAT:GOV_10A_EXP(1.0),27/04/26 11:00:00,A,PC_GDP,S13,GF0301,TE,CY,2013-01-01,1.7,,
ESTAT:GOV_10A_EXP(1.0),27/04/26 11:00:00,A,PC_GDP,S13,GF0301,TE,CZ,2013-01-01,0.9,,
ESTAT:GOV_10A_EXP(1.0),27/04/26 11:00:00,A,PC_GDP,S13,GF0301,TE,DE,2013-01-01,0.7,,
ESTAT:GOV_10A_EXP(1.0),27/04/26 11:00:00,A,PC_GDP,S13,GF0301,TE,DK,2013-01-01,0.5,,
ESTAT:GOV_10A_EXP(1.0),27/04/26 11:00:00,A,PC_GDP,S13,GF0301,TE,EA19,2013-01-01,0.9,,
ESTAT:GOV_10A_EXP(1.0),27/04/26 11:00:00,A,PC_GDP,S13,GF0301,TE,EA20,2013-01-01,0.9,,
ESTAT:GOV_10A_EXP(1.0),27/04/26 11:00:00,A,PC_GDP,S13,GF0301,TE,EA21,2013-01-01,0.9,,
ESTAT:GOV_10A_EXP(1.0),27/04/26 11:00:00,A,PC_GDP,S13,GF0301,TE,EE,2013-01-01,0.9,,
ESTAT:GOV_10A_EXP(1.0),27/04/26 11:00:00,A,PC_GDP,S13,GF0301,TE,EL,2013-01-01,1.2,,
ESTAT:GOV_10A_EXP(1.0),27/04/26 11:00:00,A,PC_GDP,S13,GF0301,TE,ES,2013-01-01,1.3,,
ESTAT:GOV_10A_EXP(1.0),27/04/26 11:00:00,A,PC_GDP,S13,GF0301,TE,EU27_2020,2013-01-01,0.9,,
ESTAT:GOV_10A_EXP(1.0),27/04/26 11:00:00,A,PC_GDP,S13,GF0301,TE,FI,2013-01-01,0.6,,
ESTAT:GOV_10A_EXP(1.0),27/04/26 11:00:00,A,PC_GDP,S13,GF0301,TE,FR,2013-01-01,0.9,,
ESTAT:GOV_10A_EXP(1.0),27/04/26 11:00:00,A,PC_GDP,S13,GF0301,TE,HR,2013-01-01,1.2,,
ESTAT:GOV_10A_EXP(1.0),27/04/26 11:00:00,A,PC_GDP,S13,GF0301,TE,HU,2013-01-01,1.1,,
ESTAT:GOV_10A_EXP(1.0),27/04/26 11:00:00,A,PC_GDP,S13,GF0301,TE,IE,2013-01-01,0.8,,
ESTAT:GOV_10A_EXP(1.0),27/04/26 11:00:00,A,PC_GDP,S13,GF0301,TE,IS,2013-01-01,0.6,,
ESTAT:GOV_10A_EXP(1.0),27/04/26 11:00:00,A,PC_GDP,S13,GF0301,TE,IT,2013-01-01,1.1,,
ESTAT:GOV_10A_EXP(1.0),27/04/26 11:00:00,A,PC_GDP,S13,GF0301,TE,LT,2013-01-01,0.5,,
ESTAT:GOV_10A_EXP(1.0),27/04/26 11:00:00,A,PC_GDP,S13,GF0301,TE,LU,2013-01-01,0.5,,
ESTAT:GOV_10A_EXP(1.0),27/04/26 11:00:00,A,PC_GDP,S13,GF0301,TE,LV,2013-01-01,1.1,,
ESTAT:GOV_10A_EXP(1.0),27/04/26 11:00:00,A,PC_GDP,S13,GF0301,TE,MT,2013-01-01,0.8,,
ESTAT:GOV_10A_EXP(1.0),27/04/26 11:00:00,A,PC_GDP,S13,GF0301,TE,NL,2013-01-01,0.8,,
ESTAT:GOV_10A_EXP(1.0),27/04/26 11:00:00,A,PC_GDP,S13,GF0301,TE,NO,2013-01-01,0.4,,
ESTAT:GOV_10A_EXP(1.0),27/04/26 11:00:00,A,PC_GDP,S13,GF0301,TE,PL,2013-01-01,1.3,,
ESTAT:GOV_10A_EXP(1.0),27/04/26 11:00:00,A,PC_GDP,S13,GF0301,TE,PT,2013-01-01,1.2,,
ESTAT:GOV_10A_EXP(1.0),27/04/26 11:00:00,A,PC_GDP,S13,GF0301,TE,RO,2013-01-01,1.1,,
ESTAT:GOV_10A_EXP(1.0),27/04/26 11:00:00,A,PC_GDP,S13,GF0301,TE,SE,2013-01-01,0.6,,
ESTAT:GOV_10A_EXP(1.0),27/04/26 11:00:00,A,PC_GDP,S13,GF0301,TE,SI,2013-01-01,0.8,,
ESTAT:GOV_10A_EXP(1.0),27/04/26 11:00:00,A,PC_GDP,S13,GF0301,TE,SK,2013-01-01,1.2,p,
ESTAT:GOV_10A_EXP(1.0),27/04/26 11:00:00,A,PC_GDP,S13,GF0303,TE,AT,2013-01-01,0.3,,
ESTAT:GOV_10A_EXP(1.0),27/04/26 11:00:00,A,PC_GDP,S13,GF0303,TE,BE,2013-01-01,0.3,,
ESTAT:GOV_10A_EXP(1.0),27/04/26 11:00:00,A,PC_GDP,S13,GF0303,TE,BG,2013-01-01,0.6,,
ESTAT:GOV_10A_EXP(1.0),27/04/26 11:00:00,A,PC_GDP,S13,GF0303,TE,CH,2013-01-01,0.3,,
ESTAT:GOV_10A_EXP(1.0),27/04/26 11:00:00,A,PC_GDP,S13,GF0303,TE,CY,2013-01-01,0.1,,
ESTAT:GOV_10A_EXP(1.0),27/04/26 11:00:00,A,PC_GDP,S13,GF0303,TE,CZ,2013-01-01,0.3,,
ESTAT:GOV_10A_EXP(1.0),27/04/26 11:00:00,A,PC_GDP,S13,GF0303,TE,DE,2013-01-01,0.4,,
ESTAT:GOV_10A_EXP(1.0),27/04/26 11:00:00,A,PC_GDP,S13,GF0303,TE,DK,2013-01-01,0.2,,
ESTAT:GOV_10A_EXP(1.0),27/04/26 11:00:00,A,PC_GDP,S13,GF0303,TE,EA19,2013-01-01,0.3,,
ESTAT:GOV_10A_EXP(1.0),27/04/26 11:00:00,A,PC_GDP,S13,GF0303,TE,EA20,2013-01-01,0.3,,
ESTAT:GOV_10A_EXP(1.0),27/04/26 11:00:00,A,PC_GDP,S13,GF0303,TE,EA21,2013-01-01,0.3,,
ESTAT:GOV_10A_EXP(1.0),27/04/26 11:00:00,A,PC_GDP,S13,GF0303,TE,EE,2013-01-01,0.3,,
ESTAT:GOV_10A_EXP(1.0),27/04/26 11:00:00,A,PC_GDP,S13,GF0303,TE,EL,2013-01-01,0.4,,
ESTAT:GOV_10A_EXP(1.0),27/04/26 11:00:00,A,PC_GDP,S13,GF0303,TE,ES,2013-01-01,0.4,,
ESTAT:GOV_10A_EXP(1.0),27/04/26 11:00:00,A,PC_GDP,S13,GF0303,TE,EU27_2020,2013-01-01,0.3,,
ESTAT:GOV_10A_EXP(1.0),27/04/26 11:00:00,A,PC_GDP,S13,GF0303,TE,FI,2013-01-01,0.2,,
ESTAT:GOV_10A_EXP(1.0),27/04/26 11:00:00,A,PC_GDP,S13,GF0303,TE,FR,2013-01-01,0.2,,
ESTAT:GOV_10A_EXP(1.0),27/04/26 11:00:00,A,PC_GDP,S13,GF0303,TE,HR,2013-01-01,0.5,,
ESTAT:GOV_10A_EXP(1.0),27/04/26 11:00:00,A,PC_GDP,S13,GF0303,TE,HU,2013-01-01,0.4,,
ESTAT:GOV_10A_EXP(1.0),27/04/26 11:00:00,A,PC_GDP,S13,GF0303,TE,IE,2013-01-01,0.3,,
ESTAT:GOV_10A_EXP(1.0),27/04/26 11:00:00,A,PC_GDP,S13,GF0303,TE,IS,2013-01-01,0.2,,
ESTAT:GOV_10A_EXP(1.0),27/04/26 11:00:00,A,PC_GDP,S13,GF0303,TE,IT,2013-01-01,0.3,,
ESTAT:GOV_10A_EXP(1.0),27/04/26 11:00:00,A,PC_GDP,S13,GF0303,TE,LT,2013-01-01,0.2,,
ESTAT:GOV_10A_EXP(1.0),27/04/26 11:00:00,A,PC_GDP,S13,GF0303,TE,LU,2013-01-01,0.2,,
ESTAT:GOV_10A_EXP(1.0),27/04/26 11:00:00,A,PC_GDP,S13,GF0303,TE,LV,2013-01-01,0.4,,
ESTAT:GOV_10A_EXP(1.0),27/04/26 11:00:00,A,PC_GDP,S13,GF0303,TE,MT,2013-01-01,0.3,,
ESTAT:GOV_10A_EXP(1.0),27/04/26 11:00:00,A,PC_GDP,S13,GF0303,TE,NL,2013-01-01,0.3,,
ESTAT:GOV_10A_EXP(1.0),27/04/26 11:00:00,A,PC_GDP,S13,GF0303,TE,NO,2013-01-01,0.1,,
ESTAT:GOV_10A_EXP(1.0),27/04/26 11:00:00,A,PC_GDP,S13,GF0303,TE,PL,2013-01-01,0.5,,
ESTAT:GOV_10A_EXP(1.0),27/04/26 11:00:00,A,PC_GDP,S13,GF0303,TE,PT,2013-01-01,0.4,,
ESTAT:GOV_10A_EXP(1.0),27/04/26 11:00:00,A,PC_GDP,S13,GF0303,TE,RO,2013-01-01,0.4,,
ESTAT:GOV_10A_EXP(1.0),27/04/26 11:00:00,A,PC_GDP,S13,GF0303,TE,SE,2013-01-01,0.3,,
ESTAT:GOV_10A_EXP(1.0),27/04/26 11:00:00,A,PC_GDP,S13,GF0303,TE,SI,2013-01-01,0.6,,
ESTAT:GOV_10A_EXP(1.0),27/04/26 11:00:00,A,PC_GDP,S13,GF0303,TE,SK,2013-01-01,0.3,p,
ESTAT:GOV_10A_EXP(1.0),27/04/26 11:00:00,A,PC_GDP,S13,GF03,TE,AT,2014-01-01,1.3,,
ESTAT:GOV_10A_EXP(1.0),27/04/26 11:00:00,A,PC_GDP,S13,GF03,TE,BE,2014-01-01,1.8,,
ESTAT:GOV_10A_EXP(1.0),27/04/26 11:00:00,A,PC_GDP,S13,GF03,TE,BG,2014-01-01,2.8,,
ESTAT:GOV_10A_EXP(1.0),27/04/26 11:00:00,A,PC_GDP,S13,GF03,TE,CH,2014-01-01,1.6,,
ESTAT:GOV_10A_EXP(1.0),27/04/26 11:00:00,A,PC_GDP,S13,GF03,TE,CY,2014-01-01,1.8,,
ESTAT:GOV_10A_EXP(1.0),27/04/26 11:00:00,A,PC_GDP,S13,GF03,TE,CZ,2014-01-01,1.7,,
ESTAT:GOV_10A_EXP(1.0),27/04/26 11:00:00,A,PC_GDP,S13,GF03,TE,DE,2014-01-01,1.5,,
ESTAT:GOV_10A_EXP(1.0),27/04/26 11:00:00,A,PC_GDP,S13,GF03,TE,DK,2014-01-01,1.0,,
ESTAT:GOV_10A_EXP(1.0),27/04/26 11:00:00,A,PC_GDP,S13,GF03,TE,EA19,2014-01-01,1.7,,
ESTAT:GOV_10A_EXP(1.0),27/04/26 11:00:00,A,PC_GDP,S13,GF03,TE,EA20,2014-01-01,1.7,,
ESTAT:GOV_10A_EXP(1.0),27/04/26 11:00:00,A,PC_GDP,S13,GF03,TE,EA21,2014-01-01,1.7,,
ESTAT:GOV_10A_EXP(1.0),27/04/26 11:00:00,A,PC_GDP,S13,GF03,TE,EE,2014-01-01,1.9,,
ESTAT:GOV_10A_EXP(1.0),27/04/26 11:00:00,A,PC_GDP,S13,GF03,TE,EL,2014-01-01,2.1,,
ESTAT:GOV_10A_EXP(1.0),27/04/26 11:00:00,A,PC_GDP,S13,GF03,TE,ES,2014-01-01,2.0,,
ESTAT:GOV_10A_EXP(1.0),27/04/26 11:00:00,A,PC_GDP,S13,GF03,TE,EU27_2020,2014-01-01,1.7,,
ESTAT:GOV_10A_EXP(1.0),27/04/26 11:00:00,A,PC_GDP,S13,GF03,TE,FI,2014-01-01,1.3,,
ESTAT:GOV_10A_EXP(1.0),27/04/26 11:00:00,A,PC_GDP,S13,GF03,TE,FR,2014-01-01,1.6,,
ESTAT:GOV_10A_EXP(1.0),27/04/26 11:00:00,A,PC_GDP,S13,GF03,TE,HR,2014-01-01,2.2,,
ESTAT:GOV_10A_EXP(1.0),27/04/26 11:00:00,A,PC_GDP,S13,GF03,TE,HU,2014-01-01,1.9,,
ESTAT:GOV_10A_EXP(1.0),27/04/26 11:00:00,A,PC_GDP,S13,GF03,TE,IE,2014-01-01,1.3,,
ESTAT:GOV_10A_EXP(1.0),27/04/26 11:00:00,A,PC_GDP,S13,GF03,TE,IS,2014-01-01,1.4,,
ESTAT:GOV_10A_EXP(1.0),27/04/26 11:00:00,A,PC_GDP,S13,GF03,TE,IT,2014-01-01,1.9,,
ESTAT:GOV_10A_EXP(1.0),27/04/26 11:00:00,A,PC_GDP,S13,GF03,TE,LT,2014-01-01,1.7,,
ESTAT:GOV_10A_EXP(1.0),27/04/26 11:00:00,A,PC_GDP,S13,GF03,TE,LU,2014-01-01,1.0,,
ESTAT:GOV_10A_EXP(1.0),27/04/26 11:00:00,A,PC_GDP,S13,GF03,TE,LV,2014-01-01,2.1,,
ESTAT:GOV_10A_EXP(1.0),27/04/26 11:00:00,A,PC_GDP,S13,GF03,TE,MT,2014-01-01,1.2,,
ESTAT:GOV_10A_EXP(1.0),27/04/26 11:00:00,A,PC_GDP,S13,GF03,TE,NL,2014-01-01,1.8,,
ESTAT:GOV_10A_EXP(1.0),27/04/26 11:00:00,A,PC_GDP,S13,GF03,TE,NO,2014-01-01,1.0,,
ESTAT:GOV_10A_EXP(1.0),27/04/26 11:00:00,A,PC_GDP,S13,GF03,TE,PL,2014-01-01,2.2,,
ESTAT:GOV_10A_EXP(1.0),27/04/26 11:00:00,A,PC_GDP,S13,GF03,TE,PT,2014-01-01,1.9,,
ESTAT:GOV_10A_EXP(1.0),27/04/26 11:00:00,A,PC_GDP,S13,GF03,TE,RO,2014-01-01,2.1,,
ESTAT:GOV_10A_EXP(1.0),27/04/26 11:00:00,A,PC_GDP,S13,GF03,TE,SE,2014-01-01,1.3,,
ESTAT:GOV_10A_EXP(1.0),27/04/26 11:00:00,A,PC_GDP,S13,GF03,TE,SI,2014-01-01,1.7,,
ESTAT:GOV_10A_EXP(1.0),27/04/26 11:00:00,A,PC_GDP,S13,GF03,TE,SK,2014-01-01,2.1,p,
ESTAT:GOV_10A_EXP(1.0),27/04/26 11:00:00,A,PC_GDP,S13,GF0301,TE,AT,2014-01-01,0.7,,
ESTAT:GOV_10A_EXP(1.0),27/04/26 11:00:00,A,PC_GDP,S13,GF0301,TE,BE,2014-01-01,1.1,,
ESTAT:GOV_10A_EXP(1.0),27/04/26 11:00:00,A,PC_GDP,S13,GF0301,TE,BG,2014-01-01,1.4,,
ESTAT:GOV_10A_EXP(1.0),27/04/26 11:00:00,A,PC_GDP,S13,GF0301,TE,CH,2014-01-01,0.7,,
ESTAT:GOV_10A_EXP(1.0),27/04/26 11:00:00,A,PC_GDP,S13,GF0301,TE,CY,2014-01-01,1.4,,
ESTAT:GOV_10A_EXP(1.0),27/04/26 11:00:00,A,PC_GDP,S13,GF0301,TE,CZ,2014-01-01,0.8,,
ESTAT:GOV_10A_EXP(1.0),27/04/26 11:00:00,A,PC_GDP,S13,GF0301,TE,DE,2014-01-01,0.7,,
ESTAT:GOV_10A_EXP(1.0),27/04/26 11:00:00,A,PC_GDP,S13,GF0301,TE,DK,2014-01-01,0.5,,
ESTAT:GOV_10A_EXP(1.0),27/04/26 11:00:00,A,PC_GDP,S13,GF0301,TE,EA19,2014-01-01,0.9,,
ESTAT:GOV_10A_EXP(1.0),27/04/26 11:00:00,A,PC_GDP,S13,GF0301,TE,EA20,2014-01-01,0.9,,
ESTAT:GOV_10A_EXP(1.0),27/04/26 11:00:00,A,PC_GDP,S13,GF0301,TE,EA21,2014-01-01,0.9,,
ESTAT:GOV_10A_EXP(1.0),27/04/26 11:00:00,A,PC_GDP,S13,GF0301,TE,EE,2014-01-01,1.0,,
ESTAT:GOV_10A_EXP(1.0),27/04/26 11:00:00,A,PC_GDP,S13,GF0301,TE,EL,2014-01-01,1.4,,
ESTAT:GOV_10A_EXP(1.0),27/04/26 11:00:00,A,PC_GDP,S13,GF0301,TE,ES,2014-01-01,1.3,,
ESTAT:GOV_10A_EXP(1.0),27/04/26 11:00:00,A,PC_GDP,S13,GF0301,TE,EU27_2020,2014-01-01,0.9,,
ESTAT:GOV_10A_EXP(1.0),27/04/26 11:00:00,A,PC_GDP,S13,GF0301,TE,FI,2014-01-01,0.5,,
ESTAT:GOV_10A_EXP(1.0),27/04/26 11:00:00,A,PC_GDP,S13,GF0301,TE,FR,2014-01-01,0.9,,
ESTAT:GOV_10A_EXP(1.0),27/04/26 11:00:00,A,PC_GDP,S13,GF0301,TE,HR,2014-01-01,1.1,,
ESTAT:GOV_10A_EXP(1.0),27/04/26 11:00:00,A,PC_GDP,S13,GF0301,TE,HU,2014-01-01,1.1,,
ESTAT:GOV_10A_EXP(1.0),27/04/26 11:00:00,A,PC_GDP,S13,GF0301,TE,IE,2014-01-01,0.7,,
ESTAT:GOV_10A_EXP(1.0),27/04/26 11:00:00,A,PC_GDP,S13,GF0301,TE,IS,2014-01-01,0.6,,
ESTAT:GOV_10A_EXP(1.0),27/04/26 11:00:00,A,PC_GDP,S13,GF0301,TE,IT,2014-01-01,1.1,,
ESTAT:GOV_10A_EXP(1.0),27/04/26 11:00:00,A,PC_GDP,S13,GF0301,TE,LT,2014-01-01,0.5,,
ESTAT:GOV_10A_EXP(1.0),27/04/26 11:00:00,A,PC_GDP,S13,GF0301,TE,LU,2014-01-01,0.5,,
ESTAT:GOV_10A_EXP(1.0),27/04/26 11:00:00,A,PC_GDP,S13,GF0301,TE,LV,2014-01-01,1.1,,
ESTAT:GOV_10A_EXP(1.0),27/04/26 11:00:00,A,PC_GDP,S13,GF0301,TE,MT,2014-01-01,0.7,,
ESTAT:GOV_10A_EXP(1.0),27/04/26 11:00:00,A,PC_GDP,S13,GF0301,TE,NL,2014-01-01,0.8,,
ESTAT:GOV_10A_EXP(1.0),27/04/26 11:00:00,A,PC_GDP,S13,GF0301,TE,NO,2014-01-01,0.5,,
ESTAT:GOV_10A_EXP(1.0),27/04/26 11:00:00,A,PC_GDP,S13,GF0301,TE,PL,2014-01-01,1.2,,
ESTAT:GOV_10A_EXP(1.0),27/04/26 11:00:00,A,PC_GDP,S13,GF0301,TE,PT,2014-01-01,1.1,,
ESTAT:GOV_10A_EXP(1.0),27/04/26 11:00:00,A,PC_GDP,S13,GF0301,TE,RO,2014-01-01,1.1,,
ESTAT:GOV_10A_EXP(1.0),27/04/26 11:00:00,A,PC_GDP,S13,GF0301,TE,SE,2014-01-01,0.6,,
ESTAT:GOV_10A_EXP(1.0),27/04/26 11:00:00,A,PC_GDP,S13,GF0301,TE,SI,2014-01-01,0.7,,
ESTAT:GOV_10A_EXP(1.0),27/04/26 11:00:00,A,PC_GDP,S13,GF0301,TE,SK,2014-01-01,0.8,p,
ESTAT:GOV_10A_EXP(1.0),27/04/26 11:00:00,A,PC_GDP,S13,GF0303,TE,AT,2014-01-01,0.3,,
ESTAT:GOV_10A_EXP(1.0),27/04/26 11:00:00,A,PC_GDP,S13,GF0303,TE,BE,2014-01-01,0.2,,
ESTAT:GOV_10A_EXP(1.0),27/04/26 11:00:00,A,PC_GDP,S13,GF0303,TE,BG,2014-01-01,0.7,,
ESTAT:GOV_10A_EXP(1.0),27/04/26 11:00:00,A,PC_GDP,S13,GF0303,TE,CH,2014-01-01,0.3,,
ESTAT:GOV_10A_EXP(1.0),27/04/26 11:00:00,A,PC_GDP,S13,GF0303,TE,CY,2014-01-01,0.1,,
ESTAT:GOV_10A_EXP(1.0),27/04/26 11:00:00,A,PC_GDP,S13,GF0303,TE,CZ,2014-01-01,0.3,,
ESTAT:GOV_10A_EXP(1.0),27/04/26 11:00:00,A,PC_GDP,S13,GF0303,TE,DE,2014-01-01,0.4,,
ESTAT:GOV_10A_EXP(1.0),27/04/26 11:00:00,A,PC_GDP,S13,GF0303,TE,DK,2014-01-01,0.2,,
ESTAT:GOV_10A_EXP(1.0),27/04/26 11:00:00,A,PC_GDP,S13,GF0303,TE,EA19,2014-01-01,0.3,,
ESTAT:GOV_10A_EXP(1.0),27/04/26 11:00:00,A,PC_GDP,S13,GF0303,TE,EA20,2014-01-01,0.3,,
ESTAT:GOV_10A_EXP(1.0),27/04/26 11:00:00,A,PC_GDP,S13,GF0303,TE,EA21,2014-01-01,0.3,,
ESTAT:GOV_10A_EXP(1.0),27/04/26 11:00:00,A,PC_GDP,S13,GF0303,TE,EE,2014-01-01,0.3,,
ESTAT:GOV_10A_EXP(1.0),27/04/26 11:00:00,A,PC_GDP,S13,GF0303,TE,EL,2014-01-01,0.4,,
ESTAT:GOV_10A_EXP(1.0),27/04/26 11:00:00,A,PC_GDP,S13,GF0303,TE,ES,2014-01-01,0.4,,
ESTAT:GOV_10A_EXP(1.0),27/04/26 11:00:00,A,PC_GDP,S13,GF0303,TE,EU27_2020,2014-01-01,0.3,,
ESTAT:GOV_10A_EXP(1.0),27/04/26 11:00:00,A,PC_GDP,S13,GF0303,TE,FI,2014-01-01,0.2,,
ESTAT:GOV_10A_EXP(1.0),27/04/26 11:00:00,A,PC_GDP,S13,GF0303,TE,FR,2014-01-01,0.2,,
ESTAT:GOV_10A_EXP(1.0),27/04/26 11:00:00,A,PC_GDP,S13,GF0303,TE,HR,2014-01-01,0.5,,
ESTAT:GOV_10A_EXP(1.0),27/04/26 11:00:00,A,PC_GDP,S13,GF0303,TE,HU,2014-01-01,0.4,,
ESTAT:GOV_10A_EXP(1.0),27/04/26 11:00:00,A,PC_GDP,S13,GF0303,TE,IE,2014-01-01,0.2,,
ESTAT:GOV_10A_EXP(1.0),27/04/26 11:00:00,A,PC_GDP,S13,GF0303,TE,IS,2014-01-01,0.2,,
ESTAT:GOV_10A_EXP(1.0),27/04/26 11:00:00,A,PC_GDP,S13,GF0303,TE,IT,2014-01-01,0.3,,
ESTAT:GOV_10A_EXP(1.0),27/04/26 11:00:00,A,PC_GDP,S13,GF0303,TE,LT,2014-01-01,0.3,,
ESTAT:GOV_10A_EXP(1.0),27/04/26 11:00:00,A,PC_GDP,S13,GF0303,TE,LU,2014-01-01,0.2,,
ESTAT:GOV_10A_EXP(1.0),27/04/26 11:00:00,A,PC_GDP,S13,GF0303,TE,LV,2014-01-01,0.4,,
ESTAT:GOV_10A_EXP(1.0),27/04/26 11:00:00,A,PC_GDP,S13,GF0303,TE,MT,2014-01-01,0.3,,
ESTAT:GOV_10A_EXP(1.0),27/04/26 11:00:00,A,PC_GDP,S13,GF0303,TE,NL,2014-01-01,0.3,,
ESTAT:GOV_10A_EXP(1.0),27/04/26 11:00:00,A,PC_GDP,S13,GF0303,TE,NO,2014-01-01,0.1,,
ESTAT:GOV_10A_EXP(1.0),27/04/26 11:00:00,A,PC_GDP,S13,GF0303,TE,PL,2014-01-01,0.5,,
ESTAT:GOV_10A_EXP(1.0),27/04/26 11:00:00,A,PC_GDP,S13,GF0303,TE,PT,2014-01-01,0.3,,
ESTAT:GOV_10A_EXP(1.0),27/04/26 11:00:00,A,PC_GDP,S13,GF0303,TE,RO,2014-01-01,0.4,,
ESTAT:GOV_10A_EXP(1.0),27/04/26 11:00:00,A,PC_GDP,S13,GF0303,TE,SE,2014-01-01,0.3,,
ESTAT:GOV_10A_EXP(1.0),27/04/26 11:00:00,A,PC_GDP,S13,GF0303,TE,SI,2014-01-01,0.5,,
ESTAT:GOV_10A_EXP(1.0),27/04/26 11:00:00,A,PC_GDP,S13,GF0303,TE,SK,2014-01-01,0.3,p,
ESTAT:GOV_10A_EXP(1.0),27/04/26 11:00:00,A,PC_GDP,S13,GF03,TE,AT,2015-01-01,1.4,,
ESTAT:GOV_10A_EXP(1.0),27/04/26 11:00:00,A,PC_GDP,S13,GF03,TE,BE,2015-01-01,1.7,,
ESTAT:GOV_10A_EXP(1.0),27/04/26 11:00:00,A,PC_GDP,S13,GF03,TE,BG,2015-01-01,2.8,,
ESTAT:GOV_10A_EXP(1.0),27/04/26 11:00:00,A,PC_GDP,S13,GF03,TE,CH,2015-01-01,1.6,,
ESTAT:GOV_10A_EXP(1.0),27/04/26 11:00:00,A,PC_GDP,S13,GF03,TE,CY,2015-01-01,1.7,,
ESTAT:GOV_10A_EXP(1.0),27/04/26 11:00:00,A,PC_GDP,S13,GF03,TE,CZ,2015-01-01,1.8,,
ESTAT:GOV_10A_EXP(1.0),27/04/26 11:00:00,A,PC_GDP,S13,GF03,TE,DE,2015-01-01,1.5,,
ESTAT:GOV_10A_EXP(1.0),27/04/26 11:00:00,A,PC_GDP,S13,GF03,TE,DK,2015-01-01,1.0,,
ESTAT:GOV_10A_EXP(1.0),27/04/26 11:00:00,A,PC_GDP,S13,GF03,TE,EA19,2015-01-01,1.7,,
ESTAT:GOV_10A_EXP(1.0),27/04/26 11:00:00,A,PC_GDP,S13,GF03,TE,EA20,2015-01-01,1.7,,
ESTAT:GOV_10A_EXP(1.0),27/04/26 11:00:00,A,PC_GDP,S13,GF03,TE,EA21,2015-01-01,1.7,,
ESTAT:GOV_10A_EXP(1.0),27/04/26 11:00:00,A,PC_GDP,S13,GF03,TE,EE,2015-01-01,1.7,,
ESTAT:GOV_10A_EXP(1.0),27/04/26 11:00:00,A,PC_GDP,S13,GF03,TE,EL,2015-01-01,2.1,,
ESTAT:GOV_10A_EXP(1.0),27/04/26 11:00:00,A,PC_GDP,S13,GF03,TE,ES,2015-01-01,2.0,,
ESTAT:GOV_10A_EXP(1.0),27/04/26 11:00:00,A,PC_GDP,S13,GF03,TE,EU27_2020,2015-01-01,1.7,,
ESTAT:GOV_10A_EXP(1.0),27/04/26 11:00:00,A,PC_GDP,S13,GF03,TE,FI,2015-01-01,1.2,b,
ESTAT:GOV_10A_EXP(1.0),27/04/26 11:00:00,A,PC_GDP,S13,GF03,TE,FR,2015-01-01,1.6,,
ESTAT:GOV_10A_EXP(1.0),27/04/26 11:00:00,A,PC_GDP,S13,GF03,TE,HR,2015-01-01,2.3,,
ESTAT:GOV_10A_EXP(1.0),27/04/26 11:00:00,A,PC_GDP,S13,GF03,TE,HU,2015-01-01,2.0,,
ESTAT:GOV_10A_EXP(1.0),27/04/26 11:00:00,A,PC_GDP,S13,GF03,TE,IE,2015-01-01,1.0,,
ESTAT:GOV_10A_EXP(1.0),27/04/26 11:00:00,A,PC_GDP,S13,GF03,TE,IS,2015-01-01,1.4,,
ESTAT:GOV_10A_EXP(1.0),27/04/26 11:00:00,A,PC_GDP,S13,GF03,TE,IT,2015-01-01,1.9,,
ESTAT:GOV_10A_EXP(1.0),27/04/26 11:00:00,A,PC_GDP,S13,GF03,TE,LT,2015-01-01,1.6,,
ESTAT:GOV_10A_EXP(1.0),27/04/26 11:00:00,A,PC_GDP,S13,GF03,TE,LU,2015-01-01,1.0,,
ESTAT:GOV_10A_EXP(1.0),27/04/26 11:00:00,A,PC_GDP,S13,GF03,TE,LV,2015-01-01,2.0,,
ESTAT:GOV_10A_EXP(1.0),27/04/26 11:00:00,A,PC_GDP,S13,GF03,TE,MT,2015-01-01,1.1,,
ESTAT:GOV_10A_EXP(1.0),27/04/26 11:00:00,A,PC_GDP,S13,GF03,TE,NL,2015-01-01,1.9,,
ESTAT:GOV_10A_EXP(1.0),27/04/26 11:00:00,A,PC_GDP,S13,GF03,TE,NO,2015-01-01,1.0,,
ESTAT:GOV_10A_EXP(1.0),27/04/26 11:00:00,A,PC_GDP,S13,GF03,TE,PL,2015-01-01,2.2,,
ESTAT:GOV_10A_EXP(1.0),27/04/26 11:00:00,A,PC_GDP,S13,GF03,TE,PT,2015-01-01,1.9,,
ESTAT:GOV_10A_EXP(1.0),27/04/26 11:00:00,A,PC_GDP,S13,GF03,TE,RO,2015-01-01,2.3,,
ESTAT:GOV_10A_EXP(1.0),27/04/26 11:00:00,A,PC_GDP,S13,GF03,TE,SE,2015-01-01,1.3,,
ESTAT:GOV_10A_EXP(1.0),27/04/26 11:00:00,A,PC_GDP,S13,GF03,TE,SI,2015-01-01,1.6,,
ESTAT:GOV_10A_EXP(1.0),27/04/26 11:00:00,A,PC_GDP,S13,GF03,TE,SK,2015-01-01,2.7,p,
ESTAT:GOV_10A_EXP(1.0),27/04/26 11:00:00,A,PC_GDP,S13,GF0301,TE,AT,2015-01-01,0.7,,
ESTAT:GOV_10A_EXP(1.0),27/04/26 11:00:00,A,PC_GDP,S13,GF0301,TE,BE,2015-01-01,1.0,,
ESTAT:GOV_10A_EXP(1.0),27/04/26 11:00:00,A,PC_GDP,S13,GF0301,TE,BG,2015-01-01,1.3,,
ESTAT:GOV_10A_EXP(1.0),27/04/26 11:00:00,A,PC_GDP,S13,GF0301,TE,CH,2015-01-01,0.7,,
ESTAT:GOV_10A_EXP(1.0),27/04/26 11:00:00,A,PC_GDP,S13,GF0301,TE,CY,2015-01-01,1.3,,
ESTAT:GOV_10A_EXP(1.0),27/04/26 11:00:00,A,PC_GDP,S13,GF0301,TE,CZ,2015-01-01,0.9,,
ESTAT:GOV_10A_EXP(1.0),27/04/26 11:00:00,A,PC_GDP,S13,GF0301,TE,DE,2015-01-01,0.7,,
ESTAT:GOV_10A_EXP(1.0),27/04/26 11:00:00,A,PC_GDP,S13,GF0301,TE,DK,2015-01-01,0.5,,
ESTAT:GOV_10A_EXP(1.0),27/04/26 11:00:00,A,PC_GDP,S13,GF0301,TE,EA19,2015-01-01,0.9,,
ESTAT:GOV_10A_EXP(1.0),27/04/26 11:00:00,A,PC_GDP,S13,GF0301,TE,EA20,2015-01-01,0.9,,
ESTAT:GOV_10A_EXP(1.0),27/04/26 11:00:00,A,PC_GDP,S13,GF0301,TE,EA21,2015-01-01,0.9,,
ESTAT:GOV_10A_EXP(1.0),27/04/26 11:00:00,A,PC_GDP,S13,GF0301,TE,EE,2015-01-01,0.9,,
ESTAT:GOV_10A_EXP(1.0),27/04/26 11:00:00,A,PC_GDP,S13,GF0301,TE,EL,2015-01-01,1.4,,
ESTAT:GOV_10A_EXP(1.0),27/04/26 11:00:00,A,PC_GDP,S13,GF0301,TE,ES,2015-01-01,1.3,,
ESTAT:GOV_10A_EXP(1.0),27/04/26 11:00:00,A,PC_GDP,S13,GF0301,TE,EU27_2020,2015-01-01,0.9,,
ESTAT:GOV_10A_EXP(1.0),27/04/26 11:00:00,A,PC_GDP,S13,GF0301,TE,FI,2015-01-01,0.5,b,
ESTAT:GOV_10A_EXP(1.0),27/04/26 11:00:00,A,PC_GDP,S13,GF0301,TE,FR,2015-01-01,0.9,,
ESTAT:GOV_10A_EXP(1.0),27/04/26 11:00:00,A,PC_GDP,S13,GF0301,TE,HR,2015-01-01,1.2,,
ESTAT:GOV_10A_EXP(1.0),27/04/26 11:00:00,A,PC_GDP,S13,GF0301,TE,HU,2015-01-01,1.2,,
ESTAT:GOV_10A_EXP(1.0),27/04/26 11:00:00,A,PC_GDP,S13,GF0301,TE,IE,2015-01-01,0.6,,
ESTAT:GOV_10A_EXP(1.0),27/04/26 11:00:00,A,PC_GDP,S13,GF0301,TE,IS,2015-01-01,0.7,,
ESTAT:GOV_10A_EXP(1.0),27/04/26 11:00:00,A,PC_GDP,S13,GF0301,TE,IT,2015-01-01,1.1,,
ESTAT:GOV_10A_EXP(1.0),27/04/26 11:00:00,A,PC_GDP,S13,GF0301,TE,LT,2015-01-01,0.6,,
ESTAT:GOV_10A_EXP(1.0),27/04/26 11:00:00,A,PC_GDP,S13,GF0301,TE,LU,2015-01-01,0.5,,
ESTAT:GOV_10A_EXP(1.0),27/04/26 11:00:00,A,PC_GDP,S13,GF0301,TE,LV,2015-01-01,1.1,,
ESTAT:GOV_10A_EXP(1.0),27/04/26 11:00:00,A,PC_GDP,S13,GF0301,TE,MT,2015-01-01,0.7,,
ESTAT:GOV_10A_EXP(1.0),27/04/26 11:00:00,A,PC_GDP,S13,GF0301,TE,NL,2015-01-01,0.8,,
ESTAT:GOV_10A_EXP(1.0),27/04/26 11:00:00,A,PC_GDP,S13,GF0301,TE,NO,2015-01-01,0.5,,
ESTAT:GOV_10A_EXP(1.0),27/04/26 11:00:00,A,PC_GDP,S13,GF0301,TE,PL,2015-01-01,1.2,,
ESTAT:GOV_10A_EXP(1.0),27/04/26 11:00:00,A,PC_GDP,S13,GF0301,TE,PT,2015-01-01,1.1,,
ESTAT:GOV_10A_EXP(1.0),27/04/26 11:00:00,A,PC_GDP,S13,GF0301,TE,RO,2015-01-01,1.1,,
ESTAT:GOV_10A_EXP(1.0),27/04/26 11:00:00,A,PC_GDP,S13,GF0301,TE,SE,2015-01-01,0.6,,
ESTAT:GOV_10A_EXP(1.0),27/04/26 11:00:00,A,PC_GDP,S13,GF0301,TE,SI,2015-01-01,0.8,,
ESTAT:GOV_10A_EXP(1.0),27/04/26 11:00:00,A,PC_GDP,S13,GF0301,TE,SK,2015-01-01,0.9,p,
ESTAT:GOV_10A_EXP(1.0),27/04/26 11:00:00,A,PC_GDP,S13,GF0303,TE,AT,2015-01-01,0.3,,
ESTAT:GOV_10A_EXP(1.0),27/04/26 11:00:00,A,PC_GDP,S13,GF0303,TE,BE,2015-01-01,0.2,,
ESTAT:GOV_10A_EXP(1.0),27/04/26 11:00:00,A,PC_GDP,S13,GF0303,TE,BG,2015-01-01,0.7,,
ESTAT:GOV_10A_EXP(1.0),27/04/26 11:00:00,A,PC_GDP,S13,GF0303,TE,CH,2015-01-01,0.3,,
ESTAT:GOV_10A_EXP(1.0),27/04/26 11:00:00,A,PC_GDP,S13,GF0303,TE,CY,2015-01-01,0.1,,
ESTAT:GOV_10A_EXP(1.0),27/04/26 11:00:00,A,PC_GDP,S13,GF0303,TE,CZ,2015-01-01,0.3,,
ESTAT:GOV_10A_EXP(1.0),27/04/26 11:00:00,A,PC_GDP,S13,GF0303,TE,DE,2015-01-01,0.4,,
ESTAT:GOV_10A_EXP(1.0),27/04/26 11:00:00,A,PC_GDP,S13,GF0303,TE,DK,2015-01-01,0.2,,
ESTAT:GOV_10A_EXP(1.0),27/04/26 11:00:00,A,PC_GDP,S13,GF0303,TE,EA19,2015-01-01,0.3,,
ESTAT:GOV_10A_EXP(1.0),27/04/26 11:00:00,A,PC_GDP,S13,GF0303,TE,EA20,2015-01-01,0.3,,
ESTAT:GOV_10A_EXP(1.0),27/04/26 11:00:00,A,PC_GDP,S13,GF0303,TE,EA21,2015-01-01,0.3,,
ESTAT:GOV_10A_EXP(1.0),27/04/26 11:00:00,A,PC_GDP,S13,GF0303,TE,EE,2015-01-01,0.3,,
ESTAT:GOV_10A_EXP(1.0),27/04/26 11:00:00,A,PC_GDP,S13,GF0303,TE,EL,2015-01-01,0.3,,
ESTAT:GOV_10A_EXP(1.0),27/04/26 11:00:00,A,PC_GDP,S13,GF0303,TE,ES,2015-01-01,0.4,,
ESTAT:GOV_10A_EXP(1.0),27/04/26 11:00:00,A,PC_GDP,S13,GF0303,TE,EU27_2020,2015-01-01,0.3,,
ESTAT:GOV_10A_EXP(1.0),27/04/26 11:00:00,A,PC_GDP,S13,GF0303,TE,FI,2015-01-01,0.2,,
ESTAT:GOV_10A_EXP(1.0),27/04/26 11:00:00,A,PC_GDP,S13,GF0303,TE,FR,2015-01-01,0.3,,
ESTAT:GOV_10A_EXP(1.0),27/04/26 11:00:00,A,PC_GDP,S13,GF0303,TE,HR,2015-01-01,0.5,,
ESTAT:GOV_10A_EXP(1.0),27/04/26 11:00:00,A,PC_GDP,S13,GF0303,TE,HU,2015-01-01,0.4,,
ESTAT:GOV_10A_EXP(1.0),27/04/26 11:00:00,A,PC_GDP,S13,GF0303,TE,IE,2015-01-01,0.2,,
ESTAT:GOV_10A_EXP(1.0),27/04/26 11:00:00,A,PC_GDP,S13,GF0303,TE,IS,2015-01-01,0.2,,
ESTAT:GOV_10A_EXP(1.0),27/04/26 11:00:00,A,PC_GDP,S13,GF0303,TE,IT,2015-01-01,0.3,,
ESTAT:GOV_10A_EXP(1.0),27/04/26 11:00:00,A,PC_GDP,S13,GF0303,TE,LT,2015-01-01,0.3,,
ESTAT:GOV_10A_EXP(1.0),27/04/26 11:00:00,A,PC_GDP,S13,GF0303,TE,LU,2015-01-01,0.2,,
ESTAT:GOV_10A_EXP(1.0),27/04/26 11:00:00,A,PC_GDP,S13,GF0303,TE,LV,2015-01-01,0.4,,
ESTAT:GOV_10A_EXP(1.0),27/04/26 11:00:00,A,PC_GDP,S13,GF0303,TE,MT,2015-01-01,0.2,,
ESTAT:GOV_10A_EXP(1.0),27/04/26 11:00:00,A,PC_GDP,S13,GF0303,TE,NL,2015-01-01,0.3,,
ESTAT:GOV_10A_EXP(1.0),27/04/26 11:00:00,A,PC_GDP,S13,GF0303,TE,NO,2015-01-01,0.1,,
ESTAT:GOV_10A_EXP(1.0),27/04/26 11:00:00,A,PC_GDP,S13,GF0303,TE,PL,2015-01-01,0.5,,
ESTAT:GOV_10A_EXP(1.0),27/04/26 11:00:00,A,PC_GDP,S13,GF0303,TE,PT,2015-01-01,0.4,,
ESTAT:GOV_10A_EXP(1.0),27/04/26 11:00:00,A,PC_GDP,S13,GF0303,TE,RO,2015-01-01,0.4,,
ESTAT:GOV_10A_EXP(1.0),27/04/26 11:00:00,A,PC_GDP,S13,GF0303,TE,SE,2015-01-01,0.3,,
ESTAT:GOV_10A_EXP(1.0),27/04/26 11:00:00,A,PC_GDP,S13,GF0303,TE,SI,2015-01-01,0.5,,
ESTAT:GOV_10A_EXP(1.0),27/04/26 11:00:00,A,PC_GDP,S13,GF0303,TE,SK,2015-01-01,0.3,p,
ESTAT:GOV_10A_EXP(1.0),27/04/26 11:00:00,A,PC_GDP,S13,GF03,TE,AT,2016-01-01,1.4,,
ESTAT:GOV_10A_EXP(1.0),27/04/26 11:00:00,A,PC_GDP,S13,GF03,TE,BE,2016-01-01,1.7,,
ESTAT:GOV_10A_EXP(1.0),27/04/26 11:00:00,A,PC_GDP,S13,GF03,TE,BG,2016-01-01,2.3,,
ESTAT:GOV_10A_EXP(1.0),27/04/26 11:00:00,A,PC_GDP,S13,GF03,TE,CH,2016-01-01,1.6,,
ESTAT:GOV_10A_EXP(1.0),27/04/26 11:00:00,A,PC_GDP,S13,GF03,TE,CY,2016-01-01,1.6,,
ESTAT:GOV_10A_EXP(1.0),27/04/26 11:00:00,A,PC_GDP,S13,GF03,TE,CZ,2016-01-01,1.7,,
ESTAT:GOV_10A_EXP(1.0),27/04/26 11:00:00,A,PC_GDP,S13,GF03,TE,DE,2016-01-01,1.5,,
ESTAT:GOV_10A_EXP(1.0),27/04/26 11:00:00,A,PC_GDP,S13,GF03,TE,DK,2016-01-01,1.0,,
ESTAT:GOV_10A_EXP(1.0),27/04/26 11:00:00,A,PC_GDP,S13,GF03,TE,EA19,2016-01-01,1.7,,
ESTAT:GOV_10A_EXP(1.0),27/04/26 11:00:00,A,PC_GDP,S13,GF03,TE,EA20,2016-01-01,1.7,,
ESTAT:GOV_10A_EXP(1.0),27/04/26 11:00:00,A,PC_GDP,S13,GF03,TE,EA21,2016-01-01,1.7,,
ESTAT:GOV_10A_EXP(1.0),27/04/26 11:00:00,A,PC_GDP,S13,GF03,TE,EE,2016-01-01,1.9,,
ESTAT:GOV_10A_EXP(1.0),27/04/26 11:00:00,A,PC_GDP,S13,GF03,TE,EL,2016-01-01,2.2,,
ESTAT:GOV_10A_EXP(1.0),27/04/26 11:00:00,A,PC_GDP,S13,GF03,TE,ES,2016-01-01,1.9,,
ESTAT:GOV_10A_EXP(1.0),27/04/26 11:00:00,A,PC_GDP,S13,GF03,TE,EU27_2020,2016-01-01,1.7,,
ESTAT:GOV_10A_EXP(1.0),27/04/26 11:00:00,A,PC_GDP,S13,GF03,TE,FI,2016-01-01,1.2,,
ESTAT:GOV_10A_EXP(1.0),27/04/26 11:00:00,A,PC_GDP,S13,GF03,TE,FR,2016-01-01,1.6,,
ESTAT:GOV_10A_EXP(1.0),27/04/26 11:00:00,A,PC_GDP,S13,GF03,TE,HR,2016-01-01,2.2,,
ESTAT:GOV_10A_EXP(1.0),27/04/26 11:00:00,A,PC_GDP,S13,GF03,TE,HU,2016-01-01,2.3,,
ESTAT:GOV_10A_EXP(1.0),27/04/26 11:00:00,A,PC_GDP,S13,GF03,TE,IE,2016-01-01,1.0,,
ESTAT:GOV_10A_EXP(1.0),27/04/26 11:00:00,A,PC_GDP,S13,GF03,TE,IS,2016-01-01,1.3,,
ESTAT:GOV_10A_EXP(1.0),27/04/26 11:00:00,A,PC_GDP,S13,GF03,TE,IT,2016-01-01,1.8,,
ESTAT:GOV_10A_EXP(1.0),27/04/26 11:00:00,A,PC_GDP,S13,GF03,TE,LT,2016-01-01,1.5,,
ESTAT:GOV_10A_EXP(1.0),27/04/26 11:00:00,A,PC_GDP,S13,GF03,TE,LU,2016-01-01,1.0,,
ESTAT:GOV_10A_EXP(1.0),27/04/26 11:00:00,A,PC_GDP,S13,GF03,TE,LV,2016-01-01,2.2,,
ESTAT:GOV_10A_EXP(1.0),27/04/26 11:00:00,A,PC_GDP,S13,GF03,TE,MT,2016-01-01,1.1,,
ESTAT:GOV_10A_EXP(1.0),27/04/26 11:00:00,A,PC_GDP,S13,GF03,TE,NL,2016-01-01,1.8,,
ESTAT:GOV_10A_EXP(1.0),27/04/26 11:00:00,A,PC_GDP,S13,GF03,TE,NO,2016-01-01,1.1,,
ESTAT:GOV_10A_EXP(1.0),27/04/26 11:00:00,A,PC_GDP,S13,GF03,TE,PL,2016-01-01,2.2,,
ESTAT:GOV_10A_EXP(1.0),27/04/26 11:00:00,A,PC_GDP,S13,GF03,TE,PT,2016-01-01,1.8,,
ESTAT:GOV_10A_EXP(1.0),27/04/26 11:00:00,A,PC_GDP,S13,GF03,TE,RO,2016-01-01,2.4,,
ESTAT:GOV_10A_EXP(1.0),27/04/26 11:00:00,A,PC_GDP,S13,GF03,TE,SE,2016-01-01,1.3,,
ESTAT:GOV_10A_EXP(1.0),27/04/26 11:00:00,A,PC_GDP,S13,GF03,TE,SI,2016-01-01,1.7,,
ESTAT:GOV_10A_EXP(1.0),27/04/26 11:00:00,A,PC_GDP,S13,GF03,TE,SK,2016-01-01,2.7,p,
ESTAT:GOV_10A_EXP(1.0),27/04/26 11:00:00,A,PC_GDP,S13,GF0301,TE,AT,2016-01-01,0.7,,
ESTAT:GOV_10A_EXP(1.0),27/04/26 11:00:00,A,PC_GDP,S13,GF0301,TE,BE,2016-01-01,1.0,,
ESTAT:GOV_10A_EXP(1.0),27/04/26 11:00:00,A,PC_GDP,S13,GF0301,TE,BG,2016-01-01,1.1,,
ESTAT:GOV_10A_EXP(1.0),27/04/26 11:00:00,A,PC_GDP,S13,GF0301,TE,CH,2016-01-01,0.7,,
ESTAT:GOV_10A_EXP(1.0),27/04/26 11:00:00,A,PC_GDP,S13,GF0301,TE,CY,2016-01-01,1.3,,
ESTAT:GOV_10A_EXP(1.0),27/04/26 11:00:00,A,PC_GDP,S13,GF0301,TE,CZ,2016-01-01,0.9,,
ESTAT:GOV_10A_EXP(1.0),27/04/26 11:00:00,A,PC_GDP,S13,GF0301,TE,DE,2016-01-01,0.7,,
ESTAT:GOV_10A_EXP(1.0),27/04/26 11:00:00,A,PC_GDP,S13,GF0301,TE,DK,2016-01-01,0.5,,
ESTAT:GOV_10A_EXP(1.0),27/04/26 11:00:00,A,PC_GDP,S13,GF0301,TE,EA19,2016-01-01,0.9,,
ESTAT:GOV_10A_EXP(1.0),27/04/26 11:00:00,A,PC_GDP,S13,GF0301,TE,EA20,2016-01-01,0.9,,
ESTAT:GOV_10A_EXP(1.0),27/04/26 11:00:00,A,PC_GDP,S13,GF0301,TE,EA21,2016-01-01,0.9,,
ESTAT:GOV_10A_EXP(1.0),27/04/26 11:00:00,A,PC_GDP,S13,GF0301,TE,EE,2016-01-01,1.0,,
ESTAT:GOV_10A_EXP(1.0),27/04/26 11:00:00,A,PC_GDP,S13,GF0301,TE,EL,2016-01-01,1.4,,
ESTAT:GOV_10A_EXP(1.0),27/04/26 11:00:00,A,PC_GDP,S13,GF0301,TE,ES,2016-01-01,1.2,,
ESTAT:GOV_10A_EXP(1.0),27/04/26 11:00:00,A,PC_GDP,S13,GF0301,TE,EU27_2020,2016-01-01,0.9,,
ESTAT:GOV_10A_EXP(1.0),27/04/26 11:00:00,A,PC_GDP,S13,GF0301,TE,FI,2016-01-01,0.5,,
ESTAT:GOV_10A_EXP(1.0),27/04/26 11:00:00,A,PC_GDP,S13,GF0301,TE,FR,2016-01-01,0.9,,
ESTAT:GOV_10A_EXP(1.0),27/04/26 11:00:00,A,PC_GDP,S13,GF0301,TE,HR,2016-01-01,1.2,,
ESTAT:GOV_10A_EXP(1.0),27/04/26 11:00:00,A,PC_GDP,S13,GF0301,TE,HU,2016-01-01,1.3,,
ESTAT:GOV_10A_EXP(1.0),27/04/26 11:00:00,A,PC_GDP,S13,GF0301,TE,IE,2016-01-01,0.6,,
ESTAT:GOV_10A_EXP(1.0),27/04/26 11:00:00,A,PC_GDP,S13,GF0301,TE,IS,2016-01-01,0.7,,
ESTAT:GOV_10A_EXP(1.0),27/04/26 11:00:00,A,PC_GDP,S13,GF0301,TE,IT,2016-01-01,1.1,,
ESTAT:GOV_10A_EXP(1.0),27/04/26 11:00:00,A,PC_GDP,S13,GF0301,TE,LT,2016-01-01,0.5,,
ESTAT:GOV_10A_EXP(1.0),27/04/26 11:00:00,A,PC_GDP,S13,GF0301,TE,LU,2016-01-01,0.4,,
ESTAT:GOV_10A_EXP(1.0),27/04/26 11:00:00,A,PC_GDP,S13,GF0301,TE,LV,2016-01-01,1.2,,
ESTAT:GOV_10A_EXP(1.0),27/04/26 11:00:00,A,PC_GDP,S13,GF0301,TE,MT,2016-01-01,0.6,,
ESTAT:GOV_10A_EXP(1.0),27/04/26 11:00:00,A,PC_GDP,S13,GF0301,TE,NL,2016-01-01,0.8,,
ESTAT:GOV_10A_EXP(1.0),27/04/26 11:00:00,A,PC_GDP,S13,GF0301,TE,NO,2016-01-01,0.6,,
ESTAT:GOV_10A_EXP(1.0),27/04/26 11:00:00,A,PC_GDP,S13,GF0301,TE,PL,2016-01-01,1.1,,
ESTAT:GOV_10A_EXP(1.0),27/04/26 11:00:00,A,PC_GDP,S13,GF0301,TE,PT,2016-01-01,1.0,,
ESTAT:GOV_10A_EXP(1.0),27/04/26 11:00:00,A,PC_GDP,S13,GF0301,TE,RO,2016-01-01,1.4,,
ESTAT:GOV_10A_EXP(1.0),27/04/26 11:00:00,A,PC_GDP,S13,GF0301,TE,SE,2016-01-01,0.6,,
ESTAT:GOV_10A_EXP(1.0),27/04/26 11:00:00,A,PC_GDP,S13,GF0301,TE,SI,2016-01-01,0.9,,
ESTAT:GOV_10A_EXP(1.0),27/04/26 11:00:00,A,PC_GDP,S13,GF0301,TE,SK,2016-01-01,1.2,p,
ESTAT:GOV_10A_EXP(1.0),27/04/26 11:00:00,A,PC_GDP,S13,GF0303,TE,AT,2016-01-01,0.3,,
ESTAT:GOV_10A_EXP(1.0),27/04/26 11:00:00,A,PC_GDP,S13,GF0303,TE,BE,2016-01-01,0.2,,
ESTAT:GOV_10A_EXP(1.0),27/04/26 11:00:00,A,PC_GDP,S13,GF0303,TE,BG,2016-01-01,0.6,,
ESTAT:GOV_10A_EXP(1.0),27/04/26 11:00:00,A,PC_GDP,S13,GF0303,TE,CH,2016-01-01,0.3,,
ESTAT:GOV_10A_EXP(1.0),27/04/26 11:00:00,A,PC_GDP,S13,GF0303,TE,CY,2016-01-01,0.1,,
ESTAT:GOV_10A_EXP(1.0),27/04/26 11:00:00,A,PC_GDP,S13,GF0303,TE,CZ,2016-01-01,0.3,,
ESTAT:GOV_10A_EXP(1.0),27/04/26 11:00:00,A,PC_GDP,S13,GF0303,TE,DE,2016-01-01,0.4,,
ESTAT:GOV_10A_EXP(1.0),27/04/26 11:00:00,A,PC_GDP,S13,GF0303,TE,DK,2016-01-01,0.2,,
ESTAT:GOV_10A_EXP(1.0),27/04/26 11:00:00,A,PC_GDP,S13,GF0303,TE,EA19,2016-01-01,0.3,,
ESTAT:GOV_10A_EXP(1.0),27/04/26 11:00:00,A,PC_GDP,S13,GF0303,TE,EA20,2016-01-01,0.3,,
ESTAT:GOV_10A_EXP(1.0),27/04/26 11:00:00,A,PC_GDP,S13,GF0303,TE,EA21,2016-01-01,0.3,,
ESTAT:GOV_10A_EXP(1.0),27/04/26 11:00:00,A,PC_GDP,S13,GF0303,TE,EE,2016-01-01,0.3,,
ESTAT:GOV_10A_EXP(1.0),27/04/26 11:00:00,A,PC_GDP,S13,GF0303,TE,EL,2016-01-01,0.3,,
ESTAT:GOV_10A_EXP(1.0),27/04/26 11:00:00,A,PC_GDP,S13,GF0303,TE,ES,2016-01-01,0.3,,
ESTAT:GOV_10A_EXP(1.0),27/04/26 11:00:00,A,PC_GDP,S13,GF0303,TE,EU27_2020,2016-01-01,0.3,,
ESTAT:GOV_10A_EXP(1.0),27/04/26 11:00:00,A,PC_GDP,S13,GF0303,TE,FI,2016-01-01,0.2,,
ESTAT:GOV_10A_EXP(1.0),27/04/26 11:00:00,A,PC_GDP,S13,GF0303,TE,FR,2016-01-01,0.3,,
ESTAT:GOV_10A_EXP(1.0),27/04/26 11:00:00,A,PC_GDP,S13,GF0303,TE,HR,2016-01-01,0.5,,
ESTAT:GOV_10A_EXP(1.0),27/04/26 11:00:00,A,PC_GDP,S13,GF0303,TE,HU,2016-01-01,0.4,,
ESTAT:GOV_10A_EXP(1.0),27/04/26 11:00:00,A,PC_GDP,S13,GF0303,TE,IE,2016-01-01,0.2,,
ESTAT:GOV_10A_EXP(1.0),27/04/26 11:00:00,A,PC_GDP,S13,GF0303,TE,IS,2016-01-01,0.2,,
ESTAT:GOV_10A_EXP(1.0),27/04/26 11:00:00,A,PC_GDP,S13,GF0303,TE,IT,2016-01-01,0.3,,
ESTAT:GOV_10A_EXP(1.0),27/04/26 11:00:00,A,PC_GDP,S13,GF0303,TE,LT,2016-01-01,0.3,,
ESTAT:GOV_10A_EXP(1.0),27/04/26 11:00:00,A,PC_GDP,S13,GF0303,TE,LU,2016-01-01,0.2,,
ESTAT:GOV_10A_EXP(1.0),27/04/26 11:00:00,A,PC_GDP,S13,GF0303,TE,LV,2016-01-01,0.4,,
ESTAT:GOV_10A_EXP(1.0),27/04/26 11:00:00,A,PC_GDP,S13,GF0303,TE,MT,2016-01-01,0.3,,
ESTAT:GOV_10A_EXP(1.0),27/04/26 11:00:00,A,PC_GDP,S13,GF0303,TE,NL,2016-01-01,0.3,,
ESTAT:GOV_10A_EXP(1.0),27/04/26 11:00:00,A,PC_GDP,S13,GF0303,TE,NO,2016-01-01,0.2,,
ESTAT:GOV_10A_EXP(1.0),27/04/26 11:00:00,A,PC_GDP,S13,GF0303,TE,PL,2016-01-01,0.5,,
ESTAT:GOV_10A_EXP(1.0),27/04/26 11:00:00,A,PC_GDP,S13,GF0303,TE,PT,2016-01-01,0.3,,
ESTAT:GOV_10A_EXP(1.0),27/04/26 11:00:00,A,PC_GDP,S13,GF0303,TE,RO,2016-01-01,0.4,,
ESTAT:GOV_10A_EXP(1.0),27/04/26 11:00:00,A,PC_GDP,S13,GF0303,TE,SE,2016-01-01,0.3,,
ESTAT:GOV_10A_EXP(1.0),27/04/26 11:00:00,A,PC_GDP,S13,GF0303,TE,SI,2016-01-01,0.5,,
ESTAT:GOV_10A_EXP(1.0),27/04/26 11:00:00,A,PC_GDP,S13,GF0303,TE,SK,2016-01-01,0.3,p,
ESTAT:GOV_10A_EXP(1.0),27/04/26 11:00:00,A,PC_GDP,S13,GF03,TE,AT,2017-01-01,1.4,,
ESTAT:GOV_10A_EXP(1.0),27/04/26 11:00:00,A,PC_GDP,S13,GF03,TE,BE,2017-01-01,1.7,,
ESTAT:GOV_10A_EXP(1.0),27/04/26 11:00:00,A,PC_GDP,S13,GF03,TE,BG,2017-01-01,2.5,,
ESTAT:GOV_10A_EXP(1.0),27/04/26 11:00:00,A,PC_GDP,S13,GF03,TE,CH,2017-01-01,1.6,,
ESTAT:GOV_10A_EXP(1.0),27/04/26 11:00:00,A,PC_GDP,S13,GF03,TE,CY,2017-01-01,1.6,,
ESTAT:GOV_10A_EXP(1.0),27/04/26 11:00:00,A,PC_GDP,S13,GF03,TE,CZ,2017-01-01,1.7,,
ESTAT:GOV_10A_EXP(1.0),27/04/26 11:00:00,A,PC_GDP,S13,GF03,TE,DE,2017-01-01,1.5,,
ESTAT:GOV_10A_EXP(1.0),27/04/26 11:00:00,A,PC_GDP,S13,GF03,TE,DK,2017-01-01,0.9,,
ESTAT:GOV_10A_EXP(1.0),27/04/26 11:00:00,A,PC_GDP,S13,GF03,TE,EA19,2017-01-01,1.6,,
ESTAT:GOV_10A_EXP(1.0),27/04/26 11:00:00,A,PC_GDP,S13,GF03,TE,EA20,2017-01-01,1.6,,
ESTAT:GOV_10A_EXP(1.0),27/04/26 11:00:00,A,PC_GDP,S13,GF03,TE,EA21,2017-01-01,1.6,,
ESTAT:GOV_10A_EXP(1.0),27/04/26 11:00:00,A,PC_GDP,S13,GF03,TE,EE,2017-01-01,1.9,,
ESTAT:GOV_10A_EXP(1.0),27/04/26 11:00:00,A,PC_GDP,S13,GF03,TE,EL,2017-01-01,2.1,,
ESTAT:GOV_10A_EXP(1.0),27/04/26 11:00:00,A,PC_GDP,S13,GF03,TE,ES,2017-01-01,1.8,,
ESTAT:GOV_10A_EXP(1.0),27/04/26 11:00:00,A,PC_GDP,S13,GF03,TE,EU27_2020,2017-01-01,1.6,,
ESTAT:GOV_10A_EXP(1.0),27/04/26 11:00:00,A,PC_GDP,S13,GF03,TE,FI,2017-01-01,1.1,,
ESTAT:GOV_10A_EXP(1.0),27/04/26 11:00:00,A,PC_GDP,S13,GF03,TE,FR,2017-01-01,1.7,,
ESTAT:GOV_10A_EXP(1.0),27/04/26 11:00:00,A,PC_GDP,S13,GF03,TE,HR,2017-01-01,2.0,,
ESTAT:GOV_10A_EXP(1.0),27/04/26 11:00:00,A,PC_GDP,S13,GF03,TE,HU,2017-01-01,2.3,,
ESTAT:GOV_10A_EXP(1.0),27/04/26 11:00:00,A,PC_GDP,S13,GF03,TE,IE,2017-01-01,1.0,,
ESTAT:GOV_10A_EXP(1.0),27/04/26 11:00:00,A,PC_GDP,S13,GF03,TE,IS,2017-01-01,1.4,,
ESTAT:GOV_10A_EXP(1.0),27/04/26 11:00:00,A,PC_GDP,S13,GF03,TE,IT,2017-01-01,1.8,,
ESTAT:GOV_10A_EXP(1.0),27/04/26 11:00:00,A,PC_GDP,S13,GF03,TE,LT,2017-01-01,1.5,,
ESTAT:GOV_10A_EXP(1.0),27/04/26 11:00:00,A,PC_GDP,S13,GF03,TE,LU,2017-01-01,1.0,,
ESTAT:GOV_10A_EXP(1.0),27/04/26 11:00:00,A,PC_GDP,S13,GF03,TE,LV,2017-01-01,2.4,,
ESTAT:GOV_10A_EXP(1.0),27/04/26 11:00:00,A,PC_GDP,S13,GF03,TE,MT,2017-01-01,1.0,,
ESTAT:GOV_10A_EXP(1.0),27/04/26 11:00:00,A,PC_GDP,S13,GF03,TE,NL,2017-01-01,1.8,,
ESTAT:GOV_10A_EXP(1.0),27/04/26 11:00:00,A,PC_GDP,S13,GF03,TE,NO,2017-01-01,1.1,,
ESTAT:GOV_10A_EXP(1.0),27/04/26 11:00:00,A,PC_GDP,S13,GF03,TE,PL,2017-01-01,2.1,,
ESTAT:GOV_10A_EXP(1.0),27/04/26 11:00:00,A,PC_GDP,S13,GF03,TE,PT,2017-01-01,1.7,,
ESTAT:GOV_10A_EXP(1.0),27/04/26 11:00:00,A,PC_GDP,S13,GF03,TE,RO,2017-01-01,2.5,,
ESTAT:GOV_10A_EXP(1.0),27/04/26 11:00:00,A,PC_GDP,S13,GF03,TE,SE,2017-01-01,1.3,,
ESTAT:GOV_10A_EXP(1.0),27/04/26 11:00:00,A,PC_GDP,S13,GF03,TE,SI,2017-01-01,1.6,,
ESTAT:GOV_10A_EXP(1.0),27/04/26 11:00:00,A,PC_GDP,S13,GF03,TE,SK,2017-01-01,2.2,p,
ESTAT:GOV_10A_EXP(1.0),27/04/26 11:00:00,A,PC_GDP,S13,GF0301,TE,AT,2017-01-01,0.7,,
ESTAT:GOV_10A_EXP(1.0),27/04/26 11:00:00,A,PC_GDP,S13,GF0301,TE,BE,2017-01-01,1.0,,
ESTAT:GOV_10A_EXP(1.0),27/04/26 11:00:00,A,PC_GDP,S13,GF0301,TE,BG,2017-01-01,1.2,,
ESTAT:GOV_10A_EXP(1.0),27/04/26 11:00:00,A,PC_GDP,S13,GF0301,TE,CH,2017-01-01,0.7,,
ESTAT:GOV_10A_EXP(1.0),27/04/26 11:00:00,A,PC_GDP,S13,GF0301,TE,CY,2017-01-01,1.3,,
ESTAT:GOV_10A_EXP(1.0),27/04/26 11:00:00,A,PC_GDP,S13,GF0301,TE,CZ,2017-01-01,0.9,,
ESTAT:GOV_10A_EXP(1.0),27/04/26 11:00:00,A,PC_GDP,S13,GF0301,TE,DE,2017-01-01,0.7,,
ESTAT:GOV_10A_EXP(1.0),27/04/26 11:00:00,A,PC_GDP,S13,GF0301,TE,DK,2017-01-01,0.5,,
ESTAT:GOV_10A_EXP(1.0),27/04/26 11:00:00,A,PC_GDP,S13,GF0301,TE,EA19,2017-01-01,0.9,,
ESTAT:GOV_10A_EXP(1.0),27/04/26 11:00:00,A,PC_GDP,S13,GF0301,TE,EA20,2017-01-01,0.9,,
ESTAT:GOV_10A_EXP(1.0),27/04/26 11:00:00,A,PC_GDP,S13,GF0301,TE,EA21,2017-01-01,0.9,,
ESTAT:GOV_10A_EXP(1.0),27/04/26 11:00:00,A,PC_GDP,S13,GF0301,TE,EE,2017-01-01,1.0,,
ESTAT:GOV_10A_EXP(1.0),27/04/26 11:00:00,A,PC_GDP,S13,GF0301,TE,EL,2017-01-01,1.4,,
ESTAT:GOV_10A_EXP(1.0),27/04/26 11:00:00,A,PC_GDP,S13,GF0301,TE,ES,2017-01-01,1.2,,
ESTAT:GOV_10A_EXP(1.0),27/04/26 11:00:00,A,PC_GDP,S13,GF0301,TE,EU27_2020,2017-01-01,0.9,,
ESTAT:GOV_10A_EXP(1.0),27/04/26 11:00:00,A,PC_GDP,S13,GF0301,TE,FI,2017-01-01,0.5,,
ESTAT:GOV_10A_EXP(1.0),27/04/26 11:00:00,A,PC_GDP,S13,GF0301,TE,FR,2017-01-01,0.9,,
ESTAT:GOV_10A_EXP(1.0),27/04/26 11:00:00,A,PC_GDP,S13,GF0301,TE,HR,2017-01-01,1.1,,
ESTAT:GOV_10A_EXP(1.0),27/04/26 11:00:00,A,PC_GDP,S13,GF0301,TE,HU,2017-01-01,1.4,,
ESTAT:GOV_10A_EXP(1.0),27/04/26 11:00:00,A,PC_GDP,S13,GF0301,TE,IE,2017-01-01,0.6,,
ESTAT:GOV_10A_EXP(1.0),27/04/26 11:00:00,A,PC_GDP,S13,GF0301,TE,IS,2017-01-01,0.7,,
ESTAT:GOV_10A_EXP(1.0),27/04/26 11:00:00,A,PC_GDP,S13,GF0301,TE,IT,2017-01-01,1.1,,
ESTAT:GOV_10A_EXP(1.0),27/04/26 11:00:00,A,PC_GDP,S13,GF0301,TE,LT,2017-01-01,0.5,,
ESTAT:GOV_10A_EXP(1.0),27/04/26 11:00:00,A,PC_GDP,S13,GF0301,TE,LU,2017-01-01,0.5,,
ESTAT:GOV_10A_EXP(1.0),27/04/26 11:00:00,A,PC_GDP,S13,GF0301,TE,LV,2017-01-01,1.3,,
ESTAT:GOV_10A_EXP(1.0),27/04/26 11:00:00,A,PC_GDP,S13,GF0301,TE,MT,2017-01-01,0.6,,
ESTAT:GOV_10A_EXP(1.0),27/04/26 11:00:00,A,PC_GDP,S13,GF0301,TE,NL,2017-01-01,0.8,,
ESTAT:GOV_10A_EXP(1.0),27/04/26 11:00:00,A,PC_GDP,S13,GF0301,TE,NO,2017-01-01,0.6,,
ESTAT:GOV_10A_EXP(1.0),27/04/26 11:00:00,A,PC_GDP,S13,GF0301,TE,PL,2017-01-01,1.1,,
ESTAT:GOV_10A_EXP(1.0),27/04/26 11:00:00,A,PC_GDP,S13,GF0301,TE,PT,2017-01-01,1.0,,
ESTAT:GOV_10A_EXP(1.0),27/04/26 11:00:00,A,PC_GDP,S13,GF0301,TE,RO,2017-01-01,1.4,,
ESTAT:GOV_10A_EXP(1.0),27/04/26 11:00:00,A,PC_GDP,S13,GF0301,TE,SE,2017-01-01,0.6,,
ESTAT:GOV_10A_EXP(1.0),27/04/26 11:00:00,A,PC_GDP,S13,GF0301,TE,SI,2017-01-01,0.8,,
ESTAT:GOV_10A_EXP(1.0),27/04/26 11:00:00,A,PC_GDP,S13,GF0301,TE,SK,2017-01-01,1.0,p,
ESTAT:GOV_10A_EXP(1.0),27/04/26 11:00:00,A,PC_GDP,S13,GF0303,TE,AT,2017-01-01,0.3,,
ESTAT:GOV_10A_EXP(1.0),27/04/26 11:00:00,A,PC_GDP,S13,GF0303,TE,BE,2017-01-01,0.2,,
ESTAT:GOV_10A_EXP(1.0),27/04/26 11:00:00,A,PC_GDP,S13,GF0303,TE,BG,2017-01-01,0.6,,
ESTAT:GOV_10A_EXP(1.0),27/04/26 11:00:00,A,PC_GDP,S13,GF0303,TE,CH,2017-01-01,0.3,,
ESTAT:GOV_10A_EXP(1.0),27/04/26 11:00:00,A,PC_GDP,S13,GF0303,TE,CY,2017-01-01,0.1,,
ESTAT:GOV_10A_EXP(1.0),27/04/26 11:00:00,A,PC_GDP,S13,GF0303,TE,CZ,2017-01-01,0.3,,
ESTAT:GOV_10A_EXP(1.0),27/04/26 11:00:00,A,PC_GDP,S13,GF0303,TE,DE,2017-01-01,0.4,,
ESTAT:GOV_10A_EXP(1.0),27/04/26 11:00:00,A,PC_GDP,S13,GF0303,TE,DK,2017-01-01,0.2,,
ESTAT:GOV_10A_EXP(1.0),27/04/26 11:00:00,A,PC_GDP,S13,GF0303,TE,EA19,2017-01-01,0.3,,
ESTAT:GOV_10A_EXP(1.0),27/04/26 11:00:00,A,PC_GDP,S13,GF0303,TE,EA20,2017-01-01,0.3,,
ESTAT:GOV_10A_EXP(1.0),27/04/26 11:00:00,A,PC_GDP,S13,GF0303,TE,EA21,2017-01-01,0.3,,
ESTAT:GOV_10A_EXP(1.0),27/04/26 11:00:00,A,PC_GDP,S13,GF0303,TE,EE,2017-01-01,0.3,,
ESTAT:GOV_10A_EXP(1.0),27/04/26 11:00:00,A,PC_GDP,S13,GF0303,TE,EL,2017-01-01,0.3,,
ESTAT:GOV_10A_EXP(1.0),27/04/26 11:00:00,A,PC_GDP,S13,GF0303,TE,ES,2017-01-01,0.3,,
ESTAT:GOV_10A_EXP(1.0),27/04/26 11:00:00,A,PC_GDP,S13,GF0303,TE,EU27_2020,2017-01-01,0.3,,
ESTAT:GOV_10A_EXP(1.0),27/04/26 11:00:00,A,PC_GDP,S13,GF0303,TE,FI,2017-01-01,0.2,,
ESTAT:GOV_10A_EXP(1.0),27/04/26 11:00:00,A,PC_GDP,S13,GF0303,TE,FR,2017-01-01,0.3,,
ESTAT:GOV_10A_EXP(1.0),27/04/26 11:00:00,A,PC_GDP,S13,GF0303,TE,HR,2017-01-01,0.5,,
ESTAT:GOV_10A_EXP(1.0),27/04/26 11:00:00,A,PC_GDP,S13,GF0303,TE,HU,2017-01-01,0.4,,
ESTAT:GOV_10A_EXP(1.0),27/04/26 11:00:00,A,PC_GDP,S13,GF0303,TE,IE,2017-01-01,0.2,,
ESTAT:GOV_10A_EXP(1.0),27/04/26 11:00:00,A,PC_GDP,S13,GF0303,TE,IS,2017-01-01,0.2,,
ESTAT:GOV_10A_EXP(1.0),27/04/26 11:00:00,A,PC_GDP,S13,GF0303,TE,IT,2017-01-01,0.3,,
ESTAT:GOV_10A_EXP(1.0),27/04/26 11:00:00,A,PC_GDP,S13,GF0303,TE,LT,2017-01-01,0.3,,
ESTAT:GOV_10A_EXP(1.0),27/04/26 11:00:00,A,PC_GDP,S13,GF0303,TE,LU,2017-01-01,0.2,,
ESTAT:GOV_10A_EXP(1.0),27/04/26 11:00:00,A,PC_GDP,S13,GF0303,TE,LV,2017-01-01,0.4,,
ESTAT:GOV_10A_EXP(1.0),27/04/26 11:00:00,A,PC_GDP,S13,GF0303,TE,MT,2017-01-01,0.2,,
ESTAT:GOV_10A_EXP(1.0),27/04/26 11:00:00,A,PC_GDP,S13,GF0303,TE,NL,2017-01-01,0.3,,
ESTAT:GOV_10A_EXP(1.0),27/04/26 11:00:00,A,PC_GDP,S13,GF0303,TE,NO,2017-01-01,0.1,,
ESTAT:GOV_10A_EXP(1.0),27/04/26 11:00:00,A,PC_GDP,S13,GF0303,TE,PL,2017-01-01,0.5,,
ESTAT:GOV_10A_EXP(1.0),27/04/26 11:00:00,A,PC_GDP,S13,GF0303,TE,PT,2017-01-01,0.3,,
ESTAT:GOV_10A_EXP(1.0),27/04/26 11:00:00,A,PC_GDP,S13,GF0303,TE,RO,2017-01-01,0.5,,
ESTAT:GOV_10A_EXP(1.0),27/04/26 11:00:00,A,PC_GDP,S13,GF0303,TE,SE,2017-01-01,0.3,,
ESTAT:GOV_10A_EXP(1.0),27/04/26 11:00:00,A,PC_GDP,S13,GF0303,TE,SI,2017-01-01,0.5,,
ESTAT:GOV_10A_EXP(1.0),27/04/26 11:00:00,A,PC_GDP,S13,GF0303,TE,SK,2017-01-01,0.3,p,
ESTAT:GOV_10A_EXP(1.0),27/04/26 11:00:00,A,PC_GDP,S13,GF03,TE,AT,2018-01-01,1.4,,
ESTAT:GOV_10A_EXP(1.0),27/04/26 11:00:00,A,PC_GDP,S13,GF03,TE,BE,2018-01-01,1.7,,
ESTAT:GOV_10A_EXP(1.0),27/04/26 11:00:00,A,PC_GDP,S13,GF03,TE,BG,2018-01-01,2.5,,
ESTAT:GOV_10A_EXP(1.0),27/04/26 11:00:00,A,PC_GDP,S13,GF03,TE,CH,2018-01-01,1.6,,
ESTAT:GOV_10A_EXP(1.0),27/04/26 11:00:00,A,PC_GDP,S13,GF03,TE,CY,2018-01-01,1.7,,
ESTAT:GOV_10A_EXP(1.0),27/04/26 11:00:00,A,PC_GDP,S13,GF03,TE,CZ,2018-01-01,1.8,,
ESTAT:GOV_10A_EXP(1.0),27/04/26 11:00:00,A,PC_GDP,S13,GF03,TE,DE,2018-01-01,1.5,,
ESTAT:GOV_10A_EXP(1.0),27/04/26 11:00:00,A,PC_GDP,S13,GF03,TE,DK,2018-01-01,0.9,,
ESTAT:GOV_10A_EXP(1.0),27/04/26 11:00:00,A,PC_GDP,S13,GF03,TE,EA19,2018-01-01,1.6,,
ESTAT:GOV_10A_EXP(1.0),27/04/26 11:00:00,A,PC_GDP,S13,GF03,TE,EA20,2018-01-01,1.6,,
ESTAT:GOV_10A_EXP(1.0),27/04/26 11:00:00,A,PC_GDP,S13,GF03,TE,EA21,2018-01-01,1.6,,
ESTAT:GOV_10A_EXP(1.0),27/04/26 11:00:00,A,PC_GDP,S13,GF03,TE,EE,2018-01-01,1.8,,
ESTAT:GOV_10A_EXP(1.0),27/04/26 11:00:00,A,PC_GDP,S13,GF03,TE,EL,2018-01-01,2.3,,
ESTAT:GOV_10A_EXP(1.0),27/04/26 11:00:00,A,PC_GDP,S13,GF03,TE,ES,2018-01-01,1.8,,
ESTAT:GOV_10A_EXP(1.0),27/04/26 11:00:00,A,PC_GDP,S13,GF03,TE,EU27_2020,2018-01-01,1.7,,
ESTAT:GOV_10A_EXP(1.0),27/04/26 11:00:00,A,PC_GDP,S13,GF03,TE,FI,2018-01-01,1.1,,
ESTAT:GOV_10A_EXP(1.0),27/04/26 11:00:00,A,PC_GDP,S13,GF03,TE,FR,2018-01-01,1.6,,
ESTAT:GOV_10A_EXP(1.0),27/04/26 11:00:00,A,PC_GDP,S13,GF03,TE,HR,2018-01-01,2.0,,
ESTAT:GOV_10A_EXP(1.0),27/04/26 11:00:00,A,PC_GDP,S13,GF03,TE,HU,2018-01-01,2.2,,
ESTAT:GOV_10A_EXP(1.0),27/04/26 11:00:00,A,PC_GDP,S13,GF03,TE,IE,2018-01-01,0.9,,
ESTAT:GOV_10A_EXP(1.0),27/04/26 11:00:00,A,PC_GDP,S13,GF03,TE,IS,2018-01-01,1.4,,
ESTAT:GOV_10A_EXP(1.0),27/04/26 11:00:00,A,PC_GDP,S13,GF03,TE,IT,2018-01-01,1.8,,
ESTAT:GOV_10A_EXP(1.0),27/04/26 11:00:00,A,PC_GDP,S13,GF03,TE,LT,2018-01-01,1.4,,
ESTAT:GOV_10A_EXP(1.0),27/04/26 11:00:00,A,PC_GDP,S13,GF03,TE,LU,2018-01-01,1.1,,
ESTAT:GOV_10A_EXP(1.0),27/04/26 11:00:00,A,PC_GDP,S13,GF03,TE,LV,2018-01-01,2.3,,
ESTAT:GOV_10A_EXP(1.0),27/04/26 11:00:00,A,PC_GDP,S13,GF03,TE,MT,2018-01-01,1.1,,
ESTAT:GOV_10A_EXP(1.0),27/04/26 11:00:00,A,PC_GDP,S13,GF03,TE,NL,2018-01-01,1.8,,
ESTAT:GOV_10A_EXP(1.0),27/04/26 11:00:00,A,PC_GDP,S13,GF03,TE,NO,2018-01-01,1.1,,
ESTAT:GOV_10A_EXP(1.0),27/04/26 11:00:00,A,PC_GDP,S13,GF03,TE,PL,2018-01-01,2.1,,
ESTAT:GOV_10A_EXP(1.0),27/04/26 11:00:00,A,PC_GDP,S13,GF03,TE,PT,2018-01-01,1.7,,
ESTAT:GOV_10A_EXP(1.0),27/04/26 11:00:00,A,PC_GDP,S13,GF03,TE,RO,2018-01-01,2.6,,
ESTAT:GOV_10A_EXP(1.0),27/04/26 11:00:00,A,PC_GDP,S13,GF03,TE,SE,2018-01-01,1.3,,
ESTAT:GOV_10A_EXP(1.0),27/04/26 11:00:00,A,PC_GDP,S13,GF03,TE,SI,2018-01-01,1.5,,
ESTAT:GOV_10A_EXP(1.0),27/04/26 11:00:00,A,PC_GDP,S13,GF03,TE,SK,2018-01-01,2.2,p,
ESTAT:GOV_10A_EXP(1.0),27/04/26 11:00:00,A,PC_GDP,S13,GF0301,TE,AT,2018-01-01,0.7,,
ESTAT:GOV_10A_EXP(1.0),27/04/26 11:00:00,A,PC_GDP,S13,GF0301,TE,BE,2018-01-01,1.0,,
ESTAT:GOV_10A_EXP(1.0),27/04/26 11:00:00,A,PC_GDP,S13,GF0301,TE,BG,2018-01-01,1.2,,
ESTAT:GOV_10A_EXP(1.0),27/04/26 11:00:00,A,PC_GDP,S13,GF0301,TE,CH,2018-01-01,0.7,,
ESTAT:GOV_10A_EXP(1.0),27/04/26 11:00:00,A,PC_GDP,S13,GF0301,TE,CY,2018-01-01,1.2,,
ESTAT:GOV_10A_EXP(1.0),27/04/26 11:00:00,A,PC_GDP,S13,GF0301,TE,CZ,2018-01-01,0.9,,
ESTAT:GOV_10A_EXP(1.0),27/04/26 11:00:00,A,PC_GDP,S13,GF0301,TE,DE,2018-01-01,0.7,,
ESTAT:GOV_10A_EXP(1.0),27/04/26 11:00:00,A,PC_GDP,S13,GF0301,TE,DK,2018-01-01,0.5,,
ESTAT:GOV_10A_EXP(1.0),27/04/26 11:00:00,A,PC_GDP,S13,GF0301,TE,EA19,2018-01-01,0.9,,
ESTAT:GOV_10A_EXP(1.0),27/04/26 11:00:00,A,PC_GDP,S13,GF0301,TE,EA20,2018-01-01,0.9,,
ESTAT:GOV_10A_EXP(1.0),27/04/26 11:00:00,A,PC_GDP,S13,GF0301,TE,EA21,2018-01-01,0.9,,
ESTAT:GOV_10A_EXP(1.0),27/04/26 11:00:00,A,PC_GDP,S13,GF0301,TE,EE,2018-01-01,1.0,,
ESTAT:GOV_10A_EXP(1.0),27/04/26 11:00:00,A,PC_GDP,S13,GF0301,TE,EL,2018-01-01,1.5,,
ESTAT:GOV_10A_EXP(1.0),27/04/26 11:00:00,A,PC_GDP,S13,GF0301,TE,ES,2018-01-01,1.1,,
ESTAT:GOV_10A_EXP(1.0),27/04/26 11:00:00,A,PC_GDP,S13,GF0301,TE,EU27_2020,2018-01-01,0.9,,
ESTAT:GOV_10A_EXP(1.0),27/04/26 11:00:00,A,PC_GDP,S13,GF0301,TE,FI,2018-01-01,0.5,,
ESTAT:GOV_10A_EXP(1.0),27/04/26 11:00:00,A,PC_GDP,S13,GF0301,TE,FR,2018-01-01,0.9,,
ESTAT:GOV_10A_EXP(1.0),27/04/26 11:00:00,A,PC_GDP,S13,GF0301,TE,HR,2018-01-01,1.2,,
ESTAT:GOV_10A_EXP(1.0),27/04/26 11:00:00,A,PC_GDP,S13,GF0301,TE,HU,2018-01-01,1.4,,
ESTAT:GOV_10A_EXP(1.0),27/04/26 11:00:00,A,PC_GDP,S13,GF0301,TE,IE,2018-01-01,0.6,,
ESTAT:GOV_10A_EXP(1.0),27/04/26 11:00:00,A,PC_GDP,S13,GF0301,TE,IS,2018-01-01,0.7,,
ESTAT:GOV_10A_EXP(1.0),27/04/26 11:00:00,A,PC_GDP,S13,GF0301,TE,IT,2018-01-01,1.1,,
ESTAT:GOV_10A_EXP(1.0),27/04/26 11:00:00,A,PC_GDP,S13,GF0301,TE,LT,2018-01-01,0.5,,
ESTAT:GOV_10A_EXP(1.0),27/04/26 11:00:00,A,PC_GDP,S13,GF0301,TE,LU,2018-01-01,0.5,,
ESTAT:GOV_10A_EXP(1.0),27/04/26 11:00:00,A,PC_GDP,S13,GF0301,TE,LV,2018-01-01,1.3,,
ESTAT:GOV_10A_EXP(1.0),27/04/26 11:00:00,A,PC_GDP,S13,GF0301,TE,MT,2018-01-01,0.7,,
ESTAT:GOV_10A_EXP(1.0),27/04/26 11:00:00,A,PC_GDP,S13,GF0301,TE,NL,2018-01-01,0.8,,
ESTAT:GOV_10A_EXP(1.0),27/04/26 11:00:00,A,PC_GDP,S13,GF0301,TE,NO,2018-01-01,0.5,,
ESTAT:GOV_10A_EXP(1.0),27/04/26 11:00:00,A,PC_GDP,S13,GF0301,TE,PL,2018-01-01,1.1,,
ESTAT:GOV_10A_EXP(1.0),27/04/26 11:00:00,A,PC_GDP,S13,GF0301,TE,PT,2018-01-01,1.0,,
ESTAT:GOV_10A_EXP(1.0),27/04/26 11:00:00,A,PC_GDP,S13,GF0301,TE,RO,2018-01-01,1.6,,
ESTAT:GOV_10A_EXP(1.0),27/04/26 11:00:00,A,PC_GDP,S13,GF0301,TE,SE,2018-01-01,0.6,,
ESTAT:GOV_10A_EXP(1.0),27/04/26 11:00:00,A,PC_GDP,S13,GF0301,TE,SI,2018-01-01,0.8,,
ESTAT:GOV_10A_EXP(1.0),27/04/26 11:00:00,A,PC_GDP,S13,GF0301,TE,SK,2018-01-01,1.0,p,
ESTAT:GOV_10A_EXP(1.0),27/04/26 11:00:00,A,PC_GDP,S13,GF0303,TE,AT,2018-01-01,0.3,,
ESTAT:GOV_10A_EXP(1.0),27/04/26 11:00:00,A,PC_GDP,S13,GF0303,TE,BE,2018-01-01,0.2,,
ESTAT:GOV_10A_EXP(1.0),27/04/26 11:00:00,A,PC_GDP,S13,GF0303,TE,BG,2018-01-01,0.6,,
ESTAT:GOV_10A_EXP(1.0),27/04/26 11:00:00,A,PC_GDP,S13,GF0303,TE,CH,2018-01-01,0.3,,
ESTAT:GOV_10A_EXP(1.0),27/04/26 11:00:00,A,PC_GDP,S13,GF0303,TE,CY,2018-01-01,0.2,,
ESTAT:GOV_10A_EXP(1.0),27/04/26 11:00:00,A,PC_GDP,S13,GF0303,TE,CZ,2018-01-01,0.3,,
ESTAT:GOV_10A_EXP(1.0),27/04/26 11:00:00,A,PC_GDP,S13,GF0303,TE,DE,2018-01-01,0.4,,
ESTAT:GOV_10A_EXP(1.0),27/04/26 11:00:00,A,PC_GDP,S13,GF0303,TE,DK,2018-01-01,0.2,,
ESTAT:GOV_10A_EXP(1.0),27/04/26 11:00:00,A,PC_GDP,S13,GF0303,TE,EA19,2018-01-01,0.3,,
ESTAT:GOV_10A_EXP(1.0),27/04/26 11:00:00,A,PC_GDP,S13,GF0303,TE,EA20,2018-01-01,0.3,,
ESTAT:GOV_10A_EXP(1.0),27/04/26 11:00:00,A,PC_GDP,S13,GF0303,TE,EA21,2018-01-01,0.3,,
ESTAT:GOV_10A_EXP(1.0),27/04/26 11:00:00,A,PC_GDP,S13,GF0303,TE,EE,2018-01-01,0.3,,
ESTAT:GOV_10A_EXP(1.0),27/04/26 11:00:00,A,PC_GDP,S13,GF0303,TE,EL,2018-01-01,0.4,,
ESTAT:GOV_10A_EXP(1.0),27/04/26 11:00:00,A,PC_GDP,S13,GF0303,TE,ES,2018-01-01,0.3,,
ESTAT:GOV_10A_EXP(1.0),27/04/26 11:00:00,A,PC_GDP,S13,GF0303,TE,EU27_2020,2018-01-01,0.3,,
ESTAT:GOV_10A_EXP(1.0),27/04/26 11:00:00,A,PC_GDP,S13,GF0303,TE,FI,2018-01-01,0.2,,
ESTAT:GOV_10A_EXP(1.0),27/04/26 11:00:00,A,PC_GDP,S13,GF0303,TE,FR,2018-01-01,0.3,,
ESTAT:GOV_10A_EXP(1.0),27/04/26 11:00:00,A,PC_GDP,S13,GF0303,TE,HR,2018-01-01,0.5,,
ESTAT:GOV_10A_EXP(1.0),27/04/26 11:00:00,A,PC_GDP,S13,GF0303,TE,HU,2018-01-01,0.4,,
ESTAT:GOV_10A_EXP(1.0),27/04/26 11:00:00,A,PC_GDP,S13,GF0303,TE,IE,2018-01-01,0.2,,
ESTAT:GOV_10A_EXP(1.0),27/04/26 11:00:00,A,PC_GDP,S13,GF0303,TE,IS,2018-01-01,0.2,,
ESTAT:GOV_10A_EXP(1.0),27/04/26 11:00:00,A,PC_GDP,S13,GF0303,TE,IT,2018-01-01,0.3,,
ESTAT:GOV_10A_EXP(1.0),27/04/26 11:00:00,A,PC_GDP,S13,GF0303,TE,LT,2018-01-01,0.3,,
ESTAT:GOV_10A_EXP(1.0),27/04/26 11:00:00,A,PC_GDP,S13,GF0303,TE,LU,2018-01-01,0.2,,
ESTAT:GOV_10A_EXP(1.0),27/04/26 11:00:00,A,PC_GDP,S13,GF0303,TE,LV,2018-01-01,0.4,,
ESTAT:GOV_10A_EXP(1.0),27/04/26 11:00:00,A,PC_GDP,S13,GF0303,TE,MT,2018-01-01,0.2,,
ESTAT:GOV_10A_EXP(1.0),27/04/26 11:00:00,A,PC_GDP,S13,GF0303,TE,NL,2018-01-01,0.3,,
ESTAT:GOV_10A_EXP(1.0),27/04/26 11:00:00,A,PC_GDP,S13,GF0303,TE,NO,2018-01-01,0.1,,
ESTAT:GOV_10A_EXP(1.0),27/04/26 11:00:00,A,PC_GDP,S13,GF0303,TE,PL,2018-01-01,0.5,,
ESTAT:GOV_10A_EXP(1.0),27/04/26 11:00:00,A,PC_GDP,S13,GF0303,TE,PT,2018-01-01,0.3,,
ESTAT:GOV_10A_EXP(1.0),27/04/26 11:00:00,A,PC_GDP,S13,GF0303,TE,RO,2018-01-01,0.4,,
ESTAT:GOV_10A_EXP(1.0),27/04/26 11:00:00,A,PC_GDP,S13,GF0303,TE,SE,2018-01-01,0.3,,
ESTAT:GOV_10A_EXP(1.0),27/04/26 11:00:00,A,PC_GDP,S13,GF0303,TE,SI,2018-01-01,0.5,,
ESTAT:GOV_10A_EXP(1.0),27/04/26 11:00:00,A,PC_GDP,S13,GF0303,TE,SK,2018-01-01,0.3,p,
ESTAT:GOV_10A_EXP(1.0),27/04/26 11:00:00,A,PC_GDP,S13,GF03,TE,AT,2019-01-01,1.3,,
ESTAT:GOV_10A_EXP(1.0),27/04/26 11:00:00,A,PC_GDP,S13,GF03,TE,BE,2019-01-01,1.7,,
ESTAT:GOV_10A_EXP(1.0),27/04/26 11:00:00,A,PC_GDP,S13,GF03,TE,BG,2019-01-01,2.7,,
ESTAT:GOV_10A_EXP(1.0),27/04/26 11:00:00,A,PC_GDP,S13,GF03,TE,CH,2019-01-01,1.6,,
ESTAT:GOV_10A_EXP(1.0),27/04/26 11:00:00,A,PC_GDP,S13,GF03,TE,CY,2019-01-01,1.6,,
ESTAT:GOV_10A_EXP(1.0),27/04/26 11:00:00,A,PC_GDP,S13,GF03,TE,CZ,2019-01-01,1.9,,
ESTAT:GOV_10A_EXP(1.0),27/04/26 11:00:00,A,PC_GDP,S13,GF03,TE,DE,2019-01-01,1.6,,
ESTAT:GOV_10A_EXP(1.0),27/04/26 11:00:00,A,PC_GDP,S13,GF03,TE,DK,2019-01-01,1.0,,
ESTAT:GOV_10A_EXP(1.0),27/04/26 11:00:00,A,PC_GDP,S13,GF03,TE,EA19,2019-01-01,1.7,,
ESTAT:GOV_10A_EXP(1.0),27/04/26 11:00:00,A,PC_GDP,S13,GF03,TE,EA20,2019-01-01,1.7,,
ESTAT:GOV_10A_EXP(1.0),27/04/26 11:00:00,A,PC_GDP,S13,GF03,TE,EA21,2019-01-01,1.7,,
ESTAT:GOV_10A_EXP(1.0),27/04/26 11:00:00,A,PC_GDP,S13,GF03,TE,EE,2019-01-01,1.8,,
ESTAT:GOV_10A_EXP(1.0),27/04/26 11:00:00,A,PC_GDP,S13,GF03,TE,EL,2019-01-01,2.1,,
ESTAT:GOV_10A_EXP(1.0),27/04/26 11:00:00,A,PC_GDP,S13,GF03,TE,ES,2019-01-01,1.8,,
ESTAT:GOV_10A_EXP(1.0),27/04/26 11:00:00,A,PC_GDP,S13,GF03,TE,EU27_2020,2019-01-01,1.7,,
ESTAT:GOV_10A_EXP(1.0),27/04/26 11:00:00,A,PC_GDP,S13,GF03,TE,FI,2019-01-01,1.2,,
ESTAT:GOV_10A_EXP(1.0),27/04/26 11:00:00,A,PC_GDP,S13,GF03,TE,FR,2019-01-01,1.7,,
ESTAT:GOV_10A_EXP(1.0),27/04/26 11:00:00,A,PC_GDP,S13,GF03,TE,HR,2019-01-01,2.2,,
ESTAT:GOV_10A_EXP(1.0),27/04/26 11:00:00,A,PC_GDP,S13,GF03,TE,HU,2019-01-01,2.1,,
ESTAT:GOV_10A_EXP(1.0),27/04/26 11:00:00,A,PC_GDP,S13,GF03,TE,IE,2019-01-01,0.9,,
ESTAT:GOV_10A_EXP(1.0),27/04/26 11:00:00,A,PC_GDP,S13,GF03,TE,IS,2019-01-01,1.4,,
ESTAT:GOV_10A_EXP(1.0),27/04/26 11:00:00,A,PC_GDP,S13,GF03,TE,IT,2019-01-01,1.8,,
ESTAT:GOV_10A_EXP(1.0),27/04/26 11:00:00,A,PC_GDP,S13,GF03,TE,LT,2019-01-01,1.4,,
ESTAT:GOV_10A_EXP(1.0),27/04/26 11:00:00,A,PC_GDP,S13,GF03,TE,LU,2019-01-01,1.2,,
ESTAT:GOV_10A_EXP(1.0),27/04/26 11:00:00,A,PC_GDP,S13,GF03,TE,LV,2019-01-01,2.3,,
ESTAT:GOV_10A_EXP(1.0),27/04/26 11:00:00,A,PC_GDP,S13,GF03,TE,MT,2019-01-01,1.2,,
ESTAT:GOV_10A_EXP(1.0),27/04/26 11:00:00,A,PC_GDP,S13,GF03,TE,NL,2019-01-01,1.8,,
ESTAT:GOV_10A_EXP(1.0),27/04/26 11:00:00,A,PC_GDP,S13,GF03,TE,NO,2019-01-01,1.2,,
ESTAT:GOV_10A_EXP(1.0),27/04/26 11:00:00,A,PC_GDP,S13,GF03,TE,PL,2019-01-01,2.1,,
ESTAT:GOV_10A_EXP(1.0),27/04/26 11:00:00,A,PC_GDP,S13,GF03,TE,PT,2019-01-01,1.7,,
ESTAT:GOV_10A_EXP(1.0),27/04/26 11:00:00,A,PC_GDP,S13,GF03,TE,RO,2019-01-01,2.7,,
ESTAT:GOV_10A_EXP(1.0),27/04/26 11:00:00,A,PC_GDP,S13,GF03,TE,SE,2019-01-01,1.3,,
ESTAT:GOV_10A_EXP(1.0),27/04/26 11:00:00,A,PC_GDP,S13,GF03,TE,SI,2019-01-01,1.6,,
ESTAT:GOV_10A_EXP(1.0),27/04/26 11:00:00,A,PC_GDP,S13,GF03,TE,SK,2019-01-01,2.5,p,
ESTAT:GOV_10A_EXP(1.0),27/04/26 11:00:00,A,PC_GDP,S13,GF0301,TE,AT,2019-01-01,0.7,,
ESTAT:GOV_10A_EXP(1.0),27/04/26 11:00:00,A,PC_GDP,S13,GF0301,TE,BE,2019-01-01,1.0,,
ESTAT:GOV_10A_EXP(1.0),27/04/26 11:00:00,A,PC_GDP,S13,GF0301,TE,BG,2019-01-01,1.3,,
ESTAT:GOV_10A_EXP(1.0),27/04/26 11:00:00,A,PC_GDP,S13,GF0301,TE,CH,2019-01-01,0.7,,
ESTAT:GOV_10A_EXP(1.0),27/04/26 11:00:00,A,PC_GDP,S13,GF0301,TE,CY,2019-01-01,1.2,,
ESTAT:GOV_10A_EXP(1.0),27/04/26 11:00:00,A,PC_GDP,S13,GF0301,TE,CZ,2019-01-01,1.0,,
ESTAT:GOV_10A_EXP(1.0),27/04/26 11:00:00,A,PC_GDP,S13,GF0301,TE,DE,2019-01-01,0.8,,
ESTAT:GOV_10A_EXP(1.0),27/04/26 11:00:00,A,PC_GDP,S13,GF0301,TE,DK,2019-01-01,0.6,,
ESTAT:GOV_10A_EXP(1.0),27/04/26 11:00:00,A,PC_GDP,S13,GF0301,TE,EA19,2019-01-01,0.9,,
ESTAT:GOV_10A_EXP(1.0),27/04/26 11:00:00,A,PC_GDP,S13,GF0301,TE,EA20,2019-01-01,0.9,,
ESTAT:GOV_10A_EXP(1.0),27/04/26 11:00:00,A,PC_GDP,S13,GF0301,TE,EA21,2019-01-01,0.9,,
ESTAT:GOV_10A_EXP(1.0),27/04/26 11:00:00,A,PC_GDP,S13,GF0301,TE,EE,2019-01-01,0.9,,
ESTAT:GOV_10A_EXP(1.0),27/04/26 11:00:00,A,PC_GDP,S13,GF0301,TE,EL,2019-01-01,1.3,,
ESTAT:GOV_10A_EXP(1.0),27/04/26 11:00:00,A,PC_GDP,S13,GF0301,TE,ES,2019-01-01,1.1,,
ESTAT:GOV_10A_EXP(1.0),27/04/26 11:00:00,A,PC_GDP,S13,GF0301,TE,EU27_2020,2019-01-01,0.9,,
ESTAT:GOV_10A_EXP(1.0),27/04/26 11:00:00,A,PC_GDP,S13,GF0301,TE,FI,2019-01-01,0.5,,
ESTAT:GOV_10A_EXP(1.0),27/04/26 11:00:00,A,PC_GDP,S13,GF0301,TE,FR,2019-01-01,0.9,,
ESTAT:GOV_10A_EXP(1.0),27/04/26 11:00:00,A,PC_GDP,S13,GF0301,TE,HR,2019-01-01,1.3,,
ESTAT:GOV_10A_EXP(1.0),27/04/26 11:00:00,A,PC_GDP,S13,GF0301,TE,HU,2019-01-01,1.2,,
ESTAT:GOV_10A_EXP(1.0),27/04/26 11:00:00,A,PC_GDP,S13,GF0301,TE,IE,2019-01-01,0.5,,
ESTAT:GOV_10A_EXP(1.0),27/04/26 11:00:00,A,PC_GDP,S13,GF0301,TE,IS,2019-01-01,0.7,,
ESTAT:GOV_10A_EXP(1.0),27/04/26 11:00:00,A,PC_GDP,S13,GF0301,TE,IT,2019-01-01,1.1,,
ESTAT:GOV_10A_EXP(1.0),27/04/26 11:00:00,A,PC_GDP,S13,GF0301,TE,LT,2019-01-01,0.5,,
ESTAT:GOV_10A_EXP(1.0),27/04/26 11:00:00,A,PC_GDP,S13,GF0301,TE,LU,2019-01-01,0.5,,
ESTAT:GOV_10A_EXP(1.0),27/04/26 11:00:00,A,PC_GDP,S13,GF0301,TE,LV,2019-01-01,1.3,,
ESTAT:GOV_10A_EXP(1.0),27/04/26 11:00:00,A,PC_GDP,S13,GF0301,TE,MT,2019-01-01,0.7,,
ESTAT:GOV_10A_EXP(1.0),27/04/26 11:00:00,A,PC_GDP,S13,GF0301,TE,NL,2019-01-01,0.8,,
ESTAT:GOV_10A_EXP(1.0),27/04/26 11:00:00,A,PC_GDP,S13,GF0301,TE,NO,2019-01-01,0.6,,
ESTAT:GOV_10A_EXP(1.0),27/04/26 11:00:00,A,PC_GDP,S13,GF0301,TE,PL,2019-01-01,1.1,,
ESTAT:GOV_10A_EXP(1.0),27/04/26 11:00:00,A,PC_GDP,S13,GF0301,TE,PT,2019-01-01,1.0,,
ESTAT:GOV_10A_EXP(1.0),27/04/26 11:00:00,A,PC_GDP,S13,GF0301,TE,RO,2019-01-01,1.6,,
ESTAT:GOV_10A_EXP(1.0),27/04/26 11:00:00,A,PC_GDP,S13,GF0301,TE,SE,2019-01-01,0.6,,
ESTAT:GOV_10A_EXP(1.0),27/04/26 11:00:00,A,PC_GDP,S13,GF0301,TE,SI,2019-01-01,0.8,,
ESTAT:GOV_10A_EXP(1.0),27/04/26 11:00:00,A,PC_GDP,S13,GF0301,TE,SK,2019-01-01,1.1,p,
ESTAT:GOV_10A_EXP(1.0),27/04/26 11:00:00,A,PC_GDP,S13,GF0303,TE,AT,2019-01-01,0.3,,
ESTAT:GOV_10A_EXP(1.0),27/04/26 11:00:00,A,PC_GDP,S13,GF0303,TE,BE,2019-01-01,0.2,,
ESTAT:GOV_10A_EXP(1.0),27/04/26 11:00:00,A,PC_GDP,S13,GF0303,TE,BG,2019-01-01,0.7,,
ESTAT:GOV_10A_EXP(1.0),27/04/26 11:00:00,A,PC_GDP,S13,GF0303,TE,CH,2019-01-01,0.3,,
ESTAT:GOV_10A_EXP(1.0),27/04/26 11:00:00,A,PC_GDP,S13,GF0303,TE,CY,2019-01-01,0.1,,
ESTAT:GOV_10A_EXP(1.0),27/04/26 11:00:00,A,PC_GDP,S13,GF0303,TE,CZ,2019-01-01,0.3,,
ESTAT:GOV_10A_EXP(1.0),27/04/26 11:00:00,A,PC_GDP,S13,GF0303,TE,DE,2019-01-01,0.4,,
ESTAT:GOV_10A_EXP(1.0),27/04/26 11:00:00,A,PC_GDP,S13,GF0303,TE,DK,2019-01-01,0.2,,
ESTAT:GOV_10A_EXP(1.0),27/04/26 11:00:00,A,PC_GDP,S13,GF0303,TE,EA19,2019-01-01,0.3,,
ESTAT:GOV_10A_EXP(1.0),27/04/26 11:00:00,A,PC_GDP,S13,GF0303,TE,EA20,2019-01-01,0.3,,
ESTAT:GOV_10A_EXP(1.0),27/04/26 11:00:00,A,PC_GDP,S13,GF0303,TE,EA21,2019-01-01,0.3,,
ESTAT:GOV_10A_EXP(1.0),27/04/26 11:00:00,A,PC_GDP,S13,GF0303,TE,EE,2019-01-01,0.3,,
ESTAT:GOV_10A_EXP(1.0),27/04/26 11:00:00,A,PC_GDP,S13,GF0303,TE,EL,2019-01-01,0.4,,
ESTAT:GOV_10A_EXP(1.0),27/04/26 11:00:00,A,PC_GDP,S13,GF0303,TE,ES,2019-01-01,0.3,,
ESTAT:GOV_10A_EXP(1.0),27/04/26 11:00:00,A,PC_GDP,S13,GF0303,TE,EU27_2020,2019-01-01,0.3,,
ESTAT:GOV_10A_EXP(1.0),27/04/26 11:00:00,A,PC_GDP,S13,GF0303,TE,FI,2019-01-01,0.3,,
ESTAT:GOV_10A_EXP(1.0),27/04/26 11:00:00,A,PC_GDP,S13,GF0303,TE,FR,2019-01-01,0.3,,
ESTAT:GOV_10A_EXP(1.0),27/04/26 11:00:00,A,PC_GDP,S13,GF0303,TE,HR,2019-01-01,0.5,,
ESTAT:GOV_10A_EXP(1.0),27/04/26 11:00:00,A,PC_GDP,S13,GF0303,TE,HU,2019-01-01,0.4,,
ESTAT:GOV_10A_EXP(1.0),27/04/26 11:00:00,A,PC_GDP,S13,GF0303,TE,IE,2019-01-01,0.1,,
ESTAT:GOV_10A_EXP(1.0),27/04/26 11:00:00,A,PC_GDP,S13,GF0303,TE,IS,2019-01-01,0.2,,
ESTAT:GOV_10A_EXP(1.0),27/04/26 11:00:00,A,PC_GDP,S13,GF0303,TE,IT,2019-01-01,0.3,,
ESTAT:GOV_10A_EXP(1.0),27/04/26 11:00:00,A,PC_GDP,S13,GF0303,TE,LT,2019-01-01,0.3,,
ESTAT:GOV_10A_EXP(1.0),27/04/26 11:00:00,A,PC_GDP,S13,GF0303,TE,LU,2019-01-01,0.2,,
ESTAT:GOV_10A_EXP(1.0),27/04/26 11:00:00,A,PC_GDP,S13,GF0303,TE,LV,2019-01-01,0.4,,
ESTAT:GOV_10A_EXP(1.0),27/04/26 11:00:00,A,PC_GDP,S13,GF0303,TE,MT,2019-01-01,0.3,,
ESTAT:GOV_10A_EXP(1.0),27/04/26 11:00:00,A,PC_GDP,S13,GF0303,TE,NL,2019-01-01,0.3,,
ESTAT:GOV_10A_EXP(1.0),27/04/26 11:00:00,A,PC_GDP,S13,GF0303,TE,NO,2019-01-01,0.1,,
ESTAT:GOV_10A_EXP(1.0),27/04/26 11:00:00,A,PC_GDP,S13,GF0303,TE,PL,2019-01-01,0.5,,
ESTAT:GOV_10A_EXP(1.0),27/04/26 11:00:00,A,PC_GDP,S13,GF0303,TE,PT,2019-01-01,0.3,,
ESTAT:GOV_10A_EXP(1.0),27/04/26 11:00:00,A,PC_GDP,S13,GF0303,TE,RO,2019-01-01,0.4,,
ESTAT:GOV_10A_EXP(1.0),27/04/26 11:00:00,A,PC_GDP,S13,GF0303,TE,SE,2019-01-01,0.3,,
ESTAT:GOV_10A_EXP(1.0),27/04/26 11:00:00,A,PC_GDP,S13,GF0303,TE,SI,2019-01-01,0.5,,
ESTAT:GOV_10A_EXP(1.0),27/04/26 11:00:00,A,PC_GDP,S13,GF0303,TE,SK,2019-01-01,0.3,p,
ESTAT:GOV_10A_EXP(1.0),27/04/26 11:00:00,A,PC_GDP,S13,GF03,TE,AT,2020-01-01,1.4,,
ESTAT:GOV_10A_EXP(1.0),27/04/26 11:00:00,A,PC_GDP,S13,GF03,TE,BE,2020-01-01,1.8,,
ESTAT:GOV_10A_EXP(1.0),27/04/26 11:00:00,A,PC_GDP,S13,GF03,TE,BG,2020-01-01,2.7,,
ESTAT:GOV_10A_EXP(1.0),27/04/26 11:00:00,A,PC_GDP,S13,GF03,TE,CH,2020-01-01,1.7,,
ESTAT:GOV_10A_EXP(1.0),27/04/26 11:00:00,A,PC_GDP,S13,GF03,TE,CY,2020-01-01,1.8,,
ESTAT:GOV_10A_EXP(1.0),27/04/26 11:00:00,A,PC_GDP,S13,GF03,TE,CZ,2020-01-01,2.1,,
ESTAT:GOV_10A_EXP(1.0),27/04/26 11:00:00,A,PC_GDP,S13,GF03,TE,DE,2020-01-01,1.7,,
ESTAT:GOV_10A_EXP(1.0),27/04/26 11:00:00,A,PC_GDP,S13,GF03,TE,DK,2020-01-01,1.0,,
ESTAT:GOV_10A_EXP(1.0),27/04/26 11:00:00,A,PC_GDP,S13,GF03,TE,EA19,2020-01-01,1.8,,
ESTAT:GOV_10A_EXP(1.0),27/04/26 11:00:00,A,PC_GDP,S13,GF03,TE,EA20,2020-01-01,1.8,,
ESTAT:GOV_10A_EXP(1.0),27/04/26 11:00:00,A,PC_GDP,S13,GF03,TE,EA21,2020-01-01,1.8,,
ESTAT:GOV_10A_EXP(1.0),27/04/26 11:00:00,A,PC_GDP,S13,GF03,TE,EE,2020-01-01,1.9,,
ESTAT:GOV_10A_EXP(1.0),27/04/26 11:00:00,A,PC_GDP,S13,GF03,TE,EL,2020-01-01,2.4,,
ESTAT:GOV_10A_EXP(1.0),27/04/26 11:00:00,A,PC_GDP,S13,GF03,TE,ES,2020-01-01,2.1,,
ESTAT:GOV_10A_EXP(1.0),27/04/26 11:00:00,A,PC_GDP,S13,GF03,TE,EU27_2020,2020-01-01,1.8,,
ESTAT:GOV_10A_EXP(1.0),27/04/26 11:00:00,A,PC_GDP,S13,GF03,TE,FI,2020-01-01,1.2,,
ESTAT:GOV_10A_EXP(1.0),27/04/26 11:00:00,A,PC_GDP,S13,GF03,TE,FR,2020-01-01,1.8,,
ESTAT:GOV_10A_EXP(1.0),27/04/26 11:00:00,A,PC_GDP,S13,GF03,TE,HR,2020-01-01,2.5,,
ESTAT:GOV_10A_EXP(1.0),27/04/26 11:00:00,A,PC_GDP,S13,GF03,TE,HU,2020-01-01,2.1,,
ESTAT:GOV_10A_EXP(1.0),27/04/26 11:00:00,A,PC_GDP,S13,GF03,TE,IE,2020-01-01,0.9,,
ESTAT:GOV_10A_EXP(1.0),27/04/26 11:00:00,A,PC_GDP,S13,GF03,TE,IS,2020-01-01,1.5,,
ESTAT:GOV_10A_EXP(1.0),27/04/26 11:00:00,A,PC_GDP,S13,GF03,TE,IT,2020-01-01,2.0,,
ESTAT:GOV_10A_EXP(1.0),27/04/26 11:00:00,A,PC_GDP,S13,GF03,TE,LT,2020-01-01,1.5,,
ESTAT:GOV_10A_EXP(1.0),27/04/26 11:00:00,A,PC_GDP,S13,GF03,TE,LU,2020-01-01,1.3,,
ESTAT:GOV_10A_EXP(1.0),27/04/26 11:00:00,A,PC_GDP,S13,GF03,TE,LV,2020-01-01,2.3,,
ESTAT:GOV_10A_EXP(1.0),27/04/26 11:00:00,A,PC_GDP,S13,GF03,TE,MT,2020-01-01,1.3,,
ESTAT:GOV_10A_EXP(1.0),27/04/26 11:00:00,A,PC_GDP,S13,GF03,TE,NL,2020-01-01,2.0,,
ESTAT:GOV_10A_EXP(1.0),27/04/26 11:00:00,A,PC_GDP,S13,GF03,TE,NO,2020-01-01,1.2,,
ESTAT:GOV_10A_EXP(1.0),27/04/26 11:00:00,A,PC_GDP,S13,GF03,TE,PL,2020-01-01,2.3,,
ESTAT:GOV_10A_EXP(1.0),27/04/26 11:00:00,A,PC_GDP,S13,GF03,TE,PT,2020-01-01,1.9,,
ESTAT:GOV_10A_EXP(1.0),27/04/26 11:00:00,A,PC_GDP,S13,GF03,TE,RO,2020-01-01,2.9,,
ESTAT:GOV_10A_EXP(1.0),27/04/26 11:00:00,A,PC_GDP,S13,GF03,TE,SE,2020-01-01,1.4,,
ESTAT:GOV_10A_EXP(1.0),27/04/26 11:00:00,A,PC_GDP,S13,GF03,TE,SI,2020-01-01,1.8,,
ESTAT:GOV_10A_EXP(1.0),27/04/26 11:00:00,A,PC_GDP,S13,GF03,TE,SK,2020-01-01,2.7,p,
ESTAT:GOV_10A_EXP(1.0),27/04/26 11:00:00,A,PC_GDP,S13,GF0301,TE,AT,2020-01-01,0.7,,
ESTAT:GOV_10A_EXP(1.0),27/04/26 11:00:00,A,PC_GDP,S13,GF0301,TE,BE,2020-01-01,1.1,,
ESTAT:GOV_10A_EXP(1.0),27/04/26 11:00:00,A,PC_GDP,S13,GF0301,TE,BG,2020-01-01,1.3,,
ESTAT:GOV_10A_EXP(1.0),27/04/26 11:00:00,A,PC_GDP,S13,GF0301,TE,CH,2020-01-01,0.7,,
ESTAT:GOV_10A_EXP(1.0),27/04/26 11:00:00,A,PC_GDP,S13,GF0301,TE,CY,2020-01-01,1.4,,
ESTAT:GOV_10A_EXP(1.0),27/04/26 11:00:00,A,PC_GDP,S13,GF0301,TE,CZ,2020-01-01,1.0,,
ESTAT:GOV_10A_EXP(1.0),27/04/26 11:00:00,A,PC_GDP,S13,GF0301,TE,DE,2020-01-01,0.8,,
ESTAT:GOV_10A_EXP(1.0),27/04/26 11:00:00,A,PC_GDP,S13,GF0301,TE,DK,2020-01-01,0.6,,
ESTAT:GOV_10A_EXP(1.0),27/04/26 11:00:00,A,PC_GDP,S13,GF0301,TE,EA19,2020-01-01,1.0,,
ESTAT:GOV_10A_EXP(1.0),27/04/26 11:00:00,A,PC_GDP,S13,GF0301,TE,EA20,2020-01-01,1.0,,
ESTAT:GOV_10A_EXP(1.0),27/04/26 11:00:00,A,PC_GDP,S13,GF0301,TE,EA21,2020-01-01,1.0,,
ESTAT:GOV_10A_EXP(1.0),27/04/26 11:00:00,A,PC_GDP,S13,GF0301,TE,EE,2020-01-01,1.0,,
ESTAT:GOV_10A_EXP(1.0),27/04/26 11:00:00,A,PC_GDP,S13,GF0301,TE,EL,2020-01-01,1.5,,
ESTAT:GOV_10A_EXP(1.0),27/04/26 11:00:00,A,PC_GDP,S13,GF0301,TE,ES,2020-01-01,1.3,,
ESTAT:GOV_10A_EXP(1.0),27/04/26 11:00:00,A,PC_GDP,S13,GF0301,TE,EU27_2020,2020-01-01,1.0,,
ESTAT:GOV_10A_EXP(1.0),27/04/26 11:00:00,A,PC_GDP,S13,GF0301,TE,FI,2020-01-01,0.5,,
ESTAT:GOV_10A_EXP(1.0),27/04/26 11:00:00,A,PC_GDP,S13,GF0301,TE,FR,2020-01-01,1.0,,
ESTAT:GOV_10A_EXP(1.0),27/04/26 11:00:00,A,PC_GDP,S13,GF0301,TE,HR,2020-01-01,1.5,,
ESTAT:GOV_10A_EXP(1.0),27/04/26 11:00:00,A,PC_GDP,S13,GF0301,TE,HU,2020-01-01,1.2,,
ESTAT:GOV_10A_EXP(1.0),27/04/26 11:00:00,A,PC_GDP,S13,GF0301,TE,IE,2020-01-01,0.5,,
ESTAT:GOV_10A_EXP(1.0),27/04/26 11:00:00,A,PC_GDP,S13,GF0301,TE,IS,2020-01-01,0.8,,
ESTAT:GOV_10A_EXP(1.0),27/04/26 11:00:00,A,PC_GDP,S13,GF0301,TE,IT,2020-01-01,1.2,,
ESTAT:GOV_10A_EXP(1.0),27/04/26 11:00:00,A,PC_GDP,S13,GF0301,TE,LT,2020-01-01,0.5,,
ESTAT:GOV_10A_EXP(1.0),27/04/26 11:00:00,A,PC_GDP,S13,GF0301,TE,LU,2020-01-01,0.5,,
ESTAT:GOV_10A_EXP(1.0),27/04/26 11:00:00,A,PC_GDP,S13,GF0301,TE,LV,2020-01-01,1.2,,
ESTAT:GOV_10A_EXP(1.0),27/04/26 11:00:00,A,PC_GDP,S13,GF0301,TE,MT,2020-01-01,0.7,,
ESTAT:GOV_10A_EXP(1.0),27/04/26 11:00:00,A,PC_GDP,S13,GF0301,TE,NL,2020-01-01,0.9,,
ESTAT:GOV_10A_EXP(1.0),27/04/26 11:00:00,A,PC_GDP,S13,GF0301,TE,NO,2020-01-01,0.6,,
ESTAT:GOV_10A_EXP(1.0),27/04/26 11:00:00,A,PC_GDP,S13,GF0301,TE,PL,2020-01-01,1.1,,
ESTAT:GOV_10A_EXP(1.0),27/04/26 11:00:00,A,PC_GDP,S13,GF0301,TE,PT,2020-01-01,1.1,,
ESTAT:GOV_10A_EXP(1.0),27/04/26 11:00:00,A,PC_GDP,S13,GF0301,TE,RO,2020-01-01,1.8,,
ESTAT:GOV_10A_EXP(1.0),27/04/26 11:00:00,A,PC_GDP,S13,GF0301,TE,SE,2020-01-01,0.7,,
ESTAT:GOV_10A_EXP(1.0),27/04/26 11:00:00,A,PC_GDP,S13,GF0301,TE,SI,2020-01-01,0.9,,
ESTAT:GOV_10A_EXP(1.0),27/04/26 11:00:00,A,PC_GDP,S13,GF0301,TE,SK,2020-01-01,1.2,p,
ESTAT:GOV_10A_EXP(1.0),27/04/26 11:00:00,A,PC_GDP,S13,GF0303,TE,AT,2020-01-01,0.3,,
ESTAT:GOV_10A_EXP(1.0),27/04/26 11:00:00,A,PC_GDP,S13,GF0303,TE,BE,2020-01-01,0.2,,
ESTAT:GOV_10A_EXP(1.0),27/04/26 11:00:00,A,PC_GDP,S13,GF0303,TE,BG,2020-01-01,0.7,,
ESTAT:GOV_10A_EXP(1.0),27/04/26 11:00:00,A,PC_GDP,S13,GF0303,TE,CH,2020-01-01,0.3,,
ESTAT:GOV_10A_EXP(1.0),27/04/26 11:00:00,A,PC_GDP,S13,GF0303,TE,CY,2020-01-01,0.1,,
ESTAT:GOV_10A_EXP(1.0),27/04/26 11:00:00,A,PC_GDP,S13,GF0303,TE,CZ,2020-01-01,0.3,,
ESTAT:GOV_10A_EXP(1.0),27/04/26 11:00:00,A,PC_GDP,S13,GF0303,TE,DE,2020-01-01,0.4,,
ESTAT:GOV_10A_EXP(1.0),27/04/26 11:00:00,A,PC_GDP,S13,GF0303,TE,DK,2020-01-01,0.2,,
ESTAT:GOV_10A_EXP(1.0),27/04/26 11:00:00,A,PC_GDP,S13,GF0303,TE,EA19,2020-01-01,0.3,,
ESTAT:GOV_10A_EXP(1.0),27/04/26 11:00:00,A,PC_GDP,S13,GF0303,TE,EA20,2020-01-01,0.3,,
ESTAT:GOV_10A_EXP(1.0),27/04/26 11:00:00,A,PC_GDP,S13,GF0303,TE,EA21,2020-01-01,0.3,,
ESTAT:GOV_10A_EXP(1.0),27/04/26 11:00:00,A,PC_GDP,S13,GF0303,TE,EE,2020-01-01,0.3,,
ESTAT:GOV_10A_EXP(1.0),27/04/26 11:00:00,A,PC_GDP,S13,GF0303,TE,EL,2020-01-01,0.4,,
ESTAT:GOV_10A_EXP(1.0),27/04/26 11:00:00,A,PC_GDP,S13,GF0303,TE,ES,2020-01-01,0.4,,
ESTAT:GOV_10A_EXP(1.0),27/04/26 11:00:00,A,PC_GDP,S13,GF0303,TE,EU27_2020,2020-01-01,0.3,,
ESTAT:GOV_10A_EXP(1.0),27/04/26 11:00:00,A,PC_GDP,S13,GF0303,TE,FI,2020-01-01,0.2,,
ESTAT:GOV_10A_EXP(1.0),27/04/26 11:00:00,A,PC_GDP,S13,GF0303,TE,FR,2020-01-01,0.3,,
ESTAT:GOV_10A_EXP(1.0),27/04/26 11:00:00,A,PC_GDP,S13,GF0303,TE,HR,2020-01-01,0.6,,
ESTAT:GOV_10A_EXP(1.0),27/04/26 11:00:00,A,PC_GDP,S13,GF0303,TE,HU,2020-01-01,0.4,,
ESTAT:GOV_10A_EXP(1.0),27/04/26 11:00:00,A,PC_GDP,S13,GF0303,TE,IE,2020-01-01,0.1,,
ESTAT:GOV_10A_EXP(1.0),27/04/26 11:00:00,A,PC_GDP,S13,GF0303,TE,IS,2020-01-01,0.2,,
ESTAT:GOV_10A_EXP(1.0),27/04/26 11:00:00,A,PC_GDP,S13,GF0303,TE,IT,2020-01-01,0.3,,
ESTAT:GOV_10A_EXP(1.0),27/04/26 11:00:00,A,PC_GDP,S13,GF0303,TE,LT,2020-01-01,0.3,,
ESTAT:GOV_10A_EXP(1.0),27/04/26 11:00:00,A,PC_GDP,S13,GF0303,TE,LU,2020-01-01,0.2,,
ESTAT:GOV_10A_EXP(1.0),27/04/26 11:00:00,A,PC_GDP,S13,GF0303,TE,LV,2020-01-01,0.5,,
ESTAT:GOV_10A_EXP(1.0),27/04/26 11:00:00,A,PC_GDP,S13,GF0303,TE,MT,2020-01-01,0.3,,
ESTAT:GOV_10A_EXP(1.0),27/04/26 11:00:00,A,PC_GDP,S13,GF0303,TE,NL,2020-01-01,0.3,,
ESTAT:GOV_10A_EXP(1.0),27/04/26 11:00:00,A,PC_GDP,S13,GF0303,TE,NO,2020-01-01,0.2,,
ESTAT:GOV_10A_EXP(1.0),27/04/26 11:00:00,A,PC_GDP,S13,GF0303,TE,PL,2020-01-01,0.5,,
ESTAT:GOV_10A_EXP(1.0),27/04/26 11:00:00,A,PC_GDP,S13,GF0303,TE,PT,2020-01-01,0.4,,
ESTAT:GOV_10A_EXP(1.0),27/04/26 11:00:00,A,PC_GDP,S13,GF0303,TE,RO,2020-01-01,0.4,,
ESTAT:GOV_10A_EXP(1.0),27/04/26 11:00:00,A,PC_GDP,S13,GF0303,TE,SE,2020-01-01,0.3,,
ESTAT:GOV_10A_EXP(1.0),27/04/26 11:00:00,A,PC_GDP,S13,GF0303,TE,SI,2020-01-01,0.5,,
ESTAT:GOV_10A_EXP(1.0),27/04/26 11:00:00,A,PC_GDP,S13,GF0303,TE,SK,2020-01-01,0.3,p,
ESTAT:GOV_10A_EXP(1.0),27/04/26 11:00:00,A,PC_GDP,S13,GF03,TE,AT,2021-01-01,1.4,,
ESTAT:GOV_10A_EXP(1.0),27/04/26 11:00:00,A,PC_GDP,S13,GF03,TE,BE,2021-01-01,1.7,,
ESTAT:GOV_10A_EXP(1.0),27/04/26 11:00:00,A,PC_GDP,S13,GF03,TE,BG,2021-01-01,2.8,,
ESTAT:GOV_10A_EXP(1.0),27/04/26 11:00:00,A,PC_GDP,S13,GF03,TE,CH,2021-01-01,1.6,,
ESTAT:GOV_10A_EXP(1.0),27/04/26 11:00:00,A,PC_GDP,S13,GF03,TE,CY,2021-01-01,1.6,,
ESTAT:GOV_10A_EXP(1.0),27/04/26 11:00:00,A,PC_GDP,S13,GF03,TE,CZ,2021-01-01,1.9,,
ESTAT:GOV_10A_EXP(1.0),27/04/26 11:00:00,A,PC_GDP,S13,GF03,TE,DE,2021-01-01,1.7,,
ESTAT:GOV_10A_EXP(1.0),27/04/26 11:00:00,A,PC_GDP,S13,GF03,TE,DK,2021-01-01,0.9,,
ESTAT:GOV_10A_EXP(1.0),27/04/26 11:00:00,A,PC_GDP,S13,GF03,TE,EA19,2021-01-01,1.7,,
ESTAT:GOV_10A_EXP(1.0),27/04/26 11:00:00,A,PC_GDP,S13,GF03,TE,EA20,2021-01-01,1.7,,
ESTAT:GOV_10A_EXP(1.0),27/04/26 11:00:00,A,PC_GDP,S13,GF03,TE,EA21,2021-01-01,1.7,,
ESTAT:GOV_10A_EXP(1.0),27/04/26 11:00:00,A,PC_GDP,S13,GF03,TE,EE,2021-01-01,1.8,,
ESTAT:GOV_10A_EXP(1.0),27/04/26 11:00:00,A,PC_GDP,S13,GF03,TE,EL,2021-01-01,2.2,,
ESTAT:GOV_10A_EXP(1.0),27/04/26 11:00:00,A,PC_GDP,S13,GF03,TE,ES,2021-01-01,2.0,,
ESTAT:GOV_10A_EXP(1.0),27/04/26 11:00:00,A,PC_GDP,S13,GF03,TE,EU27_2020,2021-01-01,1.7,,
ESTAT:GOV_10A_EXP(1.0),27/04/26 11:00:00,A,PC_GDP,S13,GF03,TE,FI,2021-01-01,1.2,,
ESTAT:GOV_10A_EXP(1.0),27/04/26 11:00:00,A,PC_GDP,S13,GF03,TE,FR,2021-01-01,1.7,,
ESTAT:GOV_10A_EXP(1.0),27/04/26 11:00:00,A,PC_GDP,S13,GF03,TE,HR,2021-01-01,2.4,,
ESTAT:GOV_10A_EXP(1.0),27/04/26 11:00:00,A,PC_GDP,S13,GF03,TE,HU,2021-01-01,1.9,,
ESTAT:GOV_10A_EXP(1.0),27/04/26 11:00:00,A,PC_GDP,S13,GF03,TE,IE,2021-01-01,0.8,,
ESTAT:GOV_10A_EXP(1.0),27/04/26 11:00:00,A,PC_GDP,S13,GF03,TE,IS,2021-01-01,1.5,,
ESTAT:GOV_10A_EXP(1.0),27/04/26 11:00:00,A,PC_GDP,S13,GF03,TE,IT,2021-01-01,1.8,,
ESTAT:GOV_10A_EXP(1.0),27/04/26 11:00:00,A,PC_GDP,S13,GF03,TE,LT,2021-01-01,1.6,,
ESTAT:GOV_10A_EXP(1.0),27/04/26 11:00:00,A,PC_GDP,S13,GF03,TE,LU,2021-01-01,1.2,,
ESTAT:GOV_10A_EXP(1.0),27/04/26 11:00:00,A,PC_GDP,S13,GF03,TE,LV,2021-01-01,2.3,,
ESTAT:GOV_10A_EXP(1.0),27/04/26 11:00:00,A,PC_GDP,S13,GF03,TE,MT,2021-01-01,1.4,,
ESTAT:GOV_10A_EXP(1.0),27/04/26 11:00:00,A,PC_GDP,S13,GF03,TE,NL,2021-01-01,1.9,,
ESTAT:GOV_10A_EXP(1.0),27/04/26 11:00:00,A,PC_GDP,S13,GF03,TE,NO,2021-01-01,1.0,,
ESTAT:GOV_10A_EXP(1.0),27/04/26 11:00:00,A,PC_GDP,S13,GF03,TE,PL,2021-01-01,2.1,,
ESTAT:GOV_10A_EXP(1.0),27/04/26 11:00:00,A,PC_GDP,S13,GF03,TE,PT,2021-01-01,1.8,,
ESTAT:GOV_10A_EXP(1.0),27/04/26 11:00:00,A,PC_GDP,S13,GF03,TE,RO,2021-01-01,2.7,,
ESTAT:GOV_10A_EXP(1.0),27/04/26 11:00:00,A,PC_GDP,S13,GF03,TE,SE,2021-01-01,1.3,,
ESTAT:GOV_10A_EXP(1.0),27/04/26 11:00:00,A,PC_GDP,S13,GF03,TE,SI,2021-01-01,1.7,,
ESTAT:GOV_10A_EXP(1.0),27/04/26 11:00:00,A,PC_GDP,S13,GF03,TE,SK,2021-01-01,2.3,p,
ESTAT:GOV_10A_EXP(1.0),27/04/26 11:00:00,A,PC_GDP,S13,GF0301,TE,AT,2021-01-01,0.7,,
ESTAT:GOV_10A_EXP(1.0),27/04/26 11:00:00,A,PC_GDP,S13,GF0301,TE,BE,2021-01-01,1.0,,
ESTAT:GOV_10A_EXP(1.0),27/04/26 11:00:00,A,PC_GDP,S13,GF0301,TE,BG,2021-01-01,1.3,,
ESTAT:GOV_10A_EXP(1.0),27/04/26 11:00:00,A,PC_GDP,S13,GF0301,TE,CH,2021-01-01,0.7,,
ESTAT:GOV_10A_EXP(1.0),27/04/26 11:00:00,A,PC_GDP,S13,GF0301,TE,CY,2021-01-01,1.2,,
ESTAT:GOV_10A_EXP(1.0),27/04/26 11:00:00,A,PC_GDP,S13,GF0301,TE,CZ,2021-01-01,1.0,,
ESTAT:GOV_10A_EXP(1.0),27/04/26 11:00:00,A,PC_GDP,S13,GF0301,TE,DE,2021-01-01,0.8,,
ESTAT:GOV_10A_EXP(1.0),27/04/26 11:00:00,A,PC_GDP,S13,GF0301,TE,DK,2021-01-01,0.5,,
ESTAT:GOV_10A_EXP(1.0),27/04/26 11:00:00,A,PC_GDP,S13,GF0301,TE,EA19,2021-01-01,0.9,,
ESTAT:GOV_10A_EXP(1.0),27/04/26 11:00:00,A,PC_GDP,S13,GF0301,TE,EA20,2021-01-01,0.9,,
ESTAT:GOV_10A_EXP(1.0),27/04/26 11:00:00,A,PC_GDP,S13,GF0301,TE,EA21,2021-01-01,0.9,,
ESTAT:GOV_10A_EXP(1.0),27/04/26 11:00:00,A,PC_GDP,S13,GF0301,TE,EE,2021-01-01,1.0,,
ESTAT:GOV_10A_EXP(1.0),27/04/26 11:00:00,A,PC_GDP,S13,GF0301,TE,EL,2021-01-01,1.4,,
ESTAT:GOV_10A_EXP(1.0),27/04/26 11:00:00,A,PC_GDP,S13,GF0301,TE,ES,2021-01-01,1.2,,
ESTAT:GOV_10A_EXP(1.0),27/04/26 11:00:00,A,PC_GDP,S13,GF0301,TE,EU27_2020,2021-01-01,0.9,,
ESTAT:GOV_10A_EXP(1.0),27/04/26 11:00:00,A,PC_GDP,S13,GF0301,TE,FI,2021-01-01,0.5,,
ESTAT:GOV_10A_EXP(1.0),27/04/26 11:00:00,A,PC_GDP,S13,GF0301,TE,FR,2021-01-01,0.9,,
ESTAT:GOV_10A_EXP(1.0),27/04/26 11:00:00,A,PC_GDP,S13,GF0301,TE,HR,2021-01-01,1.4,,
ESTAT:GOV_10A_EXP(1.0),27/04/26 11:00:00,A,PC_GDP,S13,GF0301,TE,HU,2021-01-01,1.1,,
ESTAT:GOV_10A_EXP(1.0),27/04/26 11:00:00,A,PC_GDP,S13,GF0301,TE,IE,2021-01-01,0.5,,
ESTAT:GOV_10A_EXP(1.0),27/04/26 11:00:00,A,PC_GDP,S13,GF0301,TE,IS,2021-01-01,0.9,,
ESTAT:GOV_10A_EXP(1.0),27/04/26 11:00:00,A,PC_GDP,S13,GF0301,TE,IT,2021-01-01,1.1,,
ESTAT:GOV_10A_EXP(1.0),27/04/26 11:00:00,A,PC_GDP,S13,GF0301,TE,LT,2021-01-01,0.7,,
ESTAT:GOV_10A_EXP(1.0),27/04/26 11:00:00,A,PC_GDP,S13,GF0301,TE,LU,2021-01-01,0.5,,
ESTAT:GOV_10A_EXP(1.0),27/04/26 11:00:00,A,PC_GDP,S13,GF0301,TE,LV,2021-01-01,1.1,,
ESTAT:GOV_10A_EXP(1.0),27/04/26 11:00:00,A,PC_GDP,S13,GF0301,TE,MT,2021-01-01,0.7,,
ESTAT:GOV_10A_EXP(1.0),27/04/26 11:00:00,A,PC_GDP,S13,GF0301,TE,NL,2021-01-01,0.9,,
ESTAT:GOV_10A_EXP(1.0),27/04/26 11:00:00,A,PC_GDP,S13,GF0301,TE,NO,2021-01-01,0.5,,
ESTAT:GOV_10A_EXP(1.0),27/04/26 11:00:00,A,PC_GDP,S13,GF0301,TE,PL,2021-01-01,1.1,,
ESTAT:GOV_10A_EXP(1.0),27/04/26 11:00:00,A,PC_GDP,S13,GF0301,TE,PT,2021-01-01,1.0,,
ESTAT:GOV_10A_EXP(1.0),27/04/26 11:00:00,A,PC_GDP,S13,GF0301,TE,RO,2021-01-01,1.6,,
ESTAT:GOV_10A_EXP(1.0),27/04/26 11:00:00,A,PC_GDP,S13,GF0301,TE,SE,2021-01-01,0.7,,
ESTAT:GOV_10A_EXP(1.0),27/04/26 11:00:00,A,PC_GDP,S13,GF0301,TE,SI,2021-01-01,0.9,,
ESTAT:GOV_10A_EXP(1.0),27/04/26 11:00:00,A,PC_GDP,S13,GF0301,TE,SK,2021-01-01,1.0,p,
ESTAT:GOV_10A_EXP(1.0),27/04/26 11:00:00,A,PC_GDP,S13,GF0303,TE,AT,2021-01-01,0.3,,
ESTAT:GOV_10A_EXP(1.0),27/04/26 11:00:00,A,PC_GDP,S13,GF0303,TE,BE,2021-01-01,0.2,,
ESTAT:GOV_10A_EXP(1.0),27/04/26 11:00:00,A,PC_GDP,S13,GF0303,TE,BG,2021-01-01,0.7,,
ESTAT:GOV_10A_EXP(1.0),27/04/26 11:00:00,A,PC_GDP,S13,GF0303,TE,CH,2021-01-01,0.3,,
ESTAT:GOV_10A_EXP(1.0),27/04/26 11:00:00,A,PC_GDP,S13,GF0303,TE,CY,2021-01-01,0.1,,
ESTAT:GOV_10A_EXP(1.0),27/04/26 11:00:00,A,PC_GDP,S13,GF0303,TE,CZ,2021-01-01,0.3,,
ESTAT:GOV_10A_EXP(1.0),27/04/26 11:00:00,A,PC_GDP,S13,GF0303,TE,DE,2021-01-01,0.4,,
ESTAT:GOV_10A_EXP(1.0),27/04/26 11:00:00,A,PC_GDP,S13,GF0303,TE,DK,2021-01-01,0.2,,
ESTAT:GOV_10A_EXP(1.0),27/04/26 11:00:00,A,PC_GDP,S13,GF0303,TE,EA19,2021-01-01,0.3,,
ESTAT:GOV_10A_EXP(1.0),27/04/26 11:00:00,A,PC_GDP,S13,GF0303,TE,EA20,2021-01-01,0.3,,
ESTAT:GOV_10A_EXP(1.0),27/04/26 11:00:00,A,PC_GDP,S13,GF0303,TE,EA21,2021-01-01,0.3,,
ESTAT:GOV_10A_EXP(1.0),27/04/26 11:00:00,A,PC_GDP,S13,GF0303,TE,EE,2021-01-01,0.3,,
ESTAT:GOV_10A_EXP(1.0),27/04/26 11:00:00,A,PC_GDP,S13,GF0303,TE,EL,2021-01-01,0.4,,
ESTAT:GOV_10A_EXP(1.0),27/04/26 11:00:00,A,PC_GDP,S13,GF0303,TE,ES,2021-01-01,0.4,,
ESTAT:GOV_10A_EXP(1.0),27/04/26 11:00:00,A,PC_GDP,S13,GF0303,TE,EU27_2020,2021-01-01,0.3,,
ESTAT:GOV_10A_EXP(1.0),27/04/26 11:00:00,A,PC_GDP,S13,GF0303,TE,FI,2021-01-01,0.2,,
ESTAT:GOV_10A_EXP(1.0),27/04/26 11:00:00,A,PC_GDP,S13,GF0303,TE,FR,2021-01-01,0.3,,
ESTAT:GOV_10A_EXP(1.0),27/04/26 11:00:00,A,PC_GDP,S13,GF0303,TE,HR,2021-01-01,0.5,,
ESTAT:GOV_10A_EXP(1.0),27/04/26 11:00:00,A,PC_GDP,S13,GF0303,TE,HU,2021-01-01,0.4,,
ESTAT:GOV_10A_EXP(1.0),27/04/26 11:00:00,A,PC_GDP,S13,GF0303,TE,IE,2021-01-01,0.1,,
ESTAT:GOV_10A_EXP(1.0),27/04/26 11:00:00,A,PC_GDP,S13,GF0303,TE,IS,2021-01-01,0.2,,
ESTAT:GOV_10A_EXP(1.0),27/04/26 11:00:00,A,PC_GDP,S13,GF0303,TE,IT,2021-01-01,0.3,,
ESTAT:GOV_10A_EXP(1.0),27/04/26 11:00:00,A,PC_GDP,S13,GF0303,TE,LT,2021-01-01,0.2,,
ESTAT:GOV_10A_EXP(1.0),27/04/26 11:00:00,A,PC_GDP,S13,GF0303,TE,LU,2021-01-01,0.2,,
ESTAT:GOV_10A_EXP(1.0),27/04/26 11:00:00,A,PC_GDP,S13,GF0303,TE,LV,2021-01-01,0.5,,
ESTAT:GOV_10A_EXP(1.0),27/04/26 11:00:00,A,PC_GDP,S13,GF0303,TE,MT,2021-01-01,0.4,,
ESTAT:GOV_10A_EXP(1.0),27/04/26 11:00:00,A,PC_GDP,S13,GF0303,TE,NL,2021-01-01,0.3,,
ESTAT:GOV_10A_EXP(1.0),27/04/26 11:00:00,A,PC_GDP,S13,GF0303,TE,NO,2021-01-01,0.1,,
ESTAT:GOV_10A_EXP(1.0),27/04/26 11:00:00,A,PC_GDP,S13,GF0303,TE,PL,2021-01-01,0.5,,
ESTAT:GOV_10A_EXP(1.0),27/04/26 11:00:00,A,PC_GDP,S13,GF0303,TE,PT,2021-01-01,0.3,,
ESTAT:GOV_10A_EXP(1.0),27/04/26 11:00:00,A,PC_GDP,S13,GF0303,TE,RO,2021-01-01,0.4,,
ESTAT:GOV_10A_EXP(1.0),27/04/26 11:00:00,A,PC_GDP,S13,GF0303,TE,SE,2021-01-01,0.3,,
ESTAT:GOV_10A_EXP(1.0),27/04/26 11:00:00,A,PC_GDP,S13,GF0303,TE,SI,2021-01-01,0.5,,
ESTAT:GOV_10A_EXP(1.0),27/04/26 11:00:00,A,PC_GDP,S13,GF0303,TE,SK,2021-01-01,0.3,p,
ESTAT:GOV_10A_EXP(1.0),27/04/26 11:00:00,A,PC_GDP,S13,GF03,TE,AT,2022-01-01,1.3,,
ESTAT:GOV_10A_EXP(1.0),27/04/26 11:00:00,A,PC_GDP,S13,GF03,TE,BE,2022-01-01,1.7,,
ESTAT:GOV_10A_EXP(1.0),27/04/26 11:00:00,A,PC_GDP,S13,GF03,TE,BG,2022-01-01,2.6,,
ESTAT:GOV_10A_EXP(1.0),27/04/26 11:00:00,A,PC_GDP,S13,GF03,TE,CH,2022-01-01,1.6,,
ESTAT:GOV_10A_EXP(1.0),27/04/26 11:00:00,A,PC_GDP,S13,GF03,TE,CY,2022-01-01,1.5,,
ESTAT:GOV_10A_EXP(1.0),27/04/26 11:00:00,A,PC_GDP,S13,GF03,TE,CZ,2022-01-01,1.7,,
ESTAT:GOV_10A_EXP(1.0),27/04/26 11:00:00,A,PC_GDP,S13,GF03,TE,DE,2022-01-01,1.6,p,
ESTAT:GOV_10A_EXP(1.0),27/04/26 11:00:00,A,PC_GDP,S13,GF03,TE,DK,2022-01-01,0.9,,
ESTAT:GOV_10A_EXP(1.0),27/04/26 11:00:00,A,PC_GDP,S13,GF03,TE,EA19,2022-01-01,1.6,,
ESTAT:GOV_10A_EXP(1.0),27/04/26 11:00:00,A,PC_GDP,S13,GF03,TE,EA20,2022-01-01,1.6,,
ESTAT:GOV_10A_EXP(1.0),27/04/26 11:00:00,A,PC_GDP,S13,GF03,TE,EA21,2022-01-01,1.7,,
ESTAT:GOV_10A_EXP(1.0),27/04/26 11:00:00,A,PC_GDP,S13,GF03,TE,EE,2022-01-01,1.8,,
ESTAT:GOV_10A_EXP(1.0),27/04/26 11:00:00,A,PC_GDP,S13,GF03,TE,EL,2022-01-01,2.0,,
ESTAT:GOV_10A_EXP(1.0),27/04/26 11:00:00,A,PC_GDP,S13,GF03,TE,ES,2022-01-01,1.9,,
ESTAT:GOV_10A_EXP(1.0),27/04/26 11:00:00,A,PC_GDP,S13,GF03,TE,EU27_2020,2022-01-01,1.7,,
ESTAT:GOV_10A_EXP(1.0),27/04/26 11:00:00,A,PC_GDP,S13,GF03,TE,FI,2022-01-01,1.2,,
ESTAT:GOV_10A_EXP(1.0),27/04/26 11:00:00,A,PC_GDP,S13,GF03,TE,FR,2022-01-01,1.7,,
ESTAT:GOV_10A_EXP(1.0),27/04/26 11:00:00,A,PC_GDP,S13,GF03,TE,HR,2022-01-01,2.1,,
ESTAT:GOV_10A_EXP(1.0),27/04/26 11:00:00,A,PC_GDP,S13,GF03,TE,HU,2022-01-01,2.0,,
ESTAT:GOV_10A_EXP(1.0),27/04/26 11:00:00,A,PC_GDP,S13,GF03,TE,IE,2022-01-01,0.7,,
ESTAT:GOV_10A_EXP(1.0),27/04/26 11:00:00,A,PC_GDP,S13,GF03,TE,IS,2022-01-01,1.4,,
ESTAT:GOV_10A_EXP(1.0),27/04/26 11:00:00,A,PC_GDP,S13,GF03,TE,IT,2022-01-01,1.8,,
ESTAT:GOV_10A_EXP(1.0),27/04/26 11:00:00,A,PC_GDP,S13,GF03,TE,LT,2022-01-01,1.7,,
ESTAT:GOV_10A_EXP(1.0),27/04/26 11:00:00,A,PC_GDP,S13,GF03,TE,LU,2022-01-01,1.2,,
ESTAT:GOV_10A_EXP(1.0),27/04/26 11:00:00,A,PC_GDP,S13,GF03,TE,LV,2022-01-01,2.1,,
ESTAT:GOV_10A_EXP(1.0),27/04/26 11:00:00,A,PC_GDP,S13,GF03,TE,MT,2022-01-01,1.4,,
ESTAT:GOV_10A_EXP(1.0),27/04/26 11:00:00,A,PC_GDP,S13,GF03,TE,NL,2022-01-01,1.8,,
ESTAT:GOV_10A_EXP(1.0),27/04/26 11:00:00,A,PC_GDP,S13,GF03,TE,NO,2022-01-01,0.8,,
ESTAT:GOV_10A_EXP(1.0),27/04/26 11:00:00,A,PC_GDP,S13,GF03,TE,PL,2022-01-01,2.3,,
ESTAT:GOV_10A_EXP(1.0),27/04/26 11:00:00,A,PC_GDP,S13,GF03,TE,PT,2022-01-01,1.6,,
ESTAT:GOV_10A_EXP(1.0),27/04/26 11:00:00,A,PC_GDP,S13,GF03,TE,RO,2022-01-01,2.6,,
ESTAT:GOV_10A_EXP(1.0),27/04/26 11:00:00,A,PC_GDP,S13,GF03,TE,SE,2022-01-01,1.4,,
ESTAT:GOV_10A_EXP(1.0),27/04/26 11:00:00,A,PC_GDP,S13,GF03,TE,SI,2022-01-01,1.6,,
ESTAT:GOV_10A_EXP(1.0),27/04/26 11:00:00,A,PC_GDP,S13,GF03,TE,SK,2022-01-01,2.4,p,
ESTAT:GOV_10A_EXP(1.0),27/04/26 11:00:00,A,PC_GDP,S13,GF0301,TE,AT,2022-01-01,0.7,,
ESTAT:GOV_10A_EXP(1.0),27/04/26 11:00:00,A,PC_GDP,S13,GF0301,TE,BE,2022-01-01,1.0,,
ESTAT:GOV_10A_EXP(1.0),27/04/26 11:00:00,A,PC_GDP,S13,GF0301,TE,BG,2022-01-01,1.3,,
ESTAT:GOV_10A_EXP(1.0),27/04/26 11:00:00,A,PC_GDP,S13,GF0301,TE,CH,2022-01-01,0.7,,
ESTAT:GOV_10A_EXP(1.0),27/04/26 11:00:00,A,PC_GDP,S13,GF0301,TE,CY,2022-01-01,1.2,,
ESTAT:GOV_10A_EXP(1.0),27/04/26 11:00:00,A,PC_GDP,S13,GF0301,TE,CZ,2022-01-01,0.9,,
ESTAT:GOV_10A_EXP(1.0),27/04/26 11:00:00,A,PC_GDP,S13,GF0301,TE,DE,2022-01-01,0.8,p,
ESTAT:GOV_10A_EXP(1.0),27/04/26 11:00:00,A,PC_GDP,S13,GF0301,TE,DK,2022-01-01,0.5,,
ESTAT:GOV_10A_EXP(1.0),27/04/26 11:00:00,A,PC_GDP,S13,GF0301,TE,EA19,2022-01-01,0.9,,
ESTAT:GOV_10A_EXP(1.0),27/04/26 11:00:00,A,PC_GDP,S13,GF0301,TE,EA20,2022-01-01,0.9,,
ESTAT:GOV_10A_EXP(1.0),27/04/26 11:00:00,A,PC_GDP,S13,GF0301,TE,EA21,2022-01-01,0.9,,
ESTAT:GOV_10A_EXP(1.0),27/04/26 11:00:00,A,PC_GDP,S13,GF0301,TE,EE,2022-01-01,1.1,,
ESTAT:GOV_10A_EXP(1.0),27/04/26 11:00:00,A,PC_GDP,S13,GF0301,TE,EL,2022-01-01,1.2,,
ESTAT:GOV_10A_EXP(1.0),27/04/26 11:00:00,A,PC_GDP,S13,GF0301,TE,ES,2022-01-01,1.2,,
ESTAT:GOV_10A_EXP(1.0),27/04/26 11:00:00,A,PC_GDP,S13,GF0301,TE,EU27_2020,2022-01-01,0.9,,
ESTAT:GOV_10A_EXP(1.0),27/04/26 11:00:00,A,PC_GDP,S13,GF0301,TE,FI,2022-01-01,0.5,,
ESTAT:GOV_10A_EXP(1.0),27/04/26 11:00:00,A,PC_GDP,S13,GF0301,TE,FR,2022-01-01,0.9,,
ESTAT:GOV_10A_EXP(1.0),27/04/26 11:00:00,A,PC_GDP,S13,GF0301,TE,HR,2022-01-01,1.3,,
ESTAT:GOV_10A_EXP(1.0),27/04/26 11:00:00,A,PC_GDP,S13,GF0301,TE,HU,2022-01-01,1.2,,
ESTAT:GOV_10A_EXP(1.0),27/04/26 11:00:00,A,PC_GDP,S13,GF0301,TE,IE,2022-01-01,0.4,,
ESTAT:GOV_10A_EXP(1.0),27/04/26 11:00:00,A,PC_GDP,S13,GF0301,TE,IS,2022-01-01,0.8,,
ESTAT:GOV_10A_EXP(1.0),27/04/26 11:00:00,A,PC_GDP,S13,GF0301,TE,IT,2022-01-01,1.1,,
ESTAT:GOV_10A_EXP(1.0),27/04/26 11:00:00,A,PC_GDP,S13,GF0301,TE,LT,2022-01-01,0.9,,
ESTAT:GOV_10A_EXP(1.0),27/04/26 11:00:00,A,PC_GDP,S13,GF0301,TE,LU,2022-01-01,0.5,,
ESTAT:GOV_10A_EXP(1.0),27/04/26 11:00:00,A,PC_GDP,S13,GF0301,TE,LV,2022-01-01,1.1,,
ESTAT:GOV_10A_EXP(1.0),27/04/26 11:00:00,A,PC_GDP,S13,GF0301,TE,MT,2022-01-01,0.7,,
ESTAT:GOV_10A_EXP(1.0),27/04/26 11:00:00,A,PC_GDP,S13,GF0301,TE,NL,2022-01-01,0.8,,
ESTAT:GOV_10A_EXP(1.0),27/04/26 11:00:00,A,PC_GDP,S13,GF0301,TE,NO,2022-01-01,0.4,,
ESTAT:GOV_10A_EXP(1.0),27/04/26 11:00:00,A,PC_GDP,S13,GF0301,TE,PL,2022-01-01,1.1,,
ESTAT:GOV_10A_EXP(1.0),27/04/26 11:00:00,A,PC_GDP,S13,GF0301,TE,PT,2022-01-01,1.0,,
ESTAT:GOV_10A_EXP(1.0),27/04/26 11:00:00,A,PC_GDP,S13,GF0301,TE,RO,2022-01-01,1.6,,
ESTAT:GOV_10A_EXP(1.0),27/04/26 11:00:00,A,PC_GDP,S13,GF0301,TE,SE,2022-01-01,0.7,,
ESTAT:GOV_10A_EXP(1.0),27/04/26 11:00:00,A,PC_GDP,S13,GF0301,TE,SI,2022-01-01,0.8,,
ESTAT:GOV_10A_EXP(1.0),27/04/26 11:00:00,A,PC_GDP,S13,GF0301,TE,SK,2022-01-01,1.0,p,
ESTAT:GOV_10A_EXP(1.0),27/04/26 11:00:00,A,PC_GDP,S13,GF0303,TE,AT,2022-01-01,0.3,,
ESTAT:GOV_10A_EXP(1.0),27/04/26 11:00:00,A,PC_GDP,S13,GF0303,TE,BE,2022-01-01,0.2,,
ESTAT:GOV_10A_EXP(1.0),27/04/26 11:00:00,A,PC_GDP,S13,GF0303,TE,BG,2022-01-01,0.7,,
ESTAT:GOV_10A_EXP(1.0),27/04/26 11:00:00,A,PC_GDP,S13,GF0303,TE,CH,2022-01-01,0.3,,
ESTAT:GOV_10A_EXP(1.0),27/04/26 11:00:00,A,PC_GDP,S13,GF0303,TE,CY,2022-01-01,0.1,,
ESTAT:GOV_10A_EXP(1.0),27/04/26 11:00:00,A,PC_GDP,S13,GF0303,TE,CZ,2022-01-01,0.3,,
ESTAT:GOV_10A_EXP(1.0),27/04/26 11:00:00,A,PC_GDP,S13,GF0303,TE,DE,2022-01-01,0.3,p,
ESTAT:GOV_10A_EXP(1.0),27/04/26 11:00:00,A,PC_GDP,S13,GF0303,TE,DK,2022-01-01,0.1,,
ESTAT:GOV_10A_EXP(1.0),27/04/26 11:00:00,A,PC_GDP,S13,GF0303,TE,EA19,2022-01-01,0.3,,
ESTAT:GOV_10A_EXP(1.0),27/04/26 11:00:00,A,PC_GDP,S13,GF0303,TE,EA20,2022-01-01,0.3,,
ESTAT:GOV_10A_EXP(1.0),27/04/26 11:00:00,A,PC_GDP,S13,GF0303,TE,EA21,2022-01-01,0.3,,
ESTAT:GOV_10A_EXP(1.0),27/04/26 11:00:00,A,PC_GDP,S13,GF0303,TE,EE,2022-01-01,0.3,,
ESTAT:GOV_10A_EXP(1.0),27/04/26 11:00:00,A,PC_GDP,S13,GF0303,TE,EL,2022-01-01,0.3,,
ESTAT:GOV_10A_EXP(1.0),27/04/26 11:00:00,A,PC_GDP,S13,GF0303,TE,ES,2022-01-01,0.4,,
ESTAT:GOV_10A_EXP(1.0),27/04/26 11:00:00,A,PC_GDP,S13,GF0303,TE,EU27_2020,2022-01-01,0.3,,
ESTAT:GOV_10A_EXP(1.0),27/04/26 11:00:00,A,PC_GDP,S13,GF0303,TE,FI,2022-01-01,0.2,,
ESTAT:GOV_10A_EXP(1.0),27/04/26 11:00:00,A,PC_GDP,S13,GF0303,TE,FR,2022-01-01,0.3,,
ESTAT:GOV_10A_EXP(1.0),27/04/26 11:00:00,A,PC_GDP,S13,GF0303,TE,HR,2022-01-01,0.4,,
ESTAT:GOV_10A_EXP(1.0),27/04/26 11:00:00,A,PC_GDP,S13,GF0303,TE,HU,2022-01-01,0.4,,
ESTAT:GOV_10A_EXP(1.0),27/04/26 11:00:00,A,PC_GDP,S13,GF0303,TE,IE,2022-01-01,0.1,,
ESTAT:GOV_10A_EXP(1.0),27/04/26 11:00:00,A,PC_GDP,S13,GF0303,TE,IS,2022-01-01,0.2,,
ESTAT:GOV_10A_EXP(1.0),27/04/26 11:00:00,A,PC_GDP,S13,GF0303,TE,IT,2022-01-01,0.3,,
ESTAT:GOV_10A_EXP(1.0),27/04/26 11:00:00,A,PC_GDP,S13,GF0303,TE,LT,2022-01-01,0.2,,
ESTAT:GOV_10A_EXP(1.0),27/04/26 11:00:00,A,PC_GDP,S13,GF0303,TE,LU,2022-01-01,0.2,,
ESTAT:GOV_10A_EXP(1.0),27/04/26 11:00:00,A,PC_GDP,S13,GF0303,TE,LV,2022-01-01,0.4,,
ESTAT:GOV_10A_EXP(1.0),27/04/26 11:00:00,A,PC_GDP,S13,GF0303,TE,MT,2022-01-01,0.4,,
ESTAT:GOV_10A_EXP(1.0),27/04/26 11:00:00,A,PC_GDP,S13,GF0303,TE,NL,2022-01-01,0.3,,
ESTAT:GOV_10A_EXP(1.0),27/04/26 11:00:00,A,PC_GDP,S13,GF0303,TE,NO,2022-01-01,0.1,,
ESTAT:GOV_10A_EXP(1.0),27/04/26 11:00:00,A,PC_GDP,S13,GF0303,TE,PL,2022-01-01,0.5,,
ESTAT:GOV_10A_EXP(1.0),27/04/26 11:00:00,A,PC_GDP,S13,GF0303,TE,PT,2022-01-01,0.3,,
ESTAT:GOV_10A_EXP(1.0),27/04/26 11:00:00,A,PC_GDP,S13,GF0303,TE,RO,2022-01-01,0.4,,
ESTAT:GOV_10A_EXP(1.0),27/04/26 11:00:00,A,PC_GDP,S13,GF0303,TE,SE,2022-01-01,0.2,,
ESTAT:GOV_10A_EXP(1.0),27/04/26 11:00:00,A,PC_GDP,S13,GF0303,TE,SI,2022-01-01,0.4,,
ESTAT:GOV_10A_EXP(1.0),27/04/26 11:00:00,A,PC_GDP,S13,GF0303,TE,SK,2022-01-01,0.3,p,
ESTAT:GOV_10A_EXP(1.0),27/04/26 11:00:00,A,PC_GDP,S13,GF03,TE,AT,2023-01-01,1.3,,
ESTAT:GOV_10A_EXP(1.0),27/04/26 11:00:00,A,PC_GDP,S13,GF03,TE,BE,2023-01-01,1.7,,
ESTAT:GOV_10A_EXP(1.0),27/04/26 11:00:00,A,PC_GDP,S13,GF03,TE,BG,2023-01-01,2.6,,
ESTAT:GOV_10A_EXP(1.0),27/04/26 11:00:00,A,PC_GDP,S13,GF03,TE,CH,2023-01-01,1.6,,
ESTAT:GOV_10A_EXP(1.0),27/04/26 11:00:00,A,PC_GDP,S13,GF03,TE,CY,2023-01-01,1.6,,
ESTAT:GOV_10A_EXP(1.0),27/04/26 11:00:00,A,PC_GDP,S13,GF03,TE,CZ,2023-01-01,1.8,,
ESTAT:GOV_10A_EXP(1.0),27/04/26 11:00:00,A,PC_GDP,S13,GF03,TE,DE,2023-01-01,1.6,p,
ESTAT:GOV_10A_EXP(1.0),27/04/26 11:00:00,A,PC_GDP,S13,GF03,TE,DK,2023-01-01,1.0,,
ESTAT:GOV_10A_EXP(1.0),27/04/26 11:00:00,A,PC_GDP,S13,GF03,TE,EA19,2023-01-01,1.7,,
ESTAT:GOV_10A_EXP(1.0),27/04/26 11:00:00,A,PC_GDP,S13,GF03,TE,EA20,2023-01-01,1.7,,
ESTAT:GOV_10A_EXP(1.0),27/04/26 11:00:00,A,PC_GDP,S13,GF03,TE,EA21,2023-01-01,1.7,,
ESTAT:GOV_10A_EXP(1.0),27/04/26 11:00:00,A,PC_GDP,S13,GF03,TE,EE,2023-01-01,1.9,,
ESTAT:GOV_10A_EXP(1.0),27/04/26 11:00:00,A,PC_GDP,S13,GF03,TE,EL,2023-01-01,1.9,,
ESTAT:GOV_10A_EXP(1.0),27/04/26 11:00:00,A,PC_GDP,S13,GF03,TE,ES,2023-01-01,1.8,,
ESTAT:GOV_10A_EXP(1.0),27/04/26 11:00:00,A,PC_GDP,S13,GF03,TE,EU27_2020,2023-01-01,1.7,,
ESTAT:GOV_10A_EXP(1.0),27/04/26 11:00:00,A,PC_GDP,S13,GF03,TE,FI,2023-01-01,1.2,,
ESTAT:GOV_10A_EXP(1.0),27/04/26 11:00:00,A,PC_GDP,S13,GF03,TE,FR,2023-01-01,1.7,p,
ESTAT:GOV_10A_EXP(1.0),27/04/26 11:00:00,A,PC_GDP,S13,GF03,TE,HR,2023-01-01,2.1,,
ESTAT:GOV_10A_EXP(1.0),27/04/26 11:00:00,A,PC_GDP,S13,GF03,TE,HU,2023-01-01,1.7,,
ESTAT:GOV_10A_EXP(1.0),27/04/26 11:00:00,A,PC_GDP,S13,GF03,TE,IE,2023-01-01,0.7,,
ESTAT:GOV_10A_EXP(1.0),27/04/26 11:00:00,A,PC_GDP,S13,GF03,TE,IS,2023-01-01,1.5,,
ESTAT:GOV_10A_EXP(1.0),27/04/26 11:00:00,A,PC_GDP,S13,GF03,TE,IT,2023-01-01,1.7,,
ESTAT:GOV_10A_EXP(1.0),27/04/26 11:00:00,A,PC_GDP,S13,GF03,TE,LT,2023-01-01,1.5,,
ESTAT:GOV_10A_EXP(1.0),27/04/26 11:00:00,A,PC_GDP,S13,GF03,TE,LU,2023-01-01,1.3,,
ESTAT:GOV_10A_EXP(1.0),27/04/26 11:00:00,A,PC_GDP,S13,GF03,TE,LV,2023-01-01,2.6,,
ESTAT:GOV_10A_EXP(1.0),27/04/26 11:00:00,A,PC_GDP,S13,GF03,TE,MT,2023-01-01,1.4,,
ESTAT:GOV_10A_EXP(1.0),27/04/26 11:00:00,A,PC_GDP,S13,GF03,TE,NL,2023-01-01,1.9,,
ESTAT:GOV_10A_EXP(1.0),27/04/26 11:00:00,A,PC_GDP,S13,GF03,TE,NO,2023-01-01,1.0,,
ESTAT:GOV_10A_EXP(1.0),27/04/26 11:00:00,A,PC_GDP,S13,GF03,TE,PL,2023-01-01,2.2,,
ESTAT:GOV_10A_EXP(1.0),27/04/26 11:00:00,A,PC_GDP,S13,GF03,TE,PT,2023-01-01,1.6,,
ESTAT:GOV_10A_EXP(1.0),27/04/26 11:00:00,A,PC_GDP,S13,GF03,TE,RO,2023-01-01,3.1,,
ESTAT:GOV_10A_EXP(1.0),27/04/26 11:00:00,A,PC_GDP,S13,GF03,TE,SE,2023-01-01,1.5,,
ESTAT:GOV_10A_EXP(1.0),27/04/26 11:00:00,A,PC_GDP,S13,GF03,TE,SI,2023-01-01,1.6,,
ESTAT:GOV_10A_EXP(1.0),27/04/26 11:00:00,A,PC_GDP,S13,GF03,TE,SK,2023-01-01,2.4,p,
ESTAT:GOV_10A_EXP(1.0),27/04/26 11:00:00,A,PC_GDP,S13,GF0301,TE,AT,2023-01-01,0.7,,
ESTAT:GOV_10A_EXP(1.0),27/04/26 11:00:00,A,PC_GDP,S13,GF0301,TE,BE,2023-01-01,1.0,,
ESTAT:GOV_10A_EXP(1.0),27/04/26 11:00:00,A,PC_GDP,S13,GF0301,TE,BG,2023-01-01,1.3,,
ESTAT:GOV_10A_EXP(1.0),27/04/26 11:00:00,A,PC_GDP,S13,GF0301,TE,CH,2023-01-01,0.7,,
ESTAT:GOV_10A_EXP(1.0),27/04/26 11:00:00,A,PC_GDP,S13,GF0301,TE,CY,2023-01-01,1.3,,
ESTAT:GOV_10A_EXP(1.0),27/04/26 11:00:00,A,PC_GDP,S13,GF0301,TE,CZ,2023-01-01,0.9,,
ESTAT:GOV_10A_EXP(1.0),27/04/26 11:00:00,A,PC_GDP,S13,GF0301,TE,DE,2023-01-01,0.7,p,
ESTAT:GOV_10A_EXP(1.0),27/04/26 11:00:00,A,PC_GDP,S13,GF0301,TE,DK,2023-01-01,0.5,,
ESTAT:GOV_10A_EXP(1.0),27/04/26 11:00:00,A,PC_GDP,S13,GF0301,TE,EA19,2023-01-01,0.9,,
ESTAT:GOV_10A_EXP(1.0),27/04/26 11:00:00,A,PC_GDP,S13,GF0301,TE,EA20,2023-01-01,0.9,,
ESTAT:GOV_10A_EXP(1.0),27/04/26 11:00:00,A,PC_GDP,S13,GF0301,TE,EA21,2023-01-01,0.9,,
ESTAT:GOV_10A_EXP(1.0),27/04/26 11:00:00,A,PC_GDP,S13,GF0301,TE,EE,2023-01-01,1.0,,
ESTAT:GOV_10A_EXP(1.0),27/04/26 11:00:00,A,PC_GDP,S13,GF0301,TE,EL,2023-01-01,1.2,,
ESTAT:GOV_10A_EXP(1.0),27/04/26 11:00:00,A,PC_GDP,S13,GF0301,TE,ES,2023-01-01,1.1,,
ESTAT:GOV_10A_EXP(1.0),27/04/26 11:00:00,A,PC_GDP,S13,GF0301,TE,EU27_2020,2023-01-01,0.9,,
ESTAT:GOV_10A_EXP(1.0),27/04/26 11:00:00,A,PC_GDP,S13,GF0301,TE,FI,2023-01-01,0.6,,
ESTAT:GOV_10A_EXP(1.0),27/04/26 11:00:00,A,PC_GDP,S13,GF0301,TE,FR,2023-01-01,0.9,p,
ESTAT:GOV_10A_EXP(1.0),27/04/26 11:00:00,A,PC_GDP,S13,GF0301,TE,HR,2023-01-01,1.3,,
ESTAT:GOV_10A_EXP(1.0),27/04/26 11:00:00,A,PC_GDP,S13,GF0301,TE,HU,2023-01-01,1.0,,
ESTAT:GOV_10A_EXP(1.0),27/04/26 11:00:00,A,PC_GDP,S13,GF0301,TE,IE,2023-01-01,0.4,,
ESTAT:GOV_10A_EXP(1.0),27/04/26 11:00:00,A,PC_GDP,S13,GF0301,TE,IS,2023-01-01,0.8,,
ESTAT:GOV_10A_EXP(1.0),27/04/26 11:00:00,A,PC_GDP,S13,GF0301,TE,IT,2023-01-01,1.0,,
ESTAT:GOV_10A_EXP(1.0),27/04/26 11:00:00,A,PC_GDP,S13,GF0301,TE,LT,2023-01-01,0.7,,
ESTAT:GOV_10A_EXP(1.0),27/04/26 11:00:00,A,PC_GDP,S13,GF0301,TE,LU,2023-01-01,0.6,,
ESTAT:GOV_10A_EXP(1.0),27/04/26 11:00:00,A,PC_GDP,S13,GF0301,TE,LV,2023-01-01,1.4,,
ESTAT:GOV_10A_EXP(1.0),27/04/26 11:00:00,A,PC_GDP,S13,GF0301,TE,MT,2023-01-01,0.7,,
ESTAT:GOV_10A_EXP(1.0),27/04/26 11:00:00,A,PC_GDP,S13,GF0301,TE,NL,2023-01-01,0.8,,
ESTAT:GOV_10A_EXP(1.0),27/04/26 11:00:00,A,PC_GDP,S13,GF0301,TE,NO,2023-01-01,0.5,,
ESTAT:GOV_10A_EXP(1.0),27/04/26 11:00:00,A,PC_GDP,S13,GF0301,TE,PL,2023-01-01,1.1,,
ESTAT:GOV_10A_EXP(1.0),27/04/26 11:00:00,A,PC_GDP,S13,GF0301,TE,PT,2023-01-01,0.9,,
ESTAT:GOV_10A_EXP(1.0),27/04/26 11:00:00,A,PC_GDP,S13,GF0301,TE,RO,2023-01-01,1.9,,
ESTAT:GOV_10A_EXP(1.0),27/04/26 11:00:00,A,PC_GDP,S13,GF0301,TE,SE,2023-01-01,0.7,,
ESTAT:GOV_10A_EXP(1.0),27/04/26 11:00:00,A,PC_GDP,S13,GF0301,TE,SI,2023-01-01,0.8,,
ESTAT:GOV_10A_EXP(1.0),27/04/26 11:00:00,A,PC_GDP,S13,GF0301,TE,SK,2023-01-01,1.0,p,
ESTAT:GOV_10A_EXP(1.0),27/04/26 11:00:00,A,PC_GDP,S13,GF0303,TE,AT,2023-01-01,0.3,,
ESTAT:GOV_10A_EXP(1.0),27/04/26 11:00:00,A,PC_GDP,S13,GF0303,TE,BE,2023-01-01,0.2,,
ESTAT:GOV_10A_EXP(1.0),27/04/26 11:00:00,A,PC_GDP,S13,GF0303,TE,BG,2023-01-01,0.7,,
ESTAT:GOV_10A_EXP(1.0),27/04/26 11:00:00,A,PC_GDP,S13,GF0303,TE,CH,2023-01-01,0.3,,
ESTAT:GOV_10A_EXP(1.0),27/04/26 11:00:00,A,PC_GDP,S13,GF0303,TE,CY,2023-01-01,0.1,,
ESTAT:GOV_10A_EXP(1.0),27/04/26 11:00:00,A,PC_GDP,S13,GF0303,TE,CZ,2023-01-01,0.3,,
ESTAT:GOV_10A_EXP(1.0),27/04/26 11:00:00,A,PC_GDP,S13,GF0303,TE,DE,2023-01-01,0.4,p,
ESTAT:GOV_10A_EXP(1.0),27/04/26 11:00:00,A,PC_GDP,S13,GF0303,TE,DK,2023-01-01,0.2,,
ESTAT:GOV_10A_EXP(1.0),27/04/26 11:00:00,A,PC_GDP,S13,GF0303,TE,EA19,2023-01-01,0.3,,
ESTAT:GOV_10A_EXP(1.0),27/04/26 11:00:00,A,PC_GDP,S13,GF0303,TE,EA20,2023-01-01,0.3,,
ESTAT:GOV_10A_EXP(1.0),27/04/26 11:00:00,A,PC_GDP,S13,GF0303,TE,EA21,2023-01-01,0.3,,
ESTAT:GOV_10A_EXP(1.0),27/04/26 11:00:00,A,PC_GDP,S13,GF0303,TE,EE,2023-01-01,0.3,,
ESTAT:GOV_10A_EXP(1.0),27/04/26 11:00:00,A,PC_GDP,S13,GF0303,TE,EL,2023-01-01,0.3,,
ESTAT:GOV_10A_EXP(1.0),27/04/26 11:00:00,A,PC_GDP,S13,GF0303,TE,ES,2023-01-01,0.3,,
ESTAT:GOV_10A_EXP(1.0),27/04/26 11:00:00,A,PC_GDP,S13,GF0303,TE,EU27_2020,2023-01-01,0.3,,
ESTAT:GOV_10A_EXP(1.0),27/04/26 11:00:00,A,PC_GDP,S13,GF0303,TE,FI,2023-01-01,0.2,,
ESTAT:GOV_10A_EXP(1.0),27/04/26 11:00:00,A,PC_GDP,S13,GF0303,TE,FR,2023-01-01,0.3,p,
ESTAT:GOV_10A_EXP(1.0),27/04/26 11:00:00,A,PC_GDP,S13,GF0303,TE,HR,2023-01-01,0.4,,
ESTAT:GOV_10A_EXP(1.0),27/04/26 11:00:00,A,PC_GDP,S13,GF0303,TE,HU,2023-01-01,0.3,,
ESTAT:GOV_10A_EXP(1.0),27/04/26 11:00:00,A,PC_GDP,S13,GF0303,TE,IE,2023-01-01,0.1,,
ESTAT:GOV_10A_EXP(1.0),27/04/26 11:00:00,A,PC_GDP,S13,GF0303,TE,IS,2023-01-01,0.2,,
ESTAT:GOV_10A_EXP(1.0),27/04/26 11:00:00,A,PC_GDP,S13,GF0303,TE,IT,2023-01-01,0.3,,
ESTAT:GOV_10A_EXP(1.0),27/04/26 11:00:00,A,PC_GDP,S13,GF0303,TE,LT,2023-01-01,0.2,,
ESTAT:GOV_10A_EXP(1.0),27/04/26 11:00:00,A,PC_GDP,S13,GF0303,TE,LU,2023-01-01,0.2,,
ESTAT:GOV_10A_EXP(1.0),27/04/26 11:00:00,A,PC_GDP,S13,GF0303,TE,LV,2023-01-01,0.5,,
ESTAT:GOV_10A_EXP(1.0),27/04/26 11:00:00,A,PC_GDP,S13,GF0303,TE,MT,2023-01-01,0.5,,
ESTAT:GOV_10A_EXP(1.0),27/04/26 11:00:00,A,PC_GDP,S13,GF0303,TE,NL,2023-01-01,0.3,,
ESTAT:GOV_10A_EXP(1.0),27/04/26 11:00:00,A,PC_GDP,S13,GF0303,TE,NO,2023-01-01,0.1,,
ESTAT:GOV_10A_EXP(1.0),27/04/26 11:00:00,A,PC_GDP,S13,GF0303,TE,PL,2023-01-01,0.5,,
ESTAT:GOV_10A_EXP(1.0),27/04/26 11:00:00,A,PC_GDP,S13,GF0303,TE,PT,2023-01-01,0.3,,
ESTAT:GOV_10A_EXP(1.0),27/04/26 11:00:00,A,PC_GDP,S13,GF0303,TE,RO,2023-01-01,0.4,,
ESTAT:GOV_10A_EXP(1.0),27/04/26 11:00:00,A,PC_GDP,S13,GF0303,TE,SE,2023-01-01,0.3,,
ESTAT:GOV_10A_EXP(1.0),27/04/26 11:00:00,A,PC_GDP,S13,GF0303,TE,SI,2023-01-01,0.4,,
ESTAT:GOV_10A_EXP(1.0),27/04/26 11:00:00,A,PC_GDP,S13,GF0303,TE,SK,2023-01-01,0.3,p,
