DATAFLOW,LAST UPDATE,freq,unit,citizen,sex,applicant,age,geo,TIME_PERIOD,OBS_VALUE,OBS_FLAG,CONF_STATUS
ESTAT:MIGR_ASYAPPCTZM(1.0),31/07/26 11:00:00,M,PER,MA,T,TOTAL,TOTAL,EL,2008-01-01,0.0,,
ESTAT:MIGR_ASYAPPCTZM(1.0),31/07/26 11:00:00,M,PER,MA,T,TOTAL,TOTAL,ES,2008-01-01,20.0,,
ESTAT:MIGR_ASYAPPCTZM(1.0),31/07/26 11:00:00,M,PER,MA,T,TOTAL,TOTAL,IT,2008-01-01,5.0,,
ESTAT:MIGR_ASYAPPCTZM(1.0),31/07/26 11:00:00,M,PER,TOTAL,T,TOTAL,TOTAL,EL,2008-01-01,1685.0,,
ESTAT:MIGR_ASYAPPCTZM(1.0),31/07/26 11:00:00,M,PER,TOTAL,T,TOTAL,TOTAL,ES,2008-01-01,370.0,,
ESTAT:MIGR_ASYAPPCTZM(1.0),31/07/26 11:00:00,M,PER,TOTAL,T,TOTAL,TOTAL,IT,2008-01-01,1170.0,,
ESTAT:MIGR_ASYAPPCTZM(1.0),31/07/26 11:00:00,M,PER,MA,T,TOTAL,TOTAL,EL,2008-02-01,0.0,,
ESTAT:MIGR_ASYAPPCTZM(1.0),31/07/26 11:00:00,M,PER,MA,T,TOTAL,TOTAL,ES,2008-02-01,10.0,,
ESTAT:MIGR_ASYAPPCTZM(1.0),31/07/26 11:00:00,M,PER,MA,T,TOTAL,TOTAL,IT,2008-02-01,5.0,,
ESTAT:MIGR_ASYAPPCTZM(1.0),31/07/26 11:00:00,M,PER,TOTAL,T,TOTAL,TOTAL,EL,2008-02-01,1725.0,,
ESTAT:MIGR_ASYAPPCTZM(1.0),31/07/26 11:00:00,M,PER,TOTAL,T,TOTAL,TOTAL,ES,2008-02-01,440.0,,
ESTAT:MIGR_ASYAPPCTZM(1.0),31/07/26 11:00:00,M,PER,TOTAL,T,TOTAL,TOTAL,IT,2008-02-01,1105.0,,
ESTAT:MIGR_ASYAPPCTZM(1.0),31/07/26 11:00:00,M,PER,MA,T,TOTAL,TOTAL,EL,2008-03-01,0.0,,
ESTAT:MIGR_ASYAPPCTZM(1.0),31/07/26 11:00:00,M,PER,MA,T,TOTAL,TOTAL,ES,2008-03-01,5.0,,
ESTAT:MIGR_ASYAPPCTZM(1.0),31/07/26 11:00:00,M,PER,MA,T,TOTAL,TOTAL,IT,2008-03-01,15.0,,
ESTAT:MIGR_ASYAPPCTZM(1.0),31/07/26 11:00:00,M,PER,TOTAL,T,TOTAL,TOTAL,EL,2008-03-01,1505.0,,
ESTAT:MIGR_ASYAPPCTZM(1.0),31/07/26 11:00:00,M,PER,TOTAL,T,TOTAL,TOTAL,ES,2008-03-01,335.0,,
ESTAT:MIGR_ASYAPPCTZM(1.0),31/07/26 11:00:00,M,PER,TOTAL,T,TOTAL,TOTAL,IT,2008-03-01,1800.0,,
ESTAT:MIGR_ASYAPPCTZM(1.0),31/07/26 11:00:00,M,PER,MA,T,TOTAL,TOTAL,EL,2008-04-01,0.0,,
ESTAT:MIGR_ASYAPPCTZM(1.0),31/07/26 11:00:00,M,PER,MA,T,TOTAL,TOTAL,ES,2008-04-01,10.0,,
ESTAT:MIGR_ASYAPPCTZM(1.0),31/07/26 11:00:00,M,PER,MA,T,TOTAL,TOTAL,IT,2008-04-01,15.0,,
ESTAT:MIGR_ASYAPPCTZM(1.0),31/07/26 11:00:00,M,PER,TOTAL,T,TOTAL,TOTAL,EL,2008-04-01,1715.0,,
ESTAT:MIGR_ASYAPPCTZM(1.0),31/07/26 11:00:00,M,PER,TOTAL,T,TOTAL,TOTAL,ES,2008-04-01,460.0,,
ESTAT:MIGR_ASYAPPCTZM(1.0),31/07/26 11:00:00,M,PER,TOTAL,T,TOTAL,TOTAL,IT,2008-04-01,1780.0,,
ESTAT:MIGR_ASYAPPCTZM(1.0),31/07/26 11:00:00,M,PER,MA,T,TOTAL,TOTAL,EL,2008-05-01,0.0,,
ESTAT:MIGR_ASYAPPCTZM(1.0),31/07/26 11:00:00,M,PER,MA,T,TOTAL,TOTAL,ES,2008-05-01,10.0,,
ESTAT:MIGR_ASYAPPCTZM(1.0),31/07/26 11:00:00,M,PER,MA,T,TOTAL,TOTAL,IT,2008-05-01,35.0,,
ESTAT:MIGR_ASYAPPCTZM(1.0),31/07/26 11:00:00,M,PER,TOTAL,T,TOTAL,TOTAL,EL,2008-05-01,1790.0,,
ESTAT:MIGR_ASYAPPCTZM(1.0),31/07/26 11:00:00,M,PER,TOTAL,T,TOTAL,TOTAL,ES,2008-05-01,420.0,,
ESTAT:MIGR_ASYAPPCTZM(1.0),31/07/26 11:00:00,M,PER,TOTAL,T,TOTAL,TOTAL,IT,2008-05-01,2850.0,,
ESTAT:MIGR_ASYAPPCTZM(1.0),31/07/26 11:00:00,M,PER,MA,T,TOTAL,TOTAL,EL,2008-06-01,0.0,,
ESTAT:MIGR_ASYAPPCTZM(1.0),31/07/26 11:00:00,M,PER,MA,T,TOTAL,TOTAL,ES,2008-06-01,10.0,,
ESTAT:MIGR_ASYAPPCTZM(1.0),31/07/26 11:00:00,M,PER,MA,T,TOTAL,TOTAL,IT,2008-06-01,25.0,,
ESTAT:MIGR_ASYAPPCTZM(1.0),31/07/26 11:00:00,M,PER,TOTAL,T,TOTAL,TOTAL,EL,2008-06-01,1745.0,,
ESTAT:MIGR_ASYAPPCTZM(1.0),31/07/26 11:00:00,M,PER,TOTAL,T,TOTAL,TOTAL,ES,2008-06-01,345.0,,
ESTAT:MIGR_ASYAPPCTZM(1.0),31/07/26 11:00:00,M,PER,TOTAL,T,TOTAL,TOTAL,IT,2008-06-01,2680.0,,
ESTAT:MIGR_ASYAPPCTZM(1.0),31/07/26 11:00:00,M,PER,MA,T,TOTAL,TOTAL,EL,2008-07-01,0.0,,
ESTAT:MIGR_ASYAPPCTZM(1.0),31/07/26 11:00:00,M,PER,MA,T,TOTAL,TOTAL,ES,2008-07-01,10.0,,
ESTAT:MIGR_ASYAPPCTZM(1.0),31/07/26 11:00:00,M,PER,MA,T,TOTAL,TOTAL,IT,2008-07-01,10.0,,
ESTAT:MIGR_ASYAPPCTZM(1.0),31/07/26 11:00:00,M,PER,TOTAL,T,TOTAL,TOTAL,EL,2008-07-01,1740.0,,
ESTAT:MIGR_ASYAPPCTZM(1.0),31/07/26 11:00:00,M,PER,TOTAL,T,TOTAL,TOTAL,ES,2008-07-01,370.0,,
ESTAT:MIGR_ASYAPPCTZM(1.0),31/07/26 11:00:00,M,PER,TOTAL,T,TOTAL,TOTAL,IT,2008-07-01,3870.0,,
ESTAT:MIGR_ASYAPPCTZM(1.0),31/07/26 11:00:00,M,PER,MA,T,TOTAL,TOTAL,EL,2008-08-01,0.0,,
ESTAT:MIGR_ASYAPPCTZM(1.0),31/07/26 11:00:00,M,PER,MA,T,TOTAL,TOTAL,ES,2008-08-01,5.0,,
ESTAT:MIGR_ASYAPPCTZM(1.0),31/07/26 11:00:00,M,PER,MA,T,TOTAL,TOTAL,IT,2008-08-01,30.0,,
ESTAT:MIGR_ASYAPPCTZM(1.0),31/07/26 11:00:00,M,PER,TOTAL,T,TOTAL,TOTAL,EL,2008-08-01,1420.0,,
ESTAT:MIGR_ASYAPPCTZM(1.0),31/07/26 11:00:00,M,PER,TOTAL,T,TOTAL,TOTAL,ES,2008-08-01,290.0,,
ESTAT:MIGR_ASYAPPCTZM(1.0),31/07/26 11:00:00,M,PER,TOTAL,T,TOTAL,TOTAL,IT,2008-08-01,3785.0,,
ESTAT:MIGR_ASYAPPCTZM(1.0),31/07/26 11:00:00,M,PER,MA,T,TOTAL,TOTAL,EL,2008-09-01,5.0,,
ESTAT:MIGR_ASYAPPCTZM(1.0),31/07/26 11:00:00,M,PER,MA,T,TOTAL,TOTAL,ES,2008-09-01,10.0,,
ESTAT:MIGR_ASYAPPCTZM(1.0),31/07/26 11:00:00,M,PER,MA,T,TOTAL,TOTAL,IT,2008-09-01,10.0,,
ESTAT:MIGR_ASYAPPCTZM(1.0),31/07/26 11:00:00,M,PER,TOTAL,T,TOTAL,TOTAL,EL,2008-09-01,1700.0,,
ESTAT:MIGR_ASYAPPCTZM(1.0),31/07/26 11:00:00,M,PER,TOTAL,T,TOTAL,TOTAL,ES,2008-09-01,345.0,,
ESTAT:MIGR_ASYAPPCTZM(1.0),31/07/26 11:00:00,M,PER,TOTAL,T,TOTAL,TOTAL,IT,2008-09-01,3395.0,,
ESTAT:MIGR_ASYAPPCTZM(1.0),31/07/26 11:00:00,M,PER,MA,T,TOTAL,TOTAL,EL,2008-10-01,5.0,,
ESTAT:MIGR_ASYAPPCTZM(1.0),31/07/26 11:00:00,M,PER,MA,T,TOTAL,TOTAL,ES,2008-10-01,15.0,,
ESTAT:MIGR_ASYAPPCTZM(1.0),31/07/26 11:00:00,M,PER,MA,T,TOTAL,TOTAL,IT,2008-10-01,30.0,,
ESTAT:MIGR_ASYAPPCTZM(1.0),31/07/26 11:00:00,M,PER,TOTAL,T,TOTAL,TOTAL,EL,2008-10-01,1650.0,,
ESTAT:MIGR_ASYAPPCTZM(1.0),31/07/26 11:00:00,M,PER,TOTAL,T,TOTAL,TOTAL,ES,2008-10-01,435.0,,
ESTAT:MIGR_ASYAPPCTZM(1.0),31/07/26 11:00:00,M,PER,TOTAL,T,TOTAL,TOTAL,IT,2008-10-01,3260.0,,
ESTAT:MIGR_ASYAPPCTZM(1.0),31/07/26 11:00:00,M,PER,MA,T,TOTAL,TOTAL,EL,2008-11-01,5.0,,
ESTAT:MIGR_ASYAPPCTZM(1.0),31/07/26 11:00:00,M,PER,MA,T,TOTAL,TOTAL,ES,2008-11-01,10.0,,
ESTAT:MIGR_ASYAPPCTZM(1.0),31/07/26 11:00:00,M,PER,MA,T,TOTAL,TOTAL,IT,2008-11-01,10.0,,
ESTAT:MIGR_ASYAPPCTZM(1.0),31/07/26 11:00:00,M,PER,TOTAL,T,TOTAL,TOTAL,EL,2008-11-01,1430.0,,
ESTAT:MIGR_ASYAPPCTZM(1.0),31/07/26 11:00:00,M,PER,TOTAL,T,TOTAL,TOTAL,ES,2008-11-01,365.0,,
ESTAT:MIGR_ASYAPPCTZM(1.0),31/07/26 11:00:00,M,PER,TOTAL,T,TOTAL,TOTAL,IT,2008-11-01,2740.0,,
ESTAT:MIGR_ASYAPPCTZM(1.0),31/07/26 11:00:00,M,PER,MA,T,TOTAL,TOTAL,EL,2008-12-01,0.0,,
ESTAT:MIGR_ASYAPPCTZM(1.0),31/07/26 11:00:00,M,PER,MA,T,TOTAL,TOTAL,ES,2008-12-01,5.0,,
ESTAT:MIGR_ASYAPPCTZM(1.0),31/07/26 11:00:00,M,PER,MA,T,TOTAL,TOTAL,IT,2008-12-01,10.0,,
ESTAT:MIGR_ASYAPPCTZM(1.0),31/07/26 11:00:00,M,PER,TOTAL,T,TOTAL,TOTAL,EL,2008-12-01,1780.0,,
ESTAT:MIGR_ASYAPPCTZM(1.0),31/07/26 11:00:00,M,PER,TOTAL,T,TOTAL,TOTAL,ES,2008-12-01,335.0,,
ESTAT:MIGR_ASYAPPCTZM(1.0),31/07/26 11:00:00,M,PER,TOTAL,T,TOTAL,TOTAL,IT,2008-12-01,1705.0,,
ESTAT:MIGR_ASYAPPCTZM(1.0),31/07/26 11:00:00,M,PER,MA,T,TOTAL,TOTAL,EL,2009-01-01,5.0,,
ESTAT:MIGR_ASYAPPCTZM(1.0),31/07/26 11:00:00,M,PER,MA,T,TOTAL,TOTAL,ES,2009-01-01,10.0,,
ESTAT:MIGR_ASYAPPCTZM(1.0),31/07/26 11:00:00,M,PER,MA,T,TOTAL,TOTAL,IT,2009-01-01,5.0,,
ESTAT:MIGR_ASYAPPCTZM(1.0),31/07/26 11:00:00,M,PER,TOTAL,T,TOTAL,TOTAL,EL,2009-01-01,1555.0,,
ESTAT:MIGR_ASYAPPCTZM(1.0),31/07/26 11:00:00,M,PER,TOTAL,T,TOTAL,TOTAL,ES,2009-01-01,290.0,,
ESTAT:MIGR_ASYAPPCTZM(1.0),31/07/26 11:00:00,M,PER,TOTAL,T,TOTAL,TOTAL,IT,2009-01-01,1715.0,,
ESTAT:MIGR_ASYAPPCTZM(1.0),31/07/26 11:00:00,M,PER,MA,T,TOTAL,TOTAL,EL,2009-02-01,5.0,,
ESTAT:MIGR_ASYAPPCTZM(1.0),31/07/26 11:00:00,M,PER,MA,T,TOTAL,TOTAL,ES,2009-02-01,5.0,,
ESTAT:MIGR_ASYAPPCTZM(1.0),31/07/26 11:00:00,M,PER,MA,T,TOTAL,TOTAL,IT,2009-02-01,15.0,,
ESTAT:MIGR_ASYAPPCTZM(1.0),31/07/26 11:00:00,M,PER,TOTAL,T,TOTAL,TOTAL,EL,2009-02-01,1590.0,,
ESTAT:MIGR_ASYAPPCTZM(1.0),31/07/26 11:00:00,M,PER,TOTAL,T,TOTAL,TOTAL,ES,2009-02-01,340.0,,
ESTAT:MIGR_ASYAPPCTZM(1.0),31/07/26 11:00:00,M,PER,TOTAL,T,TOTAL,TOTAL,IT,2009-02-01,1375.0,,
ESTAT:MIGR_ASYAPPCTZM(1.0),31/07/26 11:00:00,M,PER,MA,T,TOTAL,TOTAL,EL,2009-03-01,5.0,,
ESTAT:MIGR_ASYAPPCTZM(1.0),31/07/26 11:00:00,M,PER,MA,T,TOTAL,TOTAL,ES,2009-03-01,10.0,,
ESTAT:MIGR_ASYAPPCTZM(1.0),31/07/26 11:00:00,M,PER,MA,T,TOTAL,TOTAL,IT,2009-03-01,10.0,,
ESTAT:MIGR_ASYAPPCTZM(1.0),31/07/26 11:00:00,M,PER,TOTAL,T,TOTAL,TOTAL,EL,2009-03-01,1570.0,,
ESTAT:MIGR_ASYAPPCTZM(1.0),31/07/26 11:00:00,M,PER,TOTAL,T,TOTAL,TOTAL,ES,2009-03-01,270.0,,
ESTAT:MIGR_ASYAPPCTZM(1.0),31/07/26 11:00:00,M,PER,TOTAL,T,TOTAL,TOTAL,IT,2009-03-01,1470.0,,
ESTAT:MIGR_ASYAPPCTZM(1.0),31/07/26 11:00:00,M,PER,MA,T,TOTAL,TOTAL,EL,2009-04-01,15.0,,
ESTAT:MIGR_ASYAPPCTZM(1.0),31/07/26 11:00:00,M,PER,MA,T,TOTAL,TOTAL,ES,2009-04-01,5.0,,
ESTAT:MIGR_ASYAPPCTZM(1.0),31/07/26 11:00:00,M,PER,MA,T,TOTAL,TOTAL,IT,2009-04-01,20.0,,
ESTAT:MIGR_ASYAPPCTZM(1.0),31/07/26 11:00:00,M,PER,TOTAL,T,TOTAL,TOTAL,EL,2009-04-01,1680.0,,
ESTAT:MIGR_ASYAPPCTZM(1.0),31/07/26 11:00:00,M,PER,TOTAL,T,TOTAL,TOTAL,ES,2009-04-01,255.0,,
ESTAT:MIGR_ASYAPPCTZM(1.0),31/07/26 11:00:00,M,PER,TOTAL,T,TOTAL,TOTAL,IT,2009-04-01,2280.0,,
ESTAT:MIGR_ASYAPPCTZM(1.0),31/07/26 11:00:00,M,PER,MA,T,TOTAL,TOTAL,EL,2009-05-01,20.0,,
ESTAT:MIGR_ASYAPPCTZM(1.0),31/07/26 11:00:00,M,PER,MA,T,TOTAL,TOTAL,ES,2009-05-01,5.0,,
ESTAT:MIGR_ASYAPPCTZM(1.0),31/07/26 11:00:00,M,PER,MA,T,TOTAL,TOTAL,IT,2009-05-01,15.0,,
ESTAT:MIGR_ASYAPPCTZM(1.0),31/07/26 11:00:00,M,PER,TOTAL,T,TOTAL,TOTAL,EL,2009-05-01,1715.0,,
ESTAT:MIGR_ASYAPPCTZM(1.0),31/07/26 11:00:00,M,PER,TOTAL,T,TOTAL,TOTAL,ES,2009-05-01,215.0,,
ESTAT:MIGR_ASYAPPCTZM(1.0),31/07/26 11:00:00,M,PER,TOTAL,T,TOTAL,TOTAL,IT,2009-05-01,2395.0,,
ESTAT:MIGR_ASYAPPCTZM(1.0),31/07/26 11:00:00,M,PER,MA,T,TOTAL,TOTAL,EL,2009-06-01,35.0,,
ESTAT:MIGR_ASYAPPCTZM(1.0),31/07/26 11:00:00,M,PER,MA,T,TOTAL,TOTAL,ES,2009-06-01,5.0,,
ESTAT:MIGR_ASYAPPCTZM(1.0),31/07/26 11:00:00,M,PER,MA,T,TOTAL,TOTAL,IT,2009-06-01,25.0,,
ESTAT:MIGR_ASYAPPCTZM(1.0),31/07/26 11:00:00,M,PER,TOTAL,T,TOTAL,TOTAL,EL,2009-06-01,1665.0,,
ESTAT:MIGR_ASYAPPCTZM(1.0),31/07/26 11:00:00,M,PER,TOTAL,T,TOTAL,TOTAL,ES,2009-06-01,270.0,,
ESTAT:MIGR_ASYAPPCTZM(1.0),31/07/26 11:00:00,M,PER,TOTAL,T,TOTAL,TOTAL,IT,2009-06-01,1515.0,,
ESTAT:MIGR_ASYAPPCTZM(1.0),31/07/26 11:00:00,M,PER,MA,T,TOTAL,TOTAL,EL,2009-07-01,30.0,,
ESTAT:MIGR_ASYAPPCTZM(1.0),31/07/26 11:00:00,M,PER,MA,T,TOTAL,TOTAL,ES,2009-07-01,15.0,,
ESTAT:MIGR_ASYAPPCTZM(1.0),31/07/26 11:00:00,M,PER,MA,T,TOTAL,TOTAL,IT,2009-07-01,25.0,,
ESTAT:MIGR_ASYAPPCTZM(1.0),31/07/26 11:00:00,M,PER,TOTAL,T,TOTAL,TOTAL,EL,2009-07-01,1085.0,,
ESTAT:MIGR_ASYAPPCTZM(1.0),31/07/26 11:00:00,M,PER,TOTAL,T,TOTAL,TOTAL,ES,2009-07-01,240.0,,
ESTAT:MIGR_ASYAPPCTZM(1.0),31/07/26 11:00:00,M,PER,TOTAL,T,TOTAL,TOTAL,IT,2009-07-01,1505.0,,
ESTAT:MIGR_ASYAPPCTZM(1.0),31/07/26 11:00:00,M,PER,MA,T,TOTAL,TOTAL,EL,2009-08-01,5.0,,
ESTAT:MIGR_ASYAPPCTZM(1.0),31/07/26 11:00:00,M,PER,MA,T,TOTAL,TOTAL,ES,2009-08-01,0.0,,
ESTAT:MIGR_ASYAPPCTZM(1.0),31/07/26 11:00:00,M,PER,MA,T,TOTAL,TOTAL,IT,2009-08-01,5.0,,
ESTAT:MIGR_ASYAPPCTZM(1.0),31/07/26 11:00:00,M,PER,TOTAL,T,TOTAL,TOTAL,EL,2009-08-01,495.0,,
ESTAT:MIGR_ASYAPPCTZM(1.0),31/07/26 11:00:00,M,PER,TOTAL,T,TOTAL,TOTAL,ES,2009-08-01,175.0,,
ESTAT:MIGR_ASYAPPCTZM(1.0),31/07/26 11:00:00,M,PER,TOTAL,T,TOTAL,TOTAL,IT,2009-08-01,590.0,,
ESTAT:MIGR_ASYAPPCTZM(1.0),31/07/26 11:00:00,M,PER,MA,T,TOTAL,TOTAL,EL,2009-09-01,15.0,,
ESTAT:MIGR_ASYAPPCTZM(1.0),31/07/26 11:00:00,M,PER,MA,T,TOTAL,TOTAL,ES,2009-09-01,0.0,,
ESTAT:MIGR_ASYAPPCTZM(1.0),31/07/26 11:00:00,M,PER,MA,T,TOTAL,TOTAL,IT,2009-09-01,15.0,,
ESTAT:MIGR_ASYAPPCTZM(1.0),31/07/26 11:00:00,M,PER,TOTAL,T,TOTAL,TOTAL,EL,2009-09-01,1585.0,,
ESTAT:MIGR_ASYAPPCTZM(1.0),31/07/26 11:00:00,M,PER,TOTAL,T,TOTAL,TOTAL,ES,2009-09-01,265.0,,
ESTAT:MIGR_ASYAPPCTZM(1.0),31/07/26 11:00:00,M,PER,TOTAL,T,TOTAL,TOTAL,IT,2009-09-01,1080.0,,
ESTAT:MIGR_ASYAPPCTZM(1.0),31/07/26 11:00:00,M,PER,MA,T,TOTAL,TOTAL,EL,2009-10-01,5.0,,
ESTAT:MIGR_ASYAPPCTZM(1.0),31/07/26 11:00:00,M,PER,MA,T,TOTAL,TOTAL,ES,2009-10-01,5.0,,
ESTAT:MIGR_ASYAPPCTZM(1.0),31/07/26 11:00:00,M,PER,MA,T,TOTAL,TOTAL,IT,2009-10-01,20.0,,
ESTAT:MIGR_ASYAPPCTZM(1.0),31/07/26 11:00:00,M,PER,TOTAL,T,TOTAL,TOTAL,EL,2009-10-01,1135.0,,
ESTAT:MIGR_ASYAPPCTZM(1.0),31/07/26 11:00:00,M,PER,TOTAL,T,TOTAL,TOTAL,ES,2009-10-01,290.0,,
ESTAT:MIGR_ASYAPPCTZM(1.0),31/07/26 11:00:00,M,PER,TOTAL,T,TOTAL,TOTAL,IT,2009-10-01,1305.0,,
ESTAT:MIGR_ASYAPPCTZM(1.0),31/07/26 11:00:00,M,PER,MA,T,TOTAL,TOTAL,EL,2009-11-01,15.0,,
ESTAT:MIGR_ASYAPPCTZM(1.0),31/07/26 11:00:00,M,PER,MA,T,TOTAL,TOTAL,ES,2009-11-01,0.0,,
ESTAT:MIGR_ASYAPPCTZM(1.0),31/07/26 11:00:00,M,PER,MA,T,TOTAL,TOTAL,IT,2009-11-01,5.0,,
ESTAT:MIGR_ASYAPPCTZM(1.0),31/07/26 11:00:00,M,PER,TOTAL,T,TOTAL,TOTAL,EL,2009-11-01,960.0,,
ESTAT:MIGR_ASYAPPCTZM(1.0),31/07/26 11:00:00,M,PER,TOTAL,T,TOTAL,TOTAL,ES,2009-11-01,215.0,,
ESTAT:MIGR_ASYAPPCTZM(1.0),31/07/26 11:00:00,M,PER,TOTAL,T,TOTAL,TOTAL,IT,2009-11-01,1865.0,,
ESTAT:MIGR_ASYAPPCTZM(1.0),31/07/26 11:00:00,M,PER,MA,T,TOTAL,TOTAL,EL,2009-12-01,5.0,,
ESTAT:MIGR_ASYAPPCTZM(1.0),31/07/26 11:00:00,M,PER,MA,T,TOTAL,TOTAL,ES,2009-12-01,5.0,,
ESTAT:MIGR_ASYAPPCTZM(1.0),31/07/26 11:00:00,M,PER,MA,T,TOTAL,TOTAL,IT,2009-12-01,5.0,,
ESTAT:MIGR_ASYAPPCTZM(1.0),31/07/26 11:00:00,M,PER,TOTAL,T,TOTAL,TOTAL,EL,2009-12-01,890.0,,
ESTAT:MIGR_ASYAPPCTZM(1.0),31/07/26 11:00:00,M,PER,TOTAL,T,TOTAL,TOTAL,ES,2009-12-01,175.0,,
ESTAT:MIGR_ASYAPPCTZM(1.0),31/07/26 11:00:00,M,PER,TOTAL,T,TOTAL,TOTAL,IT,2009-12-01,655.0,,
ESTAT:MIGR_ASYAPPCTZM(1.0),31/07/26 11:00:00,M,PER,MA,T,TOTAL,TOTAL,EL,2010-01-01,5.0,,
ESTAT:MIGR_ASYAPPCTZM(1.0),31/07/26 11:00:00,M,PER,MA,T,TOTAL,TOTAL,ES,2010-01-01,5.0,,
ESTAT:MIGR_ASYAPPCTZM(1.0),31/07/26 11:00:00,M,PER,MA,T,TOTAL,TOTAL,IT,2010-01-01,5.0,,
ESTAT:MIGR_ASYAPPCTZM(1.0),31/07/26 11:00:00,M,PER,TOTAL,T,TOTAL,TOTAL,EL,2010-01-01,650.0,,
ESTAT:MIGR_ASYAPPCTZM(1.0),31/07/26 11:00:00,M,PER,TOTAL,T,TOTAL,TOTAL,ES,2010-01-01,175.0,,
ESTAT:MIGR_ASYAPPCTZM(1.0),31/07/26 11:00:00,M,PER,TOTAL,T,TOTAL,TOTAL,IT,2010-01-01,1010.0,,
ESTAT:MIGR_ASYAPPCTZM(1.0),31/07/26 11:00:00,M,PER,MA,T,TOTAL,TOTAL,EL,2010-02-01,5.0,,
ESTAT:MIGR_ASYAPPCTZM(1.0),31/07/26 11:00:00,M,PER,MA,T,TOTAL,TOTAL,ES,2010-02-01,10.0,,
ESTAT:MIGR_ASYAPPCTZM(1.0),31/07/26 11:00:00,M,PER,MA,T,TOTAL,TOTAL,IT,2010-02-01,10.0,,
ESTAT:MIGR_ASYAPPCTZM(1.0),31/07/26 11:00:00,M,PER,TOTAL,T,TOTAL,TOTAL,EL,2010-02-01,745.0,,
ESTAT:MIGR_ASYAPPCTZM(1.0),31/07/26 11:00:00,M,PER,TOTAL,T,TOTAL,TOTAL,ES,2010-02-01,230.0,,
ESTAT:MIGR_ASYAPPCTZM(1.0),31/07/26 11:00:00,M,PER,TOTAL,T,TOTAL,TOTAL,IT,2010-02-01,675.0,,
ESTAT:MIGR_ASYAPPCTZM(1.0),31/07/26 11:00:00,M,PER,MA,T,TOTAL,TOTAL,EL,2010-03-01,10.0,,
ESTAT:MIGR_ASYAPPCTZM(1.0),31/07/26 11:00:00,M,PER,MA,T,TOTAL,TOTAL,ES,2010-03-01,15.0,,
ESTAT:MIGR_ASYAPPCTZM(1.0),31/07/26 11:00:00,M,PER,MA,T,TOTAL,TOTAL,IT,2010-03-01,5.0,,
ESTAT:MIGR_ASYAPPCTZM(1.0),31/07/26 11:00:00,M,PER,TOTAL,T,TOTAL,TOTAL,EL,2010-03-01,800.0,,
ESTAT:MIGR_ASYAPPCTZM(1.0),31/07/26 11:00:00,M,PER,TOTAL,T,TOTAL,TOTAL,ES,2010-03-01,225.0,,
ESTAT:MIGR_ASYAPPCTZM(1.0),31/07/26 11:00:00,M,PER,TOTAL,T,TOTAL,TOTAL,IT,2010-03-01,1035.0,,
ESTAT:MIGR_ASYAPPCTZM(1.0),31/07/26 11:00:00,M,PER,MA,T,TOTAL,TOTAL,EL,2010-04-01,5.0,,
ESTAT:MIGR_ASYAPPCTZM(1.0),31/07/26 11:00:00,M,PER,MA,T,TOTAL,TOTAL,ES,2010-04-01,5.0,,
ESTAT:MIGR_ASYAPPCTZM(1.0),31/07/26 11:00:00,M,PER,MA,T,TOTAL,TOTAL,IT,2010-04-01,5.0,,
ESTAT:MIGR_ASYAPPCTZM(1.0),31/07/26 11:00:00,M,PER,TOTAL,T,TOTAL,TOTAL,EL,2010-04-01,660.0,,
ESTAT:MIGR_ASYAPPCTZM(1.0),31/07/26 11:00:00,M,PER,TOTAL,T,TOTAL,TOTAL,ES,2010-04-01,200.0,,
ESTAT:MIGR_ASYAPPCTZM(1.0),31/07/26 11:00:00,M,PER,TOTAL,T,TOTAL,TOTAL,IT,2010-04-01,730.0,,
ESTAT:MIGR_ASYAPPCTZM(1.0),31/07/26 11:00:00,M,PER,MA,T,TOTAL,TOTAL,EL,2010-05-01,0.0,,
ESTAT:MIGR_ASYAPPCTZM(1.0),31/07/26 11:00:00,M,PER,MA,T,TOTAL,TOTAL,ES,2010-05-01,5.0,,
ESTAT:MIGR_ASYAPPCTZM(1.0),31/07/26 11:00:00,M,PER,MA,T,TOTAL,TOTAL,IT,2010-05-01,10.0,,
ESTAT:MIGR_ASYAPPCTZM(1.0),31/07/26 11:00:00,M,PER,TOTAL,T,TOTAL,TOTAL,EL,2010-05-01,840.0,,
ESTAT:MIGR_ASYAPPCTZM(1.0),31/07/26 11:00:00,M,PER,TOTAL,T,TOTAL,TOTAL,ES,2010-05-01,180.0,,
ESTAT:MIGR_ASYAPPCTZM(1.0),31/07/26 11:00:00,M,PER,TOTAL,T,TOTAL,TOTAL,IT,2010-05-01,945.0,,
ESTAT:MIGR_ASYAPPCTZM(1.0),31/07/26 11:00:00,M,PER,MA,T,TOTAL,TOTAL,EL,2010-06-01,5.0,,
ESTAT:MIGR_ASYAPPCTZM(1.0),31/07/26 11:00:00,M,PER,MA,T,TOTAL,TOTAL,ES,2010-06-01,10.0,,
ESTAT:MIGR_ASYAPPCTZM(1.0),31/07/26 11:00:00,M,PER,MA,T,TOTAL,TOTAL,IT,2010-06-01,10.0,,
ESTAT:MIGR_ASYAPPCTZM(1.0),31/07/26 11:00:00,M,PER,TOTAL,T,TOTAL,TOTAL,EL,2010-06-01,1010.0,,
ESTAT:MIGR_ASYAPPCTZM(1.0),31/07/26 11:00:00,M,PER,TOTAL,T,TOTAL,TOTAL,ES,2010-06-01,200.0,,
ESTAT:MIGR_ASYAPPCTZM(1.0),31/07/26 11:00:00,M,PER,TOTAL,T,TOTAL,TOTAL,IT,2010-06-01,975.0,,
ESTAT:MIGR_ASYAPPCTZM(1.0),31/07/26 11:00:00,M,PER,MA,T,TOTAL,TOTAL,EL,2010-07-01,0.0,,
ESTAT:MIGR_ASYAPPCTZM(1.0),31/07/26 11:00:00,M,PER,MA,T,TOTAL,TOTAL,ES,2010-07-01,10.0,,
ESTAT:MIGR_ASYAPPCTZM(1.0),31/07/26 11:00:00,M,PER,MA,T,TOTAL,TOTAL,IT,2010-07-01,5.0,,
ESTAT:MIGR_ASYAPPCTZM(1.0),31/07/26 11:00:00,M,PER,TOTAL,T,TOTAL,TOTAL,EL,2010-07-01,990.0,,
ESTAT:MIGR_ASYAPPCTZM(1.0),31/07/26 11:00:00,M,PER,TOTAL,T,TOTAL,TOTAL,ES,2010-07-01,250.0,,
ESTAT:MIGR_ASYAPPCTZM(1.0),31/07/26 11:00:00,M,PER,TOTAL,T,TOTAL,TOTAL,IT,2010-07-01,815.0,,
ESTAT:MIGR_ASYAPPCTZM(1.0),31/07/26 11:00:00,M,PER,MA,T,TOTAL,TOTAL,EL,2010-08-01,10.0,,
ESTAT:MIGR_ASYAPPCTZM(1.0),31/07/26 11:00:00,M,PER,MA,T,TOTAL,TOTAL,ES,2010-08-01,10.0,,
ESTAT:MIGR_ASYAPPCTZM(1.0),31/07/26 11:00:00,M,PER,MA,T,TOTAL,TOTAL,IT,2010-08-01,15.0,,
ESTAT:MIGR_ASYAPPCTZM(1.0),31/07/26 11:00:00,M,PER,TOTAL,T,TOTAL,TOTAL,EL,2010-08-01,885.0,,
ESTAT:MIGR_ASYAPPCTZM(1.0),31/07/26 11:00:00,M,PER,TOTAL,T,TOTAL,TOTAL,ES,2010-08-01,260.0,,
ESTAT:MIGR_ASYAPPCTZM(1.0),31/07/26 11:00:00,M,PER,TOTAL,T,TOTAL,TOTAL,IT,2010-08-01,515.0,,
ESTAT:MIGR_ASYAPPCTZM(1.0),31/07/26 11:00:00,M,PER,MA,T,TOTAL,TOTAL,EL,2010-09-01,5.0,,
ESTAT:MIGR_ASYAPPCTZM(1.0),31/07/26 11:00:00,M,PER,MA,T,TOTAL,TOTAL,ES,2010-09-01,10.0,,
ESTAT:MIGR_ASYAPPCTZM(1.0),31/07/26 11:00:00,M,PER,MA,T,TOTAL,TOTAL,IT,2010-09-01,5.0,,
ESTAT:MIGR_ASYAPPCTZM(1.0),31/07/26 11:00:00,M,PER,TOTAL,T,TOTAL,TOTAL,EL,2010-09-01,1310.0,,
ESTAT:MIGR_ASYAPPCTZM(1.0),31/07/26 11:00:00,M,PER,TOTAL,T,TOTAL,TOTAL,ES,2010-09-01,285.0,,
ESTAT:MIGR_ASYAPPCTZM(1.0),31/07/26 11:00:00,M,PER,TOTAL,T,TOTAL,TOTAL,IT,2010-09-01,815.0,,
ESTAT:MIGR_ASYAPPCTZM(1.0),31/07/26 11:00:00,M,PER,MA,T,TOTAL,TOTAL,EL,2010-10-01,5.0,,
ESTAT:MIGR_ASYAPPCTZM(1.0),31/07/26 11:00:00,M,PER,MA,T,TOTAL,TOTAL,ES,2010-10-01,20.0,,
ESTAT:MIGR_ASYAPPCTZM(1.0),31/07/26 11:00:00,M,PER,MA,T,TOTAL,TOTAL,IT,2010-10-01,5.0,,
ESTAT:MIGR_ASYAPPCTZM(1.0),31/07/26 11:00:00,M,PER,TOTAL,T,TOTAL,TOTAL,EL,2010-10-01,1080.0,,
ESTAT:MIGR_ASYAPPCTZM(1.0),31/07/26 11:00:00,M,PER,TOTAL,T,TOTAL,TOTAL,ES,2010-10-01,240.0,,
ESTAT:MIGR_ASYAPPCTZM(1.0),31/07/26 11:00:00,M,PER,TOTAL,T,TOTAL,TOTAL,IT,2010-10-01,870.0,,
ESTAT:MIGR_ASYAPPCTZM(1.0),31/07/26 11:00:00,M,PER,MA,T,TOTAL,TOTAL,EL,2010-11-01,10.0,,
ESTAT:MIGR_ASYAPPCTZM(1.0),31/07/26 11:00:00,M,PER,MA,T,TOTAL,TOTAL,ES,2010-11-01,10.0,,
ESTAT:MIGR_ASYAPPCTZM(1.0),31/07/26 11:00:00,M,PER,MA,T,TOTAL,TOTAL,IT,2010-11-01,5.0,,
ESTAT:MIGR_ASYAPPCTZM(1.0),31/07/26 11:00:00,M,PER,TOTAL,T,TOTAL,TOTAL,EL,2010-11-01,910.0,,
ESTAT:MIGR_ASYAPPCTZM(1.0),31/07/26 11:00:00,M,PER,TOTAL,T,TOTAL,TOTAL,ES,2010-11-01,290.0,,
ESTAT:MIGR_ASYAPPCTZM(1.0),31/07/26 11:00:00,M,PER,TOTAL,T,TOTAL,TOTAL,IT,2010-11-01,1040.0,,
ESTAT:MIGR_ASYAPPCTZM(1.0),31/07/26 11:00:00,M,PER,MA,T,TOTAL,TOTAL,EL,2010-12-01,0.0,,
ESTAT:MIGR_ASYAPPCTZM(1.0),31/07/26 11:00:00,M,PER,MA,T,TOTAL,TOTAL,ES,2010-12-01,0.0,,
ESTAT:MIGR_ASYAPPCTZM(1.0),31/07/26 11:00:00,M,PER,MA,T,TOTAL,TOTAL,IT,2010-12-01,5.0,,
ESTAT:MIGR_ASYAPPCTZM(1.0),31/07/26 11:00:00,M,PER,TOTAL,T,TOTAL,TOTAL,EL,2010-12-01,395.0,,
ESTAT:MIGR_ASYAPPCTZM(1.0),31/07/26 11:00:00,M,PER,TOTAL,T,TOTAL,TOTAL,ES,2010-12-01,210.0,,
ESTAT:MIGR_ASYAPPCTZM(1.0),31/07/26 11:00:00,M,PER,TOTAL,T,TOTAL,TOTAL,IT,2010-12-01,635.0,,
ESTAT:MIGR_ASYAPPCTZM(1.0),31/07/26 11:00:00,M,PER,MA,T,TOTAL,TOTAL,EL,2011-01-01,5.0,,
ESTAT:MIGR_ASYAPPCTZM(1.0),31/07/26 11:00:00,M,PER,MA,T,TOTAL,TOTAL,ES,2011-01-01,0.0,,
ESTAT:MIGR_ASYAPPCTZM(1.0),31/07/26 11:00:00,M,PER,MA,T,TOTAL,TOTAL,IT,2011-01-01,10.0,,
ESTAT:MIGR_ASYAPPCTZM(1.0),31/07/26 11:00:00,M,PER,TOTAL,T,TOTAL,TOTAL,EL,2011-01-01,605.0,,
ESTAT:MIGR_ASYAPPCTZM(1.0),31/07/26 11:00:00,M,PER,TOTAL,T,TOTAL,TOTAL,ES,2011-01-01,240.0,,
ESTAT:MIGR_ASYAPPCTZM(1.0),31/07/26 11:00:00,M,PER,TOTAL,T,TOTAL,TOTAL,IT,2011-01-01,835.0,,
ESTAT:MIGR_ASYAPPCTZM(1.0),31/07/26 11:00:00,M,PER,MA,T,TOTAL,TOTAL,EL,2011-02-01,15.0,,
ESTAT:MIGR_ASYAPPCTZM(1.0),31/07/26 11:00:00,M,PER,MA,T,TOTAL,TOTAL,ES,2011-02-01,5.0,,
ESTAT:MIGR_ASYAPPCTZM(1.0),31/07/26 11:00:00,M,PER,MA,T,TOTAL,TOTAL,IT,2011-02-01,5.0,,
ESTAT:MIGR_ASYAPPCTZM(1.0),31/07/26 11:00:00,M,PER,TOTAL,T,TOTAL,TOTAL,EL,2011-02-01,920.0,,
ESTAT:MIGR_ASYAPPCTZM(1.0),31/07/26 11:00:00,M,PER,TOTAL,T,TOTAL,TOTAL,ES,2011-02-01,335.0,,
ESTAT:MIGR_ASYAPPCTZM(1.0),31/07/26 11:00:00,M,PER,TOTAL,T,TOTAL,TOTAL,IT,2011-02-01,2500.0,,
ESTAT:MIGR_ASYAPPCTZM(1.0),31/07/26 11:00:00,M,PER,MA,T,TOTAL,TOTAL,EL,2011-03-01,15.0,,
ESTAT:MIGR_ASYAPPCTZM(1.0),31/07/26 11:00:00,M,PER,MA,T,TOTAL,TOTAL,ES,2011-03-01,0.0,,
ESTAT:MIGR_ASYAPPCTZM(1.0),31/07/26 11:00:00,M,PER,MA,T,TOTAL,TOTAL,IT,2011-03-01,10.0,,
ESTAT:MIGR_ASYAPPCTZM(1.0),31/07/26 11:00:00,M,PER,TOTAL,T,TOTAL,TOTAL,EL,2011-03-01,1005.0,,
ESTAT:MIGR_ASYAPPCTZM(1.0),31/07/26 11:00:00,M,PER,TOTAL,T,TOTAL,TOTAL,ES,2011-03-01,365.0,,
ESTAT:MIGR_ASYAPPCTZM(1.0),31/07/26 11:00:00,M,PER,TOTAL,T,TOTAL,TOTAL,IT,2011-03-01,2990.0,,
ESTAT:MIGR_ASYAPPCTZM(1.0),31/07/26 11:00:00,M,PER,MA,T,TOTAL,TOTAL,EL,2011-04-01,5.0,,
ESTAT:MIGR_ASYAPPCTZM(1.0),31/07/26 11:00:00,M,PER,MA,T,TOTAL,TOTAL,ES,2011-04-01,0.0,,
ESTAT:MIGR_ASYAPPCTZM(1.0),31/07/26 11:00:00,M,PER,MA,T,TOTAL,TOTAL,IT,2011-04-01,10.0,,
ESTAT:MIGR_ASYAPPCTZM(1.0),31/07/26 11:00:00,M,PER,TOTAL,T,TOTAL,TOTAL,EL,2011-04-01,455.0,,
ESTAT:MIGR_ASYAPPCTZM(1.0),31/07/26 11:00:00,M,PER,TOTAL,T,TOTAL,TOTAL,ES,2011-04-01,430.0,,
ESTAT:MIGR_ASYAPPCTZM(1.0),31/07/26 11:00:00,M,PER,TOTAL,T,TOTAL,TOTAL,IT,2011-04-01,2010.0,,
ESTAT:MIGR_ASYAPPCTZM(1.0),31/07/26 11:00:00,M,PER,MA,T,TOTAL,TOTAL,EL,2011-05-01,10.0,,
ESTAT:MIGR_ASYAPPCTZM(1.0),31/07/26 11:00:00,M,PER,MA,T,TOTAL,TOTAL,ES,2011-05-01,0.0,,
ESTAT:MIGR_ASYAPPCTZM(1.0),31/07/26 11:00:00,M,PER,MA,T,TOTAL,TOTAL,IT,2011-05-01,35.0,,
ESTAT:MIGR_ASYAPPCTZM(1.0),31/07/26 11:00:00,M,PER,TOTAL,T,TOTAL,TOTAL,EL,2011-05-01,815.0,,
ESTAT:MIGR_ASYAPPCTZM(1.0),31/07/26 11:00:00,M,PER,TOTAL,T,TOTAL,TOTAL,ES,2011-05-01,365.0,,
ESTAT:MIGR_ASYAPPCTZM(1.0),31/07/26 11:00:00,M,PER,TOTAL,T,TOTAL,TOTAL,IT,2011-05-01,6880.0,,
ESTAT:MIGR_ASYAPPCTZM(1.0),31/07/26 11:00:00,M,PER,MA,T,TOTAL,TOTAL,EL,2011-06-01,5.0,,
ESTAT:MIGR_ASYAPPCTZM(1.0),31/07/26 11:00:00,M,PER,MA,T,TOTAL,TOTAL,ES,2011-06-01,5.0,,
ESTAT:MIGR_ASYAPPCTZM(1.0),31/07/26 11:00:00,M,PER,MA,T,TOTAL,TOTAL,IT,2011-06-01,30.0,,
ESTAT:MIGR_ASYAPPCTZM(1.0),31/07/26 11:00:00,M,PER,TOTAL,T,TOTAL,TOTAL,EL,2011-06-01,685.0,,
ESTAT:MIGR_ASYAPPCTZM(1.0),31/07/26 11:00:00,M,PER,TOTAL,T,TOTAL,TOTAL,ES,2011-06-01,220.0,,
ESTAT:MIGR_ASYAPPCTZM(1.0),31/07/26 11:00:00,M,PER,TOTAL,T,TOTAL,TOTAL,IT,2011-06-01,6425.0,,
ESTAT:MIGR_ASYAPPCTZM(1.0),31/07/26 11:00:00,M,PER,MA,T,TOTAL,TOTAL,EL,2011-07-01,30.0,,
ESTAT:MIGR_ASYAPPCTZM(1.0),31/07/26 11:00:00,M,PER,MA,T,TOTAL,TOTAL,ES,2011-07-01,0.0,,
ESTAT:MIGR_ASYAPPCTZM(1.0),31/07/26 11:00:00,M,PER,MA,T,TOTAL,TOTAL,IT,2011-07-01,50.0,,
ESTAT:MIGR_ASYAPPCTZM(1.0),31/07/26 11:00:00,M,PER,TOTAL,T,TOTAL,TOTAL,EL,2011-07-01,990.0,,
ESTAT:MIGR_ASYAPPCTZM(1.0),31/07/26 11:00:00,M,PER,TOTAL,T,TOTAL,TOTAL,ES,2011-07-01,175.0,,
ESTAT:MIGR_ASYAPPCTZM(1.0),31/07/26 11:00:00,M,PER,TOTAL,T,TOTAL,TOTAL,IT,2011-07-01,4695.0,,
ESTAT:MIGR_ASYAPPCTZM(1.0),31/07/26 11:00:00,M,PER,MA,T,TOTAL,TOTAL,EL,2011-08-01,0.0,,
ESTAT:MIGR_ASYAPPCTZM(1.0),31/07/26 11:00:00,M,PER,MA,T,TOTAL,TOTAL,ES,2011-08-01,10.0,,
ESTAT:MIGR_ASYAPPCTZM(1.0),31/07/26 11:00:00,M,PER,MA,T,TOTAL,TOTAL,IT,2011-08-01,55.0,,
ESTAT:MIGR_ASYAPPCTZM(1.0),31/07/26 11:00:00,M,PER,TOTAL,T,TOTAL,TOTAL,EL,2011-08-01,650.0,,
ESTAT:MIGR_ASYAPPCTZM(1.0),31/07/26 11:00:00,M,PER,TOTAL,T,TOTAL,TOTAL,ES,2011-08-01,280.0,,
ESTAT:MIGR_ASYAPPCTZM(1.0),31/07/26 11:00:00,M,PER,TOTAL,T,TOTAL,TOTAL,IT,2011-08-01,4080.0,,
ESTAT:MIGR_ASYAPPCTZM(1.0),31/07/26 11:00:00,M,PER,MA,T,TOTAL,TOTAL,EL,2011-09-01,10.0,,
ESTAT:MIGR_ASYAPPCTZM(1.0),31/07/26 11:00:00,M,PER,MA,T,TOTAL,TOTAL,ES,2011-09-01,5.0,,
ESTAT:MIGR_ASYAPPCTZM(1.0),31/07/26 11:00:00,M,PER,MA,T,TOTAL,TOTAL,IT,2011-09-01,40.0,,
ESTAT:MIGR_ASYAPPCTZM(1.0),31/07/26 11:00:00,M,PER,TOTAL,T,TOTAL,TOTAL,EL,2011-09-01,790.0,,
ESTAT:MIGR_ASYAPPCTZM(1.0),31/07/26 11:00:00,M,PER,TOTAL,T,TOTAL,TOTAL,ES,2011-09-01,370.0,,
ESTAT:MIGR_ASYAPPCTZM(1.0),31/07/26 11:00:00,M,PER,TOTAL,T,TOTAL,TOTAL,IT,2011-09-01,3935.0,,
ESTAT:MIGR_ASYAPPCTZM(1.0),31/07/26 11:00:00,M,PER,MA,T,TOTAL,TOTAL,EL,2011-10-01,25.0,,
ESTAT:MIGR_ASYAPPCTZM(1.0),31/07/26 11:00:00,M,PER,MA,T,TOTAL,TOTAL,ES,2011-10-01,5.0,,
ESTAT:MIGR_ASYAPPCTZM(1.0),31/07/26 11:00:00,M,PER,MA,T,TOTAL,TOTAL,IT,2011-10-01,25.0,,
ESTAT:MIGR_ASYAPPCTZM(1.0),31/07/26 11:00:00,M,PER,TOTAL,T,TOTAL,TOTAL,EL,2011-10-01,740.0,,
ESTAT:MIGR_ASYAPPCTZM(1.0),31/07/26 11:00:00,M,PER,TOTAL,T,TOTAL,TOTAL,ES,2011-10-01,260.0,,
ESTAT:MIGR_ASYAPPCTZM(1.0),31/07/26 11:00:00,M,PER,TOTAL,T,TOTAL,TOTAL,IT,2011-10-01,2805.0,,
ESTAT:MIGR_ASYAPPCTZM(1.0),31/07/26 11:00:00,M,PER,MA,T,TOTAL,TOTAL,EL,2011-11-01,25.0,,
ESTAT:MIGR_ASYAPPCTZM(1.0),31/07/26 11:00:00,M,PER,MA,T,TOTAL,TOTAL,ES,2011-11-01,0.0,,
ESTAT:MIGR_ASYAPPCTZM(1.0),31/07/26 11:00:00,M,PER,MA,T,TOTAL,TOTAL,IT,2011-11-01,35.0,,
ESTAT:MIGR_ASYAPPCTZM(1.0),31/07/26 11:00:00,M,PER,TOTAL,T,TOTAL,TOTAL,EL,2011-11-01,875.0,,
ESTAT:MIGR_ASYAPPCTZM(1.0),31/07/26 11:00:00,M,PER,TOTAL,T,TOTAL,TOTAL,ES,2011-11-01,205.0,,
ESTAT:MIGR_ASYAPPCTZM(1.0),31/07/26 11:00:00,M,PER,TOTAL,T,TOTAL,TOTAL,IT,2011-11-01,2000.0,,
ESTAT:MIGR_ASYAPPCTZM(1.0),31/07/26 11:00:00,M,PER,MA,T,TOTAL,TOTAL,EL,2011-12-01,15.0,,
ESTAT:MIGR_ASYAPPCTZM(1.0),31/07/26 11:00:00,M,PER,MA,T,TOTAL,TOTAL,ES,2011-12-01,0.0,,
ESTAT:MIGR_ASYAPPCTZM(1.0),31/07/26 11:00:00,M,PER,MA,T,TOTAL,TOTAL,IT,2011-12-01,30.0,,
ESTAT:MIGR_ASYAPPCTZM(1.0),31/07/26 11:00:00,M,PER,TOTAL,T,TOTAL,TOTAL,EL,2011-12-01,785.0,,
ESTAT:MIGR_ASYAPPCTZM(1.0),31/07/26 11:00:00,M,PER,TOTAL,T,TOTAL,TOTAL,ES,2011-12-01,175.0,,
ESTAT:MIGR_ASYAPPCTZM(1.0),31/07/26 11:00:00,M,PER,TOTAL,T,TOTAL,TOTAL,IT,2011-12-01,1200.0,,
ESTAT:MIGR_ASYAPPCTZM(1.0),31/07/26 11:00:00,M,PER,MA,T,TOTAL,TOTAL,EL,2012-01-01,5.0,,
ESTAT:MIGR_ASYAPPCTZM(1.0),31/07/26 11:00:00,M,PER,MA,T,TOTAL,TOTAL,ES,2012-01-01,5.0,,
ESTAT:MIGR_ASYAPPCTZM(1.0),31/07/26 11:00:00,M,PER,MA,T,TOTAL,TOTAL,IT,2012-01-01,20.0,,
ESTAT:MIGR_ASYAPPCTZM(1.0),31/07/26 11:00:00,M,PER,TOTAL,T,TOTAL,TOTAL,EL,2012-01-01,555.0,,
ESTAT:MIGR_ASYAPPCTZM(1.0),31/07/26 11:00:00,M,PER,TOTAL,T,TOTAL,TOTAL,ES,2012-01-01,215.0,,
ESTAT:MIGR_ASYAPPCTZM(1.0),31/07/26 11:00:00,M,PER,TOTAL,T,TOTAL,TOTAL,IT,2012-01-01,1155.0,,
ESTAT:MIGR_ASYAPPCTZM(1.0),31/07/26 11:00:00,M,PER,MA,T,TOTAL,TOTAL,EL,2012-02-01,5.0,,
ESTAT:MIGR_ASYAPPCTZM(1.0),31/07/26 11:00:00,M,PER,MA,T,TOTAL,TOTAL,ES,2012-02-01,5.0,,
ESTAT:MIGR_ASYAPPCTZM(1.0),31/07/26 11:00:00,M,PER,MA,T,TOTAL,TOTAL,IT,2012-02-01,20.0,,
ESTAT:MIGR_ASYAPPCTZM(1.0),31/07/26 11:00:00,M,PER,TOTAL,T,TOTAL,TOTAL,EL,2012-02-01,680.0,,
ESTAT:MIGR_ASYAPPCTZM(1.0),31/07/26 11:00:00,M,PER,TOTAL,T,TOTAL,TOTAL,ES,2012-02-01,215.0,,
ESTAT:MIGR_ASYAPPCTZM(1.0),31/07/26 11:00:00,M,PER,TOTAL,T,TOTAL,TOTAL,IT,2012-02-01,1170.0,,
ESTAT:MIGR_ASYAPPCTZM(1.0),31/07/26 11:00:00,M,PER,MA,T,TOTAL,TOTAL,EL,2012-03-01,10.0,,
ESTAT:MIGR_ASYAPPCTZM(1.0),31/07/26 11:00:00,M,PER,MA,T,TOTAL,TOTAL,ES,2012-03-01,5.0,,
ESTAT:MIGR_ASYAPPCTZM(1.0),31/07/26 11:00:00,M,PER,MA,T,TOTAL,TOTAL,IT,2012-03-01,15.0,,
ESTAT:MIGR_ASYAPPCTZM(1.0),31/07/26 11:00:00,M,PER,TOTAL,T,TOTAL,TOTAL,EL,2012-03-01,710.0,,
ESTAT:MIGR_ASYAPPCTZM(1.0),31/07/26 11:00:00,M,PER,TOTAL,T,TOTAL,TOTAL,ES,2012-03-01,215.0,,
ESTAT:MIGR_ASYAPPCTZM(1.0),31/07/26 11:00:00,M,PER,TOTAL,T,TOTAL,TOTAL,IT,2012-03-01,1420.0,,
ESTAT:MIGR_ASYAPPCTZM(1.0),31/07/26 11:00:00,M,PER,MA,T,TOTAL,TOTAL,EL,2012-04-01,15.0,,
ESTAT:MIGR_ASYAPPCTZM(1.0),31/07/26 11:00:00,M,PER,MA,T,TOTAL,TOTAL,ES,2012-04-01,5.0,,
ESTAT:MIGR_ASYAPPCTZM(1.0),31/07/26 11:00:00,M,PER,MA,T,TOTAL,TOTAL,IT,2012-04-01,15.0,,
ESTAT:MIGR_ASYAPPCTZM(1.0),31/07/26 11:00:00,M,PER,TOTAL,T,TOTAL,TOTAL,EL,2012-04-01,885.0,,
ESTAT:MIGR_ASYAPPCTZM(1.0),31/07/26 11:00:00,M,PER,TOTAL,T,TOTAL,TOTAL,ES,2012-04-01,150.0,,
ESTAT:MIGR_ASYAPPCTZM(1.0),31/07/26 11:00:00,M,PER,TOTAL,T,TOTAL,TOTAL,IT,2012-04-01,1055.0,,
ESTAT:MIGR_ASYAPPCTZM(1.0),31/07/26 11:00:00,M,PER,MA,T,TOTAL,TOTAL,EL,2012-05-01,5.0,,
ESTAT:MIGR_ASYAPPCTZM(1.0),31/07/26 11:00:00,M,PER,MA,T,TOTAL,TOTAL,ES,2012-05-01,0.0,,
ESTAT:MIGR_ASYAPPCTZM(1.0),31/07/26 11:00:00,M,PER,MA,T,TOTAL,TOTAL,IT,2012-05-01,35.0,,
ESTAT:MIGR_ASYAPPCTZM(1.0),31/07/26 11:00:00,M,PER,TOTAL,T,TOTAL,TOTAL,EL,2012-05-01,720.0,,
ESTAT:MIGR_ASYAPPCTZM(1.0),31/07/26 11:00:00,M,PER,TOTAL,T,TOTAL,TOTAL,ES,2012-05-01,210.0,,
ESTAT:MIGR_ASYAPPCTZM(1.0),31/07/26 11:00:00,M,PER,TOTAL,T,TOTAL,TOTAL,IT,2012-05-01,1515.0,,
ESTAT:MIGR_ASYAPPCTZM(1.0),31/07/26 11:00:00,M,PER,MA,T,TOTAL,TOTAL,EL,2012-06-01,5.0,,
ESTAT:MIGR_ASYAPPCTZM(1.0),31/07/26 11:00:00,M,PER,MA,T,TOTAL,TOTAL,ES,2012-06-01,0.0,,
ESTAT:MIGR_ASYAPPCTZM(1.0),31/07/26 11:00:00,M,PER,MA,T,TOTAL,TOTAL,IT,2012-06-01,15.0,,
ESTAT:MIGR_ASYAPPCTZM(1.0),31/07/26 11:00:00,M,PER,TOTAL,T,TOTAL,TOTAL,EL,2012-06-01,805.0,,
ESTAT:MIGR_ASYAPPCTZM(1.0),31/07/26 11:00:00,M,PER,TOTAL,T,TOTAL,TOTAL,ES,2012-06-01,290.0,,
ESTAT:MIGR_ASYAPPCTZM(1.0),31/07/26 11:00:00,M,PER,TOTAL,T,TOTAL,TOTAL,IT,2012-06-01,1030.0,,
ESTAT:MIGR_ASYAPPCTZM(1.0),31/07/26 11:00:00,M,PER,MA,T,TOTAL,TOTAL,EL,2012-07-01,10.0,,
ESTAT:MIGR_ASYAPPCTZM(1.0),31/07/26 11:00:00,M,PER,MA,T,TOTAL,TOTAL,ES,2012-07-01,0.0,,
ESTAT:MIGR_ASYAPPCTZM(1.0),31/07/26 11:00:00,M,PER,MA,T,TOTAL,TOTAL,IT,2012-07-01,30.0,,
ESTAT:MIGR_ASYAPPCTZM(1.0),31/07/26 11:00:00,M,PER,TOTAL,T,TOTAL,TOTAL,EL,2012-07-01,590.0,,
ESTAT:MIGR_ASYAPPCTZM(1.0),31/07/26 11:00:00,M,PER,TOTAL,T,TOTAL,TOTAL,ES,2012-07-01,190.0,,
ESTAT:MIGR_ASYAPPCTZM(1.0),31/07/26 11:00:00,M,PER,TOTAL,T,TOTAL,TOTAL,IT,2012-07-01,1550.0,,
ESTAT:MIGR_ASYAPPCTZM(1.0),31/07/26 11:00:00,M,PER,MA,T,TOTAL,TOTAL,EL,2012-08-01,5.0,,
ESTAT:MIGR_ASYAPPCTZM(1.0),31/07/26 11:00:00,M,PER,MA,T,TOTAL,TOTAL,ES,2012-08-01,5.0,,
ESTAT:MIGR_ASYAPPCTZM(1.0),31/07/26 11:00:00,M,PER,MA,T,TOTAL,TOTAL,IT,2012-08-01,45.0,,
ESTAT:MIGR_ASYAPPCTZM(1.0),31/07/26 11:00:00,M,PER,TOTAL,T,TOTAL,TOTAL,EL,2012-08-01,750.0,,
ESTAT:MIGR_ASYAPPCTZM(1.0),31/07/26 11:00:00,M,PER,TOTAL,T,TOTAL,TOTAL,ES,2012-08-01,205.0,,
ESTAT:MIGR_ASYAPPCTZM(1.0),31/07/26 11:00:00,M,PER,TOTAL,T,TOTAL,TOTAL,IT,2012-08-01,1545.0,,
ESTAT:MIGR_ASYAPPCTZM(1.0),31/07/26 11:00:00,M,PER,MA,T,TOTAL,TOTAL,EL,2012-09-01,0.0,,
ESTAT:MIGR_ASYAPPCTZM(1.0),31/07/26 11:00:00,M,PER,MA,T,TOTAL,TOTAL,ES,2012-09-01,5.0,,
ESTAT:MIGR_ASYAPPCTZM(1.0),31/07/26 11:00:00,M,PER,MA,T,TOTAL,TOTAL,IT,2012-09-01,20.0,,
ESTAT:MIGR_ASYAPPCTZM(1.0),31/07/26 11:00:00,M,PER,TOTAL,T,TOTAL,TOTAL,EL,2012-09-01,745.0,,
ESTAT:MIGR_ASYAPPCTZM(1.0),31/07/26 11:00:00,M,PER,TOTAL,T,TOTAL,TOTAL,ES,2012-09-01,205.0,,
ESTAT:MIGR_ASYAPPCTZM(1.0),31/07/26 11:00:00,M,PER,TOTAL,T,TOTAL,TOTAL,IT,2012-09-01,1435.0,,
ESTAT:MIGR_ASYAPPCTZM(1.0),31/07/26 11:00:00,M,PER,MA,T,TOTAL,TOTAL,EL,2012-10-01,10.0,,
ESTAT:MIGR_ASYAPPCTZM(1.0),31/07/26 11:00:00,M,PER,MA,T,TOTAL,TOTAL,ES,2012-10-01,5.0,,
ESTAT:MIGR_ASYAPPCTZM(1.0),31/07/26 11:00:00,M,PER,MA,T,TOTAL,TOTAL,IT,2012-10-01,20.0,,
ESTAT:MIGR_ASYAPPCTZM(1.0),31/07/26 11:00:00,M,PER,TOTAL,T,TOTAL,TOTAL,EL,2012-10-01,1255.0,,
ESTAT:MIGR_ASYAPPCTZM(1.0),31/07/26 11:00:00,M,PER,TOTAL,T,TOTAL,TOTAL,ES,2012-10-01,240.0,,
ESTAT:MIGR_ASYAPPCTZM(1.0),31/07/26 11:00:00,M,PER,TOTAL,T,TOTAL,TOTAL,IT,2012-10-01,2180.0,,
ESTAT:MIGR_ASYAPPCTZM(1.0),31/07/26 11:00:00,M,PER,MA,T,TOTAL,TOTAL,EL,2012-11-01,15.0,,
ESTAT:MIGR_ASYAPPCTZM(1.0),31/07/26 11:00:00,M,PER,MA,T,TOTAL,TOTAL,ES,2012-11-01,0.0,,
ESTAT:MIGR_ASYAPPCTZM(1.0),31/07/26 11:00:00,M,PER,MA,T,TOTAL,TOTAL,IT,2012-11-01,35.0,,
ESTAT:MIGR_ASYAPPCTZM(1.0),31/07/26 11:00:00,M,PER,TOTAL,T,TOTAL,TOTAL,EL,2012-11-01,1030.0,,
ESTAT:MIGR_ASYAPPCTZM(1.0),31/07/26 11:00:00,M,PER,TOTAL,T,TOTAL,TOTAL,ES,2012-11-01,255.0,,
ESTAT:MIGR_ASYAPPCTZM(1.0),31/07/26 11:00:00,M,PER,TOTAL,T,TOTAL,TOTAL,IT,2012-11-01,2005.0,,
ESTAT:MIGR_ASYAPPCTZM(1.0),31/07/26 11:00:00,M,PER,MA,T,TOTAL,TOTAL,EL,2012-12-01,5.0,,
ESTAT:MIGR_ASYAPPCTZM(1.0),31/07/26 11:00:00,M,PER,MA,T,TOTAL,TOTAL,ES,2012-12-01,10.0,,
ESTAT:MIGR_ASYAPPCTZM(1.0),31/07/26 11:00:00,M,PER,MA,T,TOTAL,TOTAL,IT,2012-12-01,15.0,,
ESTAT:MIGR_ASYAPPCTZM(1.0),31/07/26 11:00:00,M,PER,TOTAL,T,TOTAL,TOTAL,EL,2012-12-01,850.0,,
ESTAT:MIGR_ASYAPPCTZM(1.0),31/07/26 11:00:00,M,PER,TOTAL,T,TOTAL,TOTAL,ES,2012-12-01,170.0,,
ESTAT:MIGR_ASYAPPCTZM(1.0),31/07/26 11:00:00,M,PER,TOTAL,T,TOTAL,TOTAL,IT,2012-12-01,1285.0,,
ESTAT:MIGR_ASYAPPCTZM(1.0),31/07/26 11:00:00,M,PER,MA,T,TOTAL,TOTAL,EL,2013-01-01,5.0,,
ESTAT:MIGR_ASYAPPCTZM(1.0),31/07/26 11:00:00,M,PER,MA,T,TOTAL,TOTAL,ES,2013-01-01,0.0,,
ESTAT:MIGR_ASYAPPCTZM(1.0),31/07/26 11:00:00,M,PER,MA,T,TOTAL,TOTAL,IT,2013-01-01,35.0,,
ESTAT:MIGR_ASYAPPCTZM(1.0),31/07/26 11:00:00,M,PER,TOTAL,T,TOTAL,TOTAL,EL,2013-01-01,755.0,,
ESTAT:MIGR_ASYAPPCTZM(1.0),31/07/26 11:00:00,M,PER,TOTAL,T,TOTAL,TOTAL,ES,2013-01-01,285.0,,
ESTAT:MIGR_ASYAPPCTZM(1.0),31/07/26 11:00:00,M,PER,TOTAL,T,TOTAL,TOTAL,IT,2013-01-01,1640.0,,
ESTAT:MIGR_ASYAPPCTZM(1.0),31/07/26 11:00:00,M,PER,MA,T,TOTAL,TOTAL,EL,2013-02-01,5.0,,
ESTAT:MIGR_ASYAPPCTZM(1.0),31/07/26 11:00:00,M,PER,MA,T,TOTAL,TOTAL,ES,2013-02-01,5.0,,
ESTAT:MIGR_ASYAPPCTZM(1.0),31/07/26 11:00:00,M,PER,MA,T,TOTAL,TOTAL,IT,2013-02-01,15.0,,
ESTAT:MIGR_ASYAPPCTZM(1.0),31/07/26 11:00:00,M,PER,TOTAL,T,TOTAL,TOTAL,EL,2013-02-01,705.0,,
ESTAT:MIGR_ASYAPPCTZM(1.0),31/07/26 11:00:00,M,PER,TOTAL,T,TOTAL,TOTAL,ES,2013-02-01,445.0,,
ESTAT:MIGR_ASYAPPCTZM(1.0),31/07/26 11:00:00,M,PER,TOTAL,T,TOTAL,TOTAL,IT,2013-02-01,1165.0,,
ESTAT:MIGR_ASYAPPCTZM(1.0),31/07/26 11:00:00,M,PER,MA,T,TOTAL,TOTAL,EL,2013-03-01,10.0,,
ESTAT:MIGR_ASYAPPCTZM(1.0),31/07/26 11:00:00,M,PER,MA,T,TOTAL,TOTAL,ES,2013-03-01,5.0,,
ESTAT:MIGR_ASYAPPCTZM(1.0),31/07/26 11:00:00,M,PER,MA,T,TOTAL,TOTAL,IT,2013-03-01,20.0,,
ESTAT:MIGR_ASYAPPCTZM(1.0),31/07/26 11:00:00,M,PER,TOTAL,T,TOTAL,TOTAL,EL,2013-03-01,610.0,,
ESTAT:MIGR_ASYAPPCTZM(1.0),31/07/26 11:00:00,M,PER,TOTAL,T,TOTAL,TOTAL,ES,2013-03-01,435.0,,
ESTAT:MIGR_ASYAPPCTZM(1.0),31/07/26 11:00:00,M,PER,TOTAL,T,TOTAL,TOTAL,IT,2013-03-01,1865.0,,
ESTAT:MIGR_ASYAPPCTZM(1.0),31/07/26 11:00:00,M,PER,MA,T,TOTAL,TOTAL,EL,2013-04-01,10.0,,
ESTAT:MIGR_ASYAPPCTZM(1.0),31/07/26 11:00:00,M,PER,MA,T,TOTAL,TOTAL,ES,2013-04-01,5.0,,
ESTAT:MIGR_ASYAPPCTZM(1.0),31/07/26 11:00:00,M,PER,MA,T,TOTAL,TOTAL,IT,2013-04-01,35.0,,
ESTAT:MIGR_ASYAPPCTZM(1.0),31/07/26 11:00:00,M,PER,TOTAL,T,TOTAL,TOTAL,EL,2013-04-01,745.0,,
ESTAT:MIGR_ASYAPPCTZM(1.0),31/07/26 11:00:00,M,PER,TOTAL,T,TOTAL,TOTAL,ES,2013-04-01,405.0,,
ESTAT:MIGR_ASYAPPCTZM(1.0),31/07/26 11:00:00,M,PER,TOTAL,T,TOTAL,TOTAL,IT,2013-04-01,1810.0,,
ESTAT:MIGR_ASYAPPCTZM(1.0),31/07/26 11:00:00,M,PER,MA,T,TOTAL,TOTAL,EL,2013-05-01,5.0,,
ESTAT:MIGR_ASYAPPCTZM(1.0),31/07/26 11:00:00,M,PER,MA,T,TOTAL,TOTAL,ES,2013-05-01,5.0,,
ESTAT:MIGR_ASYAPPCTZM(1.0),31/07/26 11:00:00,M,PER,MA,T,TOTAL,TOTAL,IT,2013-05-01,25.0,,
ESTAT:MIGR_ASYAPPCTZM(1.0),31/07/26 11:00:00,M,PER,TOTAL,T,TOTAL,TOTAL,EL,2013-05-01,595.0,,
ESTAT:MIGR_ASYAPPCTZM(1.0),31/07/26 11:00:00,M,PER,TOTAL,T,TOTAL,TOTAL,ES,2013-05-01,445.0,,
ESTAT:MIGR_ASYAPPCTZM(1.0),31/07/26 11:00:00,M,PER,TOTAL,T,TOTAL,TOTAL,IT,2013-05-01,1745.0,,
ESTAT:MIGR_ASYAPPCTZM(1.0),31/07/26 11:00:00,M,PER,MA,T,TOTAL,TOTAL,EL,2013-06-01,10.0,,
ESTAT:MIGR_ASYAPPCTZM(1.0),31/07/26 11:00:00,M,PER,MA,T,TOTAL,TOTAL,ES,2013-06-01,0.0,,
ESTAT:MIGR_ASYAPPCTZM(1.0),31/07/26 11:00:00,M,PER,MA,T,TOTAL,TOTAL,IT,2013-06-01,30.0,,
ESTAT:MIGR_ASYAPPCTZM(1.0),31/07/26 11:00:00,M,PER,TOTAL,T,TOTAL,TOTAL,EL,2013-06-01,535.0,,
ESTAT:MIGR_ASYAPPCTZM(1.0),31/07/26 11:00:00,M,PER,TOTAL,T,TOTAL,TOTAL,ES,2013-06-01,450.0,,
ESTAT:MIGR_ASYAPPCTZM(1.0),31/07/26 11:00:00,M,PER,TOTAL,T,TOTAL,TOTAL,IT,2013-06-01,2035.0,,
ESTAT:MIGR_ASYAPPCTZM(1.0),31/07/26 11:00:00,M,PER,MA,T,TOTAL,TOTAL,EL,2013-07-01,20.0,,
ESTAT:MIGR_ASYAPPCTZM(1.0),31/07/26 11:00:00,M,PER,MA,T,TOTAL,TOTAL,ES,2013-07-01,5.0,,
ESTAT:MIGR_ASYAPPCTZM(1.0),31/07/26 11:00:00,M,PER,MA,T,TOTAL,TOTAL,IT,2013-07-01,40.0,,
ESTAT:MIGR_ASYAPPCTZM(1.0),31/07/26 11:00:00,M,PER,TOTAL,T,TOTAL,TOTAL,EL,2013-07-01,775.0,,
ESTAT:MIGR_ASYAPPCTZM(1.0),31/07/26 11:00:00,M,PER,TOTAL,T,TOTAL,TOTAL,ES,2013-07-01,435.0,,
ESTAT:MIGR_ASYAPPCTZM(1.0),31/07/26 11:00:00,M,PER,TOTAL,T,TOTAL,TOTAL,IT,2013-07-01,2455.0,,
ESTAT:MIGR_ASYAPPCTZM(1.0),31/07/26 11:00:00,M,PER,MA,T,TOTAL,TOTAL,EL,2013-08-01,10.0,,
ESTAT:MIGR_ASYAPPCTZM(1.0),31/07/26 11:00:00,M,PER,MA,T,TOTAL,TOTAL,ES,2013-08-01,5.0,,
ESTAT:MIGR_ASYAPPCTZM(1.0),31/07/26 11:00:00,M,PER,MA,T,TOTAL,TOTAL,IT,2013-08-01,20.0,,
ESTAT:MIGR_ASYAPPCTZM(1.0),31/07/26 11:00:00,M,PER,TOTAL,T,TOTAL,TOTAL,EL,2013-08-01,610.0,,
ESTAT:MIGR_ASYAPPCTZM(1.0),31/07/26 11:00:00,M,PER,TOTAL,T,TOTAL,TOTAL,ES,2013-08-01,300.0,,
ESTAT:MIGR_ASYAPPCTZM(1.0),31/07/26 11:00:00,M,PER,TOTAL,T,TOTAL,TOTAL,IT,2013-08-01,2520.0,,
ESTAT:MIGR_ASYAPPCTZM(1.0),31/07/26 11:00:00,M,PER,MA,T,TOTAL,TOTAL,EL,2013-09-01,15.0,,
ESTAT:MIGR_ASYAPPCTZM(1.0),31/07/26 11:00:00,M,PER,MA,T,TOTAL,TOTAL,ES,2013-09-01,5.0,,
ESTAT:MIGR_ASYAPPCTZM(1.0),31/07/26 11:00:00,M,PER,MA,T,TOTAL,TOTAL,IT,2013-09-01,15.0,,
ESTAT:MIGR_ASYAPPCTZM(1.0),31/07/26 11:00:00,M,PER,TOTAL,T,TOTAL,TOTAL,EL,2013-09-01,675.0,,
ESTAT:MIGR_ASYAPPCTZM(1.0),31/07/26 11:00:00,M,PER,TOTAL,T,TOTAL,TOTAL,ES,2013-09-01,350.0,,
ESTAT:MIGR_ASYAPPCTZM(1.0),31/07/26 11:00:00,M,PER,TOTAL,T,TOTAL,TOTAL,IT,2013-09-01,2600.0,,
ESTAT:MIGR_ASYAPPCTZM(1.0),31/07/26 11:00:00,M,PER,MA,T,TOTAL,TOTAL,EL,2013-10-01,15.0,,
ESTAT:MIGR_ASYAPPCTZM(1.0),31/07/26 11:00:00,M,PER,MA,T,TOTAL,TOTAL,ES,2013-10-01,5.0,,
ESTAT:MIGR_ASYAPPCTZM(1.0),31/07/26 11:00:00,M,PER,MA,T,TOTAL,TOTAL,IT,2013-10-01,20.0,,
ESTAT:MIGR_ASYAPPCTZM(1.0),31/07/26 11:00:00,M,PER,TOTAL,T,TOTAL,TOTAL,EL,2013-10-01,835.0,,
ESTAT:MIGR_ASYAPPCTZM(1.0),31/07/26 11:00:00,M,PER,TOTAL,T,TOTAL,TOTAL,ES,2013-10-01,355.0,,
ESTAT:MIGR_ASYAPPCTZM(1.0),31/07/26 11:00:00,M,PER,TOTAL,T,TOTAL,TOTAL,IT,2013-10-01,3390.0,,
ESTAT:MIGR_ASYAPPCTZM(1.0),31/07/26 11:00:00,M,PER,MA,T,TOTAL,TOTAL,EL,2013-11-01,5.0,,
ESTAT:MIGR_ASYAPPCTZM(1.0),31/07/26 11:00:00,M,PER,MA,T,TOTAL,TOTAL,ES,2013-11-01,10.0,,
ESTAT:MIGR_ASYAPPCTZM(1.0),31/07/26 11:00:00,M,PER,MA,T,TOTAL,TOTAL,IT,2013-11-01,40.0,,
ESTAT:MIGR_ASYAPPCTZM(1.0),31/07/26 11:00:00,M,PER,TOTAL,T,TOTAL,TOTAL,EL,2013-11-01,760.0,,
ESTAT:MIGR_ASYAPPCTZM(1.0),31/07/26 11:00:00,M,PER,TOTAL,T,TOTAL,TOTAL,ES,2013-11-01,315.0,,
ESTAT:MIGR_ASYAPPCTZM(1.0),31/07/26 11:00:00,M,PER,TOTAL,T,TOTAL,TOTAL,IT,2013-11-01,3135.0,,
ESTAT:MIGR_ASYAPPCTZM(1.0),31/07/26 11:00:00,M,PER,MA,T,TOTAL,TOTAL,EL,2013-12-01,5.0,,
ESTAT:MIGR_ASYAPPCTZM(1.0),31/07/26 11:00:00,M,PER,MA,T,TOTAL,TOTAL,ES,2013-12-01,5.0,,
ESTAT:MIGR_ASYAPPCTZM(1.0),31/07/26 11:00:00,M,PER,MA,T,TOTAL,TOTAL,IT,2013-12-01,15.0,,
ESTAT:MIGR_ASYAPPCTZM(1.0),31/07/26 11:00:00,M,PER,TOTAL,T,TOTAL,TOTAL,EL,2013-12-01,630.0,,
ESTAT:MIGR_ASYAPPCTZM(1.0),31/07/26 11:00:00,M,PER,TOTAL,T,TOTAL,TOTAL,ES,2013-12-01,270.0,,
ESTAT:MIGR_ASYAPPCTZM(1.0),31/07/26 11:00:00,M,PER,TOTAL,T,TOTAL,TOTAL,IT,2013-12-01,2260.0,,
ESTAT:MIGR_ASYAPPCTZM(1.0),31/07/26 11:00:00,M,PER,MA,T,TOTAL,TOTAL,EL,2014-01-01,0.0,,
ESTAT:MIGR_ASYAPPCTZM(1.0),31/07/26 11:00:00,M,PER,MA,T,TOTAL,TOTAL,ES,2014-01-01,10.0,,
ESTAT:MIGR_ASYAPPCTZM(1.0),31/07/26 11:00:00,M,PER,MA,T,TOTAL,TOTAL,IT,2014-01-01,35.0,,
ESTAT:MIGR_ASYAPPCTZM(1.0),31/07/26 11:00:00,M,PER,TOTAL,T,TOTAL,TOTAL,EL,2014-01-01,760.0,,
ESTAT:MIGR_ASYAPPCTZM(1.0),31/07/26 11:00:00,M,PER,TOTAL,T,TOTAL,TOTAL,ES,2014-01-01,290.0,,
ESTAT:MIGR_ASYAPPCTZM(1.0),31/07/26 11:00:00,M,PER,TOTAL,T,TOTAL,TOTAL,IT,2014-01-01,3480.0,,
ESTAT:MIGR_ASYAPPCTZM(1.0),31/07/26 11:00:00,M,PER,MA,T,TOTAL,TOTAL,EL,2014-02-01,10.0,,
ESTAT:MIGR_ASYAPPCTZM(1.0),31/07/26 11:00:00,M,PER,MA,T,TOTAL,TOTAL,ES,2014-02-01,5.0,,
ESTAT:MIGR_ASYAPPCTZM(1.0),31/07/26 11:00:00,M,PER,MA,T,TOTAL,TOTAL,IT,2014-02-01,35.0,,
ESTAT:MIGR_ASYAPPCTZM(1.0),31/07/26 11:00:00,M,PER,TOTAL,T,TOTAL,TOTAL,EL,2014-02-01,890.0,,
ESTAT:MIGR_ASYAPPCTZM(1.0),31/07/26 11:00:00,M,PER,TOTAL,T,TOTAL,TOTAL,ES,2014-02-01,345.0,,
ESTAT:MIGR_ASYAPPCTZM(1.0),31/07/26 11:00:00,M,PER,TOTAL,T,TOTAL,TOTAL,IT,2014-02-01,3265.0,,
ESTAT:MIGR_ASYAPPCTZM(1.0),31/07/26 11:00:00,M,PER,MA,T,TOTAL,TOTAL,EL,2014-03-01,0.0,,
ESTAT:MIGR_ASYAPPCTZM(1.0),31/07/26 11:00:00,M,PER,MA,T,TOTAL,TOTAL,ES,2014-03-01,5.0,,
ESTAT:MIGR_ASYAPPCTZM(1.0),31/07/26 11:00:00,M,PER,MA,T,TOTAL,TOTAL,IT,2014-03-01,15.0,,
ESTAT:MIGR_ASYAPPCTZM(1.0),31/07/26 11:00:00,M,PER,TOTAL,T,TOTAL,TOTAL,EL,2014-03-01,795.0,,
ESTAT:MIGR_ASYAPPCTZM(1.0),31/07/26 11:00:00,M,PER,TOTAL,T,TOTAL,TOTAL,ES,2014-03-01,405.0,,
ESTAT:MIGR_ASYAPPCTZM(1.0),31/07/26 11:00:00,M,PER,TOTAL,T,TOTAL,TOTAL,IT,2014-03-01,3955.0,,
ESTAT:MIGR_ASYAPPCTZM(1.0),31/07/26 11:00:00,M,PER,MA,T,TOTAL,TOTAL,EL,2014-04-01,10.0,,
ESTAT:MIGR_ASYAPPCTZM(1.0),31/07/26 11:00:00,M,PER,MA,T,TOTAL,TOTAL,ES,2014-04-01,5.0,,
ESTAT:MIGR_ASYAPPCTZM(1.0),31/07/26 11:00:00,M,PER,MA,T,TOTAL,TOTAL,IT,2014-04-01,10.0,,
ESTAT:MIGR_ASYAPPCTZM(1.0),31/07/26 11:00:00,M,PER,TOTAL,T,TOTAL,TOTAL,EL,2014-04-01,840.0,,
ESTAT:MIGR_ASYAPPCTZM(1.0),31/07/26 11:00:00,M,PER,TOTAL,T,TOTAL,TOTAL,ES,2014-04-01,360.0,,
ESTAT:MIGR_ASYAPPCTZM(1.0),31/07/26 11:00:00,M,PER,TOTAL,T,TOTAL,TOTAL,IT,2014-04-01,4300.0,,
ESTAT:MIGR_ASYAPPCTZM(1.0),31/07/26 11:00:00,M,PER,MA,T,TOTAL,TOTAL,EL,2014-05-01,15.0,,
ESTAT:MIGR_ASYAPPCTZM(1.0),31/07/26 11:00:00,M,PER,MA,T,TOTAL,TOTAL,ES,2014-05-01,0.0,,
ESTAT:MIGR_ASYAPPCTZM(1.0),31/07/26 11:00:00,M,PER,MA,T,TOTAL,TOTAL,IT,2014-05-01,15.0,,
ESTAT:MIGR_ASYAPPCTZM(1.0),31/07/26 11:00:00,M,PER,TOTAL,T,TOTAL,TOTAL,EL,2014-05-01,845.0,,
ESTAT:MIGR_ASYAPPCTZM(1.0),31/07/26 11:00:00,M,PER,TOTAL,T,TOTAL,TOTAL,ES,2014-05-01,350.0,,
ESTAT:MIGR_ASYAPPCTZM(1.0),31/07/26 11:00:00,M,PER,TOTAL,T,TOTAL,TOTAL,IT,2014-05-01,5465.0,,
ESTAT:MIGR_ASYAPPCTZM(1.0),31/07/26 11:00:00,M,PER,MA,T,TOTAL,TOTAL,EL,2014-06-01,5.0,,
ESTAT:MIGR_ASYAPPCTZM(1.0),31/07/26 11:00:00,M,PER,MA,T,TOTAL,TOTAL,ES,2014-06-01,5.0,,
ESTAT:MIGR_ASYAPPCTZM(1.0),31/07/26 11:00:00,M,PER,MA,T,TOTAL,TOTAL,IT,2014-06-01,30.0,,
ESTAT:MIGR_ASYAPPCTZM(1.0),31/07/26 11:00:00,M,PER,TOTAL,T,TOTAL,TOTAL,EL,2014-06-01,730.0,,
ESTAT:MIGR_ASYAPPCTZM(1.0),31/07/26 11:00:00,M,PER,TOTAL,T,TOTAL,TOTAL,ES,2014-06-01,415.0,,
ESTAT:MIGR_ASYAPPCTZM(1.0),31/07/26 11:00:00,M,PER,TOTAL,T,TOTAL,TOTAL,IT,2014-06-01,4615.0,,
ESTAT:MIGR_ASYAPPCTZM(1.0),31/07/26 11:00:00,M,PER,MA,T,TOTAL,TOTAL,EL,2014-07-01,15.0,,
ESTAT:MIGR_ASYAPPCTZM(1.0),31/07/26 11:00:00,M,PER,MA,T,TOTAL,TOTAL,ES,2014-07-01,5.0,,
ESTAT:MIGR_ASYAPPCTZM(1.0),31/07/26 11:00:00,M,PER,MA,T,TOTAL,TOTAL,IT,2014-07-01,30.0,,
ESTAT:MIGR_ASYAPPCTZM(1.0),31/07/26 11:00:00,M,PER,TOTAL,T,TOTAL,TOTAL,EL,2014-07-01,880.0,,
ESTAT:MIGR_ASYAPPCTZM(1.0),31/07/26 11:00:00,M,PER,TOTAL,T,TOTAL,TOTAL,ES,2014-07-01,475.0,,
ESTAT:MIGR_ASYAPPCTZM(1.0),31/07/26 11:00:00,M,PER,TOTAL,T,TOTAL,TOTAL,IT,2014-07-01,5675.0,,
ESTAT:MIGR_ASYAPPCTZM(1.0),31/07/26 11:00:00,M,PER,MA,T,TOTAL,TOTAL,EL,2014-08-01,10.0,,
ESTAT:MIGR_ASYAPPCTZM(1.0),31/07/26 11:00:00,M,PER,MA,T,TOTAL,TOTAL,ES,2014-08-01,15.0,,
ESTAT:MIGR_ASYAPPCTZM(1.0),31/07/26 11:00:00,M,PER,MA,T,TOTAL,TOTAL,IT,2014-08-01,20.0,,
ESTAT:MIGR_ASYAPPCTZM(1.0),31/07/26 11:00:00,M,PER,TOTAL,T,TOTAL,TOTAL,EL,2014-08-01,510.0,,
ESTAT:MIGR_ASYAPPCTZM(1.0),31/07/26 11:00:00,M,PER,TOTAL,T,TOTAL,TOTAL,ES,2014-08-01,450.0,,
ESTAT:MIGR_ASYAPPCTZM(1.0),31/07/26 11:00:00,M,PER,TOTAL,T,TOTAL,TOTAL,IT,2014-08-01,5110.0,,
ESTAT:MIGR_ASYAPPCTZM(1.0),31/07/26 11:00:00,M,PER,MA,T,TOTAL,TOTAL,EL,2014-09-01,5.0,,
ESTAT:MIGR_ASYAPPCTZM(1.0),31/07/26 11:00:00,M,PER,MA,T,TOTAL,TOTAL,ES,2014-09-01,10.0,,
ESTAT:MIGR_ASYAPPCTZM(1.0),31/07/26 11:00:00,M,PER,MA,T,TOTAL,TOTAL,IT,2014-09-01,35.0,,
ESTAT:MIGR_ASYAPPCTZM(1.0),31/07/26 11:00:00,M,PER,TOTAL,T,TOTAL,TOTAL,EL,2014-09-01,675.0,,
ESTAT:MIGR_ASYAPPCTZM(1.0),31/07/26 11:00:00,M,PER,TOTAL,T,TOTAL,TOTAL,ES,2014-09-01,540.0,,
ESTAT:MIGR_ASYAPPCTZM(1.0),31/07/26 11:00:00,M,PER,TOTAL,T,TOTAL,TOTAL,IT,2014-09-01,7265.0,,
ESTAT:MIGR_ASYAPPCTZM(1.0),31/07/26 11:00:00,M,PER,MA,T,TOTAL,TOTAL,EL,2014-10-01,10.0,,
ESTAT:MIGR_ASYAPPCTZM(1.0),31/07/26 11:00:00,M,PER,MA,T,TOTAL,TOTAL,ES,2014-10-01,5.0,,
ESTAT:MIGR_ASYAPPCTZM(1.0),31/07/26 11:00:00,M,PER,MA,T,TOTAL,TOTAL,IT,2014-10-01,35.0,,
ESTAT:MIGR_ASYAPPCTZM(1.0),31/07/26 11:00:00,M,PER,TOTAL,T,TOTAL,TOTAL,EL,2014-10-01,890.0,,
ESTAT:MIGR_ASYAPPCTZM(1.0),31/07/26 11:00:00,M,PER,TOTAL,T,TOTAL,TOTAL,ES,2014-10-01,730.0,,
ESTAT:MIGR_ASYAPPCTZM(1.0),31/07/26 11:00:00,M,PER,TOTAL,T,TOTAL,TOTAL,IT,2014-10-01,8980.0,,
ESTAT:MIGR_ASYAPPCTZM(1.0),31/07/26 11:00:00,M,PER,MA,T,TOTAL,TOTAL,EL,2014-11-01,5.0,,
ESTAT:MIGR_ASYAPPCTZM(1.0),31/07/26 11:00:00,M,PER,MA,T,TOTAL,TOTAL,ES,2014-11-01,10.0,,
ESTAT:MIGR_ASYAPPCTZM(1.0),31/07/26 11:00:00,M,PER,MA,T,TOTAL,TOTAL,IT,2014-11-01,25.0,,
ESTAT:MIGR_ASYAPPCTZM(1.0),31/07/26 11:00:00,M,PER,TOTAL,T,TOTAL,TOTAL,EL,2014-11-01,670.0,,
ESTAT:MIGR_ASYAPPCTZM(1.0),31/07/26 11:00:00,M,PER,TOTAL,T,TOTAL,TOTAL,ES,2014-11-01,640.0,,
ESTAT:MIGR_ASYAPPCTZM(1.0),31/07/26 11:00:00,M,PER,TOTAL,T,TOTAL,TOTAL,IT,2014-11-01,6865.0,,
ESTAT:MIGR_ASYAPPCTZM(1.0),31/07/26 11:00:00,M,PER,MA,T,TOTAL,TOTAL,EL,2014-12-01,10.0,,
ESTAT:MIGR_ASYAPPCTZM(1.0),31/07/26 11:00:00,M,PER,MA,T,TOTAL,TOTAL,ES,2014-12-01,10.0,,
ESTAT:MIGR_ASYAPPCTZM(1.0),31/07/26 11:00:00,M,PER,MA,T,TOTAL,TOTAL,IT,2014-12-01,20.0,,
ESTAT:MIGR_ASYAPPCTZM(1.0),31/07/26 11:00:00,M,PER,TOTAL,T,TOTAL,TOTAL,EL,2014-12-01,955.0,,
ESTAT:MIGR_ASYAPPCTZM(1.0),31/07/26 11:00:00,M,PER,TOTAL,T,TOTAL,TOTAL,ES,2014-12-01,610.0,,
ESTAT:MIGR_ASYAPPCTZM(1.0),31/07/26 11:00:00,M,PER,TOTAL,T,TOTAL,TOTAL,IT,2014-12-01,5660.0,,
ESTAT:MIGR_ASYAPPCTZM(1.0),31/07/26 11:00:00,M,PER,MA,T,TOTAL,TOTAL,EL,2015-01-01,10.0,,
ESTAT:MIGR_ASYAPPCTZM(1.0),31/07/26 11:00:00,M,PER,MA,T,TOTAL,TOTAL,ES,2015-01-01,15.0,,
ESTAT:MIGR_ASYAPPCTZM(1.0),31/07/26 11:00:00,M,PER,MA,T,TOTAL,TOTAL,IT,2015-01-01,30.0,,
ESTAT:MIGR_ASYAPPCTZM(1.0),31/07/26 11:00:00,M,PER,TOTAL,T,TOTAL,TOTAL,EL,2015-01-01,1065.0,,
ESTAT:MIGR_ASYAPPCTZM(1.0),31/07/26 11:00:00,M,PER,TOTAL,T,TOTAL,TOTAL,ES,2015-01-01,840.0,,
ESTAT:MIGR_ASYAPPCTZM(1.0),31/07/26 11:00:00,M,PER,TOTAL,T,TOTAL,TOTAL,IT,2015-01-01,4570.0,,
ESTAT:MIGR_ASYAPPCTZM(1.0),31/07/26 11:00:00,M,PER,MA,T,TOTAL,TOTAL,EL,2015-02-01,0.0,,
ESTAT:MIGR_ASYAPPCTZM(1.0),31/07/26 11:00:00,M,PER,MA,T,TOTAL,TOTAL,ES,2015-02-01,25.0,,
ESTAT:MIGR_ASYAPPCTZM(1.0),31/07/26 11:00:00,M,PER,MA,T,TOTAL,TOTAL,IT,2015-02-01,45.0,,
ESTAT:MIGR_ASYAPPCTZM(1.0),31/07/26 11:00:00,M,PER,TOTAL,T,TOTAL,TOTAL,EL,2015-02-01,1015.0,,
ESTAT:MIGR_ASYAPPCTZM(1.0),31/07/26 11:00:00,M,PER,TOTAL,T,TOTAL,TOTAL,ES,2015-02-01,860.0,,
ESTAT:MIGR_ASYAPPCTZM(1.0),31/07/26 11:00:00,M,PER,TOTAL,T,TOTAL,TOTAL,IT,2015-02-01,4935.0,,
ESTAT:MIGR_ASYAPPCTZM(1.0),31/07/26 11:00:00,M,PER,MA,T,TOTAL,TOTAL,EL,2015-03-01,5.0,,
ESTAT:MIGR_ASYAPPCTZM(1.0),31/07/26 11:00:00,M,PER,MA,T,TOTAL,TOTAL,ES,2015-03-01,35.0,,
ESTAT:MIGR_ASYAPPCTZM(1.0),31/07/26 11:00:00,M,PER,MA,T,TOTAL,TOTAL,IT,2015-03-01,30.0,,
ESTAT:MIGR_ASYAPPCTZM(1.0),31/07/26 11:00:00,M,PER,TOTAL,T,TOTAL,TOTAL,EL,2015-03-01,915.0,,
ESTAT:MIGR_ASYAPPCTZM(1.0),31/07/26 11:00:00,M,PER,TOTAL,T,TOTAL,TOTAL,ES,2015-03-01,1240.0,,
ESTAT:MIGR_ASYAPPCTZM(1.0),31/07/26 11:00:00,M,PER,TOTAL,T,TOTAL,TOTAL,IT,2015-03-01,5490.0,,
ESTAT:MIGR_ASYAPPCTZM(1.0),31/07/26 11:00:00,M,PER,MA,T,TOTAL,TOTAL,EL,2015-04-01,5.0,,
ESTAT:MIGR_ASYAPPCTZM(1.0),31/07/26 11:00:00,M,PER,MA,T,TOTAL,TOTAL,ES,2015-04-01,30.0,,
ESTAT:MIGR_ASYAPPCTZM(1.0),31/07/26 11:00:00,M,PER,MA,T,TOTAL,TOTAL,IT,2015-04-01,35.0,,
ESTAT:MIGR_ASYAPPCTZM(1.0),31/07/26 11:00:00,M,PER,TOTAL,T,TOTAL,TOTAL,EL,2015-04-01,980.0,,
ESTAT:MIGR_ASYAPPCTZM(1.0),31/07/26 11:00:00,M,PER,TOTAL,T,TOTAL,TOTAL,ES,2015-04-01,1345.0,,
ESTAT:MIGR_ASYAPPCTZM(1.0),31/07/26 11:00:00,M,PER,TOTAL,T,TOTAL,TOTAL,IT,2015-04-01,4580.0,,
ESTAT:MIGR_ASYAPPCTZM(1.0),31/07/26 11:00:00,M,PER,MA,T,TOTAL,TOTAL,EL,2015-05-01,5.0,,
ESTAT:MIGR_ASYAPPCTZM(1.0),31/07/26 11:00:00,M,PER,MA,T,TOTAL,TOTAL,ES,2015-05-01,25.0,,
ESTAT:MIGR_ASYAPPCTZM(1.0),31/07/26 11:00:00,M,PER,MA,T,TOTAL,TOTAL,IT,2015-05-01,15.0,,
ESTAT:MIGR_ASYAPPCTZM(1.0),31/07/26 11:00:00,M,PER,TOTAL,T,TOTAL,TOTAL,EL,2015-05-01,1145.0,,
ESTAT:MIGR_ASYAPPCTZM(1.0),31/07/26 11:00:00,M,PER,TOTAL,T,TOTAL,TOTAL,ES,2015-05-01,1065.0,,
ESTAT:MIGR_ASYAPPCTZM(1.0),31/07/26 11:00:00,M,PER,TOTAL,T,TOTAL,TOTAL,IT,2015-05-01,5170.0,,
ESTAT:MIGR_ASYAPPCTZM(1.0),31/07/26 11:00:00,M,PER,MA,T,TOTAL,TOTAL,EL,2015-06-01,5.0,,
ESTAT:MIGR_ASYAPPCTZM(1.0),31/07/26 11:00:00,M,PER,MA,T,TOTAL,TOTAL,ES,2015-06-01,20.0,,
ESTAT:MIGR_ASYAPPCTZM(1.0),31/07/26 11:00:00,M,PER,MA,T,TOTAL,TOTAL,IT,2015-06-01,25.0,,
ESTAT:MIGR_ASYAPPCTZM(1.0),31/07/26 11:00:00,M,PER,TOTAL,T,TOTAL,TOTAL,EL,2015-06-01,1120.0,,
ESTAT:MIGR_ASYAPPCTZM(1.0),31/07/26 11:00:00,M,PER,TOTAL,T,TOTAL,TOTAL,ES,2015-06-01,1305.0,,
ESTAT:MIGR_ASYAPPCTZM(1.0),31/07/26 11:00:00,M,PER,TOTAL,T,TOTAL,TOTAL,IT,2015-06-01,5320.0,,
ESTAT:MIGR_ASYAPPCTZM(1.0),31/07/26 11:00:00,M,PER,MA,T,TOTAL,TOTAL,EL,2015-07-01,5.0,,
ESTAT:MIGR_ASYAPPCTZM(1.0),31/07/26 11:00:00,M,PER,MA,T,TOTAL,TOTAL,ES,2015-07-01,30.0,,
ESTAT:MIGR_ASYAPPCTZM(1.0),31/07/26 11:00:00,M,PER,MA,T,TOTAL,TOTAL,IT,2015-07-01,30.0,,
ESTAT:MIGR_ASYAPPCTZM(1.0),31/07/26 11:00:00,M,PER,TOTAL,T,TOTAL,TOTAL,EL,2015-07-01,1235.0,,
ESTAT:MIGR_ASYAPPCTZM(1.0),31/07/26 11:00:00,M,PER,TOTAL,T,TOTAL,TOTAL,ES,2015-07-01,1170.0,,
ESTAT:MIGR_ASYAPPCTZM(1.0),31/07/26 11:00:00,M,PER,TOTAL,T,TOTAL,TOTAL,IT,2015-07-01,8600.0,,
ESTAT:MIGR_ASYAPPCTZM(1.0),31/07/26 11:00:00,M,PER,MA,T,TOTAL,TOTAL,EL,2015-08-01,5.0,,
ESTAT:MIGR_ASYAPPCTZM(1.0),31/07/26 11:00:00,M,PER,MA,T,TOTAL,TOTAL,ES,2015-08-01,30.0,,
ESTAT:MIGR_ASYAPPCTZM(1.0),31/07/26 11:00:00,M,PER,MA,T,TOTAL,TOTAL,IT,2015-08-01,45.0,,
ESTAT:MIGR_ASYAPPCTZM(1.0),31/07/26 11:00:00,M,PER,TOTAL,T,TOTAL,TOTAL,EL,2015-08-01,1050.0,,
ESTAT:MIGR_ASYAPPCTZM(1.0),31/07/26 11:00:00,M,PER,TOTAL,T,TOTAL,TOTAL,ES,2015-08-01,1045.0,,
ESTAT:MIGR_ASYAPPCTZM(1.0),31/07/26 11:00:00,M,PER,TOTAL,T,TOTAL,TOTAL,IT,2015-08-01,8805.0,,
ESTAT:MIGR_ASYAPPCTZM(1.0),31/07/26 11:00:00,M,PER,MA,T,TOTAL,TOTAL,EL,2015-09-01,5.0,,
ESTAT:MIGR_ASYAPPCTZM(1.0),31/07/26 11:00:00,M,PER,MA,T,TOTAL,TOTAL,ES,2015-09-01,45.0,,
ESTAT:MIGR_ASYAPPCTZM(1.0),31/07/26 11:00:00,M,PER,MA,T,TOTAL,TOTAL,IT,2015-09-01,70.0,,
ESTAT:MIGR_ASYAPPCTZM(1.0),31/07/26 11:00:00,M,PER,TOTAL,T,TOTAL,TOTAL,EL,2015-09-01,1155.0,,
ESTAT:MIGR_ASYAPPCTZM(1.0),31/07/26 11:00:00,M,PER,TOTAL,T,TOTAL,TOTAL,ES,2015-09-01,1425.0,,
ESTAT:MIGR_ASYAPPCTZM(1.0),31/07/26 11:00:00,M,PER,TOTAL,T,TOTAL,TOTAL,IT,2015-09-01,11195.0,,
ESTAT:MIGR_ASYAPPCTZM(1.0),31/07/26 11:00:00,M,PER,MA,T,TOTAL,TOTAL,EL,2015-10-01,10.0,,
ESTAT:MIGR_ASYAPPCTZM(1.0),31/07/26 11:00:00,M,PER,MA,T,TOTAL,TOTAL,ES,2015-10-01,55.0,,
ESTAT:MIGR_ASYAPPCTZM(1.0),31/07/26 11:00:00,M,PER,MA,T,TOTAL,TOTAL,IT,2015-10-01,45.0,,
ESTAT:MIGR_ASYAPPCTZM(1.0),31/07/26 11:00:00,M,PER,TOTAL,T,TOTAL,TOTAL,EL,2015-10-01,1045.0,,
ESTAT:MIGR_ASYAPPCTZM(1.0),31/07/26 11:00:00,M,PER,TOTAL,T,TOTAL,TOTAL,ES,2015-10-01,1490.0,,
ESTAT:MIGR_ASYAPPCTZM(1.0),31/07/26 11:00:00,M,PER,TOTAL,T,TOTAL,TOTAL,IT,2015-10-01,10420.0,,
ESTAT:MIGR_ASYAPPCTZM(1.0),31/07/26 11:00:00,M,PER,MA,T,TOTAL,TOTAL,EL,2015-11-01,10.0,,
ESTAT:MIGR_ASYAPPCTZM(1.0),31/07/26 11:00:00,M,PER,MA,T,TOTAL,TOTAL,ES,2015-11-01,35.0,,
ESTAT:MIGR_ASYAPPCTZM(1.0),31/07/26 11:00:00,M,PER,MA,T,TOTAL,TOTAL,IT,2015-11-01,105.0,,
ESTAT:MIGR_ASYAPPCTZM(1.0),31/07/26 11:00:00,M,PER,TOTAL,T,TOTAL,TOTAL,EL,2015-11-01,1170.0,,
ESTAT:MIGR_ASYAPPCTZM(1.0),31/07/26 11:00:00,M,PER,TOTAL,T,TOTAL,TOTAL,ES,2015-11-01,1765.0,,
ESTAT:MIGR_ASYAPPCTZM(1.0),31/07/26 11:00:00,M,PER,TOTAL,T,TOTAL,TOTAL,IT,2015-11-01,8345.0,,
ESTAT:MIGR_ASYAPPCTZM(1.0),31/07/26 11:00:00,M,PER,MA,T,TOTAL,TOTAL,EL,2015-12-01,10.0,,
ESTAT:MIGR_ASYAPPCTZM(1.0),31/07/26 11:00:00,M,PER,MA,T,TOTAL,TOTAL,ES,2015-12-01,65.0,,
ESTAT:MIGR_ASYAPPCTZM(1.0),31/07/26 11:00:00,M,PER,MA,T,TOTAL,TOTAL,IT,2015-12-01,90.0,,
ESTAT:MIGR_ASYAPPCTZM(1.0),31/07/26 11:00:00,M,PER,TOTAL,T,TOTAL,TOTAL,EL,2015-12-01,1315.0,,
ESTAT:MIGR_ASYAPPCTZM(1.0),31/07/26 11:00:00,M,PER,TOTAL,T,TOTAL,TOTAL,ES,2015-12-01,1235.0,,
ESTAT:MIGR_ASYAPPCTZM(1.0),31/07/26 11:00:00,M,PER,TOTAL,T,TOTAL,TOTAL,IT,2015-12-01,6105.0,,
ESTAT:MIGR_ASYAPPCTZM(1.0),31/07/26 11:00:00,M,PER,MA,T,TOTAL,TOTAL,EL,2016-01-01,35.0,,
ESTAT:MIGR_ASYAPPCTZM(1.0),31/07/26 11:00:00,M,PER,MA,T,TOTAL,TOTAL,ES,2016-01-01,45.0,,
ESTAT:MIGR_ASYAPPCTZM(1.0),31/07/26 11:00:00,M,PER,MA,T,TOTAL,TOTAL,IT,2016-01-01,110.0,,
ESTAT:MIGR_ASYAPPCTZM(1.0),31/07/26 11:00:00,M,PER,TOTAL,T,TOTAL,TOTAL,EL,2016-01-01,1170.0,,
ESTAT:MIGR_ASYAPPCTZM(1.0),31/07/26 11:00:00,M,PER,TOTAL,T,TOTAL,TOTAL,ES,2016-01-01,1105.0,,
ESTAT:MIGR_ASYAPPCTZM(1.0),31/07/26 11:00:00,M,PER,TOTAL,T,TOTAL,TOTAL,IT,2016-01-01,7495.0,,
ESTAT:MIGR_ASYAPPCTZM(1.0),31/07/26 11:00:00,M,PER,MA,T,TOTAL,TOTAL,EL,2016-02-01,55.0,,
ESTAT:MIGR_ASYAPPCTZM(1.0),31/07/26 11:00:00,M,PER,MA,T,TOTAL,TOTAL,ES,2016-02-01,55.0,,
ESTAT:MIGR_ASYAPPCTZM(1.0),31/07/26 11:00:00,M,PER,MA,T,TOTAL,TOTAL,IT,2016-02-01,105.0,,
ESTAT:MIGR_ASYAPPCTZM(1.0),31/07/26 11:00:00,M,PER,TOTAL,T,TOTAL,TOTAL,EL,2016-02-01,1470.0,,
ESTAT:MIGR_ASYAPPCTZM(1.0),31/07/26 11:00:00,M,PER,TOTAL,T,TOTAL,TOTAL,ES,2016-02-01,935.0,,
ESTAT:MIGR_ASYAPPCTZM(1.0),31/07/26 11:00:00,M,PER,TOTAL,T,TOTAL,TOTAL,IT,2016-02-01,7680.0,,
ESTAT:MIGR_ASYAPPCTZM(1.0),31/07/26 11:00:00,M,PER,MA,T,TOTAL,TOTAL,EL,2016-03-01,75.0,,
ESTAT:MIGR_ASYAPPCTZM(1.0),31/07/26 11:00:00,M,PER,MA,T,TOTAL,TOTAL,ES,2016-03-01,25.0,,
ESTAT:MIGR_ASYAPPCTZM(1.0),31/07/26 11:00:00,M,PER,MA,T,TOTAL,TOTAL,IT,2016-03-01,115.0,,
ESTAT:MIGR_ASYAPPCTZM(1.0),31/07/26 11:00:00,M,PER,TOTAL,T,TOTAL,TOTAL,EL,2016-03-01,2955.0,,
ESTAT:MIGR_ASYAPPCTZM(1.0),31/07/26 11:00:00,M,PER,TOTAL,T,TOTAL,TOTAL,ES,2016-03-01,890.0,,
ESTAT:MIGR_ASYAPPCTZM(1.0),31/07/26 11:00:00,M,PER,TOTAL,T,TOTAL,TOTAL,IT,2016-03-01,7395.0,,
ESTAT:MIGR_ASYAPPCTZM(1.0),31/07/26 11:00:00,M,PER,MA,T,TOTAL,TOTAL,EL,2016-04-01,25.0,,
ESTAT:MIGR_ASYAPPCTZM(1.0),31/07/26 11:00:00,M,PER,MA,T,TOTAL,TOTAL,ES,2016-04-01,25.0,,
ESTAT:MIGR_ASYAPPCTZM(1.0),31/07/26 11:00:00,M,PER,MA,T,TOTAL,TOTAL,IT,2016-04-01,140.0,,
ESTAT:MIGR_ASYAPPCTZM(1.0),31/07/26 11:00:00,M,PER,TOTAL,T,TOTAL,TOTAL,EL,2016-04-01,3700.0,,
ESTAT:MIGR_ASYAPPCTZM(1.0),31/07/26 11:00:00,M,PER,TOTAL,T,TOTAL,TOTAL,ES,2016-04-01,1165.0,,
ESTAT:MIGR_ASYAPPCTZM(1.0),31/07/26 11:00:00,M,PER,TOTAL,T,TOTAL,TOTAL,IT,2016-04-01,7980.0,,
ESTAT:MIGR_ASYAPPCTZM(1.0),31/07/26 11:00:00,M,PER,MA,T,TOTAL,TOTAL,EL,2016-05-01,25.0,,
ESTAT:MIGR_ASYAPPCTZM(1.0),31/07/26 11:00:00,M,PER,MA,T,TOTAL,TOTAL,ES,2016-05-01,25.0,,
ESTAT:MIGR_ASYAPPCTZM(1.0),31/07/26 11:00:00,M,PER,MA,T,TOTAL,TOTAL,IT,2016-05-01,160.0,,
ESTAT:MIGR_ASYAPPCTZM(1.0),31/07/26 11:00:00,M,PER,TOTAL,T,TOTAL,TOTAL,EL,2016-05-01,4280.0,,
ESTAT:MIGR_ASYAPPCTZM(1.0),31/07/26 11:00:00,M,PER,TOTAL,T,TOTAL,TOTAL,ES,2016-05-01,1325.0,,
ESTAT:MIGR_ASYAPPCTZM(1.0),31/07/26 11:00:00,M,PER,TOTAL,T,TOTAL,TOTAL,IT,2016-05-01,9220.0,,
ESTAT:MIGR_ASYAPPCTZM(1.0),31/07/26 11:00:00,M,PER,MA,T,TOTAL,TOTAL,EL,2016-06-01,35.0,,
ESTAT:MIGR_ASYAPPCTZM(1.0),31/07/26 11:00:00,M,PER,MA,T,TOTAL,TOTAL,ES,2016-06-01,15.0,,
ESTAT:MIGR_ASYAPPCTZM(1.0),31/07/26 11:00:00,M,PER,MA,T,TOTAL,TOTAL,IT,2016-06-01,130.0,,
ESTAT:MIGR_ASYAPPCTZM(1.0),31/07/26 11:00:00,M,PER,TOTAL,T,TOTAL,TOTAL,EL,2016-06-01,4255.0,,
ESTAT:MIGR_ASYAPPCTZM(1.0),31/07/26 11:00:00,M,PER,TOTAL,T,TOTAL,TOTAL,ES,2016-06-01,1510.0,,
ESTAT:MIGR_ASYAPPCTZM(1.0),31/07/26 11:00:00,M,PER,TOTAL,T,TOTAL,TOTAL,IT,2016-06-01,9910.0,,
ESTAT:MIGR_ASYAPPCTZM(1.0),31/07/26 11:00:00,M,PER,MA,T,TOTAL,TOTAL,EL,2016-07-01,25.0,,
ESTAT:MIGR_ASYAPPCTZM(1.0),31/07/26 11:00:00,M,PER,MA,T,TOTAL,TOTAL,ES,2016-07-01,25.0,,
ESTAT:MIGR_ASYAPPCTZM(1.0),31/07/26 11:00:00,M,PER,MA,T,TOTAL,TOTAL,IT,2016-07-01,140.0,,
ESTAT:MIGR_ASYAPPCTZM(1.0),31/07/26 11:00:00,M,PER,TOTAL,T,TOTAL,TOTAL,EL,2016-07-01,4010.0,,
ESTAT:MIGR_ASYAPPCTZM(1.0),31/07/26 11:00:00,M,PER,TOTAL,T,TOTAL,TOTAL,ES,2016-07-01,1025.0,,
ESTAT:MIGR_ASYAPPCTZM(1.0),31/07/26 11:00:00,M,PER,TOTAL,T,TOTAL,TOTAL,IT,2016-07-01,11060.0,,
ESTAT:MIGR_ASYAPPCTZM(1.0),31/07/26 11:00:00,M,PER,MA,T,TOTAL,TOTAL,EL,2016-08-01,50.0,,
ESTAT:MIGR_ASYAPPCTZM(1.0),31/07/26 11:00:00,M,PER,MA,T,TOTAL,TOTAL,ES,2016-08-01,20.0,,
ESTAT:MIGR_ASYAPPCTZM(1.0),31/07/26 11:00:00,M,PER,MA,T,TOTAL,TOTAL,IT,2016-08-01,125.0,,
ESTAT:MIGR_ASYAPPCTZM(1.0),31/07/26 11:00:00,M,PER,TOTAL,T,TOTAL,TOTAL,EL,2016-08-01,3530.0,,
ESTAT:MIGR_ASYAPPCTZM(1.0),31/07/26 11:00:00,M,PER,TOTAL,T,TOTAL,TOTAL,ES,2016-08-01,1225.0,,
ESTAT:MIGR_ASYAPPCTZM(1.0),31/07/26 11:00:00,M,PER,TOTAL,T,TOTAL,TOTAL,IT,2016-08-01,11455.0,,
ESTAT:MIGR_ASYAPPCTZM(1.0),31/07/26 11:00:00,M,PER,MA,T,TOTAL,TOTAL,EL,2016-09-01,40.0,,
ESTAT:MIGR_ASYAPPCTZM(1.0),31/07/26 11:00:00,M,PER,MA,T,TOTAL,TOTAL,ES,2016-09-01,25.0,,
ESTAT:MIGR_ASYAPPCTZM(1.0),31/07/26 11:00:00,M,PER,MA,T,TOTAL,TOTAL,IT,2016-09-01,130.0,,
ESTAT:MIGR_ASYAPPCTZM(1.0),31/07/26 11:00:00,M,PER,TOTAL,T,TOTAL,TOTAL,EL,2016-09-01,5125.0,,
ESTAT:MIGR_ASYAPPCTZM(1.0),31/07/26 11:00:00,M,PER,TOTAL,T,TOTAL,TOTAL,ES,2016-09-01,1320.0,,
ESTAT:MIGR_ASYAPPCTZM(1.0),31/07/26 11:00:00,M,PER,TOTAL,T,TOTAL,TOTAL,IT,2016-09-01,12460.0,,
ESTAT:MIGR_ASYAPPCTZM(1.0),31/07/26 11:00:00,M,PER,MA,T,TOTAL,TOTAL,EL,2016-10-01,45.0,,
ESTAT:MIGR_ASYAPPCTZM(1.0),31/07/26 11:00:00,M,PER,MA,T,TOTAL,TOTAL,ES,2016-10-01,20.0,,
ESTAT:MIGR_ASYAPPCTZM(1.0),31/07/26 11:00:00,M,PER,MA,T,TOTAL,TOTAL,IT,2016-10-01,130.0,,
ESTAT:MIGR_ASYAPPCTZM(1.0),31/07/26 11:00:00,M,PER,TOTAL,T,TOTAL,TOTAL,EL,2016-10-01,6270.0,,
ESTAT:MIGR_ASYAPPCTZM(1.0),31/07/26 11:00:00,M,PER,TOTAL,T,TOTAL,TOTAL,ES,2016-10-01,1760.0,,
ESTAT:MIGR_ASYAPPCTZM(1.0),31/07/26 11:00:00,M,PER,TOTAL,T,TOTAL,TOTAL,IT,2016-10-01,13495.0,,
ESTAT:MIGR_ASYAPPCTZM(1.0),31/07/26 11:00:00,M,PER,MA,T,TOTAL,TOTAL,EL,2016-11-01,45.0,,
ESTAT:MIGR_ASYAPPCTZM(1.0),31/07/26 11:00:00,M,PER,MA,T,TOTAL,TOTAL,ES,2016-11-01,30.0,,
ESTAT:MIGR_ASYAPPCTZM(1.0),31/07/26 11:00:00,M,PER,MA,T,TOTAL,TOTAL,IT,2016-11-01,145.0,,
ESTAT:MIGR_ASYAPPCTZM(1.0),31/07/26 11:00:00,M,PER,TOTAL,T,TOTAL,TOTAL,EL,2016-11-01,7625.0,,
ESTAT:MIGR_ASYAPPCTZM(1.0),31/07/26 11:00:00,M,PER,TOTAL,T,TOTAL,TOTAL,ES,2016-11-01,1935.0,,
ESTAT:MIGR_ASYAPPCTZM(1.0),31/07/26 11:00:00,M,PER,TOTAL,T,TOTAL,TOTAL,IT,2016-11-01,13615.0,,
ESTAT:MIGR_ASYAPPCTZM(1.0),31/07/26 11:00:00,M,PER,MA,T,TOTAL,TOTAL,EL,2016-12-01,30.0,,
ESTAT:MIGR_ASYAPPCTZM(1.0),31/07/26 11:00:00,M,PER,MA,T,TOTAL,TOTAL,ES,2016-12-01,25.0,,
ESTAT:MIGR_ASYAPPCTZM(1.0),31/07/26 11:00:00,M,PER,MA,T,TOTAL,TOTAL,IT,2016-12-01,115.0,,
ESTAT:MIGR_ASYAPPCTZM(1.0),31/07/26 11:00:00,M,PER,TOTAL,T,TOTAL,TOTAL,EL,2016-12-01,6715.0,,
ESTAT:MIGR_ASYAPPCTZM(1.0),31/07/26 11:00:00,M,PER,TOTAL,T,TOTAL,TOTAL,ES,2016-12-01,1565.0,,
ESTAT:MIGR_ASYAPPCTZM(1.0),31/07/26 11:00:00,M,PER,TOTAL,T,TOTAL,TOTAL,IT,2016-12-01,11195.0,,
ESTAT:MIGR_ASYAPPCTZM(1.0),31/07/26 11:00:00,M,PER,MA,T,TOTAL,TOTAL,EL,2017-01-01,50.0,,
ESTAT:MIGR_ASYAPPCTZM(1.0),31/07/26 11:00:00,M,PER,MA,T,TOTAL,TOTAL,ES,2017-01-01,20.0,,
ESTAT:MIGR_ASYAPPCTZM(1.0),31/07/26 11:00:00,M,PER,MA,T,TOTAL,TOTAL,IT,2017-01-01,130.0,,
ESTAT:MIGR_ASYAPPCTZM(1.0),31/07/26 11:00:00,M,PER,TOTAL,T,TOTAL,TOTAL,EL,2017-01-01,6340.0,,
ESTAT:MIGR_ASYAPPCTZM(1.0),31/07/26 11:00:00,M,PER,TOTAL,T,TOTAL,TOTAL,ES,2017-01-01,2125.0,,
ESTAT:MIGR_ASYAPPCTZM(1.0),31/07/26 11:00:00,M,PER,TOTAL,T,TOTAL,TOTAL,IT,2017-01-01,11715.0,,
ESTAT:MIGR_ASYAPPCTZM(1.0),31/07/26 11:00:00,M,PER,MA,T,TOTAL,TOTAL,EL,2017-02-01,30.0,,
ESTAT:MIGR_ASYAPPCTZM(1.0),31/07/26 11:00:00,M,PER,MA,T,TOTAL,TOTAL,ES,2017-02-01,25.0,,
ESTAT:MIGR_ASYAPPCTZM(1.0),31/07/26 11:00:00,M,PER,MA,T,TOTAL,TOTAL,IT,2017-02-01,140.0,,
ESTAT:MIGR_ASYAPPCTZM(1.0),31/07/26 11:00:00,M,PER,TOTAL,T,TOTAL,TOTAL,EL,2017-02-01,5635.0,,
ESTAT:MIGR_ASYAPPCTZM(1.0),31/07/26 11:00:00,M,PER,TOTAL,T,TOTAL,TOTAL,ES,2017-02-01,2325.0,,
ESTAT:MIGR_ASYAPPCTZM(1.0),31/07/26 11:00:00,M,PER,TOTAL,T,TOTAL,TOTAL,IT,2017-02-01,12020.0,,
ESTAT:MIGR_ASYAPPCTZM(1.0),31/07/26 11:00:00,M,PER,MA,T,TOTAL,TOTAL,EL,2017-03-01,50.0,,
ESTAT:MIGR_ASYAPPCTZM(1.0),31/07/26 11:00:00,M,PER,MA,T,TOTAL,TOTAL,ES,2017-03-01,20.0,,
ESTAT:MIGR_ASYAPPCTZM(1.0),31/07/26 11:00:00,M,PER,MA,T,TOTAL,TOTAL,IT,2017-03-01,140.0,,
ESTAT:MIGR_ASYAPPCTZM(1.0),31/07/26 11:00:00,M,PER,TOTAL,T,TOTAL,TOTAL,EL,2017-03-01,4880.0,,
ESTAT:MIGR_ASYAPPCTZM(1.0),31/07/26 11:00:00,M,PER,TOTAL,T,TOTAL,TOTAL,ES,2017-03-01,2415.0,,
ESTAT:MIGR_ASYAPPCTZM(1.0),31/07/26 11:00:00,M,PER,TOTAL,T,TOTAL,TOTAL,IT,2017-03-01,13700.0,,
ESTAT:MIGR_ASYAPPCTZM(1.0),31/07/26 11:00:00,M,PER,MA,T,TOTAL,TOTAL,EL,2017-04-01,25.0,,
ESTAT:MIGR_ASYAPPCTZM(1.0),31/07/26 11:00:00,M,PER,MA,T,TOTAL,TOTAL,ES,2017-04-01,75.0,,
ESTAT:MIGR_ASYAPPCTZM(1.0),31/07/26 11:00:00,M,PER,MA,T,TOTAL,TOTAL,IT,2017-04-01,165.0,,
ESTAT:MIGR_ASYAPPCTZM(1.0),31/07/26 11:00:00,M,PER,TOTAL,T,TOTAL,TOTAL,EL,2017-04-01,2705.0,,
ESTAT:MIGR_ASYAPPCTZM(1.0),31/07/26 11:00:00,M,PER,TOTAL,T,TOTAL,TOTAL,ES,2017-04-01,4810.0,,
ESTAT:MIGR_ASYAPPCTZM(1.0),31/07/26 11:00:00,M,PER,TOTAL,T,TOTAL,TOTAL,IT,2017-04-01,9560.0,,
ESTAT:MIGR_ASYAPPCTZM(1.0),31/07/26 11:00:00,M,PER,MA,T,TOTAL,TOTAL,EL,2017-05-01,35.0,,
ESTAT:MIGR_ASYAPPCTZM(1.0),31/07/26 11:00:00,M,PER,MA,T,TOTAL,TOTAL,ES,2017-05-01,20.0,,
ESTAT:MIGR_ASYAPPCTZM(1.0),31/07/26 11:00:00,M,PER,MA,T,TOTAL,TOTAL,IT,2017-05-01,175.0,,
ESTAT:MIGR_ASYAPPCTZM(1.0),31/07/26 11:00:00,M,PER,TOTAL,T,TOTAL,TOTAL,EL,2017-05-01,4075.0,,
ESTAT:MIGR_ASYAPPCTZM(1.0),31/07/26 11:00:00,M,PER,TOTAL,T,TOTAL,TOTAL,ES,2017-05-01,2780.0,,
ESTAT:MIGR_ASYAPPCTZM(1.0),31/07/26 11:00:00,M,PER,TOTAL,T,TOTAL,TOTAL,IT,2017-05-01,12120.0,,
ESTAT:MIGR_ASYAPPCTZM(1.0),31/07/26 11:00:00,M,PER,MA,T,TOTAL,TOTAL,EL,2017-06-01,35.0,,
ESTAT:MIGR_ASYAPPCTZM(1.0),31/07/26 11:00:00,M,PER,MA,T,TOTAL,TOTAL,ES,2017-06-01,50.0,,
ESTAT:MIGR_ASYAPPCTZM(1.0),31/07/26 11:00:00,M,PER,MA,T,TOTAL,TOTAL,IT,2017-06-01,140.0,,
ESTAT:MIGR_ASYAPPCTZM(1.0),31/07/26 11:00:00,M,PER,TOTAL,T,TOTAL,TOTAL,EL,2017-06-01,4200.0,,
ESTAT:MIGR_ASYAPPCTZM(1.0),31/07/26 11:00:00,M,PER,TOTAL,T,TOTAL,TOTAL,ES,2017-06-01,5090.0,,
ESTAT:MIGR_ASYAPPCTZM(1.0),31/07/26 11:00:00,M,PER,TOTAL,T,TOTAL,TOTAL,IT,2017-06-01,13020.0,,
ESTAT:MIGR_ASYAPPCTZM(1.0),31/07/26 11:00:00,M,PER,MA,T,TOTAL,TOTAL,EL,2017-07-01,35.0,,
ESTAT:MIGR_ASYAPPCTZM(1.0),31/07/26 11:00:00,M,PER,MA,T,TOTAL,TOTAL,ES,2017-07-01,45.0,,
ESTAT:MIGR_ASYAPPCTZM(1.0),31/07/26 11:00:00,M,PER,MA,T,TOTAL,TOTAL,IT,2017-07-01,160.0,,
ESTAT:MIGR_ASYAPPCTZM(1.0),31/07/26 11:00:00,M,PER,TOTAL,T,TOTAL,TOTAL,EL,2017-07-01,4115.0,,
ESTAT:MIGR_ASYAPPCTZM(1.0),31/07/26 11:00:00,M,PER,TOTAL,T,TOTAL,TOTAL,ES,2017-07-01,2760.0,,
ESTAT:MIGR_ASYAPPCTZM(1.0),31/07/26 11:00:00,M,PER,TOTAL,T,TOTAL,TOTAL,IT,2017-07-01,12275.0,,
ESTAT:MIGR_ASYAPPCTZM(1.0),31/07/26 11:00:00,M,PER,MA,T,TOTAL,TOTAL,EL,2017-08-01,45.0,,
ESTAT:MIGR_ASYAPPCTZM(1.0),31/07/26 11:00:00,M,PER,MA,T,TOTAL,TOTAL,ES,2017-08-01,70.0,,
ESTAT:MIGR_ASYAPPCTZM(1.0),31/07/26 11:00:00,M,PER,MA,T,TOTAL,TOTAL,IT,2017-08-01,145.0,,
ESTAT:MIGR_ASYAPPCTZM(1.0),31/07/26 11:00:00,M,PER,TOTAL,T,TOTAL,TOTAL,EL,2017-08-01,5040.0,,
ESTAT:MIGR_ASYAPPCTZM(1.0),31/07/26 11:00:00,M,PER,TOTAL,T,TOTAL,TOTAL,ES,2017-08-01,3260.0,,
ESTAT:MIGR_ASYAPPCTZM(1.0),31/07/26 11:00:00,M,PER,TOTAL,T,TOTAL,TOTAL,IT,2017-08-01,10255.0,,
ESTAT:MIGR_ASYAPPCTZM(1.0),31/07/26 11:00:00,M,PER,MA,T,TOTAL,TOTAL,EL,2017-09-01,35.0,,
ESTAT:MIGR_ASYAPPCTZM(1.0),31/07/26 11:00:00,M,PER,MA,T,TOTAL,TOTAL,ES,2017-09-01,60.0,,
ESTAT:MIGR_ASYAPPCTZM(1.0),31/07/26 11:00:00,M,PER,MA,T,TOTAL,TOTAL,IT,2017-09-01,160.0,,
ESTAT:MIGR_ASYAPPCTZM(1.0),31/07/26 11:00:00,M,PER,TOTAL,T,TOTAL,TOTAL,EL,2017-09-01,5900.0,,
ESTAT:MIGR_ASYAPPCTZM(1.0),31/07/26 11:00:00,M,PER,TOTAL,T,TOTAL,TOTAL,ES,2017-09-01,2890.0,,
ESTAT:MIGR_ASYAPPCTZM(1.0),31/07/26 11:00:00,M,PER,TOTAL,T,TOTAL,TOTAL,IT,2017-09-01,10585.0,,
ESTAT:MIGR_ASYAPPCTZM(1.0),31/07/26 11:00:00,M,PER,MA,T,TOTAL,TOTAL,EL,2017-10-01,25.0,,
ESTAT:MIGR_ASYAPPCTZM(1.0),31/07/26 11:00:00,M,PER,MA,T,TOTAL,TOTAL,ES,2017-10-01,80.0,,
ESTAT:MIGR_ASYAPPCTZM(1.0),31/07/26 11:00:00,M,PER,MA,T,TOTAL,TOTAL,IT,2017-10-01,175.0,,
ESTAT:MIGR_ASYAPPCTZM(1.0),31/07/26 11:00:00,M,PER,TOTAL,T,TOTAL,TOTAL,EL,2017-10-01,6410.0,,
ESTAT:MIGR_ASYAPPCTZM(1.0),31/07/26 11:00:00,M,PER,TOTAL,T,TOTAL,TOTAL,ES,2017-10-01,2880.0,,
ESTAT:MIGR_ASYAPPCTZM(1.0),31/07/26 11:00:00,M,PER,TOTAL,T,TOTAL,TOTAL,IT,2017-10-01,9900.0,,
ESTAT:MIGR_ASYAPPCTZM(1.0),31/07/26 11:00:00,M,PER,MA,T,TOTAL,TOTAL,EL,2017-11-01,55.0,,
ESTAT:MIGR_ASYAPPCTZM(1.0),31/07/26 11:00:00,M,PER,MA,T,TOTAL,TOTAL,ES,2017-11-01,65.0,,
ESTAT:MIGR_ASYAPPCTZM(1.0),31/07/26 11:00:00,M,PER,MA,T,TOTAL,TOTAL,IT,2017-11-01,195.0,,
ESTAT:MIGR_ASYAPPCTZM(1.0),31/07/26 11:00:00,M,PER,TOTAL,T,TOTAL,TOTAL,EL,2017-11-01,5390.0,,
ESTAT:MIGR_ASYAPPCTZM(1.0),31/07/26 11:00:00,M,PER,TOTAL,T,TOTAL,TOTAL,ES,2017-11-01,3035.0,,
ESTAT:MIGR_ASYAPPCTZM(1.0),31/07/26 11:00:00,M,PER,TOTAL,T,TOTAL,TOTAL,IT,2017-11-01,8495.0,,
ESTAT:MIGR_ASYAPPCTZM(1.0),31/07/26 11:00:00,M,PER,MA,T,TOTAL,TOTAL,EL,2017-12-01,30.0,,
ESTAT:MIGR_ASYAPPCTZM(1.0),31/07/26 11:00:00,M,PER,MA,T,TOTAL,TOTAL,ES,2017-12-01,55.0,,
ESTAT:MIGR_ASYAPPCTZM(1.0),31/07/26 11:00:00,M,PER,MA,T,TOTAL,TOTAL,IT,2017-12-01,135.0,,
ESTAT:MIGR_ASYAPPCTZM(1.0),31/07/26 11:00:00,M,PER,TOTAL,T,TOTAL,TOTAL,EL,2017-12-01,3970.0,,
ESTAT:MIGR_ASYAPPCTZM(1.0),31/07/26 11:00:00,M,PER,TOTAL,T,TOTAL,TOTAL,ES,2017-12-01,2240.0,,
ESTAT:MIGR_ASYAPPCTZM(1.0),31/07/26 11:00:00,M,PER,TOTAL,T,TOTAL,TOTAL,IT,2017-12-01,5220.0,,
ESTAT:MIGR_ASYAPPCTZM(1.0),31/07/26 11:00:00,M,PER,MA,T,TOTAL,TOTAL,EL,2018-01-01,45.0,,
ESTAT:MIGR_ASYAPPCTZM(1.0),31/07/26 11:00:00,M,PER,MA,T,TOTAL,TOTAL,ES,2018-01-01,75.0,,
ESTAT:MIGR_ASYAPPCTZM(1.0),31/07/26 11:00:00,M,PER,MA,T,TOTAL,TOTAL,IT,2018-01-01,210.0,,
ESTAT:MIGR_ASYAPPCTZM(1.0),31/07/26 11:00:00,M,PER,TOTAL,T,TOTAL,TOTAL,EL,2018-01-01,4750.0,,
ESTAT:MIGR_ASYAPPCTZM(1.0),31/07/26 11:00:00,M,PER,TOTAL,T,TOTAL,TOTAL,ES,2018-01-01,3155.0,,
ESTAT:MIGR_ASYAPPCTZM(1.0),31/07/26 11:00:00,M,PER,TOTAL,T,TOTAL,TOTAL,IT,2018-01-01,7450.0,,
ESTAT:MIGR_ASYAPPCTZM(1.0),31/07/26 11:00:00,M,PER,MA,T,TOTAL,TOTAL,EL,2018-02-01,35.0,,
ESTAT:MIGR_ASYAPPCTZM(1.0),31/07/26 11:00:00,M,PER,MA,T,TOTAL,TOTAL,ES,2018-02-01,75.0,,
ESTAT:MIGR_ASYAPPCTZM(1.0),31/07/26 11:00:00,M,PER,MA,T,TOTAL,TOTAL,IT,2018-02-01,175.0,,
ESTAT:MIGR_ASYAPPCTZM(1.0),31/07/26 11:00:00,M,PER,TOTAL,T,TOTAL,TOTAL,EL,2018-02-01,4065.0,,
ESTAT:MIGR_ASYAPPCTZM(1.0),31/07/26 11:00:00,M,PER,TOTAL,T,TOTAL,TOTAL,ES,2018-02-01,2910.0,,
ESTAT:MIGR_ASYAPPCTZM(1.0),31/07/26 11:00:00,M,PER,TOTAL,T,TOTAL,TOTAL,IT,2018-02-01,6545.0,,
ESTAT:MIGR_ASYAPPCTZM(1.0),31/07/26 11:00:00,M,PER,MA,T,TOTAL,TOTAL,EL,2018-03-01,15.0,,
ESTAT:MIGR_ASYAPPCTZM(1.0),31/07/26 11:00:00,M,PER,MA,T,TOTAL,TOTAL,ES,2018-03-01,65.0,,
ESTAT:MIGR_ASYAPPCTZM(1.0),31/07/26 11:00:00,M,PER,MA,T,TOTAL,TOTAL,IT,2018-03-01,220.0,,
ESTAT:MIGR_ASYAPPCTZM(1.0),31/07/26 11:00:00,M,PER,TOTAL,T,TOTAL,TOTAL,EL,2018-03-01,4535.0,,
ESTAT:MIGR_ASYAPPCTZM(1.0),31/07/26 11:00:00,M,PER,TOTAL,T,TOTAL,TOTAL,ES,2018-03-01,2905.0,,
ESTAT:MIGR_ASYAPPCTZM(1.0),31/07/26 11:00:00,M,PER,TOTAL,T,TOTAL,TOTAL,IT,2018-03-01,6485.0,,
ESTAT:MIGR_ASYAPPCTZM(1.0),31/07/26 11:00:00,M,PER,MA,T,TOTAL,TOTAL,EL,2018-04-01,35.0,,
ESTAT:MIGR_ASYAPPCTZM(1.0),31/07/26 11:00:00,M,PER,MA,T,TOTAL,TOTAL,ES,2018-04-01,75.0,,
ESTAT:MIGR_ASYAPPCTZM(1.0),31/07/26 11:00:00,M,PER,MA,T,TOTAL,TOTAL,IT,2018-04-01,145.0,,
ESTAT:MIGR_ASYAPPCTZM(1.0),31/07/26 11:00:00,M,PER,TOTAL,T,TOTAL,TOTAL,EL,2018-04-01,5270.0,,
ESTAT:MIGR_ASYAPPCTZM(1.0),31/07/26 11:00:00,M,PER,TOTAL,T,TOTAL,TOTAL,ES,2018-04-01,4810.0,,
ESTAT:MIGR_ASYAPPCTZM(1.0),31/07/26 11:00:00,M,PER,TOTAL,T,TOTAL,TOTAL,IT,2018-04-01,5060.0,,
ESTAT:MIGR_ASYAPPCTZM(1.0),31/07/26 11:00:00,M,PER,MA,T,TOTAL,TOTAL,EL,2018-05-01,25.0,,
ESTAT:MIGR_ASYAPPCTZM(1.0),31/07/26 11:00:00,M,PER,MA,T,TOTAL,TOTAL,ES,2018-05-01,115.0,,
ESTAT:MIGR_ASYAPPCTZM(1.0),31/07/26 11:00:00,M,PER,MA,T,TOTAL,TOTAL,IT,2018-05-01,200.0,,
ESTAT:MIGR_ASYAPPCTZM(1.0),31/07/26 11:00:00,M,PER,TOTAL,T,TOTAL,TOTAL,EL,2018-05-01,5835.0,,
ESTAT:MIGR_ASYAPPCTZM(1.0),31/07/26 11:00:00,M,PER,TOTAL,T,TOTAL,TOTAL,ES,2018-05-01,6665.0,,
ESTAT:MIGR_ASYAPPCTZM(1.0),31/07/26 11:00:00,M,PER,TOTAL,T,TOTAL,TOTAL,IT,2018-05-01,5730.0,,
ESTAT:MIGR_ASYAPPCTZM(1.0),31/07/26 11:00:00,M,PER,MA,T,TOTAL,TOTAL,EL,2018-06-01,45.0,,
ESTAT:MIGR_ASYAPPCTZM(1.0),31/07/26 11:00:00,M,PER,MA,T,TOTAL,TOTAL,ES,2018-06-01,50.0,,
ESTAT:MIGR_ASYAPPCTZM(1.0),31/07/26 11:00:00,M,PER,MA,T,TOTAL,TOTAL,IT,2018-06-01,175.0,,
ESTAT:MIGR_ASYAPPCTZM(1.0),31/07/26 11:00:00,M,PER,TOTAL,T,TOTAL,TOTAL,EL,2018-06-01,5735.0,,
ESTAT:MIGR_ASYAPPCTZM(1.0),31/07/26 11:00:00,M,PER,TOTAL,T,TOTAL,TOTAL,ES,2018-06-01,5090.0,,
ESTAT:MIGR_ASYAPPCTZM(1.0),31/07/26 11:00:00,M,PER,TOTAL,T,TOTAL,TOTAL,IT,2018-06-01,5860.0,,
ESTAT:MIGR_ASYAPPCTZM(1.0),31/07/26 11:00:00,M,PER,MA,T,TOTAL,TOTAL,EL,2018-07-01,45.0,,
ESTAT:MIGR_ASYAPPCTZM(1.0),31/07/26 11:00:00,M,PER,MA,T,TOTAL,TOTAL,ES,2018-07-01,155.0,,
ESTAT:MIGR_ASYAPPCTZM(1.0),31/07/26 11:00:00,M,PER,MA,T,TOTAL,TOTAL,IT,2018-07-01,155.0,,
ESTAT:MIGR_ASYAPPCTZM(1.0),31/07/26 11:00:00,M,PER,TOTAL,T,TOTAL,TOTAL,EL,2018-07-01,6040.0,,
ESTAT:MIGR_ASYAPPCTZM(1.0),31/07/26 11:00:00,M,PER,TOTAL,T,TOTAL,TOTAL,ES,2018-07-01,4455.0,,
ESTAT:MIGR_ASYAPPCTZM(1.0),31/07/26 11:00:00,M,PER,TOTAL,T,TOTAL,TOTAL,IT,2018-07-01,5105.0,,
ESTAT:MIGR_ASYAPPCTZM(1.0),31/07/26 11:00:00,M,PER,MA,T,TOTAL,TOTAL,EL,2018-08-01,30.0,,
ESTAT:MIGR_ASYAPPCTZM(1.0),31/07/26 11:00:00,M,PER,MA,T,TOTAL,TOTAL,ES,2018-08-01,155.0,,
ESTAT:MIGR_ASYAPPCTZM(1.0),31/07/26 11:00:00,M,PER,MA,T,TOTAL,TOTAL,IT,2018-08-01,130.0,,
ESTAT:MIGR_ASYAPPCTZM(1.0),31/07/26 11:00:00,M,PER,TOTAL,T,TOTAL,TOTAL,EL,2018-08-01,5130.0,,
ESTAT:MIGR_ASYAPPCTZM(1.0),31/07/26 11:00:00,M,PER,TOTAL,T,TOTAL,TOTAL,ES,2018-08-01,3875.0,,
ESTAT:MIGR_ASYAPPCTZM(1.0),31/07/26 11:00:00,M,PER,TOTAL,T,TOTAL,TOTAL,IT,2018-08-01,2800.0,,
ESTAT:MIGR_ASYAPPCTZM(1.0),31/07/26 11:00:00,M,PER,MA,T,TOTAL,TOTAL,EL,2018-09-01,35.0,,
ESTAT:MIGR_ASYAPPCTZM(1.0),31/07/26 11:00:00,M,PER,MA,T,TOTAL,TOTAL,ES,2018-09-01,165.0,,
ESTAT:MIGR_ASYAPPCTZM(1.0),31/07/26 11:00:00,M,PER,MA,T,TOTAL,TOTAL,IT,2018-09-01,130.0,,
ESTAT:MIGR_ASYAPPCTZM(1.0),31/07/26 11:00:00,M,PER,TOTAL,T,TOTAL,TOTAL,EL,2018-09-01,6035.0,,
ESTAT:MIGR_ASYAPPCTZM(1.0),31/07/26 11:00:00,M,PER,TOTAL,T,TOTAL,TOTAL,ES,2018-09-01,4645.0,,
ESTAT:MIGR_ASYAPPCTZM(1.0),31/07/26 11:00:00,M,PER,TOTAL,T,TOTAL,TOTAL,IT,2018-09-01,3685.0,,
ESTAT:MIGR_ASYAPPCTZM(1.0),31/07/26 11:00:00,M,PER,MA,T,TOTAL,TOTAL,EL,2018-10-01,35.0,,
ESTAT:MIGR_ASYAPPCTZM(1.0),31/07/26 11:00:00,M,PER,MA,T,TOTAL,TOTAL,ES,2018-10-01,150.0,,
ESTAT:MIGR_ASYAPPCTZM(1.0),31/07/26 11:00:00,M,PER,MA,T,TOTAL,TOTAL,IT,2018-10-01,140.0,,
ESTAT:MIGR_ASYAPPCTZM(1.0),31/07/26 11:00:00,M,PER,TOTAL,T,TOTAL,TOTAL,EL,2018-10-01,7310.0,,
ESTAT:MIGR_ASYAPPCTZM(1.0),31/07/26 11:00:00,M,PER,TOTAL,T,TOTAL,TOTAL,ES,2018-10-01,5645.0,,
ESTAT:MIGR_ASYAPPCTZM(1.0),31/07/26 11:00:00,M,PER,TOTAL,T,TOTAL,TOTAL,IT,2018-10-01,4160.0,,
ESTAT:MIGR_ASYAPPCTZM(1.0),31/07/26 11:00:00,M,PER,MA,T,TOTAL,TOTAL,EL,2018-11-01,25.0,,
ESTAT:MIGR_ASYAPPCTZM(1.0),31/07/26 11:00:00,M,PER,MA,T,TOTAL,TOTAL,ES,2018-11-01,135.0,,
ESTAT:MIGR_ASYAPPCTZM(1.0),31/07/26 11:00:00,M,PER,MA,T,TOTAL,TOTAL,IT,2018-11-01,135.0,,
ESTAT:MIGR_ASYAPPCTZM(1.0),31/07/26 11:00:00,M,PER,TOTAL,T,TOTAL,TOTAL,EL,2018-11-01,7065.0,,
ESTAT:MIGR_ASYAPPCTZM(1.0),31/07/26 11:00:00,M,PER,TOTAL,T,TOTAL,TOTAL,ES,2018-11-01,5580.0,,
ESTAT:MIGR_ASYAPPCTZM(1.0),31/07/26 11:00:00,M,PER,TOTAL,T,TOTAL,TOTAL,IT,2018-11-01,4085.0,,
ESTAT:MIGR_ASYAPPCTZM(1.0),31/07/26 11:00:00,M,PER,MA,T,TOTAL,TOTAL,EL,2018-12-01,35.0,,
ESTAT:MIGR_ASYAPPCTZM(1.0),31/07/26 11:00:00,M,PER,MA,T,TOTAL,TOTAL,ES,2018-12-01,95.0,,
ESTAT:MIGR_ASYAPPCTZM(1.0),31/07/26 11:00:00,M,PER,MA,T,TOTAL,TOTAL,IT,2018-12-01,95.0,,
ESTAT:MIGR_ASYAPPCTZM(1.0),31/07/26 11:00:00,M,PER,TOTAL,T,TOTAL,TOTAL,EL,2018-12-01,5210.0,,
ESTAT:MIGR_ASYAPPCTZM(1.0),31/07/26 11:00:00,M,PER,TOTAL,T,TOTAL,TOTAL,ES,2018-12-01,4330.0,,
ESTAT:MIGR_ASYAPPCTZM(1.0),31/07/26 11:00:00,M,PER,TOTAL,T,TOTAL,TOTAL,IT,2018-12-01,2990.0,,
ESTAT:MIGR_ASYAPPCTZM(1.0),31/07/26 11:00:00,M,PER,MA,T,TOTAL,TOTAL,EL,2019-01-01,20.0,,
ESTAT:MIGR_ASYAPPCTZM(1.0),31/07/26 11:00:00,M,PER,MA,T,TOTAL,TOTAL,ES,2019-01-01,170.0,,
ESTAT:MIGR_ASYAPPCTZM(1.0),31/07/26 11:00:00,M,PER,MA,T,TOTAL,TOTAL,IT,2019-01-01,140.0,,
ESTAT:MIGR_ASYAPPCTZM(1.0),31/07/26 11:00:00,M,PER,TOTAL,T,TOTAL,TOTAL,EL,2019-01-01,5530.0,,
ESTAT:MIGR_ASYAPPCTZM(1.0),31/07/26 11:00:00,M,PER,TOTAL,T,TOTAL,TOTAL,ES,2019-01-01,6655.0,,
ESTAT:MIGR_ASYAPPCTZM(1.0),31/07/26 11:00:00,M,PER,TOTAL,T,TOTAL,TOTAL,IT,2019-01-01,3955.0,,
ESTAT:MIGR_ASYAPPCTZM(1.0),31/07/26 11:00:00,M,PER,MA,T,TOTAL,TOTAL,EL,2019-02-01,15.0,,
ESTAT:MIGR_ASYAPPCTZM(1.0),31/07/26 11:00:00,M,PER,MA,T,TOTAL,TOTAL,ES,2019-02-01,200.0,,
ESTAT:MIGR_ASYAPPCTZM(1.0),31/07/26 11:00:00,M,PER,MA,T,TOTAL,TOTAL,IT,2019-02-01,110.0,,
ESTAT:MIGR_ASYAPPCTZM(1.0),31/07/26 11:00:00,M,PER,TOTAL,T,TOTAL,TOTAL,EL,2019-02-01,5455.0,,
ESTAT:MIGR_ASYAPPCTZM(1.0),31/07/26 11:00:00,M,PER,TOTAL,T,TOTAL,TOTAL,ES,2019-02-01,9200.0,,
ESTAT:MIGR_ASYAPPCTZM(1.0),31/07/26 11:00:00,M,PER,TOTAL,T,TOTAL,TOTAL,IT,2019-02-01,3360.0,,
ESTAT:MIGR_ASYAPPCTZM(1.0),31/07/26 11:00:00,M,PER,MA,T,TOTAL,TOTAL,EL,2019-03-01,15.0,,
ESTAT:MIGR_ASYAPPCTZM(1.0),31/07/26 11:00:00,M,PER,MA,T,TOTAL,TOTAL,ES,2019-03-01,280.0,,
ESTAT:MIGR_ASYAPPCTZM(1.0),31/07/26 11:00:00,M,PER,MA,T,TOTAL,TOTAL,IT,2019-03-01,145.0,,
ESTAT:MIGR_ASYAPPCTZM(1.0),31/07/26 11:00:00,M,PER,TOTAL,T,TOTAL,TOTAL,EL,2019-03-01,5495.0,,
ESTAT:MIGR_ASYAPPCTZM(1.0),31/07/26 11:00:00,M,PER,TOTAL,T,TOTAL,TOTAL,ES,2019-03-01,10645.0,,
ESTAT:MIGR_ASYAPPCTZM(1.0),31/07/26 11:00:00,M,PER,TOTAL,T,TOTAL,TOTAL,IT,2019-03-01,3325.0,,
ESTAT:MIGR_ASYAPPCTZM(1.0),31/07/26 11:00:00,M,PER,MA,T,TOTAL,TOTAL,EL,2019-04-01,30.0,,
ESTAT:MIGR_ASYAPPCTZM(1.0),31/07/26 11:00:00,M,PER,MA,T,TOTAL,TOTAL,ES,2019-04-01,240.0,,
ESTAT:MIGR_ASYAPPCTZM(1.0),31/07/26 11:00:00,M,PER,MA,T,TOTAL,TOTAL,IT,2019-04-01,120.0,,
ESTAT:MIGR_ASYAPPCTZM(1.0),31/07/26 11:00:00,M,PER,TOTAL,T,TOTAL,TOTAL,EL,2019-04-01,4675.0,,
ESTAT:MIGR_ASYAPPCTZM(1.0),31/07/26 11:00:00,M,PER,TOTAL,T,TOTAL,TOTAL,ES,2019-04-01,9230.0,,
ESTAT:MIGR_ASYAPPCTZM(1.0),31/07/26 11:00:00,M,PER,TOTAL,T,TOTAL,TOTAL,IT,2019-04-01,3270.0,,
ESTAT:MIGR_ASYAPPCTZM(1.0),31/07/26 11:00:00,M,PER,MA,T,TOTAL,TOTAL,EL,2019-05-01,15.0,,
ESTAT:MIGR_ASYAPPCTZM(1.0),31/07/26 11:00:00,M,PER,MA,T,TOTAL,TOTAL,ES,2019-05-01,260.0,,
ESTAT:MIGR_ASYAPPCTZM(1.0),31/07/26 11:00:00,M,PER,MA,T,TOTAL,TOTAL,IT,2019-05-01,140.0,,
ESTAT:MIGR_ASYAPPCTZM(1.0),31/07/26 11:00:00,M,PER,TOTAL,T,TOTAL,TOTAL,EL,2019-05-01,4915.0,,
ESTAT:MIGR_ASYAPPCTZM(1.0),31/07/26 11:00:00,M,PER,TOTAL,T,TOTAL,TOTAL,ES,2019-05-01,10645.0,,
ESTAT:MIGR_ASYAPPCTZM(1.0),31/07/26 11:00:00,M,PER,TOTAL,T,TOTAL,TOTAL,IT,2019-05-01,3825.0,,
ESTAT:MIGR_ASYAPPCTZM(1.0),31/07/26 11:00:00,M,PER,MA,T,TOTAL,TOTAL,EL,2019-06-01,15.0,,
ESTAT:MIGR_ASYAPPCTZM(1.0),31/07/26 11:00:00,M,PER,MA,T,TOTAL,TOTAL,ES,2019-06-01,210.0,,
ESTAT:MIGR_ASYAPPCTZM(1.0),31/07/26 11:00:00,M,PER,MA,T,TOTAL,TOTAL,IT,2019-06-01,160.0,,
ESTAT:MIGR_ASYAPPCTZM(1.0),31/07/26 11:00:00,M,PER,TOTAL,T,TOTAL,TOTAL,EL,2019-06-01,4370.0,,
ESTAT:MIGR_ASYAPPCTZM(1.0),31/07/26 11:00:00,M,PER,TOTAL,T,TOTAL,TOTAL,ES,2019-06-01,8920.0,,
ESTAT:MIGR_ASYAPPCTZM(1.0),31/07/26 11:00:00,M,PER,TOTAL,T,TOTAL,TOTAL,IT,2019-06-01,3360.0,,
ESTAT:MIGR_ASYAPPCTZM(1.0),31/07/26 11:00:00,M,PER,MA,T,TOTAL,TOTAL,EL,2019-07-01,25.0,,
ESTAT:MIGR_ASYAPPCTZM(1.0),31/07/26 11:00:00,M,PER,MA,T,TOTAL,TOTAL,ES,2019-07-01,290.0,,
ESTAT:MIGR_ASYAPPCTZM(1.0),31/07/26 11:00:00,M,PER,MA,T,TOTAL,TOTAL,IT,2019-07-01,135.0,,
ESTAT:MIGR_ASYAPPCTZM(1.0),31/07/26 11:00:00,M,PER,TOTAL,T,TOTAL,TOTAL,EL,2019-07-01,5750.0,,
ESTAT:MIGR_ASYAPPCTZM(1.0),31/07/26 11:00:00,M,PER,TOTAL,T,TOTAL,TOTAL,ES,2019-07-01,10000.0,,
ESTAT:MIGR_ASYAPPCTZM(1.0),31/07/26 11:00:00,M,PER,TOTAL,T,TOTAL,TOTAL,IT,2019-07-01,3950.0,,
ESTAT:MIGR_ASYAPPCTZM(1.0),31/07/26 11:00:00,M,PER,MA,T,TOTAL,TOTAL,EL,2019-08-01,40.0,,
ESTAT:MIGR_ASYAPPCTZM(1.0),31/07/26 11:00:00,M,PER,MA,T,TOTAL,TOTAL,ES,2019-08-01,115.0,,
ESTAT:MIGR_ASYAPPCTZM(1.0),31/07/26 11:00:00,M,PER,MA,T,TOTAL,TOTAL,IT,2019-08-01,120.0,,
ESTAT:MIGR_ASYAPPCTZM(1.0),31/07/26 11:00:00,M,PER,TOTAL,T,TOTAL,TOTAL,EL,2019-08-01,5450.0,,
ESTAT:MIGR_ASYAPPCTZM(1.0),31/07/26 11:00:00,M,PER,TOTAL,T,TOTAL,TOTAL,ES,2019-08-01,7980.0,,
ESTAT:MIGR_ASYAPPCTZM(1.0),31/07/26 11:00:00,M,PER,TOTAL,T,TOTAL,TOTAL,IT,2019-08-01,2875.0,,
ESTAT:MIGR_ASYAPPCTZM(1.0),31/07/26 11:00:00,M,PER,MA,T,TOTAL,TOTAL,EL,2019-09-01,20.0,,
ESTAT:MIGR_ASYAPPCTZM(1.0),31/07/26 11:00:00,M,PER,MA,T,TOTAL,TOTAL,ES,2019-09-01,185.0,,
ESTAT:MIGR_ASYAPPCTZM(1.0),31/07/26 11:00:00,M,PER,MA,T,TOTAL,TOTAL,IT,2019-09-01,145.0,,
ESTAT:MIGR_ASYAPPCTZM(1.0),31/07/26 11:00:00,M,PER,TOTAL,T,TOTAL,TOTAL,EL,2019-09-01,6910.0,,
ESTAT:MIGR_ASYAPPCTZM(1.0),31/07/26 11:00:00,M,PER,TOTAL,T,TOTAL,TOTAL,ES,2019-09-01,8405.0,,
ESTAT:MIGR_ASYAPPCTZM(1.0),31/07/26 11:00:00,M,PER,TOTAL,T,TOTAL,TOTAL,IT,2019-09-01,3650.0,,
ESTAT:MIGR_ASYAPPCTZM(1.0),31/07/26 11:00:00,M,PER,MA,T,TOTAL,TOTAL,EL,2019-10-01,40.0,,
ESTAT:MIGR_ASYAPPCTZM(1.0),31/07/26 11:00:00,M,PER,MA,T,TOTAL,TOTAL,ES,2019-10-01,235.0,,
ESTAT:MIGR_ASYAPPCTZM(1.0),31/07/26 11:00:00,M,PER,MA,T,TOTAL,TOTAL,IT,2019-10-01,140.0,,
ESTAT:MIGR_ASYAPPCTZM(1.0),31/07/26 11:00:00,M,PER,TOTAL,T,TOTAL,TOTAL,EL,2019-10-01,9765.0,,
ESTAT:MIGR_ASYAPPCTZM(1.0),31/07/26 11:00:00,M,PER,TOTAL,T,TOTAL,TOTAL,ES,2019-10-01,11350.0,,
ESTAT:MIGR_ASYAPPCTZM(1.0),31/07/26 11:00:00,M,PER,TOTAL,T,TOTAL,TOTAL,IT,2019-10-01,4780.0,,
ESTAT:MIGR_ASYAPPCTZM(1.0),31/07/26 11:00:00,M,PER,MA,T,TOTAL,TOTAL,EL,2019-11-01,30.0,,
ESTAT:MIGR_ASYAPPCTZM(1.0),31/07/26 11:00:00,M,PER,MA,T,TOTAL,TOTAL,ES,2019-11-01,205.0,,
ESTAT:MIGR_ASYAPPCTZM(1.0),31/07/26 11:00:00,M,PER,MA,T,TOTAL,TOTAL,IT,2019-11-01,150.0,,
ESTAT:MIGR_ASYAPPCTZM(1.0),31/07/26 11:00:00,M,PER,TOTAL,T,TOTAL,TOTAL,EL,2019-11-01,10530.0,,
ESTAT:MIGR_ASYAPPCTZM(1.0),31/07/26 11:00:00,M,PER,TOTAL,T,TOTAL,TOTAL,ES,2019-11-01,14090.0,,
ESTAT:MIGR_ASYAPPCTZM(1.0),31/07/26 11:00:00,M,PER,TOTAL,T,TOTAL,TOTAL,IT,2019-11-01,4230.0,,
ESTAT:MIGR_ASYAPPCTZM(1.0),31/07/26 11:00:00,M,PER,MA,T,TOTAL,TOTAL,EL,2019-12-01,30.0,,
ESTAT:MIGR_ASYAPPCTZM(1.0),31/07/26 11:00:00,M,PER,MA,T,TOTAL,TOTAL,ES,2019-12-01,145.0,,
ESTAT:MIGR_ASYAPPCTZM(1.0),31/07/26 11:00:00,M,PER,MA,T,TOTAL,TOTAL,IT,2019-12-01,95.0,,
ESTAT:MIGR_ASYAPPCTZM(1.0),31/07/26 11:00:00,M,PER,TOTAL,T,TOTAL,TOTAL,EL,2019-12-01,8435.0,,
ESTAT:MIGR_ASYAPPCTZM(1.0),31/07/26 11:00:00,M,PER,TOTAL,T,TOTAL,TOTAL,ES,2019-12-01,10695.0,,
ESTAT:MIGR_ASYAPPCTZM(1.0),31/07/26 11:00:00,M,PER,TOTAL,T,TOTAL,TOTAL,IT,2019-12-01,3195.0,,
ESTAT:MIGR_ASYAPPCTZM(1.0),31/07/26 11:00:00,M,PER,MA,T,TOTAL,TOTAL,EL,2020-01-01,40.0,,
ESTAT:MIGR_ASYAPPCTZM(1.0),31/07/26 11:00:00,M,PER,MA,T,TOTAL,TOTAL,ES,2020-01-01,225.0,,
ESTAT:MIGR_ASYAPPCTZM(1.0),31/07/26 11:00:00,M,PER,MA,T,TOTAL,TOTAL,IT,2020-01-01,80.0,,
ESTAT:MIGR_ASYAPPCTZM(1.0),31/07/26 11:00:00,M,PER,TOTAL,T,TOTAL,TOTAL,EL,2020-01-01,9460.0,,
ESTAT:MIGR_ASYAPPCTZM(1.0),31/07/26 11:00:00,M,PER,TOTAL,T,TOTAL,TOTAL,ES,2020-01-01,14635.0,,
ESTAT:MIGR_ASYAPPCTZM(1.0),31/07/26 11:00:00,M,PER,TOTAL,T,TOTAL,TOTAL,IT,2020-01-01,3790.0,,
ESTAT:MIGR_ASYAPPCTZM(1.0),31/07/26 11:00:00,M,PER,MA,T,TOTAL,TOTAL,EL,2020-02-01,25.0,,
ESTAT:MIGR_ASYAPPCTZM(1.0),31/07/26 11:00:00,M,PER,MA,T,TOTAL,TOTAL,ES,2020-02-01,215.0,,
ESTAT:MIGR_ASYAPPCTZM(1.0),31/07/26 11:00:00,M,PER,MA,T,TOTAL,TOTAL,IT,2020-02-01,80.0,,
ESTAT:MIGR_ASYAPPCTZM(1.0),31/07/26 11:00:00,M,PER,TOTAL,T,TOTAL,TOTAL,EL,2020-02-01,8795.0,,
ESTAT:MIGR_ASYAPPCTZM(1.0),31/07/26 11:00:00,M,PER,TOTAL,T,TOTAL,TOTAL,ES,2020-02-01,14475.0,,
ESTAT:MIGR_ASYAPPCTZM(1.0),31/07/26 11:00:00,M,PER,TOTAL,T,TOTAL,TOTAL,IT,2020-02-01,3990.0,,
ESTAT:MIGR_ASYAPPCTZM(1.0),31/07/26 11:00:00,M,PER,MA,T,TOTAL,TOTAL,EL,2020-03-01,10.0,,
ESTAT:MIGR_ASYAPPCTZM(1.0),31/07/26 11:00:00,M,PER,MA,T,TOTAL,TOTAL,ES,2020-03-01,90.0,,
ESTAT:MIGR_ASYAPPCTZM(1.0),31/07/26 11:00:00,M,PER,MA,T,TOTAL,TOTAL,IT,2020-03-01,20.0,,
ESTAT:MIGR_ASYAPPCTZM(1.0),31/07/26 11:00:00,M,PER,TOTAL,T,TOTAL,TOTAL,EL,2020-03-01,2410.0,,
ESTAT:MIGR_ASYAPPCTZM(1.0),31/07/26 11:00:00,M,PER,TOTAL,T,TOTAL,TOTAL,ES,2020-03-01,8110.0,,
ESTAT:MIGR_ASYAPPCTZM(1.0),31/07/26 11:00:00,M,PER,TOTAL,T,TOTAL,TOTAL,IT,2020-03-01,1115.0,,
ESTAT:MIGR_ASYAPPCTZM(1.0),31/07/26 11:00:00,M,PER,MA,T,TOTAL,TOTAL,EL,2020-04-01,0.0,,
ESTAT:MIGR_ASYAPPCTZM(1.0),31/07/26 11:00:00,M,PER,MA,T,TOTAL,TOTAL,ES,2020-04-01,0.0,,
ESTAT:MIGR_ASYAPPCTZM(1.0),31/07/26 11:00:00,M,PER,MA,T,TOTAL,TOTAL,IT,2020-04-01,0.0,,
ESTAT:MIGR_ASYAPPCTZM(1.0),31/07/26 11:00:00,M,PER,TOTAL,T,TOTAL,TOTAL,EL,2020-04-01,0.0,,
ESTAT:MIGR_ASYAPPCTZM(1.0),31/07/26 11:00:00,M,PER,TOTAL,T,TOTAL,TOTAL,ES,2020-04-01,60.0,,
ESTAT:MIGR_ASYAPPCTZM(1.0),31/07/26 11:00:00,M,PER,TOTAL,T,TOTAL,TOTAL,IT,2020-04-01,150.0,,
ESTAT:MIGR_ASYAPPCTZM(1.0),31/07/26 11:00:00,M,PER,MA,T,TOTAL,TOTAL,EL,2020-05-01,10.0,,
ESTAT:MIGR_ASYAPPCTZM(1.0),31/07/26 11:00:00,M,PER,MA,T,TOTAL,TOTAL,ES,2020-05-01,0.0,,
ESTAT:MIGR_ASYAPPCTZM(1.0),31/07/26 11:00:00,M,PER,MA,T,TOTAL,TOTAL,IT,2020-05-01,50.0,,
ESTAT:MIGR_ASYAPPCTZM(1.0),31/07/26 11:00:00,M,PER,TOTAL,T,TOTAL,TOTAL,EL,2020-05-01,670.0,,
ESTAT:MIGR_ASYAPPCTZM(1.0),31/07/26 11:00:00,M,PER,TOTAL,T,TOTAL,TOTAL,ES,2020-05-01,55.0,,
ESTAT:MIGR_ASYAPPCTZM(1.0),31/07/26 11:00:00,M,PER,TOTAL,T,TOTAL,TOTAL,IT,2020-05-01,1095.0,,
ESTAT:MIGR_ASYAPPCTZM(1.0),31/07/26 11:00:00,M,PER,MA,T,TOTAL,TOTAL,EL,2020-06-01,25.0,,
ESTAT:MIGR_ASYAPPCTZM(1.0),31/07/26 11:00:00,M,PER,MA,T,TOTAL,TOTAL,ES,2020-06-01,70.0,,
ESTAT:MIGR_ASYAPPCTZM(1.0),31/07/26 11:00:00,M,PER,MA,T,TOTAL,TOTAL,IT,2020-06-01,25.0,,
ESTAT:MIGR_ASYAPPCTZM(1.0),31/07/26 11:00:00,M,PER,TOTAL,T,TOTAL,TOTAL,EL,2020-06-01,3610.0,,
ESTAT:MIGR_ASYAPPCTZM(1.0),31/07/26 11:00:00,M,PER,TOTAL,T,TOTAL,TOTAL,ES,2020-06-01,7225.0,,
ESTAT:MIGR_ASYAPPCTZM(1.0),31/07/26 11:00:00,M,PER,TOTAL,T,TOTAL,TOTAL,IT,2020-06-01,1960.0,,
ESTAT:MIGR_ASYAPPCTZM(1.0),31/07/26 11:00:00,M,PER,MA,T,TOTAL,TOTAL,EL,2020-07-01,20.0,,
ESTAT:MIGR_ASYAPPCTZM(1.0),31/07/26 11:00:00,M,PER,MA,T,TOTAL,TOTAL,ES,2020-07-01,75.0,,
ESTAT:MIGR_ASYAPPCTZM(1.0),31/07/26 11:00:00,M,PER,MA,T,TOTAL,TOTAL,IT,2020-07-01,30.0,,
ESTAT:MIGR_ASYAPPCTZM(1.0),31/07/26 11:00:00,M,PER,TOTAL,T,TOTAL,TOTAL,EL,2020-07-01,5180.0,,
ESTAT:MIGR_ASYAPPCTZM(1.0),31/07/26 11:00:00,M,PER,TOTAL,T,TOTAL,TOTAL,ES,2020-07-01,9135.0,,
ESTAT:MIGR_ASYAPPCTZM(1.0),31/07/26 11:00:00,M,PER,TOTAL,T,TOTAL,TOTAL,IT,2020-07-01,2270.0,,
ESTAT:MIGR_ASYAPPCTZM(1.0),31/07/26 11:00:00,M,PER,MA,T,TOTAL,TOTAL,EL,2020-08-01,20.0,,
ESTAT:MIGR_ASYAPPCTZM(1.0),31/07/26 11:00:00,M,PER,MA,T,TOTAL,TOTAL,ES,2020-08-01,120.0,,
ESTAT:MIGR_ASYAPPCTZM(1.0),31/07/26 11:00:00,M,PER,MA,T,TOTAL,TOTAL,IT,2020-08-01,10.0,,
ESTAT:MIGR_ASYAPPCTZM(1.0),31/07/26 11:00:00,M,PER,TOTAL,T,TOTAL,TOTAL,EL,2020-08-01,2645.0,,
ESTAT:MIGR_ASYAPPCTZM(1.0),31/07/26 11:00:00,M,PER,TOTAL,T,TOTAL,TOTAL,ES,2020-08-01,10585.0,,
ESTAT:MIGR_ASYAPPCTZM(1.0),31/07/26 11:00:00,M,PER,TOTAL,T,TOTAL,TOTAL,IT,2020-08-01,1175.0,,
ESTAT:MIGR_ASYAPPCTZM(1.0),31/07/26 11:00:00,M,PER,MA,T,TOTAL,TOTAL,EL,2020-09-01,25.0,,
ESTAT:MIGR_ASYAPPCTZM(1.0),31/07/26 11:00:00,M,PER,MA,T,TOTAL,TOTAL,ES,2020-09-01,40.0,,
ESTAT:MIGR_ASYAPPCTZM(1.0),31/07/26 11:00:00,M,PER,MA,T,TOTAL,TOTAL,IT,2020-09-01,20.0,,
ESTAT:MIGR_ASYAPPCTZM(1.0),31/07/26 11:00:00,M,PER,TOTAL,T,TOTAL,TOTAL,EL,2020-09-01,2685.0,,
ESTAT:MIGR_ASYAPPCTZM(1.0),31/07/26 11:00:00,M,PER,TOTAL,T,TOTAL,TOTAL,ES,2020-09-01,7810.0,,
ESTAT:MIGR_ASYAPPCTZM(1.0),31/07/26 11:00:00,M,PER,TOTAL,T,TOTAL,TOTAL,IT,2020-09-01,1295.0,,
ESTAT:MIGR_ASYAPPCTZM(1.0),31/07/26 11:00:00,M,PER,MA,T,TOTAL,TOTAL,EL,2020-10-01,10.0,,
ESTAT:MIGR_ASYAPPCTZM(1.0),31/07/26 11:00:00,M,PER,MA,T,TOTAL,TOTAL,ES,2020-10-01,85.0,,
ESTAT:MIGR_ASYAPPCTZM(1.0),31/07/26 11:00:00,M,PER,MA,T,TOTAL,TOTAL,IT,2020-10-01,60.0,,
ESTAT:MIGR_ASYAPPCTZM(1.0),31/07/26 11:00:00,M,PER,TOTAL,T,TOTAL,TOTAL,EL,2020-10-01,1800.0,,
ESTAT:MIGR_ASYAPPCTZM(1.0),31/07/26 11:00:00,M,PER,TOTAL,T,TOTAL,TOTAL,ES,2020-10-01,6550.0,,
ESTAT:MIGR_ASYAPPCTZM(1.0),31/07/26 11:00:00,M,PER,TOTAL,T,TOTAL,TOTAL,IT,2020-10-01,3655.0,,
ESTAT:MIGR_ASYAPPCTZM(1.0),31/07/26 11:00:00,M,PER,MA,T,TOTAL,TOTAL,EL,2020-11-01,10.0,,
ESTAT:MIGR_ASYAPPCTZM(1.0),31/07/26 11:00:00,M,PER,MA,T,TOTAL,TOTAL,ES,2020-11-01,65.0,,
ESTAT:MIGR_ASYAPPCTZM(1.0),31/07/26 11:00:00,M,PER,MA,T,TOTAL,TOTAL,IT,2020-11-01,50.0,,
ESTAT:MIGR_ASYAPPCTZM(1.0),31/07/26 11:00:00,M,PER,TOTAL,T,TOTAL,TOTAL,EL,2020-11-01,1530.0,,
ESTAT:MIGR_ASYAPPCTZM(1.0),31/07/26 11:00:00,M,PER,TOTAL,T,TOTAL,TOTAL,ES,2020-11-01,5875.0,,
ESTAT:MIGR_ASYAPPCTZM(1.0),31/07/26 11:00:00,M,PER,TOTAL,T,TOTAL,TOTAL,IT,2020-11-01,3255.0,,
ESTAT:MIGR_ASYAPPCTZM(1.0),31/07/26 11:00:00,M,PER,MA,T,TOTAL,TOTAL,EL,2020-12-01,10.0,,
ESTAT:MIGR_ASYAPPCTZM(1.0),31/07/26 11:00:00,M,PER,MA,T,TOTAL,TOTAL,ES,2020-12-01,110.0,,
ESTAT:MIGR_ASYAPPCTZM(1.0),31/07/26 11:00:00,M,PER,MA,T,TOTAL,TOTAL,IT,2020-12-01,65.0,,
ESTAT:MIGR_ASYAPPCTZM(1.0),31/07/26 11:00:00,M,PER,TOTAL,T,TOTAL,TOTAL,EL,2020-12-01,1775.0,,
ESTAT:MIGR_ASYAPPCTZM(1.0),31/07/26 11:00:00,M,PER,TOTAL,T,TOTAL,TOTAL,ES,2020-12-01,4025.0,,
ESTAT:MIGR_ASYAPPCTZM(1.0),31/07/26 11:00:00,M,PER,TOTAL,T,TOTAL,TOTAL,IT,2020-12-01,3200.0,,
ESTAT:MIGR_ASYAPPCTZM(1.0),31/07/26 11:00:00,M,PER,MA,T,TOTAL,TOTAL,EL,2021-01-01,15.0,,
ESTAT:MIGR_ASYAPPCTZM(1.0),31/07/26 11:00:00,M,PER,MA,T,TOTAL,TOTAL,ES,2021-01-01,145.0,,
ESTAT:MIGR_ASYAPPCTZM(1.0),31/07/26 11:00:00,M,PER,MA,T,TOTAL,TOTAL,IT,2021-01-01,90.0,,
ESTAT:MIGR_ASYAPPCTZM(1.0),31/07/26 11:00:00,M,PER,TOTAL,T,TOTAL,TOTAL,EL,2021-01-01,2055.0,,
ESTAT:MIGR_ASYAPPCTZM(1.0),31/07/26 11:00:00,M,PER,TOTAL,T,TOTAL,TOTAL,ES,2021-01-01,4100.0,,
ESTAT:MIGR_ASYAPPCTZM(1.0),31/07/26 11:00:00,M,PER,TOTAL,T,TOTAL,TOTAL,IT,2021-01-01,2950.0,,
ESTAT:MIGR_ASYAPPCTZM(1.0),31/07/26 11:00:00,M,PER,MA,T,TOTAL,TOTAL,EL,2021-02-01,10.0,,
ESTAT:MIGR_ASYAPPCTZM(1.0),31/07/26 11:00:00,M,PER,MA,T,TOTAL,TOTAL,ES,2021-02-01,210.0,,
ESTAT:MIGR_ASYAPPCTZM(1.0),31/07/26 11:00:00,M,PER,MA,T,TOTAL,TOTAL,IT,2021-02-01,125.0,,
ESTAT:MIGR_ASYAPPCTZM(1.0),31/07/26 11:00:00,M,PER,TOTAL,T,TOTAL,TOTAL,EL,2021-02-01,2015.0,,
ESTAT:MIGR_ASYAPPCTZM(1.0),31/07/26 11:00:00,M,PER,TOTAL,T,TOTAL,TOTAL,ES,2021-02-01,4625.0,,
ESTAT:MIGR_ASYAPPCTZM(1.0),31/07/26 11:00:00,M,PER,TOTAL,T,TOTAL,TOTAL,IT,2021-02-01,2955.0,,
ESTAT:MIGR_ASYAPPCTZM(1.0),31/07/26 11:00:00,M,PER,MA,T,TOTAL,TOTAL,EL,2021-03-01,5.0,,
ESTAT:MIGR_ASYAPPCTZM(1.0),31/07/26 11:00:00,M,PER,MA,T,TOTAL,TOTAL,ES,2021-03-01,390.0,,
ESTAT:MIGR_ASYAPPCTZM(1.0),31/07/26 11:00:00,M,PER,MA,T,TOTAL,TOTAL,IT,2021-03-01,140.0,,
ESTAT:MIGR_ASYAPPCTZM(1.0),31/07/26 11:00:00,M,PER,TOTAL,T,TOTAL,TOTAL,EL,2021-03-01,1680.0,,
ESTAT:MIGR_ASYAPPCTZM(1.0),31/07/26 11:00:00,M,PER,TOTAL,T,TOTAL,TOTAL,ES,2021-03-01,4505.0,,
ESTAT:MIGR_ASYAPPCTZM(1.0),31/07/26 11:00:00,M,PER,TOTAL,T,TOTAL,TOTAL,IT,2021-03-01,3400.0,,
ESTAT:MIGR_ASYAPPCTZM(1.0),31/07/26 11:00:00,M,PER,MA,T,TOTAL,TOTAL,EL,2021-04-01,15.0,,
ESTAT:MIGR_ASYAPPCTZM(1.0),31/07/26 11:00:00,M,PER,MA,T,TOTAL,TOTAL,ES,2021-04-01,355.0,,
ESTAT:MIGR_ASYAPPCTZM(1.0),31/07/26 11:00:00,M,PER,MA,T,TOTAL,TOTAL,IT,2021-04-01,125.0,,
ESTAT:MIGR_ASYAPPCTZM(1.0),31/07/26 11:00:00,M,PER,TOTAL,T,TOTAL,TOTAL,EL,2021-04-01,2360.0,,
ESTAT:MIGR_ASYAPPCTZM(1.0),31/07/26 11:00:00,M,PER,TOTAL,T,TOTAL,TOTAL,ES,2021-04-01,4155.0,,
ESTAT:MIGR_ASYAPPCTZM(1.0),31/07/26 11:00:00,M,PER,TOTAL,T,TOTAL,TOTAL,IT,2021-04-01,3125.0,,
ESTAT:MIGR_ASYAPPCTZM(1.0),31/07/26 11:00:00,M,PER,MA,T,TOTAL,TOTAL,EL,2021-05-01,5.0,,
ESTAT:MIGR_ASYAPPCTZM(1.0),31/07/26 11:00:00,M,PER,MA,T,TOTAL,TOTAL,ES,2021-05-01,350.0,,
ESTAT:MIGR_ASYAPPCTZM(1.0),31/07/26 11:00:00,M,PER,MA,T,TOTAL,TOTAL,IT,2021-05-01,155.0,,
ESTAT:MIGR_ASYAPPCTZM(1.0),31/07/26 11:00:00,M,PER,TOTAL,T,TOTAL,TOTAL,EL,2021-05-01,2460.0,,
ESTAT:MIGR_ASYAPPCTZM(1.0),31/07/26 11:00:00,M,PER,TOTAL,T,TOTAL,TOTAL,ES,2021-05-01,4495.0,,
ESTAT:MIGR_ASYAPPCTZM(1.0),31/07/26 11:00:00,M,PER,TOTAL,T,TOTAL,TOTAL,IT,2021-05-01,3555.0,,
ESTAT:MIGR_ASYAPPCTZM(1.0),31/07/26 11:00:00,M,PER,MA,T,TOTAL,TOTAL,EL,2021-06-01,15.0,,
ESTAT:MIGR_ASYAPPCTZM(1.0),31/07/26 11:00:00,M,PER,MA,T,TOTAL,TOTAL,ES,2021-06-01,1065.0,,
ESTAT:MIGR_ASYAPPCTZM(1.0),31/07/26 11:00:00,M,PER,MA,T,TOTAL,TOTAL,IT,2021-06-01,145.0,,
ESTAT:MIGR_ASYAPPCTZM(1.0),31/07/26 11:00:00,M,PER,TOTAL,T,TOTAL,TOTAL,EL,2021-06-01,2295.0,,
ESTAT:MIGR_ASYAPPCTZM(1.0),31/07/26 11:00:00,M,PER,TOTAL,T,TOTAL,TOTAL,ES,2021-06-01,5065.0,,
ESTAT:MIGR_ASYAPPCTZM(1.0),31/07/26 11:00:00,M,PER,TOTAL,T,TOTAL,TOTAL,IT,2021-06-01,3800.0,,
ESTAT:MIGR_ASYAPPCTZM(1.0),31/07/26 11:00:00,M,PER,MA,T,TOTAL,TOTAL,EL,2021-07-01,10.0,,
ESTAT:MIGR_ASYAPPCTZM(1.0),31/07/26 11:00:00,M,PER,MA,T,TOTAL,TOTAL,ES,2021-07-01,905.0,,
ESTAT:MIGR_ASYAPPCTZM(1.0),31/07/26 11:00:00,M,PER,MA,T,TOTAL,TOTAL,IT,2021-07-01,135.0,,
ESTAT:MIGR_ASYAPPCTZM(1.0),31/07/26 11:00:00,M,PER,TOTAL,T,TOTAL,TOTAL,EL,2021-07-01,2195.0,,
ESTAT:MIGR_ASYAPPCTZM(1.0),31/07/26 11:00:00,M,PER,TOTAL,T,TOTAL,TOTAL,ES,2021-07-01,4600.0,,
ESTAT:MIGR_ASYAPPCTZM(1.0),31/07/26 11:00:00,M,PER,TOTAL,T,TOTAL,TOTAL,IT,2021-07-01,3985.0,,
ESTAT:MIGR_ASYAPPCTZM(1.0),31/07/26 11:00:00,M,PER,MA,T,TOTAL,TOTAL,EL,2021-08-01,15.0,,
ESTAT:MIGR_ASYAPPCTZM(1.0),31/07/26 11:00:00,M,PER,MA,T,TOTAL,TOTAL,ES,2021-08-01,805.0,,
ESTAT:MIGR_ASYAPPCTZM(1.0),31/07/26 11:00:00,M,PER,MA,T,TOTAL,TOTAL,IT,2021-08-01,155.0,,
ESTAT:MIGR_ASYAPPCTZM(1.0),31/07/26 11:00:00,M,PER,TOTAL,T,TOTAL,TOTAL,EL,2021-08-01,2145.0,,
ESTAT:MIGR_ASYAPPCTZM(1.0),31/07/26 11:00:00,M,PER,TOTAL,T,TOTAL,TOTAL,ES,2021-08-01,4475.0,,
ESTAT:MIGR_ASYAPPCTZM(1.0),31/07/26 11:00:00,M,PER,TOTAL,T,TOTAL,TOTAL,IT,2021-08-01,4455.0,,
ESTAT:MIGR_ASYAPPCTZM(1.0),31/07/26 11:00:00,M,PER,MA,T,TOTAL,TOTAL,EL,2021-09-01,5.0,,
ESTAT:MIGR_ASYAPPCTZM(1.0),31/07/26 11:00:00,M,PER,MA,T,TOTAL,TOTAL,ES,2021-09-01,775.0,,
ESTAT:MIGR_ASYAPPCTZM(1.0),31/07/26 11:00:00,M,PER,MA,T,TOTAL,TOTAL,IT,2021-09-01,125.0,,
ESTAT:MIGR_ASYAPPCTZM(1.0),31/07/26 11:00:00,M,PER,TOTAL,T,TOTAL,TOTAL,EL,2021-09-01,3105.0,,
ESTAT:MIGR_ASYAPPCTZM(1.0),31/07/26 11:00:00,M,PER,TOTAL,T,TOTAL,TOTAL,ES,2021-09-01,6480.0,,
ESTAT:MIGR_ASYAPPCTZM(1.0),31/07/26 11:00:00,M,PER,TOTAL,T,TOTAL,TOTAL,IT,2021-09-01,7255.0,,
ESTAT:MIGR_ASYAPPCTZM(1.0),31/07/26 11:00:00,M,PER,MA,T,TOTAL,TOTAL,EL,2021-10-01,25.0,,
ESTAT:MIGR_ASYAPPCTZM(1.0),31/07/26 11:00:00,M,PER,MA,T,TOTAL,TOTAL,ES,2021-10-01,750.0,,
ESTAT:MIGR_ASYAPPCTZM(1.0),31/07/26 11:00:00,M,PER,MA,T,TOTAL,TOTAL,IT,2021-10-01,120.0,,
ESTAT:MIGR_ASYAPPCTZM(1.0),31/07/26 11:00:00,M,PER,TOTAL,T,TOTAL,TOTAL,EL,2021-10-01,2445.0,,
ESTAT:MIGR_ASYAPPCTZM(1.0),31/07/26 11:00:00,M,PER,TOTAL,T,TOTAL,TOTAL,ES,2021-10-01,7245.0,,
ESTAT:MIGR_ASYAPPCTZM(1.0),31/07/26 11:00:00,M,PER,TOTAL,T,TOTAL,TOTAL,IT,2021-10-01,6625.0,,
ESTAT:MIGR_ASYAPPCTZM(1.0),31/07/26 11:00:00,M,PER,MA,T,TOTAL,TOTAL,EL,2021-11-01,15.0,,
ESTAT:MIGR_ASYAPPCTZM(1.0),31/07/26 11:00:00,M,PER,MA,T,TOTAL,TOTAL,ES,2021-11-01,380.0,,
ESTAT:MIGR_ASYAPPCTZM(1.0),31/07/26 11:00:00,M,PER,MA,T,TOTAL,TOTAL,IT,2021-11-01,160.0,,
ESTAT:MIGR_ASYAPPCTZM(1.0),31/07/26 11:00:00,M,PER,TOTAL,T,TOTAL,TOTAL,EL,2021-11-01,3320.0,,
ESTAT:MIGR_ASYAPPCTZM(1.0),31/07/26 11:00:00,M,PER,TOTAL,T,TOTAL,TOTAL,ES,2021-11-01,8755.0,,
ESTAT:MIGR_ASYAPPCTZM(1.0),31/07/26 11:00:00,M,PER,TOTAL,T,TOTAL,TOTAL,IT,2021-11-01,6300.0,,
ESTAT:MIGR_ASYAPPCTZM(1.0),31/07/26 11:00:00,M,PER,MA,T,TOTAL,TOTAL,EL,2021-12-01,10.0,,
ESTAT:MIGR_ASYAPPCTZM(1.0),31/07/26 11:00:00,M,PER,MA,T,TOTAL,TOTAL,ES,2021-12-01,410.0,,
ESTAT:MIGR_ASYAPPCTZM(1.0),31/07/26 11:00:00,M,PER,MA,T,TOTAL,TOTAL,IT,2021-12-01,160.0,,
ESTAT:MIGR_ASYAPPCTZM(1.0),31/07/26 11:00:00,M,PER,TOTAL,T,TOTAL,TOTAL,EL,2021-12-01,2280.0,,
ESTAT:MIGR_ASYAPPCTZM(1.0),31/07/26 11:00:00,M,PER,TOTAL,T,TOTAL,TOTAL,ES,2021-12-01,6825.0,,
ESTAT:MIGR_ASYAPPCTZM(1.0),31/07/26 11:00:00,M,PER,TOTAL,T,TOTAL,TOTAL,IT,2021-12-01,5205.0,,
ESTAT:MIGR_ASYAPPCTZM(1.0),31/07/26 11:00:00,M,PER,MA,T,TOTAL,TOTAL,EL,2022-01-01,5.0,,
ESTAT:MIGR_ASYAPPCTZM(1.0),31/07/26 11:00:00,M,PER,MA,T,TOTAL,TOTAL,ES,2022-01-01,340.0,,
ESTAT:MIGR_ASYAPPCTZM(1.0),31/07/26 11:00:00,M,PER,MA,T,TOTAL,TOTAL,IT,2022-01-01,135.0,,
ESTAT:MIGR_ASYAPPCTZM(1.0),31/07/26 11:00:00,M,PER,TOTAL,T,TOTAL,TOTAL,EL,2022-01-01,1980.0,,
ESTAT:MIGR_ASYAPPCTZM(1.0),31/07/26 11:00:00,M,PER,TOTAL,T,TOTAL,TOTAL,ES,2022-01-01,7855.0,,
ESTAT:MIGR_ASYAPPCTZM(1.0),31/07/26 11:00:00,M,PER,TOTAL,T,TOTAL,TOTAL,IT,2022-01-01,5185.0,,
ESTAT:MIGR_ASYAPPCTZM(1.0),31/07/26 11:00:00,M,PER,MA,T,TOTAL,TOTAL,EL,2022-02-01,5.0,,
ESTAT:MIGR_ASYAPPCTZM(1.0),31/07/26 11:00:00,M,PER,MA,T,TOTAL,TOTAL,ES,2022-02-01,405.0,,
ESTAT:MIGR_ASYAPPCTZM(1.0),31/07/26 11:00:00,M,PER,MA,T,TOTAL,TOTAL,IT,2022-02-01,230.0,,
ESTAT:MIGR_ASYAPPCTZM(1.0),31/07/26 11:00:00,M,PER,TOTAL,T,TOTAL,TOTAL,EL,2022-02-01,1935.0,,
ESTAT:MIGR_ASYAPPCTZM(1.0),31/07/26 11:00:00,M,PER,TOTAL,T,TOTAL,TOTAL,ES,2022-02-01,9455.0,,
ESTAT:MIGR_ASYAPPCTZM(1.0),31/07/26 11:00:00,M,PER,TOTAL,T,TOTAL,TOTAL,IT,2022-02-01,5950.0,,
ESTAT:MIGR_ASYAPPCTZM(1.0),31/07/26 11:00:00,M,PER,MA,T,TOTAL,TOTAL,EL,2022-03-01,10.0,,
ESTAT:MIGR_ASYAPPCTZM(1.0),31/07/26 11:00:00,M,PER,MA,T,TOTAL,TOTAL,ES,2022-03-01,320.0,,
ESTAT:MIGR_ASYAPPCTZM(1.0),31/07/26 11:00:00,M,PER,MA,T,TOTAL,TOTAL,IT,2022-03-01,195.0,,
ESTAT:MIGR_ASYAPPCTZM(1.0),31/07/26 11:00:00,M,PER,TOTAL,T,TOTAL,TOTAL,EL,2022-03-01,2305.0,,
ESTAT:MIGR_ASYAPPCTZM(1.0),31/07/26 11:00:00,M,PER,TOTAL,T,TOTAL,TOTAL,ES,2022-03-01,11345.0,,
ESTAT:MIGR_ASYAPPCTZM(1.0),31/07/26 11:00:00,M,PER,TOTAL,T,TOTAL,TOTAL,IT,2022-03-01,6985.0,,
ESTAT:MIGR_ASYAPPCTZM(1.0),31/07/26 11:00:00,M,PER,MA,T,TOTAL,TOTAL,EL,2022-04-01,10.0,,
ESTAT:MIGR_ASYAPPCTZM(1.0),31/07/26 11:00:00,M,PER,MA,T,TOTAL,TOTAL,ES,2022-04-01,300.0,,
ESTAT:MIGR_ASYAPPCTZM(1.0),31/07/26 11:00:00,M,PER,MA,T,TOTAL,TOTAL,IT,2022-04-01,220.0,,
ESTAT:MIGR_ASYAPPCTZM(1.0),31/07/26 11:00:00,M,PER,TOTAL,T,TOTAL,TOTAL,EL,2022-04-01,2030.0,,
ESTAT:MIGR_ASYAPPCTZM(1.0),31/07/26 11:00:00,M,PER,TOTAL,T,TOTAL,TOTAL,ES,2022-04-01,7795.0,,
ESTAT:MIGR_ASYAPPCTZM(1.0),31/07/26 11:00:00,M,PER,TOTAL,T,TOTAL,TOTAL,IT,2022-04-01,5330.0,,
ESTAT:MIGR_ASYAPPCTZM(1.0),31/07/26 11:00:00,M,PER,MA,T,TOTAL,TOTAL,EL,2022-05-01,25.0,,
ESTAT:MIGR_ASYAPPCTZM(1.0),31/07/26 11:00:00,M,PER,MA,T,TOTAL,TOTAL,ES,2022-05-01,255.0,,
ESTAT:MIGR_ASYAPPCTZM(1.0),31/07/26 11:00:00,M,PER,MA,T,TOTAL,TOTAL,IT,2022-05-01,305.0,,
ESTAT:MIGR_ASYAPPCTZM(1.0),31/07/26 11:00:00,M,PER,TOTAL,T,TOTAL,TOTAL,EL,2022-05-01,2760.0,,
ESTAT:MIGR_ASYAPPCTZM(1.0),31/07/26 11:00:00,M,PER,TOTAL,T,TOTAL,TOTAL,ES,2022-05-01,10345.0,,
ESTAT:MIGR_ASYAPPCTZM(1.0),31/07/26 11:00:00,M,PER,TOTAL,T,TOTAL,TOTAL,IT,2022-05-01,7205.0,,
ESTAT:MIGR_ASYAPPCTZM(1.0),31/07/26 11:00:00,M,PER,MA,T,TOTAL,TOTAL,EL,2022-06-01,30.0,,
ESTAT:MIGR_ASYAPPCTZM(1.0),31/07/26 11:00:00,M,PER,MA,T,TOTAL,TOTAL,ES,2022-06-01,260.0,,
ESTAT:MIGR_ASYAPPCTZM(1.0),31/07/26 11:00:00,M,PER,MA,T,TOTAL,TOTAL,IT,2022-06-01,260.0,,
ESTAT:MIGR_ASYAPPCTZM(1.0),31/07/26 11:00:00,M,PER,TOTAL,T,TOTAL,TOTAL,EL,2022-06-01,3095.0,,
ESTAT:MIGR_ASYAPPCTZM(1.0),31/07/26 11:00:00,M,PER,TOTAL,T,TOTAL,TOTAL,ES,2022-06-01,10790.0,,
ESTAT:MIGR_ASYAPPCTZM(1.0),31/07/26 11:00:00,M,PER,TOTAL,T,TOTAL,TOTAL,IT,2022-06-01,6310.0,,
ESTAT:MIGR_ASYAPPCTZM(1.0),31/07/26 11:00:00,M,PER,MA,T,TOTAL,TOTAL,EL,2022-07-01,10.0,,
ESTAT:MIGR_ASYAPPCTZM(1.0),31/07/26 11:00:00,M,PER,MA,T,TOTAL,TOTAL,ES,2022-07-01,290.0,,
ESTAT:MIGR_ASYAPPCTZM(1.0),31/07/26 11:00:00,M,PER,MA,T,TOTAL,TOTAL,IT,2022-07-01,190.0,,
ESTAT:MIGR_ASYAPPCTZM(1.0),31/07/26 11:00:00,M,PER,TOTAL,T,TOTAL,TOTAL,EL,2022-07-01,2975.0,,
ESTAT:MIGR_ASYAPPCTZM(1.0),31/07/26 11:00:00,M,PER,TOTAL,T,TOTAL,TOTAL,ES,2022-07-01,8850.0,,
ESTAT:MIGR_ASYAPPCTZM(1.0),31/07/26 11:00:00,M,PER,TOTAL,T,TOTAL,TOTAL,IT,2022-07-01,5490.0,,
ESTAT:MIGR_ASYAPPCTZM(1.0),31/07/26 11:00:00,M,PER,MA,T,TOTAL,TOTAL,EL,2022-08-01,10.0,,
ESTAT:MIGR_ASYAPPCTZM(1.0),31/07/26 11:00:00,M,PER,MA,T,TOTAL,TOTAL,ES,2022-08-01,300.0,,
ESTAT:MIGR_ASYAPPCTZM(1.0),31/07/26 11:00:00,M,PER,MA,T,TOTAL,TOTAL,IT,2022-08-01,235.0,,
ESTAT:MIGR_ASYAPPCTZM(1.0),31/07/26 11:00:00,M,PER,TOTAL,T,TOTAL,TOTAL,EL,2022-08-01,2990.0,,
ESTAT:MIGR_ASYAPPCTZM(1.0),31/07/26 11:00:00,M,PER,TOTAL,T,TOTAL,TOTAL,ES,2022-08-01,8790.0,,
ESTAT:MIGR_ASYAPPCTZM(1.0),31/07/26 11:00:00,M,PER,TOTAL,T,TOTAL,TOTAL,IT,2022-08-01,6480.0,,
ESTAT:MIGR_ASYAPPCTZM(1.0),31/07/26 11:00:00,M,PER,MA,T,TOTAL,TOTAL,EL,2022-09-01,15.0,,
ESTAT:MIGR_ASYAPPCTZM(1.0),31/07/26 11:00:00,M,PER,MA,T,TOTAL,TOTAL,ES,2022-09-01,575.0,,
ESTAT:MIGR_ASYAPPCTZM(1.0),31/07/26 11:00:00,M,PER,MA,T,TOTAL,TOTAL,IT,2022-09-01,270.0,,
ESTAT:MIGR_ASYAPPCTZM(1.0),31/07/26 11:00:00,M,PER,TOTAL,T,TOTAL,TOTAL,EL,2022-09-01,3940.0,,
ESTAT:MIGR_ASYAPPCTZM(1.0),31/07/26 11:00:00,M,PER,TOTAL,T,TOTAL,TOTAL,ES,2022-09-01,11140.0,,
ESTAT:MIGR_ASYAPPCTZM(1.0),31/07/26 11:00:00,M,PER,TOTAL,T,TOTAL,TOTAL,IT,2022-09-01,8455.0,,
ESTAT:MIGR_ASYAPPCTZM(1.0),31/07/26 11:00:00,M,PER,MA,T,TOTAL,TOTAL,EL,2022-10-01,15.0,,
ESTAT:MIGR_ASYAPPCTZM(1.0),31/07/26 11:00:00,M,PER,MA,T,TOTAL,TOTAL,ES,2022-10-01,435.0,,
ESTAT:MIGR_ASYAPPCTZM(1.0),31/07/26 11:00:00,M,PER,MA,T,TOTAL,TOTAL,IT,2022-10-01,285.0,,
ESTAT:MIGR_ASYAPPCTZM(1.0),31/07/26 11:00:00,M,PER,TOTAL,T,TOTAL,TOTAL,EL,2022-10-01,4065.0,,
ESTAT:MIGR_ASYAPPCTZM(1.0),31/07/26 11:00:00,M,PER,TOTAL,T,TOTAL,TOTAL,ES,2022-10-01,11070.0,,
ESTAT:MIGR_ASYAPPCTZM(1.0),31/07/26 11:00:00,M,PER,TOTAL,T,TOTAL,TOTAL,IT,2022-10-01,8865.0,,
ESTAT:MIGR_ASYAPPCTZM(1.0),31/07/26 11:00:00,M,PER,MA,T,TOTAL,TOTAL,EL,2022-11-01,30.0,,
ESTAT:MIGR_ASYAPPCTZM(1.0),31/07/26 11:00:00,M,PER,MA,T,TOTAL,TOTAL,ES,2022-11-01,245.0,,
ESTAT:MIGR_ASYAPPCTZM(1.0),31/07/26 11:00:00,M,PER,MA,T,TOTAL,TOTAL,IT,2022-11-01,290.0,,
ESTAT:MIGR_ASYAPPCTZM(1.0),31/07/26 11:00:00,M,PER,TOTAL,T,TOTAL,TOTAL,EL,2022-11-01,4475.0,,
ESTAT:MIGR_ASYAPPCTZM(1.0),31/07/26 11:00:00,M,PER,TOTAL,T,TOTAL,TOTAL,ES,2022-11-01,11875.0,,
ESTAT:MIGR_ASYAPPCTZM(1.0),31/07/26 11:00:00,M,PER,TOTAL,T,TOTAL,TOTAL,IT,2022-11-01,9590.0,,
ESTAT:MIGR_ASYAPPCTZM(1.0),31/07/26 11:00:00,M,PER,MA,T,TOTAL,TOTAL,EL,2022-12-01,60.0,,
ESTAT:MIGR_ASYAPPCTZM(1.0),31/07/26 11:00:00,M,PER,MA,T,TOTAL,TOTAL,ES,2022-12-01,155.0,,
ESTAT:MIGR_ASYAPPCTZM(1.0),31/07/26 11:00:00,M,PER,MA,T,TOTAL,TOTAL,IT,2022-12-01,240.0,,
ESTAT:MIGR_ASYAPPCTZM(1.0),31/07/26 11:00:00,M,PER,TOTAL,T,TOTAL,TOTAL,EL,2022-12-01,4830.0,,
ESTAT:MIGR_ASYAPPCTZM(1.0),31/07/26 11:00:00,M,PER,TOTAL,T,TOTAL,TOTAL,ES,2022-12-01,8655.0,,
ESTAT:MIGR_ASYAPPCTZM(1.0),31/07/26 11:00:00,M,PER,TOTAL,T,TOTAL,TOTAL,IT,2022-12-01,8440.0,,
ESTAT:MIGR_ASYAPPCTZM(1.0),31/07/26 11:00:00,M,PER,MA,T,TOTAL,TOTAL,EL,2023-01-01,25.0,,
ESTAT:MIGR_ASYAPPCTZM(1.0),31/07/26 11:00:00,M,PER,MA,T,TOTAL,TOTAL,ES,2023-01-01,200.0,,
ESTAT:MIGR_ASYAPPCTZM(1.0),31/07/26 11:00:00,M,PER,MA,T,TOTAL,TOTAL,IT,2023-01-01,255.0,,
ESTAT:MIGR_ASYAPPCTZM(1.0),31/07/26 11:00:00,M,PER,TOTAL,T,TOTAL,TOTAL,EL,2023-01-01,4190.0,,
ESTAT:MIGR_ASYAPPCTZM(1.0),31/07/26 11:00:00,M,PER,TOTAL,T,TOTAL,TOTAL,ES,2023-01-01,11020.0,,
ESTAT:MIGR_ASYAPPCTZM(1.0),31/07/26 11:00:00,M,PER,TOTAL,T,TOTAL,TOTAL,IT,2023-01-01,8865.0,,
ESTAT:MIGR_ASYAPPCTZM(1.0),31/07/26 11:00:00,M,PER,MA,T,TOTAL,TOTAL,EL,2023-02-01,15.0,,
ESTAT:MIGR_ASYAPPCTZM(1.0),31/07/26 11:00:00,M,PER,MA,T,TOTAL,TOTAL,ES,2023-02-01,205.0,,
ESTAT:MIGR_ASYAPPCTZM(1.0),31/07/26 11:00:00,M,PER,MA,T,TOTAL,TOTAL,IT,2023-02-01,340.0,,
ESTAT:MIGR_ASYAPPCTZM(1.0),31/07/26 11:00:00,M,PER,TOTAL,T,TOTAL,TOTAL,EL,2023-02-01,2910.0,,
ESTAT:MIGR_ASYAPPCTZM(1.0),31/07/26 11:00:00,M,PER,TOTAL,T,TOTAL,TOTAL,ES,2023-02-01,12990.0,,
ESTAT:MIGR_ASYAPPCTZM(1.0),31/07/26 11:00:00,M,PER,TOTAL,T,TOTAL,TOTAL,IT,2023-02-01,10300.0,,
ESTAT:MIGR_ASYAPPCTZM(1.0),31/07/26 11:00:00,M,PER,MA,T,TOTAL,TOTAL,EL,2023-03-01,15.0,,
ESTAT:MIGR_ASYAPPCTZM(1.0),31/07/26 11:00:00,M,PER,MA,T,TOTAL,TOTAL,ES,2023-03-01,270.0,,
ESTAT:MIGR_ASYAPPCTZM(1.0),31/07/26 11:00:00,M,PER,MA,T,TOTAL,TOTAL,IT,2023-03-01,455.0,,
ESTAT:MIGR_ASYAPPCTZM(1.0),31/07/26 11:00:00,M,PER,TOTAL,T,TOTAL,TOTAL,EL,2023-03-01,3010.0,,
ESTAT:MIGR_ASYAPPCTZM(1.0),31/07/26 11:00:00,M,PER,TOTAL,T,TOTAL,TOTAL,ES,2023-03-01,15780.0,,
ESTAT:MIGR_ASYAPPCTZM(1.0),31/07/26 11:00:00,M,PER,TOTAL,T,TOTAL,TOTAL,IT,2023-03-01,11925.0,,
ESTAT:MIGR_ASYAPPCTZM(1.0),31/07/26 11:00:00,M,PER,MA,T,TOTAL,TOTAL,EL,2023-04-01,10.0,,
ESTAT:MIGR_ASYAPPCTZM(1.0),31/07/26 11:00:00,M,PER,MA,T,TOTAL,TOTAL,ES,2023-04-01,155.0,,
ESTAT:MIGR_ASYAPPCTZM(1.0),31/07/26 11:00:00,M,PER,MA,T,TOTAL,TOTAL,IT,2023-04-01,295.0,,
ESTAT:MIGR_ASYAPPCTZM(1.0),31/07/26 11:00:00,M,PER,TOTAL,T,TOTAL,TOTAL,EL,2023-04-01,2770.0,,
ESTAT:MIGR_ASYAPPCTZM(1.0),31/07/26 11:00:00,M,PER,TOTAL,T,TOTAL,TOTAL,ES,2023-04-01,13120.0,,
ESTAT:MIGR_ASYAPPCTZM(1.0),31/07/26 11:00:00,M,PER,TOTAL,T,TOTAL,TOTAL,IT,2023-04-01,8550.0,,
ESTAT:MIGR_ASYAPPCTZM(1.0),31/07/26 11:00:00,M,PER,MA,T,TOTAL,TOTAL,EL,2023-05-01,5.0,,
ESTAT:MIGR_ASYAPPCTZM(1.0),31/07/26 11:00:00,M,PER,MA,T,TOTAL,TOTAL,ES,2023-05-01,245.0,,
ESTAT:MIGR_ASYAPPCTZM(1.0),31/07/26 11:00:00,M,PER,MA,T,TOTAL,TOTAL,IT,2023-05-01,415.0,,
ESTAT:MIGR_ASYAPPCTZM(1.0),31/07/26 11:00:00,M,PER,TOTAL,T,TOTAL,TOTAL,EL,2023-05-01,715.0,,
ESTAT:MIGR_ASYAPPCTZM(1.0),31/07/26 11:00:00,M,PER,TOTAL,T,TOTAL,TOTAL,ES,2023-05-01,17600.0,,
ESTAT:MIGR_ASYAPPCTZM(1.0),31/07/26 11:00:00,M,PER,TOTAL,T,TOTAL,TOTAL,IT,2023-05-01,11485.0,,
ESTAT:MIGR_ASYAPPCTZM(1.0),31/07/26 11:00:00,M,PER,MA,T,TOTAL,TOTAL,EL,2023-06-01,15.0,,
ESTAT:MIGR_ASYAPPCTZM(1.0),31/07/26 11:00:00,M,PER,MA,T,TOTAL,TOTAL,ES,2023-06-01,245.0,,
ESTAT:MIGR_ASYAPPCTZM(1.0),31/07/26 11:00:00,M,PER,MA,T,TOTAL,TOTAL,IT,2023-06-01,400.0,,
ESTAT:MIGR_ASYAPPCTZM(1.0),31/07/26 11:00:00,M,PER,TOTAL,T,TOTAL,TOTAL,EL,2023-06-01,3240.0,,
ESTAT:MIGR_ASYAPPCTZM(1.0),31/07/26 11:00:00,M,PER,TOTAL,T,TOTAL,TOTAL,ES,2023-06-01,16270.0,,
ESTAT:MIGR_ASYAPPCTZM(1.0),31/07/26 11:00:00,M,PER,TOTAL,T,TOTAL,TOTAL,IT,2023-06-01,11130.0,,
ESTAT:MIGR_ASYAPPCTZM(1.0),31/07/26 11:00:00,M,PER,MA,T,TOTAL,TOTAL,EL,2023-07-01,30.0,,
ESTAT:MIGR_ASYAPPCTZM(1.0),31/07/26 11:00:00,M,PER,MA,T,TOTAL,TOTAL,ES,2023-07-01,270.0,,
ESTAT:MIGR_ASYAPPCTZM(1.0),31/07/26 11:00:00,M,PER,MA,T,TOTAL,TOTAL,IT,2023-07-01,410.0,,
ESTAT:MIGR_ASYAPPCTZM(1.0),31/07/26 11:00:00,M,PER,TOTAL,T,TOTAL,TOTAL,EL,2023-07-01,4015.0,,
ESTAT:MIGR_ASYAPPCTZM(1.0),31/07/26 11:00:00,M,PER,TOTAL,T,TOTAL,TOTAL,ES,2023-07-01,12095.0,,
ESTAT:MIGR_ASYAPPCTZM(1.0),31/07/26 11:00:00,M,PER,TOTAL,T,TOTAL,TOTAL,IT,2023-07-01,10175.0,,
ESTAT:MIGR_ASYAPPCTZM(1.0),31/07/26 11:00:00,M,PER,MA,T,TOTAL,TOTAL,EL,2023-08-01,40.0,,
ESTAT:MIGR_ASYAPPCTZM(1.0),31/07/26 11:00:00,M,PER,MA,T,TOTAL,TOTAL,ES,2023-08-01,375.0,,
ESTAT:MIGR_ASYAPPCTZM(1.0),31/07/26 11:00:00,M,PER,MA,T,TOTAL,TOTAL,IT,2023-08-01,465.0,,
ESTAT:MIGR_ASYAPPCTZM(1.0),31/07/26 11:00:00,M,PER,TOTAL,T,TOTAL,TOTAL,EL,2023-08-01,6570.0,,
ESTAT:MIGR_ASYAPPCTZM(1.0),31/07/26 11:00:00,M,PER,TOTAL,T,TOTAL,TOTAL,ES,2023-08-01,12210.0,,
ESTAT:MIGR_ASYAPPCTZM(1.0),31/07/26 11:00:00,M,PER,TOTAL,T,TOTAL,TOTAL,IT,2023-08-01,10380.0,,
ESTAT:MIGR_ASYAPPCTZM(1.0),31/07/26 11:00:00,M,PER,MA,T,TOTAL,TOTAL,EL,2023-09-01,15.0,,
ESTAT:MIGR_ASYAPPCTZM(1.0),31/07/26 11:00:00,M,PER,MA,T,TOTAL,TOTAL,ES,2023-09-01,305.0,,
ESTAT:MIGR_ASYAPPCTZM(1.0),31/07/26 11:00:00,M,PER,MA,T,TOTAL,TOTAL,IT,2023-09-01,485.0,,
ESTAT:MIGR_ASYAPPCTZM(1.0),31/07/26 11:00:00,M,PER,TOTAL,T,TOTAL,TOTAL,EL,2023-09-01,8320.0,,
ESTAT:MIGR_ASYAPPCTZM(1.0),31/07/26 11:00:00,M,PER,TOTAL,T,TOTAL,TOTAL,ES,2023-09-01,13530.0,,
ESTAT:MIGR_ASYAPPCTZM(1.0),31/07/26 11:00:00,M,PER,TOTAL,T,TOTAL,TOTAL,IT,2023-09-01,12300.0,,
ESTAT:MIGR_ASYAPPCTZM(1.0),31/07/26 11:00:00,M,PER,MA,T,TOTAL,TOTAL,EL,2023-10-01,30.0,,
ESTAT:MIGR_ASYAPPCTZM(1.0),31/07/26 11:00:00,M,PER,MA,T,TOTAL,TOTAL,ES,2023-10-01,295.0,,
ESTAT:MIGR_ASYAPPCTZM(1.0),31/07/26 11:00:00,M,PER,MA,T,TOTAL,TOTAL,IT,2023-10-01,650.0,,
ESTAT:MIGR_ASYAPPCTZM(1.0),31/07/26 11:00:00,M,PER,TOTAL,T,TOTAL,TOTAL,EL,2023-10-01,10690.0,,
ESTAT:MIGR_ASYAPPCTZM(1.0),31/07/26 11:00:00,M,PER,TOTAL,T,TOTAL,TOTAL,ES,2023-10-01,12705.0,,
ESTAT:MIGR_ASYAPPCTZM(1.0),31/07/26 11:00:00,M,PER,TOTAL,T,TOTAL,TOTAL,IT,2023-10-01,15485.0,,
ESTAT:MIGR_ASYAPPCTZM(1.0),31/07/26 11:00:00,M,PER,MA,T,TOTAL,TOTAL,EL,2023-11-01,20.0,,
ESTAT:MIGR_ASYAPPCTZM(1.0),31/07/26 11:00:00,M,PER,MA,T,TOTAL,TOTAL,ES,2023-11-01,260.0,,
ESTAT:MIGR_ASYAPPCTZM(1.0),31/07/26 11:00:00,M,PER,MA,T,TOTAL,TOTAL,IT,2023-11-01,570.0,,
ESTAT:MIGR_ASYAPPCTZM(1.0),31/07/26 11:00:00,M,PER,TOTAL,T,TOTAL,TOTAL,EL,2023-11-01,11050.0,,
ESTAT:MIGR_ASYAPPCTZM(1.0),31/07/26 11:00:00,M,PER,TOTAL,T,TOTAL,TOTAL,ES,2023-11-01,14255.0,,
ESTAT:MIGR_ASYAPPCTZM(1.0),31/07/26 11:00:00,M,PER,TOTAL,T,TOTAL,TOTAL,IT,2023-11-01,14695.0,,
ESTAT:MIGR_ASYAPPCTZM(1.0),31/07/26 11:00:00,M,PER,MA,T,TOTAL,TOTAL,EL,2023-12-01,10.0,,
ESTAT:MIGR_ASYAPPCTZM(1.0),31/07/26 11:00:00,M,PER,MA,T,TOTAL,TOTAL,ES,2023-12-01,245.0,,
ESTAT:MIGR_ASYAPPCTZM(1.0),31/07/26 11:00:00,M,PER,MA,T,TOTAL,TOTAL,IT,2023-12-01,480.0,,
ESTAT:MIGR_ASYAPPCTZM(1.0),31/07/26 11:00:00,M,PER,TOTAL,T,TOTAL,TOTAL,EL,2023-12-01,6745.0,,
ESTAT:MIGR_ASYAPPCTZM(1.0),31/07/26 11:00:00,M,PER,TOTAL,T,TOTAL,TOTAL,ES,2023-12-01,10860.0,,
ESTAT:MIGR_ASYAPPCTZM(1.0),31/07/26 11:00:00,M,PER,TOTAL,T,TOTAL,TOTAL,IT,2023-12-01,10525.0,,
ESTAT:MIGR_ASYAPPCTZM(1.0),31/07/26 11:00:00,M,PER,MA,T,TOTAL,TOTAL,EL,2024-01-01,25.0,,
ESTAT:MIGR_ASYAPPCTZM(1.0),31/07/26 11:00:00,M,PER,MA,T,TOTAL,TOTAL,ES,2024-01-01,355.0,,
ESTAT:MIGR_ASYAPPCTZM(1.0),31/07/26 11:00:00,M,PER,MA,T,TOTAL,TOTAL,IT,2024-01-01,580.0,,
ESTAT:MIGR_ASYAPPCTZM(1.0),31/07/26 11:00:00,M,PER,TOTAL,T,TOTAL,TOTAL,EL,2024-01-01,6565.0,,
ESTAT:MIGR_ASYAPPCTZM(1.0),31/07/26 11:00:00,M,PER,TOTAL,T,TOTAL,TOTAL,ES,2024-01-01,14025.0,,
ESTAT:MIGR_ASYAPPCTZM(1.0),31/07/26 11:00:00,M,PER,TOTAL,T,TOTAL,TOTAL,IT,2024-01-01,13460.0,,
ESTAT:MIGR_ASYAPPCTZM(1.0),31/07/26 11:00:00,M,PER,MA,T,TOTAL,TOTAL,EL,2024-02-01,30.0,,
ESTAT:MIGR_ASYAPPCTZM(1.0),31/07/26 11:00:00,M,PER,MA,T,TOTAL,TOTAL,ES,2024-02-01,420.0,,
ESTAT:MIGR_ASYAPPCTZM(1.0),31/07/26 11:00:00,M,PER,MA,T,TOTAL,TOTAL,IT,2024-02-01,640.0,,
ESTAT:MIGR_ASYAPPCTZM(1.0),31/07/26 11:00:00,M,PER,TOTAL,T,TOTAL,TOTAL,EL,2024-02-01,6005.0,,
ESTAT:MIGR_ASYAPPCTZM(1.0),31/07/26 11:00:00,M,PER,TOTAL,T,TOTAL,TOTAL,ES,2024-02-01,13940.0,,
ESTAT:MIGR_ASYAPPCTZM(1.0),31/07/26 11:00:00,M,PER,TOTAL,T,TOTAL,TOTAL,IT,2024-02-01,13820.0,,
ESTAT:MIGR_ASYAPPCTZM(1.0),31/07/26 11:00:00,M,PER,MA,T,TOTAL,TOTAL,EL,2024-03-01,10.0,,
ESTAT:MIGR_ASYAPPCTZM(1.0),31/07/26 11:00:00,M,PER,MA,T,TOTAL,TOTAL,ES,2024-03-01,290.0,,
ESTAT:MIGR_ASYAPPCTZM(1.0),31/07/26 11:00:00,M,PER,MA,T,TOTAL,TOTAL,IT,2024-03-01,835.0,,
ESTAT:MIGR_ASYAPPCTZM(1.0),31/07/26 11:00:00,M,PER,TOTAL,T,TOTAL,TOTAL,EL,2024-03-01,4230.0,,
ESTAT:MIGR_ASYAPPCTZM(1.0),31/07/26 11:00:00,M,PER,TOTAL,T,TOTAL,TOTAL,ES,2024-03-01,13590.0,,
ESTAT:MIGR_ASYAPPCTZM(1.0),31/07/26 11:00:00,M,PER,TOTAL,T,TOTAL,TOTAL,IT,2024-03-01,15740.0,,
ESTAT:MIGR_ASYAPPCTZM(1.0),31/07/26 11:00:00,M,PER,MA,T,TOTAL,TOTAL,EL,2024-04-01,5.0,,
ESTAT:MIGR_ASYAPPCTZM(1.0),31/07/26 11:00:00,M,PER,MA,T,TOTAL,TOTAL,ES,2024-04-01,290.0,,
ESTAT:MIGR_ASYAPPCTZM(1.0),31/07/26 11:00:00,M,PER,MA,T,TOTAL,TOTAL,IT,2024-04-01,895.0,,
ESTAT:MIGR_ASYAPPCTZM(1.0),31/07/26 11:00:00,M,PER,TOTAL,T,TOTAL,TOTAL,EL,2024-04-01,4330.0,,
ESTAT:MIGR_ASYAPPCTZM(1.0),31/07/26 11:00:00,M,PER,TOTAL,T,TOTAL,TOTAL,ES,2024-04-01,15815.0,,
ESTAT:MIGR_ASYAPPCTZM(1.0),31/07/26 11:00:00,M,PER,TOTAL,T,TOTAL,TOTAL,IT,2024-04-01,14135.0,,
ESTAT:MIGR_ASYAPPCTZM(1.0),31/07/26 11:00:00,M,PER,MA,T,TOTAL,TOTAL,EL,2024-05-01,0.0,,
ESTAT:MIGR_ASYAPPCTZM(1.0),31/07/26 11:00:00,M,PER,MA,T,TOTAL,TOTAL,ES,2024-05-01,305.0,,
ESTAT:MIGR_ASYAPPCTZM(1.0),31/07/26 11:00:00,M,PER,MA,T,TOTAL,TOTAL,IT,2024-05-01,1035.0,,
ESTAT:MIGR_ASYAPPCTZM(1.0),31/07/26 11:00:00,M,PER,TOTAL,T,TOTAL,TOTAL,EL,2024-05-01,3535.0,,
ESTAT:MIGR_ASYAPPCTZM(1.0),31/07/26 11:00:00,M,PER,TOTAL,T,TOTAL,TOTAL,ES,2024-05-01,16545.0,,
ESTAT:MIGR_ASYAPPCTZM(1.0),31/07/26 11:00:00,M,PER,TOTAL,T,TOTAL,TOTAL,IT,2024-05-01,15525.0,,
ESTAT:MIGR_ASYAPPCTZM(1.0),31/07/26 11:00:00,M,PER,MA,T,TOTAL,TOTAL,EL,2024-06-01,10.0,,
ESTAT:MIGR_ASYAPPCTZM(1.0),31/07/26 11:00:00,M,PER,MA,T,TOTAL,TOTAL,ES,2024-06-01,245.0,,
ESTAT:MIGR_ASYAPPCTZM(1.0),31/07/26 11:00:00,M,PER,MA,T,TOTAL,TOTAL,IT,2024-06-01,870.0,,
ESTAT:MIGR_ASYAPPCTZM(1.0),31/07/26 11:00:00,M,PER,TOTAL,T,TOTAL,TOTAL,EL,2024-06-01,5125.0,,
ESTAT:MIGR_ASYAPPCTZM(1.0),31/07/26 11:00:00,M,PER,TOTAL,T,TOTAL,TOTAL,ES,2024-06-01,15160.0,,
ESTAT:MIGR_ASYAPPCTZM(1.0),31/07/26 11:00:00,M,PER,TOTAL,T,TOTAL,TOTAL,IT,2024-06-01,12325.0,,
ESTAT:MIGR_ASYAPPCTZM(1.0),31/07/26 11:00:00,M,PER,MA,T,TOTAL,TOTAL,EL,2024-07-01,20.0,,
ESTAT:MIGR_ASYAPPCTZM(1.0),31/07/26 11:00:00,M,PER,MA,T,TOTAL,TOTAL,ES,2024-07-01,270.0,,
ESTAT:MIGR_ASYAPPCTZM(1.0),31/07/26 11:00:00,M,PER,MA,T,TOTAL,TOTAL,IT,2024-07-01,990.0,,
ESTAT:MIGR_ASYAPPCTZM(1.0),31/07/26 11:00:00,M,PER,TOTAL,T,TOTAL,TOTAL,EL,2024-07-01,6370.0,,
ESTAT:MIGR_ASYAPPCTZM(1.0),31/07/26 11:00:00,M,PER,TOTAL,T,TOTAL,TOTAL,ES,2024-07-01,12115.0,,
ESTAT:MIGR_ASYAPPCTZM(1.0),31/07/26 11:00:00,M,PER,TOTAL,T,TOTAL,TOTAL,IT,2024-07-01,13935.0,,
ESTAT:MIGR_ASYAPPCTZM(1.0),31/07/26 11:00:00,M,PER,MA,T,TOTAL,TOTAL,EL,2024-08-01,10.0,,
ESTAT:MIGR_ASYAPPCTZM(1.0),31/07/26 11:00:00,M,PER,MA,T,TOTAL,TOTAL,ES,2024-08-01,350.0,,
ESTAT:MIGR_ASYAPPCTZM(1.0),31/07/26 11:00:00,M,PER,MA,T,TOTAL,TOTAL,IT,2024-08-01,755.0,,
ESTAT:MIGR_ASYAPPCTZM(1.0),31/07/26 11:00:00,M,PER,TOTAL,T,TOTAL,TOTAL,EL,2024-08-01,6780.0,,
ESTAT:MIGR_ASYAPPCTZM(1.0),31/07/26 11:00:00,M,PER,TOTAL,T,TOTAL,TOTAL,ES,2024-08-01,10800.0,,
ESTAT:MIGR_ASYAPPCTZM(1.0),31/07/26 11:00:00,M,PER,TOTAL,T,TOTAL,TOTAL,IT,2024-08-01,10105.0,,
ESTAT:MIGR_ASYAPPCTZM(1.0),31/07/26 11:00:00,M,PER,MA,T,TOTAL,TOTAL,EL,2024-09-01,10.0,,
ESTAT:MIGR_ASYAPPCTZM(1.0),31/07/26 11:00:00,M,PER,MA,T,TOTAL,TOTAL,ES,2024-09-01,575.0,,
ESTAT:MIGR_ASYAPPCTZM(1.0),31/07/26 11:00:00,M,PER,MA,T,TOTAL,TOTAL,IT,2024-09-01,1015.0,,
ESTAT:MIGR_ASYAPPCTZM(1.0),31/07/26 11:00:00,M,PER,TOTAL,T,TOTAL,TOTAL,EL,2024-09-01,7090.0,,
ESTAT:MIGR_ASYAPPCTZM(1.0),31/07/26 11:00:00,M,PER,TOTAL,T,TOTAL,TOTAL,ES,2024-09-01,12945.0,,
ESTAT:MIGR_ASYAPPCTZM(1.0),31/07/26 11:00:00,M,PER,TOTAL,T,TOTAL,TOTAL,IT,2024-09-01,12565.0,,
ESTAT:MIGR_ASYAPPCTZM(1.0),31/07/26 11:00:00,M,PER,MA,T,TOTAL,TOTAL,EL,2024-10-01,15.0,,
ESTAT:MIGR_ASYAPPCTZM(1.0),31/07/26 11:00:00,M,PER,MA,T,TOTAL,TOTAL,ES,2024-10-01,595.0,,
ESTAT:MIGR_ASYAPPCTZM(1.0),31/07/26 11:00:00,M,PER,MA,T,TOTAL,TOTAL,IT,2024-10-01,1045.0,,
ESTAT:MIGR_ASYAPPCTZM(1.0),31/07/26 11:00:00,M,PER,TOTAL,T,TOTAL,TOTAL,EL,2024-10-01,8470.0,,
ESTAT:MIGR_ASYAPPCTZM(1.0),31/07/26 11:00:00,M,PER,TOTAL,T,TOTAL,TOTAL,ES,2024-10-01,16175.0,,
ESTAT:MIGR_ASYAPPCTZM(1.0),31/07/26 11:00:00,M,PER,TOTAL,T,TOTAL,TOTAL,IT,2024-10-01,14490.0,,
ESTAT:MIGR_ASYAPPCTZM(1.0),31/07/26 11:00:00,M,PER,MA,T,TOTAL,TOTAL,EL,2024-11-01,10.0,,
ESTAT:MIGR_ASYAPPCTZM(1.0),31/07/26 11:00:00,M,PER,MA,T,TOTAL,TOTAL,ES,2024-11-01,360.0,,
ESTAT:MIGR_ASYAPPCTZM(1.0),31/07/26 11:00:00,M,PER,MA,T,TOTAL,TOTAL,IT,2024-11-01,940.0,,
ESTAT:MIGR_ASYAPPCTZM(1.0),31/07/26 11:00:00,M,PER,TOTAL,T,TOTAL,TOTAL,EL,2024-11-01,8500.0,,
ESTAT:MIGR_ASYAPPCTZM(1.0),31/07/26 11:00:00,M,PER,TOTAL,T,TOTAL,TOTAL,ES,2024-11-01,15230.0,,
ESTAT:MIGR_ASYAPPCTZM(1.0),31/07/26 11:00:00,M,PER,TOTAL,T,TOTAL,TOTAL,IT,2024-11-01,12260.0,,
ESTAT:MIGR_ASYAPPCTZM(1.0),31/07/26 11:00:00,M,PER,MA,T,TOTAL,TOTAL,EL,2024-12-01,15.0,,
ESTAT:MIGR_ASYAPPCTZM(1.0),31/07/26 11:00:00,M,PER,MA,T,TOTAL,TOTAL,ES,2024-12-01,195.0,,
ESTAT:MIGR_ASYAPPCTZM(1.0),31/07/26 11:00:00,M,PER,MA,T,TOTAL,TOTAL,IT,2024-12-01,755.0,,
ESTAT:MIGR_ASYAPPCTZM(1.0),31/07/26 11:00:00,M,PER,TOTAL,T,TOTAL,TOTAL,EL,2024-12-01,6685.0,,
ESTAT:MIGR_ASYAPPCTZM(1.0),31/07/26 11:00:00,M,PER,TOTAL,T,TOTAL,TOTAL,ES,2024-12-01,11410.0,,
ESTAT:MIGR_ASYAPPCTZM(1.0),31/07/26 11:00:00,M,PER,TOTAL,T,TOTAL,TOTAL,IT,2024-12-01,10250.0,,
ESTAT:MIGR_ASYAPPCTZM(1.0),31/07/26 11:00:00,M,PER,MA,T,TOTAL,TOTAL,EL,2025-01-01,20.0,,
ESTAT:MIGR_ASYAPPCTZM(1.0),31/07/26 11:00:00,M,PER,MA,T,TOTAL,TOTAL,ES,2025-01-01,150.0,,
ESTAT:MIGR_ASYAPPCTZM(1.0),31/07/26 11:00:00,M,PER,MA,T,TOTAL,TOTAL,IT,2025-01-01,855.0,,
ESTAT:MIGR_ASYAPPCTZM(1.0),31/07/26 11:00:00,M,PER,TOTAL,T,TOTAL,TOTAL,EL,2025-01-01,5970.0,,
ESTAT:MIGR_ASYAPPCTZM(1.0),31/07/26 11:00:00,M,PER,TOTAL,T,TOTAL,TOTAL,ES,2025-01-01,13385.0,,
ESTAT:MIGR_ASYAPPCTZM(1.0),31/07/26 11:00:00,M,PER,TOTAL,T,TOTAL,TOTAL,IT,2025-01-01,11530.0,,
ESTAT:MIGR_ASYAPPCTZM(1.0),31/07/26 11:00:00,M,PER,MA,T,TOTAL,TOTAL,EL,2025-02-01,20.0,,
ESTAT:MIGR_ASYAPPCTZM(1.0),31/07/26 11:00:00,M,PER,MA,T,TOTAL,TOTAL,ES,2025-02-01,145.0,,
ESTAT:MIGR_ASYAPPCTZM(1.0),31/07/26 11:00:00,M,PER,MA,T,TOTAL,TOTAL,IT,2025-02-01,855.0,,
ESTAT:MIGR_ASYAPPCTZM(1.0),31/07/26 11:00:00,M,PER,TOTAL,T,TOTAL,TOTAL,EL,2025-02-01,4790.0,,
ESTAT:MIGR_ASYAPPCTZM(1.0),31/07/26 11:00:00,M,PER,TOTAL,T,TOTAL,TOTAL,ES,2025-02-01,12975.0,,
ESTAT:MIGR_ASYAPPCTZM(1.0),31/07/26 11:00:00,M,PER,TOTAL,T,TOTAL,TOTAL,IT,2025-02-01,11385.0,,
ESTAT:MIGR_ASYAPPCTZM(1.0),31/07/26 11:00:00,M,PER,MA,T,TOTAL,TOTAL,EL,2025-03-01,15.0,,
ESTAT:MIGR_ASYAPPCTZM(1.0),31/07/26 11:00:00,M,PER,MA,T,TOTAL,TOTAL,ES,2025-03-01,185.0,p,
ESTAT:MIGR_ASYAPPCTZM(1.0),31/07/26 11:00:00,M,PER,MA,T,TOTAL,TOTAL,IT,2025-03-01,1035.0,,
ESTAT:MIGR_ASYAPPCTZM(1.0),31/07/26 11:00:00,M,PER,TOTAL,T,TOTAL,TOTAL,EL,2025-03-01,4630.0,,
ESTAT:MIGR_ASYAPPCTZM(1.0),31/07/26 11:00:00,M,PER,TOTAL,T,TOTAL,TOTAL,ES,2025-03-01,13570.0,p,
ESTAT:MIGR_ASYAPPCTZM(1.0),31/07/26 11:00:00,M,PER,TOTAL,T,TOTAL,TOTAL,IT,2025-03-01,13160.0,,
ESTAT:MIGR_ASYAPPCTZM(1.0),31/07/26 11:00:00,M,PER,MA,T,TOTAL,TOTAL,EL,2025-04-01,10.0,,
ESTAT:MIGR_ASYAPPCTZM(1.0),31/07/26 11:00:00,M,PER,MA,T,TOTAL,TOTAL,ES,2025-04-01,195.0,p,
ESTAT:MIGR_ASYAPPCTZM(1.0),31/07/26 11:00:00,M,PER,MA,T,TOTAL,TOTAL,IT,2025-04-01,445.0,,
ESTAT:MIGR_ASYAPPCTZM(1.0),31/07/26 11:00:00,M,PER,TOTAL,T,TOTAL,TOTAL,EL,2025-04-01,3690.0,,
ESTAT:MIGR_ASYAPPCTZM(1.0),31/07/26 11:00:00,M,PER,TOTAL,T,TOTAL,TOTAL,ES,2025-04-01,11500.0,p,
ESTAT:MIGR_ASYAPPCTZM(1.0),31/07/26 11:00:00,M,PER,TOTAL,T,TOTAL,TOTAL,IT,2025-04-01,5230.0,,
ESTAT:MIGR_ASYAPPCTZM(1.0),31/07/26 11:00:00,M,PER,MA,T,TOTAL,TOTAL,EL,2025-05-01,10.0,,
ESTAT:MIGR_ASYAPPCTZM(1.0),31/07/26 11:00:00,M,PER,MA,T,TOTAL,TOTAL,ES,2025-05-01,205.0,p,
ESTAT:MIGR_ASYAPPCTZM(1.0),31/07/26 11:00:00,M,PER,MA,T,TOTAL,TOTAL,IT,2025-05-01,1060.0,,
ESTAT:MIGR_ASYAPPCTZM(1.0),31/07/26 11:00:00,M,PER,TOTAL,T,TOTAL,TOTAL,EL,2025-05-01,3720.0,,
ESTAT:MIGR_ASYAPPCTZM(1.0),31/07/26 11:00:00,M,PER,TOTAL,T,TOTAL,TOTAL,ES,2025-05-01,12980.0,p,
ESTAT:MIGR_ASYAPPCTZM(1.0),31/07/26 11:00:00,M,PER,TOTAL,T,TOTAL,TOTAL,IT,2025-05-01,12775.0,,
ESTAT:MIGR_ASYAPPCTZM(1.0),31/07/26 11:00:00,M,PER,MA,T,TOTAL,TOTAL,EL,2025-06-01,10.0,,
ESTAT:MIGR_ASYAPPCTZM(1.0),31/07/26 11:00:00,M,PER,MA,T,TOTAL,TOTAL,ES,2025-06-01,200.0,p,
ESTAT:MIGR_ASYAPPCTZM(1.0),31/07/26 11:00:00,M,PER,MA,T,TOTAL,TOTAL,IT,2025-06-01,785.0,,
ESTAT:MIGR_ASYAPPCTZM(1.0),31/07/26 11:00:00,M,PER,TOTAL,T,TOTAL,TOTAL,EL,2025-06-01,4620.0,,
ESTAT:MIGR_ASYAPPCTZM(1.0),31/07/26 11:00:00,M,PER,TOTAL,T,TOTAL,TOTAL,ES,2025-06-01,12865.0,p,
ESTAT:MIGR_ASYAPPCTZM(1.0),31/07/26 11:00:00,M,PER,TOTAL,T,TOTAL,TOTAL,IT,2025-06-01,10575.0,,
ESTAT:MIGR_ASYAPPCTZM(1.0),31/07/26 11:00:00,M,PER,MA,T,TOTAL,TOTAL,EL,2025-07-01,10.0,,
ESTAT:MIGR_ASYAPPCTZM(1.0),31/07/26 11:00:00,M,PER,MA,T,TOTAL,TOTAL,ES,2025-07-01,245.0,p,
ESTAT:MIGR_ASYAPPCTZM(1.0),31/07/26 11:00:00,M,PER,MA,T,TOTAL,TOTAL,IT,2025-07-01,755.0,,
ESTAT:MIGR_ASYAPPCTZM(1.0),31/07/26 11:00:00,M,PER,TOTAL,T,TOTAL,TOTAL,EL,2025-07-01,5360.0,,
ESTAT:MIGR_ASYAPPCTZM(1.0),31/07/26 11:00:00,M,PER,TOTAL,T,TOTAL,TOTAL,ES,2025-07-01,10910.0,p,
ESTAT:MIGR_ASYAPPCTZM(1.0),31/07/26 11:00:00,M,PER,TOTAL,T,TOTAL,TOTAL,IT,2025-07-01,12035.0,,
ESTAT:MIGR_ASYAPPCTZM(1.0),31/07/26 11:00:00,M,PER,MA,T,TOTAL,TOTAL,EL,2025-08-01,20.0,,
ESTAT:MIGR_ASYAPPCTZM(1.0),31/07/26 11:00:00,M,PER,MA,T,TOTAL,TOTAL,ES,2025-08-01,270.0,p,
ESTAT:MIGR_ASYAPPCTZM(1.0),31/07/26 11:00:00,M,PER,MA,T,TOTAL,TOTAL,IT,2025-08-01,660.0,,
ESTAT:MIGR_ASYAPPCTZM(1.0),31/07/26 11:00:00,M,PER,TOTAL,T,TOTAL,TOTAL,EL,2025-08-01,7230.0,,
ESTAT:MIGR_ASYAPPCTZM(1.0),31/07/26 11:00:00,M,PER,TOTAL,T,TOTAL,TOTAL,ES,2025-08-01,8650.0,p,
ESTAT:MIGR_ASYAPPCTZM(1.0),31/07/26 11:00:00,M,PER,TOTAL,T,TOTAL,TOTAL,IT,2025-08-01,9665.0,,
ESTAT:MIGR_ASYAPPCTZM(1.0),31/07/26 11:00:00,M,PER,MA,T,TOTAL,TOTAL,EL,2025-09-01,15.0,,
ESTAT:MIGR_ASYAPPCTZM(1.0),31/07/26 11:00:00,M,PER,MA,T,TOTAL,TOTAL,ES,2025-09-01,470.0,p,
ESTAT:MIGR_ASYAPPCTZM(1.0),31/07/26 11:00:00,M,PER,MA,T,TOTAL,TOTAL,IT,2025-09-01,665.0,,
ESTAT:MIGR_ASYAPPCTZM(1.0),31/07/26 11:00:00,M,PER,TOTAL,T,TOTAL,TOTAL,EL,2025-09-01,5880.0,,
ESTAT:MIGR_ASYAPPCTZM(1.0),31/07/26 11:00:00,M,PER,TOTAL,T,TOTAL,TOTAL,ES,2025-09-01,11640.0,p,
ESTAT:MIGR_ASYAPPCTZM(1.0),31/07/26 11:00:00,M,PER,TOTAL,T,TOTAL,TOTAL,IT,2025-09-01,11940.0,,
ESTAT:MIGR_ASYAPPCTZM(1.0),31/07/26 11:00:00,M,PER,MA,T,TOTAL,TOTAL,EL,2025-10-01,10.0,,
ESTAT:MIGR_ASYAPPCTZM(1.0),31/07/26 11:00:00,M,PER,MA,T,TOTAL,TOTAL,ES,2025-10-01,510.0,p,
ESTAT:MIGR_ASYAPPCTZM(1.0),31/07/26 11:00:00,M,PER,MA,T,TOTAL,TOTAL,IT,2025-10-01,885.0,,
ESTAT:MIGR_ASYAPPCTZM(1.0),31/07/26 11:00:00,M,PER,TOTAL,T,TOTAL,TOTAL,EL,2025-10-01,6500.0,,
ESTAT:MIGR_ASYAPPCTZM(1.0),31/07/26 11:00:00,M,PER,TOTAL,T,TOTAL,TOTAL,ES,2025-10-01,13230.0,p,
ESTAT:MIGR_ASYAPPCTZM(1.0),31/07/26 11:00:00,M,PER,TOTAL,T,TOTAL,TOTAL,IT,2025-10-01,13455.0,,
ESTAT:MIGR_ASYAPPCTZM(1.0),31/07/26 11:00:00,M,PER,MA,T,TOTAL,TOTAL,EL,2025-11-01,10.0,,
ESTAT:MIGR_ASYAPPCTZM(1.0),31/07/26 11:00:00,M,PER,MA,T,TOTAL,TOTAL,ES,2025-11-01,205.0,p,
ESTAT:MIGR_ASYAPPCTZM(1.0),31/07/26 11:00:00,M,PER,MA,T,TOTAL,TOTAL,IT,2025-11-01,860.0,,
ESTAT:MIGR_ASYAPPCTZM(1.0),31/07/26 11:00:00,M,PER,TOTAL,T,TOTAL,TOTAL,EL,2025-11-01,4760.0,,
ESTAT:MIGR_ASYAPPCTZM(1.0),31/07/26 11:00:00,M,PER,TOTAL,T,TOTAL,TOTAL,ES,2025-11-01,12135.0,p,
ESTAT:MIGR_ASYAPPCTZM(1.0),31/07/26 11:00:00,M,PER,TOTAL,T,TOTAL,TOTAL,IT,2025-11-01,13045.0,,
ESTAT:MIGR_ASYAPPCTZM(1.0),31/07/26 11:00:00,M,PER,MA,T,TOTAL,TOTAL,EL,2025-12-01,5.0,,
ESTAT:MIGR_ASYAPPCTZM(1.0),31/07/26 11:00:00,M,PER,MA,T,TOTAL,TOTAL,ES,2025-12-01,215.0,p,
ESTAT:MIGR_ASYAPPCTZM(1.0),31/07/26 11:00:00,M,PER,MA,T,TOTAL,TOTAL,IT,2025-12-01,630.0,,
ESTAT:MIGR_ASYAPPCTZM(1.0),31/07/26 11:00:00,M,PER,TOTAL,T,TOTAL,TOTAL,EL,2025-12-01,4470.0,,
ESTAT:MIGR_ASYAPPCTZM(1.0),31/07/26 11:00:00,M,PER,TOTAL,T,TOTAL,TOTAL,ES,2025-12-01,9880.0,p,
ESTAT:MIGR_ASYAPPCTZM(1.0),31/07/26 11:00:00,M,PER,TOTAL,T,TOTAL,TOTAL,IT,2025-12-01,10700.0,,
ESTAT:MIGR_ASYAPPCTZM(1.0),31/07/26 11:00:00,M,PER,MA,T,TOTAL,TOTAL,EL,2026-01-01,5.0,,
ESTAT:MIGR_ASYAPPCTZM(1.0),31/07/26 11:00:00,M,PER,MA,T,TOTAL,TOTAL,ES,2026-01-01,190.0,p,
ESTAT:MIGR_ASYAPPCTZM(1.0),31/07/26 11:00:00,M,PER,MA,T,TOTAL,TOTAL,IT,2026-01-01,720.0,,
ESTAT:MIGR_ASYAPPCTZM(1.0),31/07/26 11:00:00,M,PER,TOTAL,T,TOTAL,TOTAL,EL,2026-01-01,5210.0,,
ESTAT:MIGR_ASYAPPCTZM(1.0),31/07/26 11:00:00,M,PER,TOTAL,T,TOTAL,TOTAL,ES,2026-01-01,11140.0,p,
ESTAT:MIGR_ASYAPPCTZM(1.0),31/07/26 11:00:00,M,PER,TOTAL,T,TOTAL,TOTAL,IT,2026-01-01,11365.0,,
ESTAT:MIGR_ASYAPPCTZM(1.0),31/07/26 11:00:00,M,PER,MA,T,TOTAL,TOTAL,EL,2026-02-01,5.0,,
ESTAT:MIGR_ASYAPPCTZM(1.0),31/07/26 11:00:00,M,PER,MA,T,TOTAL,TOTAL,ES,2026-02-01,260.0,p,
ESTAT:MIGR_ASYAPPCTZM(1.0),31/07/26 11:00:00,M,PER,MA,T,TOTAL,TOTAL,IT,2026-02-01,630.0,,
ESTAT:MIGR_ASYAPPCTZM(1.0),31/07/26 11:00:00,M,PER,TOTAL,T,TOTAL,TOTAL,EL,2026-02-01,3945.0,,
ESTAT:MIGR_ASYAPPCTZM(1.0),31/07/26 11:00:00,M,PER,TOTAL,T,TOTAL,TOTAL,ES,2026-02-01,10760.0,p,
ESTAT:MIGR_ASYAPPCTZM(1.0),31/07/26 11:00:00,M,PER,TOTAL,T,TOTAL,TOTAL,IT,2026-02-01,11265.0,,
ESTAT:MIGR_ASYAPPCTZM(1.0),31/07/26 11:00:00,M,PER,MA,T,TOTAL,TOTAL,EL,2026-03-01,15.0,,
ESTAT:MIGR_ASYAPPCTZM(1.0),31/07/26 11:00:00,M,PER,MA,T,TOTAL,TOTAL,ES,2026-03-01,335.0,p,
ESTAT:MIGR_ASYAPPCTZM(1.0),31/07/26 11:00:00,M,PER,MA,T,TOTAL,TOTAL,IT,2026-03-01,670.0,,
ESTAT:MIGR_ASYAPPCTZM(1.0),31/07/26 11:00:00,M,PER,TOTAL,T,TOTAL,TOTAL,EL,2026-03-01,2855.0,,
ESTAT:MIGR_ASYAPPCTZM(1.0),31/07/26 11:00:00,M,PER,TOTAL,T,TOTAL,TOTAL,ES,2026-03-01,11260.0,p,
ESTAT:MIGR_ASYAPPCTZM(1.0),31/07/26 11:00:00,M,PER,TOTAL,T,TOTAL,TOTAL,IT,2026-03-01,11530.0,,
ESTAT:MIGR_ASYAPPCTZM(1.0),31/07/26 11:00:00,M,PER,MA,T,TOTAL,TOTAL,EL,2026-04-01,5.0,,
ESTAT:MIGR_ASYAPPCTZM(1.0),31/07/26 11:00:00,M,PER,MA,T,TOTAL,TOTAL,ES,2026-04-01,240.0,p,
ESTAT:MIGR_ASYAPPCTZM(1.0),31/07/26 11:00:00,M,PER,MA,T,TOTAL,TOTAL,IT,2026-04-01,580.0,,
ESTAT:MIGR_ASYAPPCTZM(1.0),31/07/26 11:00:00,M,PER,TOTAL,T,TOTAL,TOTAL,EL,2026-04-01,3140.0,,
ESTAT:MIGR_ASYAPPCTZM(1.0),31/07/26 11:00:00,M,PER,TOTAL,T,TOTAL,TOTAL,ES,2026-04-01,8715.0,p,
ESTAT:MIGR_ASYAPPCTZM(1.0),31/07/26 11:00:00,M,PER,TOTAL,T,TOTAL,TOTAL,IT,2026-04-01,10295.0,,
ESTAT:MIGR_ASYAPPCTZM(1.0),31/07/26 11:00:00,M,PER,MA,T,TOTAL,TOTAL,EL,2026-05-01,10.0,,
ESTAT:MIGR_ASYAPPCTZM(1.0),31/07/26 11:00:00,M,PER,MA,T,TOTAL,TOTAL,ES,2026-05-01,240.0,p,
ESTAT:MIGR_ASYAPPCTZM(1.0),31/07/26 11:00:00,M,PER,MA,T,TOTAL,TOTAL,IT,2026-05-01,640.0,,
ESTAT:MIGR_ASYAPPCTZM(1.0),31/07/26 11:00:00,M,PER,TOTAL,T,TOTAL,TOTAL,EL,2026-05-01,4085.0,,
ESTAT:MIGR_ASYAPPCTZM(1.0),31/07/26 11:00:00,M,PER,TOTAL,T,TOTAL,TOTAL,ES,2026-05-01,8275.0,p,
ESTAT:MIGR_ASYAPPCTZM(1.0),31/07/26 11:00:00,M,PER,TOTAL,T,TOTAL,TOTAL,IT,2026-05-01,11305.0,,
ESTAT:MIGR_ASYAPPCTZM(1.0),31/07/26 11:00:00,M,PER,MA,T,TOTAL,TOTAL,IT,2026-06-01,550.0,,
ESTAT:MIGR_ASYAPPCTZM(1.0),31/07/26 11:00:00,M,PER,TOTAL,T,TOTAL,TOTAL,IT,2026-06-01,10235.0,,
